filename,uid,projection,split
1_IM-0001-4001.dcm.png,1,Frontal,train
1_IM-0001-3001.dcm.png,1,Lateral,train
2_IM-0652-1001.dcm.png,2,Frontal,train
2_IM-0652-2001.dcm.png,2,Lateral,train
3_IM-1384-1001.dcm.png,3,Frontal,train
3_IM-1384-2001.dcm.png,3,Lateral,train
4_IM-2050-1001.dcm.png,4,Frontal,test
4_IM-2050-2001.dcm.png,4,Lateral,test
5_IM-2117-1003002.dcm.png,5,Frontal,train
5_IM-2117-1004003.dcm.png,5,Lateral,train
6_IM-2192-1001.dcm.png,6,Frontal,train
6_IM-2192-2001.dcm.png,6,Lateral,train
7_IM-2263-1001.dcm.png,7,Frontal,train
7_IM-2263-2001.dcm.png,7,Lateral,train
8_IM-2333-1001.dcm.png,8,Frontal,train
8_IM-2333-2001.dcm.png,8,Lateral,train
9_IM-2407-1001.dcm.png,9,Frontal,train
9_IM-2407-2001.dcm.png,9,Lateral,train
10_IM-0002-2001.dcm.png,10,Frontal,test
10_IM-0002-1001.dcm.png,10,Lateral,test
11_IM-0067-1001.dcm.png,11,Frontal,train
11_IM-0067-2001.dcm.png,11,Lateral,train
12_IM-0133-1001.dcm.png,12,Frontal,train
12_IM-0133-2001.dcm.png,12,Lateral,train
13_IM-0198-1001.dcm.png,13,Frontal,test
13_IM-0198-2001.dcm.png,13,Lateral,test
14_IM-0256-1001.dcm.png,14,Frontal,train
14_IM-0256-2001.dcm.png,14,Lateral,train
15_IM-0324-1001.dcm.png,15,Frontal,train
15_IM-0324-2001.dcm.png,15,Lateral,train
16_IM-0389-1001.dcm.png,16,Frontal,train
16_IM-0389-2001.dcm.png,16,Lateral,train
17_IM-0460-2001.dcm.png,17,Frontal,test
17_IM-0460-1001.dcm.png,17,Lateral,test
18_IM-0520-1001.dcm.png,18,Frontal,test
18_IM-0520-2001.dcm.png,18,Lateral,test
19_IM-0583-1001.dcm.png,19,Frontal,train
19_IM-0583-3003.dcm.png,19,Lateral,train
20_IM-0653-1001.dcm.png,20,Frontal,val
20_IM-0653-1002.dcm.png,20,Lateral,val
21_IM-0729-1001-0001.dcm.png,21,Frontal,train
21_IM-0729-1001-0002.dcm.png,21,Lateral,train
22_IM-0810-1001.dcm.png,22,Frontal,train
22_IM-0810-2001.dcm.png,22,Lateral,train
23_IM-0879-1001.dcm.png,23,Frontal,val
23_IM-0879-2001.dcm.png,23,Lateral,val
24_IM-0949-1001.dcm.png,24,Frontal,train
24_IM-0949-2001.dcm.png,24,Lateral,train
25_IM-1024-2001.dcm.png,25,Frontal,train
25_IM-1024-3001.dcm.png,25,Lateral,train
26_IM-1090-1001.dcm.png,26,Frontal,train
26_IM-1090-2001.dcm.png,26,Lateral,train
27_IM-1168-2002.dcm.png,27,Frontal,train
27_IM-1168-3003.dcm.png,27,Lateral,train
28_IM-1231-1001.dcm.png,28,Frontal,train
28_IM-1231-2001.dcm.png,28,Lateral,train
29_IM-1302-1001.dcm.png,29,Frontal,train
29_IM-1302-2001.dcm.png,29,Lateral,train
30_IM-1385-1001.dcm.png,30,Frontal,test
30_IM-1385-2001.dcm.png,30,Lateral,test
31_IM-1450-1001.dcm.png,31,Frontal,train
31_IM-1450-3003.dcm.png,31,Lateral,train
32_IM-1511-1001.dcm.png,32,Frontal,val
32_IM-1511-4001.dcm.png,32,Lateral,val
33_IM-1576-13013.dcm.png,33,Frontal,val
33_IM-1576-12012.dcm.png,33,Lateral,val
34_IM-1644-1001.dcm.png,34,Frontal,train
34_IM-1644-2001.dcm.png,34,Lateral,train
35_IM-1704-1001.dcm.png,35,Frontal,train
35_IM-1704-1002.dcm.png,35,Lateral,train
36_IM-1776-1001.dcm.png,36,Frontal,train
36_IM-1776-2001.dcm.png,36,Lateral,train
37_IM-1847-0001-0002.dcm.png,37,Frontal,train
37_IM-1847-0001-0001.dcm.png,37,Lateral,train
38_IM-1911-1001.dcm.png,38,Frontal,train
38_IM-1911-2001.dcm.png,38,Lateral,train
39_IM-1978-1001.dcm.png,39,Frontal,test
39_IM-1978-1002.dcm.png,39,Lateral,test
40_IM-2050-1001.dcm.png,40,Frontal,train
40_IM-2050-1002.dcm.png,40,Lateral,train
41_IM-2055-1001.dcm.png,41,Frontal,train
41_IM-2055-2001.dcm.png,41,Lateral,train
42_IM-2063-1001.dcm.png,42,Frontal,train
42_IM-2063-2001.dcm.png,42,Lateral,train
42_IM-2063-3001.dcm.png,42,Lateral,train
43_IM-2070-1001.dcm.png,43,Frontal,test
43_IM-2070-2001.dcm.png,43,Lateral,test
44_IM-2078-1001.dcm.png,44,Frontal,train
45_IM-2081-1001.dcm.png,45,Frontal,test
46_IM-2090-1001.dcm.png,46,Frontal,train
46_IM-2090-3003.dcm.png,46,Lateral,train
47_IM-2098-1001.dcm.png,47,Frontal,train
47_IM-2098-2001.dcm.png,47,Lateral,train
48_IM-2103-1001.dcm.png,48,Frontal,train
48_IM-2103-2001.dcm.png,48,Lateral,train
49_IM-2110-1001.dcm.png,49,Frontal,train
49_IM-2110-2001.dcm.png,49,Lateral,train
50_IM-2118-2001.dcm.png,50,Frontal,val
50_IM-2118-1001.dcm.png,50,Lateral,val
51_IM-2125-1001.dcm.png,51,Frontal,train
51_IM-2125-1002.dcm.png,51,Lateral,train
52_IM-2131-1001.dcm.png,52,Frontal,train
52_IM-2131-2001.dcm.png,52,Lateral,train
53_IM-2138-1001.dcm.png,53,Frontal,train
53_IM-2138-2001.dcm.png,53,Lateral,train
54_IM-2145-1001.dcm.png,54,Frontal,val
54_IM-2145-1002.dcm.png,54,Lateral,val
55_IM-2154-1001.dcm.png,55,Frontal,train
55_IM-2154-2001.dcm.png,55,Lateral,train
56_IM-2160-2002.dcm.png,56,Frontal,test
56_IM-2160-3003.dcm.png,56,Lateral,test
57_IM-2170-1001-0002.dcm.png,57,Frontal,train
57_IM-2170-1001-0001.dcm.png,57,Lateral,train
58_IM-2177-1001.dcm.png,58,Frontal,train
58_IM-2177-2001.dcm.png,58,Lateral,train
59_IM-2184-1001.dcm.png,59,Frontal,train
59_IM-2184-2001.dcm.png,59,Lateral,train
60_IM-2192-1001.dcm.png,60,Frontal,train
61_IM-2197-1001.dcm.png,61,Frontal,val
61_IM-2197-2001.dcm.png,61,Lateral,val
62_IM-2202-12012.dcm.png,62,Frontal,train
62_IM-2202-4004.dcm.png,62,Frontal,train
62_IM-2202-1001.dcm.png,62,Lateral,train
63_IM-2210-0001-0001.dcm.png,63,Frontal,train
63_IM-2210-0001-0002.dcm.png,63,Lateral,train
64_IM-2218-4004.dcm.png,64,Frontal,train
64_IM-2218-2001.dcm.png,64,Lateral,train
65_IM-2228-4004.dcm.png,65,Frontal,train
65_IM-2228-2001.dcm.png,65,Lateral,train
66_IM-2236-1001.dcm.png,66,Frontal,val
66_IM-2236-1002.dcm.png,66,Lateral,val
67_IM-2243-8001.dcm.png,67,Frontal,train
67_IM-2243-13001.dcm.png,67,Lateral,train
68_IM-2251-1001.dcm.png,68,Frontal,test
69_IM-2258-1001.dcm.png,69,Frontal,train
69_IM-2258-2001.dcm.png,69,Lateral,train
70_IM-2264-3001.dcm.png,70,Frontal,val
70_IM-2264-2001.dcm.png,70,Lateral,val
71_IM-2273-1001.dcm.png,71,Frontal,train
72_IM-2280-1001.dcm.png,72,Frontal,val
72_IM-2280-2001.dcm.png,72,Lateral,val
73_IM-2289-1001.dcm.png,73,Frontal,val
74_IM-2296-2001.dcm.png,74,Lateral,test
75_IM-2303-1001.dcm.png,75,Frontal,train
75_IM-2303-2001.dcm.png,75,Lateral,train
76_IM-2309-1001.dcm.png,76,Frontal,train
76_IM-2309-2001.dcm.png,76,Lateral,train
77_IM-2315-1001-0002.dcm.png,77,Frontal,train
77_IM-2315-1001-0001.dcm.png,77,Lateral,train
77_IM-2315-2001.dcm.png,77,Lateral,train
78_IM-2322-1001.dcm.png,78,Frontal,val
78_IM-2322-3001.dcm.png,78,Frontal,val
78_IM-2322-2001.dcm.png,78,Lateral,val
79_IM-2329-1001.dcm.png,79,Frontal,train
79_IM-2329-2001.dcm.png,79,Lateral,train
80_IM-2333-1001.dcm.png,80,Frontal,val
80_IM-2333-3001.dcm.png,80,Frontal,val
80_IM-2333-2001.dcm.png,80,Lateral,val
81_IM-2343-2001.dcm.png,81,Lateral,train
82_IM-2350-3001.dcm.png,82,Frontal,train
82_IM-2350-4001.dcm.png,82,Lateral,train
83_IM-2358-1001.dcm.png,83,Frontal,train
83_IM-2358-1002.dcm.png,83,Lateral,train
84_IM-2363-1001.dcm.png,84,Frontal,train
84_IM-2363-2001.dcm.png,84,Lateral,train
85_IM-2372-1001.dcm.png,85,Frontal,train
85_IM-2372-2001.dcm.png,85,Lateral,train
86_IM-2380-1001.dcm.png,86,Frontal,test
86_IM-2380-3001.dcm.png,86,Frontal,test
86_IM-2380-2001.dcm.png,86,Lateral,test
87_IM-2390-1001.dcm.png,87,Frontal,test
87_IM-2390-2001.dcm.png,87,Lateral,test
88_IM-2394-2001.dcm.png,88,Lateral,val
89_IM-2402-1001.dcm.png,89,Frontal,train
89_IM-2402-2001.dcm.png,89,Lateral,train
90_IM-2407-1001.dcm.png,90,Frontal,train
90_IM-2407-2001.dcm.png,90,Lateral,train
91_IM-2415-2001.dcm.png,91,Frontal,train
92_IM-2422-4004.dcm.png,92,Frontal,val
92_IM-2422-1001.dcm.png,92,Lateral,val
93_IM-2428-1001.dcm.png,93,Frontal,train
93_IM-2428-2001.dcm.png,93,Lateral,train
94_IM-2436-1001.dcm.png,94,Frontal,train
94_IM-2436-2001.dcm.png,94,Lateral,train
95_IM-2445-1001.dcm.png,95,Frontal,test
95_IM-2445-1002.dcm.png,95,Lateral,test
96_IM-2450-2002.dcm.png,96,Frontal,train
96_IM-2450-3003.dcm.png,96,Lateral,train
97_IM-2460-1001.dcm.png,97,Frontal,train
97_IM-2460-3003.dcm.png,97,Lateral,train
98_IM-2467-4004.dcm.png,98,Frontal,train
98_IM-2467-1001.dcm.png,98,Lateral,train
99_IM-2476-1001.dcm.png,99,Frontal,train
99_IM-2476-1002.dcm.png,99,Lateral,train
100_IM-0002-1001.dcm.png,100,Frontal,train
100_IM-0002-2001.dcm.png,100,Lateral,train
101_IM-0011-4004.dcm.png,101,Frontal,test
101_IM-0011-2001.dcm.png,101,Lateral,test
102_IM-0016-1001.dcm.png,102,Frontal,train
102_IM-0016-2001.dcm.png,102,Lateral,train
103_IM-0023-1001.dcm.png,103,Frontal,train
103_IM-0023-2001.dcm.png,103,Lateral,train
104_IM-0031-0001-0002.dcm.png,104,Lateral,test
105_IM-0037-1001.dcm.png,105,Frontal,test
105_IM-0037-2001.dcm.png,105,Lateral,test
106_IM-0042-1001.dcm.png,106,Frontal,train
106_IM-0042-2001.dcm.png,106,Lateral,train
107_IM-0049-1001.dcm.png,107,Frontal,train
107_IM-0049-2001.dcm.png,107,Lateral,train
108_IM-0056-1001.dcm.png,108,Frontal,test
108_IM-0056-1002.dcm.png,108,Lateral,test
110_IM-0067-1001.dcm.png,110,Frontal,test
110_IM-0067-2001.dcm.png,110,Lateral,test
111_IM-0076-1001.dcm.png,111,Frontal,train
111_IM-0076-1002.dcm.png,111,Lateral,train
112_IM-0080-1001.dcm.png,112,Frontal,train
112_IM-0080-1002.dcm.png,112,Lateral,train
113_IM-0086-1001.dcm.png,113,Frontal,val
113_IM-0086-3001.dcm.png,113,Frontal,val
113_IM-0086-2001.dcm.png,113,Lateral,val
114_IM-0096-1001.dcm.png,114,Frontal,train
114_IM-0096-2001.dcm.png,114,Lateral,train
115_IM-0102-1001.dcm.png,115,Frontal,train
115_IM-0102-2001.dcm.png,115,Lateral,train
116_IM-0107-1001.dcm.png,116,Frontal,val
116_IM-0107-2001.dcm.png,116,Lateral,val
117_IM-0114-2002.dcm.png,117,Frontal,val
117_IM-0114-3003.dcm.png,117,Lateral,val
118_IM-0123-1001.dcm.png,118,Frontal,train
118_IM-0123-2001.dcm.png,118,Lateral,train
119_IM-0128-1001.dcm.png,119,Frontal,train
120_IM-0133-1001.dcm.png,120,Frontal,val
120_IM-0133-2001.dcm.png,120,Lateral,val
121_IM-0142-1001.dcm.png,121,Frontal,test
121_IM-0142-2001.dcm.png,121,Lateral,test
122_IM-0147-0001-0001.dcm.png,122,Frontal,val
122_IM-0147-0001-0002.dcm.png,122,Lateral,val
123_IM-0153-4004.dcm.png,123,Frontal,train
123_IM-0153-1001.dcm.png,123,Lateral,train
124_IM-0161-4004.dcm.png,124,Frontal,train
124_IM-0161-1001.dcm.png,124,Lateral,train
125_IM-0169-1001.dcm.png,125,Frontal,train
125_IM-0169-2001.dcm.png,125,Lateral,train
126_IM-0176-2002.dcm.png,126,Frontal,train
127_IM-0181-1001.dcm.png,127,Frontal,train
127_IM-0181-1002.dcm.png,127,Lateral,train
128_IM-0186-82592001.dcm.png,128,Frontal,val
128_IM-0186-82592002.dcm.png,128,Lateral,val
129_IM-0189-1001.dcm.png,129,Frontal,train
129_IM-0189-2001.dcm.png,129,Lateral,train
130_IM-0198-2001.dcm.png,130,Lateral,test
131_IM-0202-1001.dcm.png,131,Frontal,train
131_IM-0202-2001.dcm.png,131,Lateral,train
132_IM-0206-1001.dcm.png,132,Frontal,test
133_IM-0212-1001.dcm.png,133,Frontal,train
133_IM-0212-2001.dcm.png,133,Lateral,train
133_IM-0212-3001.dcm.png,133,Lateral,train
134_IM-0219-1001.dcm.png,134,Frontal,test
135_IM-0227-1001.dcm.png,135,Frontal,train
135_IM-0227-3003.dcm.png,135,Lateral,train
136_IM-0233-1001.dcm.png,136,Frontal,train
136_IM-0233-1002.dcm.png,136,Lateral,train
137_IM-0238-2002.dcm.png,137,Lateral,val
138_IM-0244-1001.dcm.png,138,Frontal,train
138_IM-0244-2001.dcm.png,138,Lateral,train
139_IM-0248-1001.dcm.png,139,Frontal,train
139_IM-0248-3003.dcm.png,139,Lateral,train
141_IM-0260-1001.dcm.png,141,Frontal,test
141_IM-0260-2001.dcm.png,141,Lateral,test
142_IM-0267-1001.dcm.png,142,Frontal,train
142_IM-0267-2001.dcm.png,142,Lateral,train
143_IM-0276-1001.dcm.png,143,Frontal,test
143_IM-0276-2001.dcm.png,143,Lateral,test
144_IM-0283-1001.dcm.png,144,Frontal,val
145_IM-0290-1001.dcm.png,145,Frontal,train
145_IM-0290-2001.dcm.png,145,Lateral,train
146_IM-0298-1001-0001.dcm.png,146,Frontal,train
146_IM-0298-1001-0002.dcm.png,146,Lateral,train
146_IM-0298-2001.dcm.png,146,Lateral,train
147_IM-0303-1001.dcm.png,147,Frontal,train
149_IM-0315-1001.dcm.png,149,Frontal,test
149_IM-0315-1002.dcm.png,149,Lateral,test
150_IM-0325-0001-0001.dcm.png,150,Frontal,test
150_IM-0325-0001-0002.dcm.png,150,Lateral,test
151_IM-0331-1001.dcm.png,151,Frontal,train
151_IM-0331-2001.dcm.png,151,Lateral,train
152_IM-0335-2001.dcm.png,152,Frontal,val
152_IM-0335-1001.dcm.png,152,Lateral,val
153_IM-0343-1001.dcm.png,153,Frontal,train
153_IM-0343-2001.dcm.png,153,Lateral,train
154_IM-0350-1001.dcm.png,154,Frontal,test
154_IM-0350-2001.dcm.png,154,Lateral,test
155_IM-0358-1001.dcm.png,155,Frontal,train
155_IM-0358-2001.dcm.png,155,Lateral,train
157_IM-0372-1001.dcm.png,157,Frontal,train
158_IM-0377-1001.dcm.png,158,Frontal,train
158_IM-0377-2001.dcm.png,158,Lateral,train
159_IM-0382-1001.dcm.png,159,Frontal,train
159_IM-0382-1002.dcm.png,159,Lateral,train
160_IM-0390-1001.dcm.png,160,Frontal,val
160_IM-0390-2001.dcm.png,160,Lateral,val
161_IM-0394-1001.dcm.png,161,Frontal,train
161_IM-0394-2001.dcm.png,161,Lateral,train
162_IM-0401-1001.dcm.png,162,Frontal,train
162_IM-0401-2001.dcm.png,162,Lateral,train
163_IM-0410-12012.dcm.png,163,Frontal,train
163_IM-0410-2002.dcm.png,163,Frontal,train
163_IM-0410-3003.dcm.png,163,Lateral,train
164_IM-0419-1001.dcm.png,164,Frontal,train
164_IM-0419-2001.dcm.png,164,Lateral,train
165_IM-0427-1001.dcm.png,165,Frontal,train
165_IM-0427-2001.dcm.png,165,Lateral,train
166_IM-0435-2002.dcm.png,166,Frontal,train
166_IM-0435-3003.dcm.png,166,Lateral,train
167_IM-0441-1001.dcm.png,167,Frontal,train
167_IM-0441-1002.dcm.png,167,Lateral,train
168_IM-0448-1001.dcm.png,168,Frontal,train
168_IM-0448-1002.dcm.png,168,Lateral,train
169_IM-0452-1001.dcm.png,169,Frontal,train
169_IM-0452-2001.dcm.png,169,Lateral,train
170_IM-0461-0001-0003.dcm.png,170,Frontal,train
170_IM-0461-0001-0001.dcm.png,170,Lateral,train
170_IM-0461-0001-0002.dcm.png,170,Lateral,train
171_IM-0468-1001.dcm.png,171,Frontal,train
171_IM-0468-3003.dcm.png,171,Lateral,train
172_IM-0474-1001.dcm.png,172,Frontal,train
172_IM-0474-1002.dcm.png,172,Lateral,train
173_IM-0481-1001.dcm.png,173,Frontal,train
173_IM-0481-2001.dcm.png,173,Lateral,train
174_IM-0488-1001.dcm.png,174,Frontal,train
174_IM-0488-2001.dcm.png,174,Lateral,train
175_IM-0492-1001.dcm.png,175,Frontal,train
176_IM-0496-1001.dcm.png,176,Frontal,train
176_IM-0496-2001.dcm.png,176,Lateral,train
177_IM-0503-1001.dcm.png,177,Frontal,train
177_IM-0503-2001.dcm.png,177,Lateral,train
178_IM-0509-2001.dcm.png,178,Frontal,train
179_IM-0514-1001.dcm.png,179,Frontal,train
179_IM-0514-2001.dcm.png,179,Lateral,train
181_IM-0524-1001.dcm.png,181,Frontal,train
181_IM-0524-1002.dcm.png,181,Lateral,train
182_IM-0531-1001.dcm.png,182,Frontal,train
182_IM-0531-2001.dcm.png,182,Lateral,train
183_IM-0537-1001.dcm.png,183,Frontal,test
183_IM-0537-1002.dcm.png,183,Lateral,test
184_IM-0544-1001.dcm.png,184,Frontal,train
184_IM-0544-2001.dcm.png,184,Lateral,train
185_IM-0551-1001.dcm.png,185,Frontal,train
185_IM-0551-2001.dcm.png,185,Lateral,train
186_IM-0558-1001.dcm.png,186,Frontal,test
186_IM-0558-2001.dcm.png,186,Lateral,test
187_IM-0563-1001.dcm.png,187,Frontal,val
187_IM-0563-2001.dcm.png,187,Lateral,val
188_IM-0569-1001.dcm.png,188,Frontal,val
188_IM-0569-1002.dcm.png,188,Lateral,val
189_IM-0578-1001.dcm.png,189,Frontal,val
189_IM-0578-2001.dcm.png,189,Lateral,val
190_IM-0583-1001.dcm.png,190,Frontal,train
190_IM-0583-3001.dcm.png,190,Lateral,train
191_IM-0591-1001.dcm.png,191,Frontal,train
191_IM-0591-2001.dcm.png,191,Lateral,train
192_IM-0598-1001.dcm.png,192,Frontal,val
192_IM-0598-1002.dcm.png,192,Lateral,val
193_IM-0601-1001.dcm.png,193,Frontal,val
193_IM-0601-2001.dcm.png,193,Lateral,val
194_IM-0609-2001.dcm.png,194,Frontal,train
194_IM-0609-1001.dcm.png,194,Lateral,train
195_IM-0618-1002.dcm.png,195,Frontal,val
195_IM-0618-1001.dcm.png,195,Lateral,val
196_IM-0626-1001.dcm.png,196,Frontal,train
197_IM-0631-1001.dcm.png,197,Frontal,val
197_IM-0631-1002.dcm.png,197,Lateral,val
198_IM-0637-1002.dcm.png,198,Lateral,train
200_IM-0653-1001.dcm.png,200,Frontal,train
200_IM-0653-2002.dcm.png,200,Lateral,train
201_IM-0660-1001.dcm.png,201,Frontal,train
201_IM-0660-3001.dcm.png,201,Lateral,train
202_IM-0667-4004.dcm.png,202,Frontal,test
202_IM-0667-1001.dcm.png,202,Lateral,test
203_IM-0675-1001.dcm.png,203,Frontal,test
204_IM-0683-1001.dcm.png,204,Frontal,train
205_IM-0689-2002.dcm.png,205,Frontal,test
205_IM-0689-3003.dcm.png,205,Lateral,test
206_IM-0697-6001.dcm.png,206,Frontal,train
207_IM-0703-1001.dcm.png,207,Frontal,train
207_IM-0703-2001.dcm.png,207,Lateral,train
208_IM-0711-1001.dcm.png,208,Frontal,test
208_IM-0711-1002.dcm.png,208,Lateral,test
209_IM-0721-1001.dcm.png,209,Frontal,val
209_IM-0721-2001.dcm.png,209,Lateral,val
210_IM-0730-1001.dcm.png,210,Frontal,val
210_IM-0730-2001.dcm.png,210,Frontal,val
210_IM-0730-4001.dcm.png,210,Lateral,val
211_IM-0740-1001.dcm.png,211,Frontal,train
211_IM-0740-1002.dcm.png,211,Lateral,train
212_IM-0746-1001-0001.dcm.png,212,Frontal,train
212_IM-0746-1001-0002.dcm.png,212,Frontal,train
212_IM-0746-2001.dcm.png,212,Lateral,train
214_IM-0761-2001.dcm.png,214,Lateral,train
215_IM-0769-1001.dcm.png,215,Frontal,train
215_IM-0769-2001.dcm.png,215,Lateral,train
216_IM-0777-2001.dcm.png,216,Frontal,train
217_IM-0786-1001.dcm.png,217,Frontal,train
217_IM-0786-2001.dcm.png,217,Lateral,train
218_IM-0792-4004.dcm.png,218,Frontal,val
218_IM-0792-0001.dcm.png,218,Lateral,val
219_IM-0799-1001.dcm.png,219,Frontal,test
219_IM-0799-2001.dcm.png,219,Lateral,test
220_IM-0811-1001.dcm.png,220,Frontal,val
220_IM-0811-1002.dcm.png,220,Lateral,val
220_IM-0811-1003.dcm.png,220,Lateral,val
221_IM-0817-1001.dcm.png,221,Frontal,train
221_IM-0817-2001.dcm.png,221,Lateral,train
222_IM-0823-1001.dcm.png,222,Frontal,val
222_IM-0823-3003.dcm.png,222,Lateral,val
223_IM-0831-1001.dcm.png,223,Frontal,train
223_IM-0831-2001.dcm.png,223,Lateral,train
224_IM-0837-1001.dcm.png,224,Frontal,train
224_IM-0837-2001.dcm.png,224,Lateral,train
225_IM-0844-1001.dcm.png,225,Frontal,train
225_IM-0844-2001.dcm.png,225,Lateral,train
226_IM-0851-1001.dcm.png,226,Frontal,train
226_IM-0851-2001.dcm.png,226,Lateral,train
227_IM-0859-12012.dcm.png,227,Frontal,train
227_IM-0859-4004.dcm.png,227,Frontal,train
227_IM-0859-1001.dcm.png,227,Lateral,train
228_IM-0866-3001.dcm.png,228,Frontal,test
228_IM-0866-5001.dcm.png,228,Lateral,test
229_IM-0873-1001.dcm.png,229,Frontal,val
229_IM-0873-2001.dcm.png,229,Lateral,val
230_IM-0880-0001-0002.dcm.png,230,Frontal,train
230_IM-0880-0001-0001.dcm.png,230,Lateral,train
233_IM-0899-1001.dcm.png,233,Frontal,train
233_IM-0899-2001.dcm.png,233,Lateral,train
233_IM-0899-3001.dcm.png,233,Lateral,train
234_IM-0906-0001-0001.dcm.png,234,Frontal,train
234_IM-0906-0001-0002.dcm.png,234,Lateral,train
235_IM-0915-2001.dcm.png,235,Lateral,test
236_IM-0924-1001.dcm.png,236,Frontal,train
236_IM-0924-1002.dcm.png,236,Lateral,train
237_IM-0930-2001.dcm.png,237,Frontal,train
237_IM-0930-1001.dcm.png,237,Lateral,train
238_IM-0939-1001.dcm.png,238,Frontal,train
238_IM-0939-2001.dcm.png,238,Lateral,train
239_IM-0944-1001.dcm.png,239,Frontal,val
239_IM-0944-1002.dcm.png,239,Lateral,val
240_IM-0950-1001.dcm.png,240,Frontal,train
241_IM-0955-1001.dcm.png,241,Frontal,train
242_IM-0963-1001.dcm.png,242,Frontal,test
242_IM-0963-2001.dcm.png,242,Lateral,test
243_IM-0971-2001.dcm.png,243,Frontal,train
244_IM-0978-1001.dcm.png,244,Frontal,train
245_IM-0985-1001.dcm.png,245,Frontal,test
245_IM-0985-2001.dcm.png,245,Lateral,test
246_IM-0992-1002001.dcm.png,246,Frontal,train
246_IM-0992-1003002.dcm.png,246,Lateral,train
247_IM-1000-1001.dcm.png,247,Frontal,train
247_IM-1000-2001.dcm.png,247,Lateral,train
248_IM-1008-85149002.dcm.png,248,Frontal,train
248_IM-1008-85149003.dcm.png,248,Lateral,train
249_IM-1016-1001.dcm.png,249,Frontal,val
249_IM-1016-2001.dcm.png,249,Lateral,val
250_IM-1025-1001.dcm.png,250,Frontal,train
250_IM-1025-2001.dcm.png,250,Lateral,train
251_IM-1032-1001.dcm.png,251,Frontal,val
251_IM-1032-3001.dcm.png,251,Frontal,val
251_IM-1032-4001.dcm.png,251,Lateral,val
252_IM-1038-1001.dcm.png,252,Frontal,train
252_IM-1038-2001.dcm.png,252,Lateral,train
253_IM-1045-1001.dcm.png,253,Frontal,train
253_IM-1045-2001.dcm.png,253,Lateral,train
254_IM-1051-1001.dcm.png,254,Frontal,train
254_IM-1051-2001.dcm.png,254,Lateral,train
255_IM-1058-1001.dcm.png,255,Frontal,train
255_IM-1058-2001.dcm.png,255,Lateral,train
256_IM-1064-1001.dcm.png,256,Frontal,train
256_IM-1064-1002.dcm.png,256,Lateral,train
257_IM-1072-1001.dcm.png,257,Frontal,test
257_IM-1072-2001.dcm.png,257,Lateral,test
258_IM-1078-1001.dcm.png,258,Frontal,train
258_IM-1078-1002.dcm.png,258,Lateral,train
259_IM-1083-1001.dcm.png,259,Frontal,train
259_IM-1083-1002.dcm.png,259,Lateral,train
260_IM-1090-1001.dcm.png,260,Frontal,train
260_IM-1090-2001.dcm.png,260,Lateral,train
261_IM-1100-1001.dcm.png,261,Frontal,train
261_IM-1100-12012.dcm.png,261,Frontal,train
261_IM-1100-3003.dcm.png,261,Lateral,train
262_IM-1109-1001.dcm.png,262,Frontal,train
263_IM-1116-2001.dcm.png,263,Lateral,train
264_IM-1125-1001.dcm.png,264,Frontal,train
264_IM-1125-2001.dcm.png,264,Lateral,train
266_IM-1141-4004.dcm.png,266,Frontal,val
266_IM-1141-2001.dcm.png,266,Lateral,val
267_IM-1147-1001.dcm.png,267,Frontal,train
267_IM-1147-2001.dcm.png,267,Lateral,train
268_IM-1153-1001.dcm.png,268,Frontal,val
268_IM-1153-2001.dcm.png,268,Lateral,val
269_IM-1161-1001.dcm.png,269,Frontal,train
269_IM-1161-2001.dcm.png,269,Lateral,train
270_IM-1168-1001.dcm.png,270,Frontal,train
270_IM-1168-2001.dcm.png,270,Lateral,train
271_IM-1176-1001.dcm.png,271,Frontal,test
271_IM-1176-2001.dcm.png,271,Lateral,test
272_IM-1182-1001.dcm.png,272,Frontal,train
272_IM-1182-2001.dcm.png,272,Lateral,train
273_IM-1188-1001.dcm.png,273,Frontal,test
273_IM-1188-2001.dcm.png,273,Lateral,test
274_IM-1194-1001.dcm.png,274,Frontal,train
274_IM-1194-2001.dcm.png,274,Lateral,train
275_IM-1200-1001.dcm.png,275,Frontal,train
275_IM-1200-2001.dcm.png,275,Lateral,train
276_IM-1207-1001.dcm.png,276,Frontal,train
276_IM-1207-1002.dcm.png,276,Lateral,train
277_IM-1213-1001.dcm.png,277,Frontal,train
277_IM-1213-2001.dcm.png,277,Lateral,train
278_IM-1218-1001.dcm.png,278,Frontal,val
278_IM-1218-2001.dcm.png,278,Lateral,val
279_IM-1224-1001-0002.dcm.png,279,Frontal,train
279_IM-1224-1001-0001.dcm.png,279,Lateral,train
280_IM-1232-1001.dcm.png,280,Frontal,test
280_IM-1232-2001.dcm.png,280,Lateral,test
281_IM-1238-2001.dcm.png,281,Lateral,train
282_IM-1243-1001.dcm.png,282,Frontal,train
282_IM-1243-1002.dcm.png,282,Lateral,train
282_IM-1243-1003.dcm.png,282,Lateral,train
283_IM-1248-1001.dcm.png,283,Frontal,test
283_IM-1248-2001.dcm.png,283,Lateral,test
284_IM-1252-5005.dcm.png,284,Frontal,train
284_IM-1252-1001.dcm.png,284,Lateral,train
285_IM-1258-4004.dcm.png,285,Frontal,test
285_IM-1258-1001.dcm.png,285,Lateral,test
286_IM-1267-3001.dcm.png,286,Frontal,train
286_IM-1267-2001.dcm.png,286,Lateral,train
287_IM-1276-4004.dcm.png,287,Frontal,train
287_IM-1276-1001.dcm.png,287,Lateral,train
288_IM-1284-1001.dcm.png,288,Frontal,test
288_IM-1284-1002.dcm.png,288,Lateral,test
289_IM-1292-0001-0001.dcm.png,289,Frontal,train
289_IM-1292-0001-0002.dcm.png,289,Lateral,train
290_IM-1303-1001.dcm.png,290,Frontal,val
290_IM-1303-2001.dcm.png,290,Lateral,val
291_IM-1313-1001.dcm.png,291,Frontal,train
291_IM-1313-2001.dcm.png,291,Lateral,train
292_IM-1322-1001.dcm.png,292,Frontal,train
292_IM-1322-2001.dcm.png,292,Lateral,train
293_IM-1332-1001.dcm.png,293,Frontal,train
294_IM-1340-3001.dcm.png,294,Frontal,val
294_IM-1340-2001.dcm.png,294,Lateral,val
295_IM-1348-1001.dcm.png,295,Frontal,train
295_IM-1348-2001.dcm.png,295,Lateral,train
296_IM-1354-1001.dcm.png,296,Frontal,train
296_IM-1354-1002.dcm.png,296,Lateral,train
297_IM-1361-4004.dcm.png,297,Frontal,val
297_IM-1361-2001.dcm.png,297,Lateral,val
298_IM-1369-1001.dcm.png,298,Frontal,val
298_IM-1369-2001.dcm.png,298,Lateral,val
299_IM-1377-1001.dcm.png,299,Frontal,train
299_IM-1377-2001.dcm.png,299,Lateral,train
300_IM-1385-1001.dcm.png,300,Frontal,test
300_IM-1385-1002.dcm.png,300,Lateral,test
301_IM-1389-1001.dcm.png,301,Frontal,test
301_IM-1389-2001.dcm.png,301,Lateral,test
302_IM-1394-1001.dcm.png,302,Frontal,test
303_IM-1404-1001.dcm.png,303,Frontal,train
304_IM-1413-12012.dcm.png,304,Frontal,train
304_IM-1413-4004.dcm.png,304,Frontal,train
304_IM-1413-2001.dcm.png,304,Lateral,train
305_IM-1420-2001.dcm.png,305,Lateral,train
306_IM-1426-1001.dcm.png,306,Frontal,train
306_IM-1426-2001.dcm.png,306,Lateral,train
307_IM-1432-1001.dcm.png,307,Frontal,train
307_IM-1432-2001.dcm.png,307,Lateral,train
308_IM-1439-1001.dcm.png,308,Frontal,train
308_IM-1439-2001.dcm.png,308,Lateral,train
309_IM-1444-1001.dcm.png,309,Frontal,train
309_IM-1444-2001.dcm.png,309,Lateral,train
310_IM-1451-0001-0001.dcm.png,310,Frontal,val
310_IM-1451-0001-0002.dcm.png,310,Lateral,val
312_IM-1466-1001.dcm.png,312,Frontal,train
312_IM-1466-2001.dcm.png,312,Lateral,train
313_IM-1472-1001.dcm.png,313,Frontal,train
314_IM-1477-1001.dcm.png,314,Frontal,train
314_IM-1477-2001.dcm.png,314,Lateral,train
315_IM-1481-1001.dcm.png,315,Frontal,train
315_IM-1481-2001.dcm.png,315,Lateral,train
316_IM-1487-1001.dcm.png,316,Frontal,val
316_IM-1487-1002.dcm.png,316,Lateral,val
317_IM-1493-1001.dcm.png,317,Frontal,val
317_IM-1493-2001.dcm.png,317,Lateral,val
318_IM-1500-1001.dcm.png,318,Frontal,train
318_IM-1500-2001.dcm.png,318,Lateral,train
319_IM-1505-1001.dcm.png,319,Frontal,test
319_IM-1505-1002.dcm.png,319,Lateral,test
320_IM-1511-1001.dcm.png,320,Frontal,train
320_IM-1511-1002.dcm.png,320,Lateral,train
321_IM-1516-0001-0002.dcm.png,321,Frontal,train
321_IM-1516-0001-0001.dcm.png,321,Lateral,train
322_IM-1521-1001.dcm.png,322,Frontal,train
322_IM-1521-2001.dcm.png,322,Lateral,train
323_IM-1526-1001.dcm.png,323,Frontal,train
323_IM-1526-2001.dcm.png,323,Lateral,train
324_IM-1534-1001.dcm.png,324,Frontal,train
324_IM-1534-2001.dcm.png,324,Lateral,train
325_IM-1539-1001.dcm.png,325,Frontal,val
325_IM-1539-2001.dcm.png,325,Lateral,val
326_IM-1546-2002.dcm.png,326,Frontal,train
326_IM-1546-12012.dcm.png,326,Lateral,train
327_IM-1552-1001.dcm.png,327,Frontal,train
327_IM-1552-2001.dcm.png,327,Lateral,train
328_IM-1560-1001.dcm.png,328,Frontal,train
328_IM-1560-2001.dcm.png,328,Lateral,train
329_IM-1571-1004003.dcm.png,329,Frontal,test
329_IM-1571-1003002.dcm.png,329,Lateral,test
330_IM-1577-0001-0002.dcm.png,330,Frontal,train
330_IM-1577-0001-0001.dcm.png,330,Lateral,train
331_IM-1584-1001.dcm.png,331,Frontal,train
331_IM-1584-2001.dcm.png,331,Lateral,train
332_IM-1588-1001.dcm.png,332,Frontal,val
332_IM-1588-2001.dcm.png,332,Lateral,val
333_IM-1594-1001.dcm.png,333,Frontal,train
333_IM-1594-2001.dcm.png,333,Lateral,train
334_IM-1600-1001.dcm.png,334,Frontal,train
335_IM-1606-1001.dcm.png,335,Frontal,val
335_IM-1606-2001.dcm.png,335,Lateral,val
335_IM-1606-3001.dcm.png,335,Lateral,val
336_IM-1613-1001.dcm.png,336,Frontal,train
336_IM-1613-2001.dcm.png,336,Lateral,train
337_IM-1622-1001.dcm.png,337,Frontal,val
337_IM-1622-2001.dcm.png,337,Lateral,val
338_IM-1628-1001.dcm.png,338,Frontal,val
338_IM-1628-2001.dcm.png,338,Lateral,val
339_IM-1635-1001.dcm.png,339,Frontal,train
339_IM-1635-2001.dcm.png,339,Lateral,train
340_IM-1644-4004.dcm.png,340,Frontal,train
340_IM-1644-1001.dcm.png,340,Lateral,train
341_IM-1648-1001.dcm.png,341,Frontal,train
341_IM-1648-1002.dcm.png,341,Lateral,train
342_IM-1655-0001-0001.dcm.png,342,Frontal,train
342_IM-1655-0001-0002.dcm.png,342,Lateral,train
343_IM-1658-1001.dcm.png,343,Frontal,train
343_IM-1658-2001.dcm.png,343,Lateral,train
344_IM-1664-1001.dcm.png,344,Frontal,test
344_IM-1664-2001.dcm.png,344,Lateral,test
345_IM-1672-1001.dcm.png,345,Frontal,train
345_IM-1672-2001.dcm.png,345,Lateral,train
346_IM-1680-12012.dcm.png,346,Frontal,train
346_IM-1680-4004.dcm.png,346,Frontal,train
346_IM-1680-2001.dcm.png,346,Lateral,train
347_IM-1686-1001.dcm.png,347,Frontal,train
347_IM-1686-2001.dcm.png,347,Lateral,train
348_IM-1690-1001.dcm.png,348,Frontal,train
348_IM-1690-2001.dcm.png,348,Lateral,train
349_IM-1697-1001.dcm.png,349,Frontal,test
349_IM-1697-2001.dcm.png,349,Lateral,test
350_IM-1705-0001-0001.dcm.png,350,Frontal,train
350_IM-1705-0001-0002.dcm.png,350,Lateral,train
351_IM-1712-1001.dcm.png,351,Frontal,train
351_IM-1712-2001.dcm.png,351,Lateral,train
352_IM-1718-1001.dcm.png,352,Frontal,train
352_IM-1718-2001.dcm.png,352,Lateral,train
353_IM-1726-1001.dcm.png,353,Frontal,train
353_IM-1726-2001.dcm.png,353,Lateral,train
354_IM-1731-1001.dcm.png,354,Frontal,train
354_IM-1731-3003.dcm.png,354,Lateral,train
355_IM-1739-1001.dcm.png,355,Frontal,train
355_IM-1739-2001.dcm.png,355,Lateral,train
356_IM-1744-1001.dcm.png,356,Frontal,train
356_IM-1744-2001.dcm.png,356,Lateral,train
357_IM-1753-1001.dcm.png,357,Frontal,train
357_IM-1753-2001.dcm.png,357,Lateral,train
358_IM-1759-1001.dcm.png,358,Frontal,train
358_IM-1759-1002.dcm.png,358,Lateral,train
359_IM-1768-1001.dcm.png,359,Frontal,test
359_IM-1768-2001.dcm.png,359,Lateral,test
360_IM-1776-1001.dcm.png,360,Frontal,test
360_IM-1776-2001.dcm.png,360,Lateral,test
361_IM-1783-1001.dcm.png,361,Frontal,test
361_IM-1783-1002.dcm.png,361,Lateral,test
362_IM-1791-1001.dcm.png,362,Frontal,test
362_IM-1791-2001.dcm.png,362,Lateral,test
363_IM-1798-4004.dcm.png,363,Frontal,train
363_IM-1798-2001.dcm.png,363,Lateral,train
364_IM-1804-1001.dcm.png,364,Frontal,train
364_IM-1804-2001.dcm.png,364,Lateral,train
365_IM-1812-1001.dcm.png,365,Frontal,train
365_IM-1812-1002.dcm.png,365,Lateral,train
366_IM-1820-1001.dcm.png,366,Frontal,train
366_IM-1820-2001.dcm.png,366,Lateral,train
367_IM-1826-1001.dcm.png,367,Frontal,test
367_IM-1826-1002.dcm.png,367,Lateral,test
368_IM-1832-1001.dcm.png,368,Frontal,val
368_IM-1832-2001.dcm.png,368,Lateral,val
370_IM-1848-1001.dcm.png,370,Frontal,train
370_IM-1848-2001.dcm.png,370,Lateral,train
371_IM-1852-1001.dcm.png,371,Frontal,train
371_IM-1852-2001.dcm.png,371,Lateral,train
372_IM-1858-4004.dcm.png,372,Frontal,test
372_IM-1858-0001-0001.dcm.png,372,Lateral,test
372_IM-1858-0001-0002.dcm.png,372,Lateral,test
373_IM-1864-1001.dcm.png,373,Frontal,val
373_IM-1864-1002.dcm.png,373,Lateral,val
374_IM-1868-1001.dcm.png,374,Frontal,train
374_IM-1868-2001.dcm.png,374,Lateral,train
375_IM-1874-1001.dcm.png,375,Frontal,train
375_IM-1874-2001.dcm.png,375,Lateral,train
376_IM-1883-1001.dcm.png,376,Frontal,val
376_IM-1883-2001.dcm.png,376,Lateral,val
377_IM-1889-1001.dcm.png,377,Frontal,train
377_IM-1889-2001.dcm.png,377,Lateral,train
378_IM-1895-4001.dcm.png,378,Frontal,train
378_IM-1895-3001.dcm.png,378,Lateral,train
379_IM-1903-4004.dcm.png,379,Frontal,train
379_IM-1903-2001.dcm.png,379,Lateral,train
380_IM-1911-2001.dcm.png,380,Frontal,train
380_IM-1911-1001.dcm.png,380,Lateral,train
382_IM-1927-1001.dcm.png,382,Frontal,val
382_IM-1927-2001.dcm.png,382,Lateral,val
383_IM-1932-1001.dcm.png,383,Frontal,val
383_IM-1932-1002.dcm.png,383,Lateral,val
384_IM-1941-2001.dcm.png,384,Lateral,test
385_IM-1948-1001.dcm.png,385,Frontal,test
385_IM-1948-3001.dcm.png,385,Lateral,test
386_IM-1954-4004.dcm.png,386,Frontal,train
386_IM-1954-1001.dcm.png,386,Lateral,train
387_IM-1962-1001.dcm.png,387,Frontal,train
387_IM-1962-2001.dcm.png,387,Lateral,train
388_IM-1968-1001.dcm.png,388,Frontal,val
388_IM-1968-2001.dcm.png,388,Lateral,val
389_IM-1973-1001.dcm.png,389,Frontal,test
390_IM-1979-1001.dcm.png,390,Frontal,train
390_IM-1979-2001.dcm.png,390,Lateral,train
391_IM-1986-1001.dcm.png,391,Frontal,train
391_IM-1986-1002.dcm.png,391,Lateral,train
392_IM-1993-1001.dcm.png,392,Frontal,val
392_IM-1993-2001.dcm.png,392,Lateral,val
393_IM-2002-1001.dcm.png,393,Frontal,train
393_IM-2002-2001.dcm.png,393,Lateral,train
394_IM-2010-1001.dcm.png,394,Frontal,train
395_IM-2019-1001.dcm.png,395,Frontal,train
395_IM-2019-2001.dcm.png,395,Lateral,train
396_IM-2024-2002.dcm.png,396,Frontal,train
396_IM-2024-3003.dcm.png,396,Lateral,train
397_IM-2030-1001.dcm.png,397,Frontal,train
397_IM-2030-2001.dcm.png,397,Lateral,train
398_IM-2039-1001.dcm.png,398,Frontal,test
398_IM-2039-2001.dcm.png,398,Lateral,test
399_IM-2043-1001.dcm.png,399,Frontal,val
399_IM-2043-3003.dcm.png,399,Lateral,val
400_IM-2050-1001.dcm.png,400,Frontal,val
401_IM-2051-1001.dcm.png,401,Frontal,train
401_IM-2051-2001.dcm.png,401,Lateral,train
402_IM-2051-1001.dcm.png,402,Frontal,test
403_IM-2052-2001.dcm.png,403,Frontal,train
403_IM-2052-1001.dcm.png,403,Lateral,train
404_IM-2052-1001.dcm.png,404,Frontal,val
404_IM-2052-2001.dcm.png,404,Lateral,val
405_IM-2053-1001.dcm.png,405,Frontal,test
405_IM-2053-2001.dcm.png,405,Lateral,test
406_IM-2054-1001.dcm.png,406,Frontal,val
406_IM-2054-1002.dcm.png,406,Lateral,val
407_IM-2054-1001.dcm.png,407,Frontal,val
407_IM-2054-2001.dcm.png,407,Lateral,val
408_IM-2054-1001.dcm.png,408,Frontal,test
408_IM-2054-2001.dcm.png,408,Lateral,test
409_IM-2055-2001.dcm.png,409,Frontal,train
409_IM-2055-3001.dcm.png,409,Lateral,train
410_IM-2056-1002.dcm.png,410,Frontal,train
410_IM-2056-1003.dcm.png,410,Lateral,train
411_IM-2056-1001.dcm.png,411,Frontal,train
411_IM-2056-4001.dcm.png,411,Lateral,train
412_IM-2056-2001.dcm.png,412,Frontal,train
412_IM-2056-1001.dcm.png,412,Lateral,train
413_IM-2056-1001.dcm.png,413,Frontal,train
413_IM-2056-1002.dcm.png,413,Lateral,train
414_IM-2057-1001.dcm.png,414,Frontal,train
414_IM-2057-2001.dcm.png,414,Lateral,train
415_IM-2058-2002.dcm.png,415,Frontal,train
415_IM-2058-3003.dcm.png,415,Lateral,train
416_IM-2059-1001.dcm.png,416,Frontal,train
416_IM-2059-2001.dcm.png,416,Lateral,train
417_IM-2060-1001.dcm.png,417,Frontal,train
417_IM-2060-1002.dcm.png,417,Lateral,train
418_IM-2061-2001.dcm.png,418,Frontal,train
418_IM-2061-3001.dcm.png,418,Lateral,train
419_IM-2062-1001.dcm.png,419,Frontal,val
419_IM-2062-2001.dcm.png,419,Lateral,val
420_IM-2064-1001.dcm.png,420,Frontal,test
420_IM-2064-2001.dcm.png,420,Lateral,test
421_IM-2064-1001.dcm.png,421,Frontal,train
421_IM-2064-2001.dcm.png,421,Lateral,train
422_IM-2065-5001.dcm.png,422,Frontal,train
422_IM-2065-6001.dcm.png,422,Lateral,train
423_IM-2066-0001-0003.dcm.png,423,Frontal,train
423_IM-2066-0001-0001.dcm.png,423,Lateral,train
423_IM-2066-0001-0002.dcm.png,423,Lateral,train
424_IM-2067-2001.dcm.png,424,Lateral,val
425_IM-2068-1001.dcm.png,425,Frontal,train
425_IM-2068-2001.dcm.png,425,Lateral,train
426_IM-2069-4004.dcm.png,426,Frontal,test
426_IM-2069-3001.dcm.png,426,Lateral,test
427_IM-2070-1001.dcm.png,427,Frontal,val
427_IM-2070-2001.dcm.png,427,Lateral,val
428_IM-2070-1001.dcm.png,428,Frontal,train
428_IM-2070-1002.dcm.png,428,Lateral,train
429_IM-2070-1001.dcm.png,429,Frontal,train
429_IM-2070-2001.dcm.png,429,Lateral,train
430_IM-2071-1001.dcm.png,430,Frontal,val
430_IM-2071-2001.dcm.png,430,Lateral,val
431_IM-2072-1001.dcm.png,431,Frontal,train
431_IM-2072-1002.dcm.png,431,Lateral,train
432_IM-2072-1001.dcm.png,432,Frontal,train
432_IM-2072-1002.dcm.png,432,Lateral,train
433_IM-2073-1001.dcm.png,433,Frontal,test
433_IM-2073-2001.dcm.png,433,Lateral,test
434_IM-2074-1001.dcm.png,434,Frontal,train
435_IM-2075-1001.dcm.png,435,Frontal,train
435_IM-2075-2001.dcm.png,435,Lateral,train
436_IM-2076-1001-0002.dcm.png,436,Frontal,val
436_IM-2076-1001-0001.dcm.png,436,Lateral,val
437_IM-2077-1001.dcm.png,437,Frontal,test
437_IM-2077-3003.dcm.png,437,Lateral,test
438_IM-2078-1001.dcm.png,438,Frontal,val
438_IM-2078-2001.dcm.png,438,Lateral,val
439_IM-2078-1001.dcm.png,439,Frontal,train
439_IM-2078-2001.dcm.png,439,Lateral,train
440_IM-2078-5005.dcm.png,440,Frontal,train
440_IM-2078-1001.dcm.png,440,Lateral,train
441_IM-2078-1001.dcm.png,441,Frontal,val
441_IM-2078-1002.dcm.png,441,Lateral,val
442_IM-2078-1001.dcm.png,442,Frontal,train
442_IM-2078-2001.dcm.png,442,Lateral,train
443_IM-2078-1001.dcm.png,443,Frontal,val
443_IM-2078-1002.dcm.png,443,Lateral,val
444_IM-2079-1001.dcm.png,444,Frontal,train
444_IM-2079-2001.dcm.png,444,Lateral,train
445_IM-2079-1001.dcm.png,445,Frontal,train
445_IM-2079-2001.dcm.png,445,Lateral,train
446_IM-2080-1001.dcm.png,446,Frontal,train
446_IM-2080-2001.dcm.png,446,Lateral,train
448_IM-2080-1001.dcm.png,448,Frontal,train
449_IM-2080-1001.dcm.png,449,Frontal,train
450_IM-2082-1001.dcm.png,450,Frontal,val
450_IM-2082-2001.dcm.png,450,Lateral,val
451_IM-2082-1001.dcm.png,451,Frontal,train
451_IM-2082-2001.dcm.png,451,Lateral,train
452_IM-2083-1001.dcm.png,452,Frontal,train
452_IM-2083-3003.dcm.png,452,Lateral,train
453_IM-2084-1001.dcm.png,453,Frontal,train
453_IM-2084-2001.dcm.png,453,Lateral,train
454_IM-2085-1001.dcm.png,454,Frontal,train
455_IM-2086-4004.dcm.png,455,Frontal,train
455_IM-2086-1001.dcm.png,455,Lateral,train
456_IM-2087-1001.dcm.png,456,Frontal,train
456_IM-2087-2001.dcm.png,456,Lateral,train
457_IM-2088-1001-0001.dcm.png,457,Frontal,train
457_IM-2088-1001-0002.dcm.png,457,Lateral,train
458_IM-2089-1001.dcm.png,458,Frontal,val
458_IM-2089-3001.dcm.png,458,Lateral,val
459_IM-2090-2001.dcm.png,459,Frontal,train
459_IM-2090-1001.dcm.png,459,Lateral,train
460_IM-2090-1001.dcm.png,460,Frontal,test
460_IM-2090-2001.dcm.png,460,Lateral,test
461_IM-2090-1001.dcm.png,461,Frontal,train
461_IM-2090-2001.dcm.png,461,Lateral,train
462_IM-2090-1001.dcm.png,462,Frontal,train
462_IM-2090-2001.dcm.png,462,Lateral,train
463_IM-2091-1001.dcm.png,463,Frontal,train
463_IM-2091-2001.dcm.png,463,Lateral,train
464_IM-2092-12012.dcm.png,464,Frontal,train
464_IM-2092-3003.dcm.png,464,Lateral,train
465_IM-2093-0001-0002.dcm.png,465,Frontal,test
465_IM-2093-0001-0001.dcm.png,465,Lateral,test
466_IM-2094-2002.dcm.png,466,Frontal,val
466_IM-2094-3003.dcm.png,466,Lateral,val
467_IM-2095-2001.dcm.png,467,Lateral,train
468_IM-2096-1001.dcm.png,468,Frontal,train
468_IM-2096-2001.dcm.png,468,Lateral,train
469_IM-2097-1001.dcm.png,469,Frontal,train
470_IM-2099-3001.dcm.png,470,Frontal,train
470_IM-2099-2001.dcm.png,470,Lateral,train
471_IM-2099-2002.dcm.png,471,Frontal,train
471_IM-2099-3003.dcm.png,471,Lateral,train
472_IM-2100-1001.dcm.png,472,Frontal,train
472_IM-2100-2001.dcm.png,472,Lateral,train
473_IM-2101-1001.dcm.png,473,Frontal,train
473_IM-2101-1002.dcm.png,473,Lateral,train
474_IM-2101-1001.dcm.png,474,Frontal,train
474_IM-2101-2001.dcm.png,474,Lateral,train
475_IM-2101-1001.dcm.png,475,Frontal,train
475_IM-2101-2001.dcm.png,475,Lateral,train
476_IM-2101-1001.dcm.png,476,Frontal,train
477_IM-2101-1001.dcm.png,477,Frontal,train
477_IM-2101-2001.dcm.png,477,Lateral,train
478_IM-2101-1001-0002.dcm.png,478,Frontal,train
478_IM-2101-1001-0001.dcm.png,478,Lateral,train
479_IM-2102-1001.dcm.png,479,Frontal,train
479_IM-2102-2001.dcm.png,479,Lateral,train
480_IM-2104-1001.dcm.png,480,Frontal,train
480_IM-2104-2001.dcm.png,480,Lateral,train
481_IM-2105-1001.dcm.png,481,Frontal,val
482_IM-2106-2001.dcm.png,482,Frontal,train
482_IM-2106-3001.dcm.png,482,Lateral,train
483_IM-2107-1001.dcm.png,483,Frontal,val
483_IM-2107-3001.dcm.png,483,Lateral,val
484_IM-2108-1001.dcm.png,484,Frontal,train
485_IM-2109-1001.dcm.png,485,Frontal,test
485_IM-2109-2001.dcm.png,485,Lateral,test
486_IM-2110-1001.dcm.png,486,Frontal,train
487_IM-2110-1001.dcm.png,487,Frontal,test
487_IM-2110-2001.dcm.png,487,Lateral,test
488_IM-2110-1001.dcm.png,488,Frontal,test
489_IM-2110-1001.dcm.png,489,Frontal,train
489_IM-2110-2001.dcm.png,489,Lateral,train
490_IM-2110-1001.dcm.png,490,Frontal,train
490_IM-2110-2001.dcm.png,490,Lateral,train
491_IM-2111-1001.dcm.png,491,Frontal,train
491_IM-2111-2001.dcm.png,491,Lateral,train
492_IM-2112-2002.dcm.png,492,Frontal,test
492_IM-2112-3003.dcm.png,492,Lateral,test
493_IM-2113-1001.dcm.png,493,Frontal,train
493_IM-2113-2001.dcm.png,493,Lateral,train
494_IM-2114-1001.dcm.png,494,Frontal,train
494_IM-2114-2001.dcm.png,494,Lateral,train
495_IM-2114-1001.dcm.png,495,Frontal,train
495_IM-2114-3003.dcm.png,495,Lateral,train
496_IM-2114-1001.dcm.png,496,Frontal,train
496_IM-2114-1002.dcm.png,496,Lateral,train
497_IM-2114-1001.dcm.png,497,Frontal,train
497_IM-2114-1002.dcm.png,497,Lateral,train
498_IM-2115-1001.dcm.png,498,Frontal,train
498_IM-2115-3003.dcm.png,498,Lateral,train
499_IM-2116-1001.dcm.png,499,Frontal,val
499_IM-2116-2001.dcm.png,499,Lateral,val
500_IM-2119-2001.dcm.png,500,Lateral,test
501_IM-2120-1001.dcm.png,501,Frontal,val
501_IM-2120-2001.dcm.png,501,Lateral,val
502_IM-2120-1001.dcm.png,502,Frontal,train
502_IM-2120-1002.dcm.png,502,Lateral,train
503_IM-2121-1001.dcm.png,503,Frontal,train
503_IM-2121-2001.dcm.png,503,Lateral,train
504_IM-2122-1001.dcm.png,504,Frontal,val
504_IM-2122-2001.dcm.png,504,Lateral,val
505_IM-2123-1001.dcm.png,505,Frontal,val
505_IM-2123-2001.dcm.png,505,Lateral,val
506_IM-2124-1001.dcm.png,506,Frontal,train
506_IM-2124-3003.dcm.png,506,Lateral,train
507_IM-2125-1001.dcm.png,507,Frontal,train
507_IM-2125-2001.dcm.png,507,Lateral,train
508_IM-2125-1001.dcm.png,508,Frontal,val
508_IM-2125-1002.dcm.png,508,Lateral,val
509_IM-2125-1001.dcm.png,509,Frontal,test
510_IM-2126-1001.dcm.png,510,Frontal,train
510_IM-2126-2001.dcm.png,510,Lateral,train
510_IM-2126-3001.dcm.png,510,Lateral,train
511_IM-2127-1001.dcm.png,511,Frontal,train
511_IM-2127-2001.dcm.png,511,Lateral,train
512_IM-2127-1001.dcm.png,512,Frontal,train
513_IM-2128-1001.dcm.png,513,Frontal,train
513_IM-2128-2001.dcm.png,513,Lateral,train
514_IM-2129-2001.dcm.png,514,Frontal,val
514_IM-2129-1001.dcm.png,514,Lateral,val
515_IM-2129-1001.dcm.png,515,Frontal,train
515_IM-2129-2001.dcm.png,515,Lateral,train
516_IM-2130-1001.dcm.png,516,Frontal,train
516_IM-2130-2001.dcm.png,516,Lateral,train
517_IM-2130-2002.dcm.png,517,Frontal,train
517_IM-2130-3003.dcm.png,517,Lateral,train
518_IM-2131-1001.dcm.png,518,Frontal,test
518_IM-2131-2001.dcm.png,518,Lateral,test
519_IM-2131-1001.dcm.png,519,Frontal,train
519_IM-2131-2001.dcm.png,519,Frontal,train
519_IM-2131-4001.dcm.png,519,Lateral,train
520_IM-2131-1001.dcm.png,520,Frontal,train
521_IM-2132-4004.dcm.png,521,Frontal,test
521_IM-2132-1001.dcm.png,521,Lateral,test
522_IM-2133-1002001.dcm.png,522,Frontal,val
522_IM-2133-1003002.dcm.png,522,Lateral,val
523_IM-2134-2001.dcm.png,523,Lateral,train
524_IM-2135-0001-0001.dcm.png,524,Lateral,val
525_IM-2136-1001.dcm.png,525,Frontal,train
525_IM-2136-2001.dcm.png,525,Lateral,train
526_IM-2137-1002.dcm.png,526,Lateral,train
527_IM-2137-1001.dcm.png,527,Frontal,train
529_IM-2137-1001.dcm.png,529,Frontal,train
529_IM-2137-2001.dcm.png,529,Lateral,train
530_IM-2139-1001.dcm.png,530,Frontal,val
530_IM-2139-1002.dcm.png,530,Lateral,val
531_IM-2140-1001.dcm.png,531,Frontal,train
531_IM-2140-2001.dcm.png,531,Lateral,train
532_IM-2140-1001.dcm.png,532,Frontal,train
532_IM-2140-2001.dcm.png,532,Lateral,train
533_IM-2140-1001.dcm.png,533,Frontal,val
533_IM-2140-2001.dcm.png,533,Lateral,val
534_IM-2141-1001.dcm.png,534,Frontal,train
534_IM-2141-1002.dcm.png,534,Lateral,train
535_IM-2142-1001.dcm.png,535,Frontal,test
535_IM-2142-2001.dcm.png,535,Lateral,test
536_IM-2143-1001.dcm.png,536,Frontal,train
536_IM-2143-2001.dcm.png,536,Lateral,train
537_IM-2143-1001.dcm.png,537,Frontal,train
537_IM-2143-1002.dcm.png,537,Lateral,train
538_IM-2144-4004.dcm.png,538,Frontal,train
538_IM-2144-1001.dcm.png,538,Lateral,train
539_IM-2145-1001.dcm.png,539,Frontal,train
539_IM-2145-2001.dcm.png,539,Lateral,train
540_IM-2146-4004.dcm.png,540,Frontal,train
540_IM-2146-2001.dcm.png,540,Lateral,train
541_IM-2147-1001.dcm.png,541,Frontal,train
542_IM-2148-1002.dcm.png,542,Lateral,val
543_IM-2148-1001.dcm.png,543,Frontal,train
543_IM-2148-2001.dcm.png,543,Lateral,train
544_IM-2148-1001.dcm.png,544,Frontal,train
544_IM-2148-1002.dcm.png,544,Lateral,train
545_IM-2149-1001.dcm.png,545,Frontal,train
545_IM-2149-2001.dcm.png,545,Lateral,train
546_IM-2150-1001.dcm.png,546,Frontal,val
546_IM-2150-2001.dcm.png,546,Lateral,val
547_IM-2151-1001.dcm.png,547,Frontal,train
547_IM-2151-2001.dcm.png,547,Lateral,train
548_IM-2152-1001.dcm.png,548,Frontal,val
548_IM-2152-1002.dcm.png,548,Lateral,val
549_IM-2153-1001.dcm.png,549,Frontal,train
549_IM-2153-2001.dcm.png,549,Lateral,train
550_IM-2154-1001.dcm.png,550,Frontal,train
550_IM-2154-2001.dcm.png,550,Lateral,train
551_IM-2154-1001.dcm.png,551,Frontal,train
551_IM-2154-2001.dcm.png,551,Lateral,train
552_IM-2155-1001.dcm.png,552,Frontal,train
552_IM-2155-2001.dcm.png,552,Lateral,train
553_IM-2155-2001.dcm.png,553,Frontal,train
553_IM-2155-4001.dcm.png,553,Lateral,train
554_IM-2155-1001.dcm.png,554,Frontal,train
554_IM-2155-2001.dcm.png,554,Lateral,train
555_IM-2156-1001.dcm.png,555,Frontal,train
556_IM-2156-1001-0002.dcm.png,556,Frontal,train
556_IM-2156-1001-0001.dcm.png,556,Lateral,train
557_IM-2157-2001.dcm.png,557,Frontal,train
557_IM-2157-1001.dcm.png,557,Lateral,train
558_IM-2158-0001-0001.dcm.png,558,Frontal,train
558_IM-2158-0001-0002.dcm.png,558,Lateral,train
559_IM-2159-1001.dcm.png,559,Frontal,test
559_IM-2159-2001.dcm.png,559,Lateral,test
560_IM-2161-1001.dcm.png,560,Frontal,train
561_IM-2162-2001.dcm.png,561,Lateral,test
562_IM-2163-1001.dcm.png,562,Frontal,test
562_IM-2163-2001.dcm.png,562,Lateral,test
563_IM-2164-1001.dcm.png,563,Frontal,train
563_IM-2164-2001.dcm.png,563,Lateral,train
564_IM-2165-1001.dcm.png,564,Frontal,train
564_IM-2165-2001.dcm.png,564,Lateral,train
565_IM-2166-1001.dcm.png,565,Frontal,train
565_IM-2166-2001.dcm.png,565,Lateral,train
567_IM-2167-1001.dcm.png,567,Frontal,train
567_IM-2167-2001.dcm.png,567,Lateral,train
568_IM-2168-1001.dcm.png,568,Frontal,test
568_IM-2168-2001.dcm.png,568,Lateral,test
569_IM-2169-0001-0002.dcm.png,569,Frontal,val
569_IM-2169-0001-0001.dcm.png,569,Lateral,val
570_IM-2170-1001.dcm.png,570,Frontal,train
570_IM-2170-1002.dcm.png,570,Lateral,train
571_IM-2170-1001.dcm.png,571,Frontal,test
571_IM-2170-2001.dcm.png,571,Lateral,test
572_IM-2170-1001.dcm.png,572,Frontal,train
572_IM-2170-1002.dcm.png,572,Lateral,train
573_IM-2171-12012.dcm.png,573,Frontal,val
573_IM-2171-4004.dcm.png,573,Frontal,val
573_IM-2171-3001.dcm.png,573,Lateral,val
575_IM-2173-1001.dcm.png,575,Frontal,train
575_IM-2173-2001.dcm.png,575,Lateral,train
576_IM-2174-1001.dcm.png,576,Frontal,train
576_IM-2174-2001.dcm.png,576,Lateral,train
577_IM-2175-1001.dcm.png,577,Frontal,train
577_IM-2175-2001.dcm.png,577,Lateral,train
578_IM-2176-1001.dcm.png,578,Frontal,val
578_IM-2176-2001.dcm.png,578,Lateral,val
579_IM-2176-1001.dcm.png,579,Frontal,val
579_IM-2176-1002.dcm.png,579,Lateral,val
580_IM-2177-2002.dcm.png,580,Frontal,val
580_IM-2177-3003.dcm.png,580,Lateral,val
581_IM-2178-1001.dcm.png,581,Frontal,train
581_IM-2178-3001.dcm.png,581,Lateral,train
582_IM-2179-1001.dcm.png,582,Frontal,val
582_IM-2179-2001.dcm.png,582,Lateral,val
583_IM-2180-1001.dcm.png,583,Frontal,val
583_IM-2180-2001.dcm.png,583,Lateral,val
584_IM-2181-1001.dcm.png,584,Frontal,val
584_IM-2181-2001.dcm.png,584,Lateral,val
585_IM-2181-1001.dcm.png,585,Frontal,train
585_IM-2181-2001.dcm.png,585,Lateral,train
586_IM-2182-1001.dcm.png,586,Frontal,val
587_IM-2182-2001.dcm.png,587,Frontal,train
587_IM-2182-1001.dcm.png,587,Lateral,train
587_IM-2182-3001.dcm.png,587,Lateral,train
588_IM-2183-1001.dcm.png,588,Frontal,train
588_IM-2183-2001.dcm.png,588,Lateral,train
589_IM-2183-1001.dcm.png,589,Frontal,train
590_IM-2185-2001.dcm.png,590,Frontal,train
590_IM-2185-3001.dcm.png,590,Lateral,train
591_IM-2186-1001.dcm.png,591,Frontal,train
591_IM-2186-2001.dcm.png,591,Lateral,train
592_IM-2186-12012.dcm.png,592,Frontal,train
592_IM-2186-1001.dcm.png,592,Lateral,train
593_IM-2186-1001.dcm.png,593,Frontal,train
593_IM-2186-2001.dcm.png,593,Lateral,train
594_IM-2187-1001.dcm.png,594,Frontal,train
594_IM-2187-2001.dcm.png,594,Lateral,train
595_IM-2187-1001.dcm.png,595,Frontal,train
595_IM-2187-2001.dcm.png,595,Lateral,train
596_IM-2188-26001.dcm.png,596,Frontal,train
596_IM-2188-25001.dcm.png,596,Lateral,train
597_IM-2189-2001.dcm.png,597,Lateral,train
598_IM-2190-12012.dcm.png,598,Frontal,test
598_IM-2190-3003.dcm.png,598,Lateral,test
599_IM-2191-1001.dcm.png,599,Frontal,test
599_IM-2191-2001.dcm.png,599,Lateral,test
600_IM-2192-1001.dcm.png,600,Frontal,train
600_IM-2192-2001.dcm.png,600,Lateral,train
601_IM-2192-1001.dcm.png,601,Frontal,val
601_IM-2192-1002.dcm.png,601,Lateral,val
602_IM-2192-1001.dcm.png,602,Frontal,train
602_IM-2192-1002.dcm.png,602,Lateral,train
603_IM-2193-1001.dcm.png,603,Frontal,val
603_IM-2193-2001.dcm.png,603,Lateral,val
604_IM-2193-1001.dcm.png,604,Frontal,train
604_IM-2193-2001.dcm.png,604,Lateral,train
605_IM-2194-1001.dcm.png,605,Frontal,train
605_IM-2194-1002.dcm.png,605,Lateral,train
606_IM-2195-1001.dcm.png,606,Frontal,test
606_IM-2195-2001.dcm.png,606,Lateral,test
607_IM-2196-1001.dcm.png,607,Frontal,train
607_IM-2196-1002.dcm.png,607,Lateral,train
608_IM-2196-1001.dcm.png,608,Frontal,val
608_IM-2196-1002.dcm.png,608,Lateral,val
609_IM-2197-1001.dcm.png,609,Frontal,train
609_IM-2197-2001.dcm.png,609,Lateral,train
610_IM-2197-1001.dcm.png,610,Frontal,train
611_IM-2198-1001.dcm.png,611,Frontal,train
611_IM-2198-3001.dcm.png,611,Lateral,train
612_IM-2199-1001.dcm.png,612,Frontal,train
612_IM-2199-2001.dcm.png,612,Lateral,train
613_IM-2200-2001.dcm.png,613,Frontal,train
613_IM-2200-1001.dcm.png,613,Lateral,train
614_IM-2200-4001.dcm.png,614,Frontal,train
614_IM-2200-1001.dcm.png,614,Lateral,train
615_IM-2200-1001.dcm.png,615,Frontal,train
615_IM-2200-1002.dcm.png,615,Lateral,train
616_IM-2200-1001.dcm.png,616,Frontal,test
616_IM-2200-3001.dcm.png,616,Lateral,test
617_IM-2200-1001.dcm.png,617,Frontal,train
617_IM-2200-1002.dcm.png,617,Lateral,train
618_IM-2201-1001.dcm.png,618,Frontal,val
618_IM-2201-2001.dcm.png,618,Lateral,val
619_IM-2202-1002.dcm.png,619,Frontal,train
619_IM-2202-1003.dcm.png,619,Lateral,train
620_IM-2202-1001.dcm.png,620,Frontal,train
620_IM-2202-2001.dcm.png,620,Lateral,train
621_IM-2203-1001.dcm.png,621,Frontal,train
621_IM-2203-2001.dcm.png,621,Lateral,train
622_IM-2204-1001.dcm.png,622,Frontal,train
622_IM-2204-2001.dcm.png,622,Lateral,train
623_IM-2205-2002.dcm.png,623,Frontal,train
623_IM-2205-3003.dcm.png,623,Lateral,train
624_IM-2206-1001.dcm.png,624,Frontal,train
624_IM-2206-2001.dcm.png,624,Lateral,train
626_IM-2206-1001.dcm.png,626,Frontal,train
626_IM-2206-3001.dcm.png,626,Frontal,train
626_IM-2206-2001.dcm.png,626,Lateral,train
627_IM-2207-1001.dcm.png,627,Frontal,train
627_IM-2207-3001.dcm.png,627,Lateral,train
628_IM-2208-4001.dcm.png,628,Frontal,train
628_IM-2208-3001.dcm.png,628,Lateral,train
629_IM-2209-1001.dcm.png,629,Frontal,train
629_IM-2209-2001.dcm.png,629,Lateral,train
630_IM-2211-1001.dcm.png,630,Frontal,train
630_IM-2211-2001.dcm.png,630,Lateral,train
631_IM-2212-1001.dcm.png,631,Frontal,train
631_IM-2212-3001.dcm.png,631,Lateral,train
632_IM-2213-1001.dcm.png,632,Frontal,train
632_IM-2213-1002.dcm.png,632,Lateral,train
633_IM-2213-1001.dcm.png,633,Frontal,val
633_IM-2213-2001.dcm.png,633,Lateral,val
634_IM-2214-2001.dcm.png,634,Frontal,train
634_IM-2214-1001.dcm.png,634,Lateral,train
635_IM-2215-1001.dcm.png,635,Frontal,train
635_IM-2215-1002.dcm.png,635,Lateral,train
636_IM-2215-1001.dcm.png,636,Frontal,train
636_IM-2215-2001.dcm.png,636,Lateral,train
637_IM-2216-4001.dcm.png,637,Frontal,test
637_IM-2216-2001.dcm.png,637,Lateral,test
638_IM-2217-1001.dcm.png,638,Frontal,train
638_IM-2217-3001.dcm.png,638,Frontal,train
638_IM-2217-2001.dcm.png,638,Lateral,train
639_IM-2218-1001.dcm.png,639,Frontal,train
639_IM-2218-2001.dcm.png,639,Lateral,train
640_IM-2219-1001.dcm.png,640,Frontal,test
641_IM-2220-1001.dcm.png,641,Frontal,test
641_IM-2220-2001.dcm.png,641,Lateral,test
642_IM-2221-0001-0001.dcm.png,642,Frontal,train
642_IM-2221-0001-0002.dcm.png,642,Lateral,train
643_IM-2222-1001.dcm.png,643,Frontal,test
643_IM-2222-2001.dcm.png,643,Frontal,test
643_IM-2222-3001.dcm.png,643,Lateral,test
644_IM-2223-1001.dcm.png,644,Frontal,train
644_IM-2223-2001.dcm.png,644,Lateral,train
645_IM-2224-1001.dcm.png,645,Frontal,train
645_IM-2224-2001.dcm.png,645,Lateral,train
646_IM-2225-1001.dcm.png,646,Frontal,train
647_IM-2225-2001.dcm.png,647,Lateral,train
648_IM-2226-4004.dcm.png,648,Frontal,val
648_IM-2226-1001.dcm.png,648,Lateral,val
649_IM-2227-1001.dcm.png,649,Frontal,train
649_IM-2227-2001.dcm.png,649,Lateral,train
650_IM-2228-4001.dcm.png,650,Frontal,train
650_IM-2228-2001.dcm.png,650,Lateral,train
651_IM-2229-1001.dcm.png,651,Frontal,train
651_IM-2229-2001.dcm.png,651,Lateral,train
652_IM-2229-1001.dcm.png,652,Frontal,train
652_IM-2229-1002.dcm.png,652,Lateral,train
653_IM-2230-1001.dcm.png,653,Frontal,train
653_IM-2230-2001.dcm.png,653,Lateral,train
654_IM-2231-1001.dcm.png,654,Frontal,train
654_IM-2231-2001.dcm.png,654,Lateral,train
655_IM-2231-1001.dcm.png,655,Frontal,train
655_IM-2231-2001.dcm.png,655,Lateral,train
656_IM-2232-84570001.dcm.png,656,Frontal,train
656_IM-2232-84570003.dcm.png,656,Lateral,train
657_IM-2233-0001-0001.dcm.png,657,Frontal,train
657_IM-2233-0001-0002.dcm.png,657,Lateral,train
658_IM-2234-1001.dcm.png,658,Frontal,test
658_IM-2234-12001.dcm.png,658,Lateral,test
659_IM-2235-1001.dcm.png,659,Frontal,train
659_IM-2235-2001.dcm.png,659,Lateral,train
660_IM-2237-0001-0002.dcm.png,660,Frontal,val
660_IM-2237-0001-0001.dcm.png,660,Lateral,val
661_IM-2238-2002.dcm.png,661,Frontal,val
661_IM-2238-3003.dcm.png,661,Lateral,val
662_IM-2238-1001.dcm.png,662,Frontal,train
662_IM-2238-2001.dcm.png,662,Lateral,train
663_IM-2239-1001.dcm.png,663,Frontal,train
663_IM-2239-2001.dcm.png,663,Lateral,train
663_IM-2239-3001.dcm.png,663,Lateral,train
664_IM-2240-1001.dcm.png,664,Frontal,test
664_IM-2240-2001.dcm.png,664,Lateral,test
665_IM-2240-1001.dcm.png,665,Frontal,val
665_IM-2240-2001.dcm.png,665,Lateral,val
666_IM-2241-1001.dcm.png,666,Frontal,train
666_IM-2241-1002.dcm.png,666,Lateral,train
667_IM-2241-1001.dcm.png,667,Frontal,train
667_IM-2241-2001.dcm.png,667,Lateral,train
668_IM-2242-1001.dcm.png,668,Frontal,val
668_IM-2242-2001.dcm.png,668,Lateral,val
669_IM-2242-2001.dcm.png,669,Frontal,train
669_IM-2242-3001.dcm.png,669,Lateral,train
670_IM-2244-85049001.dcm.png,670,Frontal,train
670_IM-2244-85049002.dcm.png,670,Lateral,train
671_IM-2245-1001.dcm.png,671,Frontal,test
672_IM-2246-1001.dcm.png,672,Frontal,val
672_IM-2246-2001.dcm.png,672,Lateral,val
673_IM-2247-3001.dcm.png,673,Lateral,train
674_IM-2247-1001.dcm.png,674,Frontal,train
674_IM-2247-2001.dcm.png,674,Lateral,train
675_IM-2247-1001.dcm.png,675,Frontal,train
675_IM-2247-2001.dcm.png,675,Lateral,train
676_IM-2248-1001.dcm.png,676,Frontal,train
676_IM-2248-2001.dcm.png,676,Lateral,train
677_IM-2249-1001.dcm.png,677,Frontal,train
677_IM-2249-2001.dcm.png,677,Lateral,train
679_IM-2251-1001.dcm.png,679,Frontal,train
679_IM-2251-2001.dcm.png,679,Lateral,train
680_IM-2251-1001.dcm.png,680,Frontal,train
680_IM-2251-2001.dcm.png,680,Lateral,train
681_IM-2252-0001-0002.dcm.png,681,Frontal,train
681_IM-2252-0001-0001.dcm.png,681,Lateral,train
682_IM-2253-1001.dcm.png,682,Frontal,test
682_IM-2253-2001.dcm.png,682,Lateral,test
683_IM-2254-1001.dcm.png,683,Frontal,val
684_IM-2254-1001.dcm.png,684,Frontal,train
685_IM-2254-1001.dcm.png,685,Frontal,train
685_IM-2254-2001.dcm.png,685,Lateral,train
686_IM-2254-1001.dcm.png,686,Frontal,train
686_IM-2254-2001.dcm.png,686,Lateral,train
687_IM-2255-1001.dcm.png,687,Frontal,val
687_IM-2255-2001.dcm.png,687,Lateral,val
688_IM-2256-1001.dcm.png,688,Frontal,val
688_IM-2256-2001.dcm.png,688,Lateral,val
689_IM-2257-1001.dcm.png,689,Frontal,val
689_IM-2257-1002.dcm.png,689,Lateral,val
690_IM-2258-1001.dcm.png,690,Frontal,train
691_IM-2258-1001.dcm.png,691,Frontal,val
692_IM-2258-1001.dcm.png,692,Frontal,train
692_IM-2258-2001.dcm.png,692,Lateral,train
693_IM-2259-1001.dcm.png,693,Frontal,test
693_IM-2259-1002.dcm.png,693,Lateral,test
694_IM-2260-4001.dcm.png,694,Frontal,train
694_IM-2260-1001.dcm.png,694,Lateral,train
695_IM-2261-1001.dcm.png,695,Frontal,train
695_IM-2261-2001.dcm.png,695,Lateral,train
696_IM-2261-1001-0002.dcm.png,696,Frontal,train
696_IM-2261-1001-0001.dcm.png,696,Lateral,train
697_IM-2262-2002.dcm.png,697,Frontal,train
697_IM-2262-3003.dcm.png,697,Lateral,train
698_IM-2263-1001.dcm.png,698,Frontal,train
698_IM-2263-2001.dcm.png,698,Lateral,train
699_IM-2263-1001.dcm.png,699,Frontal,val
699_IM-2263-2001.dcm.png,699,Lateral,val
700_IM-2265-4004.dcm.png,700,Frontal,train
700_IM-2265-1001.dcm.png,700,Lateral,train
701_IM-2266-1001.dcm.png,701,Frontal,train
701_IM-2266-2001.dcm.png,701,Lateral,train
702_IM-2267-1001.dcm.png,702,Frontal,train
703_IM-2267-1001.dcm.png,703,Frontal,val
703_IM-2267-3001.dcm.png,703,Lateral,val
704_IM-2267-1001.dcm.png,704,Frontal,train
704_IM-2267-2001.dcm.png,704,Lateral,train
705_IM-2268-1001.dcm.png,705,Frontal,train
705_IM-2268-2001.dcm.png,705,Lateral,train
706_IM-2269-4004.dcm.png,706,Frontal,train
706_IM-2269-1001.dcm.png,706,Lateral,train
707_IM-2270-1001.dcm.png,707,Frontal,test
707_IM-2270-1002.dcm.png,707,Lateral,test
708_IM-2271-1001.dcm.png,708,Frontal,train
708_IM-2271-2001.dcm.png,708,Lateral,train
709_IM-2272-3001.dcm.png,709,Frontal,val
710_IM-2273-1001.dcm.png,710,Frontal,train
710_IM-2273-1002.dcm.png,710,Lateral,train
711_IM-2273-1001.dcm.png,711,Frontal,train
712_IM-2274-0001-0001.dcm.png,712,Frontal,train
712_IM-2274-0001-0003.dcm.png,712,Frontal,train
712_IM-2274-0001-0002.dcm.png,712,Lateral,train
713_IM-2275-1001.dcm.png,713,Frontal,train
713_IM-2275-2001.dcm.png,713,Lateral,train
714_IM-2276-1001.dcm.png,714,Frontal,train
714_IM-2276-3001.dcm.png,714,Frontal,train
714_IM-2276-2001.dcm.png,714,Lateral,train
715_IM-2277-2001.dcm.png,715,Frontal,train
715_IM-2277-3001.dcm.png,715,Lateral,train
716_IM-2278-0001-0001.dcm.png,716,Frontal,val
716_IM-2278-0001-0002.dcm.png,716,Lateral,val
717_IM-2279-1001.dcm.png,717,Frontal,train
717_IM-2279-2001.dcm.png,717,Lateral,train
718_IM-2280-1001.dcm.png,718,Frontal,val
718_IM-2280-3001.dcm.png,718,Lateral,val
719_IM-2280-1001.dcm.png,719,Frontal,train
719_IM-2280-2001.dcm.png,719,Lateral,train
720_IM-2281-1001.dcm.png,720,Frontal,train
720_IM-2281-2001.dcm.png,720,Lateral,train
721_IM-2282-1001.dcm.png,721,Frontal,train
721_IM-2282-2001.dcm.png,721,Lateral,train
722_IM-2282-1001.dcm.png,722,Frontal,train
722_IM-2282-2001.dcm.png,722,Lateral,train
723_IM-2283-1001.dcm.png,723,Frontal,train
723_IM-2283-2001.dcm.png,723,Lateral,train
725_IM-2285-1001.dcm.png,725,Frontal,val
725_IM-2285-3001.dcm.png,725,Frontal,val
725_IM-2285-4001.dcm.png,725,Lateral,val
726_IM-2286-2001.dcm.png,726,Frontal,train
726_IM-2286-1001.dcm.png,726,Lateral,train
727_IM-2287-1001.dcm.png,727,Frontal,train
727_IM-2287-2001.dcm.png,727,Lateral,train
728_IM-2287-1001.dcm.png,728,Frontal,train
728_IM-2287-2001.dcm.png,728,Lateral,train
729_IM-2288-1001.dcm.png,729,Frontal,test
729_IM-2288-2001.dcm.png,729,Lateral,test
730_IM-2290-1001.dcm.png,730,Frontal,train
730_IM-2290-1002.dcm.png,730,Lateral,train
731_IM-2291-1001.dcm.png,731,Frontal,val
731_IM-2291-2001.dcm.png,731,Lateral,val
732_IM-2292-1001-0002.dcm.png,732,Frontal,val
732_IM-2292-1001-0001.dcm.png,732,Lateral,val
733_IM-2293-0001-0002.dcm.png,733,Frontal,val
733_IM-2293-0001-0001.dcm.png,733,Lateral,val
734_IM-2293-0001-0002.dcm.png,734,Frontal,train
734_IM-2293-0001-0001.dcm.png,734,Lateral,train
735_IM-2294-1001.dcm.png,735,Frontal,train
735_IM-2294-3001.dcm.png,735,Frontal,train
735_IM-2294-2001.dcm.png,735,Lateral,train
736_IM-2295-1001-0001.dcm.png,736,Frontal,train
736_IM-2295-1001-0002.dcm.png,736,Lateral,train
737_IM-2295-1001.dcm.png,737,Frontal,train
737_IM-2295-2001.dcm.png,737,Lateral,train
738_IM-2296-1001.dcm.png,738,Frontal,train
738_IM-2296-2001.dcm.png,738,Lateral,train
739_IM-2296-1001.dcm.png,739,Frontal,val
739_IM-2296-2001.dcm.png,739,Lateral,val
740_IM-2297-2001.dcm.png,740,Frontal,train
741_IM-2297-1001.dcm.png,741,Frontal,test
742_IM-2298-1001.dcm.png,742,Frontal,train
742_IM-2298-2001.dcm.png,742,Lateral,train
743_IM-2299-1001.dcm.png,743,Frontal,train
743_IM-2299-2001.dcm.png,743,Lateral,train
744_IM-2299-1001.dcm.png,744,Frontal,val
744_IM-2299-2001.dcm.png,744,Lateral,val
745_IM-2299-1001.dcm.png,745,Frontal,train
745_IM-2299-2001.dcm.png,745,Lateral,train
746_IM-2300-3001.dcm.png,746,Frontal,train
746_IM-2300-2001.dcm.png,746,Lateral,train
747_IM-2301-1003002.dcm.png,747,Lateral,train
748_IM-2302-1001.dcm.png,748,Frontal,train
748_IM-2302-2001.dcm.png,748,Lateral,train
749_IM-2302-1001.dcm.png,749,Frontal,train
749_IM-2302-2001.dcm.png,749,Lateral,train
750_IM-2304-1001.dcm.png,750,Frontal,train
750_IM-2304-1002.dcm.png,750,Lateral,train
751_IM-2305-1001.dcm.png,751,Frontal,train
751_IM-2305-2001.dcm.png,751,Lateral,train
751_IM-2305-3001.dcm.png,751,Lateral,train
752_IM-2305-1001.dcm.png,752,Frontal,train
752_IM-2305-2001.dcm.png,752,Lateral,train
753_IM-2306-1001.dcm.png,753,Frontal,train
753_IM-2306-2001.dcm.png,753,Lateral,train
754_IM-2306-1001.dcm.png,754,Frontal,train
754_IM-2306-2001.dcm.png,754,Lateral,train
755_IM-2306-1001.dcm.png,755,Frontal,val
755_IM-2306-2001.dcm.png,755,Lateral,val
756_IM-2307-1001.dcm.png,756,Frontal,val
756_IM-2307-3001.dcm.png,756,Frontal,val
756_IM-2307-4001.dcm.png,756,Lateral,val
757_IM-2308-1001.dcm.png,757,Frontal,train
757_IM-2308-2001.dcm.png,757,Lateral,train
758_IM-2309-1001.dcm.png,758,Frontal,val
758_IM-2309-2001.dcm.png,758,Lateral,val
759_IM-2309-1001.dcm.png,759,Frontal,test
759_IM-2309-2001.dcm.png,759,Lateral,test
760_IM-2310-1001.dcm.png,760,Frontal,val
760_IM-2310-1002.dcm.png,760,Lateral,val
761_IM-2310-1001.dcm.png,761,Frontal,train
761_IM-2310-2001.dcm.png,761,Lateral,train
762_IM-2310-1001.dcm.png,762,Frontal,train
762_IM-2310-2001.dcm.png,762,Lateral,train
763_IM-2310-1001.dcm.png,763,Frontal,test
763_IM-2310-2001.dcm.png,763,Lateral,test
764_IM-2311-3001.dcm.png,764,Frontal,train
764_IM-2311-2001.dcm.png,764,Lateral,train
765_IM-2311-2001.dcm.png,765,Frontal,train
765_IM-2311-3001.dcm.png,765,Lateral,train
766_IM-2311-1001.dcm.png,766,Frontal,val
767_IM-2312-1001.dcm.png,767,Frontal,train
767_IM-2312-3001.dcm.png,767,Frontal,train
768_IM-2313-1001.dcm.png,768,Frontal,test
768_IM-2313-2001.dcm.png,768,Lateral,test
769_IM-2314-1001.dcm.png,769,Frontal,train
769_IM-2314-2001.dcm.png,769,Lateral,train
770_IM-2316-1001.dcm.png,770,Frontal,train
770_IM-2316-2001.dcm.png,770,Lateral,train
771_IM-2316-2001.dcm.png,771,Frontal,train
771_IM-2316-1001.dcm.png,771,Lateral,train
771_IM-2316-3001.dcm.png,771,Lateral,train
772_IM-2317-0001-0002.dcm.png,772,Frontal,train
773_IM-2318-1001.dcm.png,773,Frontal,train
773_IM-2318-2001.dcm.png,773,Lateral,train
774_IM-2318-1001.dcm.png,774,Frontal,test
776_IM-2319-1001.dcm.png,776,Frontal,train
776_IM-2319-2001.dcm.png,776,Lateral,train
777_IM-2320-4004.dcm.png,777,Frontal,train
777_IM-2320-2001.dcm.png,777,Lateral,train
778_IM-2321-1001.dcm.png,778,Frontal,test
778_IM-2321-2001.dcm.png,778,Lateral,test
779_IM-2321-1001.dcm.png,779,Frontal,train
779_IM-2321-2001.dcm.png,779,Lateral,train
780_IM-2323-2001.dcm.png,780,Frontal,train
780_IM-2323-1001.dcm.png,780,Lateral,train
781_IM-2323-1001.dcm.png,781,Frontal,train
781_IM-2323-2001.dcm.png,781,Lateral,train
782_IM-2324-1001.dcm.png,782,Frontal,train
782_IM-2324-2001.dcm.png,782,Lateral,train
783_IM-2325-1001.dcm.png,783,Frontal,train
783_IM-2325-2001.dcm.png,783,Lateral,train
784_IM-2325-1001-0002.dcm.png,784,Frontal,train
784_IM-2325-1001-0001.dcm.png,784,Lateral,train
785_IM-2325-1001.dcm.png,785,Frontal,train
785_IM-2325-2001.dcm.png,785,Lateral,train
786_IM-2326-1001.dcm.png,786,Frontal,train
787_IM-2327-2001.dcm.png,787,Lateral,train
788_IM-2328-1001.dcm.png,788,Frontal,test
788_IM-2328-2001.dcm.png,788,Lateral,test
790_IM-2329-1001.dcm.png,790,Frontal,train
790_IM-2329-1002.dcm.png,790,Lateral,train
791_IM-2330-1001.dcm.png,791,Frontal,train
791_IM-2330-2001.dcm.png,791,Lateral,train
792_IM-2330-1001.dcm.png,792,Frontal,train
792_IM-2330-2002.dcm.png,792,Lateral,train
793_IM-2330-1001.dcm.png,793,Frontal,val
793_IM-2330-2001.dcm.png,793,Lateral,val
794_IM-2331-1001.dcm.png,794,Frontal,train
794_IM-2331-2001.dcm.png,794,Lateral,train
795_IM-2331-1001.dcm.png,795,Frontal,train
795_IM-2331-1002.dcm.png,795,Lateral,train
796_IM-2332-1001.dcm.png,796,Frontal,test
796_IM-2332-2001.dcm.png,796,Lateral,test
797_IM-2332-1001.dcm.png,797,Frontal,train
797_IM-2332-2001.dcm.png,797,Lateral,train
798_IM-2332-1001.dcm.png,798,Frontal,train
798_IM-2332-2001.dcm.png,798,Lateral,train
799_IM-2333-1001.dcm.png,799,Frontal,train
799_IM-2333-2001.dcm.png,799,Lateral,train
800_IM-2334-4004-0001.dcm.png,800,Frontal,train
800_IM-2334-4004-0002.dcm.png,800,Frontal,train
800_IM-2334-4001.dcm.png,800,Lateral,train
801_IM-2335-1001.dcm.png,801,Frontal,train
801_IM-2335-2001.dcm.png,801,Lateral,train
802_IM-2336-4004.dcm.png,802,Frontal,train
802_IM-2336-3001.dcm.png,802,Lateral,train
803_IM-2337-2001.dcm.png,803,Lateral,train
804_IM-2338-2001.dcm.png,804,Frontal,test
804_IM-2338-1001.dcm.png,804,Lateral,test
805_IM-2339-1001.dcm.png,805,Frontal,test
805_IM-2339-2001.dcm.png,805,Lateral,test
806_IM-2340-0001-0002.dcm.png,806,Frontal,train
806_IM-2340-0001-0001.dcm.png,806,Lateral,train
808_IM-2341-2001.dcm.png,808,Frontal,val
808_IM-2341-1001.dcm.png,808,Lateral,val
809_IM-2342-1001.dcm.png,809,Frontal,val
809_IM-2342-2001.dcm.png,809,Lateral,val
810_IM-2343-1001.dcm.png,810,Frontal,val
810_IM-2343-2001.dcm.png,810,Lateral,val
811_IM-2343-1001.dcm.png,811,Frontal,train
811_IM-2343-2001.dcm.png,811,Lateral,train
812_IM-2343-1001.dcm.png,812,Frontal,train
812_IM-2343-2001.dcm.png,812,Lateral,train
813_IM-2344-1001.dcm.png,813,Frontal,train
813_IM-2344-3001.dcm.png,813,Lateral,train
814_IM-2345-1001.dcm.png,814,Frontal,train
814_IM-2345-2001.dcm.png,814,Lateral,train
815_IM-2346-1001.dcm.png,815,Frontal,train
815_IM-2346-1002.dcm.png,815,Lateral,train
817_IM-2348-0001-0002.dcm.png,817,Frontal,train
817_IM-2348-0001-0001.dcm.png,817,Lateral,train
817_IM-2348-0001-0003.dcm.png,817,Lateral,train
818_IM-2349-1001.dcm.png,818,Frontal,train
818_IM-2349-2001.dcm.png,818,Lateral,train
819_IM-2349-1001.dcm.png,819,Frontal,train
819_IM-2349-2001.dcm.png,819,Lateral,train
820_IM-2351-1001.dcm.png,820,Frontal,train
820_IM-2351-2001.dcm.png,820,Lateral,train
821_IM-2351-1001.dcm.png,821,Frontal,val
822_IM-2352-1001.dcm.png,822,Frontal,test
822_IM-2352-3003.dcm.png,822,Lateral,test
824_IM-2354-1001.dcm.png,824,Frontal,test
824_IM-2354-2001.dcm.png,824,Lateral,test
825_IM-2355-1001.dcm.png,825,Frontal,train
825_IM-2355-2001.dcm.png,825,Lateral,train
826_IM-2355-1001.dcm.png,826,Frontal,train
826_IM-2355-2001.dcm.png,826,Lateral,train
827_IM-2356-1001.dcm.png,827,Frontal,train
827_IM-2356-1002.dcm.png,827,Lateral,train
828_IM-2357-1001.dcm.png,828,Frontal,train
828_IM-2357-3001.dcm.png,828,Lateral,train
829_IM-2358-1001.dcm.png,829,Frontal,train
829_IM-2358-2001.dcm.png,829,Lateral,train
830_IM-2358-1001.dcm.png,830,Frontal,train
830_IM-2358-2001.dcm.png,830,Lateral,train
831_IM-2358-4004.dcm.png,831,Frontal,train
831_IM-2358-1001.dcm.png,831,Lateral,train
832_IM-2359-1001.dcm.png,832,Frontal,train
832_IM-2359-2001.dcm.png,832,Lateral,train
833_IM-2359-1001.dcm.png,833,Frontal,train
833_IM-2359-2001.dcm.png,833,Lateral,train
834_IM-2359-1001.dcm.png,834,Frontal,val
834_IM-2359-2001.dcm.png,834,Lateral,val
835_IM-2360-1001.dcm.png,835,Frontal,train
835_IM-2360-2001.dcm.png,835,Lateral,train
836_IM-2360-2001.dcm.png,836,Frontal,val
836_IM-2360-1001.dcm.png,836,Lateral,val
837_IM-2361-1001.dcm.png,837,Frontal,train
837_IM-2361-2001.dcm.png,837,Lateral,train
838_IM-2362-1001.dcm.png,838,Frontal,train
838_IM-2362-2001.dcm.png,838,Lateral,train
839_IM-2363-1001.dcm.png,839,Frontal,train
839_IM-2363-2001.dcm.png,839,Lateral,train
840_IM-2364-0001-0002.dcm.png,840,Frontal,train
840_IM-2364-0001-0001.dcm.png,840,Lateral,train
841_IM-2365-1001.dcm.png,841,Frontal,val
841_IM-2365-2001.dcm.png,841,Lateral,val
842_IM-2366-1001.dcm.png,842,Frontal,train
842_IM-2366-2001.dcm.png,842,Lateral,train
843_IM-2366-1001.dcm.png,843,Frontal,train
843_IM-2366-2001.dcm.png,843,Lateral,train
844_IM-2367-1001.dcm.png,844,Frontal,val
844_IM-2367-1002.dcm.png,844,Lateral,val
845_IM-2367-1001.dcm.png,845,Frontal,train
845_IM-2367-1002.dcm.png,845,Lateral,train
846_IM-2368-0001-0001.dcm.png,846,Frontal,val
846_IM-2368-0001-0002.dcm.png,846,Frontal,val
846_IM-2368-0001-0003.dcm.png,846,Lateral,val
846_IM-2368-0001-0004.dcm.png,846,Lateral,val
847_IM-2369-1001.dcm.png,847,Frontal,val
847_IM-2369-1002.dcm.png,847,Lateral,val
849_IM-2371-1001.dcm.png,849,Frontal,train
849_IM-2371-3001.dcm.png,849,Lateral,train
850_IM-2373-0001-0001.dcm.png,850,Frontal,train
850_IM-2373-0001-0002.dcm.png,850,Lateral,train
850_IM-2373-0001-0003.dcm.png,850,Lateral,train
851_IM-2374-13013.dcm.png,851,Lateral,train
853_IM-2375-1001.dcm.png,853,Frontal,train
853_IM-2375-2001.dcm.png,853,Lateral,train
854_IM-2376-1001.dcm.png,854,Frontal,val
854_IM-2376-2001.dcm.png,854,Lateral,val
855_IM-2376-1001.dcm.png,855,Frontal,train
855_IM-2376-2001.dcm.png,855,Lateral,train
856_IM-2377-1001.dcm.png,856,Frontal,train
856_IM-2377-2001.dcm.png,856,Lateral,train
857_IM-2378-1001.dcm.png,857,Frontal,train
857_IM-2378-3003.dcm.png,857,Lateral,train
858_IM-2379-1001.dcm.png,858,Frontal,train
858_IM-2379-2001.dcm.png,858,Lateral,train
859_IM-2380-1001.dcm.png,859,Frontal,train
859_IM-2380-2001.dcm.png,859,Lateral,train
860_IM-2381-4001.dcm.png,860,Frontal,train
860_IM-2381-2001.dcm.png,860,Lateral,train
861_IM-2382-1001.dcm.png,861,Frontal,train
861_IM-2382-1002.dcm.png,861,Lateral,train
862_IM-2383-1001.dcm.png,862,Frontal,train
862_IM-2383-2001.dcm.png,862,Lateral,train
863_IM-2383-1001.dcm.png,863,Frontal,train
863_IM-2383-3001.dcm.png,863,Frontal,train
863_IM-2383-2001.dcm.png,863,Lateral,train
864_IM-2384-1001.dcm.png,864,Frontal,train
864_IM-2384-1002.dcm.png,864,Lateral,train
865_IM-2385-1001.dcm.png,865,Frontal,train
865_IM-2385-2001.dcm.png,865,Lateral,train
866_IM-2386-3001.dcm.png,866,Lateral,val
867_IM-2387-1001.dcm.png,867,Frontal,val
867_IM-2387-2001.dcm.png,867,Lateral,val
868_IM-2388-1001.dcm.png,868,Frontal,val
868_IM-2388-1002.dcm.png,868,Lateral,val
869_IM-2389-2001.dcm.png,869,Frontal,test
869_IM-2389-1001.dcm.png,869,Lateral,test
870_IM-2391-1001.dcm.png,870,Frontal,train
870_IM-2391-2001.dcm.png,870,Lateral,train
871_IM-2391-2001.dcm.png,871,Frontal,train
871_IM-2391-1001.dcm.png,871,Lateral,train
872_IM-2391-1001.dcm.png,872,Frontal,train
872_IM-2391-2001.dcm.png,872,Lateral,train
874_IM-2392-2001.dcm.png,874,Lateral,train
875_IM-2392-1001.dcm.png,875,Frontal,val
877_IM-2392-1001.dcm.png,877,Frontal,train
877_IM-2392-2001.dcm.png,877,Lateral,train
878_IM-2392-1001.dcm.png,878,Frontal,train
878_IM-2392-2001.dcm.png,878,Lateral,train
879_IM-2393-12012.dcm.png,879,Frontal,train
879_IM-2393-3003.dcm.png,879,Lateral,train
880_IM-2395-1001.dcm.png,880,Frontal,train
880_IM-2395-2001.dcm.png,880,Lateral,train
881_IM-2396-1001.dcm.png,881,Frontal,train
881_IM-2396-2001.dcm.png,881,Lateral,train
882_IM-2397-0001-0002.dcm.png,882,Frontal,val
882_IM-2397-0001-0001.dcm.png,882,Lateral,val
883_IM-2398-1003.dcm.png,883,Frontal,test
883_IM-2398-1002.dcm.png,883,Lateral,test
884_IM-2398-1001.dcm.png,884,Frontal,train
884_IM-2398-1002.dcm.png,884,Lateral,train
885_IM-2399-2001.dcm.png,885,Lateral,val
886_IM-2400-1001.dcm.png,886,Frontal,train
886_IM-2400-1002.dcm.png,886,Lateral,train
887_IM-2400-1001.dcm.png,887,Frontal,train
887_IM-2400-2001.dcm.png,887,Lateral,train
888_IM-2401-1001.dcm.png,888,Frontal,test
888_IM-2401-2001.dcm.png,888,Lateral,test
889_IM-2401-1001.dcm.png,889,Frontal,train
889_IM-2401-2001.dcm.png,889,Lateral,train
890_IM-2403-1001.dcm.png,890,Frontal,val
890_IM-2403-2001.dcm.png,890,Lateral,val
891_IM-2403-1001.dcm.png,891,Frontal,train
891_IM-2403-2001.dcm.png,891,Lateral,train
892_IM-2403-1001.dcm.png,892,Frontal,train
892_IM-2403-2001.dcm.png,892,Lateral,train
893_IM-2403-1001.dcm.png,893,Frontal,train
893_IM-2403-2001.dcm.png,893,Lateral,train
894_IM-2404-0001-0001.dcm.png,894,Frontal,train
894_IM-2404-0001-0002.dcm.png,894,Lateral,train
896_IM-2406-1001.dcm.png,896,Frontal,train
896_IM-2406-2001.dcm.png,896,Lateral,train
896_IM-2406-3001.dcm.png,896,Lateral,train
897_IM-2406-1001.dcm.png,897,Frontal,train
897_IM-2406-2001.dcm.png,897,Lateral,train
899_IM-2407-1001.dcm.png,899,Frontal,train
899_IM-2407-2001.dcm.png,899,Lateral,train
900_IM-2408-2001.dcm.png,900,Lateral,train
901_IM-2409-2001.dcm.png,901,Frontal,train
901_IM-2409-3001.dcm.png,901,Frontal,train
901_IM-2409-1001.dcm.png,901,Lateral,train
902_IM-2409-1001.dcm.png,902,Frontal,train
902_IM-2409-2001.dcm.png,902,Lateral,train
903_IM-2409-1001.dcm.png,903,Frontal,train
903_IM-2409-1002.dcm.png,903,Lateral,train
904_IM-2409-3003.dcm.png,904,Lateral,val
905_IM-2410-0001-0001.dcm.png,905,Frontal,train
905_IM-2410-0001-0002.dcm.png,905,Lateral,train
906_IM-2411-1001.dcm.png,906,Frontal,val
906_IM-2411-2001.dcm.png,906,Lateral,val
907_IM-2412-82526002.dcm.png,907,Frontal,train
907_IM-2412-82526003.dcm.png,907,Lateral,train
908_IM-2413-1001.dcm.png,908,Frontal,train
908_IM-2413-3001.dcm.png,908,Lateral,train
909_IM-2414-1001.dcm.png,909,Frontal,train
909_IM-2414-1002.dcm.png,909,Lateral,train
910_IM-2416-2001.dcm.png,910,Frontal,train
910_IM-2416-1001.dcm.png,910,Lateral,train
911_IM-2417-1001.dcm.png,911,Frontal,train
911_IM-2417-1002.dcm.png,911,Lateral,train
912_IM-2417-1001.dcm.png,912,Frontal,val
912_IM-2417-2001.dcm.png,912,Lateral,val
913_IM-2417-1001.dcm.png,913,Frontal,train
913_IM-2417-2001.dcm.png,913,Lateral,train
914_IM-2417-1001.dcm.png,914,Frontal,val
914_IM-2417-3001.dcm.png,914,Lateral,val
915_IM-2418-2002.dcm.png,915,Frontal,train
915_IM-2418-3003.dcm.png,915,Lateral,train
916_IM-2419-1001.dcm.png,916,Frontal,train
916_IM-2419-2001.dcm.png,916,Lateral,train
917_IM-2419-1001.dcm.png,917,Frontal,train
917_IM-2419-2001.dcm.png,917,Lateral,train
918_IM-2420-4004.dcm.png,918,Frontal,train
918_IM-2420-4001.dcm.png,918,Lateral,train
919_IM-2421-1001.dcm.png,919,Frontal,test
919_IM-2421-2001.dcm.png,919,Lateral,test
920_IM-2423-1001.dcm.png,920,Frontal,train
920_IM-2423-1002.dcm.png,920,Lateral,train
921_IM-2423-1001.dcm.png,921,Frontal,train
921_IM-2423-2001.dcm.png,921,Lateral,train
922_IM-2423-2001.dcm.png,922,Frontal,train
922_IM-2423-1001.dcm.png,922,Lateral,train
923_IM-2424-2001.dcm.png,923,Frontal,train
923_IM-2424-3001.dcm.png,923,Lateral,train
925_IM-2425-2001.dcm.png,925,Frontal,train
925_IM-2425-1001.dcm.png,925,Lateral,train
926_IM-2425-1001.dcm.png,926,Frontal,train
926_IM-2425-2001.dcm.png,926,Lateral,train
927_IM-2425-1001.dcm.png,927,Frontal,test
927_IM-2425-2001.dcm.png,927,Lateral,test
928_IM-2426-1001.dcm.png,928,Frontal,train
928_IM-2426-2002.dcm.png,928,Lateral,train
929_IM-2427-1001.dcm.png,929,Frontal,val
929_IM-2427-2001.dcm.png,929,Lateral,val
930_IM-2429-2001.dcm.png,930,Frontal,train
930_IM-2429-1001.dcm.png,930,Lateral,train
930_IM-2429-3001.dcm.png,930,Lateral,train
931_IM-2429-1001.dcm.png,931,Frontal,train
931_IM-2429-2001.dcm.png,931,Lateral,train
932_IM-2430-4004.dcm.png,932,Frontal,test
932_IM-2430-2001.dcm.png,932,Lateral,test
932_IM-2430-3001.dcm.png,932,Lateral,test
933_IM-2431-1001.dcm.png,933,Frontal,val
933_IM-2431-1002.dcm.png,933,Lateral,val
934_IM-2432-1001.dcm.png,934,Frontal,train
934_IM-2432-2001.dcm.png,934,Lateral,train
935_IM-2432-1001.dcm.png,935,Frontal,train
935_IM-2432-2001.dcm.png,935,Lateral,train
936_IM-2432-1001.dcm.png,936,Frontal,test
937_IM-2433-1001.dcm.png,937,Frontal,val
937_IM-2433-2001.dcm.png,937,Lateral,val
938_IM-2434-1001.dcm.png,938,Frontal,test
938_IM-2434-2001.dcm.png,938,Lateral,test
939_IM-2435-1001.dcm.png,939,Frontal,test
939_IM-2435-2001.dcm.png,939,Lateral,test
940_IM-2437-2001.dcm.png,940,Frontal,val
940_IM-2437-3001.dcm.png,940,Lateral,val
941_IM-2438-1001.dcm.png,941,Frontal,val
941_IM-2438-2001.dcm.png,941,Lateral,val
942_IM-2438-1001.dcm.png,942,Frontal,val
942_IM-2438-2001.dcm.png,942,Lateral,val
943_IM-2439-5005.dcm.png,943,Frontal,train
943_IM-2439-3003.dcm.png,943,Lateral,train
944_IM-2440-1001.dcm.png,944,Frontal,train
944_IM-2440-2001.dcm.png,944,Lateral,train
945_IM-2440-1001.dcm.png,945,Frontal,test
945_IM-2440-2001.dcm.png,945,Lateral,test
946_IM-2441-1001.dcm.png,946,Frontal,train
946_IM-2441-2001.dcm.png,946,Lateral,train
947_IM-2442-2001.dcm.png,947,Frontal,train
947_IM-2442-1001.dcm.png,947,Lateral,train
948_IM-2443-1001.dcm.png,948,Frontal,train
948_IM-2443-2001.dcm.png,948,Lateral,train
949_IM-2444-1001.dcm.png,949,Frontal,train
950_IM-2446-1003002.dcm.png,950,Frontal,train
950_IM-2446-1004003.dcm.png,950,Lateral,train
951_IM-2447-1001.dcm.png,951,Frontal,train
951_IM-2447-2001.dcm.png,951,Lateral,train
952_IM-2447-2002.dcm.png,952,Frontal,train
952_IM-2447-3003.dcm.png,952,Lateral,train
953_IM-2447-1001.dcm.png,953,Frontal,train
954_IM-2448-12001.dcm.png,954,Frontal,train
955_IM-2449-1001.dcm.png,955,Frontal,val
955_IM-2449-2001.dcm.png,955,Lateral,val
956_IM-2449-1001.dcm.png,956,Frontal,train
957_IM-2449-1001.dcm.png,957,Frontal,test
957_IM-2449-2001.dcm.png,957,Lateral,test
958_IM-2449-1001.dcm.png,958,Frontal,train
958_IM-2449-1002.dcm.png,958,Lateral,train
959_IM-2449-2001.dcm.png,959,Frontal,val
959_IM-2449-1001.dcm.png,959,Lateral,val
960_IM-2451-4004.dcm.png,960,Frontal,train
960_IM-2451-11001.dcm.png,960,Lateral,train
961_IM-2452-84646001.dcm.png,961,Frontal,val
961_IM-2452-84646002.dcm.png,961,Lateral,val
962_IM-2453-1002001.dcm.png,962,Frontal,val
962_IM-2453-1003002.dcm.png,962,Lateral,val
963_IM-2454-1001.dcm.png,963,Frontal,val
963_IM-2454-2001.dcm.png,963,Lateral,val
964_IM-2454-1001.dcm.png,964,Frontal,train
964_IM-2454-1002.dcm.png,964,Lateral,train
965_IM-2455-1001.dcm.png,965,Frontal,train
965_IM-2455-2001.dcm.png,965,Lateral,train
966_IM-2456-1001.dcm.png,966,Frontal,train
966_IM-2456-2001.dcm.png,966,Lateral,train
967_IM-2457-2002.dcm.png,967,Frontal,test
967_IM-2457-3003.dcm.png,967,Lateral,test
968_IM-2458-1001.dcm.png,968,Frontal,train
968_IM-2458-2001.dcm.png,968,Lateral,train
969_IM-2459-1001.dcm.png,969,Frontal,train
969_IM-2459-2001.dcm.png,969,Lateral,train
970_IM-2460-2001.dcm.png,970,Frontal,train
970_IM-2460-3001.dcm.png,970,Lateral,train
971_IM-2461-2001.dcm.png,971,Frontal,train
971_IM-2461-1001.dcm.png,971,Lateral,train
972_IM-2461-1001-0001.dcm.png,972,Frontal,val
972_IM-2461-1001-0002.dcm.png,972,Lateral,val
973_IM-2462-1001.dcm.png,973,Frontal,train
973_IM-2462-2001.dcm.png,973,Lateral,train
974_IM-2463-1001.dcm.png,974,Frontal,train
974_IM-2463-2001.dcm.png,974,Lateral,train
974_IM-2463-3001.dcm.png,974,Lateral,train
975_IM-2464-1001.dcm.png,975,Frontal,train
975_IM-2464-2001.dcm.png,975,Lateral,train
976_IM-2464-1001.dcm.png,976,Frontal,train
976_IM-2464-2001.dcm.png,976,Lateral,train
977_IM-2465-1001.dcm.png,977,Frontal,train
977_IM-2465-2001.dcm.png,977,Lateral,train
978_IM-2465-2001.dcm.png,978,Lateral,test
979_IM-2466-1001.dcm.png,979,Frontal,train
979_IM-2466-2001.dcm.png,979,Lateral,train
980_IM-2468-1001.dcm.png,980,Frontal,val
980_IM-2468-2001.dcm.png,980,Lateral,val
981_IM-2469-1001.dcm.png,981,Frontal,val
982_IM-2470-1001.dcm.png,982,Frontal,train
982_IM-2470-3003.dcm.png,982,Lateral,train
983_IM-2471-1001.dcm.png,983,Frontal,train
983_IM-2471-2001.dcm.png,983,Lateral,train
984_IM-2471-1001.dcm.png,984,Frontal,val
984_IM-2471-2001.dcm.png,984,Lateral,val
984_IM-2471-3001.dcm.png,984,Lateral,val
985_IM-2472-1001.dcm.png,985,Frontal,train
986_IM-2473-2002.dcm.png,986,Frontal,train
986_IM-2473-3003.dcm.png,986,Lateral,train
987_IM-2474-1001.dcm.png,987,Frontal,train
988_IM-2474-1001.dcm.png,988,Frontal,train
988_IM-2474-2001.dcm.png,988,Lateral,train
989_IM-2475-1002001.dcm.png,989,Frontal,train
989_IM-2475-1003002.dcm.png,989,Lateral,train
990_IM-2476-1001.dcm.png,990,Frontal,train
990_IM-2476-2001.dcm.png,990,Lateral,train
991_IM-2476-1001.dcm.png,991,Frontal,train
991_IM-2476-2001.dcm.png,991,Lateral,train
992_IM-2477-0001-0002.dcm.png,992,Frontal,train
992_IM-2477-0001-0001.dcm.png,992,Lateral,train
993_IM-2478-1001.dcm.png,993,Frontal,train
993_IM-2478-1002.dcm.png,993,Lateral,train
994_IM-2478-1001.dcm.png,994,Lateral,train
994_IM-2478-2001.dcm.png,994,Lateral,train
995_IM-2478-1001.dcm.png,995,Frontal,train
995_IM-2478-1002.dcm.png,995,Lateral,train
996_IM-2479-1001.dcm.png,996,Frontal,train
996_IM-2479-2001.dcm.png,996,Lateral,train
997_IM-2479-1001.dcm.png,997,Frontal,val
997_IM-2479-2001.dcm.png,997,Lateral,val
998_IM-2479-1001.dcm.png,998,Frontal,train
998_IM-2479-2001.dcm.png,998,Lateral,train
999_IM-2480-1001.dcm.png,999,Frontal,train
999_IM-2480-3001.dcm.png,999,Frontal,train
999_IM-2480-2001.dcm.png,999,Lateral,train
1000_IM-0003-1001.dcm.png,1000,Frontal,train
1000_IM-0003-3001.dcm.png,1000,Frontal,train
1000_IM-0003-2001.dcm.png,1000,Lateral,train
1001_IM-0004-1001.dcm.png,1001,Frontal,train
1001_IM-0004-1002.dcm.png,1001,Lateral,train
1002_IM-0004-1001.dcm.png,1002,Frontal,train
1002_IM-0004-2001.dcm.png,1002,Lateral,train
1003_IM-0005-2002.dcm.png,1003,Frontal,train
1004_IM-0005-1001.dcm.png,1004,Frontal,train
1004_IM-0005-2001.dcm.png,1004,Lateral,train
1005_IM-0006-1001.dcm.png,1005,Frontal,train
1005_IM-0006-3003.dcm.png,1005,Lateral,train
1006_IM-0007-1001.dcm.png,1006,Frontal,train
1006_IM-0007-3003.dcm.png,1006,Lateral,train
1007_IM-0008-1001.dcm.png,1007,Frontal,train
1007_IM-0008-3001.dcm.png,1007,Frontal,train
1007_IM-0008-2001.dcm.png,1007,Lateral,train
1008_IM-0009-4004.dcm.png,1008,Frontal,train
1008_IM-0009-2001.dcm.png,1008,Lateral,train
1009_IM-0010-1001.dcm.png,1009,Frontal,test
1009_IM-0010-2001.dcm.png,1009,Lateral,test
1010_IM-0012-1001.dcm.png,1010,Frontal,train
1010_IM-0012-2001.dcm.png,1010,Lateral,train
1011_IM-0013-1001.dcm.png,1011,Frontal,train
1011_IM-0013-1002.dcm.png,1011,Lateral,train
1012_IM-0013-1001.dcm.png,1012,Frontal,train
1013_IM-0013-1001.dcm.png,1013,Frontal,train
1013_IM-0013-2001.dcm.png,1013,Lateral,train
1014_IM-0013-1001.dcm.png,1014,Frontal,val
1014_IM-0013-2001.dcm.png,1014,Lateral,val
1015_IM-0001-1001.dcm.png,1015,Frontal,train
1015_IM-0013-1001.dcm.png,1015,Frontal,train
1015_IM-0001-2001.dcm.png,1015,Lateral,train
1015_IM-0013-2001.dcm.png,1015,Lateral,train
1016_IM-0013-1001.dcm.png,1016,Frontal,train
1016_IM-0013-2001.dcm.png,1016,Lateral,train
1017_IM-0013-1001.dcm.png,1017,Frontal,train
1017_IM-0013-1002.dcm.png,1017,Lateral,train
1018_IM-0014-5001.dcm.png,1018,Frontal,train
1018_IM-0014-6001.dcm.png,1018,Lateral,train
1019_IM-0015-1001.dcm.png,1019,Frontal,train
1019_IM-0015-2001.dcm.png,1019,Lateral,train
1020_IM-0017-1001.dcm.png,1020,Frontal,train
1020_IM-0017-2001.dcm.png,1020,Lateral,train
1021_IM-0017-1001-0001.dcm.png,1021,Frontal,train
1021_IM-0017-1001-0002.dcm.png,1021,Lateral,train
1022_IM-0017-2001.dcm.png,1022,Frontal,test
1022_IM-0017-1001.dcm.png,1022,Lateral,test
1023_IM-0018-1001.dcm.png,1023,Frontal,test
1023_IM-0018-2001.dcm.png,1023,Lateral,test
1024_IM-0019-1001.dcm.png,1024,Frontal,train
1025_IM-0020-1001.dcm.png,1025,Frontal,test
1025_IM-0020-3001.dcm.png,1025,Lateral,test
1026_IM-0021-2002.dcm.png,1026,Frontal,train
1027_IM-0021-1001.dcm.png,1027,Frontal,train
1027_IM-0021-2001.dcm.png,1027,Lateral,train
1028_IM-0022-1001.dcm.png,1028,Frontal,train
1028_IM-0022-2001.dcm.png,1028,Lateral,train
1029_IM-0022-1001.dcm.png,1029,Frontal,val
1030_IM-0024-1001.dcm.png,1030,Frontal,test
1030_IM-0024-2001.dcm.png,1030,Lateral,test
1031_IM-0025-4004.dcm.png,1031,Frontal,train
1032_IM-0026-1001-0002.dcm.png,1032,Frontal,train
1032_IM-0026-1001-0001.dcm.png,1032,Lateral,train
1033_IM-0027-4004.dcm.png,1033,Frontal,train
1033_IM-0027-2001.dcm.png,1033,Lateral,train
1034_IM-0028-1001.dcm.png,1034,Frontal,train
1034_IM-0028-1002.dcm.png,1034,Lateral,train
1035_IM-0028-1001.dcm.png,1035,Frontal,train
1035_IM-0028-2001.dcm.png,1035,Lateral,train
1036_IM-0029-1001.dcm.png,1036,Frontal,train
1037_IM-0029-1001.dcm.png,1037,Frontal,test
1037_IM-0029-2001.dcm.png,1037,Lateral,test
1038_IM-0029-1001.dcm.png,1038,Frontal,train
1038_IM-0029-2001.dcm.png,1038,Lateral,train
1039_IM-0030-1002.dcm.png,1039,Frontal,train
1040_IM-0032-4004.dcm.png,1040,Frontal,train
1040_IM-0032-2001.dcm.png,1040,Lateral,train
1041_IM-0033-1001.dcm.png,1041,Frontal,train
1041_IM-0033-2001.dcm.png,1041,Lateral,train
1042_IM-0034-1001.dcm.png,1042,Frontal,test
1042_IM-0034-3001.dcm.png,1042,Lateral,test
1043_IM-0035-0001-0002.dcm.png,1043,Frontal,test
1043_IM-0035-0001-0001.dcm.png,1043,Lateral,test
1044_IM-0036-1001.dcm.png,1044,Frontal,train
1044_IM-0036-2001.dcm.png,1044,Lateral,train
1045_IM-0036-1001.dcm.png,1045,Frontal,val
1045_IM-0036-2001.dcm.png,1045,Lateral,val
1046_IM-0036-1001.dcm.png,1046,Frontal,train
1046_IM-0036-2001.dcm.png,1046,Lateral,train
1047_IM-0036-2001.dcm.png,1047,Frontal,train
1047_IM-0036-1001.dcm.png,1047,Lateral,train
1048_IM-0036-1001.dcm.png,1048,Frontal,train
1048_IM-0036-2001.dcm.png,1048,Lateral,train
1049_IM-0036-1001.dcm.png,1049,Frontal,val
1049_IM-0036-3001.dcm.png,1049,Lateral,val
1050_IM-0038-4004.dcm.png,1050,Frontal,train
1050_IM-0038-2001.dcm.png,1050,Lateral,train
1051_IM-0039-5001.dcm.png,1051,Frontal,train
1051_IM-0039-6001.dcm.png,1051,Lateral,train
1052_IM-0040-1001.dcm.png,1052,Frontal,train
1052_IM-0040-1002.dcm.png,1052,Lateral,train
1053_IM-0040-1001.dcm.png,1053,Frontal,train
1053_IM-0040-3003.dcm.png,1053,Lateral,train
1054_IM-0040-1001.dcm.png,1054,Frontal,train
1054_IM-0040-1002.dcm.png,1054,Lateral,train
1055_IM-0040-1001.dcm.png,1055,Frontal,val
1055_IM-0040-2001.dcm.png,1055,Lateral,val
1056_IM-0040-1001.dcm.png,1056,Frontal,test
1056_IM-0040-1002.dcm.png,1056,Frontal,test
1056_IM-0040-1003.dcm.png,1056,Lateral,test
1057_IM-0041-1001.dcm.png,1057,Frontal,train
1057_IM-0041-2001.dcm.png,1057,Lateral,train
1058_IM-0041-1001.dcm.png,1058,Frontal,train
1058_IM-0041-2001.dcm.png,1058,Lateral,train
1059_IM-0041-1001.dcm.png,1059,Frontal,test
1060_IM-0042-1001.dcm.png,1060,Frontal,train
1060_IM-0042-2001.dcm.png,1060,Lateral,train
1061_IM-0043-1001.dcm.png,1061,Frontal,train
1061_IM-0043-2001.dcm.png,1061,Lateral,train
1062_IM-0043-1001.dcm.png,1062,Frontal,train
1063_IM-0044-84654001.dcm.png,1063,Frontal,train
1063_IM-0044-84654002.dcm.png,1063,Lateral,train
1064_IM-0045-1001.dcm.png,1064,Frontal,val
1065_IM-0046-1001.dcm.png,1065,Frontal,test
1065_IM-0046-2001.dcm.png,1065,Lateral,test
1066_IM-0047-1001.dcm.png,1066,Frontal,train
1066_IM-0047-2001.dcm.png,1066,Lateral,train
1067_IM-0048-1001.dcm.png,1067,Frontal,train
1067_IM-0048-2001.dcm.png,1067,Lateral,train
1069_IM-0049-1001.dcm.png,1069,Frontal,train
1070_IM-0050-1001.dcm.png,1070,Frontal,train
1070_IM-0050-2001.dcm.png,1070,Lateral,train
1071_IM-0051-2001.dcm.png,1071,Lateral,train
1072_IM-0052-1001-0002.dcm.png,1072,Frontal,train
1072_IM-0052-1001-0001.dcm.png,1072,Lateral,train
1073_IM-0053-1001.dcm.png,1073,Frontal,train
1073_IM-0053-2001.dcm.png,1073,Lateral,train
1074_IM-0054-1001.dcm.png,1074,Frontal,train
1074_IM-0054-2001.dcm.png,1074,Lateral,train
1075_IM-0054-1001.dcm.png,1075,Frontal,train
1075_IM-0054-2001.dcm.png,1075,Lateral,train
1076_IM-0054-1001.dcm.png,1076,Frontal,test
1076_IM-0054-3001.dcm.png,1076,Lateral,test
1077_IM-0054-1001.dcm.png,1077,Frontal,test
1077_IM-0054-2001.dcm.png,1077,Lateral,test
1078_IM-0055-1001.dcm.png,1078,Frontal,train
1078_IM-0055-2001.dcm.png,1078,Lateral,train
1079_IM-0056-1001.dcm.png,1079,Frontal,val
1079_IM-0056-2001.dcm.png,1079,Lateral,val
1081_IM-0057-2002.dcm.png,1081,Frontal,train
1082_IM-0058-1001.dcm.png,1082,Frontal,train
1083_IM-0058-1001.dcm.png,1083,Frontal,train
1083_IM-0058-2001.dcm.png,1083,Lateral,train
1084_IM-0058-1001.dcm.png,1084,Frontal,train
1084_IM-0058-2001.dcm.png,1084,Lateral,train
1085_IM-0059-1001.dcm.png,1085,Frontal,val
1085_IM-0059-2001.dcm.png,1085,Lateral,val
1086_IM-0059-1001.dcm.png,1086,Frontal,train
1086_IM-0059-2001.dcm.png,1086,Lateral,train
1087_IM-0060-1002001.dcm.png,1087,Frontal,train
1087_IM-0060-1004003.dcm.png,1087,Lateral,train
1088_IM-0061-1001.dcm.png,1088,Frontal,train
1088_IM-0061-2001.dcm.png,1088,Lateral,train
1089_IM-0061-1001.dcm.png,1089,Frontal,train
1089_IM-0061-2001.dcm.png,1089,Lateral,train
1090_IM-0062-1001.dcm.png,1090,Frontal,train
1090_IM-0062-1002.dcm.png,1090,Lateral,train
1091_IM-0062-1001.dcm.png,1091,Frontal,train
1091_IM-0062-2001.dcm.png,1091,Lateral,train
1092_IM-0063-1001.dcm.png,1092,Frontal,train
1092_IM-0063-2001.dcm.png,1092,Lateral,train
1093_IM-0064-1001.dcm.png,1093,Frontal,train
1093_IM-0064-3003.dcm.png,1093,Lateral,train
1094_IM-0065-1001.dcm.png,1094,Frontal,train
1094_IM-0065-2001.dcm.png,1094,Lateral,train
1095_IM-0066-1001.dcm.png,1095,Frontal,train
1096_IM-0066-2001.dcm.png,1096,Lateral,train
1097_IM-0067-1001.dcm.png,1097,Frontal,train
1097_IM-0067-2001.dcm.png,1097,Lateral,train
1098_IM-0067-1001.dcm.png,1098,Frontal,train
1099_IM-0067-1001.dcm.png,1099,Frontal,test
1099_IM-0067-2001.dcm.png,1099,Lateral,test
1100_IM-0068-1001.dcm.png,1100,Frontal,train
1100_IM-0068-2001.dcm.png,1100,Lateral,train
1101_IM-0068-1001.dcm.png,1101,Frontal,train
1101_IM-0068-3001.dcm.png,1101,Frontal,train
1101_IM-0068-2001.dcm.png,1101,Lateral,train
1102_IM-0069-12012.dcm.png,1102,Frontal,train
1102_IM-0069-4004.dcm.png,1102,Frontal,train
1102_IM-0069-2001.dcm.png,1102,Lateral,train
1102_IM-0069-3001.dcm.png,1102,Lateral,train
1103_IM-0070-1001.dcm.png,1103,Frontal,train
1103_IM-0070-2001.dcm.png,1103,Lateral,train
1104_IM-0071-1001.dcm.png,1104,Frontal,train
1104_IM-0071-3001.dcm.png,1104,Lateral,train
1104_IM-0071-4001.dcm.png,1104,Lateral,train
1105_IM-0072-1001-0001.dcm.png,1105,Frontal,test
1105_IM-0072-1001-0002.dcm.png,1105,Lateral,test
1106_IM-0073-1001.dcm.png,1106,Frontal,train
1106_IM-0073-2001.dcm.png,1106,Lateral,train
1107_IM-0074-1001.dcm.png,1107,Frontal,train
1108_IM-0075-1001.dcm.png,1108,Frontal,train
1108_IM-0075-2001.dcm.png,1108,Lateral,train
1109_IM-0076-1001.dcm.png,1109,Frontal,train
1109_IM-0076-2001.dcm.png,1109,Lateral,train
1110_IM-0076-1001.dcm.png,1110,Frontal,val
1110_IM-0076-2001.dcm.png,1110,Lateral,val
1111_IM-0077-4004.dcm.png,1111,Frontal,train
1111_IM-0077-1001.dcm.png,1111,Lateral,train
1112_IM-0078-1001.dcm.png,1112,Frontal,train
1112_IM-0078-2001.dcm.png,1112,Lateral,train
1113_IM-0078-1001.dcm.png,1113,Frontal,train
1113_IM-0078-1002.dcm.png,1113,Lateral,train
1114_IM-0079-1001.dcm.png,1114,Frontal,train
1114_IM-0079-2001.dcm.png,1114,Lateral,train
1115_IM-0079-1001.dcm.png,1115,Frontal,test
1116_IM-0079-1001.dcm.png,1116,Frontal,train
1116_IM-0079-2001.dcm.png,1116,Lateral,train
1117_IM-0079-1001.dcm.png,1117,Frontal,train
1117_IM-0079-2001.dcm.png,1117,Lateral,train
1118_IM-0079-1001.dcm.png,1118,Frontal,train
1118_IM-0079-2001.dcm.png,1118,Lateral,train
1119_IM-0080-1001.dcm.png,1119,Frontal,train
1119_IM-0080-2001.dcm.png,1119,Lateral,train
1120_IM-0080-1001.dcm.png,1120,Frontal,train
1121_IM-0080-1001.dcm.png,1121,Frontal,train
1121_IM-0080-2001.dcm.png,1121,Lateral,train
1122_IM-0080-1001-0001.dcm.png,1122,Frontal,test
1122_IM-0080-1001-0002.dcm.png,1122,Frontal,test
1122_IM-0080-2001.dcm.png,1122,Lateral,test
1123_IM-0080-1001.dcm.png,1123,Frontal,train
1123_IM-0080-2001.dcm.png,1123,Lateral,train
1124_IM-0081-2001.dcm.png,1124,Frontal,train
1124_IM-0081-3001.dcm.png,1124,Lateral,train
1125_IM-0082-2001.dcm.png,1125,Frontal,val
1125_IM-0082-1001.dcm.png,1125,Lateral,val
1126_IM-0082-1001.dcm.png,1126,Frontal,train
1126_IM-0082-2001.dcm.png,1126,Lateral,train
1128_IM-0084-5001.dcm.png,1128,Frontal,train
1128_IM-0084-6001.dcm.png,1128,Lateral,train
1129_IM-0085-1001.dcm.png,1129,Frontal,train
1130_IM-0087-1001.dcm.png,1130,Frontal,test
1130_IM-0087-3003.dcm.png,1130,Lateral,test
1131_IM-0088-0001-0002.dcm.png,1131,Frontal,test
1131_IM-0088-0001-0001.dcm.png,1131,Lateral,test
1133_IM-0090-1001.dcm.png,1133,Frontal,train
1133_IM-0090-1002.dcm.png,1133,Lateral,train
1134_IM-0091-1001.dcm.png,1134,Frontal,train
1134_IM-0091-2001.dcm.png,1134,Lateral,train
1135_IM-0091-1001.dcm.png,1135,Frontal,test
1135_IM-0091-2001.dcm.png,1135,Lateral,test
1136_IM-0092-1001.dcm.png,1136,Frontal,train
1136_IM-0092-2001.dcm.png,1136,Lateral,train
1137_IM-0093-12012.dcm.png,1137,Frontal,test
1137_IM-0093-4004.dcm.png,1137,Frontal,test
1138_IM-0094-1001.dcm.png,1138,Frontal,test
1138_IM-0094-2001.dcm.png,1138,Lateral,test
1139_IM-0095-1001.dcm.png,1139,Frontal,train
1139_IM-0095-2001.dcm.png,1139,Lateral,train
1140_IM-0096-1001.dcm.png,1140,Frontal,train
1140_IM-0096-1002.dcm.png,1140,Lateral,train
1141_IM-0096-1001.dcm.png,1141,Frontal,train
1141_IM-0096-1002.dcm.png,1141,Lateral,train
1142_IM-0096-1001.dcm.png,1142,Frontal,train
1142_IM-0096-2001.dcm.png,1142,Lateral,train
1143_IM-0096-1001.dcm.png,1143,Frontal,val
1143_IM-0096-2001.dcm.png,1143,Lateral,val
1144_IM-0097-1001.dcm.png,1144,Frontal,train
1144_IM-0097-2001.dcm.png,1144,Lateral,train
1145_IM-0097-2002.dcm.png,1145,Frontal,test
1145_IM-0097-3003.dcm.png,1145,Lateral,test
1146_IM-0098-1001.dcm.png,1146,Frontal,train
1146_IM-0098-2001.dcm.png,1146,Lateral,train
1147_IM-0099-4004.dcm.png,1147,Frontal,train
1148_IM-0100-1001.dcm.png,1148,Frontal,train
1148_IM-0100-2001.dcm.png,1148,Lateral,train
1149_IM-0101-1001.dcm.png,1149,Frontal,train
1149_IM-0101-2001.dcm.png,1149,Lateral,train
1150_IM-0102-1003.dcm.png,1150,Frontal,val
1151_IM-0102-1001.dcm.png,1151,Frontal,test
1151_IM-0102-2001.dcm.png,1151,Lateral,test
1152_IM-0103-1001.dcm.png,1152,Frontal,train
1152_IM-0103-2001.dcm.png,1152,Lateral,train
1153_IM-0104-1001.dcm.png,1153,Frontal,train
1153_IM-0104-2001.dcm.png,1153,Lateral,train
1154_IM-0104-1001.dcm.png,1154,Frontal,test
1154_IM-0104-2001.dcm.png,1154,Lateral,test
1155_IM-0105-0001-0001.dcm.png,1155,Lateral,train
1156_IM-0106-1001.dcm.png,1156,Frontal,train
1156_IM-0106-2001.dcm.png,1156,Lateral,train
1157_IM-0106-1001.dcm.png,1157,Frontal,train
1157_IM-0106-2001.dcm.png,1157,Lateral,train
1158_IM-0107-1001.dcm.png,1158,Frontal,train
1158_IM-0107-2001.dcm.png,1158,Lateral,train
1159_IM-0107-1001.dcm.png,1159,Frontal,val
1160_IM-0107-1001.dcm.png,1160,Frontal,train
1160_IM-0107-1002.dcm.png,1160,Lateral,train
1161_IM-0107-1001.dcm.png,1161,Frontal,train
1161_IM-0107-2001.dcm.png,1161,Lateral,train
1162_IM-0108-1001.dcm.png,1162,Frontal,val
1162_IM-0108-2001.dcm.png,1162,Lateral,val
1163_IM-0108-1001.dcm.png,1163,Frontal,train
1163_IM-0108-2001.dcm.png,1163,Lateral,train
1164_IM-0109-0001-0002.dcm.png,1164,Frontal,train
1164_IM-0109-0001-0001.dcm.png,1164,Lateral,train
1165_IM-0110-1001.dcm.png,1165,Frontal,train
1166_IM-0111-1001.dcm.png,1166,Frontal,train
1166_IM-0111-2001.dcm.png,1166,Lateral,train
1167_IM-0112-1001.dcm.png,1167,Frontal,train
1167_IM-0112-2001.dcm.png,1167,Lateral,train
1168_IM-0112-1001.dcm.png,1168,Frontal,train
1168_IM-0112-1002.dcm.png,1168,Lateral,train
1169_IM-0113-0001-0002.dcm.png,1169,Frontal,test
1170_IM-0115-2001.dcm.png,1170,Frontal,train
1170_IM-0115-1001.dcm.png,1170,Lateral,train
1170_IM-0115-3001.dcm.png,1170,Lateral,train
1171_IM-0116-1001.dcm.png,1171,Frontal,train
1171_IM-0116-1002.dcm.png,1171,Lateral,train
1172_IM-0117-1001.dcm.png,1172,Frontal,train
1173_IM-0118-5001.dcm.png,1173,Frontal,train
1173_IM-0118-1001.dcm.png,1173,Lateral,train
1174_IM-0118-1001.dcm.png,1174,Frontal,train
1174_IM-0118-2001.dcm.png,1174,Lateral,train
1175_IM-0119-1001.dcm.png,1175,Frontal,train
1175_IM-0119-2001.dcm.png,1175,Lateral,train
1176_IM-0119-1001.dcm.png,1176,Frontal,train
1176_IM-0119-2001.dcm.png,1176,Lateral,train
1177_IM-0120-1001.dcm.png,1177,Frontal,train
1177_IM-0120-3001.dcm.png,1177,Lateral,train
1178_IM-0121-1001.dcm.png,1178,Frontal,train
1178_IM-0121-1002.dcm.png,1178,Lateral,train
1179_IM-0122-2002.dcm.png,1179,Frontal,train
1179_IM-0122-3003.dcm.png,1179,Lateral,train
1180_IM-0123-1001.dcm.png,1180,Frontal,val
1180_IM-0123-2001.dcm.png,1180,Lateral,val
1182_IM-0124-1001.dcm.png,1182,Frontal,test
1182_IM-0124-2001.dcm.png,1182,Lateral,test
1183_IM-0124-1001.dcm.png,1183,Frontal,train
1183_IM-0124-2001.dcm.png,1183,Lateral,train
1184_IM-0124-1001.dcm.png,1184,Frontal,train
1184_IM-0124-2001.dcm.png,1184,Lateral,train
1187_IM-0126-1001.dcm.png,1187,Frontal,test
1187_IM-0126-2001.dcm.png,1187,Lateral,test
1188_IM-0127-1001.dcm.png,1188,Frontal,test
1188_IM-0127-2001.dcm.png,1188,Lateral,test
1189_IM-0128-1001.dcm.png,1189,Frontal,train
1189_IM-0128-2001.dcm.png,1189,Lateral,train
1190_IM-0128-1001.dcm.png,1190,Frontal,train
1190_IM-0128-1002.dcm.png,1190,Frontal,train
1190_IM-0128-1003.dcm.png,1190,Lateral,train
1191_IM-0128-1001.dcm.png,1191,Frontal,val
1191_IM-0128-2001.dcm.png,1191,Lateral,val
1192_IM-0129-1001.dcm.png,1192,Frontal,train
1192_IM-0129-2001.dcm.png,1192,Lateral,train
1193_IM-0129-1001.dcm.png,1193,Frontal,test
1193_IM-0129-2001.dcm.png,1193,Lateral,test
1194_IM-0130-14001.dcm.png,1194,Lateral,train
1195_IM-0131-1001.dcm.png,1195,Frontal,train
1195_IM-0131-2001.dcm.png,1195,Lateral,train
1196_IM-0131-1001.dcm.png,1196,Frontal,train
1196_IM-0131-2001.dcm.png,1196,Lateral,train
1197_IM-0131-1001.dcm.png,1197,Frontal,val
1197_IM-0131-1002.dcm.png,1197,Lateral,val
1198_IM-0132-1001.dcm.png,1198,Frontal,train
1198_IM-0132-2001.dcm.png,1198,Lateral,train
1199_IM-0133-1001.dcm.png,1199,Frontal,train
1199_IM-0133-1002.dcm.png,1199,Lateral,train
1200_IM-0134-1001.dcm.png,1200,Frontal,train
1200_IM-0134-2001.dcm.png,1200,Lateral,train
1202_IM-0136-1001.dcm.png,1202,Frontal,train
1202_IM-0136-2001.dcm.png,1202,Lateral,train
1203_IM-0137-1001.dcm.png,1203,Frontal,train
1203_IM-0137-2001.dcm.png,1203,Lateral,train
1204_IM-0138-1001.dcm.png,1204,Frontal,train
1204_IM-0138-2001.dcm.png,1204,Lateral,train
1205_IM-0138-1001.dcm.png,1205,Frontal,train
1205_IM-0138-1002.dcm.png,1205,Lateral,train
1206_IM-0139-1001.dcm.png,1206,Frontal,val
1206_IM-0139-3003.dcm.png,1206,Lateral,val
1207_IM-0140-0001-0002.dcm.png,1207,Frontal,train
1207_IM-0140-0001-0001.dcm.png,1207,Lateral,train
1208_IM-0141-1001.dcm.png,1208,Frontal,test
1208_IM-0141-3001.dcm.png,1208,Frontal,test
1208_IM-0141-2001.dcm.png,1208,Lateral,test
1209_IM-0142-1001.dcm.png,1209,Frontal,train
1209_IM-0142-1002.dcm.png,1209,Lateral,train
1210_IM-0142-1001.dcm.png,1210,Frontal,test
1210_IM-0142-2001.dcm.png,1210,Lateral,test
1211_IM-0142-1001.dcm.png,1211,Frontal,train
1211_IM-0142-1002.dcm.png,1211,Lateral,train
1212_IM-0143-1001.dcm.png,1212,Frontal,train
1212_IM-0143-2001.dcm.png,1212,Lateral,train
1213_IM-0144-1001.dcm.png,1213,Frontal,train
1213_IM-0144-2001.dcm.png,1213,Lateral,train
1214_IM-0144-1001.dcm.png,1214,Frontal,val
1214_IM-0144-2001.dcm.png,1214,Lateral,val
1216_IM-0144-2001.dcm.png,1216,Lateral,train
1217_IM-0145-0001-0002.dcm.png,1217,Frontal,train
1217_IM-0145-0001-0001.dcm.png,1217,Lateral,train
1218_IM-0146-1001.dcm.png,1218,Frontal,train
1218_IM-0146-2001.dcm.png,1218,Lateral,train
1219_IM-0146-1001.dcm.png,1219,Frontal,test
1219_IM-0146-2001.dcm.png,1219,Lateral,test
1220_IM-0148-1001.dcm.png,1220,Frontal,train
1220_IM-0148-3001.dcm.png,1220,Frontal,train
1220_IM-0148-2001.dcm.png,1220,Lateral,train
1221_IM-0149-0001-0002.dcm.png,1221,Frontal,train
1221_IM-0149-0001-0001.dcm.png,1221,Lateral,train
1222_IM-0150-1001.dcm.png,1222,Frontal,train
1222_IM-0150-2001.dcm.png,1222,Lateral,train
1223_IM-0150-1001.dcm.png,1223,Frontal,train
1223_IM-0150-2001.dcm.png,1223,Lateral,train
1224_IM-0150-1001.dcm.png,1224,Frontal,train
1225_IM-0150-1001.dcm.png,1225,Frontal,train
1225_IM-0150-2001.dcm.png,1225,Lateral,train
1226_IM-0150-1001.dcm.png,1226,Frontal,val
1226_IM-0150-1002.dcm.png,1226,Lateral,val
1228_IM-0151-1001.dcm.png,1228,Frontal,test
1228_IM-0151-2001.dcm.png,1228,Lateral,test
1228_IM-0151-3001.dcm.png,1228,Lateral,test
1229_IM-0152-1001.dcm.png,1229,Frontal,train
1229_IM-0152-2001.dcm.png,1229,Lateral,train
1230_IM-0154-1001.dcm.png,1230,Frontal,train
1230_IM-0154-2001.dcm.png,1230,Frontal,train
1230_IM-0154-0001.dcm.png,1230,Lateral,train
1231_IM-0155-1001.dcm.png,1231,Frontal,train
1231_IM-0155-2001.dcm.png,1231,Lateral,train
1232_IM-0156-2001.dcm.png,1232,Lateral,train
1232_IM-0156-3001.dcm.png,1232,Lateral,train
1233_IM-0157-1001.dcm.png,1233,Frontal,train
1233_IM-0157-2001.dcm.png,1233,Lateral,train
1234_IM-0157-4004.dcm.png,1234,Frontal,val
1234_IM-0157-1001.dcm.png,1234,Lateral,val
1235_IM-0158-1001.dcm.png,1235,Frontal,train
1235_IM-0158-2001.dcm.png,1235,Lateral,train
1236_IM-0158-1001.dcm.png,1236,Frontal,train
1236_IM-0158-2001.dcm.png,1236,Lateral,train
1237_IM-0159-1001.dcm.png,1237,Frontal,test
1237_IM-0159-1002.dcm.png,1237,Lateral,test
1238_IM-0160-2002.dcm.png,1238,Frontal,train
1239_IM-0160-1001.dcm.png,1239,Frontal,val
1239_IM-0160-2001.dcm.png,1239,Lateral,val
1240_IM-0162-4001.dcm.png,1240,Frontal,train
1240_IM-0162-2001.dcm.png,1240,Lateral,train
1241_IM-0163-2002.dcm.png,1241,Frontal,train
1242_IM-0164-1001.dcm.png,1242,Frontal,train
1242_IM-0164-2001.dcm.png,1242,Lateral,train
1243_IM-0165-4004.dcm.png,1243,Frontal,train
1243_IM-0165-1001.dcm.png,1243,Lateral,train
1243_IM-0165-2001.dcm.png,1243,Lateral,train
1244_IM-0166-2001.dcm.png,1244,Frontal,train
1244_IM-0166-1001.dcm.png,1244,Lateral,train
1245_IM-0167-1001.dcm.png,1245,Frontal,train
1245_IM-0167-2001.dcm.png,1245,Lateral,train
1246_IM-0167-1001.dcm.png,1246,Frontal,test
1246_IM-0167-2001.dcm.png,1246,Lateral,test
1248_IM-0168-1001.dcm.png,1248,Frontal,val
1248_IM-0168-2001.dcm.png,1248,Lateral,val
1249_IM-0169-1001.dcm.png,1249,Frontal,train
1249_IM-0169-2001.dcm.png,1249,Lateral,train
1250_IM-0169-1001.dcm.png,1250,Frontal,train
1250_IM-0169-2001.dcm.png,1250,Lateral,train
1252_IM-0170-1001.dcm.png,1252,Frontal,train
1252_IM-0170-1002.dcm.png,1252,Lateral,train
1253_IM-0171-0001-0002.dcm.png,1253,Frontal,train
1253_IM-0171-0001-0001.dcm.png,1253,Lateral,train
1254_IM-0172-1001.dcm.png,1254,Frontal,train
1254_IM-0172-2001.dcm.png,1254,Lateral,train
1255_IM-0172-1001-0001.dcm.png,1255,Frontal,train
1255_IM-0172-1001-0002.dcm.png,1255,Lateral,train
1256_IM-0173-1001.dcm.png,1256,Frontal,train
1256_IM-0173-2001.dcm.png,1256,Lateral,train
1257_IM-0174-1001.dcm.png,1257,Frontal,train
1257_IM-0174-2001.dcm.png,1257,Lateral,train
1258_IM-0175-1001.dcm.png,1258,Frontal,train
1259_IM-0175-1001.dcm.png,1259,Frontal,train
1259_IM-0175-2001.dcm.png,1259,Lateral,train
1260_IM-0176-1001.dcm.png,1260,Frontal,val
1260_IM-0176-2001.dcm.png,1260,Lateral,val
1260_IM-0176-3001.dcm.png,1260,Lateral,val
1261_IM-0177-1001.dcm.png,1261,Frontal,test
1261_IM-0177-2001.dcm.png,1261,Lateral,test
1262_IM-0178-0001.dcm.png,1262,Frontal,train
1262_IM-0178-1001.dcm.png,1262,Lateral,train
1262_IM-0178-2001.dcm.png,1262,Lateral,train
1263_IM-0179-1001.dcm.png,1263,Frontal,val
1263_IM-0179-3001.dcm.png,1263,Lateral,val
1264_IM-0179-1001.dcm.png,1264,Frontal,train
1264_IM-0179-2001.dcm.png,1264,Lateral,train
1265_IM-0179-1001.dcm.png,1265,Frontal,train
1265_IM-0179-2001.dcm.png,1265,Lateral,train
1266_IM-0179-1001.dcm.png,1266,Frontal,train
1266_IM-0179-2001.dcm.png,1266,Lateral,train
1267_IM-0179-1001.dcm.png,1267,Frontal,train
1267_IM-0179-1002.dcm.png,1267,Lateral,train
1268_IM-0180-2001.dcm.png,1268,Lateral,train
1268_IM-0180-3001.dcm.png,1268,Lateral,train
1269_IM-0181-1001.dcm.png,1269,Frontal,train
1269_IM-0181-2001.dcm.png,1269,Lateral,train
1270_IM-0181-1001.dcm.png,1270,Frontal,test
1270_IM-0181-2001.dcm.png,1270,Lateral,test
1271_IM-0182-4004.dcm.png,1271,Frontal,train
1271_IM-0182-2001.dcm.png,1271,Lateral,train
1272_IM-0183-1001.dcm.png,1272,Frontal,train
1272_IM-0183-1002.dcm.png,1272,Lateral,train
1273_IM-0183-1001.dcm.png,1273,Frontal,train
1273_IM-0183-2001.dcm.png,1273,Lateral,train
1274_IM-0183-1001.dcm.png,1274,Frontal,train
1274_IM-0183-2001.dcm.png,1274,Lateral,train
1275_IM-0184-2001.dcm.png,1275,Lateral,train
1276_IM-0184-1001.dcm.png,1276,Frontal,train
1276_IM-0184-3001.dcm.png,1276,Frontal,train
1276_IM-0184-2001.dcm.png,1276,Lateral,train
1277_IM-0185-1001.dcm.png,1277,Frontal,val
1277_IM-0185-2001.dcm.png,1277,Lateral,val
1278_IM-0185-1001.dcm.png,1278,Frontal,test
1278_IM-0185-1002.dcm.png,1278,Lateral,test
1279_IM-0185-1001.dcm.png,1279,Frontal,test
1280_IM-0187-1001.dcm.png,1280,Frontal,train
1280_IM-0187-3001.dcm.png,1280,Lateral,train
1281_IM-0188-2001.dcm.png,1281,Lateral,train
1282_IM-0188-1001.dcm.png,1282,Frontal,train
1282_IM-0188-2001.dcm.png,1282,Lateral,train
1283_IM-0188-1001.dcm.png,1283,Frontal,test
1284_IM-0188-2001.dcm.png,1284,Lateral,train
1285_IM-0188-0001.dcm.png,1285,Frontal,val
1285_IM-0188-1001.dcm.png,1285,Lateral,val
1285_IM-0188-4001.dcm.png,1285,Lateral,val
1286_IM-0188-1002.dcm.png,1286,Lateral,train
1287_IM-0188-1001.dcm.png,1287,Frontal,train
1287_IM-0188-2001.dcm.png,1287,Lateral,train
1288_IM-0189-1001.dcm.png,1288,Frontal,val
1288_IM-0189-2001.dcm.png,1288,Lateral,val
1289_IM-0189-1001.dcm.png,1289,Frontal,train
1289_IM-0189-2001.dcm.png,1289,Lateral,train
1290_IM-0189-1001.dcm.png,1290,Frontal,train
1291_IM-0190-1001.dcm.png,1291,Frontal,train
1291_IM-0190-2001.dcm.png,1291,Lateral,train
1292_IM-0191-1001.dcm.png,1292,Frontal,train
1292_IM-0191-2001.dcm.png,1292,Lateral,train
1293_IM-0192-4004.dcm.png,1293,Frontal,train
1294_IM-0193-1001.dcm.png,1294,Frontal,val
1294_IM-0193-2001.dcm.png,1294,Lateral,val
1295_IM-0194-3003.dcm.png,1295,Frontal,train
1295_IM-0194-2002.dcm.png,1295,Lateral,train
1296_IM-0195-1001-0002.dcm.png,1296,Frontal,train
1296_IM-0195-1001-0001.dcm.png,1296,Lateral,train
1297_IM-0195-4004.dcm.png,1297,Frontal,train
1297_IM-0195-1001.dcm.png,1297,Lateral,train
1300_IM-0198-2001.dcm.png,1300,Lateral,test
1301_IM-0198-1001.dcm.png,1301,Frontal,train
1301_IM-0198-2001.dcm.png,1301,Lateral,train
1302_IM-0198-1001.dcm.png,1302,Frontal,train
1302_IM-0198-2001.dcm.png,1302,Lateral,train
1303_IM-0199-1001-0001.dcm.png,1303,Frontal,train
1303_IM-0199-1001-0002.dcm.png,1303,Frontal,train
1303_IM-0199-2001-0001.dcm.png,1303,Frontal,train
1303_IM-0199-2001-0003.dcm.png,1303,Frontal,train
1303_IM-0199-2001-0002.dcm.png,1303,Lateral,train
1304_IM-0199-1001.dcm.png,1304,Frontal,train
1304_IM-0199-2001.dcm.png,1304,Lateral,train
1305_IM-0199-1001.dcm.png,1305,Frontal,train
1305_IM-0199-1002.dcm.png,1305,Lateral,train
1306_IM-0200-2001.dcm.png,1306,Frontal,val
1306_IM-0200-3001.dcm.png,1306,Lateral,val
1307_IM-0200-2001.dcm.png,1307,Lateral,train
1308_IM-0201-1001.dcm.png,1308,Frontal,test
1308_IM-0201-2001.dcm.png,1308,Lateral,test
1309_IM-0201-1001-0001.dcm.png,1309,Frontal,test
1309_IM-0201-1001-0002.dcm.png,1309,Lateral,test
1310_IM-0202-1001.dcm.png,1310,Frontal,train
1310_IM-0202-2001.dcm.png,1310,Lateral,train
1311_IM-0203-1001.dcm.png,1311,Frontal,train
1311_IM-0203-1002.dcm.png,1311,Lateral,train
1312_IM-0203-1002.dcm.png,1312,Lateral,val
1313_IM-0204-2001.dcm.png,1313,Lateral,train
1314_IM-0204-1001.dcm.png,1314,Frontal,val
1314_IM-0204-2001.dcm.png,1314,Lateral,val
1315_IM-0204-1001.dcm.png,1315,Frontal,train
1315_IM-0204-2001.dcm.png,1315,Lateral,train
1316_IM-0205-1002.dcm.png,1316,Frontal,train
1316_IM-0205-1003.dcm.png,1316,Lateral,train
1317_IM-0205-1001.dcm.png,1317,Frontal,train
1317_IM-0205-1002.dcm.png,1317,Lateral,train
1318_IM-0205-1001.dcm.png,1318,Frontal,train
1318_IM-0205-2001.dcm.png,1318,Lateral,train
1319_IM-0205-1001.dcm.png,1319,Frontal,train
1319_IM-0205-3001.dcm.png,1319,Lateral,train
1320_IM-0207-1001.dcm.png,1320,Frontal,train
1320_IM-0207-2001.dcm.png,1320,Lateral,train
1321_IM-0207-1001.dcm.png,1321,Frontal,train
1321_IM-0207-2001.dcm.png,1321,Lateral,train
1322_IM-0208-3003.dcm.png,1322,Frontal,train
1323_IM-0209-1001.dcm.png,1323,Frontal,train
1323_IM-0209-2001.dcm.png,1323,Lateral,train
1324_IM-0209-1001.dcm.png,1324,Frontal,train
1324_IM-0209-2001.dcm.png,1324,Lateral,train
1326_IM-0210-0001-0002.dcm.png,1326,Frontal,train
1326_IM-0210-0001-0001.dcm.png,1326,Lateral,train
1327_IM-0211-1001.dcm.png,1327,Frontal,train
1327_IM-0211-1002.dcm.png,1327,Lateral,train
1328_IM-0211-3001.dcm.png,1328,Lateral,val
1329_IM-0211-1001.dcm.png,1329,Frontal,test
1329_IM-0211-2001.dcm.png,1329,Lateral,test
1330_IM-0213-1001.dcm.png,1330,Frontal,test
1330_IM-0213-2001.dcm.png,1330,Lateral,test
1331_IM-0213-1002.dcm.png,1331,Lateral,test
1332_IM-0213-1001-0001.dcm.png,1332,Frontal,train
1332_IM-0213-1001-0002.dcm.png,1332,Lateral,train
1333_IM-0214-1001.dcm.png,1333,Frontal,train
1333_IM-0214-2001.dcm.png,1333,Lateral,train
1334_IM-0214-1001.dcm.png,1334,Frontal,val
1334_IM-0214-2001.dcm.png,1334,Lateral,val
1335_IM-0215-1001.dcm.png,1335,Frontal,train
1335_IM-0215-1002.dcm.png,1335,Lateral,train
1336_IM-0216-2001.dcm.png,1336,Lateral,test
1337_IM-0216-2001.dcm.png,1337,Frontal,val
1337_IM-0216-3001.dcm.png,1337,Lateral,val
1338_IM-0217-1002.dcm.png,1338,Lateral,train
1339_IM-0218-1001.dcm.png,1339,Frontal,train
1339_IM-0218-2001.dcm.png,1339,Frontal,train
1340_IM-0220-1001.dcm.png,1340,Frontal,train
1340_IM-0220-2001.dcm.png,1340,Lateral,train
1341_IM-0220-3001.dcm.png,1341,Frontal,train
1341_IM-0220-2001.dcm.png,1341,Lateral,train
1342_IM-0221-1001.dcm.png,1342,Frontal,train
1342_IM-0221-2001.dcm.png,1342,Lateral,train
1343_IM-0222-0001-0002.dcm.png,1343,Frontal,train
1343_IM-0222-0001-0001.dcm.png,1343,Lateral,train
1344_IM-0223-1001.dcm.png,1344,Frontal,train
1344_IM-0223-1002.dcm.png,1344,Lateral,train
1345_IM-0223-1001.dcm.png,1345,Frontal,test
1345_IM-0223-2001.dcm.png,1345,Lateral,test
1346_IM-0224-4001.dcm.png,1346,Frontal,train
1346_IM-0224-8001.dcm.png,1346,Frontal,train
1346_IM-0224-2001.dcm.png,1346,Lateral,train
1347_IM-0225-4004.dcm.png,1347,Frontal,train
1347_IM-0225-3001.dcm.png,1347,Lateral,train
1348_IM-0226-4004-0001.dcm.png,1348,Frontal,train
1348_IM-0226-4004-0002.dcm.png,1348,Frontal,train
1349_IM-0227-1001.dcm.png,1349,Frontal,train
1349_IM-0227-2001.dcm.png,1349,Lateral,train
1350_IM-0227-1001.dcm.png,1350,Frontal,train
1350_IM-0227-2001.dcm.png,1350,Lateral,train
1351_IM-0228-1001.dcm.png,1351,Frontal,train
1351_IM-0228-2001.dcm.png,1351,Lateral,train
1352_IM-0229-1001.dcm.png,1352,Frontal,train
1352_IM-0229-2001.dcm.png,1352,Lateral,train
1353_IM-0230-1001.dcm.png,1353,Frontal,train
1353_IM-0230-2001.dcm.png,1353,Lateral,train
1354_IM-0230-1001.dcm.png,1354,Frontal,train
1354_IM-0230-2001.dcm.png,1354,Lateral,train
1355_IM-0230-1001.dcm.png,1355,Frontal,test
1355_IM-0230-2001.dcm.png,1355,Lateral,test
1356_IM-0231-1001.dcm.png,1356,Frontal,train
1356_IM-0231-2001.dcm.png,1356,Lateral,train
1357_IM-0231-1002.dcm.png,1357,Lateral,val
1358_IM-0232-1001.dcm.png,1358,Frontal,train
1358_IM-0232-3001.dcm.png,1358,Frontal,train
1358_IM-0232-2001.dcm.png,1358,Lateral,train
1359_IM-0233-1001.dcm.png,1359,Frontal,train
1359_IM-0233-2001.dcm.png,1359,Lateral,train
1360_IM-0234-0001-0001.dcm.png,1360,Frontal,train
1360_IM-0234-0001-0002.dcm.png,1360,Lateral,train
1361_IM-0235-1001.dcm.png,1361,Frontal,val
1361_IM-0235-2001.dcm.png,1361,Lateral,val
1362_IM-0235-1001.dcm.png,1362,Frontal,train
1362_IM-0235-2001.dcm.png,1362,Lateral,train
1363_IM-0236-0001-0002.dcm.png,1363,Frontal,train
1363_IM-0236-0001-0001.dcm.png,1363,Lateral,train
1364_IM-0237-1001.dcm.png,1364,Frontal,train
1364_IM-0237-2001.dcm.png,1364,Lateral,train
1365_IM-0237-1001.dcm.png,1365,Frontal,val
1365_IM-0237-2001.dcm.png,1365,Lateral,val
1366_IM-0237-1001.dcm.png,1366,Frontal,train
1366_IM-0237-2001.dcm.png,1366,Lateral,train
1367_IM-0237-1001.dcm.png,1367,Frontal,train
1367_IM-0237-2001.dcm.png,1367,Lateral,train
1368_IM-0237-1001.dcm.png,1368,Frontal,train
1368_IM-0237-2001.dcm.png,1368,Lateral,train
1369_IM-0238-1001.dcm.png,1369,Frontal,train
1369_IM-0238-2001.dcm.png,1369,Lateral,train
1370_IM-0239-1001.dcm.png,1370,Frontal,train
1370_IM-0239-2001.dcm.png,1370,Lateral,train
1371_IM-0239-1001.dcm.png,1371,Frontal,train
1371_IM-0239-2001.dcm.png,1371,Lateral,train
1372_IM-0239-1001.dcm.png,1372,Frontal,train
1372_IM-0239-2001.dcm.png,1372,Lateral,train
1373_IM-0240-1001.dcm.png,1373,Frontal,train
1373_IM-0240-2001.dcm.png,1373,Lateral,train
1374_IM-0240-1001.dcm.png,1374,Frontal,train
1374_IM-0240-2001.dcm.png,1374,Lateral,train
1375_IM-0241-1001.dcm.png,1375,Frontal,train
1375_IM-0241-3001.dcm.png,1375,Frontal,train
1375_IM-0241-4001.dcm.png,1375,Lateral,train
1376_IM-0242-1001.dcm.png,1376,Frontal,val
1376_IM-0242-2001.dcm.png,1376,Lateral,val
1377_IM-0242-1001.dcm.png,1377,Frontal,train
1377_IM-0242-2001.dcm.png,1377,Lateral,train
1378_IM-0242-1001.dcm.png,1378,Frontal,train
1378_IM-0242-2001.dcm.png,1378,Lateral,train
1379_IM-0243-1001.dcm.png,1379,Frontal,train
1379_IM-0243-2001.dcm.png,1379,Lateral,train
1380_IM-0245-1001.dcm.png,1380,Frontal,val
1380_IM-0245-1002.dcm.png,1380,Lateral,val
1381_IM-0245-1001.dcm.png,1381,Frontal,train
1381_IM-0245-2001.dcm.png,1381,Lateral,train
1382_IM-0245-1001.dcm.png,1382,Frontal,test
1382_IM-0245-2001.dcm.png,1382,Lateral,test
1383_IM-0245-1001.dcm.png,1383,Frontal,test
1383_IM-0245-1002.dcm.png,1383,Lateral,test
1384_IM-0246-1001.dcm.png,1384,Frontal,train
1384_IM-0246-2001.dcm.png,1384,Lateral,train
1385_IM-0246-1001.dcm.png,1385,Frontal,test
1385_IM-0246-2001.dcm.png,1385,Lateral,test
1386_IM-0246-1001.dcm.png,1386,Frontal,train
1386_IM-0246-2001.dcm.png,1386,Lateral,train
1387_IM-0246-2001.dcm.png,1387,Lateral,train
1388_IM-0246-1001.dcm.png,1388,Frontal,train
1388_IM-0246-2001.dcm.png,1388,Lateral,train
1389_IM-0247-1001.dcm.png,1389,Frontal,train
1389_IM-0247-2001.dcm.png,1389,Lateral,train
1389_IM-0247-3001.dcm.png,1389,Lateral,train
1390_IM-0249-1001.dcm.png,1390,Frontal,test
1390_IM-0249-2001.dcm.png,1390,Lateral,test
1391_IM-0250-1001.dcm.png,1391,Frontal,train
1391_IM-0250-5001.dcm.png,1391,Lateral,train
1392_IM-0251-1001.dcm.png,1392,Frontal,train
1392_IM-0251-2001.dcm.png,1392,Lateral,train
1393_IM-0251-1001.dcm.png,1393,Frontal,train
1393_IM-0251-2001.dcm.png,1393,Lateral,train
1394_IM-0251-1001.dcm.png,1394,Frontal,val
1394_IM-0251-1002.dcm.png,1394,Lateral,val
1395_IM-0251-1001.dcm.png,1395,Frontal,train
1395_IM-0251-2001.dcm.png,1395,Lateral,train
1396_IM-0252-2001.dcm.png,1396,Frontal,train
1396_IM-0252-1001.dcm.png,1396,Lateral,train
1397_IM-0253-1001.dcm.png,1397,Frontal,val
1397_IM-0253-2001.dcm.png,1397,Lateral,val
1398_IM-0254-1001.dcm.png,1398,Frontal,train
1399_IM-0255-1001.dcm.png,1399,Frontal,train
1399_IM-0255-12012.dcm.png,1399,Lateral,train
1400_IM-0256-1001.dcm.png,1400,Frontal,train
1400_IM-0256-1002.dcm.png,1400,Lateral,train
1401_IM-0256-1001.dcm.png,1401,Frontal,test
1401_IM-0256-1002.dcm.png,1401,Lateral,test
1402_IM-0257-1001.dcm.png,1402,Frontal,train
1402_IM-0257-2001.dcm.png,1402,Frontal,train
1402_IM-0257-3001.dcm.png,1402,Lateral,train
1403_IM-0258-1001.dcm.png,1403,Frontal,train
1403_IM-0258-2001.dcm.png,1403,Lateral,train
1404_IM-0258-1001.dcm.png,1404,Frontal,train
1404_IM-0258-2001.dcm.png,1404,Lateral,train
1405_IM-0259-1001.dcm.png,1405,Frontal,train
1405_IM-0259-2001.dcm.png,1405,Lateral,train
1406_IM-0259-1001.dcm.png,1406,Frontal,val
1406_IM-0259-2001.dcm.png,1406,Lateral,val
1407_IM-0260-1001.dcm.png,1407,Frontal,train
1407_IM-0260-2001.dcm.png,1407,Lateral,train
1408_IM-0260-1001.dcm.png,1408,Frontal,train
1409_IM-0260-1001.dcm.png,1409,Frontal,train
1409_IM-0260-2001.dcm.png,1409,Lateral,train
1410_IM-0260-1001.dcm.png,1410,Frontal,train
1410_IM-0260-1002.dcm.png,1410,Lateral,train
1411_IM-0261-0001-0001.dcm.png,1411,Frontal,train
1411_IM-0261-0001-0002.dcm.png,1411,Lateral,train
1412_IM-0262-1001.dcm.png,1412,Frontal,test
1412_IM-0262-3003.dcm.png,1412,Lateral,test
1413_IM-0263-4004.dcm.png,1413,Frontal,train
1413_IM-0263-1001.dcm.png,1413,Lateral,train
1414_IM-0264-1001.dcm.png,1414,Frontal,train
1414_IM-0264-1002.dcm.png,1414,Lateral,train
1415_IM-0264-1001.dcm.png,1415,Frontal,train
1415_IM-0264-2001.dcm.png,1415,Lateral,train
1416_IM-0265-1001.dcm.png,1416,Frontal,train
1416_IM-0265-2001.dcm.png,1416,Lateral,train
1417_IM-0266-1001.dcm.png,1417,Frontal,val
1417_IM-0266-1002.dcm.png,1417,Lateral,val
1418_IM-0267-2002.dcm.png,1418,Frontal,train
1418_IM-0267-1001.dcm.png,1418,Lateral,train
1419_IM-0267-1001.dcm.png,1419,Frontal,train
1419_IM-0267-2001.dcm.png,1419,Lateral,train
1420_IM-0268-1001.dcm.png,1420,Frontal,test
1420_IM-0268-2001.dcm.png,1420,Lateral,test
1420_IM-0268-3001.dcm.png,1420,Lateral,test
1421_IM-0269-2001.dcm.png,1421,Lateral,train
1422_IM-0269-1001.dcm.png,1422,Frontal,val
1422_IM-0269-2001.dcm.png,1422,Lateral,val
1423_IM-0270-1001.dcm.png,1423,Frontal,val
1423_IM-0270-2001.dcm.png,1423,Lateral,val
1424_IM-0271-2002.dcm.png,1424,Frontal,train
1424_IM-0271-3003.dcm.png,1424,Lateral,train
1425_IM-0272-1001.dcm.png,1425,Frontal,train
1425_IM-0272-1002.dcm.png,1425,Lateral,train
1426_IM-0272-1001.dcm.png,1426,Frontal,train
1426_IM-0272-2001.dcm.png,1426,Lateral,train
1427_IM-0273-12012.dcm.png,1427,Frontal,train
1428_IM-0274-1001.dcm.png,1428,Frontal,train
1428_IM-0274-2001.dcm.png,1428,Lateral,train
1429_IM-0275-1001.dcm.png,1429,Frontal,train
1429_IM-0275-2001.dcm.png,1429,Lateral,train
1430_IM-0277-2001.dcm.png,1430,Frontal,train
1431_IM-0278-1001.dcm.png,1431,Frontal,val
1431_IM-0278-2001.dcm.png,1431,Lateral,val
1432_IM-0278-1001.dcm.png,1432,Frontal,train
1432_IM-0278-2001.dcm.png,1432,Lateral,train
1433_IM-0278-1001.dcm.png,1433,Frontal,test
1433_IM-0278-2001.dcm.png,1433,Lateral,test
1434_IM-0279-1001.dcm.png,1434,Frontal,test
1434_IM-0279-2001.dcm.png,1434,Lateral,test
1435_IM-0280-1001.dcm.png,1435,Frontal,val
1435_IM-0280-2001.dcm.png,1435,Lateral,val
1436_IM-0280-1001.dcm.png,1436,Frontal,test
1436_IM-0280-1002.dcm.png,1436,Lateral,test
1437_IM-0281-3001.dcm.png,1437,Frontal,test
1437_IM-0281-2001.dcm.png,1437,Lateral,test
1438_IM-0282-1002.dcm.png,1438,Frontal,train
1438_IM-0282-1003.dcm.png,1438,Lateral,train
1439_IM-0282-1001.dcm.png,1439,Frontal,train
1439_IM-0282-1002.dcm.png,1439,Lateral,train
1440_IM-0284-1001.dcm.png,1440,Frontal,train
1440_IM-0284-2001.dcm.png,1440,Lateral,train
1441_IM-0285-1001.dcm.png,1441,Frontal,train
1441_IM-0285-2001.dcm.png,1441,Lateral,train
1442_IM-0286-1001.dcm.png,1442,Frontal,train
1442_IM-0286-2001.dcm.png,1442,Lateral,train
1443_IM-0286-1001.dcm.png,1443,Frontal,train
1443_IM-0286-2001.dcm.png,1443,Lateral,train
1444_IM-0286-1001.dcm.png,1444,Frontal,train
1445_IM-0287-4004.dcm.png,1445,Frontal,train
1445_IM-0287-0001.dcm.png,1445,Lateral,train
1446_IM-0288-1001.dcm.png,1446,Frontal,test
1446_IM-0288-1002.dcm.png,1446,Lateral,test
1447_IM-0289-1001.dcm.png,1447,Frontal,test
1447_IM-0289-2001.dcm.png,1447,Lateral,test
1448_IM-0289-1001.dcm.png,1448,Frontal,train
1448_IM-0289-2001.dcm.png,1448,Lateral,train
1449_IM-0290-1001.dcm.png,1449,Frontal,train
1449_IM-0290-2001.dcm.png,1449,Lateral,train
1450_IM-0291-1001.dcm.png,1450,Frontal,test
1450_IM-0291-2001.dcm.png,1450,Lateral,test
1451_IM-0291-1001.dcm.png,1451,Frontal,val
1451_IM-0291-2001.dcm.png,1451,Lateral,val
1452_IM-0291-1001.dcm.png,1452,Frontal,train
1452_IM-0291-2001.dcm.png,1452,Lateral,train
1453_IM-0292-12012.dcm.png,1453,Frontal,train
1453_IM-0292-1001.dcm.png,1453,Lateral,train
1454_IM-0293-1001.dcm.png,1454,Frontal,train
1454_IM-0293-2001.dcm.png,1454,Lateral,train
1455_IM-0293-1001.dcm.png,1455,Frontal,train
1455_IM-0293-2001.dcm.png,1455,Lateral,train
1456_IM-0294-1001.dcm.png,1456,Frontal,val
1456_IM-0294-2001.dcm.png,1456,Lateral,val
1457_IM-0295-2002.dcm.png,1457,Lateral,train
1458_IM-0296-1001.dcm.png,1458,Frontal,train
1458_IM-0296-2001.dcm.png,1458,Lateral,train
1459_IM-0297-1001.dcm.png,1459,Frontal,train
1459_IM-0297-3001.dcm.png,1459,Frontal,train
1459_IM-0297-2001.dcm.png,1459,Lateral,train
1460_IM-0298-1001.dcm.png,1460,Frontal,train
1460_IM-0298-2001.dcm.png,1460,Lateral,train
1461_IM-0299-1001.dcm.png,1461,Frontal,train
1461_IM-0299-2001.dcm.png,1461,Lateral,train
1462_IM-0299-1001.dcm.png,1462,Frontal,train
1462_IM-0299-2001.dcm.png,1462,Lateral,train
1463_IM-0300-1001.dcm.png,1463,Frontal,train
1464_IM-0301-1001.dcm.png,1464,Frontal,train
1464_IM-0301-2001.dcm.png,1464,Lateral,train
1465_IM-0302-1001.dcm.png,1465,Frontal,train
1465_IM-0302-2001.dcm.png,1465,Lateral,train
1466_IM-0302-1001.dcm.png,1466,Frontal,val
1466_IM-0302-1002.dcm.png,1466,Lateral,val
1467_IM-0302-1001.dcm.png,1467,Frontal,train
1467_IM-0302-2001.dcm.png,1467,Lateral,train
1468_IM-0303-1001.dcm.png,1468,Frontal,test
1468_IM-0303-2001.dcm.png,1468,Lateral,test
1469_IM-0303-1001.dcm.png,1469,Frontal,val
1469_IM-0303-2001.dcm.png,1469,Lateral,val
1470_IM-0303-1001.dcm.png,1470,Frontal,train
1470_IM-0303-2001.dcm.png,1470,Lateral,train
1471_IM-0304-2001.dcm.png,1471,Frontal,train
1471_IM-0304-3001.dcm.png,1471,Lateral,train
1472_IM-0305-1001.dcm.png,1472,Frontal,test
1472_IM-0305-2001.dcm.png,1472,Lateral,test
1473_IM-0306-1001.dcm.png,1473,Frontal,val
1473_IM-0306-1002.dcm.png,1473,Lateral,val
1474_IM-0307-1001.dcm.png,1474,Frontal,test
1474_IM-0307-2001.dcm.png,1474,Lateral,test
1475_IM-0307-1001.dcm.png,1475,Frontal,train
1476_IM-0308-1001.dcm.png,1476,Frontal,test
1476_IM-0308-3001.dcm.png,1476,Lateral,test
1477_IM-0309-1001.dcm.png,1477,Frontal,train
1477_IM-0309-2001.dcm.png,1477,Lateral,train
1478_IM-0310-0001-0002.dcm.png,1478,Frontal,train
1478_IM-0310-0001-0003.dcm.png,1478,Frontal,train
1478_IM-0310-0001-0001.dcm.png,1478,Lateral,train
1479_IM-0311-1001.dcm.png,1479,Frontal,train
1479_IM-0311-2001.dcm.png,1479,Lateral,train
1480_IM-0311-1001.dcm.png,1480,Frontal,train
1480_IM-0311-2001.dcm.png,1480,Lateral,train
1481_IM-0312-3001.dcm.png,1481,Frontal,train
1481_IM-0312-2001.dcm.png,1481,Lateral,train
1482_IM-0313-1001.dcm.png,1482,Frontal,train
1483_IM-0313-1001.dcm.png,1483,Frontal,train
1483_IM-0313-2001.dcm.png,1483,Lateral,train
1484_IM-0313-1001.dcm.png,1484,Frontal,test
1484_IM-0313-2001.dcm.png,1484,Lateral,test
1485_IM-0313-1001.dcm.png,1485,Frontal,train
1485_IM-0313-2001.dcm.png,1485,Lateral,train
1487_IM-0314-1001.dcm.png,1487,Frontal,val
1487_IM-0314-2001.dcm.png,1487,Lateral,val
1488_IM-0315-1001.dcm.png,1488,Frontal,train
1488_IM-0315-3003.dcm.png,1488,Lateral,train
1489_IM-0315-1001.dcm.png,1489,Frontal,train
1489_IM-0315-2001.dcm.png,1489,Lateral,train
1491_IM-0317-1001.dcm.png,1491,Frontal,val
1491_IM-0317-0001.dcm.png,1491,Lateral,val
1492_IM-0318-4004.dcm.png,1492,Frontal,test
1492_IM-0318-1001.dcm.png,1492,Lateral,test
1493_IM-0318-1001.dcm.png,1493,Frontal,train
1494_IM-0319-4001.dcm.png,1494,Frontal,test
1494_IM-0319-3001.dcm.png,1494,Lateral,test
1496_IM-0320-1001.dcm.png,1496,Frontal,train
1496_IM-0320-2001.dcm.png,1496,Lateral,train
1497_IM-0321-1001.dcm.png,1497,Frontal,train
1497_IM-0321-2001.dcm.png,1497,Lateral,train
1498_IM-0322-2001.dcm.png,1498,Frontal,train
1498_IM-0322-1001.dcm.png,1498,Lateral,train
1499_IM-0323-1001.dcm.png,1499,Frontal,train
1499_IM-0323-2001.dcm.png,1499,Lateral,train
1500_IM-0326-9001.dcm.png,1500,Frontal,train
1500_IM-0326-10001.dcm.png,1500,Lateral,train
1500_IM-0326-11001.dcm.png,1500,Lateral,train
1501_IM-0327-1001.dcm.png,1501,Frontal,train
1501_IM-0327-2001.dcm.png,1501,Lateral,train
1502_IM-0328-1001.dcm.png,1502,Frontal,val
1502_IM-0328-2001.dcm.png,1502,Lateral,val
1503_IM-0329-5001.dcm.png,1503,Frontal,val
1503_IM-0329-6001.dcm.png,1503,Lateral,val
1504_IM-0330-1001.dcm.png,1504,Frontal,train
1504_IM-0330-2001.dcm.png,1504,Lateral,train
1505_IM-0330-1001.dcm.png,1505,Frontal,test
1505_IM-0330-2001.dcm.png,1505,Lateral,test
1506_IM-0330-1001.dcm.png,1506,Frontal,train
1506_IM-0330-2001.dcm.png,1506,Lateral,train
1508_IM-0330-1001.dcm.png,1508,Frontal,train
1508_IM-0330-2001.dcm.png,1508,Lateral,train
1509_IM-0331-1001.dcm.png,1509,Frontal,train
1509_IM-0331-2001.dcm.png,1509,Lateral,train
1510_IM-0331-1001.dcm.png,1510,Frontal,val
1510_IM-0331-2001.dcm.png,1510,Lateral,val
1511_IM-0331-1001.dcm.png,1511,Frontal,train
1511_IM-0331-2001.dcm.png,1511,Lateral,train
1512_IM-0332-2002.dcm.png,1512,Frontal,train
1512_IM-0332-3003.dcm.png,1512,Lateral,train
1513_IM-0333-1001.dcm.png,1513,Frontal,test
1513_IM-0333-2001.dcm.png,1513,Lateral,test
1514_IM-0333-1001.dcm.png,1514,Frontal,train
1514_IM-0333-2001.dcm.png,1514,Lateral,train
1515_IM-0333-1001.dcm.png,1515,Frontal,train
1515_IM-0333-2001.dcm.png,1515,Lateral,train
1516_IM-0334-1001.dcm.png,1516,Frontal,train
1516_IM-0334-2001.dcm.png,1516,Lateral,train
1517_IM-0335-1001.dcm.png,1517,Frontal,train
1517_IM-0335-1002.dcm.png,1517,Lateral,train
1518_IM-0335-1003.dcm.png,1518,Frontal,val
1518_IM-0335-1002.dcm.png,1518,Lateral,val
1519_IM-0335-4004.dcm.png,1519,Frontal,train
1519_IM-0335-1001.dcm.png,1519,Lateral,train
1520_IM-0336-1002001.dcm.png,1520,Frontal,train
1520_IM-0336-1003002.dcm.png,1520,Lateral,train
1521_IM-0337-1001.dcm.png,1521,Frontal,train
1521_IM-0337-3001.dcm.png,1521,Frontal,train
1521_IM-0337-2001.dcm.png,1521,Lateral,train
1522_IM-0338-0001-0002.dcm.png,1522,Frontal,train
1523_IM-0339-1001.dcm.png,1523,Frontal,train
1523_IM-0339-2001.dcm.png,1523,Lateral,train
1523_IM-0339-3001.dcm.png,1523,Lateral,train
1524_IM-0339-1001.dcm.png,1524,Frontal,train
1524_IM-0339-2001.dcm.png,1524,Lateral,train
1525_IM-0340-3001.dcm.png,1525,Frontal,test
1525_IM-0340-4001.dcm.png,1525,Frontal,test
1525_IM-0340-1001.dcm.png,1525,Lateral,test
1525_IM-0340-2001.dcm.png,1525,Lateral,test
1526_IM-0341-1001.dcm.png,1526,Frontal,train
1526_IM-0341-2001.dcm.png,1526,Lateral,train
1527_IM-0341-1001-0002.dcm.png,1527,Frontal,train
1528_IM-0341-1001.dcm.png,1528,Frontal,train
1528_IM-0341-2001.dcm.png,1528,Lateral,train
1529_IM-0342-0001-0001.dcm.png,1529,Frontal,val
1529_IM-0342-0001-0002.dcm.png,1529,Lateral,val
1530_IM-0344-1001.dcm.png,1530,Frontal,test
1530_IM-0344-2001.dcm.png,1530,Lateral,test
1531_IM-0344-1001.dcm.png,1531,Frontal,val
1531_IM-0344-2001.dcm.png,1531,Lateral,val
1532_IM-0344-1001.dcm.png,1532,Frontal,train
1532_IM-0344-2001.dcm.png,1532,Lateral,train
1533_IM-0344-1001.dcm.png,1533,Frontal,test
1533_IM-0344-1002.dcm.png,1533,Lateral,test
1534_IM-0345-4004.dcm.png,1534,Frontal,train
1534_IM-0345-12001.dcm.png,1534,Lateral,train
1535_IM-0346-1001.dcm.png,1535,Frontal,train
1535_IM-0346-2001.dcm.png,1535,Lateral,train
1536_IM-0347-0001-0001.dcm.png,1536,Frontal,train
1536_IM-0347-0001-0002.dcm.png,1536,Lateral,train
1536_IM-0347-0001-0003.dcm.png,1536,Lateral,train
1537_IM-0348-1001.dcm.png,1537,Frontal,val
1537_IM-0348-1002.dcm.png,1537,Lateral,val
1538_IM-0348-1001.dcm.png,1538,Frontal,train
1538_IM-0348-2001.dcm.png,1538,Lateral,train
1539_IM-0349-1001.dcm.png,1539,Frontal,train
1539_IM-0349-2001.dcm.png,1539,Lateral,train
1540_IM-0351-1001.dcm.png,1540,Frontal,train
1540_IM-0351-2001.dcm.png,1540,Lateral,train
1541_IM-0352-1001.dcm.png,1541,Frontal,train
1541_IM-0352-2001.dcm.png,1541,Lateral,train
1542_IM-0352-1001.dcm.png,1542,Frontal,train
1542_IM-0352-2001.dcm.png,1542,Lateral,train
1543_IM-0353-1001.dcm.png,1543,Frontal,test
1543_IM-0353-2001.dcm.png,1543,Lateral,test
1544_IM-0354-1001.dcm.png,1544,Frontal,train
1544_IM-0354-1002.dcm.png,1544,Lateral,train
1545_IM-0355-2002.dcm.png,1545,Frontal,val
1545_IM-0355-3003.dcm.png,1545,Lateral,val
1546_IM-0356-3001.dcm.png,1546,Frontal,val
1546_IM-0356-4001.dcm.png,1546,Lateral,val
1547_IM-0357-1001.dcm.png,1547,Frontal,val
1547_IM-0357-2001.dcm.png,1547,Lateral,val
1548_IM-0357-1001.dcm.png,1548,Frontal,train
1548_IM-0357-2001.dcm.png,1548,Lateral,train
1549_IM-0357-1001.dcm.png,1549,Frontal,train
1550_IM-0359-1001.dcm.png,1550,Frontal,train
1550_IM-0359-3003.dcm.png,1550,Lateral,train
1551_IM-0359-1001.dcm.png,1551,Frontal,train
1551_IM-0359-2001.dcm.png,1551,Lateral,train
1552_IM-0360-1001.dcm.png,1552,Frontal,train
1552_IM-0360-2001.dcm.png,1552,Lateral,train
1553_IM-0360-1001.dcm.png,1553,Frontal,train
1553_IM-0360-2001.dcm.png,1553,Lateral,train
1554_IM-0361-1001.dcm.png,1554,Frontal,train
1554_IM-0361-1002.dcm.png,1554,Lateral,train
1555_IM-0362-1001.dcm.png,1555,Frontal,train
1555_IM-0362-3001.dcm.png,1555,Lateral,train
1556_IM-0363-1001.dcm.png,1556,Frontal,val
1556_IM-0363-2001.dcm.png,1556,Lateral,val
1557_IM-0364-4004.dcm.png,1557,Frontal,train
1558_IM-0365-1001.dcm.png,1558,Frontal,val
1558_IM-0365-2001.dcm.png,1558,Lateral,val
1559_IM-0365-2001.dcm.png,1559,Frontal,train
1559_IM-0365-1001.dcm.png,1559,Lateral,train
1560_IM-0366-1001.dcm.png,1560,Frontal,train
1560_IM-0366-1002.dcm.png,1560,Lateral,train
1561_IM-0367-1001.dcm.png,1561,Frontal,train
1561_IM-0367-2001.dcm.png,1561,Lateral,train
1562_IM-0367-1001.dcm.png,1562,Frontal,train
1562_IM-0367-2001.dcm.png,1562,Lateral,train
1563_IM-0368-1001.dcm.png,1563,Frontal,test
1563_IM-0368-2001.dcm.png,1563,Lateral,test
1564_IM-0368-1001.dcm.png,1564,Frontal,test
1564_IM-0368-2001.dcm.png,1564,Lateral,test
1565_IM-0368-1001.dcm.png,1565,Frontal,train
1565_IM-0368-2001.dcm.png,1565,Lateral,train
1566_IM-0369-1001.dcm.png,1566,Frontal,train
1567_IM-0370-1001.dcm.png,1567,Frontal,val
1567_IM-0370-2001.dcm.png,1567,Lateral,val
1568_IM-0371-1001.dcm.png,1568,Frontal,train
1568_IM-0371-2001.dcm.png,1568,Lateral,train
1569_IM-0372-1001.dcm.png,1569,Frontal,train
1569_IM-0372-2001.dcm.png,1569,Lateral,train
1570_IM-0372-1001.dcm.png,1570,Frontal,train
1570_IM-0372-2001.dcm.png,1570,Lateral,train
1571_IM-0373-2001.dcm.png,1571,Lateral,val
1572_IM-0373-1001.dcm.png,1572,Frontal,test
1572_IM-0373-2001.dcm.png,1572,Lateral,test
1573_IM-0374-1001.dcm.png,1573,Frontal,train
1573_IM-0374-2001.dcm.png,1573,Lateral,train
1574_IM-0374-1001.dcm.png,1574,Frontal,train
1574_IM-0374-1002.dcm.png,1574,Lateral,train
1575_IM-0374-1001.dcm.png,1575,Frontal,train
1575_IM-0374-2001.dcm.png,1575,Lateral,train
1576_IM-0375-1001.dcm.png,1576,Frontal,train
1576_IM-0375-2001.dcm.png,1576,Lateral,train
1577_IM-0375-1001.dcm.png,1577,Frontal,test
1577_IM-0375-2001.dcm.png,1577,Lateral,test
1578_IM-0376-5001.dcm.png,1578,Frontal,train
1578_IM-0376-1001.dcm.png,1578,Lateral,train
1579_IM-0376-1001.dcm.png,1579,Frontal,train
1580_IM-0378-1001.dcm.png,1580,Frontal,train
1580_IM-0378-2001.dcm.png,1580,Lateral,train
1581_IM-0378-1001.dcm.png,1581,Frontal,val
1581_IM-0378-2001.dcm.png,1581,Lateral,val
1582_IM-0378-1001.dcm.png,1582,Frontal,val
1582_IM-0378-1002.dcm.png,1582,Lateral,val
1583_IM-0378-1001.dcm.png,1583,Frontal,train
1583_IM-0378-3001.dcm.png,1583,Lateral,train
1584_IM-0379-1001.dcm.png,1584,Frontal,val
1584_IM-0379-2001.dcm.png,1584,Lateral,val
1585_IM-0380-1001.dcm.png,1585,Frontal,train
1585_IM-0380-2001.dcm.png,1585,Lateral,train
1586_IM-0380-1001.dcm.png,1586,Frontal,train
1586_IM-0380-2001.dcm.png,1586,Lateral,train
1587_IM-0381-1002001.dcm.png,1587,Frontal,train
1587_IM-0381-1003002.dcm.png,1587,Lateral,train
1588_IM-0382-1001.dcm.png,1588,Frontal,train
1588_IM-0382-2001.dcm.png,1588,Lateral,train
1589_IM-0382-1001.dcm.png,1589,Frontal,train
1589_IM-0382-2001.dcm.png,1589,Lateral,train
1590_IM-0383-4001.dcm.png,1590,Frontal,train
1590_IM-0383-3001.dcm.png,1590,Lateral,train
1591_IM-0384-13013.dcm.png,1591,Frontal,train
1591_IM-0384-3001.dcm.png,1591,Lateral,train
1592_IM-0385-1001.dcm.png,1592,Frontal,train
1593_IM-0385-1001.dcm.png,1593,Frontal,train
1593_IM-0385-2001.dcm.png,1593,Lateral,train
1594_IM-0385-1001.dcm.png,1594,Frontal,train
1594_IM-0385-2001.dcm.png,1594,Lateral,train
1595_IM-0386-2001.dcm.png,1595,Frontal,val
1595_IM-0386-1001.dcm.png,1595,Lateral,val
1596_IM-0387-1001.dcm.png,1596,Frontal,train
1596_IM-0387-2001.dcm.png,1596,Lateral,train
1597_IM-0388-1001.dcm.png,1597,Frontal,train
1597_IM-0388-2001.dcm.png,1597,Lateral,train
1598_IM-0389-1001.dcm.png,1598,Frontal,train
1598_IM-0389-2001.dcm.png,1598,Lateral,train
1599_IM-0389-1001.dcm.png,1599,Frontal,train
1599_IM-0389-2001.dcm.png,1599,Lateral,train
1600_IM-0390-1001.dcm.png,1600,Frontal,test
1600_IM-0390-2001.dcm.png,1600,Lateral,test
1601_IM-0390-1001.dcm.png,1601,Frontal,train
1601_IM-0390-2001.dcm.png,1601,Lateral,train
1602_IM-0390-1001.dcm.png,1602,Frontal,train
1602_IM-0390-2001.dcm.png,1602,Lateral,train
1603_IM-0391-1001.dcm.png,1603,Frontal,train
1603_IM-0391-1002.dcm.png,1603,Lateral,train
1604_IM-0392-1001.dcm.png,1604,Frontal,train
1604_IM-0392-2001.dcm.png,1604,Lateral,train
1605_IM-0393-3001.dcm.png,1605,Frontal,train
1606_IM-0394-2001.dcm.png,1606,Lateral,train
1607_IM-0394-2001.dcm.png,1607,Lateral,train
1608_IM-0394-1001.dcm.png,1608,Frontal,train
1608_IM-0394-2001.dcm.png,1608,Lateral,train
1609_IM-0394-1001.dcm.png,1609,Frontal,train
1609_IM-0394-2001.dcm.png,1609,Lateral,train
1610_IM-0395-2001.dcm.png,1610,Frontal,train
1610_IM-0395-1001.dcm.png,1610,Lateral,train
1610_IM-0395-3001.dcm.png,1610,Lateral,train
1612_IM-0397-1001.dcm.png,1612,Frontal,train
1614_IM-0397-1001.dcm.png,1614,Frontal,train
1614_IM-0397-2001.dcm.png,1614,Lateral,train
1615_IM-0398-4004.dcm.png,1615,Frontal,train
1616_IM-0399-1001.dcm.png,1616,Frontal,val
1616_IM-0399-1002.dcm.png,1616,Lateral,val
1617_IM-0399-1001.dcm.png,1617,Frontal,train
1617_IM-0399-2001.dcm.png,1617,Lateral,train
1618_IM-0399-1001.dcm.png,1618,Frontal,train
1618_IM-0399-1002.dcm.png,1618,Lateral,train
1619_IM-0400-1001.dcm.png,1619,Frontal,train
1619_IM-0400-2001.dcm.png,1619,Lateral,train
1620_IM-0402-1001.dcm.png,1620,Frontal,train
1620_IM-0402-2001.dcm.png,1620,Lateral,train
1621_IM-0403-1001.dcm.png,1621,Frontal,train
1621_IM-0403-1002.dcm.png,1621,Lateral,train
1622_IM-0404-1001.dcm.png,1622,Frontal,val
1622_IM-0404-2001.dcm.png,1622,Lateral,val
1623_IM-0405-4004.dcm.png,1623,Frontal,val
1623_IM-0405-1001.dcm.png,1623,Lateral,val
1624_IM-0406-1001.dcm.png,1624,Frontal,train
1624_IM-0406-2001.dcm.png,1624,Lateral,train
1625_IM-0406-1002.dcm.png,1625,Frontal,train
1625_IM-0406-1003.dcm.png,1625,Lateral,train
1626_IM-0407-1001.dcm.png,1626,Frontal,train
1626_IM-0407-3003.dcm.png,1626,Lateral,train
1627_IM-0408-1001.dcm.png,1627,Frontal,train
1627_IM-0408-2001.dcm.png,1627,Lateral,train
1629_IM-0409-2001.dcm.png,1629,Lateral,val
1630_IM-0411-1001.dcm.png,1630,Frontal,train
1630_IM-0411-2001.dcm.png,1630,Lateral,train
1631_IM-0412-0001-0001.dcm.png,1631,Frontal,val
1631_IM-0412-0001-0002.dcm.png,1631,Lateral,val
1632_IM-0413-2001.dcm.png,1632,Frontal,train
1632_IM-0413-1001.dcm.png,1632,Lateral,train
1633_IM-0414-1001.dcm.png,1633,Frontal,test
1633_IM-0414-3001.dcm.png,1633,Frontal,test
1633_IM-0414-2001.dcm.png,1633,Lateral,test
1634_IM-0414-2002.dcm.png,1634,Frontal,train
1634_IM-0414-3003.dcm.png,1634,Lateral,train
1635_IM-0415-1001.dcm.png,1635,Frontal,train
1635_IM-0415-2001.dcm.png,1635,Lateral,train
1636_IM-0415-1001.dcm.png,1636,Frontal,train
1636_IM-0415-2001.dcm.png,1636,Lateral,train
1637_IM-0416-1001.dcm.png,1637,Frontal,train
1638_IM-0417-1001.dcm.png,1638,Frontal,train
1638_IM-0417-1002.dcm.png,1638,Lateral,train
1638_IM-0417-1003.dcm.png,1638,Lateral,train
1639_IM-0418-1001.dcm.png,1639,Frontal,test
1639_IM-0418-5001.dcm.png,1639,Lateral,test
1640_IM-0420-1001.dcm.png,1640,Frontal,train
1640_IM-0420-1002.dcm.png,1640,Lateral,train
1641_IM-0420-1001.dcm.png,1641,Frontal,train
1641_IM-0420-2001.dcm.png,1641,Lateral,train
1642_IM-0421-2001.dcm.png,1642,Frontal,train
1642_IM-0421-3001.dcm.png,1642,Lateral,train
1643_IM-0421-1001.dcm.png,1643,Frontal,train
1643_IM-0421-2001.dcm.png,1643,Lateral,train
1643_IM-0421-3001.dcm.png,1643,Lateral,train
1644_IM-0422-2001.dcm.png,1644,Lateral,train
1645_IM-0422-1001.dcm.png,1645,Frontal,test
1645_IM-0422-2001.dcm.png,1645,Lateral,test
1646_IM-0423-1001.dcm.png,1646,Frontal,train
1646_IM-0423-3001.dcm.png,1646,Lateral,train
1647_IM-0424-2001.dcm.png,1647,Frontal,val
1647_IM-0424-1001.dcm.png,1647,Lateral,val
1648_IM-0425-0001-0001.dcm.png,1648,Frontal,test
1648_IM-0425-0001-0002.dcm.png,1648,Lateral,test
1649_IM-0426-1001.dcm.png,1649,Frontal,test
1649_IM-0426-2001.dcm.png,1649,Lateral,test
1650_IM-0427-1001.dcm.png,1650,Frontal,train
1650_IM-0427-3001.dcm.png,1650,Lateral,train
1651_IM-0427-1001.dcm.png,1651,Frontal,val
1651_IM-0427-1002.dcm.png,1651,Lateral,val
1652_IM-0428-1001.dcm.png,1652,Frontal,train
1652_IM-0428-2001.dcm.png,1652,Lateral,train
1653_IM-0429-2001.dcm.png,1653,Lateral,train
1654_IM-0430-1001.dcm.png,1654,Frontal,train
1654_IM-0430-2001.dcm.png,1654,Lateral,train
1655_IM-0431-1001.dcm.png,1655,Frontal,val
1655_IM-0431-2001.dcm.png,1655,Lateral,val
1656_IM-0431-1001.dcm.png,1656,Frontal,train
1656_IM-0431-2001.dcm.png,1656,Lateral,train
1657_IM-0432-2002.dcm.png,1657,Frontal,train
1657_IM-0432-3003.dcm.png,1657,Lateral,train
1658_IM-0433-2001.dcm.png,1658,Lateral,train
1659_IM-0434-1001.dcm.png,1659,Frontal,train
1659_IM-0434-1002.dcm.png,1659,Lateral,train
1660_IM-0436-1001.dcm.png,1660,Frontal,train
1660_IM-0436-2002.dcm.png,1660,Lateral,train
1661_IM-0437-1001.dcm.png,1661,Frontal,val
1662_IM-0438-1001.dcm.png,1662,Frontal,val
1663_IM-0439-1001.dcm.png,1663,Frontal,train
1663_IM-0439-2001.dcm.png,1663,Lateral,train
1664_IM-0439-1001.dcm.png,1664,Frontal,test
1664_IM-0439-3001.dcm.png,1664,Lateral,test
1665_IM-0439-1001.dcm.png,1665,Frontal,train
1665_IM-0439-2001.dcm.png,1665,Lateral,train
1666_IM-0440-0001-0001.dcm.png,1666,Frontal,train
1666_IM-0440-0001-0002.dcm.png,1666,Lateral,train
1667_IM-0441-1001.dcm.png,1667,Frontal,train
1667_IM-0441-2001.dcm.png,1667,Lateral,train
1668_IM-0441-1001.dcm.png,1668,Frontal,train
1668_IM-0441-1002.dcm.png,1668,Lateral,train
1669_IM-0441-1001.dcm.png,1669,Frontal,val
1669_IM-0441-2001.dcm.png,1669,Lateral,val
1670_IM-0441-1001.dcm.png,1670,Frontal,train
1670_IM-0441-2001.dcm.png,1670,Lateral,train
1671_IM-0442-1001.dcm.png,1671,Frontal,train
1671_IM-0442-2001.dcm.png,1671,Lateral,train
1672_IM-0443-4001.dcm.png,1672,Frontal,val
1672_IM-0443-5001.dcm.png,1672,Lateral,val
1673_IM-0444-1001.dcm.png,1673,Frontal,train
1673_IM-0444-2001.dcm.png,1673,Lateral,train
1674_IM-0445-1001.dcm.png,1674,Frontal,train
1674_IM-0445-2001.dcm.png,1674,Lateral,train
1675_IM-0445-1001.dcm.png,1675,Frontal,train
1675_IM-0445-2001.dcm.png,1675,Lateral,train
1676_IM-0445-1001.dcm.png,1676,Frontal,test
1676_IM-0445-1002.dcm.png,1676,Lateral,test
1677_IM-0446-1001.dcm.png,1677,Frontal,test
1677_IM-0446-2001.dcm.png,1677,Lateral,test
1677_IM-0446-3001.dcm.png,1677,Lateral,test
1678_IM-0447-0001-0001.dcm.png,1678,Frontal,train
1678_IM-0447-0001-0002.dcm.png,1678,Lateral,train
1679_IM-0448-1001.dcm.png,1679,Frontal,train
1679_IM-0448-1002.dcm.png,1679,Lateral,train
1680_IM-0448-1001.dcm.png,1680,Frontal,train
1680_IM-0448-1002.dcm.png,1680,Lateral,train
1681_IM-0448-1001.dcm.png,1681,Frontal,train
1681_IM-0448-1002.dcm.png,1681,Lateral,train
1682_IM-0449-1001.dcm.png,1682,Frontal,val
1682_IM-0449-2001.dcm.png,1682,Lateral,val
1683_IM-0449-1001.dcm.png,1683,Frontal,train
1683_IM-0449-2001.dcm.png,1683,Lateral,train
1684_IM-0449-1001.dcm.png,1684,Frontal,train
1684_IM-0449-2001.dcm.png,1684,Lateral,train
1685_IM-0449-1001.dcm.png,1685,Frontal,train
1685_IM-0449-2001.dcm.png,1685,Lateral,train
1686_IM-0450-1001.dcm.png,1686,Frontal,train
1686_IM-0450-1002.dcm.png,1686,Lateral,train
1687_IM-0450-1001.dcm.png,1687,Frontal,train
1687_IM-0450-2001.dcm.png,1687,Lateral,train
1688_IM-0450-1001.dcm.png,1688,Frontal,test
1688_IM-0450-2001.dcm.png,1688,Lateral,test
1689_IM-0451-1001.dcm.png,1689,Frontal,train
1689_IM-0451-2001.dcm.png,1689,Lateral,train
1690_IM-0452-1001-0001.dcm.png,1690,Frontal,train
1690_IM-0452-1001-0002.dcm.png,1690,Lateral,train
1691_IM-0453-4001.dcm.png,1691,Frontal,train
1691_IM-0453-1001.dcm.png,1691,Lateral,train
1693_IM-0454-1001.dcm.png,1693,Frontal,train
1694_IM-0455-1001.dcm.png,1694,Frontal,test
1694_IM-0455-2001.dcm.png,1694,Lateral,test
1695_IM-0456-1002001.dcm.png,1695,Frontal,train
1695_IM-0456-1003002.dcm.png,1695,Lateral,train
1696_IM-0457-4004.dcm.png,1696,Frontal,train
1696_IM-0457-1001.dcm.png,1696,Lateral,train
1697_IM-0458-1001.dcm.png,1697,Frontal,test
1697_IM-0458-2001.dcm.png,1697,Lateral,test
1698_IM-0458-1001.dcm.png,1698,Frontal,train
1698_IM-0458-2001.dcm.png,1698,Lateral,train
1699_IM-0459-2001.dcm.png,1699,Lateral,train
1699_IM-0459-3001.dcm.png,1699,Lateral,train
1700_IM-0462-1001.dcm.png,1700,Frontal,train
1700_IM-0462-1002.dcm.png,1700,Lateral,train
1701_IM-0462-1001.dcm.png,1701,Frontal,train
1701_IM-0462-2001.dcm.png,1701,Lateral,train
1702_IM-0463-1001.dcm.png,1702,Frontal,train
1702_IM-0463-2001.dcm.png,1702,Lateral,train
1703_IM-0463-1001.dcm.png,1703,Frontal,val
1703_IM-0463-2001.dcm.png,1703,Lateral,val
1704_IM-0464-1001.dcm.png,1704,Frontal,train
1704_IM-0464-2001.dcm.png,1704,Lateral,train
1705_IM-0465-2001.dcm.png,1705,Lateral,test
1706_IM-0466-1001.dcm.png,1706,Frontal,train
1706_IM-0466-1002.dcm.png,1706,Lateral,train
1707_IM-0466-1001.dcm.png,1707,Frontal,val
1707_IM-0466-2001.dcm.png,1707,Lateral,val
1708_IM-0466-1001.dcm.png,1708,Frontal,train
1708_IM-0466-2001.dcm.png,1708,Lateral,train
1709_IM-0467-1001.dcm.png,1709,Frontal,train
1709_IM-0467-2001.dcm.png,1709,Lateral,train
1710_IM-0469-1001.dcm.png,1710,Frontal,train
1710_IM-0469-2001.dcm.png,1710,Lateral,train
1711_IM-0469-4001.dcm.png,1711,Frontal,train
1711_IM-0469-1001.dcm.png,1711,Lateral,train
1712_IM-0470-3001.dcm.png,1712,Frontal,train
1712_IM-0470-2001.dcm.png,1712,Lateral,train
1713_IM-0471-4004.dcm.png,1713,Frontal,train
1713_IM-0471-1001.dcm.png,1713,Lateral,train
1714_IM-0472-1001.dcm.png,1714,Frontal,test
1715_IM-0473-2001.dcm.png,1715,Lateral,train
1716_IM-0473-1001.dcm.png,1716,Frontal,train
1716_IM-0473-2001.dcm.png,1716,Lateral,train
1717_IM-0473-1001.dcm.png,1717,Frontal,train
1717_IM-0473-2001.dcm.png,1717,Lateral,train
1718_IM-0474-2001.dcm.png,1718,Lateral,train
1719_IM-0474-1001.dcm.png,1719,Frontal,train
1719_IM-0474-1002.dcm.png,1719,Lateral,train
1720_IM-0475-4004.dcm.png,1720,Frontal,test
1720_IM-0475-0001-0001.dcm.png,1720,Lateral,test
1720_IM-0475-0001-0002.dcm.png,1720,Lateral,test
1721_IM-0476-1001.dcm.png,1721,Frontal,test
1721_IM-0476-2001.dcm.png,1721,Lateral,test
1722_IM-0476-1001.dcm.png,1722,Frontal,train
1723_IM-0477-1001.dcm.png,1723,Frontal,train
1723_IM-0477-2001.dcm.png,1723,Lateral,train
1724_IM-0478-1001.dcm.png,1724,Frontal,train
1725_IM-0478-1001.dcm.png,1725,Frontal,test
1725_IM-0478-2001.dcm.png,1725,Lateral,test
1726_IM-0479-1001.dcm.png,1726,Frontal,test
1726_IM-0479-2001.dcm.png,1726,Lateral,test
1727_IM-0479-1001.dcm.png,1727,Frontal,train
1727_IM-0479-2001.dcm.png,1727,Lateral,train
1728_IM-0479-1001.dcm.png,1728,Frontal,train
1728_IM-0479-2001.dcm.png,1728,Lateral,train
1729_IM-0480-1001.dcm.png,1729,Frontal,train
1729_IM-0480-2001.dcm.png,1729,Lateral,train
1730_IM-0481-1001.dcm.png,1730,Frontal,train
1730_IM-0481-1002.dcm.png,1730,Lateral,train
1731_IM-0481-2001.dcm.png,1731,Frontal,val
1731_IM-0481-1001.dcm.png,1731,Lateral,val
1732_IM-0482-1001.dcm.png,1732,Frontal,train
1732_IM-0482-2001.dcm.png,1732,Lateral,train
1733_IM-0483-0001-0001.dcm.png,1733,Frontal,train
1733_IM-0483-0001-0002.dcm.png,1733,Lateral,train
1733_IM-0483-0001-0003.dcm.png,1733,Lateral,train
1734_IM-0484-1001.dcm.png,1734,Frontal,train
1734_IM-0484-2001.dcm.png,1734,Lateral,train
1735_IM-0484-1001.dcm.png,1735,Frontal,val
1735_IM-0484-2001.dcm.png,1735,Lateral,val
1736_IM-0484-1001.dcm.png,1736,Frontal,val
1736_IM-0484-2001.dcm.png,1736,Lateral,val
1737_IM-0485-1001.dcm.png,1737,Frontal,test
1737_IM-0485-2001.dcm.png,1737,Lateral,test
1738_IM-0486-1001.dcm.png,1738,Frontal,train
1738_IM-0486-2001.dcm.png,1738,Lateral,train
1739_IM-0487-1001.dcm.png,1739,Frontal,test
1739_IM-0487-2001.dcm.png,1739,Lateral,test
1740_IM-0488-1001.dcm.png,1740,Frontal,train
1740_IM-0488-2001.dcm.png,1740,Lateral,train
1742_IM-0489-1001.dcm.png,1742,Frontal,train
1742_IM-0489-2001.dcm.png,1742,Lateral,train
1743_IM-0489-4004.dcm.png,1743,Frontal,train
1743_IM-0489-1001.dcm.png,1743,Lateral,train
1744_IM-0489-2001.dcm.png,1744,Frontal,train
1744_IM-0489-1001.dcm.png,1744,Lateral,train
1745_IM-0489-4004.dcm.png,1745,Frontal,train
1745_IM-0489-1001.dcm.png,1745,Lateral,train
1746_IM-0489-1001.dcm.png,1746,Frontal,train
1746_IM-0489-1002.dcm.png,1746,Lateral,train
1747_IM-0490-1001.dcm.png,1747,Frontal,test
1747_IM-0490-2001.dcm.png,1747,Lateral,test
1748_IM-0490-1001.dcm.png,1748,Frontal,val
1748_IM-0490-2001.dcm.png,1748,Lateral,val
1750_IM-0493-1001.dcm.png,1750,Frontal,train
1750_IM-0493-2001.dcm.png,1750,Lateral,train
1751_IM-0494-1001.dcm.png,1751,Frontal,val
1751_IM-0494-2001.dcm.png,1751,Lateral,val
1752_IM-0494-1001.dcm.png,1752,Frontal,train
1752_IM-0494-2001.dcm.png,1752,Lateral,train
1753_IM-0494-1001.dcm.png,1753,Frontal,val
1753_IM-0494-2001.dcm.png,1753,Lateral,val
1754_IM-0494-1001.dcm.png,1754,Frontal,train
1754_IM-0494-2001.dcm.png,1754,Lateral,train
1755_IM-0494-1001.dcm.png,1755,Frontal,train
1755_IM-0494-2001.dcm.png,1755,Lateral,train
1756_IM-0494-1001.dcm.png,1756,Frontal,test
1756_IM-0494-2001.dcm.png,1756,Lateral,test
1757_IM-0495-1001.dcm.png,1757,Frontal,train
1758_IM-0495-1001.dcm.png,1758,Frontal,train
1758_IM-0495-2001.dcm.png,1758,Lateral,train
1759_IM-0495-1001.dcm.png,1759,Frontal,train
1759_IM-0495-1002.dcm.png,1759,Lateral,train
1760_IM-0497-1001.dcm.png,1760,Frontal,train
1760_IM-0497-1002.dcm.png,1760,Lateral,train
1761_IM-0497-1001.dcm.png,1761,Frontal,train
1762_IM-0497-1001.dcm.png,1762,Frontal,train
1762_IM-0497-1002.dcm.png,1762,Lateral,train
1763_IM-0497-1001.dcm.png,1763,Frontal,train
1763_IM-0497-2001.dcm.png,1763,Lateral,train
1764_IM-0498-1001.dcm.png,1764,Frontal,test
1765_IM-0499-1001.dcm.png,1765,Frontal,train
1765_IM-0499-1002.dcm.png,1765,Lateral,train
1766_IM-0500-1001.dcm.png,1766,Frontal,test
1766_IM-0500-2001.dcm.png,1766,Lateral,test
1767_IM-0501-0001-0002.dcm.png,1767,Frontal,train
1767_IM-0501-0001-0001.dcm.png,1767,Lateral,train
1768_IM-0502-12012.dcm.png,1768,Frontal,train
1768_IM-0502-13013.dcm.png,1768,Frontal,train
1768_IM-0502-3003.dcm.png,1768,Lateral,train
1769_IM-0503-1001.dcm.png,1769,Frontal,train
1770_IM-0504-1001.dcm.png,1770,Frontal,test
1770_IM-0504-1002.dcm.png,1770,Lateral,test
1771_IM-0505-1001.dcm.png,1771,Frontal,train
1771_IM-0505-2001.dcm.png,1771,Lateral,train
1773_IM-0506-1001.dcm.png,1773,Frontal,train
1773_IM-0506-2001.dcm.png,1773,Lateral,train
1774_IM-0507-2001.dcm.png,1774,Frontal,train
1775_IM-0508-1001.dcm.png,1775,Frontal,train
1775_IM-0508-2001.dcm.png,1775,Lateral,train
1776_IM-0508-1001.dcm.png,1776,Frontal,train
1776_IM-0508-2001.dcm.png,1776,Lateral,train
1777_IM-0509-1001.dcm.png,1777,Frontal,train
1777_IM-0509-1002.dcm.png,1777,Lateral,train
1778_IM-0509-1001.dcm.png,1778,Frontal,train
1778_IM-0509-2001.dcm.png,1778,Lateral,train
1779_IM-0509-1001.dcm.png,1779,Frontal,train
1779_IM-0509-1002.dcm.png,1779,Lateral,train
1780_IM-0509-1001.dcm.png,1780,Frontal,train
1780_IM-0509-2001.dcm.png,1780,Lateral,train
1781_IM-0509-1001.dcm.png,1781,Frontal,train
1781_IM-0509-1002.dcm.png,1781,Lateral,train
1782_IM-0510-1001.dcm.png,1782,Frontal,test
1782_IM-0510-14001.dcm.png,1782,Lateral,test
1783_IM-0511-2001.dcm.png,1783,Frontal,train
1783_IM-0511-3001.dcm.png,1783,Lateral,train
1784_IM-0512-1001.dcm.png,1784,Frontal,train
1784_IM-0512-2001.dcm.png,1784,Lateral,train
1785_IM-0512-1001.dcm.png,1785,Frontal,val
1785_IM-0512-2001.dcm.png,1785,Lateral,val
1786_IM-0512-1001.dcm.png,1786,Frontal,train
1786_IM-0512-2001.dcm.png,1786,Lateral,train
1787_IM-0513-1001.dcm.png,1787,Frontal,val
1787_IM-0513-2001.dcm.png,1787,Lateral,val
1788_IM-0513-1001.dcm.png,1788,Frontal,train
1788_IM-0513-1002.dcm.png,1788,Lateral,train
1789_IM-0513-1001.dcm.png,1789,Frontal,val
1790_IM-0515-1001.dcm.png,1790,Frontal,train
1791_IM-0515-1001.dcm.png,1791,Frontal,val
1791_IM-0515-2001.dcm.png,1791,Lateral,val
1792_IM-0515-1001.dcm.png,1792,Frontal,train
1792_IM-0515-2001.dcm.png,1792,Lateral,train
1793_IM-0515-2001.dcm.png,1793,Lateral,val
1794_IM-0515-1001.dcm.png,1794,Frontal,train
1794_IM-0515-2001.dcm.png,1794,Lateral,train
1795_IM-0516-1001.dcm.png,1795,Frontal,train
1795_IM-0516-2001.dcm.png,1795,Lateral,train
1796_IM-0517-1002.dcm.png,1796,Frontal,train
1796_IM-0517-1003.dcm.png,1796,Lateral,train
1797_IM-0517-1001.dcm.png,1797,Frontal,val
1797_IM-0517-2001.dcm.png,1797,Lateral,val
1798_IM-0518-1001.dcm.png,1798,Frontal,val
1798_IM-0518-2001.dcm.png,1798,Lateral,val
1799_IM-0519-1001.dcm.png,1799,Frontal,test
1799_IM-0519-2001.dcm.png,1799,Lateral,test
1800_IM-0520-1001.dcm.png,1800,Frontal,test
1800_IM-0520-2001.dcm.png,1800,Lateral,test
1801_IM-0520-1001.dcm.png,1801,Frontal,test
1801_IM-0520-2001.dcm.png,1801,Lateral,test
1802_IM-0521-1001.dcm.png,1802,Frontal,train
1802_IM-0521-2001.dcm.png,1802,Lateral,train
1803_IM-0521-1001.dcm.png,1803,Frontal,train
1803_IM-0521-1003.dcm.png,1803,Frontal,train
1803_IM-0521-1002.dcm.png,1803,Lateral,train
1804_IM-0522-82050001.dcm.png,1804,Frontal,train
1804_IM-0522-82050002.dcm.png,1804,Lateral,train
1805_IM-0523-1001.dcm.png,1805,Frontal,test
1805_IM-0523-2001.dcm.png,1805,Lateral,test
1806_IM-0524-1003.dcm.png,1806,Lateral,train
1807_IM-0524-1001.dcm.png,1807,Frontal,test
1807_IM-0524-1002.dcm.png,1807,Lateral,test
1808_IM-0524-1001.dcm.png,1808,Frontal,train
1808_IM-0524-2001.dcm.png,1808,Lateral,train
1809_IM-0524-1001.dcm.png,1809,Frontal,test
1809_IM-0524-2001.dcm.png,1809,Lateral,test
1810_IM-0524-1001.dcm.png,1810,Frontal,train
1810_IM-0524-3001.dcm.png,1810,Lateral,train
1811_IM-0525-1001.dcm.png,1811,Frontal,train
1812_IM-0525-1001.dcm.png,1812,Frontal,test
1812_IM-0525-2001.dcm.png,1812,Lateral,test
1813_IM-0526-1001.dcm.png,1813,Frontal,test
1813_IM-0526-2001.dcm.png,1813,Lateral,test
1814_IM-0527-1001.dcm.png,1814,Frontal,train
1814_IM-0527-2001.dcm.png,1814,Lateral,train
1815_IM-0527-1001.dcm.png,1815,Frontal,train
1815_IM-0527-2001.dcm.png,1815,Lateral,train
1816_IM-0528-1001.dcm.png,1816,Frontal,test
1816_IM-0528-2001.dcm.png,1816,Lateral,test
1817_IM-0529-4004.dcm.png,1817,Frontal,train
1818_IM-0530-4004.dcm.png,1818,Frontal,train
1818_IM-0530-1001.dcm.png,1818,Lateral,train
1819_IM-0530-1001-0001.dcm.png,1819,Frontal,val
1819_IM-0530-1001-0002.dcm.png,1819,Lateral,val
1820_IM-0532-1001.dcm.png,1820,Frontal,val
1820_IM-0532-1002.dcm.png,1820,Lateral,val
1821_IM-0532-1003.dcm.png,1821,Frontal,test
1821_IM-0532-1002.dcm.png,1821,Lateral,test
1822_IM-0533-1001.dcm.png,1822,Frontal,train
1822_IM-0533-2001.dcm.png,1822,Lateral,train
1823_IM-0534-1001.dcm.png,1823,Frontal,test
1823_IM-0534-3001.dcm.png,1823,Lateral,test
1824_IM-0535-1001.dcm.png,1824,Frontal,train
1825_IM-0535-1001.dcm.png,1825,Frontal,train
1825_IM-0535-1002.dcm.png,1825,Lateral,train
1826_IM-0535-0001.dcm.png,1826,Frontal,val
1826_IM-0535-1001.dcm.png,1826,Lateral,val
1827_IM-0535-1001.dcm.png,1827,Frontal,train
1827_IM-0535-2001.dcm.png,1827,Lateral,train
1828_IM-0536-1001.dcm.png,1828,Frontal,train
1828_IM-0536-3001.dcm.png,1828,Lateral,train
1829_IM-0537-1001.dcm.png,1829,Frontal,test
1829_IM-0537-2001.dcm.png,1829,Lateral,test
1830_IM-0537-2001.dcm.png,1830,Lateral,train
1831_IM-0538-2001.dcm.png,1831,Frontal,test
1831_IM-0538-3001.dcm.png,1831,Lateral,test
1832_IM-0538-1001.dcm.png,1832,Frontal,val
1832_IM-0538-2001.dcm.png,1832,Lateral,val
1833_IM-0539-1001.dcm.png,1833,Frontal,val
1833_IM-0539-2001.dcm.png,1833,Lateral,val
1834_IM-0539-1001.dcm.png,1834,Frontal,train
1834_IM-0539-1002.dcm.png,1834,Lateral,train
1835_IM-0539-1001.dcm.png,1835,Frontal,test
1835_IM-0539-2001.dcm.png,1835,Lateral,test
1836_IM-0540-2002.dcm.png,1836,Frontal,train
1836_IM-0540-3003.dcm.png,1836,Lateral,train
1837_IM-0541-1001.dcm.png,1837,Frontal,val
1838_IM-0542-2001.dcm.png,1838,Lateral,test
1839_IM-0543-12013.dcm.png,1839,Frontal,train
1839_IM-0543-13014.dcm.png,1839,Lateral,train
1840_IM-0545-1001.dcm.png,1840,Frontal,train
1840_IM-0545-2001.dcm.png,1840,Lateral,train
1841_IM-0545-1001.dcm.png,1841,Frontal,test
1841_IM-0545-2001.dcm.png,1841,Lateral,test
1842_IM-0545-1001.dcm.png,1842,Frontal,train
1842_IM-0545-1002.dcm.png,1842,Lateral,train
1843_IM-0546-1001.dcm.png,1843,Frontal,train
1844_IM-0547-1001.dcm.png,1844,Frontal,train
1844_IM-0547-2001.dcm.png,1844,Lateral,train
1845_IM-0548-4004.dcm.png,1845,Frontal,train
1845_IM-0548-1001.dcm.png,1845,Lateral,train
1846_IM-0549-3001.dcm.png,1846,Frontal,train
1846_IM-0549-4001.dcm.png,1846,Lateral,train
1847_IM-0550-1001.dcm.png,1847,Frontal,val
1847_IM-0550-2001.dcm.png,1847,Lateral,val
1848_IM-0550-1001.dcm.png,1848,Frontal,train
1848_IM-0550-2001.dcm.png,1848,Lateral,train
1849_IM-0550-1001.dcm.png,1849,Frontal,train
1849_IM-0550-1002.dcm.png,1849,Lateral,train
1850_IM-0552-2001.dcm.png,1850,Lateral,train
1851_IM-0553-1001.dcm.png,1851,Frontal,train
1851_IM-0553-2001.dcm.png,1851,Lateral,train
1852_IM-0554-1001.dcm.png,1852,Frontal,test
1852_IM-0554-2001.dcm.png,1852,Lateral,test
1853_IM-0555-1001.dcm.png,1853,Frontal,train
1853_IM-0555-2001.dcm.png,1853,Lateral,train
1854_IM-0555-1001.dcm.png,1854,Frontal,train
1854_IM-0555-2001.dcm.png,1854,Lateral,train
1855_IM-0555-1001.dcm.png,1855,Frontal,test
1855_IM-0555-2001.dcm.png,1855,Lateral,test
1856_IM-0556-1001.dcm.png,1856,Frontal,train
1857_IM-0556-4004.dcm.png,1857,Frontal,train
1857_IM-0556-1001.dcm.png,1857,Lateral,train
1859_IM-0557-12001.dcm.png,1859,Frontal,test
1859_IM-0557-3001.dcm.png,1859,Lateral,test
1860_IM-0558-1001.dcm.png,1860,Frontal,train
1860_IM-0558-2001.dcm.png,1860,Lateral,train
1861_IM-0558-1001.dcm.png,1861,Frontal,train
1861_IM-0558-2001.dcm.png,1861,Lateral,train
1863_IM-0558-1001.dcm.png,1863,Frontal,train
1863_IM-0558-3001.dcm.png,1863,Lateral,train
1864_IM-0558-1001.dcm.png,1864,Frontal,train
1864_IM-0558-3001.dcm.png,1864,Lateral,train
1865_IM-0558-2001.dcm.png,1865,Frontal,train
1865_IM-0558-1001.dcm.png,1865,Lateral,train
1866_IM-0559-1001.dcm.png,1866,Frontal,test
1866_IM-0559-2001.dcm.png,1866,Lateral,test
1867_IM-0560-4004.dcm.png,1867,Frontal,train
1867_IM-0560-1001.dcm.png,1867,Lateral,train
1868_IM-0561-1001.dcm.png,1868,Frontal,test
1868_IM-0561-2001.dcm.png,1868,Lateral,test
1870_IM-0563-1001.dcm.png,1870,Frontal,test
1870_IM-0563-2001.dcm.png,1870,Lateral,test
1871_IM-0564-1001.dcm.png,1871,Frontal,test
1871_IM-0564-2001.dcm.png,1871,Lateral,test
1872_IM-0565-1001.dcm.png,1872,Frontal,val
1873_IM-0565-1001.dcm.png,1873,Frontal,train
1873_IM-0565-2001.dcm.png,1873,Lateral,train
1874_IM-0565-1001.dcm.png,1874,Frontal,train
1874_IM-0565-2001.dcm.png,1874,Lateral,train
1875_IM-0566-2001.dcm.png,1875,Frontal,train
1875_IM-0566-3001.dcm.png,1875,Lateral,train
1876_IM-0567-1001.dcm.png,1876,Frontal,train
1876_IM-0567-2001.dcm.png,1876,Lateral,train
1877_IM-0568-1001.dcm.png,1877,Frontal,train
1877_IM-0568-2001.dcm.png,1877,Lateral,train
1878_IM-0569-1001.dcm.png,1878,Frontal,train
1878_IM-0569-2001.dcm.png,1878,Lateral,train
1879_IM-0569-1001.dcm.png,1879,Frontal,train
1879_IM-0569-1002.dcm.png,1879,Lateral,train
1880_IM-0569-1001.dcm.png,1880,Frontal,train
1881_IM-0570-3001.dcm.png,1881,Frontal,val
1881_IM-0570-2001.dcm.png,1881,Lateral,val
1882_IM-0571-1001.dcm.png,1882,Frontal,val
1882_IM-0571-1002.dcm.png,1882,Lateral,val
1883_IM-0572-1001.dcm.png,1883,Frontal,train
1883_IM-0572-2001.dcm.png,1883,Lateral,train
1884_IM-0573-1001.dcm.png,1884,Frontal,test
1884_IM-0573-12012.dcm.png,1884,Lateral,test
1884_IM-0573-3003.dcm.png,1884,Lateral,test
1885_IM-0574-1001.dcm.png,1885,Frontal,test
1885_IM-0574-2001.dcm.png,1885,Lateral,test
1886_IM-0574-1001.dcm.png,1886,Frontal,train
1886_IM-0574-2001.dcm.png,1886,Lateral,train
1887_IM-0575-1001.dcm.png,1887,Frontal,train
1888_IM-0576-4004.dcm.png,1888,Frontal,train
1888_IM-0576-1001.dcm.png,1888,Lateral,train
1889_IM-0577-1001.dcm.png,1889,Frontal,train
1889_IM-0577-2001.dcm.png,1889,Lateral,train
1891_IM-0580-1001.dcm.png,1891,Frontal,train
1891_IM-0580-1002.dcm.png,1891,Lateral,train
1892_IM-0580-1001.dcm.png,1892,Frontal,train
1892_IM-0580-2001.dcm.png,1892,Lateral,train
1893_IM-0580-1001.dcm.png,1893,Frontal,test
1893_IM-0580-2001.dcm.png,1893,Lateral,test
1894_IM-0581-1001.dcm.png,1894,Frontal,train
1894_IM-0581-2001.dcm.png,1894,Lateral,train
1895_IM-0581-1001.dcm.png,1895,Frontal,train
1895_IM-0581-2001.dcm.png,1895,Lateral,train
1896_IM-0581-1001.dcm.png,1896,Frontal,train
1896_IM-0581-2001.dcm.png,1896,Lateral,train
1897_IM-0581-1001.dcm.png,1897,Frontal,train
1898_IM-0581-1001.dcm.png,1898,Frontal,train
1898_IM-0581-2001.dcm.png,1898,Lateral,train
1899_IM-0582-1001.dcm.png,1899,Frontal,train
1899_IM-0582-1003.dcm.png,1899,Lateral,train
1900_IM-0584-1001.dcm.png,1900,Frontal,train
1900_IM-0584-2001.dcm.png,1900,Lateral,train
1901_IM-0585-1001.dcm.png,1901,Frontal,train
1901_IM-0585-3001.dcm.png,1901,Lateral,train
1902_IM-0586-1001.dcm.png,1902,Frontal,train
1902_IM-0586-2001.dcm.png,1902,Lateral,train
1903_IM-0586-1001.dcm.png,1903,Frontal,train
1903_IM-0586-2001.dcm.png,1903,Lateral,train
1904_IM-0586-1001.dcm.png,1904,Frontal,val
1904_IM-0586-1002.dcm.png,1904,Lateral,val
1905_IM-0587-1001.dcm.png,1905,Frontal,train
1905_IM-0587-2001.dcm.png,1905,Lateral,train
1906_IM-0588-4004.dcm.png,1906,Frontal,train
1906_IM-0588-2001.dcm.png,1906,Lateral,train
1907_IM-0589-1001.dcm.png,1907,Frontal,val
1907_IM-0589-2001.dcm.png,1907,Lateral,val
1908_IM-0590-1001.dcm.png,1908,Frontal,train
1908_IM-0590-2001.dcm.png,1908,Lateral,train
1909_IM-0590-1001.dcm.png,1909,Frontal,test
1909_IM-0590-1002.dcm.png,1909,Lateral,test
1910_IM-0592-2001.dcm.png,1910,Frontal,train
1910_IM-0592-3001.dcm.png,1910,Lateral,train
1910_IM-0592-4001.dcm.png,1910,Lateral,train
1911_IM-0593-1001.dcm.png,1911,Frontal,train
1911_IM-0593-1002.dcm.png,1911,Lateral,train
1912_IM-0594-1001.dcm.png,1912,Frontal,test
1912_IM-0594-2001.dcm.png,1912,Lateral,test
1913_IM-0595-1001.dcm.png,1913,Frontal,train
1913_IM-0595-1002.dcm.png,1913,Lateral,train
1914_IM-0595-1001.dcm.png,1914,Frontal,val
1914_IM-0595-2001.dcm.png,1914,Lateral,val
1915_IM-0595-1001.dcm.png,1915,Frontal,test
1915_IM-0595-1002.dcm.png,1915,Lateral,test
1916_IM-0595-1001.dcm.png,1916,Frontal,test
1916_IM-0595-2001.dcm.png,1916,Lateral,test
1918_IM-0597-2001.dcm.png,1918,Frontal,val
1918_IM-0597-3001.dcm.png,1918,Lateral,val
1919_IM-0598-1001.dcm.png,1919,Frontal,train
1919_IM-0598-3001.dcm.png,1919,Frontal,train
1919_IM-0598-2001.dcm.png,1919,Lateral,train
1920_IM-0598-1001.dcm.png,1920,Frontal,train
1920_IM-0598-2001.dcm.png,1920,Lateral,train
1921_IM-0598-1001.dcm.png,1921,Frontal,train
1921_IM-0598-2001.dcm.png,1921,Lateral,train
1922_IM-0598-1001.dcm.png,1922,Frontal,train
1922_IM-0598-1002.dcm.png,1922,Lateral,train
1923_IM-0598-1001.dcm.png,1923,Frontal,train
1923_IM-0598-2001.dcm.png,1923,Lateral,train
1924_IM-0598-4004.dcm.png,1924,Frontal,train
1924_IM-0598-1001.dcm.png,1924,Lateral,train
1925_IM-0599-1001.dcm.png,1925,Frontal,train
1925_IM-0599-3003.dcm.png,1925,Lateral,train
1926_IM-0600-1001.dcm.png,1926,Frontal,train
1926_IM-0600-2001.dcm.png,1926,Lateral,train
1927_IM-0600-1001.dcm.png,1927,Frontal,train
1927_IM-0600-2001.dcm.png,1927,Lateral,train
1928_IM-0600-1001.dcm.png,1928,Frontal,train
1928_IM-0600-2001.dcm.png,1928,Lateral,train
1929_IM-0600-1001.dcm.png,1929,Frontal,train
1929_IM-0600-2001.dcm.png,1929,Lateral,train
1930_IM-0602-1001-0002.dcm.png,1930,Frontal,train
1930_IM-0602-1001-0001.dcm.png,1930,Lateral,train
1931_IM-0602-1001.dcm.png,1931,Frontal,train
1931_IM-0602-2001.dcm.png,1931,Lateral,train
1932_IM-0603-2001.dcm.png,1932,Frontal,train
1932_IM-0603-3001.dcm.png,1932,Lateral,train
1933_IM-0604-1001.dcm.png,1933,Frontal,train
1933_IM-0604-1002.dcm.png,1933,Lateral,train
1934_IM-0604-1001.dcm.png,1934,Frontal,train
1934_IM-0604-2001.dcm.png,1934,Lateral,train
1935_IM-0605-0001-0001.dcm.png,1935,Frontal,train
1935_IM-0605-0001-0002.dcm.png,1935,Lateral,train
1936_IM-0606-1001.dcm.png,1936,Frontal,train
1936_IM-0606-2001.dcm.png,1936,Lateral,train
1937_IM-0607-1001.dcm.png,1937,Frontal,val
1937_IM-0607-2001.dcm.png,1937,Lateral,val
1938_IM-0608-1001.dcm.png,1938,Frontal,train
1938_IM-0608-2001.dcm.png,1938,Lateral,train
1939_IM-0609-1001.dcm.png,1939,Frontal,val
1940_IM-0610-2002.dcm.png,1940,Frontal,train
1940_IM-0610-3003.dcm.png,1940,Lateral,train
1941_IM-0610-2001.dcm.png,1941,Lateral,val
1942_IM-0611-0001-0001.dcm.png,1942,Lateral,train
1943_IM-0612-1001.dcm.png,1943,Frontal,val
1943_IM-0612-2001.dcm.png,1943,Lateral,val
1944_IM-0613-1001.dcm.png,1944,Frontal,val
1944_IM-0613-2001.dcm.png,1944,Lateral,val
1945_IM-0614-2001.dcm.png,1945,Lateral,val
1945_IM-0614-9001.dcm.png,1945,Lateral,val
1946_IM-0615-1001.dcm.png,1946,Frontal,train
1946_IM-0615-2001.dcm.png,1946,Lateral,train
1947_IM-0616-1001.dcm.png,1947,Frontal,val
1947_IM-0616-2001.dcm.png,1947,Lateral,val
1948_IM-0616-1001.dcm.png,1948,Frontal,val
1948_IM-0616-3001.dcm.png,1948,Lateral,val
1949_IM-0617-0001.dcm.png,1949,Frontal,train
1949_IM-0617-1001.dcm.png,1949,Frontal,train
1949_IM-0617-2001.dcm.png,1949,Lateral,train
1950_IM-0618-1001.dcm.png,1950,Frontal,train
1950_IM-0618-1002.dcm.png,1950,Lateral,train
1951_IM-0619-1001.dcm.png,1951,Frontal,train
1951_IM-0619-2001.dcm.png,1951,Lateral,train
1952_IM-0620-3001.dcm.png,1952,Lateral,test
1953_IM-0621-1001.dcm.png,1953,Frontal,test
1953_IM-0621-2001.dcm.png,1953,Lateral,test
1954_IM-0622-1001.dcm.png,1954,Frontal,train
1954_IM-0622-2001.dcm.png,1954,Lateral,train
1956_IM-0623-1001.dcm.png,1956,Frontal,test
1956_IM-0623-2001.dcm.png,1956,Lateral,test
1957_IM-0624-4004.dcm.png,1957,Frontal,train
1957_IM-0624-0001.dcm.png,1957,Lateral,train
1958_IM-0625-1001.dcm.png,1958,Frontal,train
1958_IM-0625-3003.dcm.png,1958,Lateral,train
1959_IM-0625-1001.dcm.png,1959,Frontal,test
1959_IM-0625-2001.dcm.png,1959,Lateral,test
1960_IM-0627-1002001.dcm.png,1960,Frontal,val
1960_IM-0627-1003002.dcm.png,1960,Lateral,val
1961_IM-0628-3001.dcm.png,1961,Frontal,train
1961_IM-0628-2001.dcm.png,1961,Lateral,train
1962_IM-0628-2002.dcm.png,1962,Frontal,test
1962_IM-0628-3003.dcm.png,1962,Lateral,test
1963_IM-0629-1001.dcm.png,1963,Frontal,train
1963_IM-0629-2001.dcm.png,1963,Lateral,train
1964_IM-0629-1001.dcm.png,1964,Frontal,train
1964_IM-0629-2001.dcm.png,1964,Lateral,train
1965_IM-0629-1001.dcm.png,1965,Frontal,train
1965_IM-0629-2001.dcm.png,1965,Lateral,train
1966_IM-0629-1001.dcm.png,1966,Frontal,train
1966_IM-0629-1002.dcm.png,1966,Lateral,train
1967_IM-0629-1001.dcm.png,1967,Frontal,train
1967_IM-0629-3001.dcm.png,1967,Lateral,train
1968_IM-0630-4004.dcm.png,1968,Frontal,train
1968_IM-0630-2001.dcm.png,1968,Lateral,train
1969_IM-0630-1001.dcm.png,1969,Frontal,train
1970_IM-0632-1001.dcm.png,1970,Frontal,train
1970_IM-0632-2001.dcm.png,1970,Lateral,train
1971_IM-0633-1001.dcm.png,1971,Frontal,train
1971_IM-0633-2001.dcm.png,1971,Lateral,train
1972_IM-0633-1001.dcm.png,1972,Frontal,train
1972_IM-0633-1002.dcm.png,1972,Lateral,train
1973_IM-0633-1001.dcm.png,1973,Frontal,test
1973_IM-0633-1002.dcm.png,1973,Lateral,test
1974_IM-0633-1001.dcm.png,1974,Frontal,test
1974_IM-0633-2001.dcm.png,1974,Lateral,test
1975_IM-0634-1001.dcm.png,1975,Frontal,train
1975_IM-0634-3001.dcm.png,1975,Frontal,train
1975_IM-0634-2001.dcm.png,1975,Lateral,train
1976_IM-0635-1001-0001.dcm.png,1976,Frontal,val
1976_IM-0635-1001-0002.dcm.png,1976,Frontal,val
1976_IM-0635-1001-0003.dcm.png,1976,Frontal,val
1977_IM-0636-1001.dcm.png,1977,Frontal,train
1977_IM-0636-2001.dcm.png,1977,Lateral,train
1978_IM-0636-1001.dcm.png,1978,Frontal,train
1978_IM-0636-2001.dcm.png,1978,Lateral,train
1979_IM-0637-1001.dcm.png,1979,Frontal,train
1979_IM-0637-2001.dcm.png,1979,Lateral,train
1980_IM-0637-1001.dcm.png,1980,Frontal,val
1980_IM-0637-2001.dcm.png,1980,Lateral,val
1981_IM-0638-3001.dcm.png,1981,Frontal,train
1981_IM-0638-2001.dcm.png,1981,Lateral,train
1982_IM-0639-1001.dcm.png,1982,Frontal,train
1982_IM-0639-2001.dcm.png,1982,Lateral,train
1983_IM-0640-2002.dcm.png,1983,Frontal,test
1983_IM-0640-3003.dcm.png,1983,Lateral,test
1984_IM-0641-4001-0001.dcm.png,1984,Frontal,train
1984_IM-0641-4001-0002.dcm.png,1984,Lateral,train
1985_IM-0642-1001.dcm.png,1985,Frontal,train
1985_IM-0642-2001.dcm.png,1985,Lateral,train
1986_IM-0643-1001.dcm.png,1986,Frontal,test
1987_IM-0644-1001.dcm.png,1987,Frontal,train
1987_IM-0644-2001.dcm.png,1987,Lateral,train
1988_IM-0645-1001.dcm.png,1988,Frontal,val
1988_IM-0645-3003.dcm.png,1988,Lateral,val
1990_IM-0648-1001.dcm.png,1990,Frontal,train
1990_IM-0648-2001.dcm.png,1990,Lateral,train
1991_IM-0648-1001.dcm.png,1991,Frontal,train
1991_IM-0648-2001.dcm.png,1991,Lateral,train
1992_IM-0649-4004.dcm.png,1992,Frontal,train
1992_IM-0649-1001.dcm.png,1992,Lateral,train
1993_IM-0650-1001.dcm.png,1993,Frontal,train
1993_IM-0650-2001.dcm.png,1993,Lateral,train
1994_IM-0651-1001.dcm.png,1994,Frontal,train
1994_IM-0651-2001.dcm.png,1994,Lateral,train
1995_IM-0651-1001.dcm.png,1995,Frontal,train
1995_IM-0651-2001.dcm.png,1995,Lateral,train
1997_IM-0651-1001.dcm.png,1997,Frontal,train
1997_IM-0651-2001.dcm.png,1997,Lateral,train
1999_IM-0651-1001.dcm.png,1999,Frontal,train
1999_IM-0651-2001.dcm.png,1999,Lateral,train
2000_IM-0654-1001.dcm.png,2000,Frontal,train
2000_IM-0654-2001.dcm.png,2000,Lateral,train
2001_IM-0654-8001.dcm.png,2001,Frontal,test
2001_IM-0654-2001.dcm.png,2001,Lateral,test
2002_IM-0654-1001.dcm.png,2002,Frontal,train
2002_IM-0654-2001.dcm.png,2002,Lateral,train
2003_IM-0654-2001.dcm.png,2003,Frontal,val
2003_IM-0654-1001.dcm.png,2003,Lateral,val
2005_IM-0656-1001.dcm.png,2005,Frontal,train
2005_IM-0656-1002.dcm.png,2005,Lateral,train
2006_IM-0656-1001.dcm.png,2006,Frontal,val
2006_IM-0656-2001.dcm.png,2006,Lateral,val
2007_IM-0657-0001-0002.dcm.png,2007,Frontal,train
2007_IM-0657-0001-0001.dcm.png,2007,Lateral,train
2008_IM-0658-1001.dcm.png,2008,Frontal,train
2008_IM-0658-2001.dcm.png,2008,Lateral,train
2010_IM-0661-1001.dcm.png,2010,Frontal,train
2010_IM-0661-1002.dcm.png,2010,Lateral,train
2011_IM-0661-1001.dcm.png,2011,Frontal,test
2011_IM-0661-2001.dcm.png,2011,Lateral,test
2012_IM-0662-3001.dcm.png,2012,Frontal,train
2012_IM-0662-4001.dcm.png,2012,Lateral,train
2013_IM-0663-1001.dcm.png,2013,Frontal,train
2013_IM-0663-1002.dcm.png,2013,Lateral,train
2014_IM-0664-1001.dcm.png,2014,Frontal,train
2014_IM-0664-2001.dcm.png,2014,Lateral,train
2015_IM-0664-2001.dcm.png,2015,Frontal,train
2015_IM-0664-1001.dcm.png,2015,Lateral,train
2016_IM-0665-1001.dcm.png,2016,Frontal,test
2016_IM-0665-2001.dcm.png,2016,Lateral,test
2017_IM-0665-1001.dcm.png,2017,Frontal,test
2017_IM-0665-2001.dcm.png,2017,Lateral,test
2018_IM-0665-1001.dcm.png,2018,Frontal,train
2018_IM-0665-2001.dcm.png,2018,Lateral,train
2019_IM-0666-1001.dcm.png,2019,Frontal,train
2019_IM-0666-2001.dcm.png,2019,Lateral,train
2020_IM-0668-1001.dcm.png,2020,Frontal,train
2020_IM-0668-2001.dcm.png,2020,Lateral,train
2021_IM-0668-1001.dcm.png,2021,Frontal,train
2021_IM-0668-2001.dcm.png,2021,Lateral,train
2022_IM-0669-1001.dcm.png,2022,Frontal,test
2022_IM-0669-2001.dcm.png,2022,Lateral,test
2023_IM-0669-1001.dcm.png,2023,Frontal,train
2023_IM-0669-2001.dcm.png,2023,Lateral,train
2024_IM-0670-1001.dcm.png,2024,Frontal,train
2024_IM-0670-2001.dcm.png,2024,Lateral,train
2025_IM-0671-1002.dcm.png,2025,Lateral,val
2026_IM-0671-1001.dcm.png,2026,Frontal,val
2026_IM-0671-2001.dcm.png,2026,Lateral,val
2027_IM-0672-0001-0002.dcm.png,2027,Frontal,train
2027_IM-0672-0001-0001.dcm.png,2027,Lateral,train
2028_IM-0673-1001.dcm.png,2028,Frontal,train
2028_IM-0673-1002.dcm.png,2028,Lateral,train
2029_IM-0674-1001.dcm.png,2029,Frontal,train
2029_IM-0674-2001.dcm.png,2029,Lateral,train
2030_IM-0675-1001.dcm.png,2030,Frontal,train
2030_IM-0675-2001.dcm.png,2030,Lateral,train
2031_IM-0676-2002.dcm.png,2031,Frontal,train
2031_IM-0676-3003.dcm.png,2031,Lateral,train
2032_IM-0677-1001.dcm.png,2032,Frontal,train
2032_IM-0677-2002.dcm.png,2032,Lateral,train
2033_IM-0678-1001.dcm.png,2033,Frontal,val
2033_IM-0678-2001.dcm.png,2033,Lateral,val
2034_IM-0679-2001.dcm.png,2034,Frontal,train
2034_IM-0679-1001.dcm.png,2034,Lateral,train
2035_IM-0680-1001.dcm.png,2035,Frontal,train
2036_IM-0680-4001.dcm.png,2036,Frontal,train
2036_IM-0680-1001.dcm.png,2036,Lateral,train
2038_IM-0682-1001.dcm.png,2038,Frontal,val
2038_IM-0682-2001.dcm.png,2038,Lateral,val
2039_IM-0683-1001.dcm.png,2039,Frontal,train
2039_IM-0683-2001.dcm.png,2039,Lateral,train
2040_IM-0684-1001.dcm.png,2040,Frontal,train
2040_IM-0684-1002.dcm.png,2040,Lateral,train
2041_IM-0685-1001.dcm.png,2041,Frontal,train
2041_IM-0685-3001.dcm.png,2041,Frontal,train
2041_IM-0685-2001.dcm.png,2041,Lateral,train
2042_IM-0686-1001.dcm.png,2042,Frontal,train
2042_IM-0686-1002.dcm.png,2042,Lateral,train
2043_IM-0686-2001.dcm.png,2043,Frontal,train
2043_IM-0686-1001.dcm.png,2043,Lateral,train
2044_IM-0687-1001.dcm.png,2044,Frontal,train
2044_IM-0687-2001.dcm.png,2044,Lateral,train
2045_IM-0687-1001.dcm.png,2045,Frontal,train
2045_IM-0687-2001.dcm.png,2045,Lateral,train
2046_IM-0688-1001.dcm.png,2046,Frontal,train
2046_IM-0688-2002.dcm.png,2046,Lateral,train
2047_IM-0688-1001.dcm.png,2047,Frontal,train
2047_IM-0688-1002.dcm.png,2047,Lateral,train
2048_IM-0688-1001.dcm.png,2048,Frontal,train
2048_IM-0688-3001.dcm.png,2048,Lateral,train
2049_IM-0688-2001.dcm.png,2049,Frontal,val
2049_IM-0688-1001.dcm.png,2049,Lateral,val
2050_IM-0690-1001.dcm.png,2050,Frontal,train
2050_IM-0690-2001.dcm.png,2050,Lateral,train
2052_IM-0690-1001.dcm.png,2052,Frontal,train
2052_IM-0690-2001.dcm.png,2052,Lateral,train
2053_IM-0691-1001.dcm.png,2053,Frontal,test
2053_IM-0691-2001.dcm.png,2053,Lateral,test
2054_IM-0692-0001-0002.dcm.png,2054,Frontal,train
2054_IM-0692-0001-0001.dcm.png,2054,Lateral,train
2054_IM-0692-0001-0003.dcm.png,2054,Lateral,train
2055_IM-0693-1001.dcm.png,2055,Frontal,test
2055_IM-0693-2001.dcm.png,2055,Lateral,test
2056_IM-0694-1001-0002.dcm.png,2056,Frontal,train
2056_IM-0694-1001-0001.dcm.png,2056,Lateral,train
2058_IM-0696-1001.dcm.png,2058,Frontal,val
2058_IM-0696-2002.dcm.png,2058,Lateral,val
2059_IM-0696-1001.dcm.png,2059,Frontal,train
2059_IM-0696-2001.dcm.png,2059,Lateral,train
2060_IM-0698-1001.dcm.png,2060,Frontal,test
2060_IM-0698-2001.dcm.png,2060,Lateral,test
2061_IM-0698-1001.dcm.png,2061,Frontal,train
2061_IM-0698-2001.dcm.png,2061,Lateral,train
2062_IM-0699-0001-0001.dcm.png,2062,Frontal,val
2062_IM-0699-0001-0002.dcm.png,2062,Lateral,val
2063_IM-0700-1001.dcm.png,2063,Frontal,test
2063_IM-0700-2001.dcm.png,2063,Lateral,test
2065_IM-0701-1001.dcm.png,2065,Frontal,test
2065_IM-0701-1002.dcm.png,2065,Lateral,test
2066_IM-0701-1001.dcm.png,2066,Frontal,val
2066_IM-0701-2001.dcm.png,2066,Lateral,val
2067_IM-0701-1001.dcm.png,2067,Frontal,test
2067_IM-0701-1002.dcm.png,2067,Lateral,test
2068_IM-0701-1001.dcm.png,2068,Frontal,test
2068_IM-0701-2001.dcm.png,2068,Lateral,test
2069_IM-0702-1001.dcm.png,2069,Frontal,val
2069_IM-0702-2001.dcm.png,2069,Lateral,val
2070_IM-0704-1001.dcm.png,2070,Frontal,test
2070_IM-0704-2001.dcm.png,2070,Lateral,test
2071_IM-0705-2001.dcm.png,2071,Lateral,train
2072_IM-0706-1001.dcm.png,2072,Frontal,train
2072_IM-0706-2001.dcm.png,2072,Lateral,train
2073_IM-0707-1001.dcm.png,2073,Frontal,train
2073_IM-0707-1002.dcm.png,2073,Lateral,train
2074_IM-0708-1001.dcm.png,2074,Frontal,val
2074_IM-0708-2001.dcm.png,2074,Lateral,val
2075_IM-0708-1001.dcm.png,2075,Frontal,val
2075_IM-0708-2001.dcm.png,2075,Lateral,val
2077_IM-0710-1001.dcm.png,2077,Frontal,train
2077_IM-0710-2001.dcm.png,2077,Lateral,train
2078_IM-0710-1001.dcm.png,2078,Frontal,train
2078_IM-0710-2001.dcm.png,2078,Lateral,train
2079_IM-0711-1001.dcm.png,2079,Frontal,test
2079_IM-0711-2001.dcm.png,2079,Lateral,test
2080_IM-0712-2002.dcm.png,2080,Frontal,train
2080_IM-0712-3003.dcm.png,2080,Lateral,train
2081_IM-0713-1001.dcm.png,2081,Frontal,train
2081_IM-0713-2001.dcm.png,2081,Lateral,train
2082_IM-0714-4004.dcm.png,2082,Frontal,train
2082_IM-0714-1001.dcm.png,2082,Lateral,train
2083_IM-0715-1001.dcm.png,2083,Frontal,train
2083_IM-0715-2001.dcm.png,2083,Lateral,train
2084_IM-0715-1001-0001.dcm.png,2084,Frontal,train
2084_IM-0715-2001-0002.dcm.png,2084,Lateral,train
2085_IM-0716-2001.dcm.png,2085,Lateral,train
2086_IM-0717-1001.dcm.png,2086,Frontal,train
2086_IM-0717-2001.dcm.png,2086,Lateral,train
2087_IM-0718-3001.dcm.png,2087,Frontal,train
2087_IM-0718-1001.dcm.png,2087,Lateral,train
2087_IM-0718-2001.dcm.png,2087,Lateral,train
2088_IM-0719-2001.dcm.png,2088,Frontal,test
2088_IM-0719-3001.dcm.png,2088,Lateral,test
2089_IM-0720-1001.dcm.png,2089,Frontal,train
2089_IM-0720-2001.dcm.png,2089,Lateral,train
2090_IM-0722-1001.dcm.png,2090,Frontal,train
2090_IM-0722-2001.dcm.png,2090,Lateral,train
2091_IM-0722-1001.dcm.png,2091,Frontal,train
2091_IM-0722-2001.dcm.png,2091,Lateral,train
2092_IM-0723-1001.dcm.png,2092,Frontal,train
2092_IM-0723-2001.dcm.png,2092,Lateral,train
2093_IM-0723-1001.dcm.png,2093,Frontal,test
2093_IM-0723-2001.dcm.png,2093,Lateral,test
2094_IM-0724-1001.dcm.png,2094,Frontal,val
2094_IM-0724-2001.dcm.png,2094,Lateral,val
2095_IM-0725-4001.dcm.png,2095,Frontal,test
2095_IM-0725-2001.dcm.png,2095,Lateral,test
2096_IM-0726-1001.dcm.png,2096,Frontal,val
2096_IM-0726-2001.dcm.png,2096,Lateral,val
2097_IM-0727-1001-0001.dcm.png,2097,Frontal,train
2097_IM-0727-1001-0002.dcm.png,2097,Lateral,train
2097_IM-0727-2001-0001.dcm.png,2097,Lateral,train
2097_IM-0727-2001-0002.dcm.png,2097,Lateral,train
2098_IM-0728-1001.dcm.png,2098,Frontal,train
2098_IM-0728-2001.dcm.png,2098,Lateral,train
2099_IM-0729-1001.dcm.png,2099,Frontal,train
2099_IM-0729-1002.dcm.png,2099,Lateral,train
2100_IM-0731-1001.dcm.png,2100,Frontal,val
2100_IM-0731-2001.dcm.png,2100,Lateral,val
2102_IM-0733-1001.dcm.png,2102,Frontal,train
2102_IM-0733-2001.dcm.png,2102,Lateral,train
2103_IM-0734-0001-0001.dcm.png,2103,Frontal,train
2103_IM-0734-0001-0002.dcm.png,2103,Lateral,train
2105_IM-0736-1001.dcm.png,2105,Frontal,train
2105_IM-0736-2001.dcm.png,2105,Lateral,train
2106_IM-0736-1001.dcm.png,2106,Frontal,test
2106_IM-0736-1002.dcm.png,2106,Lateral,test
2108_IM-0738-1001.dcm.png,2108,Frontal,test
2108_IM-0738-1002.dcm.png,2108,Lateral,test
2109_IM-0739-0001-0002.dcm.png,2109,Frontal,test
2109_IM-0739-0001-0001.dcm.png,2109,Lateral,test
2110_IM-0741-1001.dcm.png,2110,Frontal,train
2110_IM-0741-2001.dcm.png,2110,Lateral,train
2111_IM-0741-2001.dcm.png,2111,Frontal,test
2111_IM-0741-1001.dcm.png,2111,Lateral,test
2112_IM-0742-1001.dcm.png,2112,Frontal,train
2112_IM-0742-1002.dcm.png,2112,Lateral,train
2113_IM-0742-1002.dcm.png,2113,Frontal,train
2113_IM-0742-1003.dcm.png,2113,Lateral,train
2114_IM-0743-4004.dcm.png,2114,Frontal,train
2114_IM-0743-1001.dcm.png,2114,Lateral,train
2115_IM-0744-1001.dcm.png,2115,Frontal,train
2115_IM-0744-2001.dcm.png,2115,Lateral,train
2116_IM-0745-1001.dcm.png,2116,Frontal,val
2116_IM-0745-1002.dcm.png,2116,Lateral,val
2117_IM-0745-1001.dcm.png,2117,Frontal,train
2117_IM-0745-2001.dcm.png,2117,Lateral,train
2118_IM-0745-2001.dcm.png,2118,Lateral,train
2118_IM-0745-3001.dcm.png,2118,Lateral,train
2119_IM-0746-1001.dcm.png,2119,Frontal,train
2119_IM-0746-2001.dcm.png,2119,Lateral,train
2120_IM-0747-1001.dcm.png,2120,Frontal,test
2120_IM-0747-1002.dcm.png,2120,Lateral,test
2121_IM-0747-1001.dcm.png,2121,Frontal,train
2121_IM-0747-2001.dcm.png,2121,Lateral,train
2122_IM-0747-1001.dcm.png,2122,Lateral,train
2123_IM-0748-1001.dcm.png,2123,Frontal,train
2123_IM-0748-2001.dcm.png,2123,Lateral,train
2124_IM-0749-1001.dcm.png,2124,Frontal,train
2124_IM-0749-2001.dcm.png,2124,Lateral,train
2125_IM-0749-2001.dcm.png,2125,Frontal,train
2125_IM-0749-1001.dcm.png,2125,Lateral,train
2126_IM-0750-12012.dcm.png,2126,Frontal,train
2126_IM-0750-3003.dcm.png,2126,Lateral,train
2127_IM-0751-1001.dcm.png,2127,Frontal,train
2127_IM-0751-2001.dcm.png,2127,Lateral,train
2128_IM-0752-1001.dcm.png,2128,Frontal,train
2128_IM-0752-3003.dcm.png,2128,Lateral,train
2129_IM-0753-1001.dcm.png,2129,Frontal,train
2129_IM-0753-2001.dcm.png,2129,Lateral,train
2130_IM-0755-1001.dcm.png,2130,Frontal,train
2130_IM-0755-2001.dcm.png,2130,Lateral,train
2131_IM-0755-1001.dcm.png,2131,Frontal,train
2131_IM-0755-2001.dcm.png,2131,Lateral,train
2132_IM-0755-1001.dcm.png,2132,Frontal,test
2132_IM-0755-2001.dcm.png,2132,Lateral,test
2133_IM-0756-1001.dcm.png,2133,Frontal,train
2133_IM-0756-2001.dcm.png,2133,Lateral,train
2134_IM-0756-1001.dcm.png,2134,Frontal,train
2134_IM-0756-2001.dcm.png,2134,Lateral,train
2135_IM-0757-1001.dcm.png,2135,Frontal,train
2135_IM-0757-3003.dcm.png,2135,Lateral,train
2136_IM-0758-3001.dcm.png,2136,Frontal,train
2136_IM-0758-2001.dcm.png,2136,Lateral,train
2137_IM-0759-1001.dcm.png,2137,Frontal,train
2137_IM-0759-3003.dcm.png,2137,Lateral,train
2138_IM-0760-1001.dcm.png,2138,Frontal,val
2138_IM-0760-1002.dcm.png,2138,Lateral,val
2139_IM-0760-1001.dcm.png,2139,Frontal,train
2139_IM-0760-2001.dcm.png,2139,Lateral,train
2140_IM-0762-1001.dcm.png,2140,Frontal,val
2140_IM-0762-2001.dcm.png,2140,Lateral,val
2141_IM-0763-3001.dcm.png,2141,Frontal,train
2142_IM-0764-1001.dcm.png,2142,Frontal,train
2143_IM-0765-1001.dcm.png,2143,Frontal,train
2143_IM-0765-2001.dcm.png,2143,Lateral,train
2144_IM-0765-1001.dcm.png,2144,Frontal,train
2144_IM-0765-2001.dcm.png,2144,Lateral,train
2145_IM-0766-1001.dcm.png,2145,Frontal,train
2145_IM-0766-2001.dcm.png,2145,Lateral,train
2145_IM-0766-3001.dcm.png,2145,Lateral,train
2146_IM-0766-13013.dcm.png,2146,Frontal,test
2146_IM-0766-2002.dcm.png,2146,Frontal,test
2146_IM-0766-3003.dcm.png,2146,Lateral,test
2147_IM-0767-1001.dcm.png,2147,Frontal,train
2147_IM-0767-2001.dcm.png,2147,Lateral,train
2148_IM-0767-3001.dcm.png,2148,Frontal,val
2148_IM-0767-2001.dcm.png,2148,Lateral,val
2149_IM-0768-0001-0001.dcm.png,2149,Frontal,train
2149_IM-0768-0001-0002.dcm.png,2149,Lateral,train
2150_IM-0770-1001.dcm.png,2150,Frontal,train
2150_IM-0770-2001.dcm.png,2150,Lateral,train
2151_IM-0771-1001.dcm.png,2151,Frontal,test
2151_IM-0771-2001.dcm.png,2151,Lateral,test
2152_IM-0772-1001.dcm.png,2152,Frontal,train
2152_IM-0772-2001.dcm.png,2152,Lateral,train
2153_IM-0773-1001.dcm.png,2153,Frontal,val
2154_IM-0774-1001.dcm.png,2154,Frontal,train
2154_IM-0774-2001.dcm.png,2154,Lateral,train
2155_IM-0774-2001.dcm.png,2155,Lateral,train
2156_IM-0775-1001.dcm.png,2156,Frontal,test
2156_IM-0775-2001.dcm.png,2156,Lateral,test
2157_IM-0775-1001.dcm.png,2157,Frontal,val
2157_IM-0775-2001.dcm.png,2157,Lateral,val
2158_IM-0776-1001.dcm.png,2158,Frontal,test
2158_IM-0776-1002.dcm.png,2158,Lateral,test
2159_IM-0776-1001.dcm.png,2159,Frontal,test
2159_IM-0776-2001.dcm.png,2159,Lateral,test
2160_IM-0778-1001.dcm.png,2160,Frontal,val
2160_IM-0778-2001.dcm.png,2160,Lateral,val
2161_IM-0779-1001.dcm.png,2161,Frontal,train
2161_IM-0779-2001.dcm.png,2161,Lateral,train
2162_IM-0779-1001.dcm.png,2162,Frontal,train
2162_IM-0779-2001.dcm.png,2162,Lateral,train
2163_IM-0779-1001.dcm.png,2163,Frontal,train
2163_IM-0779-2001.dcm.png,2163,Lateral,train
2164_IM-0780-1001.dcm.png,2164,Frontal,train
2164_IM-0780-1002.dcm.png,2164,Lateral,train
2165_IM-0781-0001-0001.dcm.png,2165,Frontal,test
2165_IM-0781-0001-0002.dcm.png,2165,Lateral,test
2166_IM-0782-1001.dcm.png,2166,Frontal,train
2167_IM-0783-1001.dcm.png,2167,Frontal,train
2167_IM-0783-2001.dcm.png,2167,Lateral,train
2168_IM-0784-1001.dcm.png,2168,Frontal,test
2168_IM-0784-2001.dcm.png,2168,Lateral,test
2169_IM-0785-0001-0002.dcm.png,2169,Frontal,train
2169_IM-0785-0001-0003.dcm.png,2169,Frontal,train
2169_IM-0785-0001-0001.dcm.png,2169,Lateral,train
2170_IM-0786-1001.dcm.png,2170,Frontal,val
2170_IM-0786-2001.dcm.png,2170,Lateral,val
2171_IM-0786-1001.dcm.png,2171,Frontal,train
2171_IM-0786-2001.dcm.png,2171,Lateral,train
2172_IM-0786-1001.dcm.png,2172,Frontal,train
2172_IM-0786-2001.dcm.png,2172,Lateral,train
2173_IM-0786-1001.dcm.png,2173,Frontal,val
2173_IM-0786-1002.dcm.png,2173,Lateral,val
2174_IM-0787-1001.dcm.png,2174,Frontal,train
2174_IM-0787-2001.dcm.png,2174,Lateral,train
2175_IM-0788-1003.dcm.png,2175,Frontal,train
2176_IM-0789-1001.dcm.png,2176,Frontal,test
2176_IM-0789-2001.dcm.png,2176,Lateral,test
2177_IM-0789-4001.dcm.png,2177,Frontal,val
2177_IM-0789-2001.dcm.png,2177,Lateral,val
2177_IM-0789-3001.dcm.png,2177,Lateral,val
2178_IM-0790-1001.dcm.png,2178,Frontal,test
2178_IM-0790-3001.dcm.png,2178,Lateral,test
2179_IM-0791-1001.dcm.png,2179,Frontal,train
2179_IM-0791-2001.dcm.png,2179,Lateral,train
2180_IM-0793-1001.dcm.png,2180,Frontal,train
2180_IM-0793-2001.dcm.png,2180,Lateral,train
2181_IM-0793-1001-0001.dcm.png,2181,Frontal,train
2181_IM-0793-1001-0002.dcm.png,2181,Lateral,train
2183_IM-0794-1001.dcm.png,2183,Frontal,train
2183_IM-0794-2001.dcm.png,2183,Lateral,train
2184_IM-0795-1001.dcm.png,2184,Frontal,train
2184_IM-0795-2001.dcm.png,2184,Lateral,train
2185_IM-0795-1001.dcm.png,2185,Frontal,train
2185_IM-0795-2001.dcm.png,2185,Lateral,train
2186_IM-0796-1001.dcm.png,2186,Frontal,val
2186_IM-0796-3003.dcm.png,2186,Lateral,val
2187_IM-0797-1001.dcm.png,2187,Frontal,train
2188_IM-0798-2002.dcm.png,2188,Frontal,train
2188_IM-0798-3003.dcm.png,2188,Lateral,train
2189_IM-0798-1001.dcm.png,2189,Frontal,test
2189_IM-0798-2001.dcm.png,2189,Lateral,test
2190_IM-0800-3001.dcm.png,2190,Frontal,test
2190_IM-0800-2001.dcm.png,2190,Lateral,test
2191_IM-0801-1001.dcm.png,2191,Frontal,val
2192_IM-0802-2002.dcm.png,2192,Frontal,train
2192_IM-0802-3003.dcm.png,2192,Lateral,train
2193_IM-0803-1001.dcm.png,2193,Frontal,test
2194_IM-0804-10001.dcm.png,2194,Frontal,train
2194_IM-0804-9001.dcm.png,2194,Frontal,train
2194_IM-0804-2001.dcm.png,2194,Lateral,train
2195_IM-0805-1001.dcm.png,2195,Frontal,test
2195_IM-0805-2001.dcm.png,2195,Lateral,test
2197_IM-0807-1001.dcm.png,2197,Frontal,train
2197_IM-0807-2001.dcm.png,2197,Lateral,train
2198_IM-0808-1001.dcm.png,2198,Frontal,test
2198_IM-0808-2001.dcm.png,2198,Lateral,test
2199_IM-0809-0001-0002.dcm.png,2199,Lateral,train
2200_IM-0811-1001.dcm.png,2200,Frontal,train
2200_IM-0811-2001.dcm.png,2200,Lateral,train
2201_IM-0811-1002.dcm.png,2201,Lateral,train
2202_IM-0811-1001.dcm.png,2202,Frontal,train
2202_IM-0811-1002.dcm.png,2202,Lateral,train
2203_IM-0812-1001.dcm.png,2203,Frontal,train
2203_IM-0812-2001.dcm.png,2203,Lateral,train
2204_IM-0813-1001.dcm.png,2204,Frontal,val
2204_IM-0813-1002.dcm.png,2204,Lateral,val
2205_IM-0814-1001.dcm.png,2205,Frontal,train
2206_IM-0815-2001.dcm.png,2206,Frontal,test
2206_IM-0815-1001.dcm.png,2206,Lateral,test
2207_IM-0815-1001.dcm.png,2207,Frontal,val
2207_IM-0815-2001.dcm.png,2207,Lateral,val
2208_IM-0815-1001.dcm.png,2208,Frontal,train
2208_IM-0815-1002.dcm.png,2208,Lateral,train
2209_IM-0816-1001.dcm.png,2209,Frontal,train
2209_IM-0816-2001.dcm.png,2209,Lateral,train
2210_IM-0817-1001.dcm.png,2210,Frontal,train
2210_IM-0817-2001.dcm.png,2210,Lateral,train
2211_IM-0818-1001.dcm.png,2211,Frontal,train
2211_IM-0818-2001.dcm.png,2211,Lateral,train
2212_IM-0819-1001.dcm.png,2212,Frontal,val
2212_IM-0819-2001.dcm.png,2212,Lateral,val
2213_IM-0819-1001.dcm.png,2213,Frontal,test
2213_IM-0819-3001.dcm.png,2213,Lateral,test
2214_IM-0819-1002.dcm.png,2214,Lateral,train
2215_IM-0820-1001.dcm.png,2215,Frontal,test
2215_IM-0820-2001.dcm.png,2215,Lateral,test
2216_IM-0821-85075001.dcm.png,2216,Frontal,train
2216_IM-0821-85075002.dcm.png,2216,Lateral,train
2217_IM-0822-0001-0002.dcm.png,2217,Frontal,train
2217_IM-0822-0001-0001.dcm.png,2217,Lateral,train
2218_IM-0823-2001.dcm.png,2218,Frontal,train
2218_IM-0823-3001.dcm.png,2218,Frontal,train
2218_IM-0823-1001.dcm.png,2218,Lateral,train
2219_IM-0823-1001.dcm.png,2219,Frontal,train
2219_IM-0823-2001.dcm.png,2219,Lateral,train
2220_IM-0824-4004.dcm.png,2220,Frontal,train
2221_IM-0825-1001.dcm.png,2221,Frontal,train
2221_IM-0825-2001.dcm.png,2221,Lateral,train
2222_IM-0826-1001.dcm.png,2222,Frontal,train
2222_IM-0826-2001.dcm.png,2222,Lateral,train
2223_IM-0827-1001.dcm.png,2223,Frontal,val
2223_IM-0827-2001.dcm.png,2223,Lateral,val
2224_IM-0828-1001.dcm.png,2224,Frontal,train
2224_IM-0828-2001.dcm.png,2224,Lateral,train
2225_IM-0829-3001.dcm.png,2225,Frontal,train
2225_IM-0829-4001.dcm.png,2225,Lateral,train
2226_IM-0830-12001.dcm.png,2226,Frontal,train
2226_IM-0830-13001.dcm.png,2226,Lateral,train
2227_IM-0831-2001.dcm.png,2227,Lateral,train
2228_IM-0831-1001.dcm.png,2228,Frontal,val
2228_IM-0831-1002.dcm.png,2228,Lateral,val
2229_IM-0831-1001.dcm.png,2229,Frontal,train
2229_IM-0831-1002.dcm.png,2229,Lateral,train
2230_IM-0831-1001.dcm.png,2230,Frontal,train
2230_IM-0831-2001.dcm.png,2230,Lateral,train
2231_IM-0831-2001.dcm.png,2231,Frontal,test
2231_IM-0831-1001.dcm.png,2231,Lateral,test
2231_IM-0831-3001.dcm.png,2231,Lateral,test
2232_IM-0832-1001.dcm.png,2232,Frontal,train
2232_IM-0832-2001.dcm.png,2232,Lateral,train
2233_IM-0832-1001.dcm.png,2233,Frontal,val
2233_IM-0832-2001.dcm.png,2233,Lateral,val
2234_IM-0833-1001.dcm.png,2234,Frontal,train
2234_IM-0833-1002.dcm.png,2234,Lateral,train
2235_IM-0833-1001.dcm.png,2235,Frontal,val
2235_IM-0833-2001.dcm.png,2235,Lateral,val
2236_IM-0833-1001.dcm.png,2236,Frontal,val
2236_IM-0833-2002.dcm.png,2236,Lateral,val
2237_IM-0834-2002.dcm.png,2237,Frontal,train
2237_IM-0834-3003.dcm.png,2237,Lateral,train
2238_IM-0835-1001.dcm.png,2238,Frontal,val
2238_IM-0835-2001.dcm.png,2238,Lateral,val
2239_IM-0836-1001.dcm.png,2239,Frontal,val
2239_IM-0836-2001.dcm.png,2239,Lateral,val
2240_IM-0838-1001.dcm.png,2240,Frontal,train
2240_IM-0838-1002.dcm.png,2240,Lateral,train
2241_IM-0839-28001.dcm.png,2241,Frontal,test
2242_IM-0840-1001.dcm.png,2242,Frontal,train
2242_IM-0840-2001.dcm.png,2242,Lateral,train
2243_IM-0840-1001.dcm.png,2243,Frontal,train
2243_IM-0840-4001.dcm.png,2243,Frontal,train
2243_IM-0840-2001.dcm.png,2243,Lateral,train
2243_IM-0840-3001.dcm.png,2243,Lateral,train
2244_IM-0841-2002.dcm.png,2244,Frontal,val
2244_IM-0841-3003.dcm.png,2244,Lateral,val
2245_IM-0842-1001.dcm.png,2245,Frontal,train
2245_IM-0842-2001.dcm.png,2245,Lateral,train
2246_IM-0843-1001.dcm.png,2246,Frontal,test
2246_IM-0843-2001.dcm.png,2246,Lateral,test
2247_IM-0844-1001.dcm.png,2247,Frontal,train
2247_IM-0844-2001.dcm.png,2247,Lateral,train
2248_IM-0844-1001.dcm.png,2248,Frontal,train
2248_IM-0844-1002.dcm.png,2248,Lateral,train
2249_IM-0844-1001.dcm.png,2249,Frontal,train
2249_IM-0844-2001.dcm.png,2249,Lateral,train
2250_IM-0844-1001.dcm.png,2250,Frontal,train
2251_IM-0844-1001.dcm.png,2251,Frontal,train
2252_IM-0844-1001.dcm.png,2252,Frontal,train
2252_IM-0844-1002.dcm.png,2252,Lateral,train
2253_IM-0845-1002001.dcm.png,2253,Frontal,val
2253_IM-0845-1003002.dcm.png,2253,Lateral,val
2254_IM-0846-1001.dcm.png,2254,Frontal,train
2255_IM-0847-3001.dcm.png,2255,Frontal,train
2255_IM-0847-4001.dcm.png,2255,Lateral,train
2256_IM-0848-1001.dcm.png,2256,Frontal,train
2256_IM-0848-3001.dcm.png,2256,Frontal,train
2256_IM-0848-4001.dcm.png,2256,Lateral,train
2257_IM-0849-1001.dcm.png,2257,Frontal,train
2257_IM-0849-2001.dcm.png,2257,Lateral,train
2258_IM-0849-1001.dcm.png,2258,Frontal,train
2258_IM-0849-2001.dcm.png,2258,Lateral,train
2259_IM-0850-2001.dcm.png,2259,Frontal,test
2259_IM-0850-1001.dcm.png,2259,Lateral,test
2260_IM-0852-1001.dcm.png,2260,Frontal,train
2260_IM-0852-2001.dcm.png,2260,Lateral,train
2261_IM-0852-1001.dcm.png,2261,Frontal,train
2261_IM-0852-2001.dcm.png,2261,Lateral,train
2262_IM-0852-1001.dcm.png,2262,Frontal,train
2262_IM-0852-2001.dcm.png,2262,Lateral,train
2263_IM-0853-1001.dcm.png,2263,Frontal,train
2263_IM-0853-4001.dcm.png,2263,Lateral,train
2264_IM-0854-1001.dcm.png,2264,Frontal,train
2264_IM-0854-2001.dcm.png,2264,Lateral,train
2265_IM-0855-1001.dcm.png,2265,Frontal,train
2265_IM-0855-2001.dcm.png,2265,Lateral,train
2266_IM-0855-1001.dcm.png,2266,Frontal,test
2266_IM-0855-2001.dcm.png,2266,Frontal,test
2266_IM-0855-3001.dcm.png,2266,Lateral,test
2267_IM-0856-2001.dcm.png,2267,Frontal,train
2267_IM-0856-1001.dcm.png,2267,Lateral,train
2268_IM-0857-1001.dcm.png,2268,Frontal,train
2268_IM-0857-2001.dcm.png,2268,Lateral,train
2269_IM-0858-1001.dcm.png,2269,Frontal,train
2269_IM-0858-2001.dcm.png,2269,Lateral,train
2270_IM-0859-1001.dcm.png,2270,Frontal,val
2270_IM-0859-2001.dcm.png,2270,Lateral,val
2271_IM-0860-1001.dcm.png,2271,Frontal,train
2272_IM-0861-1001.dcm.png,2272,Frontal,train
2272_IM-0861-2001.dcm.png,2272,Lateral,train
2273_IM-0861-1001.dcm.png,2273,Frontal,train
2273_IM-0861-1002.dcm.png,2273,Lateral,train
2274_IM-0861-1001.dcm.png,2274,Frontal,test
2275_IM-0862-1001.dcm.png,2275,Frontal,train
2275_IM-0862-2001.dcm.png,2275,Lateral,train
2276_IM-0863-1001-0002.dcm.png,2276,Frontal,train
2276_IM-0863-1001-0001.dcm.png,2276,Lateral,train
2277_IM-0864-1001.dcm.png,2277,Frontal,val
2277_IM-0864-2001.dcm.png,2277,Lateral,val
2278_IM-0864-1001.dcm.png,2278,Frontal,train
2278_IM-0864-2001.dcm.png,2278,Lateral,train
2279_IM-0865-2001.dcm.png,2279,Frontal,test
2279_IM-0865-3001.dcm.png,2279,Lateral,test
2280_IM-0867-1001-0001.dcm.png,2280,Frontal,train
2280_IM-0867-1001-0002.dcm.png,2280,Frontal,train
2280_IM-0867-1001-0003.dcm.png,2280,Frontal,train
2280_IM-0867-2001.dcm.png,2280,Lateral,train
2281_IM-0868-2001.dcm.png,2281,Lateral,train
2282_IM-0869-1001.dcm.png,2282,Frontal,train
2282_IM-0869-2001.dcm.png,2282,Lateral,train
2283_IM-0870-1001.dcm.png,2283,Frontal,train
2283_IM-0870-2001.dcm.png,2283,Lateral,train
2285_IM-0870-2001.dcm.png,2285,Frontal,train
2285_IM-0870-1001.dcm.png,2285,Lateral,train
2286_IM-0871-1001.dcm.png,2286,Frontal,train
2286_IM-0871-2001.dcm.png,2286,Lateral,train
2287_IM-0872-1001.dcm.png,2287,Frontal,train
2287_IM-0872-2001.dcm.png,2287,Lateral,train
2288_IM-0872-1001.dcm.png,2288,Frontal,train
2288_IM-0872-1002.dcm.png,2288,Lateral,train
2289_IM-0873-1001.dcm.png,2289,Frontal,train
2289_IM-0873-2001.dcm.png,2289,Lateral,train
2290_IM-0874-1001.dcm.png,2290,Frontal,val
2290_IM-0874-4001.dcm.png,2290,Lateral,val
2291_IM-0874-1001.dcm.png,2291,Frontal,train
2291_IM-0874-2001.dcm.png,2291,Lateral,train
2292_IM-0874-1001.dcm.png,2292,Frontal,train
2292_IM-0874-1002.dcm.png,2292,Lateral,train
2293_IM-0875-1001.dcm.png,2293,Frontal,train
2293_IM-0875-2001.dcm.png,2293,Lateral,train
2294_IM-0876-1001.dcm.png,2294,Frontal,test
2294_IM-0876-2001.dcm.png,2294,Lateral,test
2295_IM-0876-1001.dcm.png,2295,Frontal,train
2295_IM-0876-2001.dcm.png,2295,Lateral,train
2296_IM-0876-1001.dcm.png,2296,Frontal,train
2296_IM-0876-2001.dcm.png,2296,Lateral,train
2297_IM-0877-1001.dcm.png,2297,Frontal,test
2297_IM-0877-2001.dcm.png,2297,Lateral,test
2298_IM-0878-2001.dcm.png,2298,Lateral,val
2299_IM-0878-1001.dcm.png,2299,Frontal,test
2299_IM-0878-2001.dcm.png,2299,Lateral,test
2300_IM-0881-1001.dcm.png,2300,Frontal,train
2300_IM-0881-2001.dcm.png,2300,Lateral,train
2301_IM-0881-2001.dcm.png,2301,Frontal,train
2301_IM-0881-1001.dcm.png,2301,Lateral,train
2302_IM-0882-1001.dcm.png,2302,Frontal,test
2303_IM-0882-1001.dcm.png,2303,Frontal,test
2303_IM-0882-2001.dcm.png,2303,Lateral,test
2304_IM-0882-4004.dcm.png,2304,Frontal,train
2304_IM-0882-1001.dcm.png,2304,Lateral,train
2305_IM-0882-1001.dcm.png,2305,Frontal,train
2305_IM-0882-1002.dcm.png,2305,Lateral,train
2306_IM-0882-1001.dcm.png,2306,Frontal,train
2306_IM-0882-2001.dcm.png,2306,Lateral,train
2307_IM-0882-1001.dcm.png,2307,Frontal,test
2307_IM-0882-2001.dcm.png,2307,Lateral,test
2308_IM-0883-1001.dcm.png,2308,Frontal,train
2308_IM-0883-3001.dcm.png,2308,Frontal,train
2308_IM-0883-2001.dcm.png,2308,Lateral,train
2310_IM-0885-1001.dcm.png,2310,Frontal,val
2310_IM-0885-2001.dcm.png,2310,Lateral,val
2311_IM-0886-2001.dcm.png,2311,Frontal,train
2311_IM-0886-1001.dcm.png,2311,Lateral,train
2312_IM-0887-1001.dcm.png,2312,Frontal,train
2312_IM-0887-2001.dcm.png,2312,Lateral,train
2313_IM-0888-1002001.dcm.png,2313,Frontal,val
2313_IM-0888-1004003.dcm.png,2313,Lateral,val
2314_IM-0889-1001.dcm.png,2314,Frontal,train
2314_IM-0889-2001.dcm.png,2314,Lateral,train
2315_IM-0889-1003.dcm.png,2315,Frontal,test
2315_IM-0889-1002.dcm.png,2315,Lateral,test
2316_IM-0889-1001.dcm.png,2316,Frontal,train
2316_IM-0889-2001.dcm.png,2316,Lateral,train
2317_IM-0890-1001.dcm.png,2317,Frontal,train
2317_IM-0890-2001.dcm.png,2317,Lateral,train
2318_IM-0891-1001.dcm.png,2318,Frontal,train
2318_IM-0891-2001.dcm.png,2318,Lateral,train
2319_IM-0892-3003.dcm.png,2319,Frontal,test
2319_IM-0892-2002.dcm.png,2319,Lateral,test
2320_IM-0894-1001.dcm.png,2320,Frontal,train
2320_IM-0894-2001.dcm.png,2320,Lateral,train
2321_IM-0894-1001.dcm.png,2321,Frontal,test
2321_IM-0894-3001.dcm.png,2321,Frontal,test
2321_IM-0894-2001.dcm.png,2321,Lateral,test
2322_IM-0894-1001.dcm.png,2322,Frontal,test
2322_IM-0894-1002.dcm.png,2322,Lateral,test
2323_IM-0895-12012.dcm.png,2323,Frontal,train
2323_IM-0895-2001.dcm.png,2323,Lateral,train
2324_IM-0895-1001.dcm.png,2324,Frontal,train
2324_IM-0895-2001.dcm.png,2324,Lateral,train
2325_IM-0896-1001.dcm.png,2325,Frontal,train
2325_IM-0896-2001.dcm.png,2325,Lateral,train
2326_IM-0897-1001.dcm.png,2326,Frontal,val
2326_IM-0897-2001.dcm.png,2326,Lateral,val
2327_IM-0898-1001.dcm.png,2327,Frontal,train
2327_IM-0898-2001.dcm.png,2327,Lateral,train
2328_IM-0898-1001.dcm.png,2328,Frontal,val
2328_IM-0898-2001.dcm.png,2328,Lateral,val
2329_IM-0898-2001.dcm.png,2329,Lateral,val
2330_IM-0900-2001.dcm.png,2330,Lateral,train
2331_IM-0900-1001.dcm.png,2331,Frontal,train
2332_IM-0900-1001.dcm.png,2332,Frontal,train
2332_IM-0900-1002.dcm.png,2332,Lateral,train
2333_IM-0901-2001.dcm.png,2333,Lateral,train
2334_IM-0902-1001.dcm.png,2334,Frontal,test
2334_IM-0902-1002.dcm.png,2334,Lateral,test
2335_IM-0902-2001.dcm.png,2335,Frontal,train
2335_IM-0902-1001.dcm.png,2335,Lateral,train
2336_IM-0903-1001.dcm.png,2336,Frontal,train
2336_IM-0903-3001.dcm.png,2336,Frontal,train
2336_IM-0903-2001.dcm.png,2336,Lateral,train
2337_IM-0904-2001.dcm.png,2337,Lateral,train
2338_IM-0905-1001.dcm.png,2338,Frontal,train
2338_IM-0905-3001.dcm.png,2338,Frontal,train
2338_IM-0905-2001.dcm.png,2338,Lateral,train
2339_IM-0905-1001.dcm.png,2339,Frontal,train
2340_IM-0907-1001.dcm.png,2340,Frontal,test
2340_IM-0907-2001.dcm.png,2340,Lateral,test
2341_IM-0907-1001.dcm.png,2341,Frontal,train
2341_IM-0907-2001.dcm.png,2341,Lateral,train
2342_IM-0907-1001.dcm.png,2342,Frontal,train
2342_IM-0907-2001.dcm.png,2342,Lateral,train
2343_IM-0908-1001.dcm.png,2343,Frontal,train
2343_IM-0908-2001.dcm.png,2343,Lateral,train
2344_IM-0909-1001.dcm.png,2344,Frontal,val
2344_IM-0909-2001.dcm.png,2344,Lateral,val
2345_IM-0910-1001.dcm.png,2345,Frontal,test
2345_IM-0910-2001.dcm.png,2345,Lateral,test
2347_IM-0912-1001.dcm.png,2347,Frontal,train
2348_IM-0913-1001.dcm.png,2348,Frontal,train
2348_IM-0913-2001.dcm.png,2348,Lateral,train
2349_IM-0914-1001.dcm.png,2349,Frontal,test
2349_IM-0914-2001.dcm.png,2349,Lateral,test
2350_IM-0916-1001.dcm.png,2350,Frontal,train
2350_IM-0916-2001.dcm.png,2350,Lateral,train
2351_IM-0917-1001.dcm.png,2351,Frontal,train
2351_IM-0917-3001.dcm.png,2351,Lateral,train
2352_IM-0918-1002.dcm.png,2352,Frontal,train
2353_IM-0918-1001.dcm.png,2353,Frontal,train
2353_IM-0918-2001.dcm.png,2353,Lateral,train
2354_IM-0918-1001.dcm.png,2354,Frontal,train
2354_IM-0918-2001.dcm.png,2354,Lateral,train
2355_IM-0919-1001.dcm.png,2355,Frontal,train
2355_IM-0919-2001.dcm.png,2355,Lateral,train
2356_IM-0920-1001.dcm.png,2356,Frontal,val
2356_IM-0920-2001.dcm.png,2356,Lateral,val
2357_IM-0921-1001.dcm.png,2357,Frontal,train
2357_IM-0921-2001.dcm.png,2357,Lateral,train
2358_IM-0922-0001-0002.dcm.png,2358,Frontal,train
2358_IM-0922-0001-0001.dcm.png,2358,Lateral,train
2359_IM-0923-2001.dcm.png,2359,Lateral,train
2360_IM-0925-1001.dcm.png,2360,Frontal,train
2360_IM-0925-2001.dcm.png,2360,Lateral,train
2361_IM-0926-1001.dcm.png,2361,Frontal,train
2361_IM-0926-1002.dcm.png,2361,Lateral,train
2362_IM-0926-1001.dcm.png,2362,Frontal,train
2362_IM-0926-1002.dcm.png,2362,Lateral,train
2363_IM-0926-1001.dcm.png,2363,Frontal,val
2363_IM-0926-2001.dcm.png,2363,Lateral,val
2364_IM-0927-1001.dcm.png,2364,Frontal,train
2364_IM-0927-3001.dcm.png,2364,Lateral,train
2365_IM-0927-3001.dcm.png,2365,Frontal,val
2365_IM-0927-2001.dcm.png,2365,Lateral,val
2366_IM-0928-1001.dcm.png,2366,Frontal,val
2366_IM-0928-2001.dcm.png,2366,Lateral,val
2367_IM-0928-1001.dcm.png,2367,Frontal,train
2368_IM-0928-1001.dcm.png,2368,Frontal,val
2368_IM-0928-2001.dcm.png,2368,Lateral,val
2369_IM-0929-2001.dcm.png,2369,Lateral,train
2370_IM-0931-1001.dcm.png,2370,Frontal,train
2370_IM-0931-2001.dcm.png,2370,Lateral,train
2371_IM-0932-1001.dcm.png,2371,Frontal,train
2371_IM-0932-2001.dcm.png,2371,Lateral,train
2372_IM-0933-0001-0001.dcm.png,2372,Frontal,train
2372_IM-0933-0001-0002.dcm.png,2372,Lateral,train
2373_IM-0934-1001.dcm.png,2373,Frontal,train
2374_IM-0935-84550001.dcm.png,2374,Frontal,train
2374_IM-0935-84550002.dcm.png,2374,Lateral,train
2375_IM-0936-1001.dcm.png,2375,Frontal,train
2375_IM-0936-2001.dcm.png,2375,Lateral,train
2376_IM-0936-1001.dcm.png,2376,Frontal,train
2376_IM-0936-2001.dcm.png,2376,Lateral,train
2377_IM-0937-1001.dcm.png,2377,Frontal,val
2377_IM-0937-3003.dcm.png,2377,Lateral,val
2378_IM-0938-1001.dcm.png,2378,Frontal,train
2378_IM-0938-1002.dcm.png,2378,Lateral,train
2379_IM-0939-1001.dcm.png,2379,Frontal,train
2379_IM-0939-2001.dcm.png,2379,Lateral,train
2380_IM-0940-1001.dcm.png,2380,Frontal,val
2380_IM-0940-3003.dcm.png,2380,Lateral,val
2381_IM-0941-1001.dcm.png,2381,Frontal,train
2381_IM-0941-2001.dcm.png,2381,Lateral,train
2382_IM-0941-2001.dcm.png,2382,Frontal,train
2382_IM-0941-1001.dcm.png,2382,Lateral,train
2383_IM-0941-1001.dcm.png,2383,Frontal,train
2383_IM-0941-2001.dcm.png,2383,Lateral,train
2384_IM-0942-1001.dcm.png,2384,Frontal,test
2384_IM-0942-3001.dcm.png,2384,Lateral,test
2385_IM-0942-1001.dcm.png,2385,Frontal,train
2385_IM-0942-1002.dcm.png,2385,Lateral,train
2386_IM-0942-1001.dcm.png,2386,Frontal,train
2386_IM-0942-1002.dcm.png,2386,Lateral,train
2387_IM-0943-1001.dcm.png,2387,Frontal,train
2387_IM-0943-2001.dcm.png,2387,Lateral,train
2388_IM-0944-1001.dcm.png,2388,Frontal,val
2389_IM-0944-1001.dcm.png,2389,Frontal,test
2389_IM-0944-3001.dcm.png,2389,Lateral,test
2390_IM-0944-1001.dcm.png,2390,Frontal,train
2390_IM-0944-1002.dcm.png,2390,Lateral,train
2391_IM-0944-1001.dcm.png,2391,Frontal,test
2391_IM-0944-2001.dcm.png,2391,Lateral,test
2392_IM-0944-1001.dcm.png,2392,Frontal,train
2393_IM-0944-1001.dcm.png,2393,Frontal,train
2393_IM-0944-2001.dcm.png,2393,Lateral,train
2394_IM-0944-1001.dcm.png,2394,Frontal,train
2394_IM-0944-2001.dcm.png,2394,Lateral,train
2395_IM-0944-1001.dcm.png,2395,Frontal,test
2395_IM-0944-2001.dcm.png,2395,Lateral,test
2396_IM-0945-1001.dcm.png,2396,Frontal,val
2396_IM-0945-2001.dcm.png,2396,Lateral,val
2397_IM-0946-1001.dcm.png,2397,Frontal,train
2397_IM-0946-2001.dcm.png,2397,Lateral,train
2397_IM-0946-3001.dcm.png,2397,Lateral,train
2398_IM-0947-12012.dcm.png,2398,Frontal,train
2398_IM-0947-4004.dcm.png,2398,Frontal,train
2398_IM-0947-2001.dcm.png,2398,Lateral,train
2400_IM-0950-1001.dcm.png,2400,Frontal,test
2400_IM-0950-1002.dcm.png,2400,Lateral,test
2401_IM-0950-1001.dcm.png,2401,Frontal,train
2401_IM-0950-2001.dcm.png,2401,Lateral,train
2402_IM-0951-1001.dcm.png,2402,Frontal,train
2402_IM-0951-2001.dcm.png,2402,Lateral,train
2403_IM-0951-1001.dcm.png,2403,Frontal,test
2403_IM-0951-2001.dcm.png,2403,Lateral,test
2404_IM-0952-1001.dcm.png,2404,Frontal,train
2404_IM-0952-2001.dcm.png,2404,Lateral,train
2405_IM-0953-1001.dcm.png,2405,Frontal,train
2405_IM-0953-2001.dcm.png,2405,Lateral,train
2406_IM-0954-1001.dcm.png,2406,Frontal,train
2406_IM-0954-1002.dcm.png,2406,Lateral,train
2407_IM-0954-1001.dcm.png,2407,Frontal,train
2407_IM-0954-2001.dcm.png,2407,Lateral,train
2408_IM-0955-4004.dcm.png,2408,Frontal,train
2408_IM-0955-2001.dcm.png,2408,Lateral,train
2409_IM-0955-1001.dcm.png,2409,Frontal,train
2410_IM-0956-1001.dcm.png,2410,Frontal,test
2410_IM-0956-1002.dcm.png,2410,Lateral,test
2411_IM-0957-0001-0002.dcm.png,2411,Frontal,train
2411_IM-0957-0001-0001.dcm.png,2411,Lateral,train
2412_IM-0958-1001.dcm.png,2412,Frontal,train
2412_IM-0958-3003.dcm.png,2412,Lateral,train
2413_IM-0959-1001.dcm.png,2413,Frontal,test
2413_IM-0959-2001.dcm.png,2413,Lateral,test
2414_IM-0960-3001.dcm.png,2414,Lateral,test
2415_IM-0961-1001.dcm.png,2415,Frontal,val
2415_IM-0961-2001.dcm.png,2415,Lateral,val
2416_IM-0961-1001.dcm.png,2416,Frontal,val
2416_IM-0961-1002.dcm.png,2416,Lateral,val
2417_IM-0961-1001.dcm.png,2417,Frontal,train
2417_IM-0961-2001.dcm.png,2417,Lateral,train
2418_IM-0962-5001.dcm.png,2418,Frontal,train
2419_IM-0963-1001.dcm.png,2419,Frontal,train
2419_IM-0963-2001.dcm.png,2419,Lateral,train
2420_IM-0964-0001-0001.dcm.png,2420,Frontal,train
2420_IM-0964-0001-0002.dcm.png,2420,Lateral,train
2421_IM-0965-2001.dcm.png,2421,Lateral,train
2422_IM-0965-1001.dcm.png,2422,Frontal,train
2422_IM-0965-2001.dcm.png,2422,Lateral,train
2423_IM-0965-1001.dcm.png,2423,Frontal,test
2423_IM-0965-2001.dcm.png,2423,Lateral,test
2424_IM-0966-1001.dcm.png,2424,Frontal,val
2424_IM-0966-2001.dcm.png,2424,Lateral,val
2425_IM-0967-1001.dcm.png,2425,Frontal,train
2425_IM-0967-3001.dcm.png,2425,Frontal,train
2425_IM-0967-2001.dcm.png,2425,Lateral,train
2426_IM-0968-2001.dcm.png,2426,Lateral,test
2427_IM-0969-4001.dcm.png,2427,Frontal,train
2427_IM-0969-5001.dcm.png,2427,Lateral,train
2428_IM-0970-1001.dcm.png,2428,Frontal,train
2428_IM-0970-3001.dcm.png,2428,Lateral,train
2430_IM-0972-3001.dcm.png,2430,Lateral,train
2431_IM-0973-1001.dcm.png,2431,Frontal,train
2431_IM-0973-2001.dcm.png,2431,Lateral,train
2432_IM-0974-1001.dcm.png,2432,Frontal,train
2432_IM-0974-4001.dcm.png,2432,Lateral,train
2433_IM-0975-2001.dcm.png,2433,Frontal,train
2433_IM-0975-3001.dcm.png,2433,Frontal,train
2433_IM-0975-1001.dcm.png,2433,Lateral,train
2434_IM-0976-1001.dcm.png,2434,Frontal,train
2434_IM-0976-1002.dcm.png,2434,Lateral,train
2435_IM-0976-1001.dcm.png,2435,Frontal,train
2435_IM-0976-2001.dcm.png,2435,Lateral,train
2436_IM-0976-1001.dcm.png,2436,Frontal,train
2436_IM-0976-2001.dcm.png,2436,Lateral,train
2437_IM-0977-2002.dcm.png,2437,Frontal,train
2437_IM-0977-3003.dcm.png,2437,Lateral,train
2438_IM-0978-4004.dcm.png,2438,Frontal,train
2438_IM-0978-1001.dcm.png,2438,Lateral,train
2439_IM-0978-1001.dcm.png,2439,Frontal,test
2439_IM-0978-2001.dcm.png,2439,Lateral,test
2440_IM-0978-2001.dcm.png,2440,Frontal,test
2440_IM-0978-1001.dcm.png,2440,Lateral,test
2441_IM-0978-1001.dcm.png,2441,Frontal,train
2441_IM-0978-2001.dcm.png,2441,Lateral,train
2442_IM-0979-1001.dcm.png,2442,Frontal,train
2442_IM-0979-2001.dcm.png,2442,Lateral,train
2443_IM-0980-1001.dcm.png,2443,Frontal,train
2443_IM-0980-2001.dcm.png,2443,Lateral,train
2444_IM-0980-1001.dcm.png,2444,Frontal,train
2444_IM-0980-2001.dcm.png,2444,Lateral,train
2445_IM-0981-2002.dcm.png,2445,Frontal,test
2445_IM-0981-3003.dcm.png,2445,Lateral,test
2446_IM-0982-1001.dcm.png,2446,Frontal,train
2446_IM-0982-2001.dcm.png,2446,Lateral,train
2447_IM-0983-1001.dcm.png,2447,Frontal,train
2447_IM-0983-2001.dcm.png,2447,Lateral,train
2448_IM-0983-1001.dcm.png,2448,Frontal,train
2448_IM-0983-2001.dcm.png,2448,Lateral,train
2449_IM-0984-1001.dcm.png,2449,Frontal,test
2449_IM-0984-2001.dcm.png,2449,Lateral,test
2450_IM-0986-1001.dcm.png,2450,Frontal,train
2450_IM-0986-2001.dcm.png,2450,Lateral,train
2451_IM-0987-1001.dcm.png,2451,Frontal,train
2451_IM-0987-1002.dcm.png,2451,Lateral,train
2453_IM-0988-1001.dcm.png,2453,Frontal,val
2453_IM-0988-2001.dcm.png,2453,Lateral,val
2454_IM-0989-1001.dcm.png,2454,Frontal,train
2454_IM-0989-1002.dcm.png,2454,Lateral,train
2455_IM-0989-1001.dcm.png,2455,Frontal,train
2455_IM-0989-2001.dcm.png,2455,Lateral,train
2456_IM-0989-1001.dcm.png,2456,Frontal,train
2456_IM-0989-2001.dcm.png,2456,Lateral,train
2457_IM-0989-1001.dcm.png,2457,Frontal,train
2457_IM-0989-2001.dcm.png,2457,Lateral,train
2458_IM-0990-1001.dcm.png,2458,Frontal,train
2458_IM-0990-2001.dcm.png,2458,Lateral,train
2459_IM-0991-1001.dcm.png,2459,Frontal,train
2459_IM-0991-1002.dcm.png,2459,Lateral,train
2460_IM-0993-1001.dcm.png,2460,Frontal,train
2460_IM-0993-2001.dcm.png,2460,Lateral,train
2461_IM-0994-0001-0002.dcm.png,2461,Frontal,train
2461_IM-0994-0001-0001.dcm.png,2461,Lateral,train
2462_IM-0995-1001.dcm.png,2462,Frontal,train
2462_IM-0995-3001.dcm.png,2462,Lateral,train
2463_IM-0996-1001.dcm.png,2463,Frontal,train
2463_IM-0996-2001.dcm.png,2463,Lateral,train
2464_IM-0997-1001.dcm.png,2464,Frontal,train
2464_IM-0997-2001.dcm.png,2464,Lateral,train
2465_IM-0997-1001.dcm.png,2465,Frontal,train
2465_IM-0997-2001.dcm.png,2465,Lateral,train
2466_IM-0997-1001.dcm.png,2466,Frontal,train
2466_IM-0997-1003.dcm.png,2466,Lateral,train
2467_IM-0997-1001.dcm.png,2467,Frontal,test
2467_IM-0997-2001.dcm.png,2467,Lateral,test
2468_IM-0998-1001.dcm.png,2468,Frontal,test
2468_IM-0998-2001.dcm.png,2468,Lateral,test
2469_IM-0999-1001.dcm.png,2469,Frontal,train
2469_IM-0999-3001.dcm.png,2469,Lateral,train
2470_IM-1001-1001.dcm.png,2470,Frontal,train
2470_IM-1001-3001.dcm.png,2470,Frontal,train
2470_IM-1001-2001.dcm.png,2470,Lateral,train
2471_IM-1002-1001.dcm.png,2471,Frontal,test
2471_IM-1002-1002.dcm.png,2471,Lateral,test
2472_IM-1002-2001.dcm.png,2472,Lateral,train
2473_IM-1003-1001.dcm.png,2473,Frontal,train
2473_IM-1003-2001.dcm.png,2473,Lateral,train
2474_IM-1003-1001.dcm.png,2474,Frontal,train
2475_IM-1004-1001.dcm.png,2475,Frontal,val
2475_IM-1004-2001.dcm.png,2475,Lateral,val
2476_IM-1005-1001.dcm.png,2476,Frontal,train
2476_IM-1005-2001.dcm.png,2476,Lateral,train
2477_IM-1006-1001.dcm.png,2477,Frontal,train
2477_IM-1006-1002.dcm.png,2477,Lateral,train
2478_IM-1007-1001.dcm.png,2478,Frontal,train
2478_IM-1007-2001.dcm.png,2478,Lateral,train
2479_IM-1007-2001.dcm.png,2479,Lateral,train
2480_IM-1009-1001.dcm.png,2480,Frontal,train
2480_IM-1009-2001.dcm.png,2480,Lateral,train
2481_IM-1010-12012.dcm.png,2481,Lateral,train
2482_IM-1011-0001-0002.dcm.png,2482,Frontal,train
2482_IM-1011-0001-0001.dcm.png,2482,Lateral,train
2483_IM-1012-1001.dcm.png,2483,Frontal,test
2483_IM-1012-2001.dcm.png,2483,Lateral,test
2484_IM-1012-1001.dcm.png,2484,Frontal,train
2484_IM-1012-2001.dcm.png,2484,Lateral,train
2485_IM-1013-1001.dcm.png,2485,Frontal,train
2485_IM-1013-2001.dcm.png,2485,Lateral,train
2486_IM-1014-1001.dcm.png,2486,Frontal,train
2486_IM-1014-2001.dcm.png,2486,Lateral,train
2487_IM-1014-1001.dcm.png,2487,Frontal,train
2487_IM-1014-2001.dcm.png,2487,Lateral,train
2488_IM-1015-1001.dcm.png,2488,Frontal,train
2489_IM-1016-1001.dcm.png,2489,Frontal,train
2489_IM-1016-2001.dcm.png,2489,Lateral,train
2490_IM-1017-1001.dcm.png,2490,Frontal,train
2490_IM-1017-2001.dcm.png,2490,Lateral,train
2491_IM-1017-1001.dcm.png,2491,Frontal,train
2491_IM-1017-2001.dcm.png,2491,Lateral,train
2492_IM-1018-1001.dcm.png,2492,Frontal,train
2492_IM-1018-2001.dcm.png,2492,Lateral,train
2493_IM-1019-8001.dcm.png,2493,Frontal,val
2493_IM-1019-4001.dcm.png,2493,Lateral,val
2494_IM-1020-1001.dcm.png,2494,Frontal,train
2494_IM-1020-2001.dcm.png,2494,Lateral,train
2495_IM-1021-1001.dcm.png,2495,Frontal,train
2495_IM-1021-2001.dcm.png,2495,Lateral,train
2496_IM-1022-2001.dcm.png,2496,Lateral,train
2497_IM-1022-1001.dcm.png,2497,Frontal,train
2497_IM-1022-3003.dcm.png,2497,Lateral,train
2498_IM-1022-1001.dcm.png,2498,Frontal,val
2498_IM-1022-2001.dcm.png,2498,Lateral,val
2499_IM-1023-1001.dcm.png,2499,Lateral,train
2499_IM-1023-2001.dcm.png,2499,Lateral,train
2501_IM-1027-1001.dcm.png,2501,Frontal,train
2501_IM-1027-2001.dcm.png,2501,Lateral,train
2502_IM-1027-1001-0002.dcm.png,2502,Frontal,train
2502_IM-1027-1001-0001.dcm.png,2502,Lateral,train
2503_IM-1028-1001.dcm.png,2503,Frontal,val
2503_IM-1028-2001.dcm.png,2503,Lateral,val
2504_IM-1029-2001.dcm.png,2504,Frontal,test
2504_IM-1029-1001.dcm.png,2504,Lateral,test
2505_IM-1029-1001.dcm.png,2505,Frontal,train
2505_IM-1029-2001.dcm.png,2505,Lateral,train
2506_IM-1029-1001.dcm.png,2506,Frontal,test
2506_IM-1029-2001.dcm.png,2506,Lateral,test
2507_IM-1030-3001.dcm.png,2507,Frontal,train
2507_IM-1030-2001.dcm.png,2507,Lateral,train
2509_IM-1031-1001.dcm.png,2509,Frontal,train
2509_IM-1031-2001.dcm.png,2509,Lateral,train
2510_IM-1033-1001.dcm.png,2510,Frontal,train
2510_IM-1033-2001.dcm.png,2510,Lateral,train
2511_IM-1034-1001.dcm.png,2511,Frontal,test
2511_IM-1034-2001.dcm.png,2511,Lateral,test
2512_IM-1034-1001.dcm.png,2512,Frontal,train
2513_IM-1035-1001.dcm.png,2513,Frontal,val
2514_IM-1036-1001.dcm.png,2514,Frontal,train
2514_IM-1036-2001.dcm.png,2514,Lateral,train
2515_IM-1036-1001.dcm.png,2515,Frontal,val
2516_IM-1036-1001.dcm.png,2516,Frontal,train
2516_IM-1036-2001.dcm.png,2516,Lateral,train
2517_IM-1036-1001.dcm.png,2517,Frontal,val
2517_IM-1036-2001.dcm.png,2517,Lateral,val
2518_IM-1036-1001.dcm.png,2518,Frontal,test
2518_IM-1036-2001.dcm.png,2518,Lateral,test
2519_IM-1037-1001.dcm.png,2519,Frontal,train
2519_IM-1037-2001.dcm.png,2519,Lateral,train
2520_IM-1039-27001.dcm.png,2520,Frontal,train
2520_IM-1039-28001.dcm.png,2520,Lateral,train
2522_IM-1040-1001.dcm.png,2522,Frontal,train
2523_IM-1041-1001.dcm.png,2523,Frontal,test
2523_IM-1041-2001.dcm.png,2523,Lateral,test
2524_IM-1042-1001.dcm.png,2524,Frontal,train
2524_IM-1042-2001.dcm.png,2524,Lateral,train
2525_IM-1043-2001.dcm.png,2525,Lateral,train
2526_IM-1043-1001.dcm.png,2526,Frontal,train
2526_IM-1043-2001.dcm.png,2526,Lateral,train
2527_IM-1043-1001.dcm.png,2527,Frontal,test
2527_IM-1043-2001.dcm.png,2527,Lateral,test
2528_IM-1044-1001.dcm.png,2528,Frontal,train
2528_IM-1044-2001.dcm.png,2528,Lateral,train
2529_IM-1044-1001.dcm.png,2529,Frontal,train
2529_IM-1044-2001.dcm.png,2529,Lateral,train
2530_IM-1045-1001.dcm.png,2530,Frontal,train
2531_IM-1045-1001.dcm.png,2531,Frontal,train
2531_IM-1045-2001.dcm.png,2531,Lateral,train
2532_IM-1046-1001.dcm.png,2532,Frontal,train
2532_IM-1046-2001.dcm.png,2532,Lateral,train
2533_IM-1047-1001.dcm.png,2533,Frontal,val
2533_IM-1047-2001.dcm.png,2533,Lateral,val
2535_IM-1048-1002.dcm.png,2535,Lateral,train
2536_IM-1049-1001.dcm.png,2536,Frontal,train
2536_IM-1049-2001.dcm.png,2536,Lateral,train
2537_IM-1049-1001.dcm.png,2537,Frontal,train
2537_IM-1049-2001.dcm.png,2537,Lateral,train
2538_IM-1050-1001.dcm.png,2538,Frontal,train
2538_IM-1050-1002.dcm.png,2538,Lateral,train
2539_IM-1050-1001.dcm.png,2539,Frontal,train
2539_IM-1050-3001.dcm.png,2539,Frontal,train
2539_IM-1050-2001.dcm.png,2539,Lateral,train
2540_IM-1052-1001.dcm.png,2540,Frontal,train
2540_IM-1052-2001.dcm.png,2540,Lateral,train
2541_IM-1053-3001.dcm.png,2541,Frontal,train
2541_IM-1053-2001.dcm.png,2541,Lateral,train
2542_IM-1053-1001.dcm.png,2542,Frontal,val
2542_IM-1053-2001.dcm.png,2542,Lateral,val
2543_IM-1054-2001.dcm.png,2543,Frontal,train
2543_IM-1054-1001.dcm.png,2543,Lateral,train
2543_IM-1054-3001.dcm.png,2543,Lateral,train
2544_IM-1054-1001.dcm.png,2544,Frontal,test
2544_IM-1054-2001.dcm.png,2544,Lateral,test
2545_IM-1054-1001.dcm.png,2545,Frontal,val
2545_IM-1054-1002.dcm.png,2545,Lateral,val
2546_IM-1055-1001.dcm.png,2546,Frontal,val
2546_IM-1055-2001.dcm.png,2546,Lateral,val
2547_IM-1055-4004.dcm.png,2547,Frontal,train
2548_IM-1056-0001-0001.dcm.png,2548,Frontal,train
2548_IM-1056-0001-0002.dcm.png,2548,Lateral,train
2549_IM-1057-1001.dcm.png,2549,Frontal,train
2549_IM-1057-2001.dcm.png,2549,Lateral,train
2550_IM-1058-1001.dcm.png,2550,Lateral,val
2551_IM-1058-1001.dcm.png,2551,Frontal,train
2551_IM-1058-2001.dcm.png,2551,Lateral,train
2552_IM-1058-1001.dcm.png,2552,Frontal,train
2552_IM-1058-1002.dcm.png,2552,Lateral,train
2553_IM-1059-1001.dcm.png,2553,Frontal,test
2553_IM-1059-2001.dcm.png,2553,Lateral,test
2554_IM-1059-1001.dcm.png,2554,Frontal,train
2554_IM-1059-2001.dcm.png,2554,Lateral,train
2555_IM-1060-1001.dcm.png,2555,Frontal,train
2555_IM-1060-2001.dcm.png,2555,Lateral,train
2557_IM-1061-4004.dcm.png,2557,Frontal,train
2557_IM-1061-2001.dcm.png,2557,Lateral,train
2558_IM-1062-10001.dcm.png,2558,Frontal,train
2558_IM-1062-1001.dcm.png,2558,Lateral,train
2559_IM-1063-1001.dcm.png,2559,Frontal,train
2559_IM-1063-3003.dcm.png,2559,Lateral,train
2560_IM-1064-1001.dcm.png,2560,Frontal,train
2560_IM-1064-3001.dcm.png,2560,Frontal,train
2560_IM-1064-2001.dcm.png,2560,Lateral,train
2561_IM-1064-1001.dcm.png,2561,Frontal,train
2562_IM-1065-1001.dcm.png,2562,Frontal,train
2562_IM-1065-3001.dcm.png,2562,Lateral,train
2563_IM-1066-1001.dcm.png,2563,Frontal,train
2563_IM-1066-2001.dcm.png,2563,Lateral,train
2564_IM-1067-1001.dcm.png,2564,Frontal,val
2564_IM-1067-2001.dcm.png,2564,Lateral,val
2565_IM-1068-1002.dcm.png,2565,Frontal,train
2565_IM-1068-1003.dcm.png,2565,Lateral,train
2566_IM-1068-1001.dcm.png,2566,Frontal,train
2566_IM-1068-2001.dcm.png,2566,Lateral,train
2567_IM-1069-2002.dcm.png,2567,Frontal,train
2567_IM-1069-3003.dcm.png,2567,Lateral,train
2568_IM-1070-1001.dcm.png,2568,Frontal,train
2568_IM-1070-2001.dcm.png,2568,Lateral,train
2569_IM-1071-1001.dcm.png,2569,Frontal,test
2569_IM-1071-2001.dcm.png,2569,Lateral,test
2569_IM-1071-3001.dcm.png,2569,Lateral,test
2570_IM-1073-1001.dcm.png,2570,Frontal,train
2570_IM-1073-2001.dcm.png,2570,Lateral,train
2571_IM-1073-2001.dcm.png,2571,Lateral,val
2572_IM-1073-1001.dcm.png,2572,Frontal,test
2572_IM-1073-2001.dcm.png,2572,Lateral,test
2573_IM-1074-1001.dcm.png,2573,Frontal,train
2574_IM-1074-1001.dcm.png,2574,Frontal,train
2574_IM-1074-1002.dcm.png,2574,Lateral,train
2575_IM-1075-1001.dcm.png,2575,Frontal,val
2575_IM-1075-2001.dcm.png,2575,Lateral,val
2576_IM-1076-1001.dcm.png,2576,Frontal,train
2577_IM-1077-1001.dcm.png,2577,Frontal,train
2577_IM-1077-2001.dcm.png,2577,Lateral,train
2578_IM-1078-1001.dcm.png,2578,Frontal,test
2578_IM-1078-2001.dcm.png,2578,Lateral,test
2579_IM-1078-1001.dcm.png,2579,Frontal,train
2579_IM-1078-2001.dcm.png,2579,Lateral,train
2580_IM-1078-1001.dcm.png,2580,Frontal,train
2580_IM-1078-2001.dcm.png,2580,Lateral,train
2581_IM-1079-1001.dcm.png,2581,Frontal,train
2581_IM-1079-2001.dcm.png,2581,Lateral,train
2582_IM-1080-1001.dcm.png,2582,Lateral,train
2583_IM-1081-1001.dcm.png,2583,Frontal,train
2583_IM-1081-2001.dcm.png,2583,Lateral,train
2584_IM-1081-1001.dcm.png,2584,Frontal,train
2584_IM-1081-2001.dcm.png,2584,Lateral,train
2585_IM-1082-1001.dcm.png,2585,Frontal,train
2585_IM-1082-2001.dcm.png,2585,Lateral,train
2586_IM-1083-1001.dcm.png,2586,Frontal,train
2586_IM-1083-1003.dcm.png,2586,Lateral,train
2587_IM-1083-2001.dcm.png,2587,Lateral,test
2588_IM-1083-1001.dcm.png,2588,Frontal,train
2588_IM-1083-2001.dcm.png,2588,Lateral,train
2589_IM-1083-1001.dcm.png,2589,Frontal,train
2589_IM-1083-2001.dcm.png,2589,Lateral,train
2590_IM-1083-1001.dcm.png,2590,Frontal,train
2590_IM-1083-2001.dcm.png,2590,Lateral,train
2591_IM-1083-1001.dcm.png,2591,Frontal,val
2591_IM-1083-2001.dcm.png,2591,Lateral,val
2592_IM-1084-1001.dcm.png,2592,Frontal,train
2592_IM-1084-2001.dcm.png,2592,Lateral,train
2593_IM-1084-1001.dcm.png,2593,Frontal,test
2593_IM-1084-2001.dcm.png,2593,Lateral,test
2594_IM-1085-1001.dcm.png,2594,Frontal,val
2594_IM-1085-2001.dcm.png,2594,Lateral,val
2594_IM-1085-3001.dcm.png,2594,Lateral,val
2595_IM-1086-1001.dcm.png,2595,Frontal,train
2595_IM-1086-2001.dcm.png,2595,Lateral,train
2596_IM-1086-1001.dcm.png,2596,Frontal,val
2596_IM-1086-2001.dcm.png,2596,Lateral,val
2597_IM-1087-1001.dcm.png,2597,Frontal,train
2597_IM-1087-1002.dcm.png,2597,Lateral,train
2599_IM-1089-1001.dcm.png,2599,Frontal,test
2600_IM-1091-1001.dcm.png,2600,Frontal,train
2600_IM-1091-1002.dcm.png,2600,Lateral,train
2601_IM-1092-4001.dcm.png,2601,Frontal,train
2604_IM-1094-1001.dcm.png,2604,Frontal,train
2604_IM-1094-2001.dcm.png,2604,Lateral,train
2605_IM-1095-1001.dcm.png,2605,Frontal,val
2606_IM-1096-2001.dcm.png,2606,Lateral,test
2607_IM-1097-3003.dcm.png,2607,Frontal,train
2607_IM-1097-2002.dcm.png,2607,Lateral,train
2608_IM-1098-2001.dcm.png,2608,Frontal,train
2608_IM-1098-1001.dcm.png,2608,Lateral,train
2609_IM-1099-3001.dcm.png,2609,Frontal,train
2609_IM-1099-2001.dcm.png,2609,Lateral,train
2610_IM-1101-1001.dcm.png,2610,Frontal,train
2610_IM-1101-1002.dcm.png,2610,Lateral,train
2611_IM-1102-1001.dcm.png,2611,Frontal,train
2611_IM-1102-3001.dcm.png,2611,Frontal,train
2611_IM-1102-2001.dcm.png,2611,Lateral,train
2612_IM-1103-1001.dcm.png,2612,Frontal,val
2612_IM-1103-2001.dcm.png,2612,Lateral,val
2613_IM-1104-1001.dcm.png,2613,Frontal,train
2613_IM-1104-3003.dcm.png,2613,Lateral,train
2614_IM-1105-1001.dcm.png,2614,Frontal,train
2614_IM-1105-2001.dcm.png,2614,Lateral,train
2615_IM-1106-1001.dcm.png,2615,Frontal,test
2615_IM-1106-2001.dcm.png,2615,Lateral,test
2616_IM-1106-1001.dcm.png,2616,Frontal,val
2616_IM-1106-2001.dcm.png,2616,Lateral,val
2617_IM-1106-1001.dcm.png,2617,Frontal,train
2617_IM-1106-2001.dcm.png,2617,Lateral,train
2618_IM-1107-2001.dcm.png,2618,Frontal,train
2618_IM-1107-1001.dcm.png,2618,Lateral,train
2619_IM-1108-1001.dcm.png,2619,Frontal,train
2620_IM-1109-1001.dcm.png,2620,Frontal,train
2620_IM-1109-2001.dcm.png,2620,Lateral,train
2621_IM-1109-1001.dcm.png,2621,Frontal,train
2621_IM-1109-2001.dcm.png,2621,Lateral,train
2622_IM-1110-1001.dcm.png,2622,Frontal,val
2622_IM-1110-1002.dcm.png,2622,Lateral,val
2623_IM-1111-1001.dcm.png,2623,Frontal,train
2623_IM-1111-2001.dcm.png,2623,Lateral,train
2624_IM-1111-1001.dcm.png,2624,Frontal,val
2624_IM-1111-2001.dcm.png,2624,Lateral,val
2625_IM-1112-0001-0002.dcm.png,2625,Frontal,train
2625_IM-1112-0001-0001.dcm.png,2625,Lateral,train
2626_IM-1113-2001.dcm.png,2626,Frontal,train
2626_IM-1113-1001.dcm.png,2626,Lateral,train
2627_IM-1114-3001.dcm.png,2627,Frontal,train
2627_IM-1114-2001.dcm.png,2627,Lateral,train
2628_IM-1115-1001.dcm.png,2628,Frontal,train
2628_IM-1115-2001.dcm.png,2628,Lateral,train
2629_IM-1116-1001.dcm.png,2629,Frontal,val
2629_IM-1116-2001.dcm.png,2629,Lateral,val
2630_IM-1117-1002.dcm.png,2630,Lateral,test
2631_IM-1118-1001.dcm.png,2631,Frontal,train
2631_IM-1118-2001.dcm.png,2631,Lateral,train
2632_IM-1119-1001.dcm.png,2632,Frontal,train
2632_IM-1119-3001.dcm.png,2632,Lateral,train
2633_IM-1120-2002.dcm.png,2633,Frontal,train
2633_IM-1120-3003.dcm.png,2633,Lateral,train
2634_IM-1121-2001.dcm.png,2634,Lateral,val
2635_IM-1121-2001.dcm.png,2635,Lateral,train
2636_IM-1121-1001.dcm.png,2636,Frontal,test
2636_IM-1121-2001.dcm.png,2636,Lateral,test
2637_IM-1122-4004.dcm.png,2637,Frontal,train
2637_IM-1122-1001.dcm.png,2637,Lateral,train
2637_IM-1122-2001.dcm.png,2637,Lateral,train
2638_IM-1123-1001.dcm.png,2638,Frontal,train
2638_IM-1123-2001.dcm.png,2638,Lateral,train
2639_IM-1124-2001.dcm.png,2639,Frontal,train
2639_IM-1124-3001.dcm.png,2639,Lateral,train
2640_IM-1126-2001.dcm.png,2640,Frontal,test
2642_IM-1128-1001.dcm.png,2642,Frontal,train
2642_IM-1128-3001.dcm.png,2642,Lateral,train
2643_IM-1129-1001.dcm.png,2643,Frontal,train
2643_IM-1129-2001.dcm.png,2643,Lateral,train
2644_IM-1130-1001.dcm.png,2644,Frontal,val
2644_IM-1130-2001.dcm.png,2644,Lateral,val
2645_IM-1131-2001.dcm.png,2645,Frontal,train
2645_IM-1131-1001.dcm.png,2645,Lateral,train
2646_IM-1131-1001.dcm.png,2646,Frontal,train
2647_IM-1132-1001.dcm.png,2647,Frontal,train
2647_IM-1132-2001.dcm.png,2647,Lateral,train
2648_IM-1133-2001.dcm.png,2648,Lateral,train
2649_IM-1133-2001.dcm.png,2649,Lateral,train
2650_IM-1135-2001.dcm.png,2650,Lateral,train
2651_IM-1136-1001.dcm.png,2651,Frontal,train
2651_IM-1136-2001.dcm.png,2651,Lateral,train
2652_IM-1136-1001.dcm.png,2652,Frontal,train
2652_IM-1136-3003.dcm.png,2652,Lateral,train
2653_IM-1137-1001.dcm.png,2653,Frontal,train
2653_IM-1137-2001.dcm.png,2653,Lateral,train
2654_IM-1137-1001.dcm.png,2654,Frontal,train
2654_IM-1137-2001.dcm.png,2654,Lateral,train
2655_IM-1137-1001.dcm.png,2655,Frontal,test
2655_IM-1137-2001.dcm.png,2655,Lateral,test
2656_IM-1138-2001.dcm.png,2656,Lateral,train
2657_IM-1139-0001-0002.dcm.png,2657,Frontal,train
2657_IM-1139-0001-0001.dcm.png,2657,Lateral,train
2658_IM-1140-1001.dcm.png,2658,Frontal,train
2658_IM-1140-2001.dcm.png,2658,Lateral,train
2659_IM-1140-1001.dcm.png,2659,Frontal,test
2659_IM-1140-2001.dcm.png,2659,Lateral,test
2660_IM-1142-1001.dcm.png,2660,Frontal,train
2660_IM-1142-2001.dcm.png,2660,Lateral,train
2661_IM-1142-1001.dcm.png,2661,Frontal,train
2661_IM-1142-2001.dcm.png,2661,Lateral,train
2662_IM-1143-2002.dcm.png,2662,Frontal,train
2662_IM-1143-3003.dcm.png,2662,Lateral,train
2663_IM-1144-1001.dcm.png,2663,Frontal,train
2663_IM-1144-2001.dcm.png,2663,Lateral,train
2664_IM-1145-1001.dcm.png,2664,Frontal,train
2664_IM-1145-2001.dcm.png,2664,Lateral,train
2665_IM-1145-1001.dcm.png,2665,Frontal,train
2665_IM-1145-2001.dcm.png,2665,Lateral,train
2666_IM-1145-1001.dcm.png,2666,Frontal,test
2666_IM-1145-2001.dcm.png,2666,Lateral,test
2667_IM-1146-1001.dcm.png,2667,Frontal,train
2667_IM-1146-1002.dcm.png,2667,Lateral,train
2668_IM-1147-3001.dcm.png,2668,Frontal,test
2668_IM-1147-2001.dcm.png,2668,Lateral,test
2669_IM-1147-1001.dcm.png,2669,Frontal,train
2669_IM-1147-2001.dcm.png,2669,Lateral,train
2670_IM-1148-1001.dcm.png,2670,Frontal,train
2670_IM-1148-1002.dcm.png,2670,Lateral,train
2671_IM-1148-1001-0002.dcm.png,2671,Frontal,train
2671_IM-1148-1001-0001.dcm.png,2671,Lateral,train
2672_IM-1148-1001.dcm.png,2672,Frontal,train
2672_IM-1148-2001.dcm.png,2672,Lateral,train
2673_IM-1149-1001.dcm.png,2673,Frontal,train
2673_IM-1149-2001.dcm.png,2673,Lateral,train
2674_IM-1149-1001.dcm.png,2674,Frontal,train
2674_IM-1149-2001.dcm.png,2674,Lateral,train
2676_IM-1151-1001.dcm.png,2676,Frontal,train
2676_IM-1151-2001.dcm.png,2676,Lateral,train
2677_IM-1151-1001.dcm.png,2677,Frontal,train
2677_IM-1151-2001.dcm.png,2677,Lateral,train
2679_IM-1153-1001.dcm.png,2679,Frontal,train
2679_IM-1153-2001.dcm.png,2679,Lateral,train
2680_IM-1154-1001.dcm.png,2680,Frontal,train
2680_IM-1154-2001.dcm.png,2680,Lateral,train
2680_IM-1154-3001.dcm.png,2680,Lateral,train
2681_IM-1154-1001.dcm.png,2681,Frontal,train
2681_IM-1154-2001.dcm.png,2681,Lateral,train
2683_IM-1156-1001.dcm.png,2683,Frontal,train
2683_IM-1156-1002.dcm.png,2683,Lateral,train
2684_IM-1157-1001.dcm.png,2684,Frontal,test
2684_IM-1157-2001.dcm.png,2684,Lateral,test
2685_IM-1158-1001.dcm.png,2685,Frontal,train
2685_IM-1158-2001.dcm.png,2685,Lateral,train
2686_IM-1158-1001.dcm.png,2686,Frontal,test
2686_IM-1158-2001.dcm.png,2686,Lateral,test
2687_IM-1158-1001.dcm.png,2687,Frontal,train
2687_IM-1158-2001.dcm.png,2687,Lateral,train
2688_IM-1159-4004.dcm.png,2688,Frontal,test
2688_IM-1159-2001.dcm.png,2688,Lateral,test
2689_IM-1160-1002001.dcm.png,2689,Frontal,train
2689_IM-1160-1004003.dcm.png,2689,Lateral,train
2690_IM-1162-1003002.dcm.png,2690,Frontal,train
2690_IM-1162-1004003.dcm.png,2690,Lateral,train
2691_IM-1163-4004.dcm.png,2691,Frontal,val
2691_IM-1163-1001.dcm.png,2691,Lateral,val
2692_IM-1164-1001.dcm.png,2692,Frontal,train
2692_IM-1164-2001.dcm.png,2692,Lateral,train
2693_IM-1165-1001.dcm.png,2693,Frontal,train
2693_IM-1165-2001.dcm.png,2693,Lateral,train
2694_IM-1165-1001.dcm.png,2694,Frontal,train
2694_IM-1165-2001.dcm.png,2694,Lateral,train
2695_IM-1166-1001.dcm.png,2695,Frontal,train
2695_IM-1166-2001.dcm.png,2695,Lateral,train
2696_IM-1166-1001.dcm.png,2696,Frontal,test
2696_IM-1166-2001.dcm.png,2696,Lateral,test
2697_IM-1167-1001.dcm.png,2697,Frontal,val
2698_IM-1167-1001.dcm.png,2698,Frontal,val
2698_IM-1167-2001.dcm.png,2698,Lateral,val
2699_IM-1167-1001.dcm.png,2699,Frontal,train
2699_IM-1167-2001.dcm.png,2699,Lateral,train
2700_IM-1169-1001.dcm.png,2700,Frontal,train
2700_IM-1169-2001.dcm.png,2700,Lateral,train
2701_IM-1169-1001.dcm.png,2701,Frontal,train
2701_IM-1169-1002.dcm.png,2701,Lateral,train
2702_IM-1170-1001.dcm.png,2702,Frontal,train
2702_IM-1170-2001.dcm.png,2702,Lateral,train
2704_IM-1171-1001.dcm.png,2704,Frontal,train
2704_IM-1171-2001.dcm.png,2704,Lateral,train
2705_IM-1171-1001.dcm.png,2705,Frontal,val
2706_IM-1172-1001.dcm.png,2706,Frontal,test
2706_IM-1172-2001.dcm.png,2706,Lateral,test
2708_IM-1174-1001.dcm.png,2708,Frontal,train
2708_IM-1174-3003.dcm.png,2708,Lateral,train
2709_IM-1175-1001.dcm.png,2709,Frontal,val
2709_IM-1175-2001.dcm.png,2709,Lateral,val
2710_IM-1177-1001.dcm.png,2710,Frontal,test
2710_IM-1177-2001.dcm.png,2710,Lateral,test
2711_IM-1178-0001-0001.dcm.png,2711,Frontal,train
2711_IM-1178-0001-0002.dcm.png,2711,Lateral,train
2712_IM-1179-2001.dcm.png,2712,Frontal,test
2712_IM-1179-1001.dcm.png,2712,Lateral,test
2713_IM-1180-1001.dcm.png,2713,Frontal,train
2713_IM-1180-2001.dcm.png,2713,Lateral,train
2714_IM-1180-1001.dcm.png,2714,Frontal,train
2714_IM-1180-2001.dcm.png,2714,Lateral,train
2715_IM-1180-1001.dcm.png,2715,Frontal,train
2715_IM-1180-2001.dcm.png,2715,Lateral,train
2716_IM-1181-1001.dcm.png,2716,Frontal,train
2716_IM-1181-2001.dcm.png,2716,Lateral,train
2717_IM-1181-1001-0001.dcm.png,2717,Frontal,train
2718_IM-1182-1001.dcm.png,2718,Frontal,train
2718_IM-1182-2001.dcm.png,2718,Lateral,train
2719_IM-1182-1001.dcm.png,2719,Frontal,train
2719_IM-1182-2001.dcm.png,2719,Lateral,train
2720_IM-1182-1001.dcm.png,2720,Frontal,val
2720_IM-1182-2001.dcm.png,2720,Lateral,val
2721_IM-1183-1001.dcm.png,2721,Frontal,test
2721_IM-1183-2001.dcm.png,2721,Lateral,test
2722_IM-1184-1001.dcm.png,2722,Frontal,train
2722_IM-1184-2001.dcm.png,2722,Lateral,train
2723_IM-1185-1001.dcm.png,2723,Frontal,val
2723_IM-1185-2001.dcm.png,2723,Lateral,val
2724_IM-1186-1001.dcm.png,2724,Frontal,train
2724_IM-1186-2001.dcm.png,2724,Lateral,train
2725_IM-1186-1001.dcm.png,2725,Frontal,val
2725_IM-1186-2001.dcm.png,2725,Lateral,val
2726_IM-1186-2001.dcm.png,2726,Frontal,train
2726_IM-1186-1001.dcm.png,2726,Lateral,train
2727_IM-1187-1001.dcm.png,2727,Frontal,train
2727_IM-1187-1002.dcm.png,2727,Frontal,train
2727_IM-1187-1004.dcm.png,2727,Lateral,train
2728_IM-1187-1001.dcm.png,2728,Frontal,train
2728_IM-1187-2001.dcm.png,2728,Lateral,train
2729_IM-1187-1001.dcm.png,2729,Frontal,val
2729_IM-1187-2001.dcm.png,2729,Lateral,val
2730_IM-1189-1001.dcm.png,2730,Frontal,train
2730_IM-1189-2001.dcm.png,2730,Lateral,train
2731_IM-1189-1001.dcm.png,2731,Frontal,train
2731_IM-1189-1002.dcm.png,2731,Lateral,train
2733_IM-1189-1001.dcm.png,2733,Frontal,train
2733_IM-1189-2001.dcm.png,2733,Lateral,train
2734_IM-1189-1001.dcm.png,2734,Frontal,train
2734_IM-1189-2001.dcm.png,2734,Lateral,train
2735_IM-1189-1001.dcm.png,2735,Frontal,train
2735_IM-1189-1002.dcm.png,2735,Lateral,train
2737_IM-1191-4004.dcm.png,2737,Frontal,val
2738_IM-1192-1001.dcm.png,2738,Frontal,train
2738_IM-1192-2001.dcm.png,2738,Lateral,train
2739_IM-1193-1001.dcm.png,2739,Frontal,train
2739_IM-1193-1002.dcm.png,2739,Lateral,train
2740_IM-1195-1001.dcm.png,2740,Frontal,train
2740_IM-1195-2001.dcm.png,2740,Lateral,train
2741_IM-1196-1001.dcm.png,2741,Frontal,train
2741_IM-1196-2001.dcm.png,2741,Lateral,train
2742_IM-1197-1001.dcm.png,2742,Frontal,train
2742_IM-1197-2001.dcm.png,2742,Lateral,train
2743_IM-1197-1001.dcm.png,2743,Frontal,val
2743_IM-1197-1002.dcm.png,2743,Lateral,val
2744_IM-1197-1001.dcm.png,2744,Frontal,train
2744_IM-1197-2001.dcm.png,2744,Lateral,train
2745_IM-1197-12012.dcm.png,2745,Frontal,train
2745_IM-1197-1001.dcm.png,2745,Lateral,train
2745_IM-1197-2001.dcm.png,2745,Lateral,train
2746_IM-1198-1001.dcm.png,2746,Frontal,train
2747_IM-1198-1001.dcm.png,2747,Frontal,val
2747_IM-1198-2001.dcm.png,2747,Lateral,val
2748_IM-1198-1001.dcm.png,2748,Frontal,test
2748_IM-1198-2001.dcm.png,2748,Lateral,test
2749_IM-1199-1001.dcm.png,2749,Frontal,train
2749_IM-1199-1002.dcm.png,2749,Lateral,train
2750_IM-1200-1001.dcm.png,2750,Frontal,val
2750_IM-1200-2002.dcm.png,2750,Lateral,val
2751_IM-1201-1001.dcm.png,2751,Frontal,train
2751_IM-1201-2001.dcm.png,2751,Lateral,train
2752_IM-1202-0001-0001.dcm.png,2752,Frontal,train
2752_IM-1202-0001-0002.dcm.png,2752,Lateral,train
2753_IM-1203-1001.dcm.png,2753,Frontal,val
2753_IM-1203-1002.dcm.png,2753,Lateral,val
2754_IM-1204-2002.dcm.png,2754,Frontal,train
2754_IM-1204-3003.dcm.png,2754,Lateral,train
2755_IM-1204-1001.dcm.png,2755,Frontal,train
2755_IM-1204-2001.dcm.png,2755,Lateral,train
2756_IM-1205-1001.dcm.png,2756,Frontal,train
2758_IM-1206-1001.dcm.png,2758,Frontal,val
2759_IM-1207-1001.dcm.png,2759,Frontal,test
2759_IM-1207-2001.dcm.png,2759,Lateral,test
2760_IM-1207-1001.dcm.png,2760,Frontal,train
2760_IM-1207-2001.dcm.png,2760,Lateral,train
2761_IM-1208-1001.dcm.png,2761,Frontal,train
2761_IM-1208-2001.dcm.png,2761,Lateral,train
2762_IM-1208-1001.dcm.png,2762,Frontal,val
2762_IM-1208-2001.dcm.png,2762,Lateral,val
2763_IM-1209-1001.dcm.png,2763,Frontal,train
2763_IM-1209-3001.dcm.png,2763,Lateral,train
2764_IM-1209-1001.dcm.png,2764,Frontal,train
2765_IM-1210-1001.dcm.png,2765,Frontal,val
2765_IM-1210-2001.dcm.png,2765,Lateral,val
2766_IM-1211-4004.dcm.png,2766,Frontal,train
2766_IM-1211-3001.dcm.png,2766,Lateral,train
2767_IM-1212-1001.dcm.png,2767,Frontal,train
2767_IM-1212-2001.dcm.png,2767,Lateral,train
2768_IM-1212-1001.dcm.png,2768,Frontal,train
2768_IM-1212-2001.dcm.png,2768,Lateral,train
2769_IM-1212-1001.dcm.png,2769,Frontal,train
2769_IM-1212-2001.dcm.png,2769,Lateral,train
2770_IM-1213-1001.dcm.png,2770,Frontal,train
2770_IM-1213-2001.dcm.png,2770,Lateral,train
2771_IM-1213-1001.dcm.png,2771,Frontal,train
2771_IM-1213-2001.dcm.png,2771,Lateral,train
2772_IM-1213-1001.dcm.png,2772,Frontal,test
2772_IM-1213-2001.dcm.png,2772,Lateral,test
2773_IM-1214-1001.dcm.png,2773,Frontal,train
2773_IM-1214-2001.dcm.png,2773,Lateral,train
2774_IM-1215-1001.dcm.png,2774,Frontal,train
2774_IM-1215-2001.dcm.png,2774,Lateral,train
2775_IM-1216-3001.dcm.png,2775,Frontal,train
2775_IM-1216-4001.dcm.png,2775,Lateral,train
2776_IM-1217-1001.dcm.png,2776,Frontal,train
2776_IM-1217-2001.dcm.png,2776,Lateral,train
2777_IM-1217-1001.dcm.png,2777,Frontal,train
2777_IM-1217-2001.dcm.png,2777,Lateral,train
2778_IM-1218-1001.dcm.png,2778,Frontal,val
2778_IM-1218-2001.dcm.png,2778,Lateral,val
2779_IM-1218-1001.dcm.png,2779,Frontal,train
2779_IM-1218-1002.dcm.png,2779,Lateral,train
2780_IM-1218-1002.dcm.png,2780,Frontal,train
2780_IM-1218-1003.dcm.png,2780,Lateral,train
2781_IM-1219-1001.dcm.png,2781,Frontal,test
2781_IM-1219-2001.dcm.png,2781,Lateral,test
2782_IM-1220-1001.dcm.png,2782,Frontal,train
2782_IM-1220-2001.dcm.png,2782,Lateral,train
2783_IM-1220-1001.dcm.png,2783,Frontal,test
2783_IM-1220-1002.dcm.png,2783,Lateral,test
2784_IM-1220-1001.dcm.png,2784,Frontal,train
2784_IM-1220-2001.dcm.png,2784,Lateral,train
2785_IM-1220-1001.dcm.png,2785,Frontal,test
2785_IM-1220-2001.dcm.png,2785,Lateral,test
2786_IM-1221-1001.dcm.png,2786,Frontal,train
2786_IM-1221-2001.dcm.png,2786,Lateral,train
2787_IM-1222-1001.dcm.png,2787,Frontal,train
2787_IM-1222-2001.dcm.png,2787,Lateral,train
2788_IM-1222-1001.dcm.png,2788,Frontal,test
2788_IM-1222-3001.dcm.png,2788,Lateral,test
2789_IM-1223-8001.dcm.png,2789,Frontal,train
2789_IM-1223-9001.dcm.png,2789,Lateral,train
2790_IM-1224-1001.dcm.png,2790,Frontal,train
2790_IM-1224-2001.dcm.png,2790,Lateral,train
2791_IM-1225-2001.dcm.png,2791,Frontal,train
2791_IM-1225-3001.dcm.png,2791,Lateral,train
2792_IM-1226-1001.dcm.png,2792,Frontal,test
2792_IM-1226-2001.dcm.png,2792,Lateral,test
2793_IM-1226-1001.dcm.png,2793,Frontal,train
2793_IM-1226-2001.dcm.png,2793,Lateral,train
2794_IM-1226-1001.dcm.png,2794,Frontal,train
2794_IM-1226-1002.dcm.png,2794,Lateral,train
2795_IM-1227-1001.dcm.png,2795,Frontal,train
2795_IM-1227-2001.dcm.png,2795,Lateral,train
2796_IM-1228-1001.dcm.png,2796,Frontal,train
2796_IM-1228-12012.dcm.png,2796,Frontal,train
2796_IM-1228-3003.dcm.png,2796,Lateral,train
2797_IM-1229-1001.dcm.png,2797,Frontal,train
2797_IM-1229-2001.dcm.png,2797,Lateral,train
2798_IM-1230-3001.dcm.png,2798,Frontal,train
2798_IM-1230-2001.dcm.png,2798,Lateral,train
2799_IM-1231-1001.dcm.png,2799,Frontal,train
2799_IM-1231-2001.dcm.png,2799,Lateral,train
2801_IM-1233-3003.dcm.png,2801,Frontal,train
2801_IM-1233-2002.dcm.png,2801,Lateral,train
2802_IM-1234-1001.dcm.png,2802,Frontal,train
2802_IM-1234-2001.dcm.png,2802,Lateral,train
2803_IM-1234-1001.dcm.png,2803,Frontal,train
2803_IM-1234-2001.dcm.png,2803,Lateral,train
2804_IM-1235-1001.dcm.png,2804,Frontal,train
2804_IM-1235-2001.dcm.png,2804,Lateral,train
2805_IM-1235-1001.dcm.png,2805,Frontal,train
2805_IM-1235-2001.dcm.png,2805,Lateral,train
2806_IM-1236-1001.dcm.png,2806,Frontal,train
2806_IM-1236-2001.dcm.png,2806,Lateral,train
2807_IM-1237-1001.dcm.png,2807,Frontal,train
2807_IM-1237-2001.dcm.png,2807,Lateral,train
2808_IM-1238-1001.dcm.png,2808,Frontal,train
2808_IM-1238-2001.dcm.png,2808,Lateral,train
2809_IM-1238-1001.dcm.png,2809,Frontal,test
2809_IM-1238-2001.dcm.png,2809,Lateral,test
2810_IM-1238-1001.dcm.png,2810,Frontal,train
2810_IM-1238-2001.dcm.png,2810,Lateral,train
2811_IM-1238-2001.dcm.png,2811,Frontal,train
2811_IM-1238-1001.dcm.png,2811,Lateral,train
2812_IM-1239-2001.dcm.png,2812,Frontal,train
2812_IM-1239-1001.dcm.png,2812,Lateral,train
2813_IM-1239-1001.dcm.png,2813,Frontal,train
2813_IM-1239-2001.dcm.png,2813,Lateral,train
2814_IM-1239-1001.dcm.png,2814,Frontal,train
2814_IM-1239-2001.dcm.png,2814,Lateral,train
2815_IM-1240-1001.dcm.png,2815,Frontal,train
2815_IM-1240-2001.dcm.png,2815,Lateral,train
2816_IM-1240-2001.dcm.png,2816,Lateral,train
2817_IM-1241-1001.dcm.png,2817,Frontal,val
2817_IM-1241-3001.dcm.png,2817,Frontal,val
2817_IM-1241-2001.dcm.png,2817,Lateral,val
2818_IM-1242-1001.dcm.png,2818,Frontal,test
2818_IM-1242-2001.dcm.png,2818,Lateral,test
2819_IM-1243-1001.dcm.png,2819,Frontal,test
2820_IM-1244-1001.dcm.png,2820,Frontal,train
2820_IM-1244-2001.dcm.png,2820,Lateral,train
2821_IM-1244-1001.dcm.png,2821,Frontal,train
2821_IM-1244-2001.dcm.png,2821,Lateral,train
2822_IM-1244-2002.dcm.png,2822,Frontal,test
2822_IM-1244-0001.dcm.png,2822,Lateral,test
2824_IM-1245-13001.dcm.png,2824,Frontal,train
2824_IM-1245-15001.dcm.png,2824,Lateral,train
2825_IM-1246-1002.dcm.png,2825,Lateral,test
2826_IM-1246-1001.dcm.png,2826,Frontal,train
2826_IM-1246-1002.dcm.png,2826,Lateral,train
2827_IM-1246-1001.dcm.png,2827,Frontal,train
2827_IM-1246-6006.dcm.png,2827,Lateral,train
2828_IM-1247-1001.dcm.png,2828,Frontal,train
2828_IM-1247-2001.dcm.png,2828,Lateral,train
2829_IM-1247-1001.dcm.png,2829,Frontal,train
2829_IM-1247-3001.dcm.png,2829,Frontal,train
2829_IM-1247-2001.dcm.png,2829,Lateral,train
2830_IM-1248-1001.dcm.png,2830,Frontal,train
2830_IM-1248-1002.dcm.png,2830,Lateral,train
2831_IM-1249-1001.dcm.png,2831,Frontal,val
2831_IM-1249-2001.dcm.png,2831,Lateral,val
2832_IM-1249-1001.dcm.png,2832,Frontal,val
2832_IM-1249-2001.dcm.png,2832,Lateral,val
2833_IM-1249-1001.dcm.png,2833,Frontal,val
2833_IM-1249-2001.dcm.png,2833,Lateral,val
2835_IM-1251-1001.dcm.png,2835,Frontal,train
2835_IM-1251-3001.dcm.png,2835,Frontal,train
2835_IM-1251-2001.dcm.png,2835,Lateral,train
2836_IM-1252-1001.dcm.png,2836,Frontal,train
2836_IM-1252-2001.dcm.png,2836,Lateral,train
2837_IM-1252-1001.dcm.png,2837,Frontal,train
2837_IM-1252-2001.dcm.png,2837,Lateral,train
2838_IM-1252-1001.dcm.png,2838,Frontal,train
2839_IM-1252-1001.dcm.png,2839,Frontal,train
2839_IM-1252-1002.dcm.png,2839,Lateral,train
2840_IM-1253-1001-0002.dcm.png,2840,Frontal,train
2840_IM-1253-1001-0001.dcm.png,2840,Lateral,train
2840_IM-1253-2001.dcm.png,2840,Lateral,train
2841_IM-1253-2001.dcm.png,2841,Lateral,val
2842_IM-1254-1001.dcm.png,2842,Frontal,train
2842_IM-1254-1002.dcm.png,2842,Lateral,train
2843_IM-1254-1001-0002.dcm.png,2843,Frontal,train
2843_IM-1254-1001-0001.dcm.png,2843,Lateral,train
2844_IM-1254-1001.dcm.png,2844,Frontal,train
2844_IM-1254-2001.dcm.png,2844,Lateral,train
2845_IM-1254-1001.dcm.png,2845,Frontal,train
2845_IM-1254-2001.dcm.png,2845,Lateral,train
2847_IM-1256-1001.dcm.png,2847,Frontal,train
2847_IM-1256-3001.dcm.png,2847,Lateral,train
2848_IM-1256-1001.dcm.png,2848,Frontal,train
2848_IM-1256-1002.dcm.png,2848,Lateral,train
2850_IM-1259-2002.dcm.png,2850,Frontal,train
2850_IM-1259-3003.dcm.png,2850,Lateral,train
2851_IM-1260-0001-0001.dcm.png,2851,Frontal,train
2851_IM-1260-0001-0002.dcm.png,2851,Lateral,train
2852_IM-1261-3001.dcm.png,2852,Frontal,val
2852_IM-1261-2001.dcm.png,2852,Lateral,val
2854_IM-1262-1001.dcm.png,2854,Frontal,train
2854_IM-1262-2001.dcm.png,2854,Lateral,train
2855_IM-1263-1001.dcm.png,2855,Frontal,train
2855_IM-1263-2001.dcm.png,2855,Lateral,train
2856_IM-1263-1001.dcm.png,2856,Frontal,train
2856_IM-1263-2001.dcm.png,2856,Lateral,train
2857_IM-1264-1001.dcm.png,2857,Frontal,train
2857_IM-1264-2001.dcm.png,2857,Lateral,train
2858_IM-1265-1001.dcm.png,2858,Frontal,val
2858_IM-1265-3001.dcm.png,2858,Frontal,val
2858_IM-1265-2001.dcm.png,2858,Lateral,val
2859_IM-1266-1001.dcm.png,2859,Frontal,train
2859_IM-1266-2001.dcm.png,2859,Lateral,train
2860_IM-1268-1001.dcm.png,2860,Frontal,val
2860_IM-1268-1002.dcm.png,2860,Lateral,val
2861_IM-1269-2001.dcm.png,2861,Frontal,train
2861_IM-1269-3001.dcm.png,2861,Lateral,train
2862_IM-1270-1001.dcm.png,2862,Frontal,train
2862_IM-1270-1002.dcm.png,2862,Lateral,train
2863_IM-1271-3001.dcm.png,2863,Frontal,test
2863_IM-1271-2001.dcm.png,2863,Lateral,test
2864_IM-1272-1001.dcm.png,2864,Frontal,train
2865_IM-1273-1001.dcm.png,2865,Frontal,train
2865_IM-1273-2001.dcm.png,2865,Lateral,train
2866_IM-1273-1001.dcm.png,2866,Frontal,val
2866_IM-1273-2001.dcm.png,2866,Lateral,val
2867_IM-1274-1001.dcm.png,2867,Frontal,train
2867_IM-1274-2001.dcm.png,2867,Lateral,train
2868_IM-1275-1001.dcm.png,2868,Frontal,train
2868_IM-1275-2001.dcm.png,2868,Lateral,train
2870_IM-1276-1001.dcm.png,2870,Frontal,val
2870_IM-1276-2001.dcm.png,2870,Lateral,val
2871_IM-1277-1001.dcm.png,2871,Frontal,train
2871_IM-1277-2001.dcm.png,2871,Lateral,train
2873_IM-1279-2002.dcm.png,2873,Frontal,train
2873_IM-1279-3003.dcm.png,2873,Lateral,train
2874_IM-1280-1001.dcm.png,2874,Frontal,train
2874_IM-1280-2001.dcm.png,2874,Lateral,train
2876_IM-1282-1001.dcm.png,2876,Frontal,train
2876_IM-1282-2001.dcm.png,2876,Lateral,train
2877_IM-1283-1001.dcm.png,2877,Frontal,train
2877_IM-1283-2001.dcm.png,2877,Lateral,train
2878_IM-1283-2001.dcm.png,2878,Lateral,train
2879_IM-1284-1001.dcm.png,2879,Frontal,train
2879_IM-1284-2001.dcm.png,2879,Lateral,train
2880_IM-1284-1001.dcm.png,2880,Frontal,train
2880_IM-1284-2001.dcm.png,2880,Lateral,train
2881_IM-1285-4004.dcm.png,2881,Frontal,train
2882_IM-1286-1001.dcm.png,2882,Frontal,train
2882_IM-1286-2001.dcm.png,2882,Lateral,train
2884_IM-1286-1001.dcm.png,2884,Frontal,val
2884_IM-1286-2001.dcm.png,2884,Lateral,val
2885_IM-1287-2001.dcm.png,2885,Frontal,test
2885_IM-1287-3001.dcm.png,2885,Lateral,test
2886_IM-1288-0001-0002.dcm.png,2886,Frontal,train
2886_IM-1288-0001-0001.dcm.png,2886,Lateral,train
2887_IM-1289-4001.dcm.png,2887,Frontal,train
2887_IM-1289-1001.dcm.png,2887,Lateral,train
2887_IM-1289-2001.dcm.png,2887,Lateral,train
2888_IM-1290-0001-0001.dcm.png,2888,Frontal,train
2888_IM-1290-0001-0002.dcm.png,2888,Lateral,train
2889_IM-1291-1001.dcm.png,2889,Frontal,train
2889_IM-1291-1002.dcm.png,2889,Lateral,train
2890_IM-1293-8001.dcm.png,2890,Frontal,train
2890_IM-1293-22001.dcm.png,2890,Lateral,train
2890_IM-1293-23001.dcm.png,2890,Lateral,train
2891_IM-1294-1001.dcm.png,2891,Frontal,train
2892_IM-1295-1001.dcm.png,2892,Frontal,train
2892_IM-1295-2001.dcm.png,2892,Lateral,train
2893_IM-1295-1001.dcm.png,2893,Frontal,test
2893_IM-1295-2001.dcm.png,2893,Lateral,test
2894_IM-1296-4001-0001.dcm.png,2894,Frontal,val
2894_IM-1296-4001-0002.dcm.png,2894,Lateral,val
2895_IM-1297-1001.dcm.png,2895,Frontal,train
2895_IM-1297-1002.dcm.png,2895,Lateral,train
2897_IM-1299-1001.dcm.png,2897,Frontal,val
2897_IM-1299-3001.dcm.png,2897,Lateral,val
2898_IM-1300-0001-0001.dcm.png,2898,Frontal,val
2898_IM-1300-0001-0002.dcm.png,2898,Frontal,val
2898_IM-1300-0001-0003.dcm.png,2898,Lateral,val
2899_IM-1301-1001.dcm.png,2899,Frontal,test
2899_IM-1301-2001.dcm.png,2899,Lateral,test
2901_IM-1305-1001.dcm.png,2901,Frontal,train
2901_IM-1305-2001.dcm.png,2901,Lateral,train
2902_IM-1306-4001.dcm.png,2902,Frontal,val
2902_IM-1306-3001.dcm.png,2902,Lateral,val
2903_IM-1307-4004.dcm.png,2903,Frontal,test
2903_IM-1307-1001.dcm.png,2903,Lateral,test
2904_IM-1308-1001.dcm.png,2904,Frontal,train
2904_IM-1308-3001.dcm.png,2904,Lateral,train
2905_IM-1309-1001.dcm.png,2905,Frontal,test
2906_IM-1310-1001.dcm.png,2906,Frontal,train
2906_IM-1310-2001.dcm.png,2906,Lateral,train
2908_IM-1312-4004.dcm.png,2908,Frontal,train
2908_IM-1312-1001.dcm.png,2908,Lateral,train
2909_IM-1313-1001.dcm.png,2909,Frontal,train
2909_IM-1313-2001.dcm.png,2909,Lateral,train
2910_IM-1314-1001.dcm.png,2910,Frontal,val
2910_IM-1314-2001.dcm.png,2910,Lateral,val
2911_IM-1314-1001.dcm.png,2911,Frontal,train
2911_IM-1314-2001.dcm.png,2911,Lateral,train
2915_IM-1317-3001.dcm.png,2915,Frontal,train
2915_IM-1317-2001.dcm.png,2915,Lateral,train
2916_IM-1318-1001.dcm.png,2916,Frontal,val
2916_IM-1318-2001.dcm.png,2916,Lateral,val
2917_IM-1319-1001.dcm.png,2917,Frontal,train
2917_IM-1319-2001.dcm.png,2917,Lateral,train
2918_IM-1320-1001.dcm.png,2918,Frontal,test
2918_IM-1320-2001.dcm.png,2918,Lateral,test
2919_IM-1321-3001.dcm.png,2919,Frontal,train
2919_IM-1321-2001.dcm.png,2919,Lateral,train
2920_IM-1323-1001.dcm.png,2920,Frontal,train
2920_IM-1323-2001.dcm.png,2920,Lateral,train
2921_IM-1324-2001.dcm.png,2921,Lateral,train
2922_IM-1325-12012.dcm.png,2922,Frontal,train
2922_IM-1325-1001.dcm.png,2922,Lateral,train
2922_IM-1325-2001.dcm.png,2922,Lateral,train
2923_IM-1326-1001.dcm.png,2923,Frontal,train
2923_IM-1326-3001.dcm.png,2923,Lateral,train
2924_IM-1327-1001.dcm.png,2924,Frontal,train
2924_IM-1327-2001.dcm.png,2924,Lateral,train
2925_IM-1327-1001.dcm.png,2925,Frontal,test
2925_IM-1327-2001.dcm.png,2925,Lateral,test
2926_IM-1328-1001.dcm.png,2926,Frontal,train
2926_IM-1328-2001.dcm.png,2926,Lateral,train
2927_IM-1329-1001.dcm.png,2927,Frontal,train
2927_IM-1329-2001.dcm.png,2927,Lateral,train
2928_IM-1330-13013.dcm.png,2928,Frontal,train
2928_IM-1330-1001.dcm.png,2928,Lateral,train
2929_IM-1331-2001.dcm.png,2929,Frontal,train
2929_IM-1331-1001.dcm.png,2929,Lateral,train
2930_IM-1333-1002001.dcm.png,2930,Frontal,train
2930_IM-1333-1003002.dcm.png,2930,Lateral,train
2930_IM-1333-1004003.dcm.png,2930,Lateral,train
2931_IM-1334-1001.dcm.png,2931,Frontal,train
2931_IM-1334-2001.dcm.png,2931,Lateral,train
2932_IM-1335-1001.dcm.png,2932,Frontal,test
2932_IM-1335-1002.dcm.png,2932,Lateral,test
2933_IM-1336-1001.dcm.png,2933,Frontal,val
2933_IM-1336-3001.dcm.png,2933,Frontal,val
2933_IM-1336-2001.dcm.png,2933,Lateral,val
2934_IM-1337-1001.dcm.png,2934,Frontal,test
2934_IM-1337-1002.dcm.png,2934,Lateral,test
2935_IM-1337-1001.dcm.png,2935,Frontal,train
2935_IM-1337-2001.dcm.png,2935,Lateral,train
2936_IM-1338-1002001.dcm.png,2936,Frontal,val
2936_IM-1338-1003002.dcm.png,2936,Lateral,val
2936_IM-1338-1004003.dcm.png,2936,Lateral,val
2937_IM-1339-1001.dcm.png,2937,Frontal,train
2937_IM-1339-2001.dcm.png,2937,Lateral,train
2938_IM-1339-1001.dcm.png,2938,Frontal,test
2938_IM-1339-2001.dcm.png,2938,Lateral,test
2939_IM-1339-1001.dcm.png,2939,Frontal,train
2939_IM-1339-1002.dcm.png,2939,Lateral,train
2940_IM-1341-1001.dcm.png,2940,Frontal,train
2940_IM-1341-2001.dcm.png,2940,Lateral,train
2941_IM-1342-1001.dcm.png,2941,Frontal,train
2941_IM-1342-2001.dcm.png,2941,Lateral,train
2942_IM-1343-1001.dcm.png,2942,Frontal,train
2942_IM-1343-2001.dcm.png,2942,Lateral,train
2943_IM-1343-4004.dcm.png,2943,Frontal,test
2943_IM-1343-1001.dcm.png,2943,Lateral,test
2944_IM-1344-1001.dcm.png,2944,Frontal,test
2944_IM-1344-2002.dcm.png,2944,Lateral,test
2945_IM-1345-12012.dcm.png,2945,Frontal,train
2945_IM-1345-3001.dcm.png,2945,Lateral,train
2946_IM-1346-1001.dcm.png,2946,Frontal,train
2946_IM-1346-2001.dcm.png,2946,Lateral,train
2947_IM-1347-1001.dcm.png,2947,Frontal,train
2947_IM-1347-2001.dcm.png,2947,Lateral,train
2948_IM-1348-1001.dcm.png,2948,Frontal,train
2948_IM-1348-2001.dcm.png,2948,Lateral,train
2949_IM-1348-1001.dcm.png,2949,Frontal,train
2949_IM-1348-1002.dcm.png,2949,Lateral,train
2950_IM-1348-1001.dcm.png,2950,Frontal,train
2950_IM-1348-2001.dcm.png,2950,Lateral,train
2951_IM-1349-1001.dcm.png,2951,Frontal,train
2951_IM-1349-2001.dcm.png,2951,Lateral,train
2952_IM-1350-2001.dcm.png,2952,Lateral,train
2953_IM-1351-1001.dcm.png,2953,Frontal,train
2953_IM-1351-2001.dcm.png,2953,Lateral,train
2954_IM-1352-2001.dcm.png,2954,Frontal,train
2954_IM-1352-1001.dcm.png,2954,Lateral,train
2955_IM-1352-4004.dcm.png,2955,Frontal,val
2955_IM-1352-1001.dcm.png,2955,Lateral,val
2956_IM-1353-2001.dcm.png,2956,Frontal,train
2956_IM-1353-1001.dcm.png,2956,Lateral,train
2957_IM-1354-1003.dcm.png,2957,Frontal,val
2957_IM-1354-1002.dcm.png,2957,Lateral,val
2958_IM-1354-1001.dcm.png,2958,Frontal,train
2958_IM-1354-1002.dcm.png,2958,Lateral,train
2959_IM-1354-1001.dcm.png,2959,Frontal,train
2960_IM-1354-1001.dcm.png,2960,Frontal,train
2960_IM-1354-2001.dcm.png,2960,Lateral,train
2961_IM-1355-1001.dcm.png,2961,Frontal,train
2961_IM-1355-2001.dcm.png,2961,Lateral,train
2962_IM-1355-1001.dcm.png,2962,Frontal,train
2962_IM-1355-2001.dcm.png,2962,Lateral,train
2963_IM-1356-1001.dcm.png,2963,Frontal,train
2963_IM-1356-2001.dcm.png,2963,Lateral,train
2964_IM-1357-2001.dcm.png,2964,Frontal,val
2964_IM-1357-3001.dcm.png,2964,Lateral,val
2965_IM-1358-1001.dcm.png,2965,Frontal,train
2965_IM-1358-1002.dcm.png,2965,Lateral,train
2966_IM-1359-1001.dcm.png,2966,Frontal,train
2966_IM-1359-2001.dcm.png,2966,Lateral,train
2967_IM-1360-1001.dcm.png,2967,Frontal,train
2968_IM-1360-1001.dcm.png,2968,Frontal,train
2968_IM-1360-2001.dcm.png,2968,Lateral,train
2969_IM-1360-1001.dcm.png,2969,Frontal,train
2969_IM-1360-2001.dcm.png,2969,Lateral,train
2970_IM-1362-1001.dcm.png,2970,Frontal,train
2970_IM-1362-2001.dcm.png,2970,Lateral,train
2971_IM-1362-2001.dcm.png,2971,Frontal,test
2972_IM-1363-1001.dcm.png,2972,Frontal,train
2972_IM-1363-2001.dcm.png,2972,Lateral,train
2974_IM-1364-1001.dcm.png,2974,Frontal,test
2974_IM-1364-2001.dcm.png,2974,Lateral,test
2975_IM-1364-1001.dcm.png,2975,Frontal,train
2975_IM-1364-2001.dcm.png,2975,Lateral,train
2976_IM-1365-2002.dcm.png,2976,Frontal,train
2976_IM-1365-3003.dcm.png,2976,Lateral,train
2977_IM-1366-1001.dcm.png,2977,Frontal,val
2977_IM-1366-2001.dcm.png,2977,Lateral,val
2978_IM-1367-4001.dcm.png,2978,Frontal,test
2978_IM-1367-1001.dcm.png,2978,Lateral,test
2979_IM-1368-1001-0001.dcm.png,2979,Frontal,train
2979_IM-1368-1001-0002.dcm.png,2979,Lateral,train
2980_IM-1370-1002001.dcm.png,2980,Frontal,train
2980_IM-1370-1003002.dcm.png,2980,Lateral,train
2981_IM-1371-1001.dcm.png,2981,Frontal,test
2981_IM-1371-1002.dcm.png,2981,Lateral,test
2982_IM-1371-1001.dcm.png,2982,Frontal,train
2982_IM-1371-2001.dcm.png,2982,Lateral,train
2983_IM-1371-2001.dcm.png,2983,Frontal,train
2983_IM-1371-1001.dcm.png,2983,Lateral,train
2984_IM-1372-1001.dcm.png,2984,Frontal,train
2985_IM-1373-1001.dcm.png,2985,Frontal,train
2985_IM-1373-1002.dcm.png,2985,Lateral,train
2986_IM-1374-1001.dcm.png,2986,Frontal,train
2986_IM-1374-3001.dcm.png,2986,Frontal,train
2986_IM-1374-2001.dcm.png,2986,Lateral,train
2988_IM-1375-1001.dcm.png,2988,Frontal,train
2988_IM-1375-2001.dcm.png,2988,Lateral,train
2989_IM-1376-1001.dcm.png,2989,Frontal,test
2989_IM-1376-1002.dcm.png,2989,Lateral,test
2991_IM-1378-1001.dcm.png,2991,Frontal,test
2992_IM-1379-2002.dcm.png,2992,Frontal,test
2992_IM-1379-3003.dcm.png,2992,Lateral,test
2993_IM-1380-1001.dcm.png,2993,Frontal,train
2993_IM-1380-2001.dcm.png,2993,Lateral,train
2994_IM-1380-1001.dcm.png,2994,Frontal,train
2994_IM-1380-2001.dcm.png,2994,Lateral,train
2995_IM-1381-1001.dcm.png,2995,Frontal,train
2995_IM-1381-2001.dcm.png,2995,Lateral,train
2996_IM-1381-1001.dcm.png,2996,Frontal,train
2996_IM-1381-1002.dcm.png,2996,Lateral,train
2997_IM-1381-2001.dcm.png,2997,Frontal,train
2997_IM-1381-1001.dcm.png,2997,Lateral,train
2998_IM-1382-1001.dcm.png,2998,Frontal,train
2998_IM-1382-2001.dcm.png,2998,Lateral,train
2999_IM-1383-0001-0001.dcm.png,2999,Frontal,test
2999_IM-1383-0001-0002.dcm.png,2999,Lateral,test
3000_IM-1386-0001-0001.dcm.png,3000,Frontal,test
3000_IM-1386-0001-0002.dcm.png,3000,Lateral,test
3001_IM-1387-3001.dcm.png,3001,Frontal,train
3001_IM-1387-2001.dcm.png,3001,Lateral,train
3002_IM-1388-1001.dcm.png,3002,Frontal,train
3002_IM-1388-2001.dcm.png,3002,Lateral,train
3003_IM-1388-1001.dcm.png,3003,Frontal,train
3004_IM-1388-1001.dcm.png,3004,Frontal,val
3004_IM-1388-2001.dcm.png,3004,Lateral,val
3005_IM-1388-1001.dcm.png,3005,Frontal,test
3006_IM-1388-1001.dcm.png,3006,Frontal,test
3008_IM-1389-1001.dcm.png,3008,Frontal,train
3008_IM-1389-2001.dcm.png,3008,Lateral,train
3009_IM-1389-1001.dcm.png,3009,Frontal,train
3010_IM-1389-1001.dcm.png,3010,Frontal,val
3010_IM-1389-2001.dcm.png,3010,Lateral,val
3011_IM-1390-1001.dcm.png,3011,Frontal,train
3011_IM-1390-3003.dcm.png,3011,Lateral,train
3012_IM-1390-1001.dcm.png,3012,Frontal,train
3012_IM-1390-1002.dcm.png,3012,Lateral,train
3013_IM-1391-0001-0001.dcm.png,3013,Frontal,train
3013_IM-1391-0001-0002.dcm.png,3013,Lateral,train
3014_IM-1392-1001.dcm.png,3014,Frontal,test
3014_IM-1392-2001.dcm.png,3014,Lateral,test
3015_IM-1392-1001.dcm.png,3015,Frontal,train
3016_IM-1392-1001.dcm.png,3016,Frontal,train
3016_IM-1392-2001.dcm.png,3016,Lateral,train
3017_IM-1393-1001.dcm.png,3017,Frontal,train
3018_IM-1393-1001.dcm.png,3018,Frontal,train
3018_IM-1393-1002.dcm.png,3018,Lateral,train
3019_IM-1393-1001.dcm.png,3019,Frontal,train
3020_IM-1395-1001.dcm.png,3020,Frontal,train
3020_IM-1395-2001.dcm.png,3020,Lateral,train
3021_IM-1396-4004.dcm.png,3021,Frontal,train
3021_IM-1396-2001.dcm.png,3021,Lateral,train
3022_IM-1397-1001.dcm.png,3022,Frontal,val
3022_IM-1397-2001.dcm.png,3022,Lateral,val
3023_IM-1398-1001.dcm.png,3023,Frontal,train
3024_IM-1399-1001.dcm.png,3024,Frontal,test
3024_IM-1399-2001.dcm.png,3024,Lateral,test
3025_IM-1400-1001.dcm.png,3025,Frontal,val
3025_IM-1400-2001.dcm.png,3025,Lateral,val
3026_IM-1401-1001.dcm.png,3026,Frontal,train
3026_IM-1401-3001.dcm.png,3026,Frontal,train
3026_IM-1401-2001.dcm.png,3026,Lateral,train
3027_IM-1402-1001.dcm.png,3027,Frontal,test
3028_IM-1403-1001.dcm.png,3028,Frontal,train
3028_IM-1403-2001.dcm.png,3028,Lateral,train
3029_IM-1404-1001.dcm.png,3029,Frontal,train
3029_IM-1404-2001.dcm.png,3029,Lateral,train
3030_IM-1405-3001.dcm.png,3030,Frontal,train
3030_IM-1405-4001.dcm.png,3030,Lateral,train
3031_IM-1406-1001.dcm.png,3031,Frontal,train
3031_IM-1406-2001.dcm.png,3031,Lateral,train
3032_IM-1407-1001.dcm.png,3032,Frontal,train
3032_IM-1407-2001.dcm.png,3032,Lateral,train
3033_IM-1408-1001.dcm.png,3033,Frontal,train
3034_IM-1408-1001.dcm.png,3034,Frontal,train
3034_IM-1408-2001.dcm.png,3034,Lateral,train
3036_IM-1409-1001.dcm.png,3036,Lateral,test
3036_IM-1409-2001.dcm.png,3036,Lateral,test
3037_IM-1410-1001.dcm.png,3037,Frontal,train
3037_IM-1410-2001.dcm.png,3037,Lateral,train
3038_IM-1411-1001.dcm.png,3038,Frontal,train
3038_IM-1411-2001.dcm.png,3038,Lateral,train
3039_IM-1412-1001.dcm.png,3039,Frontal,train
3039_IM-1412-2001.dcm.png,3039,Lateral,train
3040_IM-1414-12012.dcm.png,3040,Frontal,train
3041_IM-1415-1001.dcm.png,3041,Frontal,train
3041_IM-1415-2001.dcm.png,3041,Lateral,train
3042_IM-1416-5001.dcm.png,3042,Lateral,train
3043_IM-1417-2001.dcm.png,3043,Frontal,train
3043_IM-1417-3001.dcm.png,3043,Lateral,train
3044_IM-1418-2001.dcm.png,3044,Frontal,test
3044_IM-1418-1001.dcm.png,3044,Lateral,test
3045_IM-1418-1001.dcm.png,3045,Frontal,val
3045_IM-1418-2001.dcm.png,3045,Lateral,val
3046_IM-1418-1001.dcm.png,3046,Frontal,train
3046_IM-1418-1002.dcm.png,3046,Lateral,train
3047_IM-1418-1001.dcm.png,3047,Frontal,test
3047_IM-1418-3001.dcm.png,3047,Lateral,test
3048_IM-1419-3001.dcm.png,3048,Lateral,val
3049_IM-1420-1001.dcm.png,3049,Frontal,val
3049_IM-1420-1002.dcm.png,3049,Lateral,val
3050_IM-1420-1001.dcm.png,3050,Frontal,train
3051_IM-1420-1001.dcm.png,3051,Frontal,train
3051_IM-1420-2001.dcm.png,3051,Lateral,train
3052_IM-1420-1001.dcm.png,3052,Frontal,train
3052_IM-1420-1002.dcm.png,3052,Lateral,train
3053_IM-1421-1001.dcm.png,3053,Frontal,train
3053_IM-1421-2001.dcm.png,3053,Lateral,train
3054_IM-1422-2002.dcm.png,3054,Frontal,test
3054_IM-1422-3003.dcm.png,3054,Lateral,test
3056_IM-1423-2001.dcm.png,3056,Lateral,train
3057_IM-1424-1001-0001.dcm.png,3057,Lateral,test
3058_IM-1425-12012.dcm.png,3058,Frontal,train
3058_IM-1425-2002.dcm.png,3058,Frontal,train
3058_IM-1425-3003.dcm.png,3058,Lateral,train
3059_IM-1425-1001.dcm.png,3059,Frontal,train
3059_IM-1425-2001.dcm.png,3059,Lateral,train
3060_IM-1426-1003.dcm.png,3060,Frontal,val
3061_IM-1427-2001.dcm.png,3061,Frontal,train
3061_IM-1427-3001.dcm.png,3061,Lateral,train
3062_IM-1428-1001.dcm.png,3062,Frontal,train
3063_IM-1428-1001.dcm.png,3063,Frontal,test
3063_IM-1428-2001.dcm.png,3063,Lateral,test
3064_IM-1428-1001.dcm.png,3064,Frontal,train
3064_IM-1428-2001.dcm.png,3064,Lateral,train
3065_IM-1429-1001.dcm.png,3065,Frontal,train
3066_IM-1430-1001.dcm.png,3066,Frontal,train
3066_IM-1430-2001.dcm.png,3066,Lateral,train
3067_IM-1430-1001.dcm.png,3067,Frontal,train
3067_IM-1430-1002.dcm.png,3067,Lateral,train
3068_IM-1431-3001.dcm.png,3068,Lateral,train
3069_IM-1432-1001.dcm.png,3069,Frontal,val
3069_IM-1432-2001.dcm.png,3069,Lateral,val
3070_IM-1432-1001.dcm.png,3070,Frontal,train
3070_IM-1432-1002.dcm.png,3070,Lateral,train
3071_IM-1433-1001.dcm.png,3071,Frontal,train
3071_IM-1433-2001.dcm.png,3071,Lateral,train
3072_IM-1433-1001.dcm.png,3072,Frontal,train
3072_IM-1433-2001.dcm.png,3072,Lateral,train
3073_IM-1434-1001.dcm.png,3073,Frontal,train
3073_IM-1434-2001.dcm.png,3073,Lateral,train
3074_IM-1435-1001.dcm.png,3074,Frontal,val
3074_IM-1435-2001.dcm.png,3074,Lateral,val
3075_IM-1436-1001.dcm.png,3075,Frontal,train
3075_IM-1436-2001.dcm.png,3075,Lateral,train
3076_IM-1437-4004.dcm.png,3076,Frontal,train
3076_IM-1437-1001.dcm.png,3076,Lateral,train
3076_IM-1437-2001.dcm.png,3076,Lateral,train
3077_IM-1438-1001.dcm.png,3077,Frontal,train
3077_IM-1438-2001.dcm.png,3077,Lateral,train
3078_IM-1438-1001.dcm.png,3078,Frontal,train
3078_IM-1438-2001.dcm.png,3078,Lateral,train
3079_IM-1438-1001.dcm.png,3079,Frontal,train
3079_IM-1438-2001.dcm.png,3079,Lateral,train
3080_IM-1440-1001.dcm.png,3080,Frontal,train
3080_IM-1440-1002.dcm.png,3080,Lateral,train
3081_IM-1440-1001.dcm.png,3081,Frontal,train
3081_IM-1440-1002.dcm.png,3081,Lateral,train
3082_IM-1441-1001.dcm.png,3082,Frontal,train
3082_IM-1441-2001.dcm.png,3082,Lateral,train
3083_IM-1442-7001.dcm.png,3083,Frontal,train
3083_IM-1442-8001.dcm.png,3083,Lateral,train
3084_IM-1443-1001.dcm.png,3084,Frontal,train
3084_IM-1443-2001.dcm.png,3084,Lateral,train
3085_IM-1444-1001.dcm.png,3085,Frontal,train
3085_IM-1444-2001.dcm.png,3085,Lateral,train
3086_IM-1444-1001.dcm.png,3086,Frontal,train
3086_IM-1444-2001.dcm.png,3086,Lateral,train
3087_IM-1444-1001.dcm.png,3087,Frontal,train
3087_IM-1444-2001.dcm.png,3087,Lateral,train
3088_IM-1444-1001.dcm.png,3088,Frontal,train
3088_IM-1444-2001.dcm.png,3088,Lateral,train
3089_IM-1444-1001.dcm.png,3089,Frontal,train
3089_IM-1444-1002.dcm.png,3089,Lateral,train
3090_IM-1445-1001.dcm.png,3090,Frontal,test
3090_IM-1445-2001.dcm.png,3090,Lateral,test
3091_IM-1445-1001.dcm.png,3091,Frontal,test
3091_IM-1445-2001.dcm.png,3091,Lateral,test
3092_IM-1445-1001.dcm.png,3092,Frontal,train
3092_IM-1445-2001.dcm.png,3092,Lateral,train
3093_IM-1446-1001.dcm.png,3093,Frontal,train
3093_IM-1446-2001.dcm.png,3093,Lateral,train
3094_IM-1447-2001.dcm.png,3094,Frontal,train
3094_IM-1447-3001.dcm.png,3094,Lateral,train
3095_IM-1448-1001.dcm.png,3095,Frontal,train
3095_IM-1448-2001.dcm.png,3095,Lateral,train
3096_IM-1448-1001.dcm.png,3096,Frontal,train
3096_IM-1448-3003.dcm.png,3096,Lateral,train
3097_IM-1449-1001.dcm.png,3097,Frontal,train
3098_IM-1450-1001.dcm.png,3098,Frontal,train
3098_IM-1450-1002.dcm.png,3098,Lateral,train
3099_IM-1450-1001.dcm.png,3099,Frontal,train
3099_IM-1450-2001.dcm.png,3099,Lateral,train
3100_IM-1452-1001.dcm.png,3100,Frontal,train
3100_IM-1452-1002.dcm.png,3100,Lateral,train
3101_IM-1453-1001.dcm.png,3101,Frontal,train
3101_IM-1453-3001.dcm.png,3101,Lateral,train
3102_IM-1454-1001.dcm.png,3102,Frontal,test
3102_IM-1454-2001.dcm.png,3102,Lateral,test
3103_IM-1454-1001.dcm.png,3103,Frontal,train
3103_IM-1454-1002.dcm.png,3103,Lateral,train
3104_IM-1455-1001.dcm.png,3104,Frontal,train
3104_IM-1455-2001.dcm.png,3104,Lateral,train
3105_IM-1456-1001.dcm.png,3105,Frontal,train
3105_IM-1456-1002.dcm.png,3105,Lateral,train
3106_IM-1456-1001.dcm.png,3106,Frontal,train
3106_IM-1456-2001.dcm.png,3106,Lateral,train
3108_IM-1457-1001.dcm.png,3108,Frontal,train
3108_IM-1457-12001.dcm.png,3108,Frontal,train
3108_IM-1457-3001.dcm.png,3108,Lateral,train
3109_IM-1458-1001.dcm.png,3109,Frontal,train
3109_IM-1458-2001.dcm.png,3109,Lateral,train
3110_IM-1460-1001.dcm.png,3110,Frontal,train
3110_IM-1460-1002.dcm.png,3110,Lateral,train
3111_IM-1461-1001.dcm.png,3111,Frontal,train
3111_IM-1461-2001.dcm.png,3111,Lateral,train
3112_IM-1461-1001.dcm.png,3112,Frontal,train
3112_IM-1461-2001.dcm.png,3112,Lateral,train
3113_IM-1462-1001.dcm.png,3113,Frontal,train
3113_IM-1462-2001.dcm.png,3113,Lateral,train
3114_IM-1462-1001.dcm.png,3114,Frontal,val
3114_IM-1462-1003.dcm.png,3114,Lateral,val
3115_IM-1463-1001.dcm.png,3115,Frontal,val
3115_IM-1463-2001.dcm.png,3115,Lateral,val
3116_IM-1464-1001.dcm.png,3116,Frontal,train
3116_IM-1464-2001.dcm.png,3116,Lateral,train
3117_IM-1465-1001.dcm.png,3117,Frontal,val
3117_IM-1465-2001.dcm.png,3117,Lateral,val
3118_IM-1466-1001.dcm.png,3118,Frontal,test
3118_IM-1466-2001.dcm.png,3118,Lateral,test
3119_IM-1466-1001.dcm.png,3119,Frontal,train
3119_IM-1466-2001.dcm.png,3119,Lateral,train
3120_IM-1466-1001.dcm.png,3120,Frontal,train
3120_IM-1466-2001.dcm.png,3120,Lateral,train
3121_IM-1466-1001.dcm.png,3121,Frontal,train
3121_IM-1466-1002.dcm.png,3121,Lateral,train
3122_IM-1467-1001.dcm.png,3122,Frontal,test
3122_IM-1467-2001.dcm.png,3122,Lateral,test
3123_IM-1468-1001.dcm.png,3123,Frontal,train
3123_IM-1468-2001.dcm.png,3123,Lateral,train
3124_IM-1468-1001.dcm.png,3124,Frontal,val
3124_IM-1468-2001.dcm.png,3124,Lateral,val
3125_IM-1469-1001.dcm.png,3125,Frontal,train
3125_IM-1469-2001.dcm.png,3125,Lateral,train
3126_IM-1470-1001.dcm.png,3126,Frontal,train
3126_IM-1470-2001.dcm.png,3126,Lateral,train
3127_IM-1470-1001.dcm.png,3127,Frontal,train
3128_IM-1471-1001.dcm.png,3128,Frontal,val
3128_IM-1471-2001.dcm.png,3128,Lateral,val
3129_IM-1471-3001.dcm.png,3129,Frontal,train
3129_IM-1471-2001.dcm.png,3129,Lateral,train
3130_IM-1472-1001.dcm.png,3130,Frontal,train
3130_IM-1472-2001.dcm.png,3130,Lateral,train
3131_IM-1473-1001.dcm.png,3131,Frontal,train
3131_IM-1473-2001.dcm.png,3131,Lateral,train
3132_IM-1473-1001.dcm.png,3132,Frontal,train
3132_IM-1473-2001.dcm.png,3132,Lateral,train
3133_IM-1474-1001.dcm.png,3133,Frontal,train
3133_IM-1474-1002.dcm.png,3133,Lateral,train
3134_IM-1474-1001.dcm.png,3134,Frontal,val
3134_IM-1474-2001.dcm.png,3134,Lateral,val
3135_IM-1474-1001.dcm.png,3135,Frontal,val
3135_IM-1474-2001.dcm.png,3135,Lateral,val
3136_IM-1475-1001.dcm.png,3136,Frontal,train
3136_IM-1475-2001.dcm.png,3136,Lateral,train
3137_IM-1476-1001.dcm.png,3137,Frontal,test
3137_IM-1476-1002.dcm.png,3137,Lateral,test
3138_IM-1476-1001.dcm.png,3138,Frontal,train
3138_IM-1476-1002.dcm.png,3138,Lateral,train
3139_IM-1476-1001.dcm.png,3139,Frontal,train
3139_IM-1476-2001.dcm.png,3139,Lateral,train
3140_IM-1477-1001.dcm.png,3140,Frontal,train
3140_IM-1477-2001.dcm.png,3140,Lateral,train
3141_IM-1477-1001.dcm.png,3141,Frontal,test
3141_IM-1477-2001.dcm.png,3141,Lateral,test
3142_IM-1477-2001.dcm.png,3142,Frontal,train
3142_IM-1477-1001.dcm.png,3142,Lateral,train
3142_IM-1477-3001.dcm.png,3142,Lateral,train
3143_IM-1477-1001.dcm.png,3143,Frontal,test
3143_IM-1477-2001.dcm.png,3143,Lateral,test
3144_IM-1478-1001.dcm.png,3144,Frontal,train
3144_IM-1478-2001.dcm.png,3144,Lateral,train
3145_IM-1479-1001.dcm.png,3145,Frontal,train
3145_IM-1479-2001.dcm.png,3145,Lateral,train
3146_IM-1479-1001.dcm.png,3146,Frontal,train
3146_IM-1479-2001.dcm.png,3146,Lateral,train
3147_IM-1480-1001.dcm.png,3147,Frontal,train
3148_IM-1480-1001.dcm.png,3148,Frontal,val
3148_IM-1480-2001.dcm.png,3148,Lateral,val
3149_IM-1480-1001.dcm.png,3149,Frontal,val
3149_IM-1480-2001.dcm.png,3149,Lateral,val
3150_IM-1482-3001.dcm.png,3150,Frontal,train
3150_IM-1482-4001.dcm.png,3150,Lateral,train
3151_IM-1483-2001.dcm.png,3151,Lateral,train
3152_IM-1484-1001.dcm.png,3152,Frontal,train
3152_IM-1484-2001.dcm.png,3152,Lateral,train
3153_IM-1485-1001.dcm.png,3153,Frontal,train
3153_IM-1485-1002.dcm.png,3153,Lateral,train
3154_IM-1486-2001.dcm.png,3154,Lateral,train
3154_IM-1486-4004.dcm.png,3154,Lateral,train
3155_IM-1486-1001.dcm.png,3155,Frontal,test
3155_IM-1486-2001.dcm.png,3155,Lateral,test
3156_IM-1486-1001.dcm.png,3156,Frontal,train
3156_IM-1486-2001.dcm.png,3156,Lateral,train
3157_IM-1487-1001.dcm.png,3157,Frontal,train
3157_IM-1487-2001.dcm.png,3157,Lateral,train
3158_IM-1487-1001.dcm.png,3158,Frontal,val
3158_IM-1487-2001.dcm.png,3158,Lateral,val
3159_IM-1487-1001-0001.dcm.png,3159,Frontal,train
3159_IM-1487-1001-0002.dcm.png,3159,Lateral,train
3160_IM-1487-2001.dcm.png,3160,Lateral,train
3162_IM-1487-1001.dcm.png,3162,Frontal,val
3162_IM-1487-2001.dcm.png,3162,Lateral,val
3163_IM-1488-1001.dcm.png,3163,Frontal,test
3163_IM-1488-2001.dcm.png,3163,Lateral,test
3164_IM-1489-0001-0002.dcm.png,3164,Frontal,train
3164_IM-1489-0001-0001.dcm.png,3164,Lateral,train
3165_IM-1490-13013.dcm.png,3165,Frontal,train
3165_IM-1490-1001.dcm.png,3165,Lateral,train
3166_IM-1491-2001.dcm.png,3166,Frontal,train
3166_IM-1491-1001.dcm.png,3166,Lateral,train
3167_IM-1491-1001.dcm.png,3167,Frontal,train
3167_IM-1491-2001.dcm.png,3167,Lateral,train
3168_IM-1492-1001.dcm.png,3168,Frontal,train
3168_IM-1492-2001.dcm.png,3168,Lateral,train
3169_IM-1492-2001.dcm.png,3169,Frontal,train
3169_IM-1492-1001.dcm.png,3169,Lateral,train
3170_IM-1494-1001.dcm.png,3170,Frontal,train
3170_IM-1494-1002.dcm.png,3170,Lateral,train
3171_IM-1494-1001.dcm.png,3171,Frontal,train
3171_IM-1494-1002.dcm.png,3171,Lateral,train
3172_IM-1494-1001.dcm.png,3172,Frontal,test
3172_IM-1494-1002.dcm.png,3172,Lateral,test
3173_IM-1495-2002.dcm.png,3173,Frontal,train
3173_IM-1495-3003.dcm.png,3173,Lateral,train
3174_IM-1496-4004.dcm.png,3174,Frontal,test
3174_IM-1496-1001.dcm.png,3174,Lateral,test
3175_IM-1497-1001.dcm.png,3175,Frontal,train
3175_IM-1497-1002.dcm.png,3175,Lateral,train
3176_IM-1497-1001.dcm.png,3176,Frontal,train
3176_IM-1497-2001.dcm.png,3176,Lateral,train
3177_IM-1497-1001.dcm.png,3177,Frontal,test
3177_IM-1497-2001.dcm.png,3177,Lateral,test
3178_IM-1498-1001.dcm.png,3178,Frontal,val
3178_IM-1498-2001.dcm.png,3178,Lateral,val
3179_IM-1499-1001.dcm.png,3179,Frontal,train
3179_IM-1499-2001.dcm.png,3179,Lateral,train
3180_IM-1500-3001.dcm.png,3180,Frontal,val
3180_IM-1500-2001.dcm.png,3180,Lateral,val
3181_IM-1500-1001.dcm.png,3181,Frontal,train
3182_IM-1501-0001-0001.dcm.png,3182,Frontal,train
3182_IM-1501-0001-0002.dcm.png,3182,Lateral,train
3183_IM-1502-1001.dcm.png,3183,Frontal,val
3183_IM-1502-2001.dcm.png,3183,Lateral,val
3184_IM-1503-1001.dcm.png,3184,Frontal,train
3184_IM-1503-2001.dcm.png,3184,Lateral,train
3185_IM-1503-1001.dcm.png,3185,Frontal,train
3185_IM-1503-2001.dcm.png,3185,Lateral,train
3186_IM-1503-1001.dcm.png,3186,Frontal,train
3186_IM-1503-2001.dcm.png,3186,Lateral,train
3187_IM-1503-1001.dcm.png,3187,Frontal,train
3187_IM-1503-2001.dcm.png,3187,Lateral,train
3188_IM-1504-1001.dcm.png,3188,Frontal,train
3188_IM-1504-2001.dcm.png,3188,Lateral,train
3189_IM-1505-1001.dcm.png,3189,Frontal,train
3190_IM-1505-1001.dcm.png,3190,Frontal,train
3190_IM-1505-2001.dcm.png,3190,Lateral,train
3191_IM-1505-1001.dcm.png,3191,Frontal,val
3191_IM-1505-2001.dcm.png,3191,Lateral,val
3192_IM-1505-1001.dcm.png,3192,Frontal,val
3192_IM-1505-2001.dcm.png,3192,Lateral,val
3193_IM-1505-1001.dcm.png,3193,Frontal,train
3193_IM-1505-1002.dcm.png,3193,Lateral,train
3194_IM-1505-1001.dcm.png,3194,Frontal,train
3194_IM-1505-2001.dcm.png,3194,Lateral,train
3195_IM-1506-0001-0002.dcm.png,3195,Frontal,val
3195_IM-1506-0001-0001.dcm.png,3195,Lateral,val
3196_IM-1507-1001.dcm.png,3196,Frontal,test
3196_IM-1507-2001.dcm.png,3196,Lateral,test
3197_IM-1508-1001.dcm.png,3197,Frontal,train
3197_IM-1508-2001.dcm.png,3197,Lateral,train
3198_IM-1509-4004.dcm.png,3198,Frontal,test
3198_IM-1509-3001.dcm.png,3198,Lateral,test
3199_IM-1510-1001.dcm.png,3199,Frontal,train
3200_IM-1512-1001.dcm.png,3200,Frontal,train
3200_IM-1512-2001.dcm.png,3200,Lateral,train
3201_IM-1513-1001.dcm.png,3201,Frontal,train
3201_IM-1513-2001.dcm.png,3201,Lateral,train
3202_IM-1513-1001.dcm.png,3202,Frontal,test
3202_IM-1513-1002.dcm.png,3202,Lateral,test
3203_IM-1513-1001.dcm.png,3203,Frontal,test
3203_IM-1513-2001.dcm.png,3203,Lateral,test
3204_IM-1513-1001.dcm.png,3204,Frontal,train
3204_IM-1513-2001.dcm.png,3204,Lateral,train
3205_IM-1513-1001.dcm.png,3205,Frontal,train
3205_IM-1513-1002.dcm.png,3205,Lateral,train
3206_IM-1513-1001.dcm.png,3206,Frontal,test
3206_IM-1513-1002.dcm.png,3206,Lateral,test
3207_IM-1514-1001.dcm.png,3207,Frontal,val
3207_IM-1514-2001.dcm.png,3207,Lateral,val
3208_IM-1515-1001.dcm.png,3208,Frontal,train
3208_IM-1515-2001.dcm.png,3208,Lateral,train
3209_IM-1515-1001.dcm.png,3209,Frontal,train
3209_IM-1515-1002.dcm.png,3209,Lateral,train
3210_IM-1517-1001.dcm.png,3210,Frontal,train
3211_IM-1517-1001-0002.dcm.png,3211,Frontal,train
3211_IM-1517-1001-0001.dcm.png,3211,Lateral,train
3212_IM-1517-1001.dcm.png,3212,Frontal,train
3212_IM-1517-2001.dcm.png,3212,Lateral,train
3213_IM-1518-3001.dcm.png,3213,Frontal,test
3214_IM-1519-1001.dcm.png,3214,Frontal,val
3214_IM-1519-2001.dcm.png,3214,Lateral,val
3215_IM-1520-1002.dcm.png,3215,Frontal,test
3215_IM-1520-1003.dcm.png,3215,Lateral,test
3216_IM-1520-1001.dcm.png,3216,Frontal,val
3216_IM-1520-2001.dcm.png,3216,Lateral,val
3217_IM-1520-1002.dcm.png,3217,Lateral,train
3218_IM-1520-1001.dcm.png,3218,Frontal,train
3218_IM-1520-3001.dcm.png,3218,Frontal,train
3218_IM-1520-4001.dcm.png,3218,Lateral,train
3219_IM-1520-1001.dcm.png,3219,Frontal,train
3219_IM-1520-2001.dcm.png,3219,Lateral,train
3220_IM-1522-1001.dcm.png,3220,Frontal,train
3220_IM-1522-2001.dcm.png,3220,Lateral,train
3221_IM-1522-1002.dcm.png,3221,Frontal,val
3221_IM-1522-1003.dcm.png,3221,Lateral,val
3222_IM-1522-1001.dcm.png,3222,Frontal,train
3222_IM-1522-2001.dcm.png,3222,Lateral,train
3223_IM-1523-1001.dcm.png,3223,Frontal,train
3223_IM-1523-2001.dcm.png,3223,Lateral,train
3224_IM-1524-1001.dcm.png,3224,Frontal,train
3224_IM-1524-2001.dcm.png,3224,Lateral,train
3225_IM-1525-1001.dcm.png,3225,Frontal,train
3225_IM-1525-2001.dcm.png,3225,Lateral,train
3226_IM-1525-1001.dcm.png,3226,Frontal,test
3226_IM-1525-2001.dcm.png,3226,Lateral,test
3227_IM-1525-1001.dcm.png,3227,Frontal,train
3227_IM-1525-2001.dcm.png,3227,Lateral,train
3228_IM-1526-1001.dcm.png,3228,Frontal,train
3228_IM-1526-2001.dcm.png,3228,Lateral,train
3229_IM-1526-1001.dcm.png,3229,Frontal,train
3229_IM-1526-1002.dcm.png,3229,Lateral,train
3230_IM-1527-2001.dcm.png,3230,Frontal,train
3230_IM-1527-1001.dcm.png,3230,Lateral,train
3231_IM-1528-1001.dcm.png,3231,Frontal,train
3231_IM-1528-2001.dcm.png,3231,Lateral,train
3232_IM-1529-1001.dcm.png,3232,Frontal,test
3232_IM-1529-2001.dcm.png,3232,Lateral,test
3233_IM-1530-1001.dcm.png,3233,Frontal,train
3233_IM-1530-2001.dcm.png,3233,Lateral,train
3234_IM-1531-1001.dcm.png,3234,Frontal,test
3234_IM-1531-2001.dcm.png,3234,Lateral,test
3235_IM-1532-1001.dcm.png,3235,Frontal,test
3235_IM-1532-2001.dcm.png,3235,Lateral,test
3236_IM-1533-1001.dcm.png,3236,Frontal,train
3236_IM-1533-2001.dcm.png,3236,Lateral,train
3237_IM-1534-1001.dcm.png,3237,Lateral,test
3238_IM-1534-1001.dcm.png,3238,Frontal,train
3238_IM-1534-3003.dcm.png,3238,Lateral,train
3239_IM-1534-1001.dcm.png,3239,Frontal,train
3239_IM-1534-2001.dcm.png,3239,Lateral,train
3240_IM-1534-1001.dcm.png,3240,Frontal,train
3240_IM-1534-2001.dcm.png,3240,Lateral,train
3241_IM-1534-1001.dcm.png,3241,Frontal,train
3241_IM-1534-2001.dcm.png,3241,Lateral,train
3242_IM-1534-1001.dcm.png,3242,Frontal,train
3242_IM-1534-1002.dcm.png,3242,Lateral,train
3243_IM-1535-0001-0001.dcm.png,3243,Frontal,train
3244_IM-1536-1001.dcm.png,3244,Frontal,train
3244_IM-1536-2002.dcm.png,3244,Lateral,train
3245_IM-1537-1001.dcm.png,3245,Frontal,train
3245_IM-1537-4001.dcm.png,3245,Frontal,train
3246_IM-1538-1001.dcm.png,3246,Frontal,val
3246_IM-1538-2001.dcm.png,3246,Lateral,val
3247_IM-1538-1001.dcm.png,3247,Frontal,train
3247_IM-1538-1002.dcm.png,3247,Lateral,train
3248_IM-1538-1001.dcm.png,3248,Frontal,train
3248_IM-1538-2001.dcm.png,3248,Lateral,train
3249_IM-1539-1001.dcm.png,3249,Frontal,train
3249_IM-1539-2001.dcm.png,3249,Lateral,train
3250_IM-1540-1001-0002.dcm.png,3250,Frontal,train
3250_IM-1540-1001-0001.dcm.png,3250,Lateral,train
3250_IM-1540-2001.dcm.png,3250,Lateral,train
3251_IM-1541-1001.dcm.png,3251,Frontal,test
3251_IM-1541-2001.dcm.png,3251,Lateral,test
3252_IM-1542-1001.dcm.png,3252,Frontal,train
3252_IM-1542-2001.dcm.png,3252,Lateral,train
3253_IM-1542-1001.dcm.png,3253,Frontal,val
3253_IM-1542-2001.dcm.png,3253,Lateral,val
3254_IM-1543-1001.dcm.png,3254,Frontal,train
3254_IM-1543-2001.dcm.png,3254,Lateral,train
3255_IM-1543-2001.dcm.png,3255,Lateral,train
3256_IM-1543-1001.dcm.png,3256,Frontal,train
3256_IM-1543-2001.dcm.png,3256,Lateral,train
3257_IM-1544-1001.dcm.png,3257,Frontal,train
3257_IM-1544-2001.dcm.png,3257,Lateral,train
3258_IM-1544-1001.dcm.png,3258,Frontal,train
3258_IM-1544-2001.dcm.png,3258,Lateral,train
3259_IM-1545-1001.dcm.png,3259,Frontal,train
3259_IM-1545-2001.dcm.png,3259,Lateral,train
3260_IM-1547-1001.dcm.png,3260,Frontal,train
3260_IM-1547-2001.dcm.png,3260,Lateral,train
3261_IM-1547-1001.dcm.png,3261,Frontal,test
3261_IM-1547-2001.dcm.png,3261,Lateral,test
3262_IM-1548-1001.dcm.png,3262,Frontal,train
3262_IM-1548-3001.dcm.png,3262,Frontal,train
3262_IM-1548-2001.dcm.png,3262,Lateral,train
3263_IM-1549-1001.dcm.png,3263,Frontal,train
3263_IM-1549-3001.dcm.png,3263,Frontal,train
3263_IM-1549-2001.dcm.png,3263,Lateral,train
3264_IM-1550-1001.dcm.png,3264,Frontal,test
3264_IM-1550-1002.dcm.png,3264,Lateral,test
3265_IM-1551-1001.dcm.png,3265,Frontal,train
3265_IM-1551-2001.dcm.png,3265,Lateral,train
3266_IM-1551-1001.dcm.png,3266,Frontal,train
3266_IM-1551-2001.dcm.png,3266,Lateral,train
3267_IM-1551-1001.dcm.png,3267,Frontal,test
3267_IM-1551-2001.dcm.png,3267,Lateral,test
3268_IM-1551-1001.dcm.png,3268,Frontal,train
3269_IM-1552-1001.dcm.png,3269,Frontal,train
3269_IM-1552-1002.dcm.png,3269,Lateral,train
3270_IM-1552-1001.dcm.png,3270,Frontal,train
3271_IM-1552-1001.dcm.png,3271,Frontal,train
3271_IM-1552-2001.dcm.png,3271,Lateral,train
3272_IM-1553-1001.dcm.png,3272,Frontal,train
3272_IM-1553-2001.dcm.png,3272,Lateral,train
3273_IM-1554-1001.dcm.png,3273,Frontal,train
3273_IM-1554-2001.dcm.png,3273,Lateral,train
3274_IM-1555-0001-0001.dcm.png,3274,Frontal,train
3274_IM-1555-0001-0002.dcm.png,3274,Lateral,train
3275_IM-1556-1002001.dcm.png,3275,Frontal,train
3275_IM-1556-1003002.dcm.png,3275,Frontal,train
3275_IM-1556-1004003.dcm.png,3275,Lateral,train
3277_IM-1558-1001.dcm.png,3277,Frontal,train
3277_IM-1558-2001.dcm.png,3277,Lateral,train
3278_IM-1559-0001.dcm.png,3278,Frontal,train
3279_IM-1560-1001.dcm.png,3279,Frontal,val
3279_IM-1560-1002.dcm.png,3279,Lateral,val
3280_IM-1561-2001.dcm.png,3280,Frontal,train
3280_IM-1561-1001.dcm.png,3280,Lateral,train
3281_IM-1562-1001.dcm.png,3281,Frontal,val
3281_IM-1562-3001.dcm.png,3281,Frontal,val
3281_IM-1562-2001.dcm.png,3281,Lateral,val
3282_IM-1563-2001.dcm.png,3282,Frontal,train
3282_IM-1563-1001.dcm.png,3282,Lateral,train
3282_IM-1563-3001.dcm.png,3282,Lateral,train
3283_IM-1564-1001.dcm.png,3283,Frontal,train
3283_IM-1564-2001.dcm.png,3283,Lateral,train
3283_IM-1564-3001.dcm.png,3283,Lateral,train
3284_IM-1565-20001.dcm.png,3284,Frontal,train
3285_IM-1566-1001.dcm.png,3285,Frontal,val
3285_IM-1566-2001.dcm.png,3285,Lateral,val
3286_IM-1567-1001.dcm.png,3286,Frontal,train
3286_IM-1567-2001.dcm.png,3286,Lateral,train
3287_IM-1568-2002.dcm.png,3287,Frontal,train
3287_IM-1568-3003.dcm.png,3287,Lateral,train
3288_IM-1569-1001.dcm.png,3288,Frontal,train
3288_IM-1569-2001.dcm.png,3288,Lateral,train
3289_IM-1570-1001.dcm.png,3289,Frontal,test
3289_IM-1570-2001.dcm.png,3289,Lateral,test
3290_IM-1572-1001.dcm.png,3290,Frontal,val
3290_IM-1572-3001.dcm.png,3290,Lateral,val
3291_IM-1572-1001.dcm.png,3291,Frontal,train
3291_IM-1572-2001.dcm.png,3291,Lateral,train
3292_IM-1572-1001.dcm.png,3292,Frontal,train
3292_IM-1572-2001.dcm.png,3292,Lateral,train
3294_IM-1573-1001.dcm.png,3294,Frontal,train
3294_IM-1573-2001.dcm.png,3294,Lateral,train
3296_IM-1575-1001-0001.dcm.png,3296,Frontal,test
3296_IM-1575-1001-0002.dcm.png,3296,Lateral,test
3297_IM-1575-1001.dcm.png,3297,Frontal,train
3297_IM-1575-1002.dcm.png,3297,Lateral,train
3298_IM-1575-1001.dcm.png,3298,Frontal,train
3298_IM-1575-1002.dcm.png,3298,Lateral,train
3299_IM-1575-1001.dcm.png,3299,Frontal,test
3299_IM-1575-2001.dcm.png,3299,Lateral,test
3300_IM-1578-1001.dcm.png,3300,Frontal,train
3300_IM-1578-2001.dcm.png,3300,Lateral,train
3301_IM-1579-1001.dcm.png,3301,Frontal,test
3301_IM-1579-2001.dcm.png,3301,Lateral,test
3302_IM-1579-1001.dcm.png,3302,Frontal,val
3302_IM-1579-2001.dcm.png,3302,Lateral,val
3303_IM-1580-3001.dcm.png,3303,Frontal,test
3304_IM-1581-1001.dcm.png,3304,Frontal,train
3304_IM-1581-2001.dcm.png,3304,Lateral,train
3305_IM-1581-4001.dcm.png,3305,Frontal,train
3305_IM-1581-1001.dcm.png,3305,Lateral,train
3306_IM-1581-1002.dcm.png,3306,Lateral,train
3307_IM-1582-1002001.dcm.png,3307,Frontal,test
3307_IM-1582-1003002.dcm.png,3307,Frontal,test
3307_IM-1582-1004003.dcm.png,3307,Frontal,test
3307_IM-1582-1005004.dcm.png,3307,Lateral,test
3309_IM-1583-1001.dcm.png,3309,Frontal,train
3309_IM-1583-2001.dcm.png,3309,Lateral,train
3310_IM-1585-1001.dcm.png,3310,Frontal,train
3310_IM-1585-3003.dcm.png,3310,Lateral,train
3311_IM-1586-1001.dcm.png,3311,Frontal,train
3311_IM-1586-3001.dcm.png,3311,Lateral,train
3312_IM-1586-1001.dcm.png,3312,Frontal,train
3312_IM-1586-1002.dcm.png,3312,Lateral,train
3313_IM-1586-1001.dcm.png,3313,Frontal,train
3313_IM-1586-1002.dcm.png,3313,Lateral,train
3314_IM-1586-1001.dcm.png,3314,Frontal,train
3314_IM-1586-1002.dcm.png,3314,Lateral,train
3315_IM-1586-1001.dcm.png,3315,Frontal,train
3315_IM-1586-2001.dcm.png,3315,Lateral,train
3316_IM-1586-1001.dcm.png,3316,Frontal,val
3317_IM-1587-1001.dcm.png,3317,Frontal,train
3317_IM-1587-2001.dcm.png,3317,Lateral,train
3318_IM-1587-1001.dcm.png,3318,Frontal,train
3318_IM-1587-2001.dcm.png,3318,Lateral,train
3319_IM-1588-1001.dcm.png,3319,Frontal,train
3319_IM-1588-2001.dcm.png,3319,Lateral,train
3320_IM-1588-1001.dcm.png,3320,Frontal,train
3320_IM-1588-1002.dcm.png,3320,Lateral,train
3321_IM-1588-1001.dcm.png,3321,Frontal,train
3321_IM-1588-2001.dcm.png,3321,Lateral,train
3322_IM-1588-1001.dcm.png,3322,Frontal,val
3322_IM-1588-1002.dcm.png,3322,Lateral,val
3323_IM-1589-0001-0003.dcm.png,3323,Lateral,test
3324_IM-1590-1001.dcm.png,3324,Frontal,test
3324_IM-1590-2001.dcm.png,3324,Lateral,test
3324_IM-1590-3001.dcm.png,3324,Lateral,test
3325_IM-1591-1001.dcm.png,3325,Frontal,train
3325_IM-1591-1002.dcm.png,3325,Lateral,train
3326_IM-1592-4004.dcm.png,3326,Frontal,train
3326_IM-1592-1001.dcm.png,3326,Lateral,train
3327_IM-1593-2001.dcm.png,3327,Frontal,test
3327_IM-1593-1001.dcm.png,3327,Lateral,test
3328_IM-1594-1001.dcm.png,3328,Frontal,train
3328_IM-1594-1002.dcm.png,3328,Lateral,train
3329_IM-1594-1001.dcm.png,3329,Frontal,train
3329_IM-1594-2001.dcm.png,3329,Lateral,train
3330_IM-1594-1001.dcm.png,3330,Frontal,train
3330_IM-1594-2001.dcm.png,3330,Lateral,train
3331_IM-1595-1001.dcm.png,3331,Frontal,test
3332_IM-1596-1001.dcm.png,3332,Frontal,train
3332_IM-1596-2001.dcm.png,3332,Lateral,train
3332_IM-1596-3001.dcm.png,3332,Lateral,train
3333_IM-1597-1001.dcm.png,3333,Frontal,train
3334_IM-1598-1001.dcm.png,3334,Frontal,train
3334_IM-1598-2001.dcm.png,3334,Lateral,train
3335_IM-1598-1001.dcm.png,3335,Frontal,train
3335_IM-1598-2001.dcm.png,3335,Lateral,train
3336_IM-1598-1001.dcm.png,3336,Frontal,test
3336_IM-1598-2001.dcm.png,3336,Lateral,test
3337_IM-1598-1001.dcm.png,3337,Frontal,val
3337_IM-1598-1002.dcm.png,3337,Lateral,val
3338_IM-1599-2001.dcm.png,3338,Frontal,train
3338_IM-1599-1001.dcm.png,3338,Lateral,train
3339_IM-1599-1001.dcm.png,3339,Frontal,test
3339_IM-1599-2001.dcm.png,3339,Lateral,test
3340_IM-1601-1001.dcm.png,3340,Frontal,train
3340_IM-1601-2001.dcm.png,3340,Lateral,train
3341_IM-1602-1001.dcm.png,3341,Frontal,train
3341_IM-1602-1002.dcm.png,3341,Lateral,train
3342_IM-1603-1001.dcm.png,3342,Frontal,test
3342_IM-1603-2001.dcm.png,3342,Lateral,test
3343_IM-1603-1001.dcm.png,3343,Frontal,test
3344_IM-1603-1001.dcm.png,3344,Frontal,train
3344_IM-1603-2001.dcm.png,3344,Lateral,train
3345_IM-1603-1001.dcm.png,3345,Frontal,train
3345_IM-1603-2001.dcm.png,3345,Lateral,train
3346_IM-1604-1001.dcm.png,3346,Frontal,train
3346_IM-1604-1002.dcm.png,3346,Lateral,train
3347_IM-1605-4004.dcm.png,3347,Frontal,val
3347_IM-1605-2001.dcm.png,3347,Lateral,val
3348_IM-1605-1001.dcm.png,3348,Frontal,train
3348_IM-1605-2001.dcm.png,3348,Lateral,train
3349_IM-1606-1001.dcm.png,3349,Frontal,val
3349_IM-1606-3003.dcm.png,3349,Lateral,val
3350_IM-1607-0001-0001.dcm.png,3350,Frontal,train
3350_IM-1607-0001-0002.dcm.png,3350,Lateral,train
3352_IM-1608-1001.dcm.png,3352,Frontal,train
3352_IM-1608-2001.dcm.png,3352,Lateral,train
3353_IM-1609-2001.dcm.png,3353,Lateral,test
3354_IM-1609-1001.dcm.png,3354,Frontal,train
3354_IM-1609-1002.dcm.png,3354,Lateral,train
3355_IM-1609-1001.dcm.png,3355,Frontal,train
3355_IM-1609-1002.dcm.png,3355,Lateral,train
3356_IM-1610-1001.dcm.png,3356,Frontal,val
3357_IM-1610-1001.dcm.png,3357,Frontal,train
3357_IM-1610-2001.dcm.png,3357,Lateral,train
3358_IM-1611-1001.dcm.png,3358,Frontal,val
3358_IM-1611-1002.dcm.png,3358,Lateral,val
3359_IM-1612-3001.dcm.png,3359,Frontal,train
3359_IM-1612-4001.dcm.png,3359,Frontal,train
3359_IM-1612-2001.dcm.png,3359,Lateral,train
3359_IM-1612-6001.dcm.png,3359,Lateral,train
3360_IM-1613-1001.dcm.png,3360,Frontal,test
3360_IM-1613-1002.dcm.png,3360,Lateral,test
3361_IM-1614-1001.dcm.png,3361,Frontal,train
3361_IM-1614-2001.dcm.png,3361,Lateral,train
3362_IM-1615-1001.dcm.png,3362,Frontal,test
3362_IM-1615-2001.dcm.png,3362,Lateral,test
3362_IM-1615-3001.dcm.png,3362,Lateral,test
3363_IM-1616-1001.dcm.png,3363,Frontal,val
3363_IM-1616-1002.dcm.png,3363,Lateral,val
3364_IM-1617-2001.dcm.png,3364,Frontal,train
3364_IM-1617-3001.dcm.png,3364,Lateral,train
3365_IM-1618-1001.dcm.png,3365,Frontal,train
3365_IM-1618-2001.dcm.png,3365,Lateral,train
3366_IM-1618-1001.dcm.png,3366,Frontal,val
3366_IM-1618-1002.dcm.png,3366,Lateral,val
3367_IM-1619-3001.dcm.png,3367,Frontal,train
3367_IM-1619-4001.dcm.png,3367,Lateral,train
3368_IM-1620-0001-0002.dcm.png,3368,Frontal,train
3368_IM-1620-0001-0001.dcm.png,3368,Lateral,train
3369_IM-1621-1001.dcm.png,3369,Frontal,val
3369_IM-1621-2001.dcm.png,3369,Lateral,val
3370_IM-1622-2001.dcm.png,3370,Frontal,val
3370_IM-1622-1001.dcm.png,3370,Lateral,val
3371_IM-1623-1001.dcm.png,3371,Frontal,test
3371_IM-1623-2001.dcm.png,3371,Lateral,test
3372_IM-1623-1001.dcm.png,3372,Frontal,train
3372_IM-1623-2001.dcm.png,3372,Lateral,train
3373_IM-1623-1001.dcm.png,3373,Frontal,train
3373_IM-1623-2001.dcm.png,3373,Lateral,train
3374_IM-1624-1001.dcm.png,3374,Frontal,val
3374_IM-1624-2001.dcm.png,3374,Lateral,val
3375_IM-1624-1001.dcm.png,3375,Frontal,train
3375_IM-1624-1002.dcm.png,3375,Frontal,train
3375_IM-1624-1003.dcm.png,3375,Lateral,train
3376_IM-1625-0001-0001.dcm.png,3376,Lateral,train
3376_IM-1625-0001-0002.dcm.png,3376,Lateral,train
3377_IM-1626-1002001.dcm.png,3377,Frontal,train
3378_IM-1627-1001.dcm.png,3378,Frontal,val
3378_IM-1627-2001.dcm.png,3378,Lateral,val
3379_IM-1627-2001.dcm.png,3379,Frontal,val
3379_IM-1627-1001.dcm.png,3379,Lateral,val
3380_IM-1628-1001.dcm.png,3380,Frontal,train
3380_IM-1628-2001.dcm.png,3380,Lateral,train
3381_IM-1628-1001.dcm.png,3381,Frontal,train
3381_IM-1628-1002.dcm.png,3381,Lateral,train
3382_IM-1629-0001-0001.dcm.png,3382,Frontal,test
3382_IM-1629-0001-0002.dcm.png,3382,Lateral,test
3383_IM-1630-1001.dcm.png,3383,Frontal,val
3383_IM-1630-2001.dcm.png,3383,Lateral,val
3384_IM-1631-1001.dcm.png,3384,Frontal,train
3384_IM-1631-2001.dcm.png,3384,Lateral,train
3385_IM-1632-1001.dcm.png,3385,Frontal,train
3385_IM-1632-2001.dcm.png,3385,Lateral,train
3386_IM-1633-1001.dcm.png,3386,Frontal,val
3386_IM-1633-2001.dcm.png,3386,Lateral,val
3387_IM-1633-1001.dcm.png,3387,Frontal,train
3387_IM-1633-2001.dcm.png,3387,Lateral,train
3388_IM-1633-1001.dcm.png,3388,Frontal,val
3388_IM-1633-1002.dcm.png,3388,Lateral,val
3389_IM-1634-1001.dcm.png,3389,Frontal,test
3389_IM-1634-2001.dcm.png,3389,Lateral,test
3390_IM-1636-1001.dcm.png,3390,Frontal,train
3390_IM-1636-3001.dcm.png,3390,Frontal,train
3390_IM-1636-2001.dcm.png,3390,Lateral,train
3391_IM-1637-2001.dcm.png,3391,Frontal,train
3391_IM-1637-1001.dcm.png,3391,Lateral,train
3392_IM-1637-1001.dcm.png,3392,Frontal,train
3392_IM-1637-2001.dcm.png,3392,Lateral,train
3393_IM-1637-1001.dcm.png,3393,Frontal,train
3393_IM-1637-2001.dcm.png,3393,Lateral,train
3394_IM-1638-1001.dcm.png,3394,Frontal,train
3394_IM-1638-3001.dcm.png,3394,Lateral,train
3395_IM-1639-0001-0001.dcm.png,3395,Frontal,train
3395_IM-1639-0001-0002.dcm.png,3395,Lateral,train
3396_IM-1640-1001.dcm.png,3396,Frontal,train
3396_IM-1640-3001.dcm.png,3396,Lateral,train
3398_IM-1642-4004.dcm.png,3398,Frontal,test
3398_IM-1642-2001.dcm.png,3398,Lateral,test
3399_IM-1643-2001.dcm.png,3399,Lateral,train
3400_IM-1644-1001.dcm.png,3400,Frontal,train
3400_IM-1644-2001.dcm.png,3400,Lateral,train
3401_IM-1645-1001.dcm.png,3401,Frontal,train
3401_IM-1645-2001.dcm.png,3401,Lateral,train
3402_IM-1646-1001.dcm.png,3402,Frontal,val
3402_IM-1646-2001.dcm.png,3402,Lateral,val
3403_IM-1647-1001.dcm.png,3403,Frontal,train
3403_IM-1647-2001.dcm.png,3403,Lateral,train
3404_IM-1647-1001.dcm.png,3404,Frontal,train
3404_IM-1647-2001.dcm.png,3404,Lateral,train
3405_IM-1647-1001.dcm.png,3405,Frontal,val
3405_IM-1647-2001.dcm.png,3405,Lateral,val
3406_IM-1647-1001.dcm.png,3406,Frontal,train
3406_IM-1647-2001.dcm.png,3406,Lateral,train
3407_IM-1647-1001.dcm.png,3407,Frontal,train
3407_IM-1647-2001.dcm.png,3407,Lateral,train
3408_IM-1648-1001.dcm.png,3408,Frontal,train
3408_IM-1648-1002.dcm.png,3408,Lateral,train
3409_IM-1648-1001.dcm.png,3409,Lateral,val
3410_IM-1648-1001.dcm.png,3410,Frontal,train
3410_IM-1648-2001.dcm.png,3410,Lateral,train
3411_IM-1649-0001-0001.dcm.png,3411,Frontal,test
3411_IM-1649-0001-0002.dcm.png,3411,Lateral,test
3412_IM-1650-1001-0001.dcm.png,3412,Frontal,test
3412_IM-1650-1001-0002.dcm.png,3412,Lateral,test
3413_IM-1650-1001.dcm.png,3413,Frontal,train
3413_IM-1650-2001.dcm.png,3413,Lateral,train
3414_IM-1650-1001.dcm.png,3414,Frontal,train
3414_IM-1650-2001.dcm.png,3414,Lateral,train
3415_IM-1650-1001.dcm.png,3415,Frontal,train
3415_IM-1650-1002.dcm.png,3415,Lateral,train
3416_IM-1651-0001-0001.dcm.png,3416,Frontal,train
3416_IM-1651-0001-0002.dcm.png,3416,Lateral,train
3417_IM-1652-1001.dcm.png,3417,Frontal,train
3417_IM-1652-2001.dcm.png,3417,Lateral,train
3418_IM-1653-1001.dcm.png,3418,Frontal,train
3418_IM-1653-2001.dcm.png,3418,Lateral,train
3419_IM-1654-12012.dcm.png,3419,Frontal,train
3419_IM-1654-4004.dcm.png,3419,Frontal,train
3419_IM-1654-2001.dcm.png,3419,Lateral,train
3420_IM-1656-1001.dcm.png,3420,Frontal,train
3420_IM-1656-2001.dcm.png,3420,Lateral,train
3421_IM-1656-1001.dcm.png,3421,Frontal,train
3421_IM-1656-3001.dcm.png,3421,Lateral,train
3422_IM-1656-1001.dcm.png,3422,Frontal,train
3422_IM-1656-1002.dcm.png,3422,Lateral,train
3423_IM-1656-1001.dcm.png,3423,Frontal,train
3423_IM-1656-2001.dcm.png,3423,Lateral,train
3424_IM-1656-1001.dcm.png,3424,Frontal,train
3424_IM-1656-2001.dcm.png,3424,Lateral,train
3426_IM-1656-1001.dcm.png,3426,Frontal,test
3426_IM-1656-2001.dcm.png,3426,Lateral,test
3427_IM-1657-1001.dcm.png,3427,Frontal,train
3427_IM-1657-2001.dcm.png,3427,Lateral,train
3428_IM-1657-1001.dcm.png,3428,Frontal,train
3428_IM-1657-2001.dcm.png,3428,Lateral,train
3429_IM-1657-1001.dcm.png,3429,Frontal,test
3429_IM-1657-2001.dcm.png,3429,Lateral,test
3430_IM-1659-4004.dcm.png,3430,Frontal,train
3430_IM-1659-1001.dcm.png,3430,Lateral,train
3431_IM-1660-1001.dcm.png,3431,Frontal,train
3431_IM-1660-2001.dcm.png,3431,Lateral,train
3432_IM-1661-1001.dcm.png,3432,Frontal,train
3432_IM-1661-2001.dcm.png,3432,Lateral,train
3433_IM-1662-1001.dcm.png,3433,Frontal,train
3433_IM-1662-2001.dcm.png,3433,Lateral,train
3434_IM-1662-1001.dcm.png,3434,Frontal,val
3434_IM-1662-2001.dcm.png,3434,Lateral,val
3435_IM-1662-1001.dcm.png,3435,Frontal,val
3435_IM-1662-2001.dcm.png,3435,Lateral,val
3436_IM-1663-1001.dcm.png,3436,Frontal,train
3436_IM-1663-2002.dcm.png,3436,Lateral,train
3437_IM-1663-1001.dcm.png,3437,Frontal,train
3437_IM-1663-2001.dcm.png,3437,Lateral,train
3438_IM-1664-1001.dcm.png,3438,Frontal,train
3439_IM-1664-1001.dcm.png,3439,Frontal,test
3439_IM-1664-2001.dcm.png,3439,Lateral,test
3440_IM-1665-1001.dcm.png,3440,Frontal,train
3440_IM-1665-2001.dcm.png,3440,Lateral,train
3441_IM-1666-1001.dcm.png,3441,Frontal,train
3441_IM-1666-1002.dcm.png,3441,Lateral,train
3442_IM-1667-1001.dcm.png,3442,Frontal,test
3442_IM-1667-2001.dcm.png,3442,Lateral,test
3443_IM-1667-1001.dcm.png,3443,Frontal,test
3443_IM-1667-2001.dcm.png,3443,Lateral,test
3444_IM-1667-1001.dcm.png,3444,Frontal,train
3444_IM-1667-2001.dcm.png,3444,Frontal,train
3444_IM-1667-3001.dcm.png,3444,Lateral,train
3445_IM-1668-1001.dcm.png,3445,Frontal,train
3445_IM-1668-3001.dcm.png,3445,Lateral,train
3446_IM-1669-1001.dcm.png,3446,Frontal,train
3446_IM-1669-2001.dcm.png,3446,Lateral,train
3448_IM-1671-3001.dcm.png,3448,Frontal,test
3448_IM-1671-2001.dcm.png,3448,Lateral,test
3449_IM-1672-1001.dcm.png,3449,Frontal,train
3449_IM-1672-2001.dcm.png,3449,Lateral,train
3450_IM-1673-1001.dcm.png,3450,Frontal,val
3450_IM-1673-2001.dcm.png,3450,Lateral,val
3451_IM-1674-1001.dcm.png,3451,Frontal,train
3451_IM-1674-3001.dcm.png,3451,Lateral,train
3452_IM-1675-1001.dcm.png,3452,Frontal,train
3452_IM-1675-1002.dcm.png,3452,Lateral,train
3453_IM-1676-0001-0001.dcm.png,3453,Frontal,train
3453_IM-1676-0001-0002.dcm.png,3453,Lateral,train
3454_IM-1677-3001.dcm.png,3454,Frontal,train
3454_IM-1677-2001.dcm.png,3454,Lateral,train
3455_IM-1677-1001.dcm.png,3455,Frontal,val
3455_IM-1677-2001.dcm.png,3455,Lateral,val
3456_IM-1678-1001.dcm.png,3456,Frontal,val
3456_IM-1678-2001.dcm.png,3456,Lateral,val
3457_IM-1678-1001.dcm.png,3457,Frontal,train
3457_IM-1678-2001.dcm.png,3457,Lateral,train
3458_IM-1678-1001.dcm.png,3458,Frontal,train
3458_IM-1678-2001.dcm.png,3458,Lateral,train
3459_IM-1679-1001.dcm.png,3459,Frontal,test
3459_IM-1679-2001.dcm.png,3459,Lateral,test
3460_IM-1681-1001.dcm.png,3460,Frontal,val
3460_IM-1681-2001.dcm.png,3460,Lateral,val
3461_IM-1682-1001.dcm.png,3461,Frontal,test
3462_IM-1683-1001.dcm.png,3462,Frontal,train
3462_IM-1683-2001.dcm.png,3462,Lateral,train
3464_IM-1683-1001.dcm.png,3464,Frontal,train
3464_IM-1683-2001.dcm.png,3464,Lateral,train
3465_IM-1683-1001.dcm.png,3465,Frontal,val
3465_IM-1683-2001.dcm.png,3465,Lateral,val
3466_IM-1683-1001.dcm.png,3466,Frontal,train
3466_IM-1683-2001.dcm.png,3466,Lateral,train
3467_IM-1684-0001-0001.dcm.png,3467,Frontal,val
3467_IM-1684-0001-0002.dcm.png,3467,Lateral,val
3468_IM-1684-0001-0003.dcm.png,3468,Frontal,train
3468_IM-1684-0001-0004.dcm.png,3468,Frontal,train
3468_IM-1684-0001-0001.dcm.png,3468,Lateral,train
3468_IM-1684-0001-0002.dcm.png,3468,Lateral,train
3469_IM-1685-1001.dcm.png,3469,Frontal,train
3469_IM-1685-2001.dcm.png,3469,Lateral,train
3470_IM-1686-1001.dcm.png,3470,Frontal,train
3470_IM-1686-2001.dcm.png,3470,Lateral,train
3471_IM-1687-2002.dcm.png,3471,Frontal,train
3471_IM-1687-3003.dcm.png,3471,Lateral,train
3472_IM-1688-1001.dcm.png,3472,Frontal,train
3472_IM-1688-2001.dcm.png,3472,Lateral,train
3473_IM-1688-2002.dcm.png,3473,Frontal,train
3473_IM-1688-3003.dcm.png,3473,Lateral,train
3474_IM-1688-1001.dcm.png,3474,Frontal,test
3474_IM-1688-2001.dcm.png,3474,Lateral,test
3475_IM-1688-1001.dcm.png,3475,Frontal,train
3475_IM-1688-2001.dcm.png,3475,Lateral,train
3477_IM-1690-3001.dcm.png,3477,Frontal,val
3477_IM-1690-2001.dcm.png,3477,Lateral,val
3478_IM-1690-1001.dcm.png,3478,Frontal,test
3478_IM-1690-2001.dcm.png,3478,Lateral,test
3479_IM-1690-1001.dcm.png,3479,Frontal,train
3479_IM-1690-2001.dcm.png,3479,Lateral,train
3480_IM-1691-1001.dcm.png,3480,Frontal,train
3480_IM-1691-2001.dcm.png,3480,Lateral,train
3481_IM-1692-1001.dcm.png,3481,Frontal,val
3481_IM-1692-2001.dcm.png,3481,Lateral,val
3482_IM-1692-1001.dcm.png,3482,Frontal,test
3482_IM-1692-2001.dcm.png,3482,Lateral,test
3483_IM-1692-1001.dcm.png,3483,Frontal,train
3483_IM-1692-2001.dcm.png,3483,Lateral,train
3485_IM-1694-2002.dcm.png,3485,Frontal,train
3485_IM-1694-3003.dcm.png,3485,Lateral,train
3486_IM-1695-1001.dcm.png,3486,Frontal,val
3486_IM-1695-2001.dcm.png,3486,Lateral,val
3487_IM-1696-1001.dcm.png,3487,Frontal,train
3487_IM-1696-2001.dcm.png,3487,Lateral,train
3488_IM-1696-4004.dcm.png,3488,Frontal,train
3488_IM-1696-1001.dcm.png,3488,Lateral,train
3489_IM-1696-1001.dcm.png,3489,Frontal,train
3489_IM-1696-2001.dcm.png,3489,Lateral,train
3490_IM-1697-1001.dcm.png,3490,Frontal,test
3490_IM-1697-2001.dcm.png,3490,Lateral,test
3491_IM-1698-1001.dcm.png,3491,Frontal,train
3491_IM-1698-2001.dcm.png,3491,Lateral,train
3492_IM-1698-1001.dcm.png,3492,Frontal,test
3492_IM-1698-2001.dcm.png,3492,Lateral,test
3493_IM-1698-1001.dcm.png,3493,Frontal,train
3493_IM-1698-1002.dcm.png,3493,Lateral,train
3494_IM-1699-1001.dcm.png,3494,Frontal,train
3494_IM-1699-2001.dcm.png,3494,Lateral,train
3495_IM-1700-1001.dcm.png,3495,Frontal,train
3495_IM-1700-3001.dcm.png,3495,Frontal,train
3495_IM-1700-2001.dcm.png,3495,Lateral,train
3496_IM-1701-2001.dcm.png,3496,Lateral,train
3497_IM-1702-1002.dcm.png,3497,Lateral,train
3498_IM-1702-1001.dcm.png,3498,Frontal,test
3498_IM-1702-2001.dcm.png,3498,Lateral,test
3499_IM-1703-2002.dcm.png,3499,Frontal,test
3499_IM-1703-3003.dcm.png,3499,Lateral,test
3500_IM-1706-1001.dcm.png,3500,Frontal,train
3500_IM-1706-2001.dcm.png,3500,Lateral,train
3501_IM-1706-1001.dcm.png,3501,Frontal,train
3501_IM-1706-2001.dcm.png,3501,Lateral,train
3502_IM-1707-1001.dcm.png,3502,Frontal,train
3502_IM-1707-1003.dcm.png,3502,Lateral,train
3503_IM-1707-3001.dcm.png,3503,Frontal,train
3504_IM-1707-1001.dcm.png,3504,Frontal,test
3504_IM-1707-2001.dcm.png,3504,Lateral,test
3505_IM-1707-1001.dcm.png,3505,Frontal,test
3505_IM-1707-2001.dcm.png,3505,Lateral,test
3506_IM-1708-1001.dcm.png,3506,Frontal,train
3506_IM-1708-2001.dcm.png,3506,Lateral,train
3507_IM-1709-4004.dcm.png,3507,Frontal,train
3507_IM-1709-1001.dcm.png,3507,Lateral,train
3508_IM-1710-1001.dcm.png,3508,Frontal,val
3508_IM-1710-2001.dcm.png,3508,Lateral,val
3509_IM-1711-0001-0001.dcm.png,3509,Frontal,train
3509_IM-1711-0001-0003.dcm.png,3509,Frontal,train
3509_IM-1711-0001-0002.dcm.png,3509,Lateral,train
3510_IM-1713-4004.dcm.png,3510,Frontal,train
3510_IM-1713-1001.dcm.png,3510,Lateral,train
3511_IM-1714-1001.dcm.png,3511,Frontal,test
3511_IM-1714-2001.dcm.png,3511,Lateral,test
3512_IM-1714-1001.dcm.png,3512,Frontal,train
3512_IM-1714-2001.dcm.png,3512,Lateral,train
3513_IM-1715-1001.dcm.png,3513,Frontal,train
3514_IM-1715-2001.dcm.png,3514,Frontal,train
3514_IM-1715-1001.dcm.png,3514,Lateral,train
3515_IM-1715-1001.dcm.png,3515,Frontal,train
3515_IM-1715-1002.dcm.png,3515,Lateral,train
3516_IM-1715-1001.dcm.png,3516,Frontal,train
3516_IM-1715-1002.dcm.png,3516,Lateral,train
3517_IM-1716-2001.dcm.png,3517,Lateral,train
3518_IM-1717-1001.dcm.png,3518,Frontal,train
3518_IM-1717-2001.dcm.png,3518,Lateral,train
3519_IM-1717-1001.dcm.png,3519,Frontal,train
3519_IM-1717-1002.dcm.png,3519,Lateral,train
3520_IM-1718-1001.dcm.png,3520,Frontal,test
3520_IM-1718-2001.dcm.png,3520,Lateral,test
3521_IM-1719-4001.dcm.png,3521,Frontal,train
3521_IM-1719-1001.dcm.png,3521,Lateral,train
3521_IM-1719-2001.dcm.png,3521,Lateral,train
3522_IM-1720-1001.dcm.png,3522,Frontal,train
3522_IM-1720-2001.dcm.png,3522,Lateral,train
3523_IM-1721-1001.dcm.png,3523,Frontal,train
3523_IM-1721-1002.dcm.png,3523,Lateral,train
3524_IM-1721-1001.dcm.png,3524,Frontal,train
3524_IM-1721-2001.dcm.png,3524,Lateral,train
3525_IM-1722-6001.dcm.png,3525,Frontal,test
3525_IM-1722-1001.dcm.png,3525,Lateral,test
3526_IM-1723-1001.dcm.png,3526,Frontal,train
3526_IM-1723-2001.dcm.png,3526,Lateral,train
3527_IM-1724-1001.dcm.png,3527,Frontal,train
3527_IM-1724-1002.dcm.png,3527,Lateral,train
3528_IM-1725-2002.dcm.png,3528,Frontal,val
3528_IM-1725-3003.dcm.png,3528,Lateral,val
3529_IM-1725-1001.dcm.png,3529,Frontal,test
3529_IM-1725-2001.dcm.png,3529,Lateral,test
3530_IM-1726-1001.dcm.png,3530,Frontal,train
3530_IM-1726-1002.dcm.png,3530,Lateral,train
3531_IM-1726-1001.dcm.png,3531,Frontal,val
3531_IM-1726-1002.dcm.png,3531,Lateral,val
3532_IM-1726-2001.dcm.png,3532,Frontal,train
3532_IM-1726-3001.dcm.png,3532,Frontal,train
3532_IM-1726-1001.dcm.png,3532,Lateral,train
3533_IM-1726-1001.dcm.png,3533,Frontal,train
3533_IM-1726-2001.dcm.png,3533,Lateral,train
3534_IM-1727-1001.dcm.png,3534,Frontal,train
3534_IM-1727-2001.dcm.png,3534,Lateral,train
3535_IM-1728-0001-0002.dcm.png,3535,Frontal,train
3535_IM-1728-0001-0001.dcm.png,3535,Lateral,train
3536_IM-1729-4004.dcm.png,3536,Frontal,train
3536_IM-1729-5001.dcm.png,3536,Lateral,train
3537_IM-1730-1001.dcm.png,3537,Frontal,train
3537_IM-1730-2001.dcm.png,3537,Lateral,train
3538_IM-1731-1001.dcm.png,3538,Frontal,test
3538_IM-1731-3001.dcm.png,3538,Lateral,test
3539_IM-1731-1001.dcm.png,3539,Frontal,val
3539_IM-1731-3001.dcm.png,3539,Lateral,val
3540_IM-1732-1001.dcm.png,3540,Frontal,train
3540_IM-1732-2001.dcm.png,3540,Lateral,train
3541_IM-1733-0001-0002.dcm.png,3541,Frontal,train
3541_IM-1733-0001-0001.dcm.png,3541,Lateral,train
3542_IM-1734-1001.dcm.png,3542,Frontal,val
3542_IM-1734-2001.dcm.png,3542,Lateral,val
3543_IM-1735-2001.dcm.png,3543,Frontal,test
3543_IM-1735-3001.dcm.png,3543,Lateral,test
3544_IM-1736-1001.dcm.png,3544,Frontal,train
3544_IM-1736-2001.dcm.png,3544,Lateral,train
3545_IM-1737-2002.dcm.png,3545,Frontal,train
3545_IM-1737-3003.dcm.png,3545,Lateral,train
3546_IM-1738-4004.dcm.png,3546,Frontal,train
3546_IM-1738-2001.dcm.png,3546,Lateral,train
3547_IM-1739-1001.dcm.png,3547,Frontal,val
3547_IM-1739-2001.dcm.png,3547,Lateral,val
3548_IM-1739-1001.dcm.png,3548,Frontal,train
3548_IM-1739-2001.dcm.png,3548,Lateral,train
3549_IM-1739-1001-0001.dcm.png,3549,Frontal,train
3549_IM-1739-1001-0002.dcm.png,3549,Frontal,train
3549_IM-1739-1001-0003.dcm.png,3549,Lateral,train
3550_IM-1740-1001.dcm.png,3550,Frontal,train
3551_IM-1740-12012.dcm.png,3551,Frontal,train
3551_IM-1740-1001.dcm.png,3551,Lateral,train
3551_IM-1740-2001.dcm.png,3551,Lateral,train
3552_IM-1741-1001.dcm.png,3552,Frontal,train
3552_IM-1741-3001.dcm.png,3552,Lateral,train
3553_IM-1741-1001.dcm.png,3553,Frontal,train
3553_IM-1741-2001.dcm.png,3553,Lateral,train
3555_IM-1741-2001.dcm.png,3555,Frontal,test
3556_IM-1741-1001-0001.dcm.png,3556,Frontal,train
3556_IM-1741-1001-0002.dcm.png,3556,Lateral,train
3557_IM-1742-0001-0002.dcm.png,3557,Frontal,train
3557_IM-1742-0001-0001.dcm.png,3557,Lateral,train
3559_IM-1744-1001.dcm.png,3559,Frontal,val
3559_IM-1744-2001.dcm.png,3559,Lateral,val
3560_IM-1745-1001.dcm.png,3560,Frontal,test
3560_IM-1745-1002.dcm.png,3560,Lateral,test
3561_IM-1746-1001.dcm.png,3561,Frontal,train
3561_IM-1746-2001.dcm.png,3561,Lateral,train
3562_IM-1747-2001.dcm.png,3562,Frontal,val
3562_IM-1747-1001.dcm.png,3562,Lateral,val
3563_IM-1748-2002.dcm.png,3563,Frontal,train
3563_IM-1748-3003.dcm.png,3563,Lateral,train
3564_IM-1749-0001-0001.dcm.png,3564,Frontal,train
3564_IM-1749-0001-0002.dcm.png,3564,Lateral,train
3565_IM-1750-1001.dcm.png,3565,Frontal,val
3565_IM-1750-2001.dcm.png,3565,Lateral,val
3566_IM-1751-12012.dcm.png,3566,Frontal,test
3566_IM-1751-4004.dcm.png,3566,Frontal,test
3566_IM-1751-1001.dcm.png,3566,Lateral,test
3566_IM-1751-2001.dcm.png,3566,Lateral,test
3567_IM-1752-1001.dcm.png,3567,Lateral,val
3568_IM-1753-1001.dcm.png,3568,Frontal,train
3568_IM-1753-2001.dcm.png,3568,Lateral,train
3569_IM-1753-1001.dcm.png,3569,Frontal,test
3570_IM-1754-1001.dcm.png,3570,Frontal,test
3570_IM-1754-3001.dcm.png,3570,Frontal,test
3570_IM-1754-2001.dcm.png,3570,Lateral,test
3571_IM-1754-3001.dcm.png,3571,Frontal,train
3571_IM-1754-2001.dcm.png,3571,Lateral,train
3572_IM-1755-84853001.dcm.png,3572,Frontal,train
3572_IM-1755-84853002.dcm.png,3572,Lateral,train
3573_IM-1756-1001.dcm.png,3573,Frontal,train
3573_IM-1756-2001.dcm.png,3573,Lateral,train
3574_IM-1756-1001.dcm.png,3574,Frontal,test
3574_IM-1756-2001.dcm.png,3574,Lateral,test
3575_IM-1757-1001.dcm.png,3575,Frontal,train
3575_IM-1757-2001.dcm.png,3575,Lateral,train
3576_IM-1757-1001.dcm.png,3576,Frontal,train
3576_IM-1757-2001.dcm.png,3576,Lateral,train
3577_IM-1758-1001.dcm.png,3577,Frontal,train
3577_IM-1758-2001.dcm.png,3577,Lateral,train
3578_IM-1758-2001.dcm.png,3578,Frontal,train
3578_IM-1758-1001.dcm.png,3578,Lateral,train
3579_IM-1759-1001.dcm.png,3579,Frontal,train
3579_IM-1759-1003.dcm.png,3579,Lateral,train
3580_IM-1760-1001.dcm.png,3580,Frontal,train
3580_IM-1760-2001.dcm.png,3580,Lateral,train
3581_IM-1761-1001.dcm.png,3581,Frontal,test
3581_IM-1761-3001.dcm.png,3581,Lateral,test
3582_IM-1761-1001.dcm.png,3582,Frontal,train
3582_IM-1761-2001.dcm.png,3582,Lateral,train
3583_IM-1762-1001.dcm.png,3583,Frontal,train
3583_IM-1762-2001.dcm.png,3583,Lateral,train
3584_IM-1763-1001-0002.dcm.png,3584,Lateral,train
3585_IM-1763-1001.dcm.png,3585,Frontal,train
3585_IM-1763-2001.dcm.png,3585,Lateral,train
3586_IM-1764-1001.dcm.png,3586,Frontal,train
3586_IM-1764-2001.dcm.png,3586,Lateral,train
3587_IM-1765-1001.dcm.png,3587,Frontal,train
3587_IM-1765-1002.dcm.png,3587,Lateral,train
3588_IM-1766-1001.dcm.png,3588,Frontal,train
3588_IM-1766-2001.dcm.png,3588,Lateral,train
3589_IM-1767-1001.dcm.png,3589,Frontal,val
3589_IM-1767-1002.dcm.png,3589,Lateral,val
3590_IM-1769-1001.dcm.png,3590,Frontal,test
3590_IM-1769-4001.dcm.png,3590,Lateral,test
3591_IM-1770-1001-0001.dcm.png,3591,Frontal,test
3591_IM-1770-1001-0002.dcm.png,3591,Lateral,test
3592_IM-1771-1001.dcm.png,3592,Frontal,test
3592_IM-1771-2001.dcm.png,3592,Lateral,test
3593_IM-1772-1001.dcm.png,3593,Frontal,val
3593_IM-1772-2001.dcm.png,3593,Lateral,val
3594_IM-1772-1001.dcm.png,3594,Frontal,train
3594_IM-1772-1002.dcm.png,3594,Lateral,train
3595_IM-1773-0001-0001.dcm.png,3595,Frontal,train
3595_IM-1773-0001-0002.dcm.png,3595,Lateral,train
3596_IM-1774-1001.dcm.png,3596,Frontal,train
3596_IM-1774-2001.dcm.png,3596,Lateral,train
3597_IM-1775-1001.dcm.png,3597,Frontal,val
3597_IM-1775-2001.dcm.png,3597,Lateral,val
3598_IM-1775-1001.dcm.png,3598,Frontal,train
3598_IM-1775-2001.dcm.png,3598,Lateral,train
3599_IM-1775-1001.dcm.png,3599,Frontal,train
3599_IM-1775-2001.dcm.png,3599,Lateral,train
3600_IM-1776-4004.dcm.png,3600,Frontal,train
3600_IM-1776-1001.dcm.png,3600,Lateral,train
3601_IM-1777-2002.dcm.png,3601,Frontal,train
3601_IM-1777-3003.dcm.png,3601,Lateral,train
3602_IM-1778-1001.dcm.png,3602,Frontal,train
3602_IM-1778-2001.dcm.png,3602,Lateral,train
3603_IM-1779-1001.dcm.png,3603,Frontal,train
3603_IM-1779-2001.dcm.png,3603,Lateral,train
3604_IM-1780-0001-0001.dcm.png,3604,Frontal,train
3604_IM-1780-0001-0002.dcm.png,3604,Lateral,train
3605_IM-1781-1001.dcm.png,3605,Frontal,train
3605_IM-1781-1002.dcm.png,3605,Lateral,train
3606_IM-1781-1001.dcm.png,3606,Frontal,train
3606_IM-1781-2001.dcm.png,3606,Lateral,train
3607_IM-1781-1001.dcm.png,3607,Frontal,train
3608_IM-1781-1001.dcm.png,3608,Frontal,val
3608_IM-1781-2001.dcm.png,3608,Lateral,val
3609_IM-1782-2001.dcm.png,3609,Frontal,train
3609_IM-1782-3001.dcm.png,3609,Lateral,train
3610_IM-1783-1001.dcm.png,3610,Frontal,val
3610_IM-1783-1002.dcm.png,3610,Lateral,val
3611_IM-1784-0001-0001.dcm.png,3611,Frontal,val
3612_IM-1785-1001.dcm.png,3612,Frontal,test
3612_IM-1785-2001.dcm.png,3612,Lateral,test
3613_IM-1786-2002.dcm.png,3613,Frontal,train
3613_IM-1786-3003.dcm.png,3613,Lateral,train
3614_IM-1787-4001.dcm.png,3614,Frontal,test
3614_IM-1787-2001.dcm.png,3614,Lateral,test
3615_IM-1788-1001.dcm.png,3615,Frontal,train
3615_IM-1788-2001.dcm.png,3615,Lateral,train
3616_IM-1789-2002.dcm.png,3616,Frontal,train
3616_IM-1789-3003.dcm.png,3616,Lateral,train
3617_IM-1789-1001.dcm.png,3617,Frontal,train
3617_IM-1789-2001.dcm.png,3617,Lateral,train
3618_IM-1790-82420001.dcm.png,3618,Frontal,val
3618_IM-1790-82420002.dcm.png,3618,Lateral,val
3619_IM-1791-1001.dcm.png,3619,Frontal,train
3619_IM-1791-2001.dcm.png,3619,Lateral,train
3620_IM-1791-1001-0001.dcm.png,3620,Frontal,test
3620_IM-1791-1001-0002.dcm.png,3620,Lateral,test
3621_IM-1792-3001.dcm.png,3621,Frontal,train
3621_IM-1792-5001.dcm.png,3621,Lateral,train
3623_IM-1793-1001.dcm.png,3623,Frontal,train
3623_IM-1793-1002.dcm.png,3623,Lateral,train
3624_IM-1794-1001.dcm.png,3624,Frontal,val
3624_IM-1794-2001.dcm.png,3624,Lateral,val
3625_IM-1794-1001.dcm.png,3625,Frontal,train
3625_IM-1794-2001.dcm.png,3625,Lateral,train
3626_IM-1794-1001.dcm.png,3626,Frontal,train
3626_IM-1794-2001.dcm.png,3626,Lateral,train
3627_IM-1795-2001.dcm.png,3627,Lateral,train
3628_IM-1796-1001.dcm.png,3628,Frontal,train
3628_IM-1796-2001.dcm.png,3628,Lateral,train
3629_IM-1797-1001.dcm.png,3629,Frontal,test
3629_IM-1797-1002.dcm.png,3629,Lateral,test
3630_IM-1798-4004.dcm.png,3630,Frontal,val
3630_IM-1798-1001.dcm.png,3630,Lateral,val
3631_IM-1798-4004.dcm.png,3631,Frontal,train
3631_IM-1798-3001.dcm.png,3631,Lateral,train
3632_IM-1799-2001.dcm.png,3632,Frontal,val
3632_IM-1799-1001.dcm.png,3632,Lateral,val
3633_IM-1800-1001.dcm.png,3633,Frontal,train
3633_IM-1800-1002.dcm.png,3633,Lateral,train
3634_IM-1801-1001.dcm.png,3634,Frontal,train
3634_IM-1801-2001.dcm.png,3634,Lateral,train
3635_IM-1802-1001.dcm.png,3635,Frontal,train
3635_IM-1802-2001.dcm.png,3635,Lateral,train
3636_IM-1803-1001.dcm.png,3636,Frontal,train
3636_IM-1803-2001.dcm.png,3636,Lateral,train
3637_IM-1804-1001.dcm.png,3637,Frontal,test
3637_IM-1804-2001.dcm.png,3637,Lateral,test
3637_IM-1804-3001.dcm.png,3637,Lateral,test
3638_IM-1804-1001.dcm.png,3638,Frontal,train
3638_IM-1804-2001.dcm.png,3638,Lateral,train
3639_IM-1804-1002001.dcm.png,3639,Frontal,val
3639_IM-1804-1001.dcm.png,3639,Lateral,val
3640_IM-1804-1001.dcm.png,3640,Frontal,train
3640_IM-1804-1002.dcm.png,3640,Lateral,train
3641_IM-1805-1001.dcm.png,3641,Frontal,val
3641_IM-1805-2001.dcm.png,3641,Lateral,val
3642_IM-1806-1001.dcm.png,3642,Frontal,train
3642_IM-1806-2001.dcm.png,3642,Lateral,train
3643_IM-1806-1001.dcm.png,3643,Frontal,val
3643_IM-1806-1002.dcm.png,3643,Lateral,val
3644_IM-1807-1001.dcm.png,3644,Frontal,train
3644_IM-1807-2001.dcm.png,3644,Lateral,train
3645_IM-1807-2001.dcm.png,3645,Lateral,test
3646_IM-1808-0001-0002.dcm.png,3646,Frontal,train
3646_IM-1808-0001-0001.dcm.png,3646,Lateral,train
3647_IM-1809-1001.dcm.png,3647,Frontal,train
3647_IM-1809-2001.dcm.png,3647,Lateral,train
3648_IM-1810-3001.dcm.png,3648,Frontal,train
3648_IM-1810-2001.dcm.png,3648,Lateral,train
3649_IM-1811-3001.dcm.png,3649,Frontal,test
3649_IM-1811-2001.dcm.png,3649,Lateral,test
3650_IM-1813-1001.dcm.png,3650,Frontal,test
3650_IM-1813-2001.dcm.png,3650,Lateral,test
3651_IM-1813-1001.dcm.png,3651,Frontal,train
3651_IM-1813-2001.dcm.png,3651,Lateral,train
3652_IM-1814-1001.dcm.png,3652,Frontal,train
3652_IM-1814-2001.dcm.png,3652,Lateral,train
3653_IM-1815-1001.dcm.png,3653,Frontal,test
3653_IM-1815-3001.dcm.png,3653,Lateral,test
3654_IM-1816-1001.dcm.png,3654,Frontal,train
3655_IM-1817-1001.dcm.png,3655,Frontal,val
3655_IM-1817-2001.dcm.png,3655,Lateral,val
3656_IM-1817-1001.dcm.png,3656,Frontal,train
3656_IM-1817-2001.dcm.png,3656,Lateral,train
3657_IM-1818-1001.dcm.png,3657,Frontal,train
3657_IM-1818-1002.dcm.png,3657,Lateral,train
3658_IM-1819-1001.dcm.png,3658,Frontal,train
3658_IM-1819-2001.dcm.png,3658,Lateral,train
3659_IM-1819-1001.dcm.png,3659,Frontal,val
3659_IM-1819-2001.dcm.png,3659,Lateral,val
3660_IM-1820-1001.dcm.png,3660,Frontal,test
3660_IM-1820-2001.dcm.png,3660,Lateral,test
3661_IM-1821-1001.dcm.png,3661,Frontal,train
3661_IM-1821-2001.dcm.png,3661,Lateral,train
3662_IM-1821-1001.dcm.png,3662,Frontal,train
3662_IM-1821-2001.dcm.png,3662,Lateral,train
3663_IM-1822-1001.dcm.png,3663,Frontal,test
3663_IM-1822-2001.dcm.png,3663,Lateral,test
3664_IM-1822-1001.dcm.png,3664,Frontal,train
3664_IM-1822-2001.dcm.png,3664,Lateral,train
3665_IM-1823-1001.dcm.png,3665,Frontal,val
3665_IM-1823-2001.dcm.png,3665,Lateral,val
3666_IM-1824-1001.dcm.png,3666,Frontal,test
3666_IM-1824-3001.dcm.png,3666,Lateral,test
3667_IM-1824-2001.dcm.png,3667,Frontal,val
3668_IM-1825-1001.dcm.png,3668,Frontal,train
3668_IM-1825-2001.dcm.png,3668,Lateral,train
3669_IM-1826-1001.dcm.png,3669,Frontal,train
3669_IM-1826-1002.dcm.png,3669,Lateral,train
3670_IM-1826-1001.dcm.png,3670,Frontal,train
3670_IM-1826-2001.dcm.png,3670,Lateral,train
3671_IM-1827-3001.dcm.png,3671,Frontal,test
3671_IM-1827-1001.dcm.png,3671,Lateral,test
3671_IM-1827-2001.dcm.png,3671,Lateral,test
3672_IM-1828-1001.dcm.png,3672,Frontal,val
3672_IM-1828-2001.dcm.png,3672,Lateral,val
3673_IM-1828-1001.dcm.png,3673,Frontal,train
3673_IM-1828-1002.dcm.png,3673,Lateral,train
3674_IM-1829-0001-0001.dcm.png,3674,Frontal,train
3674_IM-1829-0001-0002.dcm.png,3674,Lateral,train
3675_IM-1829-0001-0001.dcm.png,3675,Frontal,train
3675_IM-1829-0001-0002.dcm.png,3675,Lateral,train
3676_IM-1829-0001-0001.dcm.png,3676,Frontal,test
3676_IM-1829-0001-0002.dcm.png,3676,Lateral,test
3677_IM-1830-2001.dcm.png,3677,Frontal,train
3677_IM-1830-1001.dcm.png,3677,Lateral,train
3678_IM-1831-1001.dcm.png,3678,Frontal,train
3678_IM-1831-2001.dcm.png,3678,Lateral,train
3679_IM-1831-1001.dcm.png,3679,Frontal,train
3679_IM-1831-2001.dcm.png,3679,Lateral,train
3680_IM-1832-1001.dcm.png,3680,Frontal,train
3680_IM-1832-2001.dcm.png,3680,Lateral,train
3681_IM-1833-0001-0002.dcm.png,3681,Frontal,test
3681_IM-1833-0001-0001.dcm.png,3681,Lateral,test
3682_IM-1834-1001.dcm.png,3682,Frontal,train
3682_IM-1834-2001.dcm.png,3682,Lateral,train
3683_IM-1835-3001.dcm.png,3683,Frontal,val
3683_IM-1835-4001.dcm.png,3683,Lateral,val
3684_IM-1836-1001.dcm.png,3684,Frontal,train
3685_IM-1836-1001.dcm.png,3685,Frontal,train
3685_IM-1836-1002.dcm.png,3685,Lateral,train
3686_IM-1837-0001-0001.dcm.png,3686,Frontal,train
3686_IM-1837-0001-0002.dcm.png,3686,Lateral,train
3687_IM-1838-2001.dcm.png,3687,Frontal,train
3687_IM-1838-1001.dcm.png,3687,Lateral,train
3688_IM-1839-0001-0001.dcm.png,3688,Frontal,train
3688_IM-1839-0001-0002.dcm.png,3688,Lateral,train
3689_IM-1840-1001.dcm.png,3689,Frontal,train
3689_IM-1840-2001.dcm.png,3689,Lateral,train
3690_IM-1841-1001.dcm.png,3690,Frontal,train
3690_IM-1841-2001.dcm.png,3690,Lateral,train
3691_IM-1842-1001.dcm.png,3691,Frontal,train
3691_IM-1842-3003.dcm.png,3691,Lateral,train
3692_IM-1843-1001.dcm.png,3692,Frontal,val
3692_IM-1843-2001.dcm.png,3692,Lateral,val
3693_IM-1844-1001.dcm.png,3693,Frontal,val
3693_IM-1844-1002.dcm.png,3693,Lateral,val
3694_IM-1845-1001.dcm.png,3694,Frontal,train
3694_IM-1845-2001.dcm.png,3694,Lateral,train
3695_IM-1845-1001.dcm.png,3695,Frontal,val
3695_IM-1845-2001.dcm.png,3695,Lateral,val
3696_IM-1846-1001.dcm.png,3696,Frontal,train
3696_IM-1846-1002.dcm.png,3696,Lateral,train
3697_IM-1846-1001.dcm.png,3697,Frontal,train
3697_IM-1846-2001.dcm.png,3697,Lateral,train
3698_IM-1846-1001.dcm.png,3698,Frontal,train
3698_IM-1846-2001.dcm.png,3698,Lateral,train
3699_IM-1846-1001.dcm.png,3699,Frontal,test
3699_IM-1846-1002.dcm.png,3699,Lateral,test
3700_IM-1848-1001.dcm.png,3700,Frontal,test
3701_IM-1848-1001.dcm.png,3701,Frontal,val
3701_IM-1848-2001.dcm.png,3701,Lateral,val
3702_IM-1849-22001.dcm.png,3702,Frontal,val
3702_IM-1849-23001.dcm.png,3702,Lateral,val
3703_IM-1850-1001.dcm.png,3703,Frontal,train
3703_IM-1850-2001.dcm.png,3703,Lateral,train
3704_IM-1851-1001.dcm.png,3704,Frontal,train
3704_IM-1851-2001.dcm.png,3704,Lateral,train
3705_IM-1851-1001-0001.dcm.png,3705,Frontal,train
3705_IM-1851-1001-0002.dcm.png,3705,Lateral,train
3706_IM-1851-1001.dcm.png,3706,Frontal,train
3706_IM-1851-2001.dcm.png,3706,Lateral,train
3707_IM-1851-1001.dcm.png,3707,Frontal,train
3707_IM-1851-2001.dcm.png,3707,Lateral,train
3708_IM-1852-1001.dcm.png,3708,Frontal,val
3708_IM-1852-2001.dcm.png,3708,Lateral,val
3709_IM-1852-1001.dcm.png,3709,Frontal,test
3709_IM-1852-4001.dcm.png,3709,Frontal,test
3709_IM-1852-2001.dcm.png,3709,Lateral,test
3712_IM-1854-1001.dcm.png,3712,Frontal,train
3712_IM-1854-2001.dcm.png,3712,Lateral,train
3713_IM-1855-1001.dcm.png,3713,Frontal,val
3713_IM-1855-2001.dcm.png,3713,Lateral,val
3714_IM-1856-1001.dcm.png,3714,Frontal,train
3714_IM-1856-2001.dcm.png,3714,Lateral,train
3715_IM-1856-1001.dcm.png,3715,Frontal,train
3715_IM-1856-2001.dcm.png,3715,Lateral,train
3716_IM-1856-1001.dcm.png,3716,Frontal,train
3716_IM-1856-3001.dcm.png,3716,Frontal,train
3716_IM-1856-2001.dcm.png,3716,Lateral,train
3717_IM-1856-1001.dcm.png,3717,Frontal,train
3717_IM-1856-2001.dcm.png,3717,Lateral,train
3718_IM-1856-2001.dcm.png,3718,Lateral,test
3719_IM-1857-1001.dcm.png,3719,Frontal,train
3719_IM-1857-1002.dcm.png,3719,Lateral,train
3720_IM-1859-1001.dcm.png,3720,Frontal,val
3720_IM-1859-2001.dcm.png,3720,Lateral,val
3721_IM-1859-1001.dcm.png,3721,Frontal,train
3721_IM-1859-2001.dcm.png,3721,Lateral,train
3722_IM-1859-1001.dcm.png,3722,Frontal,test
3722_IM-1859-2001.dcm.png,3722,Lateral,test
3723_IM-1860-1001.dcm.png,3723,Frontal,train
3723_IM-1860-2001.dcm.png,3723,Lateral,train
3724_IM-1860-2001.dcm.png,3724,Frontal,test
3724_IM-1860-1001.dcm.png,3724,Lateral,test
3725_IM-1861-1001.dcm.png,3725,Frontal,train
3725_IM-1861-2001.dcm.png,3725,Lateral,train
3726_IM-1862-1001.dcm.png,3726,Frontal,val
3726_IM-1862-1002.dcm.png,3726,Lateral,val
3727_IM-1863-1001.dcm.png,3727,Frontal,train
3727_IM-1863-2001.dcm.png,3727,Lateral,train
3728_IM-1864-1001.dcm.png,3728,Frontal,train
3728_IM-1864-2001.dcm.png,3728,Lateral,train
3729_IM-1864-1001.dcm.png,3729,Frontal,train
3729_IM-1864-1002.dcm.png,3729,Lateral,train
3730_IM-1864-1001.dcm.png,3730,Frontal,train
3730_IM-1864-2001.dcm.png,3730,Lateral,train
3731_IM-1865-1001.dcm.png,3731,Frontal,train
3731_IM-1865-2001.dcm.png,3731,Lateral,train
3732_IM-1866-1001.dcm.png,3732,Frontal,test
3732_IM-1866-2001.dcm.png,3732,Lateral,test
3733_IM-1866-1001.dcm.png,3733,Frontal,train
3733_IM-1866-2001.dcm.png,3733,Lateral,train
3734_IM-1866-1001.dcm.png,3734,Frontal,train
3734_IM-1866-2001.dcm.png,3734,Lateral,train
3735_IM-1866-1001.dcm.png,3735,Frontal,test
3735_IM-1866-2001.dcm.png,3735,Lateral,test
3736_IM-1866-1002.dcm.png,3736,Lateral,train
3737_IM-1867-2001.dcm.png,3737,Frontal,train
3737_IM-1867-1001.dcm.png,3737,Lateral,train
3738_IM-1867-1001.dcm.png,3738,Frontal,train
3738_IM-1867-2001.dcm.png,3738,Lateral,train
3739_IM-1868-1001.dcm.png,3739,Frontal,train
3739_IM-1868-2001.dcm.png,3739,Lateral,train
3740_IM-1868-1001.dcm.png,3740,Frontal,train
3740_IM-1868-2001.dcm.png,3740,Lateral,train
3741_IM-1869-1002001.dcm.png,3741,Frontal,test
3742_IM-1869-1002001.dcm.png,3742,Frontal,train
3742_IM-1869-1003002.dcm.png,3742,Lateral,train
3743_IM-1870-1001.dcm.png,3743,Frontal,train
3744_IM-1871-0001-0001.dcm.png,3744,Frontal,train
3744_IM-1871-0001-0002.dcm.png,3744,Lateral,train
3745_IM-1872-1001.dcm.png,3745,Frontal,train
3745_IM-1872-1002.dcm.png,3745,Lateral,train
3746_IM-1872-1001.dcm.png,3746,Frontal,test
3746_IM-1872-1002.dcm.png,3746,Lateral,test
3747_IM-1873-1001.dcm.png,3747,Frontal,train
3747_IM-1873-2001.dcm.png,3747,Lateral,train
3748_IM-1874-1001.dcm.png,3748,Frontal,train
3748_IM-1874-2001.dcm.png,3748,Lateral,train
3749_IM-1874-1001.dcm.png,3749,Frontal,train
3749_IM-1874-2001.dcm.png,3749,Lateral,train
3750_IM-1874-1001.dcm.png,3750,Frontal,train
3751_IM-1875-1001.dcm.png,3751,Frontal,train
3751_IM-1875-2001.dcm.png,3751,Lateral,train
3752_IM-1876-6001.dcm.png,3752,Frontal,train
3752_IM-1876-1001.dcm.png,3752,Lateral,train
3753_IM-1877-1001.dcm.png,3753,Frontal,train
3753_IM-1877-2001.dcm.png,3753,Lateral,train
3754_IM-1878-2001.dcm.png,3754,Frontal,train
3754_IM-1878-1001.dcm.png,3754,Lateral,train
3755_IM-1879-1001.dcm.png,3755,Frontal,val
3755_IM-1879-3001.dcm.png,3755,Lateral,val
3756_IM-1880-1001.dcm.png,3756,Frontal,val
3756_IM-1880-2001.dcm.png,3756,Lateral,val
3757_IM-1881-12012.dcm.png,3757,Frontal,train
3757_IM-1881-2001.dcm.png,3757,Lateral,train
3758_IM-1882-1001.dcm.png,3758,Frontal,train
3758_IM-1882-3001.dcm.png,3758,Lateral,train
3759_IM-1883-1001.dcm.png,3759,Frontal,test
3759_IM-1883-2001.dcm.png,3759,Lateral,test
3760_IM-1883-1001.dcm.png,3760,Frontal,train
3760_IM-1883-2001.dcm.png,3760,Lateral,train
3761_IM-1883-1001.dcm.png,3761,Frontal,train
3761_IM-1883-2001.dcm.png,3761,Lateral,train
3762_IM-1883-1001.dcm.png,3762,Frontal,train
3762_IM-1883-2001.dcm.png,3762,Lateral,train
3763_IM-1883-1001.dcm.png,3763,Frontal,train
3763_IM-1883-2001.dcm.png,3763,Lateral,train
3764_IM-1884-1001.dcm.png,3764,Frontal,train
3764_IM-1884-1002.dcm.png,3764,Lateral,train
3765_IM-1884-1001.dcm.png,3765,Frontal,train
3765_IM-1884-1002.dcm.png,3765,Lateral,train
3766_IM-1885-1001.dcm.png,3766,Frontal,test
3766_IM-1885-2001.dcm.png,3766,Lateral,test
3767_IM-1886-2001.dcm.png,3767,Frontal,test
3767_IM-1886-3001.dcm.png,3767,Lateral,test
3768_IM-1887-1001.dcm.png,3768,Frontal,train
3768_IM-1887-2001.dcm.png,3768,Lateral,train
3769_IM-1888-4001.dcm.png,3769,Frontal,train
3770_IM-1890-1001.dcm.png,3770,Frontal,train
3770_IM-1890-2001.dcm.png,3770,Lateral,train
3771_IM-1890-1001.dcm.png,3771,Frontal,train
3771_IM-1890-1002.dcm.png,3771,Lateral,train
3772_IM-1891-1001.dcm.png,3772,Frontal,train
3772_IM-1891-2001.dcm.png,3772,Lateral,train
3773_IM-1891-1001.dcm.png,3773,Frontal,train
3773_IM-1891-2001.dcm.png,3773,Lateral,train
3774_IM-1892-1001.dcm.png,3774,Frontal,test
3774_IM-1892-2001.dcm.png,3774,Lateral,test
3775_IM-1893-1001.dcm.png,3775,Frontal,train
3775_IM-1893-2001.dcm.png,3775,Lateral,train
3776_IM-1893-1001.dcm.png,3776,Frontal,train
3777_IM-1894-1001.dcm.png,3777,Frontal,train
3777_IM-1894-2001.dcm.png,3777,Lateral,train
3778_IM-1894-1001.dcm.png,3778,Frontal,train
3778_IM-1894-2001.dcm.png,3778,Lateral,train
3779_IM-1894-1001.dcm.png,3779,Frontal,test
3779_IM-1894-2001.dcm.png,3779,Lateral,test
3780_IM-1896-3003.dcm.png,3780,Frontal,test
3780_IM-1896-1001.dcm.png,3780,Lateral,test
3781_IM-1897-1001.dcm.png,3781,Frontal,train
3781_IM-1897-3001.dcm.png,3781,Lateral,train
3782_IM-1898-1001.dcm.png,3782,Frontal,train
3783_IM-1898-1001.dcm.png,3783,Frontal,train
3784_IM-1898-2001.dcm.png,3784,Frontal,train
3784_IM-1898-1001.dcm.png,3784,Lateral,train
3785_IM-1898-2001.dcm.png,3785,Frontal,val
3785_IM-1898-1001.dcm.png,3785,Lateral,val
3786_IM-1899-1001.dcm.png,3786,Lateral,train
3787_IM-1900-1001.dcm.png,3787,Frontal,val
3787_IM-1900-2001.dcm.png,3787,Lateral,val
3789_IM-1902-1001.dcm.png,3789,Frontal,test
3789_IM-1902-2001.dcm.png,3789,Lateral,test
3790_IM-1904-0001-0002.dcm.png,3790,Frontal,val
3790_IM-1904-0001-0001.dcm.png,3790,Lateral,val
3791_IM-1905-1001.dcm.png,3791,Frontal,test
3791_IM-1905-2001.dcm.png,3791,Lateral,test
3792_IM-1906-1001.dcm.png,3792,Frontal,train
3792_IM-1906-1002.dcm.png,3792,Lateral,train
3793_IM-1907-1001.dcm.png,3793,Frontal,val
3794_IM-1908-1001.dcm.png,3794,Frontal,train
3794_IM-1908-1002.dcm.png,3794,Lateral,train
3795_IM-1909-1001.dcm.png,3795,Frontal,train
3795_IM-1909-2001.dcm.png,3795,Lateral,train
3796_IM-1909-1001.dcm.png,3796,Frontal,test
3796_IM-1909-2001.dcm.png,3796,Lateral,test
3797_IM-1910-0001-0002.dcm.png,3797,Frontal,train
3797_IM-1910-0001-0001.dcm.png,3797,Lateral,train
3797_IM-1910-0001-0003.dcm.png,3797,Lateral,train
3798_IM-1911-1001.dcm.png,3798,Frontal,train
3798_IM-1911-2001.dcm.png,3798,Lateral,train
3799_IM-1911-4001.dcm.png,3799,Frontal,train
3799_IM-1911-2001.dcm.png,3799,Lateral,train
3801_IM-1912-1001.dcm.png,3801,Frontal,train
3802_IM-1912-1001-0002.dcm.png,3802,Frontal,train
3802_IM-1912-1001-0001.dcm.png,3802,Lateral,train
3803_IM-1913-3001.dcm.png,3803,Frontal,train
3803_IM-1913-2001.dcm.png,3803,Lateral,train
3804_IM-1914-1001.dcm.png,3804,Frontal,val
3804_IM-1914-2001.dcm.png,3804,Lateral,val
3805_IM-1915-1001.dcm.png,3805,Frontal,test
3806_IM-1916-2001.dcm.png,3806,Frontal,train
3806_IM-1916-4001.dcm.png,3806,Lateral,train
3807_IM-1917-1001.dcm.png,3807,Frontal,train
3807_IM-1917-2001.dcm.png,3807,Lateral,train
3808_IM-1918-1001.dcm.png,3808,Frontal,test
3808_IM-1918-1002.dcm.png,3808,Lateral,test
3809_IM-1919-1002001.dcm.png,3809,Frontal,val
3809_IM-1919-1004003.dcm.png,3809,Lateral,val
3810_IM-1920-1001.dcm.png,3810,Frontal,test
3810_IM-1920-2001.dcm.png,3810,Lateral,test
3811_IM-1921-1001.dcm.png,3811,Frontal,train
3811_IM-1921-2001.dcm.png,3811,Lateral,train
3812_IM-1922-2001.dcm.png,3812,Frontal,train
3813_IM-1922-1001.dcm.png,3813,Frontal,train
3813_IM-1922-2001.dcm.png,3813,Lateral,train
3814_IM-1923-1001.dcm.png,3814,Frontal,val
3814_IM-1923-3001.dcm.png,3814,Lateral,val
3815_IM-1924-1001.dcm.png,3815,Frontal,test
3815_IM-1924-2001.dcm.png,3815,Lateral,test
3816_IM-1925-1001.dcm.png,3816,Frontal,train
3816_IM-1925-2001.dcm.png,3816,Lateral,train
3817_IM-1925-1001.dcm.png,3817,Frontal,val
3817_IM-1925-2001.dcm.png,3817,Lateral,val
3818_IM-1925-1001.dcm.png,3818,Frontal,train
3818_IM-1925-2001.dcm.png,3818,Lateral,train
3819_IM-1926-1001.dcm.png,3819,Frontal,train
3819_IM-1926-4004.dcm.png,3819,Frontal,train
3819_IM-1926-2001.dcm.png,3819,Lateral,train
3820_IM-1928-1001.dcm.png,3820,Frontal,test
3820_IM-1928-2001.dcm.png,3820,Lateral,test
3821_IM-1929-1001.dcm.png,3821,Frontal,val
3821_IM-1929-2001.dcm.png,3821,Lateral,val
3822_IM-1930-1001.dcm.png,3822,Frontal,val
3823_IM-1930-1001.dcm.png,3823,Frontal,test
3823_IM-1930-2001.dcm.png,3823,Lateral,test
3824_IM-1931-1001.dcm.png,3824,Frontal,train
3825_IM-1931-1001.dcm.png,3825,Frontal,train
3825_IM-1931-2001.dcm.png,3825,Lateral,train
3826_IM-1932-1001.dcm.png,3826,Frontal,test
3826_IM-1932-2001.dcm.png,3826,Lateral,test
3827_IM-1932-1001.dcm.png,3827,Frontal,train
3827_IM-1932-2001.dcm.png,3827,Lateral,train
3828_IM-1932-1001.dcm.png,3828,Frontal,val
3828_IM-1932-2001.dcm.png,3828,Lateral,val
3829_IM-1932-1001.dcm.png,3829,Frontal,train
3829_IM-1932-2001.dcm.png,3829,Lateral,train
3830_IM-1933-1001.dcm.png,3830,Frontal,val
3830_IM-1933-2001.dcm.png,3830,Lateral,val
3831_IM-1934-1001.dcm.png,3831,Frontal,train
3831_IM-1934-2001.dcm.png,3831,Lateral,train
3832_IM-1935-1002001.dcm.png,3832,Frontal,train
3832_IM-1935-1003002.dcm.png,3832,Lateral,train
3833_IM-1936-1001.dcm.png,3833,Frontal,train
3833_IM-1936-2001.dcm.png,3833,Lateral,train
3834_IM-1937-1001.dcm.png,3834,Frontal,train
3835_IM-1938-3001.dcm.png,3835,Frontal,test
3835_IM-1938-4001.dcm.png,3835,Lateral,test
3836_IM-1939-1001.dcm.png,3836,Frontal,train
3836_IM-1939-2001.dcm.png,3836,Lateral,train
3837_IM-1939-1001.dcm.png,3837,Frontal,val
3837_IM-1939-2001.dcm.png,3837,Lateral,val
3838_IM-1939-2001.dcm.png,3838,Lateral,train
3839_IM-1940-1001.dcm.png,3839,Lateral,train
3840_IM-1941-2001.dcm.png,3840,Frontal,train
3840_IM-1941-1001.dcm.png,3840,Lateral,train
3841_IM-1942-1001.dcm.png,3841,Frontal,train
3841_IM-1942-1002.dcm.png,3841,Lateral,train
3842_IM-1943-1001.dcm.png,3842,Frontal,train
3842_IM-1943-3003.dcm.png,3842,Lateral,train
3843_IM-1944-1001.dcm.png,3843,Frontal,train
3843_IM-1944-2001.dcm.png,3843,Lateral,train
3843_IM-1944-3001.dcm.png,3843,Lateral,train
3844_IM-1945-1001.dcm.png,3844,Frontal,test
3844_IM-1945-2001.dcm.png,3844,Lateral,test
3845_IM-1945-1001.dcm.png,3845,Frontal,train
3845_IM-1945-2001.dcm.png,3845,Lateral,train
3846_IM-1946-1001.dcm.png,3846,Frontal,train
3846_IM-1946-3001.dcm.png,3846,Lateral,train
3847_IM-1946-1001.dcm.png,3847,Frontal,val
3847_IM-1946-1002.dcm.png,3847,Lateral,val
3848_IM-1946-1001-0001.dcm.png,3848,Frontal,test
3848_IM-1946-1001-0002.dcm.png,3848,Lateral,test
3849_IM-1947-1001.dcm.png,3849,Frontal,val
3849_IM-1947-2001.dcm.png,3849,Lateral,val
3850_IM-1948-1001.dcm.png,3850,Frontal,train
3850_IM-1948-1002.dcm.png,3850,Lateral,train
3851_IM-1948-1001.dcm.png,3851,Frontal,train
3851_IM-1948-1002.dcm.png,3851,Lateral,train
3852_IM-1949-4004.dcm.png,3852,Frontal,val
3852_IM-1949-1001.dcm.png,3852,Lateral,val
3853_IM-1950-1001.dcm.png,3853,Frontal,train
3853_IM-1950-2001.dcm.png,3853,Lateral,train
3854_IM-1950-1001.dcm.png,3854,Frontal,train
3854_IM-1950-2001.dcm.png,3854,Lateral,train
3855_IM-1950-1001.dcm.png,3855,Frontal,train
3855_IM-1950-2001.dcm.png,3855,Lateral,train
3856_IM-1951-1001.dcm.png,3856,Frontal,train
3856_IM-1951-2001.dcm.png,3856,Lateral,train
3857_IM-1952-1001.dcm.png,3857,Frontal,train
3858_IM-1953-4004.dcm.png,3858,Frontal,train
3858_IM-1953-1001.dcm.png,3858,Lateral,train
3858_IM-1953-2001.dcm.png,3858,Lateral,train
3860_IM-1954-2001.dcm.png,3860,Frontal,train
3860_IM-1954-1001.dcm.png,3860,Lateral,train
3861_IM-1955-1001.dcm.png,3861,Frontal,train
3861_IM-1955-2001.dcm.png,3861,Lateral,train
3862_IM-1956-2001.dcm.png,3862,Frontal,val
3862_IM-1956-1001.dcm.png,3862,Lateral,val
3863_IM-1957-1001.dcm.png,3863,Frontal,train
3863_IM-1957-2001.dcm.png,3863,Lateral,train
3865_IM-1958-1001.dcm.png,3865,Frontal,train
3865_IM-1958-1002.dcm.png,3865,Lateral,train
3866_IM-1959-0001-0001.dcm.png,3866,Frontal,val
3866_IM-1959-0001-0002.dcm.png,3866,Lateral,val
3867_IM-1960-1001.dcm.png,3867,Frontal,train
3867_IM-1960-2001.dcm.png,3867,Lateral,train
3868_IM-1961-1001.dcm.png,3868,Frontal,train
3868_IM-1961-1002.dcm.png,3868,Lateral,train
3869_IM-1962-1001.dcm.png,3869,Frontal,train
3869_IM-1962-2001.dcm.png,3869,Lateral,train
3870_IM-1963-4001.dcm.png,3870,Frontal,train
3870_IM-1963-1001.dcm.png,3870,Lateral,train
3871_IM-1964-1001.dcm.png,3871,Frontal,train
3871_IM-1964-2001.dcm.png,3871,Lateral,train
3872_IM-1964-1001.dcm.png,3872,Frontal,train
3872_IM-1964-2001.dcm.png,3872,Lateral,train
3873_IM-1965-1001.dcm.png,3873,Frontal,test
3873_IM-1965-3001.dcm.png,3873,Lateral,test
3874_IM-1966-1001.dcm.png,3874,Frontal,train
3874_IM-1966-2001.dcm.png,3874,Lateral,train
3875_IM-1967-1001.dcm.png,3875,Frontal,val
3876_IM-1967-1001.dcm.png,3876,Frontal,train
3876_IM-1967-2001.dcm.png,3876,Lateral,train
3877_IM-1967-1001.dcm.png,3877,Frontal,train
3877_IM-1967-1002.dcm.png,3877,Lateral,train
3878_IM-1968-1001.dcm.png,3878,Frontal,train
3878_IM-1968-2001.dcm.png,3878,Lateral,train
3879_IM-1968-1001.dcm.png,3879,Frontal,val
3879_IM-1968-2001.dcm.png,3879,Lateral,val
3880_IM-1968-1001.dcm.png,3880,Frontal,val
3880_IM-1968-2001.dcm.png,3880,Lateral,val
3881_IM-1969-1001.dcm.png,3881,Frontal,train
3881_IM-1969-3001.dcm.png,3881,Lateral,train
3882_IM-1970-1001.dcm.png,3882,Frontal,train
3882_IM-1970-2001.dcm.png,3882,Lateral,train
3883_IM-1971-1001.dcm.png,3883,Frontal,val
3883_IM-1971-12012.dcm.png,3883,Lateral,val
3884_IM-1971-1001.dcm.png,3884,Frontal,train
3884_IM-1971-2001.dcm.png,3884,Lateral,train
3885_IM-1971-1001.dcm.png,3885,Frontal,test
3885_IM-1971-2001.dcm.png,3885,Lateral,test
3886_IM-1971-1001.dcm.png,3886,Frontal,train
3886_IM-1971-2001.dcm.png,3886,Lateral,train
3887_IM-1972-1001.dcm.png,3887,Frontal,train
3887_IM-1972-2001.dcm.png,3887,Lateral,train
3888_IM-1972-2001.dcm.png,3888,Frontal,val
3889_IM-1973-1001.dcm.png,3889,Frontal,train
3889_IM-1973-2001.dcm.png,3889,Lateral,train
3890_IM-1973-1001.dcm.png,3890,Frontal,train
3890_IM-1973-2001.dcm.png,3890,Lateral,train
3891_IM-1973-1001.dcm.png,3891,Frontal,train
3891_IM-1973-2001.dcm.png,3891,Lateral,train
3892_IM-1974-0001-0001.dcm.png,3892,Frontal,train
3892_IM-1974-0001-0002.dcm.png,3892,Lateral,train
3893_IM-1975-3001.dcm.png,3893,Frontal,train
3893_IM-1975-2001.dcm.png,3893,Lateral,train
3894_IM-1976-1001.dcm.png,3894,Frontal,train
3894_IM-1976-1002.dcm.png,3894,Lateral,train
3895_IM-1977-1001.dcm.png,3895,Frontal,train
3895_IM-1977-2001.dcm.png,3895,Lateral,train
3896_IM-1977-2001.dcm.png,3896,Lateral,train
3897_IM-1978-1001.dcm.png,3897,Frontal,train
3897_IM-1978-2001.dcm.png,3897,Lateral,train
3898_IM-1978-1001.dcm.png,3898,Frontal,test
3898_IM-1978-3001.dcm.png,3898,Lateral,test
3899_IM-1978-1001.dcm.png,3899,Frontal,train
3900_IM-1980-1001.dcm.png,3900,Frontal,val
3900_IM-1980-2001.dcm.png,3900,Lateral,val
3901_IM-1980-1001.dcm.png,3901,Frontal,train
3901_IM-1980-2001.dcm.png,3901,Lateral,train
3902_IM-1981-1001.dcm.png,3902,Frontal,train
3902_IM-1981-2001.dcm.png,3902,Lateral,train
3903_IM-1982-1001.dcm.png,3903,Frontal,test
3903_IM-1982-2001.dcm.png,3903,Lateral,test
3904_IM-1983-1001.dcm.png,3904,Frontal,test
3904_IM-1983-2001.dcm.png,3904,Lateral,test
3905_IM-1984-1001.dcm.png,3905,Frontal,val
3905_IM-1984-2001.dcm.png,3905,Lateral,val
3906_IM-1984-2001.dcm.png,3906,Lateral,val
3907_IM-1985-1001.dcm.png,3907,Frontal,train
3908_IM-1985-1001.dcm.png,3908,Frontal,train
3908_IM-1985-2001.dcm.png,3908,Lateral,train
3909_IM-1986-1001.dcm.png,3909,Frontal,train
3909_IM-1986-2001.dcm.png,3909,Lateral,train
3910_IM-1987-1001.dcm.png,3910,Frontal,train
3910_IM-1987-2001.dcm.png,3910,Lateral,train
3911_IM-1987-1001.dcm.png,3911,Frontal,train
3911_IM-1987-2001.dcm.png,3911,Lateral,train
3912_IM-1988-2001-0001.dcm.png,3912,Frontal,train
3912_IM-1988-2001-0002.dcm.png,3912,Frontal,train
3912_IM-1988-1001.dcm.png,3912,Lateral,train
3913_IM-1989-84584001.dcm.png,3913,Frontal,train
3913_IM-1989-84584002.dcm.png,3913,Lateral,train
3914_IM-1990-3001.dcm.png,3914,Lateral,train
3915_IM-1990-1001.dcm.png,3915,Frontal,train
3915_IM-1990-2001.dcm.png,3915,Lateral,train
3916_IM-1991-1001.dcm.png,3916,Frontal,train
3916_IM-1991-2001.dcm.png,3916,Lateral,train
3917_IM-1992-1001.dcm.png,3917,Frontal,train
3917_IM-1992-2001.dcm.png,3917,Lateral,train
3918_IM-1992-1001.dcm.png,3918,Frontal,train
3918_IM-1992-2001.dcm.png,3918,Lateral,train
3919_IM-1992-1001.dcm.png,3919,Frontal,train
3919_IM-1992-1002.dcm.png,3919,Lateral,train
3921_IM-1995-2001.dcm.png,3921,Frontal,train
3921_IM-1995-1001.dcm.png,3921,Lateral,train
3922_IM-1996-0001-0002.dcm.png,3922,Frontal,train
3922_IM-1996-0001-0001.dcm.png,3922,Lateral,train
3923_IM-1997-2002.dcm.png,3923,Frontal,train
3923_IM-1997-3003.dcm.png,3923,Lateral,train
3924_IM-1998-2001.dcm.png,3924,Lateral,test
3925_IM-1999-1002001.dcm.png,3925,Frontal,train
3925_IM-1999-1003002.dcm.png,3925,Frontal,train
3925_IM-1999-1004003.dcm.png,3925,Lateral,train
3926_IM-2000-4004.dcm.png,3926,Frontal,train
3926_IM-2000-2001.dcm.png,3926,Lateral,train
3927_IM-2000-1001.dcm.png,3927,Frontal,train
3927_IM-2000-2001.dcm.png,3927,Lateral,train
3928_IM-2000-1001.dcm.png,3928,Frontal,train
3928_IM-2000-2001.dcm.png,3928,Lateral,train
3929_IM-2001-0001-0001.dcm.png,3929,Lateral,train
3929_IM-2001-0001-0003.dcm.png,3929,Lateral,train
3930_IM-2003-1001.dcm.png,3930,Frontal,train
3930_IM-2003-2001.dcm.png,3930,Lateral,train
3930_IM-2003-3001.dcm.png,3930,Lateral,train
3931_IM-2003-3001.dcm.png,3931,Frontal,train
3931_IM-2003-1001.dcm.png,3931,Lateral,train
3932_IM-2004-1002.dcm.png,3932,Frontal,train
3932_IM-2004-1003.dcm.png,3932,Frontal,train
3932_IM-2004-1005.dcm.png,3932,Frontal,train
3932_IM-2004-1004.dcm.png,3932,Lateral,train
3933_IM-2004-1001.dcm.png,3933,Frontal,train
3933_IM-2004-2001.dcm.png,3933,Lateral,train
3934_IM-2005-0001.dcm.png,3934,Frontal,train
3934_IM-2005-2001.dcm.png,3934,Lateral,train
3935_IM-2006-1001.dcm.png,3935,Frontal,train
3935_IM-2006-2001.dcm.png,3935,Lateral,train
3936_IM-2007-1001.dcm.png,3936,Frontal,train
3936_IM-2007-3001.dcm.png,3936,Lateral,train
3937_IM-2008-1001.dcm.png,3937,Frontal,train
3937_IM-2008-2001.dcm.png,3937,Lateral,train
3938_IM-2009-1001.dcm.png,3938,Frontal,train
3938_IM-2009-3001.dcm.png,3938,Lateral,train
3939_IM-2010-1001.dcm.png,3939,Frontal,val
3939_IM-2010-1002.dcm.png,3939,Lateral,val
3940_IM-2011-1001.dcm.png,3940,Frontal,train
3940_IM-2011-2001.dcm.png,3940,Lateral,train
3941_IM-2012-0001-0002.dcm.png,3941,Frontal,train
3941_IM-2012-0001-0001.dcm.png,3941,Lateral,train
3942_IM-2013-1001.dcm.png,3942,Frontal,train
3942_IM-2013-2001.dcm.png,3942,Lateral,train
3943_IM-2013-1001.dcm.png,3943,Frontal,train
3944_IM-2014-1001.dcm.png,3944,Frontal,train
3944_IM-2014-2001.dcm.png,3944,Lateral,train
3945_IM-2014-1001.dcm.png,3945,Frontal,train
3945_IM-2014-2001.dcm.png,3945,Lateral,train
3946_IM-2015-1001.dcm.png,3946,Frontal,train
3946_IM-2015-2001.dcm.png,3946,Lateral,train
3947_IM-2016-1001.dcm.png,3947,Frontal,train
3947_IM-2016-2001.dcm.png,3947,Lateral,train
3948_IM-2017-1001.dcm.png,3948,Frontal,train
3948_IM-2017-1002.dcm.png,3948,Lateral,train
3949_IM-2018-4004.dcm.png,3949,Frontal,train
3949_IM-2018-2001.dcm.png,3949,Lateral,train
3950_IM-2019-1002.dcm.png,3950,Lateral,train
3951_IM-2019-1001.dcm.png,3951,Frontal,val
3951_IM-2019-2001.dcm.png,3951,Lateral,val
3952_IM-2020-1001.dcm.png,3952,Frontal,test
3952_IM-2020-2001.dcm.png,3952,Lateral,test
3953_IM-2021-1001.dcm.png,3953,Frontal,val
3953_IM-2021-1002.dcm.png,3953,Lateral,val
3954_IM-2021-1001.dcm.png,3954,Frontal,train
3954_IM-2021-1002.dcm.png,3954,Lateral,train
3955_IM-2021-1001.dcm.png,3955,Frontal,test
3955_IM-2021-1003.dcm.png,3955,Frontal,test
3955_IM-2021-1002.dcm.png,3955,Lateral,test
3956_IM-2021-1001.dcm.png,3956,Frontal,val
3956_IM-2021-2001.dcm.png,3956,Lateral,val
3957_IM-2022-1001.dcm.png,3957,Frontal,test
3957_IM-2022-2001.dcm.png,3957,Lateral,test
3958_IM-2022-1001.dcm.png,3958,Frontal,test
3958_IM-2022-2001.dcm.png,3958,Lateral,test
3959_IM-2023-1001.dcm.png,3959,Frontal,train
3959_IM-2023-3001.dcm.png,3959,Lateral,train
3960_IM-2025-1002.dcm.png,3960,Frontal,val
3960_IM-2025-1001.dcm.png,3960,Lateral,val
3961_IM-2026-1001.dcm.png,3961,Frontal,test
3961_IM-2026-2001.dcm.png,3961,Lateral,test
3962_IM-2027-1001.dcm.png,3962,Frontal,test
3962_IM-2027-2001.dcm.png,3962,Lateral,test
3963_IM-2028-2001.dcm.png,3963,Lateral,train
3964_IM-2028-1001.dcm.png,3964,Frontal,train
3964_IM-2028-2002.dcm.png,3964,Lateral,train
3965_IM-2028-1001-0001.dcm.png,3965,Frontal,train
3965_IM-2028-1001-0002.dcm.png,3965,Frontal,train
3965_IM-2028-3001.dcm.png,3965,Frontal,train
3965_IM-2028-2001.dcm.png,3965,Lateral,train
3966_IM-2028-1001.dcm.png,3966,Frontal,val
3966_IM-2028-2001.dcm.png,3966,Lateral,val
3967_IM-2028-1001.dcm.png,3967,Frontal,train
3967_IM-2028-2001.dcm.png,3967,Lateral,train
3968_IM-2029-1001.dcm.png,3968,Frontal,val
3968_IM-2029-3001.dcm.png,3968,Frontal,val
3968_IM-2029-2001.dcm.png,3968,Lateral,val
3969_IM-2030-1001.dcm.png,3969,Frontal,train
3969_IM-2030-2001.dcm.png,3969,Lateral,train
3970_IM-2031-1001.dcm.png,3970,Frontal,train
3970_IM-2031-2001.dcm.png,3970,Lateral,train
3971_IM-2031-1001.dcm.png,3971,Frontal,train
3971_IM-2031-3001.dcm.png,3971,Frontal,train
3971_IM-2031-2001.dcm.png,3971,Lateral,train
3972_IM-2032-1001.dcm.png,3972,Frontal,val
3972_IM-2032-2001.dcm.png,3972,Lateral,val
3973_IM-2033-1001.dcm.png,3973,Frontal,val
3974_IM-2034-2002.dcm.png,3974,Frontal,train
3974_IM-2034-3003.dcm.png,3974,Lateral,train
3975_IM-2035-1001.dcm.png,3975,Frontal,train
3975_IM-2035-2001.dcm.png,3975,Lateral,train
3976_IM-2035-1001.dcm.png,3976,Frontal,val
3976_IM-2035-2001.dcm.png,3976,Lateral,val
3977_IM-2036-1001.dcm.png,3977,Frontal,train
3977_IM-2036-2001.dcm.png,3977,Lateral,train
3978_IM-2037-0001-0001.dcm.png,3978,Frontal,train
3978_IM-2037-0001-0002.dcm.png,3978,Lateral,train
3979_IM-2038-1001.dcm.png,3979,Frontal,test
3979_IM-2038-2001.dcm.png,3979,Lateral,test
3980_IM-2039-1001.dcm.png,3980,Frontal,val
3980_IM-2039-2001.dcm.png,3980,Lateral,val
3981_IM-2039-1001.dcm.png,3981,Frontal,train
3981_IM-2039-2001.dcm.png,3981,Lateral,train
3982_IM-2039-1001.dcm.png,3982,Frontal,val
3982_IM-2039-2001.dcm.png,3982,Lateral,val
3983_IM-2039-1001.dcm.png,3983,Frontal,train
3983_IM-2039-2001.dcm.png,3983,Lateral,train
3984_IM-2040-1001.dcm.png,3984,Frontal,train
3984_IM-2040-3003.dcm.png,3984,Lateral,train
3985_IM-2041-1001.dcm.png,3985,Frontal,test
3985_IM-2041-2001.dcm.png,3985,Lateral,test
3986_IM-2041-1001.dcm.png,3986,Frontal,test
3986_IM-2041-3001.dcm.png,3986,Frontal,test
3986_IM-2041-2001.dcm.png,3986,Lateral,test
3987_IM-2041-1001.dcm.png,3987,Frontal,test
3987_IM-2041-2001.dcm.png,3987,Lateral,test
3988_IM-2041-1001.dcm.png,3988,Frontal,train
3988_IM-2041-2001.dcm.png,3988,Lateral,train
3989_IM-2042-1001.dcm.png,3989,Frontal,train
3989_IM-2042-2001.dcm.png,3989,Lateral,train
3991_IM-2044-1001.dcm.png,3991,Frontal,test
3991_IM-2044-2001.dcm.png,3991,Lateral,test
3992_IM-2044-1001.dcm.png,3992,Frontal,train
3992_IM-2044-2001.dcm.png,3992,Lateral,train
3993_IM-2044-1001.dcm.png,3993,Frontal,train
3993_IM-2044-1002.dcm.png,3993,Lateral,train
3994_IM-2045-2001.dcm.png,3994,Frontal,train
3994_IM-2045-1001.dcm.png,3994,Lateral,train
3995_IM-2046-1001.dcm.png,3995,Frontal,test
3995_IM-2046-2001.dcm.png,3995,Lateral,test
3996_IM-2047-1001.dcm.png,3996,Frontal,train
3996_IM-2047-3001.dcm.png,3996,Lateral,train
3997_IM-2048-1001.dcm.png,3997,Frontal,train
3997_IM-2048-1002.dcm.png,3997,Lateral,train
3998_IM-2048-1001.dcm.png,3998,Frontal,test
3998_IM-2048-1002.dcm.png,3998,Lateral,test
3999_IM-2049-1001.dcm.png,3999,Frontal,train
3999_IM-2049-2001.dcm.png,3999,Lateral,train
