uid,split,stratum,n_images,n_frontal,n_lateral,section_status,has_any_text,retrieval_corpus_eligible
1,train,normal,2,1,1,both,True,True
2,train,not_normal,2,1,1,both,True,True
3,train,normal,2,1,1,impression_only,True,True
4,test,not_normal,2,1,1,both,True,False
5,train,not_normal,2,1,1,both,True,True
6,train,normal,2,1,1,both,True,True
7,train,not_normal,2,1,1,both,True,True
8,train,normal,2,1,1,both,True,True
9,train,not_normal,2,1,1,both,True,True
10,test,not_normal,2,1,1,both,True,False
11,train,normal,2,1,1,both,True,True
12,train,normal,2,1,1,both,True,True
13,test,not_normal,2,1,1,both,True,False
14,train,not_normal,2,1,1,both,True,True
15,train,not_normal,2,1,1,both,True,True
16,train,normal,2,1,1,neither,False,False
17,test,normal,2,1,1,both,True,False
18,test,not_normal,2,1,1,both,True,False
19,train,not_normal,2,1,1,both,True,True
20,val,normal,2,1,1,both,True,False
21,train,not_normal,2,1,1,impression_only,True,True
22,train,normal,2,1,1,both,True,True
23,val,normal,2,1,1,both,True,False
24,train,normal,2,1,1,both,True,True
25,train,not_normal,2,1,1,both,True,True
26,train,not_normal,2,1,1,both,True,True
27,train,not_normal,2,1,1,both,True,True
28,train,not_normal,2,1,1,both,True,True
29,train,not_normal,2,1,1,impression_only,True,True
30,test,normal,2,1,1,both,True,False
31,train,not_normal,2,1,1,impression_only,True,True
32,val,not_normal,2,1,1,both,True,False
33,val,not_normal,2,1,1,both,True,False
34,train,normal,2,1,1,both,True,True
35,train,not_normal,2,1,1,both,True,True
36,train,normal,2,1,1,both,True,True
37,train,not_normal,2,1,1,both,True,True
38,train,normal,2,1,1,both,True,True
39,test,not_normal,2,1,1,both,True,False
40,train,not_normal,2,1,1,both,True,True
41,train,not_normal,2,1,1,both,True,True
42,train,normal,3,1,2,both,True,True
43,test,not_normal,2,1,1,both,True,False
44,train,normal,1,1,0,both,True,True
45,test,not_normal,1,1,0,both,True,False
46,train,normal,2,1,1,impression_only,True,True
47,train,not_normal,2,1,1,impression_only,True,True
48,train,not_normal,2,1,1,both,True,True
49,train,not_normal,2,1,1,both,True,True
50,val,not_normal,2,1,1,both,True,False
51,train,not_normal,2,1,1,both,True,True
52,train,normal,2,1,1,both,True,True
53,train,not_normal,2,1,1,both,True,True
54,val,not_normal,2,1,1,both,True,False
55,train,not_normal,2,1,1,both,True,True
56,test,normal,2,1,1,both,True,False
57,train,not_normal,2,1,1,both,True,True
58,train,not_normal,2,1,1,both,True,True
59,train,not_normal,2,1,1,both,True,True
60,train,not_normal,1,1,0,both,True,True
61,val,not_normal,2,1,1,impression_only,True,False
62,train,not_normal,3,2,1,both,True,True
63,train,not_normal,2,1,1,both,True,True
64,train,not_normal,2,1,1,both,True,True
65,train,normal,2,1,1,both,True,True
66,val,normal,2,1,1,both,True,False
67,train,not_normal,2,1,1,both,True,True
68,test,normal,1,1,0,impression_only,True,False
69,train,normal,2,1,1,both,True,True
70,val,not_normal,2,1,1,both,True,False
71,train,normal,1,1,0,both,True,True
72,val,normal,2,1,1,both,True,False
73,val,not_normal,1,1,0,impression_only,True,False
74,test,not_normal,1,0,1,both,True,False
75,train,not_normal,2,1,1,both,True,True
76,train,not_normal,2,1,1,both,True,True
77,train,not_normal,3,1,2,impression_only,True,True
78,val,not_normal,3,2,1,impression_only,True,False
79,train,normal,2,1,1,both,True,True
80,val,normal,3,2,1,both,True,False
81,train,normal,1,0,1,both,True,True
82,train,not_normal,2,1,1,both,True,True
83,train,normal,2,1,1,impression_only,True,True
84,train,not_normal,2,1,1,both,True,True
85,train,not_normal,2,1,1,both,True,True
86,test,normal,3,2,1,both,True,False
87,test,normal,2,1,1,both,True,False
88,val,not_normal,1,0,1,both,True,False
89,train,normal,2,1,1,both,True,True
90,train,not_normal,2,1,1,both,True,True
91,train,not_normal,1,1,0,both,True,True
92,val,not_normal,2,1,1,impression_only,True,False
93,train,not_normal,2,1,1,both,True,True
94,train,normal,2,1,1,both,True,True
95,test,not_normal,2,1,1,both,True,False
96,train,normal,2,1,1,both,True,True
97,train,not_normal,2,1,1,both,True,True
98,train,not_normal,2,1,1,both,True,True
99,train,not_normal,2,1,1,both,True,True
100,train,normal,2,1,1,both,True,True
101,test,not_normal,2,1,1,both,True,False
102,train,not_normal,2,1,1,both,True,True
103,train,not_normal,2,1,1,both,True,True
104,test,not_normal,1,0,1,both,True,False
105,test,not_normal,2,1,1,both,True,False
106,train,normal,2,1,1,both,True,True
107,train,normal,2,1,1,both,True,True
108,test,not_normal,2,1,1,both,True,False
110,test,normal,2,1,1,both,True,False
111,train,not_normal,2,1,1,impression_only,True,True
112,train,not_normal,2,1,1,both,True,True
113,val,not_normal,3,2,1,both,True,False
114,train,normal,2,1,1,both,True,True
115,train,not_normal,2,1,1,both,True,True
116,val,not_normal,2,1,1,both,True,False
117,val,normal,2,1,1,impression_only,True,False
118,train,not_normal,2,1,1,both,True,True
119,train,normal,1,1,0,both,True,True
120,val,not_normal,2,1,1,both,True,False
121,test,normal,2,1,1,both,True,False
122,val,not_normal,2,1,1,impression_only,True,False
123,train,not_normal,2,1,1,both,True,True
124,train,not_normal,2,1,1,impression_only,True,True
125,train,not_normal,2,1,1,both,True,True
126,train,not_normal,1,1,0,both,True,True
127,train,not_normal,2,1,1,both,True,True
128,val,not_normal,2,1,1,both,True,False
129,train,normal,2,1,1,both,True,True
130,test,not_normal,1,0,1,both,True,False
131,train,not_normal,2,1,1,both,True,True
132,test,not_normal,1,1,0,both,True,False
133,train,normal,3,1,2,both,True,True
134,test,not_normal,1,1,0,both,True,False
135,train,normal,2,1,1,both,True,True
136,train,normal,2,1,1,both,True,True
137,val,not_normal,1,0,1,impression_only,True,False
138,train,normal,2,1,1,both,True,True
139,train,not_normal,2,1,1,both,True,True
141,test,normal,2,1,1,both,True,False
142,train,normal,2,1,1,both,True,True
143,test,not_normal,2,1,1,both,True,False
144,val,not_normal,1,1,0,both,True,False
145,train,not_normal,2,1,1,both,True,True
146,train,not_normal,3,1,2,impression_only,True,True
147,train,normal,1,1,0,both,True,True
149,test,normal,2,1,1,impression_only,True,False
150,test,not_normal,2,1,1,both,True,False
151,train,not_normal,2,1,1,both,True,True
152,val,not_normal,2,1,1,both,True,False
153,train,not_normal,2,1,1,both,True,True
154,test,normal,2,1,1,both,True,False
155,train,not_normal,2,1,1,impression_only,True,True
157,train,normal,1,1,0,both,True,True
158,train,normal,2,1,1,both,True,True
159,train,not_normal,2,1,1,both,True,True
160,val,not_normal,2,1,1,both,True,False
161,train,not_normal,2,1,1,both,True,True
162,train,normal,2,1,1,both,True,True
163,train,not_normal,3,2,1,both,True,True
164,train,normal,2,1,1,both,True,True
165,train,not_normal,2,1,1,both,True,True
166,train,not_normal,2,1,1,both,True,True
167,train,not_normal,2,1,1,both,True,True
168,train,not_normal,2,1,1,both,True,True
169,train,normal,2,1,1,both,True,True
170,train,not_normal,3,1,2,impression_only,True,True
171,train,normal,2,1,1,impression_only,True,True
172,train,not_normal,2,1,1,both,True,True
173,train,not_normal,2,1,1,both,True,True
174,train,not_normal,2,1,1,both,True,True
175,train,not_normal,1,1,0,both,True,True
176,train,normal,2,1,1,both,True,True
177,train,not_normal,2,1,1,both,True,True
178,train,not_normal,1,1,0,both,True,True
179,train,not_normal,2,1,1,both,True,True
181,train,not_normal,2,1,1,both,True,True
182,train,not_normal,2,1,1,both,True,True
183,test,not_normal,2,1,1,both,True,False
184,train,not_normal,2,1,1,both,True,True
185,train,not_normal,2,1,1,both,True,True
186,test,normal,2,1,1,both,True,False
187,val,not_normal,2,1,1,both,True,False
188,val,not_normal,2,1,1,impression_only,True,False
189,val,not_normal,2,1,1,both,True,False
190,train,normal,2,1,1,both,True,True
191,train,normal,2,1,1,both,True,True
192,val,not_normal,2,1,1,both,True,False
193,val,not_normal,2,1,1,both,True,False
194,train,not_normal,2,1,1,both,True,True
195,val,normal,2,1,1,both,True,False
196,train,normal,1,1,0,both,True,True
197,val,not_normal,2,1,1,both,True,False
198,train,not_normal,1,0,1,both,True,True
200,train,normal,2,1,1,both,True,True
201,train,not_normal,2,1,1,both,True,True
202,test,not_normal,2,1,1,both,True,False
203,test,normal,1,1,0,both,True,False
204,train,normal,1,1,0,both,True,True
205,test,not_normal,2,1,1,impression_only,True,False
206,train,not_normal,1,1,0,both,True,True
207,train,normal,2,1,1,both,True,True
208,test,normal,2,1,1,both,True,False
209,val,not_normal,2,1,1,impression_only,True,False
210,val,not_normal,3,2,1,both,True,False
211,train,normal,2,1,1,both,True,True
212,train,not_normal,3,2,1,both,True,True
214,train,not_normal,1,0,1,impression_only,True,True
215,train,not_normal,2,1,1,both,True,True
216,train,not_normal,1,1,0,both,True,True
217,train,normal,2,1,1,impression_only,True,True
218,val,not_normal,2,1,1,both,True,False
219,test,normal,2,1,1,both,True,False
220,val,not_normal,3,1,2,both,True,False
221,train,not_normal,2,1,1,both,True,True
222,val,normal,2,1,1,both,True,False
223,train,not_normal,2,1,1,both,True,True
224,train,normal,2,1,1,both,True,True
225,train,normal,2,1,1,both,True,True
226,train,normal,2,1,1,both,True,True
227,train,not_normal,3,2,1,both,True,True
228,test,not_normal,2,1,1,both,True,False
229,val,not_normal,2,1,1,both,True,False
230,train,not_normal,2,1,1,impression_only,True,True
233,train,not_normal,3,1,2,both,True,True
234,train,normal,2,1,1,both,True,True
235,test,not_normal,1,0,1,both,True,False
236,train,normal,2,1,1,both,True,True
237,train,not_normal,2,1,1,both,True,True
238,train,normal,2,1,1,both,True,True
239,val,normal,2,1,1,impression_only,True,False
240,train,not_normal,1,1,0,both,True,True
241,train,normal,1,1,0,both,True,True
242,test,normal,2,1,1,both,True,False
243,train,normal,1,1,0,impression_only,True,True
244,train,normal,1,1,0,both,True,True
245,test,not_normal,2,1,1,both,True,False
246,train,normal,2,1,1,both,True,True
247,train,normal,2,1,1,both,True,True
248,train,not_normal,2,1,1,both,True,True
249,val,not_normal,2,1,1,both,True,False
250,train,not_normal,2,1,1,both,True,True
251,val,not_normal,3,2,1,both,True,False
252,train,normal,2,1,1,both,True,True
253,train,not_normal,2,1,1,both,True,True
254,train,not_normal,2,1,1,both,True,True
255,train,normal,2,1,1,both,True,True
256,train,not_normal,2,1,1,both,True,True
257,test,not_normal,2,1,1,both,True,False
258,train,not_normal,2,1,1,both,True,True
259,train,normal,2,1,1,both,True,True
260,train,not_normal,2,1,1,both,True,True
261,train,normal,3,2,1,both,True,True
262,train,normal,1,1,0,both,True,True
263,train,normal,1,0,1,both,True,True
264,train,normal,2,1,1,both,True,True
266,val,not_normal,2,1,1,both,True,False
267,train,not_normal,2,1,1,both,True,True
268,val,not_normal,2,1,1,both,True,False
269,train,normal,2,1,1,both,True,True
270,train,normal,2,1,1,both,True,True
271,test,normal,2,1,1,both,True,False
272,train,normal,2,1,1,both,True,True
273,test,not_normal,2,1,1,both,True,False
274,train,not_normal,2,1,1,both,True,True
275,train,normal,2,1,1,both,True,True
276,train,normal,2,1,1,both,True,True
277,train,not_normal,2,1,1,both,True,True
278,val,not_normal,2,1,1,both,True,False
279,train,normal,2,1,1,both,True,True
280,test,not_normal,2,1,1,both,True,False
281,train,normal,1,0,1,both,True,True
282,train,normal,3,1,2,both,True,True
283,test,normal,2,1,1,both,True,False
284,train,normal,2,1,1,both,True,True
285,test,not_normal,2,1,1,impression_only,True,False
286,train,not_normal,2,1,1,both,True,True
287,train,normal,2,1,1,both,True,True
288,test,not_normal,2,1,1,both,True,False
289,train,not_normal,2,1,1,both,True,True
290,val,not_normal,2,1,1,both,True,False
291,train,normal,2,1,1,both,True,True
292,train,not_normal,2,1,1,both,True,True
293,train,not_normal,1,1,0,both,True,True
294,val,not_normal,2,1,1,both,True,False
295,train,not_normal,2,1,1,both,True,True
296,train,not_normal,2,1,1,impression_only,True,True
297,val,not_normal,2,1,1,both,True,False
298,val,normal,2,1,1,both,True,False
299,train,not_normal,2,1,1,both,True,True
300,test,not_normal,2,1,1,both,True,False
301,test,normal,2,1,1,both,True,False
302,test,not_normal,1,1,0,both,True,False
303,train,not_normal,1,1,0,both,True,True
304,train,not_normal,3,2,1,both,True,True
305,train,not_normal,1,0,1,both,True,True
306,train,normal,2,1,1,both,True,True
307,train,normal,2,1,1,both,True,True
308,train,not_normal,2,1,1,both,True,True
309,train,normal,2,1,1,both,True,True
310,val,normal,2,1,1,both,True,False
312,train,not_normal,2,1,1,both,True,True
313,train,not_normal,1,1,0,both,True,True
314,train,not_normal,2,1,1,both,True,True
315,train,not_normal,2,1,1,impression_only,True,True
316,val,not_normal,2,1,1,impression_only,True,False
317,val,normal,2,1,1,both,True,False
318,train,normal,2,1,1,both,True,True
319,test,normal,2,1,1,both,True,False
320,train,normal,2,1,1,impression_only,True,True
321,train,not_normal,2,1,1,both,True,True
322,train,not_normal,2,1,1,both,True,True
323,train,not_normal,2,1,1,both,True,True
324,train,normal,2,1,1,both,True,True
325,val,normal,2,1,1,both,True,False
326,train,normal,2,1,1,findings_only,True,True
327,train,not_normal,2,1,1,both,True,True
328,train,normal,2,1,1,both,True,True
329,test,not_normal,2,1,1,both,True,False
330,train,normal,2,1,1,both,True,True
331,train,normal,2,1,1,both,True,True
332,val,not_normal,2,1,1,both,True,False
333,train,not_normal,2,1,1,both,True,True
334,train,not_normal,1,1,0,impression_only,True,True
335,val,not_normal,3,1,2,both,True,False
336,train,normal,2,1,1,both,True,True
337,val,not_normal,2,1,1,both,True,False
338,val,normal,2,1,1,both,True,False
339,train,normal,2,1,1,impression_only,True,True
340,train,not_normal,2,1,1,both,True,True
341,train,normal,2,1,1,both,True,True
342,train,not_normal,2,1,1,both,True,True
343,train,not_normal,2,1,1,both,True,True
344,test,normal,2,1,1,both,True,False
345,train,normal,2,1,1,both,True,True
346,train,normal,3,2,1,both,True,True
347,train,not_normal,2,1,1,both,True,True
348,train,normal,2,1,1,both,True,True
349,test,not_normal,2,1,1,both,True,False
350,train,not_normal,2,1,1,both,True,True
351,train,not_normal,2,1,1,both,True,True
352,train,not_normal,2,1,1,both,True,True
353,train,not_normal,2,1,1,both,True,True
354,train,normal,2,1,1,both,True,True
355,train,not_normal,2,1,1,both,True,True
356,train,normal,2,1,1,both,True,True
357,train,not_normal,2,1,1,both,True,True
358,train,normal,2,1,1,both,True,True
359,test,normal,2,1,1,both,True,False
360,test,normal,2,1,1,impression_only,True,False
361,test,normal,2,1,1,both,True,False
362,test,normal,2,1,1,impression_only,True,False
363,train,normal,2,1,1,both,True,True
364,train,normal,2,1,1,both,True,True
365,train,normal,2,1,1,both,True,True
366,train,normal,2,1,1,both,True,True
367,test,normal,2,1,1,both,True,False
368,val,normal,2,1,1,both,True,False
370,train,normal,2,1,1,both,True,True
371,train,not_normal,2,1,1,both,True,True
372,test,not_normal,3,1,2,both,True,False
373,val,normal,2,1,1,both,True,False
374,train,not_normal,2,1,1,impression_only,True,True
375,train,normal,2,1,1,both,True,True
376,val,not_normal,2,1,1,both,True,False
377,train,not_normal,2,1,1,both,True,True
378,train,not_normal,2,1,1,impression_only,True,True
379,train,not_normal,2,1,1,both,True,True
380,train,not_normal,2,1,1,both,True,True
382,val,not_normal,2,1,1,both,True,False
383,val,not_normal,2,1,1,both,True,False
384,test,not_normal,1,0,1,impression_only,True,False
385,test,normal,2,1,1,impression_only,True,False
386,train,not_normal,2,1,1,both,True,True
387,train,not_normal,2,1,1,both,True,True
388,val,not_normal,2,1,1,both,True,False
389,test,not_normal,1,1,0,both,True,False
390,train,not_normal,2,1,1,both,True,True
391,train,not_normal,2,1,1,both,True,True
392,val,not_normal,2,1,1,both,True,False
393,train,normal,2,1,1,both,True,True
394,train,not_normal,1,1,0,both,True,True
395,train,not_normal,2,1,1,both,True,True
396,train,not_normal,2,1,1,both,True,True
397,train,not_normal,2,1,1,both,True,True
398,test,not_normal,2,1,1,both,True,False
399,val,not_normal,2,1,1,both,True,False
400,val,not_normal,1,1,0,both,True,False
401,train,not_normal,2,1,1,both,True,True
402,test,not_normal,1,1,0,both,True,False
403,train,not_normal,2,1,1,both,True,True
404,val,not_normal,2,1,1,both,True,False
405,test,not_normal,2,1,1,both,True,False
406,val,not_normal,2,1,1,both,True,False
407,val,normal,2,1,1,both,True,False
408,test,not_normal,2,1,1,both,True,False
409,train,not_normal,2,1,1,both,True,True
410,train,not_normal,2,1,1,both,True,True
411,train,not_normal,2,1,1,both,True,True
412,train,not_normal,2,1,1,both,True,True
413,train,normal,2,1,1,impression_only,True,True
414,train,not_normal,2,1,1,both,True,True
415,train,not_normal,2,1,1,both,True,True
416,train,normal,2,1,1,both,True,True
417,train,not_normal,2,1,1,both,True,True
418,train,not_normal,2,1,1,both,True,True
419,val,normal,2,1,1,both,True,False
420,test,not_normal,2,1,1,both,True,False
421,train,normal,2,1,1,both,True,True
422,train,not_normal,2,1,1,impression_only,True,True
423,train,not_normal,3,1,2,both,True,True
424,val,not_normal,1,0,1,both,True,False
425,train,normal,2,1,1,both,True,True
426,test,not_normal,2,1,1,both,True,False
427,val,normal,2,1,1,both,True,False
428,train,normal,2,1,1,both,True,True
429,train,normal,2,1,1,both,True,True
430,val,normal,2,1,1,both,True,False
431,train,not_normal,2,1,1,both,True,True
432,train,normal,2,1,1,both,True,True
433,test,normal,2,1,1,impression_only,True,False
434,train,not_normal,1,1,0,both,True,True
435,train,normal,2,1,1,both,True,True
436,val,not_normal,2,1,1,impression_only,True,False
437,test,not_normal,2,1,1,both,True,False
438,val,normal,2,1,1,impression_only,True,False
439,train,not_normal,2,1,1,impression_only,True,True
440,train,not_normal,2,1,1,both,True,True
441,val,not_normal,2,1,1,both,True,False
442,train,not_normal,2,1,1,both,True,True
443,val,not_normal,2,1,1,both,True,False
444,train,normal,2,1,1,both,True,True
445,train,normal,2,1,1,impression_only,True,True
446,train,not_normal,2,1,1,both,True,True
448,train,normal,1,1,0,both,True,True
449,train,normal,1,1,0,both,True,True
450,val,normal,2,1,1,both,True,False
451,train,not_normal,2,1,1,both,True,True
452,train,not_normal,2,1,1,both,True,True
453,train,not_normal,2,1,1,impression_only,True,True
454,train,not_normal,1,1,0,both,True,True
455,train,not_normal,2,1,1,both,True,True
456,train,not_normal,2,1,1,both,True,True
457,train,not_normal,2,1,1,both,True,True
458,val,not_normal,2,1,1,both,True,False
459,train,normal,2,1,1,both,True,True
460,test,not_normal,2,1,1,both,True,False
461,train,normal,2,1,1,both,True,True
462,train,not_normal,2,1,1,both,True,True
463,train,not_normal,2,1,1,both,True,True
464,train,not_normal,2,1,1,both,True,True
465,test,not_normal,2,1,1,both,True,False
466,val,not_normal,2,1,1,both,True,False
467,train,normal,1,0,1,both,True,True
468,train,not_normal,2,1,1,both,True,True
469,train,not_normal,1,1,0,both,True,True
470,train,normal,2,1,1,both,True,True
471,train,not_normal,2,1,1,both,True,True
472,train,not_normal,2,1,1,both,True,True
473,train,normal,2,1,1,impression_only,True,True
474,train,normal,2,1,1,both,True,True
475,train,normal,2,1,1,both,True,True
476,train,not_normal,1,1,0,both,True,True
477,train,normal,2,1,1,both,True,True
478,train,not_normal,2,1,1,both,True,True
479,train,normal,2,1,1,both,True,True
480,train,normal,2,1,1,impression_only,True,True
481,val,not_normal,1,1,0,impression_only,True,False
482,train,not_normal,2,1,1,both,True,True
483,val,not_normal,2,1,1,both,True,False
484,train,not_normal,1,1,0,both,True,True
485,test,not_normal,2,1,1,both,True,False
486,train,not_normal,1,1,0,both,True,True
487,test,normal,2,1,1,both,True,False
488,test,not_normal,1,1,0,both,True,False
489,train,not_normal,2,1,1,both,True,True
490,train,not_normal,2,1,1,both,True,True
491,train,not_normal,2,1,1,both,True,True
492,test,normal,2,1,1,both,True,False
493,train,not_normal,2,1,1,both,True,True
494,train,not_normal,2,1,1,both,True,True
495,train,not_normal,2,1,1,both,True,True
496,train,normal,2,1,1,both,True,True
497,train,normal,2,1,1,both,True,True
498,train,not_normal,2,1,1,both,True,True
499,val,normal,2,1,1,both,True,False
500,test,not_normal,1,0,1,both,True,False
501,val,not_normal,2,1,1,impression_only,True,False
502,train,normal,2,1,1,both,True,True
503,train,normal,2,1,1,both,True,True
504,val,not_normal,2,1,1,both,True,False
505,val,normal,2,1,1,both,True,False
506,train,normal,2,1,1,both,True,True
507,train,not_normal,2,1,1,both,True,True
508,val,normal,2,1,1,both,True,False
509,test,not_normal,1,1,0,both,True,False
510,train,normal,3,1,2,both,True,True
511,train,not_normal,2,1,1,both,True,True
512,train,not_normal,1,1,0,both,True,True
513,train,not_normal,2,1,1,both,True,True
514,val,normal,2,1,1,both,True,False
515,train,normal,2,1,1,both,True,True
516,train,not_normal,2,1,1,both,True,True
517,train,not_normal,2,1,1,impression_only,True,True
518,test,normal,2,1,1,both,True,False
519,train,normal,3,2,1,both,True,True
520,train,not_normal,1,1,0,both,True,True
521,test,not_normal,2,1,1,both,True,False
522,val,not_normal,2,1,1,both,True,False
523,train,normal,1,0,1,both,True,True
524,val,not_normal,1,0,1,impression_only,True,False
525,train,not_normal,2,1,1,both,True,True
526,train,not_normal,1,0,1,impression_only,True,True
527,train,normal,1,1,0,both,True,True
529,train,normal,2,1,1,both,True,True
530,val,not_normal,2,1,1,impression_only,True,False
531,train,not_normal,2,1,1,both,True,True
532,train,normal,2,1,1,both,True,True
533,val,not_normal,2,1,1,both,True,False
534,train,not_normal,2,1,1,both,True,True
535,test,not_normal,2,1,1,both,True,False
536,train,normal,2,1,1,both,True,True
537,train,not_normal,2,1,1,both,True,True
538,train,normal,2,1,1,both,True,True
539,train,normal,2,1,1,both,True,True
540,train,not_normal,2,1,1,both,True,True
541,train,not_normal,1,1,0,both,True,True
542,val,normal,1,0,1,both,True,False
543,train,normal,2,1,1,both,True,True
544,train,normal,2,1,1,both,True,True
545,train,not_normal,2,1,1,both,True,True
546,val,not_normal,2,1,1,impression_only,True,False
547,train,not_normal,2,1,1,both,True,True
548,val,not_normal,2,1,1,both,True,False
549,train,not_normal,2,1,1,both,True,True
550,train,normal,2,1,1,impression_only,True,True
551,train,not_normal,2,1,1,both,True,True
552,train,not_normal,2,1,1,both,True,True
553,train,not_normal,2,1,1,both,True,True
554,train,normal,2,1,1,both,True,True
555,train,not_normal,1,1,0,both,True,True
556,train,normal,2,1,1,both,True,True
557,train,normal,2,1,1,both,True,True
558,train,not_normal,2,1,1,both,True,True
559,test,normal,2,1,1,impression_only,True,False
560,train,normal,1,1,0,both,True,True
561,test,normal,1,0,1,both,True,False
562,test,normal,2,1,1,both,True,False
563,train,normal,2,1,1,both,True,True
564,train,not_normal,2,1,1,both,True,True
565,train,normal,2,1,1,both,True,True
567,train,not_normal,2,1,1,both,True,True
568,test,not_normal,2,1,1,both,True,False
569,val,not_normal,2,1,1,both,True,False
570,train,normal,2,1,1,both,True,True
571,test,normal,2,1,1,both,True,False
572,train,normal,2,1,1,both,True,True
573,val,not_normal,3,2,1,both,True,False
575,train,not_normal,2,1,1,both,True,True
576,train,not_normal,2,1,1,both,True,True
577,train,normal,2,1,1,both,True,True
578,val,not_normal,2,1,1,both,True,False
579,val,normal,2,1,1,both,True,False
580,val,not_normal,2,1,1,both,True,False
581,train,normal,2,1,1,both,True,True
582,val,normal,2,1,1,both,True,False
583,val,not_normal,2,1,1,impression_only,True,False
584,val,normal,2,1,1,both,True,False
585,train,not_normal,2,1,1,both,True,True
586,val,not_normal,1,1,0,both,True,False
587,train,not_normal,3,1,2,both,True,True
588,train,normal,2,1,1,both,True,True
589,train,normal,1,1,0,both,True,True
590,train,not_normal,2,1,1,both,True,True
591,train,not_normal,2,1,1,both,True,True
592,train,not_normal,2,1,1,impression_only,True,True
593,train,not_normal,2,1,1,both,True,True
594,train,not_normal,2,1,1,both,True,True
595,train,normal,2,1,1,both,True,True
596,train,not_normal,2,1,1,both,True,True
597,train,not_normal,1,0,1,both,True,True
598,test,not_normal,2,1,1,impression_only,True,False
599,test,not_normal,2,1,1,impression_only,True,False
600,train,not_normal,2,1,1,both,True,True
601,val,not_normal,2,1,1,both,True,False
602,train,normal,2,1,1,impression_only,True,True
603,val,not_normal,2,1,1,impression_only,True,False
604,train,not_normal,2,1,1,both,True,True
605,train,not_normal,2,1,1,both,True,True
606,test,not_normal,2,1,1,both,True,False
607,train,not_normal,2,1,1,both,True,True
608,val,not_normal,2,1,1,both,True,False
609,train,normal,2,1,1,both,True,True
610,train,not_normal,1,1,0,impression_only,True,True
611,train,not_normal,2,1,1,both,True,True
612,train,not_normal,2,1,1,both,True,True
613,train,not_normal,2,1,1,both,True,True
614,train,normal,2,1,1,neither,False,False
615,train,not_normal,2,1,1,both,True,True
616,test,not_normal,2,1,1,both,True,False
617,train,not_normal,2,1,1,both,True,True
618,val,normal,2,1,1,both,True,False
619,train,not_normal,2,1,1,both,True,True
620,train,not_normal,2,1,1,both,True,True
621,train,not_normal,2,1,1,both,True,True
622,train,normal,2,1,1,both,True,True
623,train,not_normal,2,1,1,both,True,True
624,train,not_normal,2,1,1,both,True,True
626,train,normal,3,2,1,both,True,True
627,train,not_normal,2,1,1,both,True,True
628,train,not_normal,2,1,1,both,True,True
629,train,normal,2,1,1,both,True,True
630,train,normal,2,1,1,both,True,True
631,train,not_normal,2,1,1,both,True,True
632,train,normal,2,1,1,both,True,True
633,val,not_normal,2,1,1,both,True,False
634,train,not_normal,2,1,1,impression_only,True,True
635,train,not_normal,2,1,1,impression_only,True,True
636,train,not_normal,2,1,1,both,True,True
637,test,not_normal,2,1,1,both,True,False
638,train,not_normal,3,2,1,impression_only,True,True
639,train,normal,2,1,1,both,True,True
640,test,not_normal,1,1,0,both,True,False
641,test,not_normal,2,1,1,both,True,False
642,train,normal,2,1,1,impression_only,True,True
643,test,not_normal,3,2,1,impression_only,True,False
644,train,not_normal,2,1,1,both,True,True
645,train,not_normal,2,1,1,both,True,True
646,train,not_normal,1,1,0,both,True,True
647,train,not_normal,1,0,1,both,True,True
648,val,not_normal,2,1,1,both,True,False
649,train,not_normal,2,1,1,both,True,True
650,train,not_normal,2,1,1,both,True,True
651,train,not_normal,2,1,1,both,True,True
652,train,normal,2,1,1,both,True,True
653,train,not_normal,2,1,1,both,True,True
654,train,normal,2,1,1,both,True,True
655,train,not_normal,2,1,1,both,True,True
656,train,not_normal,2,1,1,impression_only,True,True
657,train,normal,2,1,1,both,True,True
658,test,normal,2,1,1,both,True,False
659,train,not_normal,2,1,1,both,True,True
660,val,not_normal,2,1,1,both,True,False
661,val,not_normal,2,1,1,both,True,False
662,train,not_normal,2,1,1,both,True,True
663,train,normal,3,1,2,both,True,True
664,test,not_normal,2,1,1,both,True,False
665,val,not_normal,2,1,1,impression_only,True,False
666,train,not_normal,2,1,1,both,True,True
667,train,not_normal,2,1,1,both,True,True
668,val,normal,2,1,1,both,True,False
669,train,not_normal,2,1,1,both,True,True
670,train,not_normal,2,1,1,both,True,True
671,test,not_normal,1,1,0,both,True,False
672,val,not_normal,2,1,1,impression_only,True,False
673,train,normal,1,0,1,neither,False,False
674,train,not_normal,2,1,1,both,True,True
675,train,not_normal,2,1,1,both,True,True
676,train,normal,2,1,1,both,True,True
677,train,not_normal,2,1,1,both,True,True
679,train,not_normal,2,1,1,both,True,True
680,train,not_normal,2,1,1,both,True,True
681,train,not_normal,2,1,1,both,True,True
682,test,not_normal,2,1,1,both,True,False
683,val,normal,1,1,0,both,True,False
684,train,not_normal,1,1,0,impression_only,True,True
685,train,not_normal,2,1,1,both,True,True
686,train,not_normal,2,1,1,both,True,True
687,val,not_normal,2,1,1,both,True,False
688,val,not_normal,2,1,1,both,True,False
689,val,not_normal,2,1,1,both,True,False
690,train,normal,1,1,0,both,True,True
691,val,normal,1,1,0,both,True,False
692,train,not_normal,2,1,1,both,True,True
693,test,not_normal,2,1,1,both,True,False
694,train,not_normal,2,1,1,both,True,True
695,train,not_normal,2,1,1,both,True,True
696,train,normal,2,1,1,both,True,True
697,train,not_normal,2,1,1,both,True,True
698,train,not_normal,2,1,1,both,True,True
699,val,not_normal,2,1,1,both,True,False
700,train,not_normal,2,1,1,both,True,True
701,train,not_normal,2,1,1,both,True,True
702,train,not_normal,1,1,0,both,True,True
703,val,not_normal,2,1,1,impression_only,True,False
704,train,normal,2,1,1,both,True,True
705,train,not_normal,2,1,1,impression_only,True,True
706,train,not_normal,2,1,1,both,True,True
707,test,normal,2,1,1,both,True,False
708,train,normal,2,1,1,both,True,True
709,val,not_normal,1,1,0,both,True,False
710,train,not_normal,2,1,1,both,True,True
711,train,not_normal,1,1,0,both,True,True
712,train,not_normal,3,2,1,both,True,True
713,train,not_normal,2,1,1,both,True,True
714,train,not_normal,3,2,1,both,True,True
715,train,not_normal,2,1,1,both,True,True
716,val,not_normal,2,1,1,impression_only,True,False
717,train,normal,2,1,1,both,True,True
718,val,not_normal,2,1,1,both,True,False
719,train,normal,2,1,1,impression_only,True,True
720,train,normal,2,1,1,both,True,True
721,train,normal,2,1,1,both,True,True
722,train,normal,2,1,1,both,True,True
723,train,not_normal,2,1,1,both,True,True
725,val,normal,3,2,1,both,True,False
726,train,not_normal,2,1,1,both,True,True
727,train,normal,2,1,1,impression_only,True,True
728,train,not_normal,2,1,1,both,True,True
729,test,not_normal,2,1,1,both,True,False
730,train,not_normal,2,1,1,impression_only,True,True
731,val,normal,2,1,1,both,True,False
732,val,not_normal,2,1,1,both,True,False
733,val,not_normal,2,1,1,both,True,False
734,train,normal,2,1,1,both,True,True
735,train,normal,3,2,1,both,True,True
736,train,not_normal,2,1,1,impression_only,True,True
737,train,normal,2,1,1,both,True,True
738,train,not_normal,2,1,1,both,True,True
739,val,normal,2,1,1,both,True,False
740,train,normal,1,1,0,both,True,True
741,test,normal,1,1,0,both,True,False
742,train,not_normal,2,1,1,both,True,True
743,train,not_normal,2,1,1,impression_only,True,True
744,val,not_normal,2,1,1,both,True,False
745,train,not_normal,2,1,1,both,True,True
746,train,not_normal,2,1,1,both,True,True
747,train,not_normal,1,0,1,impression_only,True,True
748,train,normal,2,1,1,both,True,True
749,train,not_normal,2,1,1,both,True,True
750,train,not_normal,2,1,1,both,True,True
751,train,normal,3,1,2,both,True,True
752,train,not_normal,2,1,1,both,True,True
753,train,not_normal,2,1,1,both,True,True
754,train,not_normal,2,1,1,both,True,True
755,val,not_normal,2,1,1,impression_only,True,False
756,val,normal,3,2,1,both,True,False
757,train,normal,2,1,1,both,True,True
758,val,normal,2,1,1,both,True,False
759,test,not_normal,2,1,1,both,True,False
760,val,not_normal,2,1,1,both,True,False
761,train,not_normal,2,1,1,both,True,True
762,train,not_normal,2,1,1,both,True,True
763,test,not_normal,2,1,1,both,True,False
764,train,normal,2,1,1,both,True,True
765,train,not_normal,2,1,1,both,True,True
766,val,normal,1,1,0,impression_only,True,False
767,train,normal,2,2,0,both,True,True
768,test,normal,2,1,1,both,True,False
769,train,not_normal,2,1,1,both,True,True
770,train,normal,2,1,1,both,True,True
771,train,normal,3,1,2,both,True,True
772,train,not_normal,1,1,0,both,True,True
773,train,not_normal,2,1,1,both,True,True
774,test,not_normal,1,1,0,both,True,False
776,train,not_normal,2,1,1,both,True,True
777,train,not_normal,2,1,1,both,True,True
778,test,not_normal,2,1,1,both,True,False
779,train,normal,2,1,1,both,True,True
780,train,not_normal,2,1,1,both,True,True
781,train,normal,2,1,1,both,True,True
782,train,not_normal,2,1,1,both,True,True
783,train,not_normal,2,1,1,both,True,True
784,train,not_normal,2,1,1,both,True,True
785,train,normal,2,1,1,both,True,True
786,train,not_normal,1,1,0,impression_only,True,True
787,train,normal,1,0,1,both,True,True
788,test,not_normal,2,1,1,both,True,False
790,train,not_normal,2,1,1,both,True,True
791,train,not_normal,2,1,1,both,True,True
792,train,normal,2,1,1,both,True,True
793,val,normal,2,1,1,both,True,False
794,train,normal,2,1,1,both,True,True
795,train,normal,2,1,1,both,True,True
796,test,normal,2,1,1,both,True,False
797,train,not_normal,2,1,1,both,True,True
798,train,normal,2,1,1,both,True,True
799,train,normal,2,1,1,both,True,True
800,train,not_normal,3,2,1,both,True,True
801,train,normal,2,1,1,both,True,True
802,train,not_normal,2,1,1,impression_only,True,True
803,train,not_normal,1,0,1,both,True,True
804,test,not_normal,2,1,1,both,True,False
805,test,not_normal,2,1,1,both,True,False
806,train,not_normal,2,1,1,both,True,True
808,val,not_normal,2,1,1,both,True,False
809,val,not_normal,2,1,1,both,True,False
810,val,not_normal,2,1,1,both,True,False
811,train,not_normal,2,1,1,both,True,True
812,train,not_normal,2,1,1,both,True,True
813,train,not_normal,2,1,1,both,True,True
814,train,not_normal,2,1,1,both,True,True
815,train,normal,2,1,1,impression_only,True,True
817,train,not_normal,3,1,2,both,True,True
818,train,not_normal,2,1,1,both,True,True
819,train,not_normal,2,1,1,both,True,True
820,train,not_normal,2,1,1,both,True,True
821,val,not_normal,1,1,0,both,True,False
822,test,not_normal,2,1,1,both,True,False
824,test,not_normal,2,1,1,findings_only,True,False
825,train,not_normal,2,1,1,impression_only,True,True
826,train,normal,2,1,1,both,True,True
827,train,not_normal,2,1,1,both,True,True
828,train,not_normal,2,1,1,both,True,True
829,train,normal,2,1,1,both,True,True
830,train,not_normal,2,1,1,impression_only,True,True
831,train,not_normal,2,1,1,both,True,True
832,train,not_normal,2,1,1,impression_only,True,True
833,train,normal,2,1,1,both,True,True
834,val,not_normal,2,1,1,both,True,False
835,train,not_normal,2,1,1,both,True,True
836,val,not_normal,2,1,1,both,True,False
837,train,not_normal,2,1,1,both,True,True
838,train,not_normal,2,1,1,both,True,True
839,train,normal,2,1,1,both,True,True
840,train,not_normal,2,1,1,impression_only,True,True
841,val,not_normal,2,1,1,both,True,False
842,train,normal,2,1,1,both,True,True
843,train,not_normal,2,1,1,both,True,True
844,val,normal,2,1,1,both,True,False
845,train,not_normal,2,1,1,both,True,True
846,val,not_normal,4,2,2,both,True,False
847,val,not_normal,2,1,1,both,True,False
849,train,not_normal,2,1,1,both,True,True
850,train,normal,3,1,2,both,True,True
851,train,not_normal,1,0,1,both,True,True
853,train,normal,2,1,1,impression_only,True,True
854,val,not_normal,2,1,1,both,True,False
855,train,not_normal,2,1,1,both,True,True
856,train,not_normal,2,1,1,both,True,True
857,train,normal,2,1,1,both,True,True
858,train,not_normal,2,1,1,both,True,True
859,train,not_normal,2,1,1,both,True,True
860,train,not_normal,2,1,1,both,True,True
861,train,not_normal,2,1,1,both,True,True
862,train,not_normal,2,1,1,both,True,True
863,train,normal,3,2,1,both,True,True
864,train,not_normal,2,1,1,both,True,True
865,train,normal,2,1,1,both,True,True
866,val,normal,1,0,1,both,True,False
867,val,not_normal,2,1,1,both,True,False
868,val,not_normal,2,1,1,impression_only,True,False
869,test,normal,2,1,1,both,True,False
870,train,not_normal,2,1,1,both,True,True
871,train,normal,2,1,1,both,True,True
872,train,not_normal,2,1,1,both,True,True
874,train,not_normal,1,0,1,both,True,True
875,val,not_normal,1,1,0,both,True,False
877,train,not_normal,2,1,1,both,True,True
878,train,not_normal,2,1,1,impression_only,True,True
879,train,normal,2,1,1,both,True,True
880,train,not_normal,2,1,1,both,True,True
881,train,normal,2,1,1,both,True,True
882,val,normal,2,1,1,impression_only,True,False
883,test,normal,2,1,1,impression_only,True,False
884,train,not_normal,2,1,1,both,True,True
885,val,not_normal,1,0,1,both,True,False
886,train,normal,2,1,1,both,True,True
887,train,normal,2,1,1,both,True,True
888,test,normal,2,1,1,both,True,False
889,train,normal,2,1,1,both,True,True
890,val,not_normal,2,1,1,both,True,False
891,train,normal,2,1,1,both,True,True
892,train,not_normal,2,1,1,both,True,True
893,train,normal,2,1,1,impression_only,True,True
894,train,normal,2,1,1,neither,False,False
896,train,normal,3,1,2,both,True,True
897,train,not_normal,2,1,1,both,True,True
899,train,normal,2,1,1,both,True,True
900,train,not_normal,1,0,1,both,True,True
901,train,not_normal,3,2,1,both,True,True
902,train,not_normal,2,1,1,both,True,True
903,train,not_normal,2,1,1,both,True,True
904,val,not_normal,1,0,1,both,True,False
905,train,normal,2,1,1,impression_only,True,True
906,val,not_normal,2,1,1,both,True,False
907,train,not_normal,2,1,1,both,True,True
908,train,not_normal,2,1,1,both,True,True
909,train,normal,2,1,1,both,True,True
910,train,not_normal,2,1,1,both,True,True
911,train,normal,2,1,1,both,True,True
912,val,normal,2,1,1,both,True,False
913,train,normal,2,1,1,both,True,True
914,val,not_normal,2,1,1,both,True,False
915,train,not_normal,2,1,1,impression_only,True,True
916,train,not_normal,2,1,1,both,True,True
917,train,not_normal,2,1,1,both,True,True
918,train,normal,2,1,1,both,True,True
919,test,not_normal,2,1,1,impression_only,True,False
920,train,normal,2,1,1,both,True,True
921,train,normal,2,1,1,both,True,True
922,train,not_normal,2,1,1,both,True,True
923,train,not_normal,2,1,1,impression_only,True,True
925,train,not_normal,2,1,1,both,True,True
926,train,normal,2,1,1,both,True,True
927,test,not_normal,2,1,1,both,True,False
928,train,normal,2,1,1,both,True,True
929,val,not_normal,2,1,1,both,True,False
930,train,not_normal,3,1,2,both,True,True
931,train,normal,2,1,1,both,True,True
932,test,normal,3,1,2,both,True,False
933,val,not_normal,2,1,1,both,True,False
934,train,not_normal,2,1,1,both,True,True
935,train,normal,2,1,1,impression_only,True,True
936,test,normal,1,1,0,both,True,False
937,val,normal,2,1,1,both,True,False
938,test,not_normal,2,1,1,both,True,False
939,test,normal,2,1,1,both,True,False
940,val,normal,2,1,1,both,True,False
941,val,normal,2,1,1,both,True,False
942,val,not_normal,2,1,1,both,True,False
943,train,normal,2,1,1,both,True,True
944,train,not_normal,2,1,1,both,True,True
945,test,not_normal,2,1,1,both,True,False
946,train,normal,2,1,1,both,True,True
947,train,normal,2,1,1,both,True,True
948,train,not_normal,2,1,1,both,True,True
949,train,not_normal,1,1,0,both,True,True
950,train,normal,2,1,1,both,True,True
951,train,normal,2,1,1,both,True,True
952,train,not_normal,2,1,1,both,True,True
953,train,not_normal,1,1,0,both,True,True
954,train,not_normal,1,1,0,impression_only,True,True
955,val,not_normal,2,1,1,both,True,False
956,train,not_normal,1,1,0,both,True,True
957,test,not_normal,2,1,1,both,True,False
958,train,normal,2,1,1,both,True,True
959,val,not_normal,2,1,1,both,True,False
960,train,not_normal,2,1,1,both,True,True
961,val,not_normal,2,1,1,both,True,False
962,val,normal,2,1,1,both,True,False
963,val,not_normal,2,1,1,both,True,False
964,train,normal,2,1,1,both,True,True
965,train,normal,2,1,1,both,True,True
966,train,not_normal,2,1,1,impression_only,True,True
967,test,normal,2,1,1,both,True,False
968,train,normal,2,1,1,both,True,True
969,train,not_normal,2,1,1,both,True,True
970,train,normal,2,1,1,both,True,True
971,train,normal,2,1,1,both,True,True
972,val,not_normal,2,1,1,impression_only,True,False
973,train,not_normal,2,1,1,impression_only,True,True
974,train,not_normal,3,1,2,both,True,True
975,train,not_normal,2,1,1,both,True,True
976,train,not_normal,2,1,1,both,True,True
977,train,normal,2,1,1,both,True,True
978,test,not_normal,1,0,1,both,True,False
979,train,not_normal,2,1,1,both,True,True
980,val,normal,2,1,1,both,True,False
981,val,not_normal,1,1,0,impression_only,True,False
982,train,normal,2,1,1,both,True,True
983,train,not_normal,2,1,1,both,True,True
984,val,not_normal,3,1,2,both,True,False
985,train,normal,1,1,0,impression_only,True,True
986,train,normal,2,1,1,both,True,True
987,train,not_normal,1,1,0,both,True,True
988,train,normal,2,1,1,both,True,True
989,train,not_normal,2,1,1,both,True,True
990,train,normal,2,1,1,both,True,True
991,train,not_normal,2,1,1,both,True,True
992,train,not_normal,2,1,1,both,True,True
993,train,normal,2,1,1,both,True,True
994,train,normal,2,0,2,both,True,True
995,train,not_normal,2,1,1,both,True,True
996,train,normal,2,1,1,impression_only,True,True
997,val,not_normal,2,1,1,both,True,False
998,train,not_normal,2,1,1,both,True,True
999,train,normal,3,2,1,both,True,True
1000,train,not_normal,3,2,1,both,True,True
1001,train,not_normal,2,1,1,both,True,True
1002,train,not_normal,2,1,1,impression_only,True,True
1003,train,not_normal,1,1,0,both,True,True
1004,train,not_normal,2,1,1,both,True,True
1005,train,normal,2,1,1,both,True,True
1006,train,normal,2,1,1,both,True,True
1007,train,not_normal,3,2,1,both,True,True
1008,train,normal,2,1,1,both,True,True
1009,test,normal,2,1,1,both,True,False
1010,train,normal,2,1,1,both,True,True
1011,train,normal,2,1,1,both,True,True
1012,train,not_normal,1,1,0,both,True,True
1013,train,not_normal,2,1,1,both,True,True
1014,val,not_normal,2,1,1,impression_only,True,False
1015,train,not_normal,4,2,2,both,True,True
1016,train,not_normal,2,1,1,impression_only,True,True
1017,train,not_normal,2,1,1,both,True,True
1018,train,not_normal,2,1,1,both,True,True
1019,train,not_normal,2,1,1,both,True,True
1020,train,not_normal,2,1,1,both,True,True
1021,train,not_normal,2,1,1,impression_only,True,True
1022,test,not_normal,2,1,1,both,True,False
1023,test,not_normal,2,1,1,both,True,False
1024,train,normal,1,1,0,both,True,True
1025,test,not_normal,2,1,1,both,True,False
1026,train,normal,1,1,0,both,True,True
1027,train,not_normal,2,1,1,both,True,True
1028,train,normal,2,1,1,both,True,True
1029,val,not_normal,1,1,0,impression_only,True,False
1030,test,not_normal,2,1,1,both,True,False
1031,train,not_normal,1,1,0,impression_only,True,True
1032,train,not_normal,2,1,1,both,True,True
1033,train,not_normal,2,1,1,both,True,True
1034,train,not_normal,2,1,1,both,True,True
1035,train,not_normal,2,1,1,both,True,True
1036,train,not_normal,1,1,0,both,True,True
1037,test,not_normal,2,1,1,both,True,False
1038,train,normal,2,1,1,impression_only,True,True
1039,train,normal,1,1,0,both,True,True
1040,train,not_normal,2,1,1,impression_only,True,True
1041,train,not_normal,2,1,1,both,True,True
1042,test,normal,2,1,1,both,True,False
1043,test,not_normal,2,1,1,both,True,False
1044,train,not_normal,2,1,1,both,True,True
1045,val,not_normal,2,1,1,both,True,False
1046,train,normal,2,1,1,both,True,True
1047,train,normal,2,1,1,both,True,True
1048,train,not_normal,2,1,1,both,True,True
1049,val,normal,2,1,1,impression_only,True,False
1050,train,not_normal,2,1,1,both,True,True
1051,train,normal,2,1,1,both,True,True
1052,train,normal,2,1,1,both,True,True
1053,train,not_normal,2,1,1,both,True,True
1054,train,not_normal,2,1,1,both,True,True
1055,val,normal,2,1,1,both,True,False
1056,test,not_normal,3,2,1,both,True,False
1057,train,normal,2,1,1,both,True,True
1058,train,not_normal,2,1,1,both,True,True
1059,test,not_normal,1,1,0,both,True,False
1060,train,not_normal,2,1,1,both,True,True
1061,train,not_normal,2,1,1,both,True,True
1062,train,not_normal,1,1,0,both,True,True
1063,train,not_normal,2,1,1,both,True,True
1064,val,not_normal,1,1,0,both,True,False
1065,test,not_normal,2,1,1,both,True,False
1066,train,normal,2,1,1,impression_only,True,True
1067,train,normal,2,1,1,both,True,True
1069,train,not_normal,1,1,0,both,True,True
1070,train,not_normal,2,1,1,both,True,True
1071,train,not_normal,1,0,1,both,True,True
1072,train,not_normal,2,1,1,both,True,True
1073,train,not_normal,2,1,1,both,True,True
1074,train,not_normal,2,1,1,both,True,True
1075,train,not_normal,2,1,1,both,True,True
1076,test,not_normal,2,1,1,both,True,False
1077,test,not_normal,2,1,1,both,True,False
1078,train,normal,2,1,1,both,True,True
1079,val,not_normal,2,1,1,both,True,False
1081,train,not_normal,1,1,0,both,True,True
1082,train,not_normal,1,1,0,both,True,True
1083,train,normal,2,1,1,both,True,True
1084,train,normal,2,1,1,findings_only,True,True
1085,val,not_normal,2,1,1,both,True,False
1086,train,not_normal,2,1,1,both,True,True
1087,train,not_normal,2,1,1,both,True,True
1088,train,not_normal,2,1,1,both,True,True
1089,train,not_normal,2,1,1,both,True,True
1090,train,normal,2,1,1,impression_only,True,True
1091,train,normal,2,1,1,both,True,True
1092,train,not_normal,2,1,1,both,True,True
1093,train,normal,2,1,1,both,True,True
1094,train,not_normal,2,1,1,both,True,True
1095,train,not_normal,1,1,0,both,True,True
1096,train,normal,1,0,1,both,True,True
1097,train,not_normal,2,1,1,both,True,True
1098,train,not_normal,1,1,0,both,True,True
1099,test,normal,2,1,1,both,True,False
1100,train,not_normal,2,1,1,both,True,True
1101,train,not_normal,3,2,1,both,True,True
1102,train,not_normal,4,2,2,both,True,True
1103,train,not_normal,2,1,1,both,True,True
1104,train,not_normal,3,1,2,impression_only,True,True
1105,test,not_normal,2,1,1,both,True,False
1106,train,not_normal,2,1,1,impression_only,True,True
1107,train,not_normal,1,1,0,impression_only,True,True
1108,train,not_normal,2,1,1,both,True,True
1109,train,normal,2,1,1,both,True,True
1110,val,not_normal,2,1,1,both,True,False
1111,train,not_normal,2,1,1,both,True,True
1112,train,not_normal,2,1,1,both,True,True
1113,train,not_normal,2,1,1,both,True,True
1114,train,normal,2,1,1,both,True,True
1115,test,normal,1,1,0,both,True,False
1116,train,not_normal,2,1,1,both,True,True
1117,train,not_normal,2,1,1,both,True,True
1118,train,normal,2,1,1,both,True,True
1119,train,not_normal,2,1,1,both,True,True
1120,train,not_normal,1,1,0,both,True,True
1121,train,not_normal,2,1,1,both,True,True
1122,test,normal,3,2,1,both,True,False
1123,train,not_normal,2,1,1,both,True,True
1124,train,not_normal,2,1,1,both,True,True
1125,val,not_normal,2,1,1,both,True,False
1126,train,not_normal,2,1,1,both,True,True
1128,train,not_normal,2,1,1,impression_only,True,True
1129,train,not_normal,1,1,0,both,True,True
1130,test,not_normal,2,1,1,both,True,False
1131,test,not_normal,2,1,1,both,True,False
1133,train,not_normal,2,1,1,both,True,True
1134,train,not_normal,2,1,1,both,True,True
1135,test,not_normal,2,1,1,both,True,False
1136,train,normal,2,1,1,both,True,True
1137,test,normal,2,2,0,neither,False,False
1138,test,normal,2,1,1,both,True,False
1139,train,not_normal,2,1,1,both,True,True
1140,train,not_normal,2,1,1,impression_only,True,True
1141,train,normal,2,1,1,both,True,True
1142,train,normal,2,1,1,neither,False,False
1143,val,not_normal,2,1,1,impression_only,True,False
1144,train,normal,2,1,1,both,True,True
1145,test,not_normal,2,1,1,both,True,False
1146,train,not_normal,2,1,1,both,True,True
1147,train,normal,1,1,0,neither,False,False
1148,train,normal,2,1,1,both,True,True
1149,train,not_normal,2,1,1,both,True,True
1150,val,not_normal,1,1,0,both,True,False
1151,test,normal,2,1,1,both,True,False
1152,train,not_normal,2,1,1,both,True,True
1153,train,normal,2,1,1,both,True,True
1154,test,not_normal,2,1,1,both,True,False
1155,train,not_normal,1,0,1,both,True,True
1156,train,normal,2,1,1,impression_only,True,True
1157,train,not_normal,2,1,1,both,True,True
1158,train,not_normal,2,1,1,both,True,True
1159,val,normal,1,1,0,both,True,False
1160,train,not_normal,2,1,1,both,True,True
1161,train,normal,2,1,1,both,True,True
1162,val,normal,2,1,1,impression_only,True,False
1163,train,normal,2,1,1,both,True,True
1164,train,not_normal,2,1,1,impression_only,True,True
1165,train,normal,1,1,0,both,True,True
1166,train,not_normal,2,1,1,both,True,True
1167,train,not_normal,2,1,1,both,True,True
1168,train,normal,2,1,1,both,True,True
1169,test,not_normal,1,1,0,both,True,False
1170,train,not_normal,3,1,2,both,True,True
1171,train,not_normal,2,1,1,both,True,True
1172,train,normal,1,1,0,both,True,True
1173,train,not_normal,2,1,1,both,True,True
1174,train,not_normal,2,1,1,both,True,True
1175,train,normal,2,1,1,both,True,True
1176,train,normal,2,1,1,both,True,True
1177,train,not_normal,2,1,1,both,True,True
1178,train,normal,2,1,1,both,True,True
1179,train,not_normal,2,1,1,both,True,True
1180,val,not_normal,2,1,1,both,True,False
1182,test,normal,2,1,1,both,True,False
1183,train,normal,2,1,1,impression_only,True,True
1184,train,not_normal,2,1,1,both,True,True
1187,test,not_normal,2,1,1,both,True,False
1188,test,normal,2,1,1,both,True,False
1189,train,not_normal,2,1,1,both,True,True
1190,train,normal,3,2,1,both,True,True
1191,val,normal,2,1,1,both,True,False
1192,train,normal,2,1,1,both,True,True
1193,test,not_normal,2,1,1,both,True,False
1194,train,not_normal,1,0,1,impression_only,True,True
1195,train,not_normal,2,1,1,both,True,True
1196,train,not_normal,2,1,1,both,True,True
1197,val,not_normal,2,1,1,both,True,False
1198,train,not_normal,2,1,1,impression_only,True,True
1199,train,normal,2,1,1,both,True,True
1200,train,not_normal,2,1,1,both,True,True
1202,train,not_normal,2,1,1,both,True,True
1203,train,not_normal,2,1,1,both,True,True
1204,train,not_normal,2,1,1,both,True,True
1205,train,normal,2,1,1,both,True,True
1206,val,normal,2,1,1,impression_only,True,False
1207,train,normal,2,1,1,both,True,True
1208,test,not_normal,3,2,1,both,True,False
1209,train,normal,2,1,1,both,True,True
1210,test,not_normal,2,1,1,both,True,False
1211,train,normal,2,1,1,both,True,True
1212,train,normal,2,1,1,both,True,True
1213,train,not_normal,2,1,1,both,True,True
1214,val,not_normal,2,1,1,both,True,False
1216,train,normal,1,0,1,both,True,True
1217,train,not_normal,2,1,1,both,True,True
1218,train,normal,2,1,1,both,True,True
1219,test,normal,2,1,1,both,True,False
1220,train,not_normal,3,2,1,both,True,True
1221,train,not_normal,2,1,1,both,True,True
1222,train,not_normal,2,1,1,both,True,True
1223,train,not_normal,2,1,1,both,True,True
1224,train,not_normal,1,1,0,both,True,True
1225,train,not_normal,2,1,1,both,True,True
1226,val,not_normal,2,1,1,both,True,False
1228,test,not_normal,3,1,2,impression_only,True,False
1229,train,not_normal,2,1,1,both,True,True
1230,train,not_normal,3,2,1,impression_only,True,True
1231,train,not_normal,2,1,1,both,True,True
1232,train,not_normal,2,0,2,both,True,True
1233,train,not_normal,2,1,1,both,True,True
1234,val,not_normal,2,1,1,both,True,False
1235,train,not_normal,2,1,1,both,True,True
1236,train,normal,2,1,1,both,True,True
1237,test,not_normal,2,1,1,both,True,False
1238,train,normal,1,1,0,both,True,True
1239,val,normal,2,1,1,impression_only,True,False
1240,train,not_normal,2,1,1,both,True,True
1241,train,not_normal,1,1,0,both,True,True
1242,train,not_normal,2,1,1,both,True,True
1243,train,not_normal,3,1,2,both,True,True
1244,train,not_normal,2,1,1,both,True,True
1245,train,not_normal,2,1,1,impression_only,True,True
1246,test,not_normal,2,1,1,both,True,False
1248,val,not_normal,2,1,1,both,True,False
1249,train,not_normal,2,1,1,both,True,True
1250,train,not_normal,2,1,1,both,True,True
1252,train,normal,2,1,1,impression_only,True,True
1253,train,normal,2,1,1,both,True,True
1254,train,normal,2,1,1,both,True,True
1255,train,not_normal,2,1,1,both,True,True
1256,train,not_normal,2,1,1,both,True,True
1257,train,not_normal,2,1,1,both,True,True
1258,train,not_normal,1,1,0,both,True,True
1259,train,normal,2,1,1,both,True,True
1260,val,normal,3,1,2,impression_only,True,False
1261,test,not_normal,2,1,1,both,True,False
1262,train,not_normal,3,1,2,both,True,True
1263,val,normal,2,1,1,both,True,False
1264,train,normal,2,1,1,both,True,True
1265,train,not_normal,2,1,1,both,True,True
1266,train,not_normal,2,1,1,both,True,True
1267,train,normal,2,1,1,both,True,True
1268,train,not_normal,2,0,2,both,True,True
1269,train,not_normal,2,1,1,both,True,True
1270,test,normal,2,1,1,both,True,False
1271,train,not_normal,2,1,1,both,True,True
1272,train,not_normal,2,1,1,both,True,True
1273,train,not_normal,2,1,1,both,True,True
1274,train,normal,2,1,1,both,True,True
1275,train,not_normal,1,0,1,impression_only,True,True
1276,train,not_normal,3,2,1,both,True,True
1277,val,not_normal,2,1,1,both,True,False
1278,test,normal,2,1,1,both,True,False
1279,test,not_normal,1,1,0,both,True,False
1280,train,normal,2,1,1,both,True,True
1281,train,not_normal,1,0,1,both,True,True
1282,train,not_normal,2,1,1,both,True,True
1283,test,not_normal,1,1,0,both,True,False
1284,train,not_normal,1,0,1,both,True,True
1285,val,not_normal,3,1,2,both,True,False
1286,train,not_normal,1,0,1,impression_only,True,True
1287,train,not_normal,2,1,1,both,True,True
1288,val,not_normal,2,1,1,both,True,False
1289,train,not_normal,2,1,1,both,True,True
1290,train,not_normal,1,1,0,both,True,True
1291,train,not_normal,2,1,1,both,True,True
1292,train,not_normal,2,1,1,both,True,True
1293,train,normal,1,1,0,neither,False,False
1294,val,normal,2,1,1,both,True,False
1295,train,not_normal,2,1,1,both,True,True
1296,train,normal,2,1,1,impression_only,True,True
1297,train,normal,2,1,1,neither,False,False
1300,test,normal,1,0,1,both,True,False
1301,train,not_normal,2,1,1,both,True,True
1302,train,not_normal,2,1,1,both,True,True
1303,train,not_normal,5,4,1,both,True,True
1304,train,normal,2,1,1,both,True,True
1305,train,normal,2,1,1,both,True,True
1306,val,not_normal,2,1,1,both,True,False
1307,train,not_normal,1,0,1,both,True,True
1308,test,normal,2,1,1,both,True,False
1309,test,normal,2,1,1,both,True,False
1310,train,normal,2,1,1,both,True,True
1311,train,not_normal,2,1,1,both,True,True
1312,val,normal,1,0,1,impression_only,True,False
1313,train,not_normal,1,0,1,both,True,True
1314,val,normal,2,1,1,both,True,False
1315,train,normal,2,1,1,both,True,True
1316,train,normal,2,1,1,impression_only,True,True
1317,train,not_normal,2,1,1,both,True,True
1318,train,normal,2,1,1,both,True,True
1319,train,normal,2,1,1,both,True,True
1320,train,not_normal,2,1,1,both,True,True
1321,train,not_normal,2,1,1,impression_only,True,True
1322,train,normal,1,1,0,both,True,True
1323,train,normal,2,1,1,both,True,True
1324,train,not_normal,2,1,1,both,True,True
1326,train,not_normal,2,1,1,impression_only,True,True
1327,train,not_normal,2,1,1,both,True,True
1328,val,not_normal,1,0,1,both,True,False
1329,test,not_normal,2,1,1,both,True,False
1330,test,normal,2,1,1,both,True,False
1331,test,not_normal,1,0,1,both,True,False
1332,train,not_normal,2,1,1,impression_only,True,True
1333,train,not_normal,2,1,1,both,True,True
1334,val,normal,2,1,1,both,True,False
1335,train,normal,2,1,1,both,True,True
1336,test,not_normal,1,0,1,both,True,False
1337,val,not_normal,2,1,1,impression_only,True,False
1338,train,not_normal,1,0,1,both,True,True
1339,train,not_normal,2,2,0,both,True,True
1340,train,normal,2,1,1,both,True,True
1341,train,not_normal,2,1,1,both,True,True
1342,train,not_normal,2,1,1,both,True,True
1343,train,not_normal,2,1,1,both,True,True
1344,train,normal,2,1,1,both,True,True
1345,test,normal,2,1,1,both,True,False
1346,train,not_normal,3,2,1,both,True,True
1347,train,normal,2,1,1,both,True,True
1348,train,not_normal,2,2,0,both,True,True
1349,train,not_normal,2,1,1,both,True,True
1350,train,normal,2,1,1,both,True,True
1351,train,not_normal,2,1,1,impression_only,True,True
1352,train,not_normal,2,1,1,both,True,True
1353,train,not_normal,2,1,1,both,True,True
1354,train,not_normal,2,1,1,both,True,True
1355,test,not_normal,2,1,1,both,True,False
1356,train,normal,2,1,1,both,True,True
1357,val,not_normal,1,0,1,both,True,False
1358,train,not_normal,3,2,1,both,True,True
1359,train,normal,2,1,1,both,True,True
1360,train,not_normal,2,1,1,both,True,True
1361,val,not_normal,2,1,1,impression_only,True,False
1362,train,not_normal,2,1,1,impression_only,True,True
1363,train,normal,2,1,1,both,True,True
1364,train,normal,2,1,1,both,True,True
1365,val,not_normal,2,1,1,both,True,False
1366,train,normal,2,1,1,both,True,True
1367,train,normal,2,1,1,both,True,True
1368,train,normal,2,1,1,both,True,True
1369,train,not_normal,2,1,1,both,True,True
1370,train,not_normal,2,1,1,both,True,True
1371,train,not_normal,2,1,1,impression_only,True,True
1372,train,not_normal,2,1,1,both,True,True
1373,train,not_normal,2,1,1,both,True,True
1374,train,normal,2,1,1,both,True,True
1375,train,not_normal,3,2,1,impression_only,True,True
1376,val,not_normal,2,1,1,both,True,False
1377,train,normal,2,1,1,both,True,True
1378,train,normal,2,1,1,both,True,True
1379,train,normal,2,1,1,both,True,True
1380,val,normal,2,1,1,both,True,False
1381,train,normal,2,1,1,both,True,True
1382,test,normal,2,1,1,both,True,False
1383,test,not_normal,2,1,1,both,True,False
1384,train,normal,2,1,1,both,True,True
1385,test,not_normal,2,1,1,both,True,False
1386,train,not_normal,2,1,1,both,True,True
1387,train,not_normal,1,0,1,both,True,True
1388,train,not_normal,2,1,1,both,True,True
1389,train,not_normal,3,1,2,impression_only,True,True
1390,test,not_normal,2,1,1,both,True,False
1391,train,not_normal,2,1,1,both,True,True
1392,train,not_normal,2,1,1,both,True,True
1393,train,not_normal,2,1,1,both,True,True
1394,val,not_normal,2,1,1,impression_only,True,False
1395,train,normal,2,1,1,impression_only,True,True
1396,train,normal,2,1,1,both,True,True
1397,val,normal,2,1,1,impression_only,True,False
1398,train,not_normal,1,1,0,both,True,True
1399,train,not_normal,2,1,1,both,True,True
1400,train,normal,2,1,1,both,True,True
1401,test,not_normal,2,1,1,impression_only,True,False
1402,train,normal,3,2,1,both,True,True
1403,train,not_normal,2,1,1,both,True,True
1404,train,not_normal,2,1,1,both,True,True
1405,train,not_normal,2,1,1,both,True,True
1406,val,not_normal,2,1,1,both,True,False
1407,train,not_normal,2,1,1,both,True,True
1408,train,not_normal,1,1,0,both,True,True
1409,train,normal,2,1,1,both,True,True
1410,train,normal,2,1,1,both,True,True
1411,train,not_normal,2,1,1,both,True,True
1412,test,not_normal,2,1,1,both,True,False
1413,train,not_normal,2,1,1,both,True,True
1414,train,normal,2,1,1,impression_only,True,True
1415,train,normal,2,1,1,both,True,True
1416,train,not_normal,2,1,1,both,True,True
1417,val,not_normal,2,1,1,both,True,False
1418,train,normal,2,1,1,impression_only,True,True
1419,train,not_normal,2,1,1,both,True,True
1420,test,not_normal,3,1,2,impression_only,True,False
1421,train,not_normal,1,0,1,both,True,True
1422,val,not_normal,2,1,1,both,True,False
1423,val,not_normal,2,1,1,both,True,False
1424,train,normal,2,1,1,both,True,True
1425,train,normal,2,1,1,both,True,True
1426,train,normal,2,1,1,impression_only,True,True
1427,train,not_normal,1,1,0,both,True,True
1428,train,normal,2,1,1,both,True,True
1429,train,normal,2,1,1,both,True,True
1430,train,not_normal,1,1,0,both,True,True
1431,val,normal,2,1,1,both,True,False
1432,train,not_normal,2,1,1,both,True,True
1433,test,not_normal,2,1,1,both,True,False
1434,test,normal,2,1,1,both,True,False
1435,val,normal,2,1,1,both,True,False
1436,test,not_normal,2,1,1,both,True,False
1437,test,not_normal,2,1,1,both,True,False
1438,train,normal,2,1,1,both,True,True
1439,train,not_normal,2,1,1,both,True,True
1440,train,normal,2,1,1,both,True,True
1441,train,not_normal,2,1,1,both,True,True
1442,train,not_normal,2,1,1,both,True,True
1443,train,not_normal,2,1,1,both,True,True
1444,train,not_normal,1,1,0,both,True,True
1445,train,not_normal,2,1,1,both,True,True
1446,test,not_normal,2,1,1,impression_only,True,False
1447,test,normal,2,1,1,both,True,False
1448,train,normal,2,1,1,both,True,True
1449,train,not_normal,2,1,1,both,True,True
1450,test,normal,2,1,1,both,True,False
1451,val,not_normal,2,1,1,both,True,False
1452,train,normal,2,1,1,both,True,True
1453,train,not_normal,2,1,1,both,True,True
1454,train,normal,2,1,1,both,True,True
1455,train,not_normal,2,1,1,both,True,True
1456,val,normal,2,1,1,both,True,False
1457,train,not_normal,1,0,1,both,True,True
1458,train,not_normal,2,1,1,both,True,True
1459,train,not_normal,3,2,1,both,True,True
1460,train,normal,2,1,1,both,True,True
1461,train,normal,2,1,1,both,True,True
1462,train,normal,2,1,1,both,True,True
1463,train,normal,1,1,0,both,True,True
1464,train,not_normal,2,1,1,both,True,True
1465,train,not_normal,2,1,1,both,True,True
1466,val,normal,2,1,1,both,True,False
1467,train,normal,2,1,1,both,True,True
1468,test,normal,2,1,1,both,True,False
1469,val,normal,2,1,1,both,True,False
1470,train,normal,2,1,1,both,True,True
1471,train,not_normal,2,1,1,both,True,True
1472,test,not_normal,2,1,1,both,True,False
1473,val,normal,2,1,1,both,True,False
1474,test,not_normal,2,1,1,both,True,False
1475,train,not_normal,1,1,0,both,True,True
1476,test,normal,2,1,1,both,True,False
1477,train,normal,2,1,1,both,True,True
1478,train,not_normal,3,2,1,both,True,True
1479,train,not_normal,2,1,1,impression_only,True,True
1480,train,normal,2,1,1,both,True,True
1481,train,normal,2,1,1,both,True,True
1482,train,normal,1,1,0,both,True,True
1483,train,not_normal,2,1,1,both,True,True
1484,test,not_normal,2,1,1,both,True,False
1485,train,not_normal,2,1,1,both,True,True
1487,val,not_normal,2,1,1,both,True,False
1488,train,normal,2,1,1,both,True,True
1489,train,normal,2,1,1,both,True,True
1491,val,not_normal,2,1,1,both,True,False
1492,test,not_normal,2,1,1,both,True,False
1493,train,not_normal,1,1,0,impression_only,True,True
1494,test,not_normal,2,1,1,impression_only,True,False
1496,train,not_normal,2,1,1,impression_only,True,True
1497,train,not_normal,2,1,1,both,True,True
1498,train,not_normal,2,1,1,both,True,True
1499,train,not_normal,2,1,1,both,True,True
1500,train,not_normal,3,1,2,both,True,True
1501,train,not_normal,2,1,1,both,True,True
1502,val,normal,2,1,1,both,True,False
1503,val,normal,2,1,1,impression_only,True,False
1504,train,normal,2,1,1,impression_only,True,True
1505,test,not_normal,2,1,1,both,True,False
1506,train,not_normal,2,1,1,both,True,True
1508,train,not_normal,2,1,1,both,True,True
1509,train,normal,2,1,1,both,True,True
1510,val,normal,2,1,1,both,True,False
1511,train,normal,2,1,1,both,True,True
1512,train,normal,2,1,1,both,True,True
1513,test,not_normal,2,1,1,both,True,False
1514,train,not_normal,2,1,1,both,True,True
1515,train,normal,2,1,1,both,True,True
1516,train,normal,2,1,1,both,True,True
1517,train,normal,2,1,1,both,True,True
1518,val,normal,2,1,1,both,True,False
1519,train,not_normal,2,1,1,both,True,True
1520,train,normal,2,1,1,both,True,True
1521,train,normal,3,2,1,both,True,True
1522,train,normal,1,1,0,both,True,True
1523,train,normal,3,1,2,both,True,True
1524,train,not_normal,2,1,1,both,True,True
1525,test,not_normal,4,2,2,both,True,False
1526,train,not_normal,2,1,1,both,True,True
1527,train,not_normal,1,1,0,both,True,True
1528,train,not_normal,2,1,1,both,True,True
1529,val,not_normal,2,1,1,both,True,False
1530,test,normal,2,1,1,both,True,False
1531,val,not_normal,2,1,1,both,True,False
1532,train,normal,2,1,1,both,True,True
1533,test,normal,2,1,1,both,True,False
1534,train,not_normal,2,1,1,both,True,True
1535,train,normal,2,1,1,both,True,True
1536,train,normal,3,1,2,neither,False,False
1537,val,normal,2,1,1,both,True,False
1538,train,not_normal,2,1,1,both,True,True
1539,train,normal,2,1,1,both,True,True
1540,train,normal,2,1,1,both,True,True
1541,train,not_normal,2,1,1,impression_only,True,True
1542,train,not_normal,2,1,1,both,True,True
1543,test,not_normal,2,1,1,both,True,False
1544,train,normal,2,1,1,both,True,True
1545,val,normal,2,1,1,both,True,False
1546,val,not_normal,2,1,1,both,True,False
1547,val,not_normal,2,1,1,both,True,False
1548,train,not_normal,2,1,1,both,True,True
1549,train,normal,1,1,0,both,True,True
1550,train,normal,2,1,1,both,True,True
1551,train,normal,2,1,1,both,True,True
1552,train,not_normal,2,1,1,both,True,True
1553,train,not_normal,2,1,1,both,True,True
1554,train,not_normal,2,1,1,both,True,True
1555,train,not_normal,2,1,1,both,True,True
1556,val,not_normal,2,1,1,both,True,False
1557,train,not_normal,1,1,0,both,True,True
1558,val,not_normal,2,1,1,both,True,False
1559,train,not_normal,2,1,1,both,True,True
1560,train,normal,2,1,1,both,True,True
1561,train,normal,2,1,1,both,True,True
1562,train,not_normal,2,1,1,both,True,True
1563,test,not_normal,2,1,1,both,True,False
1564,test,not_normal,2,1,1,both,True,False
1565,train,not_normal,2,1,1,both,True,True
1566,train,normal,1,1,0,neither,False,False
1567,val,not_normal,2,1,1,both,True,False
1568,train,not_normal,2,1,1,both,True,True
1569,train,not_normal,2,1,1,both,True,True
1570,train,not_normal,2,1,1,both,True,True
1571,val,not_normal,1,0,1,both,True,False
1572,test,not_normal,2,1,1,both,True,False
1573,train,normal,2,1,1,both,True,True
1574,train,normal,2,1,1,both,True,True
1575,train,not_normal,2,1,1,impression_only,True,True
1576,train,not_normal,2,1,1,both,True,True
1577,test,not_normal,2,1,1,both,True,False
1578,train,not_normal,2,1,1,both,True,True
1579,train,normal,1,1,0,both,True,True
1580,train,not_normal,2,1,1,both,True,True
1581,val,not_normal,2,1,1,both,True,False
1582,val,normal,2,1,1,both,True,False
1583,train,not_normal,2,1,1,both,True,True
1584,val,not_normal,2,1,1,both,True,False
1585,train,not_normal,2,1,1,both,True,True
1586,train,not_normal,2,1,1,both,True,True
1587,train,normal,2,1,1,both,True,True
1588,train,normal,2,1,1,both,True,True
1589,train,not_normal,2,1,1,both,True,True
1590,train,normal,2,1,1,both,True,True
1591,train,not_normal,2,1,1,both,True,True
1592,train,not_normal,1,1,0,both,True,True
1593,train,not_normal,2,1,1,both,True,True
1594,train,normal,2,1,1,both,True,True
1595,val,not_normal,2,1,1,both,True,False
1596,train,not_normal,2,1,1,both,True,True
1597,train,normal,2,1,1,both,True,True
1598,train,normal,2,1,1,both,True,True
1599,train,not_normal,2,1,1,both,True,True
1600,test,not_normal,2,1,1,both,True,False
1601,train,normal,2,1,1,both,True,True
1602,train,normal,2,1,1,impression_only,True,True
1603,train,normal,2,1,1,both,True,True
1604,train,not_normal,2,1,1,impression_only,True,True
1605,train,normal,1,1,0,impression_only,True,True
1606,train,normal,1,0,1,both,True,True
1607,train,not_normal,1,0,1,both,True,True
1608,train,normal,2,1,1,both,True,True
1609,train,not_normal,2,1,1,both,True,True
1610,train,not_normal,3,1,2,both,True,True
1612,train,not_normal,1,1,0,both,True,True
1614,train,not_normal,2,1,1,impression_only,True,True
1615,train,normal,1,1,0,neither,False,False
1616,val,normal,2,1,1,both,True,False
1617,train,not_normal,2,1,1,both,True,True
1618,train,normal,2,1,1,impression_only,True,True
1619,train,not_normal,2,1,1,both,True,True
1620,train,normal,2,1,1,both,True,True
1621,train,not_normal,2,1,1,both,True,True
1622,val,normal,2,1,1,both,True,False
1623,val,normal,2,1,1,both,True,False
1624,train,not_normal,2,1,1,both,True,True
1625,train,not_normal,2,1,1,both,True,True
1626,train,not_normal,2,1,1,both,True,True
1627,train,normal,2,1,1,both,True,True
1629,val,normal,1,0,1,both,True,False
1630,train,not_normal,2,1,1,both,True,True
1631,val,not_normal,2,1,1,both,True,False
1632,train,normal,2,1,1,both,True,True
1633,test,normal,3,2,1,both,True,False
1634,train,not_normal,2,1,1,both,True,True
1635,train,not_normal,2,1,1,both,True,True
1636,train,normal,2,1,1,both,True,True
1637,train,not_normal,1,1,0,both,True,True
1638,train,not_normal,3,1,2,both,True,True
1639,test,not_normal,2,1,1,both,True,False
1640,train,not_normal,2,1,1,both,True,True
1641,train,not_normal,2,1,1,both,True,True
1642,train,not_normal,2,1,1,both,True,True
1643,train,normal,3,1,2,both,True,True
1644,train,not_normal,1,0,1,both,True,True
1645,test,not_normal,2,1,1,both,True,False
1646,train,normal,2,1,1,both,True,True
1647,val,normal,2,1,1,both,True,False
1648,test,not_normal,2,1,1,both,True,False
1649,test,not_normal,2,1,1,both,True,False
1650,train,not_normal,2,1,1,impression_only,True,True
1651,val,not_normal,2,1,1,impression_only,True,False
1652,train,not_normal,2,1,1,both,True,True
1653,train,not_normal,1,0,1,both,True,True
1654,train,not_normal,2,1,1,both,True,True
1655,val,normal,2,1,1,both,True,False
1656,train,normal,2,1,1,both,True,True
1657,train,normal,2,1,1,both,True,True
1658,train,not_normal,1,0,1,both,True,True
1659,train,normal,2,1,1,both,True,True
1660,train,not_normal,2,1,1,both,True,True
1661,val,normal,1,1,0,impression_only,True,False
1662,val,not_normal,1,1,0,both,True,False
1663,train,normal,2,1,1,both,True,True
1664,test,not_normal,2,1,1,impression_only,True,False
1665,train,not_normal,2,1,1,both,True,True
1666,train,not_normal,2,1,1,both,True,True
1667,train,not_normal,2,1,1,both,True,True
1668,train,not_normal,2,1,1,both,True,True
1669,val,not_normal,2,1,1,both,True,False
1670,train,not_normal,2,1,1,both,True,True
1671,train,normal,2,1,1,both,True,True
1672,val,normal,2,1,1,impression_only,True,False
1673,train,not_normal,2,1,1,both,True,True
1674,train,normal,2,1,1,both,True,True
1675,train,not_normal,2,1,1,both,True,True
1676,test,not_normal,2,1,1,both,True,False
1677,test,normal,3,1,2,both,True,False
1678,train,not_normal,2,1,1,both,True,True
1679,train,normal,2,1,1,both,True,True
1680,train,not_normal,2,1,1,impression_only,True,True
1681,train,normal,2,1,1,both,True,True
1682,val,not_normal,2,1,1,both,True,False
1683,train,not_normal,2,1,1,both,True,True
1684,train,normal,2,1,1,both,True,True
1685,train,not_normal,2,1,1,both,True,True
1686,train,not_normal,2,1,1,both,True,True
1687,train,not_normal,2,1,1,both,True,True
1688,test,normal,2,1,1,both,True,False
1689,train,normal,2,1,1,both,True,True
1690,train,normal,2,1,1,neither,False,False
1691,train,not_normal,2,1,1,both,True,True
1693,train,not_normal,1,1,0,both,True,True
1694,test,not_normal,2,1,1,both,True,False
1695,train,not_normal,2,1,1,both,True,True
1696,train,normal,2,1,1,both,True,True
1697,test,normal,2,1,1,both,True,False
1698,train,normal,2,1,1,both,True,True
1699,train,not_normal,2,0,2,both,True,True
1700,train,not_normal,2,1,1,impression_only,True,True
1701,train,normal,2,1,1,both,True,True
1702,train,not_normal,2,1,1,both,True,True
1703,val,not_normal,2,1,1,both,True,False
1704,train,not_normal,2,1,1,both,True,True
1705,test,normal,1,0,1,both,True,False
1706,train,not_normal,2,1,1,both,True,True
1707,val,normal,2,1,1,both,True,False
1708,train,not_normal,2,1,1,both,True,True
1709,train,not_normal,2,1,1,both,True,True
1710,train,normal,2,1,1,both,True,True
1711,train,not_normal,2,1,1,both,True,True
1712,train,not_normal,2,1,1,both,True,True
1713,train,normal,2,1,1,impression_only,True,True
1714,test,not_normal,1,1,0,both,True,False
1715,train,not_normal,1,0,1,both,True,True
1716,train,normal,2,1,1,impression_only,True,True
1717,train,not_normal,2,1,1,both,True,True
1718,train,not_normal,1,0,1,both,True,True
1719,train,normal,2,1,1,both,True,True
1720,test,not_normal,3,1,2,both,True,False
1721,test,normal,2,1,1,both,True,False
1722,train,not_normal,1,1,0,both,True,True
1723,train,not_normal,2,1,1,both,True,True
1724,train,not_normal,1,1,0,both,True,True
1725,test,not_normal,2,1,1,both,True,False
1726,test,normal,2,1,1,both,True,False
1727,train,not_normal,2,1,1,both,True,True
1728,train,not_normal,2,1,1,both,True,True
1729,train,not_normal,2,1,1,both,True,True
1730,train,not_normal,2,1,1,both,True,True
1731,val,not_normal,2,1,1,both,True,False
1732,train,normal,2,1,1,both,True,True
1733,train,not_normal,3,1,2,impression_only,True,True
1734,train,normal,2,1,1,both,True,True
1735,val,not_normal,2,1,1,both,True,False
1736,val,not_normal,2,1,1,both,True,False
1737,test,normal,2,1,1,both,True,False
1738,train,not_normal,2,1,1,both,True,True
1739,test,not_normal,2,1,1,both,True,False
1740,train,not_normal,2,1,1,both,True,True
1742,train,not_normal,2,1,1,both,True,True
1743,train,not_normal,2,1,1,both,True,True
1744,train,normal,2,1,1,both,True,True
1745,train,normal,2,1,1,both,True,True
1746,train,normal,2,1,1,impression_only,True,True
1747,test,not_normal,2,1,1,both,True,False
1748,val,normal,2,1,1,both,True,False
1750,train,not_normal,2,1,1,both,True,True
1751,val,normal,2,1,1,both,True,False
1752,train,not_normal,2,1,1,both,True,True
1753,val,not_normal,2,1,1,both,True,False
1754,train,not_normal,2,1,1,impression_only,True,True
1755,train,not_normal,2,1,1,impression_only,True,True
1756,test,normal,2,1,1,impression_only,True,False
1757,train,normal,1,1,0,both,True,True
1758,train,not_normal,2,1,1,both,True,True
1759,train,not_normal,2,1,1,both,True,True
1760,train,not_normal,2,1,1,both,True,True
1761,train,normal,1,1,0,neither,False,False
1762,train,not_normal,2,1,1,impression_only,True,True
1763,train,not_normal,2,1,1,both,True,True
1764,test,not_normal,1,1,0,both,True,False
1765,train,not_normal,2,1,1,both,True,True
1766,test,normal,2,1,1,both,True,False
1767,train,not_normal,2,1,1,both,True,True
1768,train,not_normal,3,2,1,both,True,True
1769,train,not_normal,1,1,0,both,True,True
1770,test,normal,2,1,1,both,True,False
1771,train,not_normal,2,1,1,both,True,True
1773,train,not_normal,2,1,1,impression_only,True,True
1774,train,not_normal,1,1,0,both,True,True
1775,train,normal,2,1,1,both,True,True
1776,train,not_normal,2,1,1,both,True,True
1777,train,not_normal,2,1,1,both,True,True
1778,train,normal,2,1,1,neither,False,False
1779,train,normal,2,1,1,both,True,True
1780,train,normal,2,1,1,both,True,True
1781,train,not_normal,2,1,1,both,True,True
1782,test,not_normal,2,1,1,both,True,False
1783,train,not_normal,2,1,1,impression_only,True,True
1784,train,not_normal,2,1,1,impression_only,True,True
1785,val,not_normal,2,1,1,both,True,False
1786,train,not_normal,2,1,1,both,True,True
1787,val,not_normal,2,1,1,both,True,False
1788,train,normal,2,1,1,both,True,True
1789,val,not_normal,1,1,0,impression_only,True,False
1790,train,normal,1,1,0,both,True,True
1791,val,not_normal,2,1,1,both,True,False
1792,train,not_normal,2,1,1,both,True,True
1793,val,normal,1,0,1,both,True,False
1794,train,normal,2,1,1,both,True,True
1795,train,not_normal,2,1,1,both,True,True
1796,train,normal,2,1,1,both,True,True
1797,val,not_normal,2,1,1,both,True,False
1798,val,not_normal,2,1,1,impression_only,True,False
1799,test,normal,2,1,1,both,True,False
1800,test,not_normal,2,1,1,both,True,False
1801,test,not_normal,2,1,1,both,True,False
1802,train,normal,2,1,1,both,True,True
1803,train,not_normal,3,2,1,impression_only,True,True
1804,train,not_normal,2,1,1,both,True,True
1805,test,normal,2,1,1,impression_only,True,False
1806,train,not_normal,1,0,1,both,True,True
1807,test,not_normal,2,1,1,both,True,False
1808,train,not_normal,2,1,1,both,True,True
1809,test,normal,2,1,1,impression_only,True,False
1810,train,normal,2,1,1,both,True,True
1811,train,not_normal,1,1,0,both,True,True
1812,test,normal,2,1,1,both,True,False
1813,test,normal,2,1,1,both,True,False
1814,train,normal,2,1,1,impression_only,True,True
1815,train,not_normal,2,1,1,both,True,True
1816,test,not_normal,2,1,1,both,True,False
1817,train,not_normal,1,1,0,both,True,True
1818,train,not_normal,2,1,1,impression_only,True,True
1819,val,not_normal,2,1,1,impression_only,True,False
1820,val,not_normal,2,1,1,both,True,False
1821,test,not_normal,2,1,1,both,True,False
1822,train,not_normal,2,1,1,both,True,True
1823,test,not_normal,2,1,1,both,True,False
1824,train,normal,1,1,0,both,True,True
1825,train,not_normal,2,1,1,impression_only,True,True
1826,val,normal,2,1,1,both,True,False
1827,train,normal,2,1,1,both,True,True
1828,train,normal,2,1,1,impression_only,True,True
1829,test,not_normal,2,1,1,both,True,False
1830,train,not_normal,1,0,1,both,True,True
1831,test,normal,2,1,1,both,True,False
1832,val,not_normal,2,1,1,both,True,False
1833,val,not_normal,2,1,1,both,True,False
1834,train,normal,2,1,1,both,True,True
1835,test,not_normal,2,1,1,both,True,False
1836,train,not_normal,2,1,1,both,True,True
1837,val,normal,1,1,0,both,True,False
1838,test,not_normal,1,0,1,both,True,False
1839,train,not_normal,2,1,1,both,True,True
1840,train,not_normal,2,1,1,both,True,True
1841,test,not_normal,2,1,1,both,True,False
1842,train,not_normal,2,1,1,impression_only,True,True
1843,train,normal,1,1,0,both,True,True
1844,train,not_normal,2,1,1,both,True,True
1845,train,not_normal,2,1,1,impression_only,True,True
1846,train,not_normal,2,1,1,both,True,True
1847,val,not_normal,2,1,1,both,True,False
1848,train,not_normal,2,1,1,both,True,True
1849,train,not_normal,2,1,1,both,True,True
1850,train,normal,1,0,1,both,True,True
1851,train,normal,2,1,1,both,True,True
1852,test,normal,2,1,1,both,True,False
1853,train,normal,2,1,1,both,True,True
1854,train,normal,2,1,1,both,True,True
1855,test,not_normal,2,1,1,both,True,False
1856,train,normal,1,1,0,both,True,True
1857,train,not_normal,2,1,1,both,True,True
1859,test,not_normal,2,1,1,impression_only,True,False
1860,train,not_normal,2,1,1,both,True,True
1861,train,normal,2,1,1,both,True,True
1863,train,not_normal,2,1,1,both,True,True
1864,train,not_normal,2,1,1,both,True,True
1865,train,not_normal,2,1,1,both,True,True
1866,test,not_normal,2,1,1,both,True,False
1867,train,not_normal,2,1,1,both,True,True
1868,test,not_normal,2,1,1,both,True,False
1870,test,not_normal,2,1,1,both,True,False
1871,test,normal,2,1,1,both,True,False
1872,val,not_normal,1,1,0,both,True,False
1873,train,not_normal,2,1,1,both,True,True
1874,train,not_normal,2,1,1,both,True,True
1875,train,not_normal,2,1,1,both,True,True
1876,train,not_normal,2,1,1,both,True,True
1877,train,normal,2,1,1,both,True,True
1878,train,not_normal,2,1,1,both,True,True
1879,train,normal,2,1,1,both,True,True
1880,train,not_normal,1,1,0,both,True,True
1881,val,not_normal,2,1,1,both,True,False
1882,val,normal,2,1,1,both,True,False
1883,train,not_normal,2,1,1,both,True,True
1884,test,not_normal,3,1,2,both,True,False
1885,test,normal,2,1,1,both,True,False
1886,train,not_normal,2,1,1,both,True,True
1887,train,not_normal,1,1,0,both,True,True
1888,train,not_normal,2,1,1,both,True,True
1889,train,not_normal,2,1,1,both,True,True
1891,train,not_normal,2,1,1,both,True,True
1892,train,not_normal,2,1,1,both,True,True
1893,test,not_normal,2,1,1,both,True,False
1894,train,not_normal,2,1,1,both,True,True
1895,train,not_normal,2,1,1,both,True,True
1896,train,normal,2,1,1,both,True,True
1897,train,not_normal,1,1,0,both,True,True
1898,train,not_normal,2,1,1,both,True,True
1899,train,normal,2,1,1,both,True,True
1900,train,not_normal,2,1,1,both,True,True
1901,train,not_normal,2,1,1,both,True,True
1902,train,normal,2,1,1,both,True,True
1903,train,normal,2,1,1,both,True,True
1904,val,not_normal,2,1,1,impression_only,True,False
1905,train,not_normal,2,1,1,both,True,True
1906,train,not_normal,2,1,1,impression_only,True,True
1907,val,normal,2,1,1,impression_only,True,False
1908,train,not_normal,2,1,1,both,True,True
1909,test,not_normal,2,1,1,both,True,False
1910,train,not_normal,3,1,2,impression_only,True,True
1911,train,normal,2,1,1,both,True,True
1912,test,normal,2,1,1,both,True,False
1913,train,not_normal,2,1,1,both,True,True
1914,val,not_normal,2,1,1,both,True,False
1915,test,normal,2,1,1,both,True,False
1916,test,not_normal,2,1,1,both,True,False
1918,val,not_normal,2,1,1,both,True,False
1919,train,not_normal,3,2,1,both,True,True
1920,train,normal,2,1,1,both,True,True
1921,train,not_normal,2,1,1,both,True,True
1922,train,normal,2,1,1,both,True,True
1923,train,not_normal,2,1,1,both,True,True
1924,train,not_normal,2,1,1,both,True,True
1925,train,not_normal,2,1,1,both,True,True
1926,train,not_normal,2,1,1,both,True,True
1927,train,not_normal,2,1,1,both,True,True
1928,train,normal,2,1,1,both,True,True
1929,train,not_normal,2,1,1,both,True,True
1930,train,not_normal,2,1,1,both,True,True
1931,train,normal,2,1,1,both,True,True
1932,train,normal,2,1,1,both,True,True
1933,train,not_normal,2,1,1,both,True,True
1934,train,not_normal,2,1,1,both,True,True
1935,train,not_normal,2,1,1,both,True,True
1936,train,not_normal,2,1,1,both,True,True
1937,val,normal,2,1,1,both,True,False
1938,train,normal,2,1,1,both,True,True
1939,val,not_normal,1,1,0,both,True,False
1940,train,normal,2,1,1,both,True,True
1941,val,not_normal,1,0,1,both,True,False
1942,train,not_normal,1,0,1,both,True,True
1943,val,not_normal,2,1,1,both,True,False
1944,val,not_normal,2,1,1,impression_only,True,False
1945,val,not_normal,2,0,2,impression_only,True,False
1946,train,not_normal,2,1,1,both,True,True
1947,val,not_normal,2,1,1,both,True,False
1948,val,normal,2,1,1,both,True,False
1949,train,not_normal,3,2,1,impression_only,True,True
1950,train,normal,2,1,1,both,True,True
1951,train,normal,2,1,1,both,True,True
1952,test,not_normal,1,0,1,both,True,False
1953,test,normal,2,1,1,both,True,False
1954,train,normal,2,1,1,both,True,True
1956,test,normal,2,1,1,both,True,False
1957,train,not_normal,2,1,1,both,True,True
1958,train,not_normal,2,1,1,both,True,True
1959,test,not_normal,2,1,1,both,True,False
1960,val,normal,2,1,1,both,True,False
1961,train,not_normal,2,1,1,both,True,True
1962,test,not_normal,2,1,1,both,True,False
1963,train,normal,2,1,1,both,True,True
1964,train,normal,2,1,1,both,True,True
1965,train,not_normal,2,1,1,both,True,True
1966,train,normal,2,1,1,both,True,True
1967,train,not_normal,2,1,1,both,True,True
1968,train,not_normal,2,1,1,both,True,True
1969,train,normal,1,1,0,impression_only,True,True
1970,train,not_normal,2,1,1,both,True,True
1971,train,normal,2,1,1,impression_only,True,True
1972,train,not_normal,2,1,1,both,True,True
1973,test,not_normal,2,1,1,both,True,False
1974,test,normal,2,1,1,both,True,False
1975,train,normal,3,2,1,impression_only,True,True
1976,val,not_normal,3,3,0,impression_only,True,False
1977,train,not_normal,2,1,1,impression_only,True,True
1978,train,not_normal,2,1,1,both,True,True
1979,train,normal,2,1,1,both,True,True
1980,val,normal,2,1,1,both,True,False
1981,train,not_normal,2,1,1,both,True,True
1982,train,not_normal,2,1,1,impression_only,True,True
1983,test,normal,2,1,1,impression_only,True,False
1984,train,not_normal,2,1,1,both,True,True
1985,train,normal,2,1,1,both,True,True
1986,test,not_normal,1,1,0,both,True,False
1987,train,normal,2,1,1,both,True,True
1988,val,not_normal,2,1,1,impression_only,True,False
1990,train,not_normal,2,1,1,both,True,True
1991,train,not_normal,2,1,1,both,True,True
1992,train,not_normal,2,1,1,both,True,True
1993,train,not_normal,2,1,1,both,True,True
1994,train,normal,2,1,1,both,True,True
1995,train,normal,2,1,1,both,True,True
1997,train,normal,2,1,1,both,True,True
1999,train,normal,2,1,1,both,True,True
2000,train,normal,2,1,1,both,True,True
2001,test,not_normal,2,1,1,impression_only,True,False
2002,train,not_normal,2,1,1,both,True,True
2003,val,not_normal,2,1,1,both,True,False
2005,train,normal,2,1,1,both,True,True
2006,val,not_normal,2,1,1,both,True,False
2007,train,not_normal,2,1,1,both,True,True
2008,train,normal,2,1,1,both,True,True
2010,train,normal,2,1,1,impression_only,True,True
2011,test,not_normal,2,1,1,both,True,False
2012,train,normal,2,1,1,both,True,True
2013,train,not_normal,2,1,1,both,True,True
2014,train,not_normal,2,1,1,both,True,True
2015,train,normal,2,1,1,both,True,True
2016,test,normal,2,1,1,both,True,False
2017,test,normal,2,1,1,both,True,False
2018,train,not_normal,2,1,1,impression_only,True,True
2019,train,normal,2,1,1,both,True,True
2020,train,normal,2,1,1,both,True,True
2021,train,not_normal,2,1,1,both,True,True
2022,test,not_normal,2,1,1,both,True,False
2023,train,normal,2,1,1,both,True,True
2024,train,normal,2,1,1,impression_only,True,True
2025,val,normal,1,0,1,both,True,False
2026,val,normal,2,1,1,both,True,False
2027,train,not_normal,2,1,1,both,True,True
2028,train,normal,2,1,1,both,True,True
2029,train,normal,2,1,1,both,True,True
2030,train,not_normal,2,1,1,both,True,True
2031,train,normal,2,1,1,both,True,True
2032,train,normal,2,1,1,both,True,True
2033,val,not_normal,2,1,1,both,True,False
2034,train,not_normal,2,1,1,both,True,True
2035,train,not_normal,1,1,0,both,True,True
2036,train,not_normal,2,1,1,both,True,True
2038,val,normal,2,1,1,both,True,False
2039,train,not_normal,2,1,1,both,True,True
2040,train,not_normal,2,1,1,impression_only,True,True
2041,train,normal,3,2,1,both,True,True
2042,train,not_normal,2,1,1,impression_only,True,True
2043,train,not_normal,2,1,1,impression_only,True,True
2044,train,not_normal,2,1,1,both,True,True
2045,train,not_normal,2,1,1,both,True,True
2046,train,not_normal,2,1,1,both,True,True
2047,train,not_normal,2,1,1,both,True,True
2048,train,not_normal,2,1,1,both,True,True
2049,val,not_normal,2,1,1,impression_only,True,False
2050,train,not_normal,2,1,1,impression_only,True,True
2052,train,not_normal,2,1,1,both,True,True
2053,test,normal,2,1,1,both,True,False
2054,train,not_normal,3,1,2,impression_only,True,True
2055,test,not_normal,2,1,1,impression_only,True,False
2056,train,normal,2,1,1,both,True,True
2058,val,not_normal,2,1,1,both,True,False
2059,train,not_normal,2,1,1,both,True,True
2060,test,not_normal,2,1,1,both,True,False
2061,train,normal,2,1,1,both,True,True
2062,val,not_normal,2,1,1,both,True,False
2063,test,not_normal,2,1,1,impression_only,True,False
2065,test,not_normal,2,1,1,both,True,False
2066,val,not_normal,2,1,1,both,True,False
2067,test,normal,2,1,1,both,True,False
2068,test,normal,2,1,1,both,True,False
2069,val,normal,2,1,1,both,True,False
2070,test,not_normal,2,1,1,both,True,False
2071,train,not_normal,1,0,1,both,True,True
2072,train,not_normal,2,1,1,both,True,True
2073,train,not_normal,2,1,1,impression_only,True,True
2074,val,not_normal,2,1,1,both,True,False
2075,val,normal,2,1,1,both,True,False
2077,train,not_normal,2,1,1,both,True,True
2078,train,normal,2,1,1,both,True,True
2079,test,not_normal,2,1,1,both,True,False
2080,train,not_normal,2,1,1,impression_only,True,True
2081,train,normal,2,1,1,both,True,True
2082,train,not_normal,2,1,1,both,True,True
2083,train,normal,2,1,1,both,True,True
2084,train,not_normal,2,1,1,both,True,True
2085,train,not_normal,1,0,1,both,True,True
2086,train,normal,2,1,1,both,True,True
2087,train,normal,3,1,2,impression_only,True,True
2088,test,not_normal,2,1,1,both,True,False
2089,train,normal,2,1,1,impression_only,True,True
2090,train,normal,2,1,1,both,True,True
2091,train,not_normal,2,1,1,both,True,True
2092,train,not_normal,2,1,1,both,True,True
2093,test,not_normal,2,1,1,both,True,False
2094,val,not_normal,2,1,1,both,True,False
2095,test,not_normal,2,1,1,both,True,False
2096,val,normal,2,1,1,both,True,False
2097,train,normal,4,1,3,both,True,True
2098,train,normal,2,1,1,both,True,True
2099,train,normal,2,1,1,both,True,True
2100,val,not_normal,2,1,1,both,True,False
2102,train,not_normal,2,1,1,both,True,True
2103,train,normal,2,1,1,both,True,True
2105,train,not_normal,2,1,1,impression_only,True,True
2106,test,normal,2,1,1,both,True,False
2108,test,not_normal,2,1,1,both,True,False
2109,test,not_normal,2,1,1,both,True,False
2110,train,normal,2,1,1,both,True,True
2111,test,not_normal,2,1,1,both,True,False
2112,train,not_normal,2,1,1,both,True,True
2113,train,not_normal,2,1,1,both,True,True
2114,train,not_normal,2,1,1,impression_only,True,True
2115,train,normal,2,1,1,neither,False,False
2116,val,not_normal,2,1,1,both,True,False
2117,train,not_normal,2,1,1,both,True,True
2118,train,not_normal,2,0,2,both,True,True
2119,train,not_normal,2,1,1,both,True,True
2120,test,normal,2,1,1,both,True,False
2121,train,not_normal,2,1,1,both,True,True
2122,train,not_normal,1,0,1,both,True,True
2123,train,not_normal,2,1,1,both,True,True
2124,train,not_normal,2,1,1,both,True,True
2125,train,not_normal,2,1,1,impression_only,True,True
2126,train,not_normal,2,1,1,impression_only,True,True
2127,train,not_normal,2,1,1,both,True,True
2128,train,not_normal,2,1,1,impression_only,True,True
2129,train,normal,2,1,1,both,True,True
2130,train,not_normal,2,1,1,both,True,True
2131,train,normal,2,1,1,both,True,True
2132,test,not_normal,2,1,1,both,True,False
2133,train,not_normal,2,1,1,impression_only,True,True
2134,train,not_normal,2,1,1,impression_only,True,True
2135,train,not_normal,2,1,1,both,True,True
2136,train,normal,2,1,1,both,True,True
2137,train,not_normal,2,1,1,impression_only,True,True
2138,val,not_normal,2,1,1,both,True,False
2139,train,not_normal,2,1,1,both,True,True
2140,val,not_normal,2,1,1,both,True,False
2141,train,not_normal,1,1,0,both,True,True
2142,train,not_normal,1,1,0,both,True,True
2143,train,not_normal,2,1,1,impression_only,True,True
2144,train,not_normal,2,1,1,both,True,True
2145,train,normal,3,1,2,both,True,True
2146,test,normal,3,2,1,both,True,False
2147,train,not_normal,2,1,1,both,True,True
2148,val,normal,2,1,1,both,True,False
2149,train,not_normal,2,1,1,both,True,True
2150,train,not_normal,2,1,1,both,True,True
2151,test,not_normal,2,1,1,both,True,False
2152,train,normal,2,1,1,both,True,True
2153,val,not_normal,1,1,0,both,True,False
2154,train,not_normal,2,1,1,impression_only,True,True
2155,train,not_normal,1,0,1,both,True,True
2156,test,normal,2,1,1,both,True,False
2157,val,normal,2,1,1,impression_only,True,False
2158,test,not_normal,2,1,1,both,True,False
2159,test,normal,2,1,1,both,True,False
2160,val,normal,2,1,1,both,True,False
2161,train,normal,2,1,1,both,True,True
2162,train,not_normal,2,1,1,both,True,True
2163,train,not_normal,2,1,1,both,True,True
2164,train,not_normal,2,1,1,impression_only,True,True
2165,test,not_normal,2,1,1,both,True,False
2166,train,not_normal,1,1,0,both,True,True
2167,train,not_normal,2,1,1,both,True,True
2168,test,not_normal,2,1,1,both,True,False
2169,train,not_normal,3,2,1,both,True,True
2170,val,normal,2,1,1,impression_only,True,False
2171,train,not_normal,2,1,1,both,True,True
2172,train,not_normal,2,1,1,both,True,True
2173,val,not_normal,2,1,1,both,True,False
2174,train,normal,2,1,1,both,True,True
2175,train,normal,1,1,0,both,True,True
2176,test,normal,2,1,1,both,True,False
2177,val,not_normal,3,1,2,both,True,False
2178,test,not_normal,2,1,1,impression_only,True,False
2179,train,not_normal,2,1,1,both,True,True
2180,train,not_normal,2,1,1,impression_only,True,True
2181,train,not_normal,2,1,1,both,True,True
2183,train,not_normal,2,1,1,both,True,True
2184,train,not_normal,2,1,1,both,True,True
2185,train,not_normal,2,1,1,both,True,True
2186,val,not_normal,2,1,1,both,True,False
2187,train,not_normal,1,1,0,both,True,True
2188,train,not_normal,2,1,1,impression_only,True,True
2189,test,normal,2,1,1,both,True,False
2190,test,not_normal,2,1,1,both,True,False
2191,val,not_normal,1,1,0,both,True,False
2192,train,not_normal,2,1,1,both,True,True
2193,test,not_normal,1,1,0,both,True,False
2194,train,not_normal,3,2,1,impression_only,True,True
2195,test,not_normal,2,1,1,both,True,False
2197,train,not_normal,2,1,1,both,True,True
2198,test,normal,2,1,1,both,True,False
2199,train,not_normal,1,0,1,both,True,True
2200,train,not_normal,2,1,1,both,True,True
2201,train,not_normal,1,0,1,both,True,True
2202,train,normal,2,1,1,impression_only,True,True
2203,train,not_normal,2,1,1,both,True,True
2204,val,not_normal,2,1,1,both,True,False
2205,train,not_normal,1,1,0,both,True,True
2206,test,not_normal,2,1,1,both,True,False
2207,val,not_normal,2,1,1,both,True,False
2208,train,not_normal,2,1,1,both,True,True
2209,train,not_normal,2,1,1,both,True,True
2210,train,normal,2,1,1,both,True,True
2211,train,not_normal,2,1,1,both,True,True
2212,val,normal,2,1,1,both,True,False
2213,test,not_normal,2,1,1,both,True,False
2214,train,normal,1,0,1,both,True,True
2215,test,normal,2,1,1,both,True,False
2216,train,not_normal,2,1,1,both,True,True
2217,train,not_normal,2,1,1,both,True,True
2218,train,not_normal,3,2,1,both,True,True
2219,train,not_normal,2,1,1,impression_only,True,True
2220,train,not_normal,1,1,0,both,True,True
2221,train,not_normal,2,1,1,impression_only,True,True
2222,train,not_normal,2,1,1,both,True,True
2223,val,normal,2,1,1,both,True,False
2224,train,not_normal,2,1,1,both,True,True
2225,train,normal,2,1,1,both,True,True
2226,train,not_normal,2,1,1,both,True,True
2227,train,not_normal,1,0,1,both,True,True
2228,val,normal,2,1,1,impression_only,True,False
2229,train,not_normal,2,1,1,both,True,True
2230,train,normal,2,1,1,both,True,True
2231,test,not_normal,3,1,2,both,True,False
2232,train,normal,2,1,1,both,True,True
2233,val,not_normal,2,1,1,both,True,False
2234,train,not_normal,2,1,1,impression_only,True,True
2235,val,not_normal,2,1,1,both,True,False
2236,val,normal,2,1,1,both,True,False
2237,train,not_normal,2,1,1,impression_only,True,True
2238,val,normal,2,1,1,both,True,False
2239,val,not_normal,2,1,1,both,True,False
2240,train,normal,2,1,1,both,True,True
2241,test,not_normal,1,1,0,both,True,False
2242,train,not_normal,2,1,1,impression_only,True,True
2243,train,not_normal,4,2,2,both,True,True
2244,val,normal,2,1,1,impression_only,True,False
2245,train,normal,2,1,1,both,True,True
2246,test,not_normal,2,1,1,both,True,False
2247,train,normal,2,1,1,both,True,True
2248,train,normal,2,1,1,both,True,True
2249,train,not_normal,2,1,1,impression_only,True,True
2250,train,not_normal,1,1,0,both,True,True
2251,train,normal,1,1,0,both,True,True
2252,train,normal,2,1,1,both,True,True
2253,val,not_normal,2,1,1,both,True,False
2254,train,not_normal,1,1,0,both,True,True
2255,train,not_normal,2,1,1,both,True,True
2256,train,normal,3,2,1,both,True,True
2257,train,not_normal,2,1,1,both,True,True
2258,train,not_normal,2,1,1,both,True,True
2259,test,not_normal,2,1,1,both,True,False
2260,train,normal,2,1,1,both,True,True
2261,train,not_normal,2,1,1,both,True,True
2262,train,not_normal,2,1,1,both,True,True
2263,train,not_normal,2,1,1,both,True,True
2264,train,not_normal,2,1,1,both,True,True
2265,train,not_normal,2,1,1,impression_only,True,True
2266,test,not_normal,3,2,1,impression_only,True,False
2267,train,not_normal,2,1,1,both,True,True
2268,train,not_normal,2,1,1,impression_only,True,True
2269,train,normal,2,1,1,both,True,True
2270,val,not_normal,2,1,1,both,True,False
2271,train,not_normal,1,1,0,both,True,True
2272,train,not_normal,2,1,1,impression_only,True,True
2273,train,normal,2,1,1,both,True,True
2274,test,not_normal,1,1,0,both,True,False
2275,train,not_normal,2,1,1,both,True,True
2276,train,not_normal,2,1,1,both,True,True
2277,val,normal,2,1,1,both,True,False
2278,train,not_normal,2,1,1,both,True,True
2279,test,not_normal,2,1,1,both,True,False
2280,train,not_normal,4,3,1,impression_only,True,True
2281,train,normal,1,0,1,both,True,True
2282,train,normal,2,1,1,both,True,True
2283,train,not_normal,2,1,1,both,True,True
2285,train,not_normal,2,1,1,both,True,True
2286,train,not_normal,2,1,1,both,True,True
2287,train,not_normal,2,1,1,impression_only,True,True
2288,train,normal,2,1,1,both,True,True
2289,train,not_normal,2,1,1,both,True,True
2290,val,normal,2,1,1,both,True,False
2291,train,not_normal,2,1,1,both,True,True
2292,train,normal,2,1,1,both,True,True
2293,train,not_normal,2,1,1,both,True,True
2294,test,normal,2,1,1,impression_only,True,False
2295,train,not_normal,2,1,1,both,True,True
2296,train,not_normal,2,1,1,both,True,True
2297,test,not_normal,2,1,1,both,True,False
2298,val,not_normal,1,0,1,both,True,False
2299,test,not_normal,2,1,1,both,True,False
2300,train,normal,2,1,1,both,True,True
2301,train,not_normal,2,1,1,both,True,True
2302,test,normal,1,1,0,both,True,False
2303,test,normal,2,1,1,impression_only,True,False
2304,train,normal,2,1,1,both,True,True
2305,train,not_normal,2,1,1,both,True,True
2306,train,not_normal,2,1,1,both,True,True
2307,test,not_normal,2,1,1,both,True,False
2308,train,normal,3,2,1,impression_only,True,True
2310,val,normal,2,1,1,both,True,False
2311,train,normal,2,1,1,both,True,True
2312,train,normal,2,1,1,both,True,True
2313,val,normal,2,1,1,both,True,False
2314,train,not_normal,2,1,1,both,True,True
2315,test,not_normal,2,1,1,both,True,False
2316,train,normal,2,1,1,both,True,True
2317,train,not_normal,2,1,1,both,True,True
2318,train,not_normal,2,1,1,impression_only,True,True
2319,test,normal,2,1,1,impression_only,True,False
2320,train,not_normal,2,1,1,both,True,True
2321,test,normal,3,2,1,both,True,False
2322,test,not_normal,2,1,1,both,True,False
2323,train,normal,2,1,1,both,True,True
2324,train,normal,2,1,1,both,True,True
2325,train,not_normal,2,1,1,impression_only,True,True
2326,val,not_normal,2,1,1,both,True,False
2327,train,not_normal,2,1,1,both,True,True
2328,val,not_normal,2,1,1,both,True,False
2329,val,normal,1,0,1,both,True,False
2330,train,not_normal,1,0,1,impression_only,True,True
2331,train,not_normal,1,1,0,both,True,True
2332,train,normal,2,1,1,both,True,True
2333,train,not_normal,1,0,1,both,True,True
2334,test,not_normal,2,1,1,both,True,False
2335,train,not_normal,2,1,1,both,True,True
2336,train,not_normal,3,2,1,both,True,True
2337,train,not_normal,1,0,1,both,True,True
2338,train,not_normal,3,2,1,both,True,True
2339,train,normal,1,1,0,both,True,True
2340,test,not_normal,2,1,1,both,True,False
2341,train,not_normal,2,1,1,both,True,True
2342,train,not_normal,2,1,1,both,True,True
2343,train,not_normal,2,1,1,both,True,True
2344,val,not_normal,2,1,1,both,True,False
2345,test,not_normal,2,1,1,both,True,False
2347,train,not_normal,1,1,0,both,True,True
2348,train,not_normal,2,1,1,both,True,True
2349,test,normal,2,1,1,both,True,False
2350,train,not_normal,2,1,1,both,True,True
2351,train,not_normal,2,1,1,both,True,True
2352,train,not_normal,1,1,0,impression_only,True,True
2353,train,normal,2,1,1,both,True,True
2354,train,normal,2,1,1,both,True,True
2355,train,not_normal,2,1,1,both,True,True
2356,val,not_normal,2,1,1,both,True,False
2357,train,normal,2,1,1,both,True,True
2358,train,normal,2,1,1,both,True,True
2359,train,not_normal,1,0,1,both,True,True
2360,train,normal,2,1,1,both,True,True
2361,train,not_normal,2,1,1,both,True,True
2362,train,normal,2,1,1,both,True,True
2363,val,not_normal,2,1,1,both,True,False
2364,train,not_normal,2,1,1,both,True,True
2365,val,normal,2,1,1,both,True,False
2366,val,not_normal,2,1,1,impression_only,True,False
2367,train,normal,1,1,0,both,True,True
2368,val,not_normal,2,1,1,both,True,False
2369,train,not_normal,1,0,1,both,True,True
2370,train,not_normal,2,1,1,both,True,True
2371,train,not_normal,2,1,1,both,True,True
2372,train,not_normal,2,1,1,both,True,True
2373,train,not_normal,1,1,0,both,True,True
2374,train,normal,2,1,1,impression_only,True,True
2375,train,not_normal,2,1,1,both,True,True
2376,train,normal,2,1,1,both,True,True
2377,val,normal,2,1,1,both,True,False
2378,train,not_normal,2,1,1,both,True,True
2379,train,not_normal,2,1,1,both,True,True
2380,val,not_normal,2,1,1,both,True,False
2381,train,not_normal,2,1,1,both,True,True
2382,train,not_normal,2,1,1,both,True,True
2383,train,not_normal,2,1,1,both,True,True
2384,test,not_normal,2,1,1,both,True,False
2385,train,normal,2,1,1,impression_only,True,True
2386,train,not_normal,2,1,1,both,True,True
2387,train,not_normal,2,1,1,both,True,True
2388,val,normal,1,1,0,both,True,False
2389,test,normal,2,1,1,both,True,False
2390,train,not_normal,2,1,1,both,True,True
2391,test,normal,2,1,1,both,True,False
2392,train,normal,1,1,0,both,True,True
2393,train,not_normal,2,1,1,both,True,True
2394,train,normal,2,1,1,both,True,True
2395,test,normal,2,1,1,both,True,False
2396,val,not_normal,2,1,1,both,True,False
2397,train,normal,3,1,2,both,True,True
2398,train,not_normal,3,2,1,both,True,True
2400,test,not_normal,2,1,1,impression_only,True,False
2401,train,normal,2,1,1,both,True,True
2402,train,not_normal,2,1,1,both,True,True
2403,test,not_normal,2,1,1,both,True,False
2404,train,not_normal,2,1,1,impression_only,True,True
2405,train,not_normal,2,1,1,impression_only,True,True
2406,train,not_normal,2,1,1,both,True,True
2407,train,not_normal,2,1,1,both,True,True
2408,train,not_normal,2,1,1,both,True,True
2409,train,not_normal,1,1,0,both,True,True
2410,test,not_normal,2,1,1,both,True,False
2411,train,not_normal,2,1,1,both,True,True
2412,train,not_normal,2,1,1,both,True,True
2413,test,normal,2,1,1,both,True,False
2414,test,not_normal,1,0,1,both,True,False
2415,val,not_normal,2,1,1,both,True,False
2416,val,not_normal,2,1,1,both,True,False
2417,train,not_normal,2,1,1,both,True,True
2418,train,not_normal,1,1,0,both,True,True
2419,train,not_normal,2,1,1,impression_only,True,True
2420,train,not_normal,2,1,1,both,True,True
2421,train,not_normal,1,0,1,both,True,True
2422,train,not_normal,2,1,1,both,True,True
2423,test,normal,2,1,1,both,True,False
2424,val,not_normal,2,1,1,both,True,False
2425,train,not_normal,3,2,1,both,True,True
2426,test,not_normal,1,0,1,both,True,False
2427,train,not_normal,2,1,1,both,True,True
2428,train,not_normal,2,1,1,both,True,True
2430,train,not_normal,1,0,1,both,True,True
2431,train,not_normal,2,1,1,both,True,True
2432,train,normal,2,1,1,both,True,True
2433,train,not_normal,3,2,1,both,True,True
2434,train,not_normal,2,1,1,both,True,True
2435,train,normal,2,1,1,impression_only,True,True
2436,train,normal,2,1,1,impression_only,True,True
2437,train,normal,2,1,1,both,True,True
2438,train,normal,2,1,1,both,True,True
2439,test,not_normal,2,1,1,both,True,False
2440,test,not_normal,2,1,1,both,True,False
2441,train,not_normal,2,1,1,both,True,True
2442,train,not_normal,2,1,1,both,True,True
2443,train,not_normal,2,1,1,both,True,True
2444,train,not_normal,2,1,1,both,True,True
2445,test,normal,2,1,1,both,True,False
2446,train,not_normal,2,1,1,both,True,True
2447,train,not_normal,2,1,1,both,True,True
2448,train,not_normal,2,1,1,both,True,True
2449,test,not_normal,2,1,1,both,True,False
2450,train,normal,2,1,1,both,True,True
2451,train,not_normal,2,1,1,both,True,True
2453,val,normal,2,1,1,both,True,False
2454,train,not_normal,2,1,1,both,True,True
2455,train,not_normal,2,1,1,impression_only,True,True
2456,train,not_normal,2,1,1,both,True,True
2457,train,normal,2,1,1,both,True,True
2458,train,not_normal,2,1,1,both,True,True
2459,train,normal,2,1,1,both,True,True
2460,train,normal,2,1,1,impression_only,True,True
2461,train,normal,2,1,1,impression_only,True,True
2462,train,not_normal,2,1,1,both,True,True
2463,train,not_normal,2,1,1,impression_only,True,True
2464,train,normal,2,1,1,both,True,True
2465,train,not_normal,2,1,1,both,True,True
2466,train,normal,2,1,1,both,True,True
2467,test,not_normal,2,1,1,both,True,False
2468,test,not_normal,2,1,1,impression_only,True,False
2469,train,not_normal,2,1,1,both,True,True
2470,train,normal,3,2,1,both,True,True
2471,test,normal,2,1,1,both,True,False
2472,train,not_normal,1,0,1,impression_only,True,True
2473,train,not_normal,2,1,1,both,True,True
2474,train,not_normal,1,1,0,both,True,True
2475,val,not_normal,2,1,1,both,True,False
2476,train,not_normal,2,1,1,both,True,True
2477,train,not_normal,2,1,1,both,True,True
2478,train,not_normal,2,1,1,both,True,True
2479,train,not_normal,1,0,1,both,True,True
2480,train,normal,2,1,1,both,True,True
2481,train,not_normal,1,0,1,both,True,True
2482,train,not_normal,2,1,1,impression_only,True,True
2483,test,not_normal,2,1,1,both,True,False
2484,train,not_normal,2,1,1,both,True,True
2485,train,not_normal,2,1,1,both,True,True
2486,train,not_normal,2,1,1,both,True,True
2487,train,normal,2,1,1,both,True,True
2488,train,not_normal,1,1,0,impression_only,True,True
2489,train,not_normal,2,1,1,both,True,True
2490,train,not_normal,2,1,1,impression_only,True,True
2491,train,normal,2,1,1,both,True,True
2492,train,not_normal,2,1,1,both,True,True
2493,val,normal,2,1,1,both,True,False
2494,train,not_normal,2,1,1,both,True,True
2495,train,not_normal,2,1,1,impression_only,True,True
2496,train,not_normal,1,0,1,both,True,True
2497,train,not_normal,2,1,1,impression_only,True,True
2498,val,not_normal,2,1,1,impression_only,True,False
2499,train,not_normal,2,0,2,both,True,True
2501,train,not_normal,2,1,1,both,True,True
2502,train,not_normal,2,1,1,both,True,True
2503,val,not_normal,2,1,1,both,True,False
2504,test,normal,2,1,1,both,True,False
2505,train,not_normal,2,1,1,both,True,True
2506,test,not_normal,2,1,1,both,True,False
2507,train,not_normal,2,1,1,both,True,True
2509,train,not_normal,2,1,1,both,True,True
2510,train,not_normal,2,1,1,both,True,True
2511,test,not_normal,2,1,1,both,True,False
2512,train,not_normal,1,1,0,impression_only,True,True
2513,val,not_normal,1,1,0,both,True,False
2514,train,not_normal,2,1,1,both,True,True
2515,val,normal,1,1,0,both,True,False
2516,train,not_normal,2,1,1,both,True,True
2517,val,normal,2,1,1,both,True,False
2518,test,not_normal,2,1,1,both,True,False
2519,train,not_normal,2,1,1,both,True,True
2520,train,not_normal,2,1,1,both,True,True
2522,train,not_normal,1,1,0,both,True,True
2523,test,normal,2,1,1,both,True,False
2524,train,not_normal,2,1,1,both,True,True
2525,train,not_normal,1,0,1,impression_only,True,True
2526,train,normal,2,1,1,impression_only,True,True
2527,test,normal,2,1,1,both,True,False
2528,train,not_normal,2,1,1,both,True,True
2529,train,normal,2,1,1,both,True,True
2530,train,not_normal,1,1,0,both,True,True
2531,train,not_normal,2,1,1,both,True,True
2532,train,not_normal,2,1,1,both,True,True
2533,val,normal,2,1,1,both,True,False
2535,train,normal,1,0,1,both,True,True
2536,train,not_normal,2,1,1,both,True,True
2537,train,not_normal,2,1,1,both,True,True
2538,train,normal,2,1,1,both,True,True
2539,train,normal,3,2,1,both,True,True
2540,train,normal,2,1,1,both,True,True
2541,train,normal,2,1,1,both,True,True
2542,val,normal,2,1,1,both,True,False
2543,train,not_normal,3,1,2,impression_only,True,True
2544,test,not_normal,2,1,1,both,True,False
2545,val,normal,2,1,1,both,True,False
2546,val,not_normal,2,1,1,both,True,False
2547,train,not_normal,1,1,0,both,True,True
2548,train,not_normal,2,1,1,impression_only,True,True
2549,train,normal,2,1,1,both,True,True
2550,val,not_normal,1,0,1,impression_only,True,False
2551,train,normal,2,1,1,both,True,True
2552,train,normal,2,1,1,both,True,True
2553,test,not_normal,2,1,1,both,True,False
2554,train,not_normal,2,1,1,both,True,True
2555,train,not_normal,2,1,1,both,True,True
2557,train,not_normal,2,1,1,impression_only,True,True
2558,train,normal,2,1,1,both,True,True
2559,train,normal,2,1,1,both,True,True
2560,train,not_normal,3,2,1,both,True,True
2561,train,normal,1,1,0,both,True,True
2562,train,not_normal,2,1,1,both,True,True
2563,train,normal,2,1,1,both,True,True
2564,val,normal,2,1,1,both,True,False
2565,train,not_normal,2,1,1,both,True,True
2566,train,normal,2,1,1,impression_only,True,True
2567,train,normal,2,1,1,both,True,True
2568,train,not_normal,2,1,1,both,True,True
2569,test,not_normal,3,1,2,both,True,False
2570,train,not_normal,2,1,1,both,True,True
2571,val,not_normal,1,0,1,both,True,False
2572,test,normal,2,1,1,both,True,False
2573,train,normal,1,1,0,both,True,True
2574,train,not_normal,2,1,1,impression_only,True,True
2575,val,not_normal,2,1,1,both,True,False
2576,train,not_normal,1,1,0,both,True,True
2577,train,not_normal,2,1,1,both,True,True
2578,test,not_normal,2,1,1,both,True,False
2579,train,normal,2,1,1,both,True,True
2580,train,not_normal,2,1,1,both,True,True
2581,train,not_normal,2,1,1,both,True,True
2582,train,not_normal,1,0,1,both,True,True
2583,train,normal,2,1,1,both,True,True
2584,train,normal,2,1,1,both,True,True
2585,train,not_normal,2,1,1,both,True,True
2586,train,not_normal,2,1,1,impression_only,True,True
2587,test,not_normal,1,0,1,both,True,False
2588,train,not_normal,2,1,1,both,True,True
2589,train,not_normal,2,1,1,both,True,True
2590,train,normal,2,1,1,both,True,True
2591,val,normal,2,1,1,both,True,False
2592,train,normal,2,1,1,both,True,True
2593,test,not_normal,2,1,1,both,True,False
2594,val,not_normal,3,1,2,both,True,False
2595,train,normal,2,1,1,both,True,True
2596,val,normal,2,1,1,both,True,False
2597,train,not_normal,2,1,1,both,True,True
2599,test,not_normal,1,1,0,both,True,False
2600,train,not_normal,2,1,1,both,True,True
2601,train,normal,1,1,0,neither,False,False
2604,train,normal,2,1,1,impression_only,True,True
2605,val,normal,1,1,0,both,True,False
2606,test,not_normal,1,0,1,both,True,False
2607,train,not_normal,2,1,1,impression_only,True,True
2608,train,not_normal,2,1,1,both,True,True
2609,train,normal,2,1,1,impression_only,True,True
2610,train,not_normal,2,1,1,both,True,True
2611,train,normal,3,2,1,both,True,True
2612,val,normal,2,1,1,both,True,False
2613,train,not_normal,2,1,1,impression_only,True,True
2614,train,not_normal,2,1,1,both,True,True
2615,test,not_normal,2,1,1,both,True,False
2616,val,not_normal,2,1,1,both,True,False
2617,train,not_normal,2,1,1,both,True,True
2618,train,not_normal,2,1,1,both,True,True
2619,train,not_normal,1,1,0,impression_only,True,True
2620,train,normal,2,1,1,both,True,True
2621,train,normal,2,1,1,both,True,True
2622,val,not_normal,2,1,1,both,True,False
2623,train,normal,2,1,1,both,True,True
2624,val,not_normal,2,1,1,both,True,False
2625,train,normal,2,1,1,both,True,True
2626,train,normal,2,1,1,impression_only,True,True
2627,train,not_normal,2,1,1,both,True,True
2628,train,not_normal,2,1,1,both,True,True
2629,val,normal,2,1,1,both,True,False
2630,test,not_normal,1,0,1,impression_only,True,False
2631,train,not_normal,2,1,1,both,True,True
2632,train,normal,2,1,1,both,True,True
2633,train,not_normal,2,1,1,both,True,True
2634,val,not_normal,1,0,1,both,True,False
2635,train,normal,1,0,1,both,True,True
2636,test,not_normal,2,1,1,both,True,False
2637,train,not_normal,3,1,2,both,True,True
2638,train,normal,2,1,1,both,True,True
2639,train,not_normal,2,1,1,both,True,True
2640,test,normal,1,1,0,both,True,False
2642,train,not_normal,2,1,1,impression_only,True,True
2643,train,normal,2,1,1,both,True,True
2644,val,not_normal,2,1,1,both,True,False
2645,train,not_normal,2,1,1,both,True,True
2646,train,not_normal,1,1,0,both,True,True
2647,train,not_normal,2,1,1,both,True,True
2648,train,not_normal,1,0,1,both,True,True
2649,train,normal,1,0,1,both,True,True
2650,train,not_normal,1,0,1,both,True,True
2651,train,normal,2,1,1,both,True,True
2652,train,not_normal,2,1,1,both,True,True
2653,train,not_normal,2,1,1,both,True,True
2654,train,not_normal,2,1,1,both,True,True
2655,test,normal,2,1,1,both,True,False
2656,train,not_normal,1,0,1,both,True,True
2657,train,not_normal,2,1,1,impression_only,True,True
2658,train,not_normal,2,1,1,both,True,True
2659,test,normal,2,1,1,both,True,False
2660,train,normal,2,1,1,both,True,True
2661,train,not_normal,2,1,1,both,True,True
2662,train,normal,2,1,1,both,True,True
2663,train,normal,2,1,1,both,True,True
2664,train,not_normal,2,1,1,impression_only,True,True
2665,train,normal,2,1,1,both,True,True
2666,test,not_normal,2,1,1,impression_only,True,False
2667,train,normal,2,1,1,both,True,True
2668,test,normal,2,1,1,both,True,False
2669,train,not_normal,2,1,1,impression_only,True,True
2670,train,not_normal,2,1,1,both,True,True
2671,train,not_normal,2,1,1,impression_only,True,True
2672,train,normal,2,1,1,both,True,True
2673,train,not_normal,2,1,1,both,True,True
2674,train,normal,2,1,1,impression_only,True,True
2676,train,not_normal,2,1,1,both,True,True
2677,train,not_normal,2,1,1,both,True,True
2679,train,not_normal,2,1,1,impression_only,True,True
2680,train,normal,3,1,2,both,True,True
2681,train,not_normal,2,1,1,both,True,True
2683,train,normal,2,1,1,both,True,True
2684,test,not_normal,2,1,1,both,True,False
2685,train,not_normal,2,1,1,both,True,True
2686,test,normal,2,1,1,both,True,False
2687,train,not_normal,2,1,1,both,True,True
2688,test,not_normal,2,1,1,both,True,False
2689,train,not_normal,2,1,1,both,True,True
2690,train,not_normal,2,1,1,both,True,True
2691,val,not_normal,2,1,1,impression_only,True,False
2692,train,normal,2,1,1,impression_only,True,True
2693,train,not_normal,2,1,1,both,True,True
2694,train,normal,2,1,1,both,True,True
2695,train,not_normal,2,1,1,both,True,True
2696,test,not_normal,2,1,1,both,True,False
2697,val,normal,1,1,0,neither,False,False
2698,val,normal,2,1,1,both,True,False
2699,train,normal,2,1,1,both,True,True
2700,train,not_normal,2,1,1,both,True,True
2701,train,not_normal,2,1,1,both,True,True
2702,train,not_normal,2,1,1,both,True,True
2704,train,not_normal,2,1,1,both,True,True
2705,val,not_normal,1,1,0,impression_only,True,False
2706,test,not_normal,2,1,1,both,True,False
2708,train,not_normal,2,1,1,both,True,True
2709,val,not_normal,2,1,1,both,True,False
2710,test,normal,2,1,1,both,True,False
2711,train,not_normal,2,1,1,both,True,True
2712,test,not_normal,2,1,1,impression_only,True,False
2713,train,not_normal,2,1,1,both,True,True
2714,train,normal,2,1,1,impression_only,True,True
2715,train,not_normal,2,1,1,both,True,True
2716,train,not_normal,2,1,1,both,True,True
2717,train,not_normal,1,1,0,both,True,True
2718,train,not_normal,2,1,1,both,True,True
2719,train,not_normal,2,1,1,both,True,True
2720,val,normal,2,1,1,both,True,False
2721,test,not_normal,2,1,1,both,True,False
2722,train,not_normal,2,1,1,both,True,True
2723,val,not_normal,2,1,1,both,True,False
2724,train,not_normal,2,1,1,both,True,True
2725,val,not_normal,2,1,1,both,True,False
2726,train,normal,2,1,1,both,True,True
2727,train,not_normal,3,2,1,both,True,True
2728,train,not_normal,2,1,1,both,True,True
2729,val,not_normal,2,1,1,both,True,False
2730,train,normal,2,1,1,both,True,True
2731,train,normal,2,1,1,impression_only,True,True
2733,train,not_normal,2,1,1,both,True,True
2734,train,normal,2,1,1,both,True,True
2735,train,normal,2,1,1,both,True,True
2737,val,not_normal,1,1,0,both,True,False
2738,train,not_normal,2,1,1,both,True,True
2739,train,normal,2,1,1,both,True,True
2740,train,not_normal,2,1,1,both,True,True
2741,train,normal,2,1,1,impression_only,True,True
2742,train,not_normal,2,1,1,both,True,True
2743,val,not_normal,2,1,1,both,True,False
2744,train,normal,2,1,1,both,True,True
2745,train,not_normal,3,1,2,both,True,True
2746,train,not_normal,1,1,0,both,True,True
2747,val,not_normal,2,1,1,both,True,False
2748,test,normal,2,1,1,both,True,False
2749,train,not_normal,2,1,1,both,True,True
2750,val,not_normal,2,1,1,impression_only,True,False
2751,train,normal,2,1,1,both,True,True
2752,train,not_normal,2,1,1,both,True,True
2753,val,not_normal,2,1,1,both,True,False
2754,train,normal,2,1,1,both,True,True
2755,train,not_normal,2,1,1,both,True,True
2756,train,not_normal,1,1,0,both,True,True
2758,val,normal,1,1,0,both,True,False
2759,test,not_normal,2,1,1,both,True,False
2760,train,not_normal,2,1,1,both,True,True
2761,train,not_normal,2,1,1,both,True,True
2762,val,not_normal,2,1,1,both,True,False
2763,train,not_normal,2,1,1,both,True,True
2764,train,normal,1,1,0,impression_only,True,True
2765,val,normal,2,1,1,neither,False,False
2766,train,not_normal,2,1,1,impression_only,True,True
2767,train,not_normal,2,1,1,both,True,True
2768,train,normal,2,1,1,both,True,True
2769,train,not_normal,2,1,1,both,True,True
2770,train,normal,2,1,1,both,True,True
2771,train,normal,2,1,1,both,True,True
2772,test,normal,2,1,1,impression_only,True,False
2773,train,not_normal,2,1,1,both,True,True
2774,train,not_normal,2,1,1,both,True,True
2775,train,normal,2,1,1,both,True,True
2776,train,not_normal,2,1,1,impression_only,True,True
2777,train,not_normal,2,1,1,both,True,True
2778,val,not_normal,2,1,1,both,True,False
2779,train,not_normal,2,1,1,impression_only,True,True
2780,train,not_normal,2,1,1,both,True,True
2781,test,normal,2,1,1,both,True,False
2782,train,not_normal,2,1,1,both,True,True
2783,test,not_normal,2,1,1,both,True,False
2784,train,normal,2,1,1,both,True,True
2785,test,normal,2,1,1,both,True,False
2786,train,normal,2,1,1,both,True,True
2787,train,normal,2,1,1,both,True,True
2788,test,normal,2,1,1,both,True,False
2789,train,not_normal,2,1,1,both,True,True
2790,train,not_normal,2,1,1,both,True,True
2791,train,normal,2,1,1,both,True,True
2792,test,normal,2,1,1,both,True,False
2793,train,not_normal,2,1,1,both,True,True
2794,train,not_normal,2,1,1,both,True,True
2795,train,not_normal,2,1,1,both,True,True
2796,train,normal,3,2,1,both,True,True
2797,train,normal,2,1,1,both,True,True
2798,train,not_normal,2,1,1,impression_only,True,True
2799,train,normal,2,1,1,both,True,True
2801,train,not_normal,2,1,1,impression_only,True,True
2802,train,not_normal,2,1,1,both,True,True
2803,train,not_normal,2,1,1,both,True,True
2804,train,normal,2,1,1,both,True,True
2805,train,normal,2,1,1,both,True,True
2806,train,normal,2,1,1,both,True,True
2807,train,normal,2,1,1,both,True,True
2808,train,not_normal,2,1,1,both,True,True
2809,test,not_normal,2,1,1,impression_only,True,False
2810,train,not_normal,2,1,1,both,True,True
2811,train,normal,2,1,1,impression_only,True,True
2812,train,not_normal,2,1,1,both,True,True
2813,train,not_normal,2,1,1,both,True,True
2814,train,not_normal,2,1,1,impression_only,True,True
2815,train,not_normal,2,1,1,both,True,True
2816,train,not_normal,1,0,1,both,True,True
2817,val,not_normal,3,2,1,both,True,False
2818,test,not_normal,2,1,1,both,True,False
2819,test,not_normal,1,1,0,both,True,False
2820,train,normal,2,1,1,both,True,True
2821,train,not_normal,2,1,1,both,True,True
2822,test,not_normal,2,1,1,both,True,False
2824,train,not_normal,2,1,1,both,True,True
2825,test,normal,1,0,1,both,True,False
2826,train,not_normal,2,1,1,both,True,True
2827,train,not_normal,2,1,1,both,True,True
2828,train,not_normal,2,1,1,both,True,True
2829,train,normal,3,2,1,both,True,True
2830,train,not_normal,2,1,1,impression_only,True,True
2831,val,not_normal,2,1,1,impression_only,True,False
2832,val,not_normal,2,1,1,both,True,False
2833,val,normal,2,1,1,both,True,False
2835,train,not_normal,3,2,1,both,True,True
2836,train,not_normal,2,1,1,both,True,True
2837,train,not_normal,2,1,1,both,True,True
2838,train,normal,1,1,0,both,True,True
2839,train,normal,2,1,1,both,True,True
2840,train,normal,3,1,2,both,True,True
2841,val,normal,1,0,1,both,True,False
2842,train,normal,2,1,1,both,True,True
2843,train,not_normal,2,1,1,both,True,True
2844,train,not_normal,2,1,1,both,True,True
2845,train,normal,2,1,1,both,True,True
2847,train,not_normal,2,1,1,both,True,True
2848,train,not_normal,2,1,1,both,True,True
2850,train,normal,2,1,1,impression_only,True,True
2851,train,normal,2,1,1,both,True,True
2852,val,normal,2,1,1,both,True,False
2854,train,normal,2,1,1,both,True,True
2855,train,normal,2,1,1,both,True,True
2856,train,normal,2,1,1,both,True,True
2857,train,not_normal,2,1,1,both,True,True
2858,val,not_normal,3,2,1,both,True,False
2859,train,not_normal,2,1,1,both,True,True
2860,val,not_normal,2,1,1,both,True,False
2861,train,normal,2,1,1,both,True,True
2862,train,normal,2,1,1,both,True,True
2863,test,normal,2,1,1,both,True,False
2864,train,not_normal,1,1,0,impression_only,True,True
2865,train,not_normal,2,1,1,both,True,True
2866,val,normal,2,1,1,both,True,False
2867,train,not_normal,2,1,1,both,True,True
2868,train,not_normal,2,1,1,both,True,True
2870,val,normal,2,1,1,both,True,False
2871,train,normal,2,1,1,both,True,True
2873,train,normal,2,1,1,both,True,True
2874,train,not_normal,2,1,1,both,True,True
2876,train,normal,2,1,1,both,True,True
2877,train,normal,2,1,1,both,True,True
2878,train,normal,1,0,1,both,True,True
2879,train,not_normal,2,1,1,both,True,True
2880,train,normal,2,1,1,both,True,True
2881,train,normal,1,1,0,neither,False,False
2882,train,not_normal,2,1,1,both,True,True
2884,val,not_normal,2,1,1,both,True,False
2885,test,not_normal,2,1,1,both,True,False
2886,train,not_normal,2,1,1,both,True,True
2887,train,not_normal,3,1,2,both,True,True
2888,train,not_normal,2,1,1,both,True,True
2889,train,normal,2,1,1,both,True,True
2890,train,not_normal,3,1,2,both,True,True
2891,train,not_normal,1,1,0,both,True,True
2892,train,not_normal,2,1,1,both,True,True
2893,test,normal,2,1,1,both,True,False
2894,val,not_normal,2,1,1,both,True,False
2895,train,normal,2,1,1,impression_only,True,True
2897,val,not_normal,2,1,1,both,True,False
2898,val,normal,3,2,1,both,True,False
2899,test,normal,2,1,1,both,True,False
2901,train,not_normal,2,1,1,impression_only,True,True
2902,val,normal,2,1,1,both,True,False
2903,test,not_normal,2,1,1,both,True,False
2904,train,not_normal,2,1,1,both,True,True
2905,test,not_normal,1,1,0,impression_only,True,False
2906,train,not_normal,2,1,1,impression_only,True,True
2908,train,not_normal,2,1,1,both,True,True
2909,train,not_normal,2,1,1,both,True,True
2910,val,normal,2,1,1,both,True,False
2911,train,not_normal,2,1,1,impression_only,True,True
2915,train,normal,2,1,1,both,True,True
2916,val,normal,2,1,1,both,True,False
2917,train,not_normal,2,1,1,both,True,True
2918,test,normal,2,1,1,both,True,False
2919,train,not_normal,2,1,1,both,True,True
2920,train,normal,2,1,1,both,True,True
2921,train,not_normal,1,0,1,both,True,True
2922,train,not_normal,3,1,2,both,True,True
2923,train,normal,2,1,1,both,True,True
2924,train,not_normal,2,1,1,both,True,True
2925,test,normal,2,1,1,both,True,False
2926,train,normal,2,1,1,both,True,True
2927,train,not_normal,2,1,1,impression_only,True,True
2928,train,not_normal,2,1,1,both,True,True
2929,train,not_normal,2,1,1,both,True,True
2930,train,not_normal,3,1,2,both,True,True
2931,train,not_normal,2,1,1,both,True,True
2932,test,normal,2,1,1,both,True,False
2933,val,normal,3,2,1,both,True,False
2934,test,not_normal,2,1,1,both,True,False
2935,train,not_normal,2,1,1,both,True,True
2936,val,not_normal,3,1,2,both,True,False
2937,train,normal,2,1,1,both,True,True
2938,test,normal,2,1,1,both,True,False
2939,train,not_normal,2,1,1,both,True,True
2940,train,not_normal,2,1,1,both,True,True
2941,train,normal,2,1,1,both,True,True
2942,train,normal,2,1,1,both,True,True
2943,test,not_normal,2,1,1,impression_only,True,False
2944,test,not_normal,2,1,1,impression_only,True,False
2945,train,not_normal,2,1,1,both,True,True
2946,train,not_normal,2,1,1,both,True,True
2947,train,normal,2,1,1,impression_only,True,True
2948,train,normal,2,1,1,both,True,True
2949,train,not_normal,2,1,1,both,True,True
2950,train,normal,2,1,1,both,True,True
2951,train,not_normal,2,1,1,both,True,True
2952,train,not_normal,1,0,1,both,True,True
2953,train,normal,2,1,1,both,True,True
2954,train,not_normal,2,1,1,both,True,True
2955,val,not_normal,2,1,1,impression_only,True,False
2956,train,normal,2,1,1,both,True,True
2957,val,not_normal,2,1,1,both,True,False
2958,train,not_normal,2,1,1,impression_only,True,True
2959,train,normal,1,1,0,both,True,True
2960,train,normal,2,1,1,both,True,True
2961,train,not_normal,2,1,1,both,True,True
2962,train,not_normal,2,1,1,both,True,True
2963,train,normal,2,1,1,both,True,True
2964,val,normal,2,1,1,both,True,False
2965,train,normal,2,1,1,both,True,True
2966,train,not_normal,2,1,1,both,True,True
2967,train,normal,1,1,0,both,True,True
2968,train,not_normal,2,1,1,both,True,True
2969,train,not_normal,2,1,1,both,True,True
2970,train,not_normal,2,1,1,both,True,True
2971,test,normal,1,1,0,both,True,False
2972,train,not_normal,2,1,1,both,True,True
2974,test,not_normal,2,1,1,both,True,False
2975,train,not_normal,2,1,1,impression_only,True,True
2976,train,not_normal,2,1,1,both,True,True
2977,val,not_normal,2,1,1,impression_only,True,False
2978,test,not_normal,2,1,1,both,True,False
2979,train,not_normal,2,1,1,both,True,True
2980,train,not_normal,2,1,1,both,True,True
2981,test,not_normal,2,1,1,both,True,False
2982,train,not_normal,2,1,1,both,True,True
2983,train,not_normal,2,1,1,both,True,True
2984,train,not_normal,1,1,0,both,True,True
2985,train,not_normal,2,1,1,both,True,True
2986,train,not_normal,3,2,1,both,True,True
2988,train,normal,2,1,1,both,True,True
2989,test,not_normal,2,1,1,both,True,False
2991,test,normal,1,1,0,impression_only,True,False
2992,test,not_normal,2,1,1,both,True,False
2993,train,normal,2,1,1,both,True,True
2994,train,normal,2,1,1,both,True,True
2995,train,normal,2,1,1,impression_only,True,True
2996,train,normal,2,1,1,impression_only,True,True
2997,train,normal,2,1,1,both,True,True
2998,train,normal,2,1,1,both,True,True
2999,test,not_normal,2,1,1,both,True,False
3000,test,not_normal,2,1,1,both,True,False
3001,train,not_normal,2,1,1,both,True,True
3002,train,normal,2,1,1,both,True,True
3003,train,not_normal,1,1,0,both,True,True
3004,val,not_normal,2,1,1,both,True,False
3005,test,not_normal,1,1,0,both,True,False
3006,test,not_normal,1,1,0,both,True,False
3008,train,normal,2,1,1,impression_only,True,True
3009,train,not_normal,1,1,0,both,True,True
3010,val,normal,2,1,1,both,True,False
3011,train,not_normal,2,1,1,both,True,True
3012,train,normal,2,1,1,both,True,True
3013,train,not_normal,2,1,1,both,True,True
3014,test,not_normal,2,1,1,both,True,False
3015,train,normal,1,1,0,both,True,True
3016,train,not_normal,2,1,1,both,True,True
3017,train,not_normal,1,1,0,both,True,True
3018,train,not_normal,2,1,1,both,True,True
3019,train,not_normal,1,1,0,both,True,True
3020,train,normal,2,1,1,both,True,True
3021,train,normal,2,1,1,impression_only,True,True
3022,val,not_normal,2,1,1,impression_only,True,False
3023,train,not_normal,1,1,0,both,True,True
3024,test,normal,2,1,1,both,True,False
3025,val,normal,2,1,1,both,True,False
3026,train,normal,3,2,1,impression_only,True,True
3027,test,not_normal,1,1,0,both,True,False
3028,train,not_normal,2,1,1,both,True,True
3029,train,not_normal,2,1,1,both,True,True
3030,train,normal,2,1,1,both,True,True
3031,train,normal,2,1,1,both,True,True
3032,train,not_normal,2,1,1,both,True,True
3033,train,normal,1,1,0,both,True,True
3034,train,not_normal,2,1,1,both,True,True
3036,test,not_normal,2,0,2,both,True,False
3037,train,normal,2,1,1,both,True,True
3038,train,not_normal,2,1,1,both,True,True
3039,train,normal,2,1,1,both,True,True
3040,train,not_normal,1,1,0,both,True,True
3041,train,normal,2,1,1,both,True,True
3042,train,not_normal,1,0,1,both,True,True
3043,train,not_normal,2,1,1,both,True,True
3044,test,not_normal,2,1,1,both,True,False
3045,val,normal,2,1,1,both,True,False
3046,train,not_normal,2,1,1,both,True,True
3047,test,normal,2,1,1,both,True,False
3048,val,normal,1,0,1,both,True,False
3049,val,normal,2,1,1,both,True,False
3050,train,normal,1,1,0,both,True,True
3051,train,normal,2,1,1,both,True,True
3052,train,not_normal,2,1,1,both,True,True
3053,train,normal,2,1,1,impression_only,True,True
3054,test,not_normal,2,1,1,both,True,False
3056,train,not_normal,1,0,1,both,True,True
3057,test,not_normal,1,0,1,both,True,False
3058,train,not_normal,3,2,1,both,True,True
3059,train,normal,2,1,1,both,True,True
3060,val,normal,1,1,0,both,True,False
3061,train,not_normal,2,1,1,both,True,True
3062,train,not_normal,1,1,0,both,True,True
3063,test,normal,2,1,1,both,True,False
3064,train,not_normal,2,1,1,both,True,True
3065,train,not_normal,1,1,0,both,True,True
3066,train,not_normal,2,1,1,both,True,True
3067,train,normal,2,1,1,both,True,True
3068,train,not_normal,1,0,1,impression_only,True,True
3069,val,not_normal,2,1,1,both,True,False
3070,train,normal,2,1,1,both,True,True
3071,train,normal,2,1,1,both,True,True
3072,train,not_normal,2,1,1,both,True,True
3073,train,normal,2,1,1,both,True,True
3074,val,not_normal,2,1,1,both,True,False
3075,train,not_normal,2,1,1,both,True,True
3076,train,not_normal,3,1,2,both,True,True
3077,train,not_normal,2,1,1,both,True,True
3078,train,not_normal,2,1,1,both,True,True
3079,train,not_normal,2,1,1,both,True,True
3080,train,not_normal,2,1,1,both,True,True
3081,train,not_normal,2,1,1,both,True,True
3082,train,not_normal,2,1,1,both,True,True
3083,train,normal,2,1,1,both,True,True
3084,train,not_normal,2,1,1,both,True,True
3085,train,not_normal,2,1,1,both,True,True
3086,train,not_normal,2,1,1,both,True,True
3087,train,not_normal,2,1,1,both,True,True
3088,train,not_normal,2,1,1,both,True,True
3089,train,normal,2,1,1,both,True,True
3090,test,not_normal,2,1,1,both,True,False
3091,test,not_normal,2,1,1,both,True,False
3092,train,not_normal,2,1,1,both,True,True
3093,train,not_normal,2,1,1,both,True,True
3094,train,not_normal,2,1,1,both,True,True
3095,train,not_normal,2,1,1,both,True,True
3096,train,not_normal,2,1,1,both,True,True
3097,train,not_normal,1,1,0,both,True,True
3098,train,normal,2,1,1,both,True,True
3099,train,not_normal,2,1,1,both,True,True
3100,train,not_normal,2,1,1,both,True,True
3101,train,not_normal,2,1,1,both,True,True
3102,test,normal,2,1,1,both,True,False
3103,train,not_normal,2,1,1,both,True,True
3104,train,normal,2,1,1,impression_only,True,True
3105,train,normal,2,1,1,both,True,True
3106,train,normal,2,1,1,both,True,True
3108,train,not_normal,3,2,1,both,True,True
3109,train,normal,2,1,1,both,True,True
3110,train,not_normal,2,1,1,both,True,True
3111,train,not_normal,2,1,1,both,True,True
3112,train,normal,2,1,1,both,True,True
3113,train,not_normal,2,1,1,both,True,True
3114,val,normal,2,1,1,impression_only,True,False
3115,val,normal,2,1,1,both,True,False
3116,train,not_normal,2,1,1,both,True,True
3117,val,normal,2,1,1,both,True,False
3118,test,not_normal,2,1,1,both,True,False
3119,train,normal,2,1,1,both,True,True
3120,train,not_normal,2,1,1,both,True,True
3121,train,not_normal,2,1,1,both,True,True
3122,test,normal,2,1,1,both,True,False
3123,train,not_normal,2,1,1,both,True,True
3124,val,not_normal,2,1,1,both,True,False
3125,train,normal,2,1,1,both,True,True
3126,train,normal,2,1,1,both,True,True
3127,train,not_normal,1,1,0,both,True,True
3128,val,not_normal,2,1,1,both,True,False
3129,train,not_normal,2,1,1,both,True,True
3130,train,not_normal,2,1,1,both,True,True
3131,train,normal,2,1,1,both,True,True
3132,train,normal,2,1,1,both,True,True
3133,train,normal,2,1,1,impression_only,True,True
3134,val,normal,2,1,1,both,True,False
3135,val,normal,2,1,1,both,True,False
3136,train,normal,2,1,1,both,True,True
3137,test,not_normal,2,1,1,both,True,False
3138,train,normal,2,1,1,both,True,True
3139,train,normal,2,1,1,both,True,True
3140,train,not_normal,2,1,1,impression_only,True,True
3141,test,normal,2,1,1,both,True,False
3142,train,not_normal,3,1,2,both,True,True
3143,test,normal,2,1,1,both,True,False
3144,train,normal,2,1,1,both,True,True
3145,train,normal,2,1,1,impression_only,True,True
3146,train,normal,2,1,1,both,True,True
3147,train,normal,1,1,0,both,True,True
3148,val,not_normal,2,1,1,both,True,False
3149,val,not_normal,2,1,1,both,True,False
3150,train,not_normal,2,1,1,both,True,True
3151,train,not_normal,1,0,1,both,True,True
3152,train,not_normal,2,1,1,both,True,True
3153,train,not_normal,2,1,1,impression_only,True,True
3154,train,not_normal,2,0,2,both,True,True
3155,test,not_normal,2,1,1,both,True,False
3156,train,normal,2,1,1,both,True,True
3157,train,normal,2,1,1,both,True,True
3158,val,not_normal,2,1,1,both,True,False
3159,train,not_normal,2,1,1,both,True,True
3160,train,not_normal,1,0,1,both,True,True
3162,val,not_normal,2,1,1,impression_only,True,False
3163,test,normal,2,1,1,both,True,False
3164,train,not_normal,2,1,1,impression_only,True,True
3165,train,not_normal,2,1,1,both,True,True
3166,train,not_normal,2,1,1,both,True,True
3167,train,normal,2,1,1,both,True,True
3168,train,not_normal,2,1,1,both,True,True
3169,train,not_normal,2,1,1,both,True,True
3170,train,not_normal,2,1,1,both,True,True
3171,train,not_normal,2,1,1,both,True,True
3172,test,not_normal,2,1,1,both,True,False
3173,train,normal,2,1,1,both,True,True
3174,test,not_normal,2,1,1,both,True,False
3175,train,not_normal,2,1,1,both,True,True
3176,train,normal,2,1,1,both,True,True
3177,test,not_normal,2,1,1,both,True,False
3178,val,not_normal,2,1,1,impression_only,True,False
3179,train,not_normal,2,1,1,both,True,True
3180,val,normal,2,1,1,both,True,False
3181,train,normal,1,1,0,both,True,True
3182,train,not_normal,2,1,1,both,True,True
3183,val,normal,2,1,1,both,True,False
3184,train,not_normal,2,1,1,both,True,True
3185,train,normal,2,1,1,both,True,True
3186,train,not_normal,2,1,1,both,True,True
3187,train,not_normal,2,1,1,both,True,True
3188,train,not_normal,2,1,1,impression_only,True,True
3189,train,not_normal,1,1,0,both,True,True
3190,train,not_normal,2,1,1,both,True,True
3191,val,not_normal,2,1,1,both,True,False
3192,val,not_normal,2,1,1,both,True,False
3193,train,not_normal,2,1,1,both,True,True
3194,train,normal,2,1,1,both,True,True
3195,val,not_normal,2,1,1,both,True,False
3196,test,normal,2,1,1,both,True,False
3197,train,not_normal,2,1,1,impression_only,True,True
3198,test,not_normal,2,1,1,impression_only,True,False
3199,train,normal,1,1,0,both,True,True
3200,train,normal,2,1,1,impression_only,True,True
3201,train,not_normal,2,1,1,both,True,True
3202,test,not_normal,2,1,1,both,True,False
3203,test,normal,2,1,1,both,True,False
3204,train,not_normal,2,1,1,both,True,True
3205,train,normal,2,1,1,both,True,True
3206,test,normal,2,1,1,both,True,False
3207,val,not_normal,2,1,1,both,True,False
3208,train,normal,2,1,1,both,True,True
3209,train,normal,2,1,1,both,True,True
3210,train,normal,1,1,0,both,True,True
3211,train,not_normal,2,1,1,both,True,True
3212,train,normal,2,1,1,both,True,True
3213,test,not_normal,1,1,0,both,True,False
3214,val,not_normal,2,1,1,both,True,False
3215,test,normal,2,1,1,impression_only,True,False
3216,val,normal,2,1,1,both,True,False
3217,train,not_normal,1,0,1,both,True,True
3218,train,normal,3,2,1,both,True,True
3219,train,not_normal,2,1,1,impression_only,True,True
3220,train,normal,2,1,1,both,True,True
3221,val,normal,2,1,1,both,True,False
3222,train,normal,2,1,1,both,True,True
3223,train,normal,2,1,1,both,True,True
3224,train,normal,2,1,1,both,True,True
3225,train,normal,2,1,1,impression_only,True,True
3226,test,not_normal,2,1,1,both,True,False
3227,train,normal,2,1,1,both,True,True
3228,train,not_normal,2,1,1,both,True,True
3229,train,not_normal,2,1,1,both,True,True
3230,train,not_normal,2,1,1,both,True,True
3231,train,not_normal,2,1,1,both,True,True
3232,test,not_normal,2,1,1,both,True,False
3233,train,not_normal,2,1,1,both,True,True
3234,test,normal,2,1,1,both,True,False
3235,test,normal,2,1,1,both,True,False
3236,train,normal,2,1,1,both,True,True
3237,test,not_normal,1,0,1,both,True,False
3238,train,not_normal,2,1,1,both,True,True
3239,train,normal,2,1,1,both,True,True
3240,train,not_normal,2,1,1,both,True,True
3241,train,not_normal,2,1,1,both,True,True
3242,train,not_normal,2,1,1,both,True,True
3243,train,not_normal,1,1,0,both,True,True
3244,train,not_normal,2,1,1,both,True,True
3245,train,not_normal,2,2,0,both,True,True
3246,val,not_normal,2,1,1,both,True,False
3247,train,normal,2,1,1,impression_only,True,True
3248,train,not_normal,2,1,1,impression_only,True,True
3249,train,not_normal,2,1,1,both,True,True
3250,train,not_normal,3,1,2,both,True,True
3251,test,not_normal,2,1,1,both,True,False
3252,train,normal,2,1,1,both,True,True
3253,val,normal,2,1,1,both,True,False
3254,train,normal,2,1,1,both,True,True
3255,train,not_normal,1,0,1,both,True,True
3256,train,not_normal,2,1,1,both,True,True
3257,train,not_normal,2,1,1,both,True,True
3258,train,normal,2,1,1,both,True,True
3259,train,not_normal,2,1,1,both,True,True
3260,train,not_normal,2,1,1,findings_only,True,True
3261,test,normal,2,1,1,both,True,False
3262,train,normal,3,2,1,both,True,True
3263,train,normal,3,2,1,both,True,True
3264,test,not_normal,2,1,1,both,True,False
3265,train,normal,2,1,1,both,True,True
3266,train,normal,2,1,1,both,True,True
3267,test,normal,2,1,1,both,True,False
3268,train,normal,1,1,0,both,True,True
3269,train,normal,2,1,1,both,True,True
3270,train,not_normal,1,1,0,both,True,True
3271,train,normal,2,1,1,both,True,True
3272,train,not_normal,2,1,1,both,True,True
3273,train,not_normal,2,1,1,both,True,True
3274,train,not_normal,2,1,1,impression_only,True,True
3275,train,not_normal,3,2,1,both,True,True
3277,train,not_normal,2,1,1,both,True,True
3278,train,not_normal,1,1,0,both,True,True
3279,val,normal,2,1,1,both,True,False
3280,train,not_normal,2,1,1,both,True,True
3281,val,not_normal,3,2,1,both,True,False
3282,train,not_normal,3,1,2,both,True,True
3283,train,normal,3,1,2,both,True,True
3284,train,normal,1,1,0,both,True,True
3285,val,normal,2,1,1,both,True,False
3286,train,not_normal,2,1,1,both,True,True
3287,train,not_normal,2,1,1,both,True,True
3288,train,normal,2,1,1,both,True,True
3289,test,normal,2,1,1,both,True,False
3290,val,normal,2,1,1,impression_only,True,False
3291,train,normal,2,1,1,both,True,True
3292,train,not_normal,2,1,1,both,True,True
3294,train,not_normal,2,1,1,both,True,True
3296,test,not_normal,2,1,1,both,True,False
3297,train,not_normal,2,1,1,both,True,True
3298,train,normal,2,1,1,both,True,True
3299,test,not_normal,2,1,1,both,True,False
3300,train,not_normal,2,1,1,both,True,True
3301,test,normal,2,1,1,both,True,False
3302,val,not_normal,2,1,1,both,True,False
3303,test,not_normal,1,1,0,both,True,False
3304,train,not_normal,2,1,1,both,True,True
3305,train,not_normal,2,1,1,both,True,True
3306,train,not_normal,1,0,1,both,True,True
3307,test,normal,4,3,1,both,True,False
3309,train,normal,2,1,1,both,True,True
3310,train,not_normal,2,1,1,both,True,True
3311,train,normal,2,1,1,both,True,True
3312,train,not_normal,2,1,1,both,True,True
3313,train,not_normal,2,1,1,both,True,True
3314,train,normal,2,1,1,both,True,True
3315,train,normal,2,1,1,both,True,True
3316,val,not_normal,1,1,0,both,True,False
3317,train,normal,2,1,1,both,True,True
3318,train,not_normal,2,1,1,both,True,True
3319,train,not_normal,2,1,1,both,True,True
3320,train,normal,2,1,1,impression_only,True,True
3321,train,normal,2,1,1,both,True,True
3322,val,not_normal,2,1,1,both,True,False
3323,test,not_normal,1,0,1,both,True,False
3324,test,not_normal,3,1,2,both,True,False
3325,train,normal,2,1,1,both,True,True
3326,train,not_normal,2,1,1,impression_only,True,True
3327,test,not_normal,2,1,1,both,True,False
3328,train,not_normal,2,1,1,impression_only,True,True
3329,train,normal,2,1,1,both,True,True
3330,train,normal,2,1,1,both,True,True
3331,test,not_normal,1,1,0,both,True,False
3332,train,not_normal,3,1,2,both,True,True
3333,train,normal,1,1,0,both,True,True
3334,train,not_normal,2,1,1,impression_only,True,True
3335,train,not_normal,2,1,1,both,True,True
3336,test,not_normal,2,1,1,both,True,False
3337,val,not_normal,2,1,1,both,True,False
3338,train,normal,2,1,1,impression_only,True,True
3339,test,normal,2,1,1,both,True,False
3340,train,not_normal,2,1,1,both,True,True
3341,train,normal,2,1,1,both,True,True
3342,test,not_normal,2,1,1,both,True,False
3343,test,normal,1,1,0,both,True,False
3344,train,not_normal,2,1,1,impression_only,True,True
3345,train,normal,2,1,1,both,True,True
3346,train,normal,2,1,1,both,True,True
3347,val,not_normal,2,1,1,both,True,False
3348,train,not_normal,2,1,1,both,True,True
3349,val,not_normal,2,1,1,both,True,False
3350,train,normal,2,1,1,both,True,True
3352,train,normal,2,1,1,both,True,True
3353,test,not_normal,1,0,1,both,True,False
3354,train,not_normal,2,1,1,both,True,True
3355,train,not_normal,2,1,1,both,True,True
3356,val,not_normal,1,1,0,both,True,False
3357,train,not_normal,2,1,1,both,True,True
3358,val,normal,2,1,1,impression_only,True,False
3359,train,normal,4,2,2,both,True,True
3360,test,not_normal,2,1,1,both,True,False
3361,train,normal,2,1,1,both,True,True
3362,test,normal,3,1,2,both,True,False
3363,val,not_normal,2,1,1,both,True,False
3364,train,not_normal,2,1,1,impression_only,True,True
3365,train,normal,2,1,1,both,True,True
3366,val,not_normal,2,1,1,both,True,False
3367,train,normal,2,1,1,neither,False,False
3368,train,not_normal,2,1,1,findings_only,True,True
3369,val,not_normal,2,1,1,both,True,False
3370,val,normal,2,1,1,both,True,False
3371,test,not_normal,2,1,1,both,True,False
3372,train,not_normal,2,1,1,impression_only,True,True
3373,train,normal,2,1,1,both,True,True
3374,val,not_normal,2,1,1,both,True,False
3375,train,not_normal,3,2,1,both,True,True
3376,train,normal,2,0,2,neither,False,False
3377,train,normal,1,1,0,both,True,True
3378,val,not_normal,2,1,1,both,True,False
3379,val,not_normal,2,1,1,both,True,False
3380,train,not_normal,2,1,1,both,True,True
3381,train,normal,2,1,1,impression_only,True,True
3382,test,not_normal,2,1,1,both,True,False
3383,val,not_normal,2,1,1,impression_only,True,False
3384,train,normal,2,1,1,both,True,True
3385,train,normal,2,1,1,both,True,True
3386,val,normal,2,1,1,both,True,False
3387,train,not_normal,2,1,1,both,True,True
3388,val,not_normal,2,1,1,both,True,False
3389,test,not_normal,2,1,1,both,True,False
3390,train,normal,3,2,1,both,True,True
3391,train,not_normal,2,1,1,both,True,True
3392,train,normal,2,1,1,both,True,True
3393,train,not_normal,2,1,1,both,True,True
3394,train,not_normal,2,1,1,both,True,True
3395,train,normal,2,1,1,impression_only,True,True
3396,train,not_normal,2,1,1,impression_only,True,True
3398,test,not_normal,2,1,1,both,True,False
3399,train,not_normal,1,0,1,both,True,True
3400,train,normal,2,1,1,both,True,True
3401,train,not_normal,2,1,1,both,True,True
3402,val,not_normal,2,1,1,both,True,False
3403,train,normal,2,1,1,both,True,True
3404,train,not_normal,2,1,1,both,True,True
3405,val,not_normal,2,1,1,both,True,False
3406,train,not_normal,2,1,1,both,True,True
3407,train,not_normal,2,1,1,both,True,True
3408,train,not_normal,2,1,1,both,True,True
3409,val,normal,1,0,1,both,True,False
3410,train,not_normal,2,1,1,both,True,True
3411,test,not_normal,2,1,1,both,True,False
3412,test,not_normal,2,1,1,both,True,False
3413,train,normal,2,1,1,both,True,True
3414,train,not_normal,2,1,1,both,True,True
3415,train,not_normal,2,1,1,both,True,True
3416,train,not_normal,2,1,1,both,True,True
3417,train,not_normal,2,1,1,both,True,True
3418,train,not_normal,2,1,1,both,True,True
3419,train,not_normal,3,2,1,impression_only,True,True
3420,train,normal,2,1,1,both,True,True
3421,train,not_normal,2,1,1,both,True,True
3422,train,normal,2,1,1,both,True,True
3423,train,not_normal,2,1,1,both,True,True
3424,train,not_normal,2,1,1,both,True,True
3426,test,not_normal,2,1,1,both,True,False
3427,train,normal,2,1,1,both,True,True
3428,train,not_normal,2,1,1,both,True,True
3429,test,not_normal,2,1,1,both,True,False
3430,train,not_normal,2,1,1,both,True,True
3431,train,normal,2,1,1,both,True,True
3432,train,not_normal,2,1,1,both,True,True
3433,train,normal,2,1,1,both,True,True
3434,val,normal,2,1,1,neither,False,False
3435,val,not_normal,2,1,1,impression_only,True,False
3436,train,not_normal,2,1,1,both,True,True
3437,train,not_normal,2,1,1,both,True,True
3438,train,normal,1,1,0,both,True,True
3439,test,normal,2,1,1,both,True,False
3440,train,not_normal,2,1,1,both,True,True
3441,train,normal,2,1,1,both,True,True
3442,test,not_normal,2,1,1,both,True,False
3443,test,normal,2,1,1,impression_only,True,False
3444,train,not_normal,3,2,1,impression_only,True,True
3445,train,normal,2,1,1,both,True,True
3446,train,normal,2,1,1,both,True,True
3448,test,not_normal,2,1,1,both,True,False
3449,train,not_normal,2,1,1,both,True,True
3450,val,normal,2,1,1,both,True,False
3451,train,not_normal,2,1,1,both,True,True
3452,train,normal,2,1,1,both,True,True
3453,train,normal,2,1,1,impression_only,True,True
3454,train,not_normal,2,1,1,impression_only,True,True
3455,val,not_normal,2,1,1,both,True,False
3456,val,not_normal,2,1,1,both,True,False
3457,train,not_normal,2,1,1,impression_only,True,True
3458,train,normal,2,1,1,both,True,True
3459,test,not_normal,2,1,1,both,True,False
3460,val,normal,2,1,1,both,True,False
3461,test,normal,1,1,0,both,True,False
3462,train,not_normal,2,1,1,both,True,True
3464,train,not_normal,2,1,1,both,True,True
3465,val,normal,2,1,1,both,True,False
3466,train,not_normal,2,1,1,both,True,True
3467,val,not_normal,2,1,1,both,True,False
3468,train,not_normal,4,2,2,both,True,True
3469,train,not_normal,2,1,1,both,True,True
3470,train,not_normal,2,1,1,both,True,True
3471,train,not_normal,2,1,1,both,True,True
3472,train,normal,2,1,1,both,True,True
3473,train,normal,2,1,1,both,True,True
3474,test,not_normal,2,1,1,both,True,False
3475,train,normal,2,1,1,both,True,True
3477,val,normal,2,1,1,both,True,False
3478,test,not_normal,2,1,1,both,True,False
3479,train,not_normal,2,1,1,both,True,True
3480,train,not_normal,2,1,1,both,True,True
3481,val,not_normal,2,1,1,both,True,False
3482,test,not_normal,2,1,1,both,True,False
3483,train,normal,2,1,1,both,True,True
3485,train,not_normal,2,1,1,both,True,True
3486,val,not_normal,2,1,1,both,True,False
3487,train,normal,2,1,1,both,True,True
3488,train,not_normal,2,1,1,both,True,True
3489,train,normal,2,1,1,both,True,True
3490,test,not_normal,2,1,1,impression_only,True,False
3491,train,not_normal,2,1,1,both,True,True
3492,test,not_normal,2,1,1,both,True,False
3493,train,not_normal,2,1,1,both,True,True
3494,train,not_normal,2,1,1,both,True,True
3495,train,normal,3,2,1,both,True,True
3496,train,normal,1,0,1,both,True,True
3497,train,not_normal,1,0,1,both,True,True
3498,test,not_normal,2,1,1,both,True,False
3499,test,normal,2,1,1,impression_only,True,False
3500,train,normal,2,1,1,both,True,True
3501,train,normal,2,1,1,both,True,True
3502,train,not_normal,2,1,1,both,True,True
3503,train,normal,1,1,0,both,True,True
3504,test,normal,2,1,1,both,True,False
3505,test,normal,2,1,1,both,True,False
3506,train,not_normal,2,1,1,both,True,True
3507,train,not_normal,2,1,1,both,True,True
3508,val,not_normal,2,1,1,both,True,False
3509,train,not_normal,3,2,1,both,True,True
3510,train,not_normal,2,1,1,impression_only,True,True
3511,test,normal,2,1,1,impression_only,True,False
3512,train,not_normal,2,1,1,both,True,True
3513,train,normal,1,1,0,both,True,True
3514,train,not_normal,2,1,1,both,True,True
3515,train,not_normal,2,1,1,both,True,True
3516,train,not_normal,2,1,1,both,True,True
3517,train,not_normal,1,0,1,both,True,True
3518,train,not_normal,2,1,1,both,True,True
3519,train,not_normal,2,1,1,both,True,True
3520,test,not_normal,2,1,1,both,True,False
3521,train,not_normal,3,1,2,both,True,True
3522,train,normal,2,1,1,both,True,True
3523,train,not_normal,2,1,1,both,True,True
3524,train,normal,2,1,1,both,True,True
3525,test,not_normal,2,1,1,both,True,False
3526,train,not_normal,2,1,1,both,True,True
3527,train,normal,2,1,1,both,True,True
3528,val,normal,2,1,1,both,True,False
3529,test,not_normal,2,1,1,both,True,False
3530,train,not_normal,2,1,1,impression_only,True,True
3531,val,not_normal,2,1,1,both,True,False
3532,train,not_normal,3,2,1,both,True,True
3533,train,not_normal,2,1,1,both,True,True
3534,train,not_normal,2,1,1,both,True,True
3535,train,normal,2,1,1,both,True,True
3536,train,not_normal,2,1,1,both,True,True
3537,train,not_normal,2,1,1,both,True,True
3538,test,normal,2,1,1,impression_only,True,False
3539,val,normal,2,1,1,both,True,False
3540,train,not_normal,2,1,1,both,True,True
3541,train,not_normal,2,1,1,both,True,True
3542,val,normal,2,1,1,both,True,False
3543,test,not_normal,2,1,1,both,True,False
3544,train,not_normal,2,1,1,both,True,True
3545,train,not_normal,2,1,1,both,True,True
3546,train,not_normal,2,1,1,both,True,True
3547,val,not_normal,2,1,1,both,True,False
3548,train,normal,2,1,1,both,True,True
3549,train,normal,3,2,1,both,True,True
3550,train,not_normal,1,1,0,both,True,True
3551,train,not_normal,3,1,2,both,True,True
3552,train,normal,2,1,1,both,True,True
3553,train,normal,2,1,1,impression_only,True,True
3555,test,not_normal,1,1,0,both,True,False
3556,train,not_normal,2,1,1,both,True,True
3557,train,not_normal,2,1,1,both,True,True
3559,val,not_normal,2,1,1,both,True,False
3560,test,normal,2,1,1,both,True,False
3561,train,normal,2,1,1,both,True,True
3562,val,not_normal,2,1,1,both,True,False
3563,train,normal,2,1,1,impression_only,True,True
3564,train,not_normal,2,1,1,both,True,True
3565,val,not_normal,2,1,1,both,True,False
3566,test,not_normal,4,2,2,both,True,False
3567,val,not_normal,1,0,1,both,True,False
3568,train,not_normal,2,1,1,both,True,True
3569,test,not_normal,1,1,0,both,True,False
3570,test,not_normal,3,2,1,both,True,False
3571,train,not_normal,2,1,1,both,True,True
3572,train,not_normal,2,1,1,impression_only,True,True
3573,train,not_normal,2,1,1,both,True,True
3574,test,normal,2,1,1,both,True,False
3575,train,not_normal,2,1,1,both,True,True
3576,train,normal,2,1,1,both,True,True
3577,train,normal,2,1,1,both,True,True
3578,train,not_normal,2,1,1,both,True,True
3579,train,not_normal,2,1,1,both,True,True
3580,train,normal,2,1,1,both,True,True
3581,test,not_normal,2,1,1,both,True,False
3582,train,normal,2,1,1,both,True,True
3583,train,not_normal,2,1,1,both,True,True
3584,train,not_normal,1,0,1,impression_only,True,True
3585,train,normal,2,1,1,impression_only,True,True
3586,train,not_normal,2,1,1,both,True,True
3587,train,normal,2,1,1,both,True,True
3588,train,normal,2,1,1,both,True,True
3589,val,not_normal,2,1,1,both,True,False
3590,test,normal,2,1,1,both,True,False
3591,test,not_normal,2,1,1,both,True,False
3592,test,not_normal,2,1,1,impression_only,True,False
3593,val,normal,2,1,1,both,True,False
3594,train,normal,2,1,1,both,True,True
3595,train,not_normal,2,1,1,both,True,True
3596,train,not_normal,2,1,1,impression_only,True,True
3597,val,not_normal,2,1,1,both,True,False
3598,train,normal,2,1,1,both,True,True
3599,train,not_normal,2,1,1,both,True,True
3600,train,not_normal,2,1,1,impression_only,True,True
3601,train,not_normal,2,1,1,both,True,True
3602,train,not_normal,2,1,1,both,True,True
3603,train,normal,2,1,1,both,True,True
3604,train,normal,2,1,1,impression_only,True,True
3605,train,normal,2,1,1,both,True,True
3606,train,normal,2,1,1,both,True,True
3607,train,not_normal,1,1,0,both,True,True
3608,val,not_normal,2,1,1,both,True,False
3609,train,not_normal,2,1,1,both,True,True
3610,val,normal,2,1,1,both,True,False
3611,val,not_normal,1,1,0,both,True,False
3612,test,not_normal,2,1,1,both,True,False
3613,train,not_normal,2,1,1,impression_only,True,True
3614,test,not_normal,2,1,1,findings_only,True,False
3615,train,not_normal,2,1,1,impression_only,True,True
3616,train,not_normal,2,1,1,both,True,True
3617,train,normal,2,1,1,both,True,True
3618,val,not_normal,2,1,1,both,True,False
3619,train,normal,2,1,1,both,True,True
3620,test,not_normal,2,1,1,both,True,False
3621,train,not_normal,2,1,1,both,True,True
3623,train,not_normal,2,1,1,both,True,True
3624,val,normal,2,1,1,both,True,False
3625,train,normal,2,1,1,both,True,True
3626,train,not_normal,2,1,1,impression_only,True,True
3627,train,not_normal,1,0,1,both,True,True
3628,train,not_normal,2,1,1,both,True,True
3629,test,normal,2,1,1,impression_only,True,False
3630,val,not_normal,2,1,1,both,True,False
3631,train,not_normal,2,1,1,impression_only,True,True
3632,val,not_normal,2,1,1,both,True,False
3633,train,not_normal,2,1,1,both,True,True
3634,train,normal,2,1,1,both,True,True
3635,train,not_normal,2,1,1,both,True,True
3636,train,not_normal,2,1,1,both,True,True
3637,test,normal,3,1,2,both,True,False
3638,train,not_normal,2,1,1,both,True,True
3639,val,normal,2,1,1,both,True,False
3640,train,not_normal,2,1,1,impression_only,True,True
3641,val,not_normal,2,1,1,both,True,False
3642,train,not_normal,2,1,1,both,True,True
3643,val,not_normal,2,1,1,impression_only,True,False
3644,train,not_normal,2,1,1,both,True,True
3645,test,not_normal,1,0,1,impression_only,True,False
3646,train,normal,2,1,1,both,True,True
3647,train,normal,2,1,1,both,True,True
3648,train,normal,2,1,1,both,True,True
3649,test,normal,2,1,1,both,True,False
3650,test,not_normal,2,1,1,both,True,False
3651,train,not_normal,2,1,1,both,True,True
3652,train,not_normal,2,1,1,both,True,True
3653,test,not_normal,2,1,1,both,True,False
3654,train,not_normal,1,1,0,both,True,True
3655,val,not_normal,2,1,1,both,True,False
3656,train,not_normal,2,1,1,both,True,True
3657,train,not_normal,2,1,1,both,True,True
3658,train,not_normal,2,1,1,both,True,True
3659,val,not_normal,2,1,1,both,True,False
3660,test,normal,2,1,1,both,True,False
3661,train,normal,2,1,1,both,True,True
3662,train,not_normal,2,1,1,both,True,True
3663,test,normal,2,1,1,both,True,False
3664,train,normal,2,1,1,both,True,True
3665,val,normal,2,1,1,both,True,False
3666,test,not_normal,2,1,1,both,True,False
3667,val,not_normal,1,1,0,both,True,False
3668,train,not_normal,2,1,1,impression_only,True,True
3669,train,not_normal,2,1,1,impression_only,True,True
3670,train,not_normal,2,1,1,both,True,True
3671,test,not_normal,3,1,2,both,True,False
3672,val,not_normal,2,1,1,both,True,False
3673,train,not_normal,2,1,1,both,True,True
3674,train,normal,2,1,1,impression_only,True,True
3675,train,normal,2,1,1,both,True,True
3676,test,not_normal,2,1,1,both,True,False
3677,train,not_normal,2,1,1,both,True,True
3678,train,not_normal,2,1,1,both,True,True
3679,train,normal,2,1,1,both,True,True
3680,train,not_normal,2,1,1,both,True,True
3681,test,not_normal,2,1,1,both,True,False
3682,train,not_normal,2,1,1,both,True,True
3683,val,not_normal,2,1,1,both,True,False
3684,train,not_normal,1,1,0,impression_only,True,True
3685,train,not_normal,2,1,1,both,True,True
3686,train,not_normal,2,1,1,impression_only,True,True
3687,train,not_normal,2,1,1,both,True,True
3688,train,not_normal,2,1,1,impression_only,True,True
3689,train,not_normal,2,1,1,both,True,True
3690,train,not_normal,2,1,1,both,True,True
3691,train,not_normal,2,1,1,both,True,True
3692,val,normal,2,1,1,both,True,False
3693,val,normal,2,1,1,both,True,False
3694,train,not_normal,2,1,1,both,True,True
3695,val,not_normal,2,1,1,both,True,False
3696,train,not_normal,2,1,1,impression_only,True,True
3697,train,not_normal,2,1,1,both,True,True
3698,train,normal,2,1,1,both,True,True
3699,test,not_normal,2,1,1,both,True,False
3700,test,not_normal,1,1,0,both,True,False
3701,val,normal,2,1,1,both,True,False
3702,val,not_normal,2,1,1,both,True,False
3703,train,normal,2,1,1,both,True,True
3704,train,normal,2,1,1,both,True,True
3705,train,not_normal,2,1,1,both,True,True
3706,train,not_normal,2,1,1,both,True,True
3707,train,not_normal,2,1,1,both,True,True
3708,val,not_normal,2,1,1,both,True,False
3709,test,not_normal,3,2,1,both,True,False
3712,train,not_normal,2,1,1,both,True,True
3713,val,not_normal,2,1,1,impression_only,True,False
3714,train,not_normal,2,1,1,both,True,True
3715,train,not_normal,2,1,1,impression_only,True,True
3716,train,not_normal,3,2,1,both,True,True
3717,train,not_normal,2,1,1,both,True,True
3718,test,not_normal,1,0,1,impression_only,True,False
3719,train,normal,2,1,1,impression_only,True,True
3720,val,normal,2,1,1,both,True,False
3721,train,not_normal,2,1,1,both,True,True
3722,test,normal,2,1,1,both,True,False
3723,train,normal,2,1,1,both,True,True
3724,test,normal,2,1,1,both,True,False
3725,train,not_normal,2,1,1,both,True,True
3726,val,normal,2,1,1,both,True,False
3727,train,not_normal,2,1,1,both,True,True
3728,train,normal,2,1,1,both,True,True
3729,train,normal,2,1,1,both,True,True
3730,train,not_normal,2,1,1,impression_only,True,True
3731,train,normal,2,1,1,both,True,True
3732,test,not_normal,2,1,1,both,True,False
3733,train,not_normal,2,1,1,both,True,True
3734,train,normal,2,1,1,both,True,True
3735,test,not_normal,2,1,1,both,True,False
3736,train,not_normal,1,0,1,both,True,True
3737,train,normal,2,1,1,both,True,True
3738,train,normal,2,1,1,both,True,True
3739,train,not_normal,2,1,1,both,True,True
3740,train,not_normal,2,1,1,both,True,True
3741,test,not_normal,1,1,0,both,True,False
3742,train,not_normal,2,1,1,both,True,True
3743,train,not_normal,1,1,0,both,True,True
3744,train,normal,2,1,1,impression_only,True,True
3745,train,normal,2,1,1,both,True,True
3746,test,not_normal,2,1,1,both,True,False
3747,train,normal,2,1,1,both,True,True
3748,train,not_normal,2,1,1,both,True,True
3749,train,normal,2,1,1,both,True,True
3750,train,not_normal,1,1,0,both,True,True
3751,train,not_normal,2,1,1,both,True,True
3752,train,not_normal,2,1,1,impression_only,True,True
3753,train,not_normal,2,1,1,both,True,True
3754,train,normal,2,1,1,both,True,True
3755,val,not_normal,2,1,1,both,True,False
3756,val,not_normal,2,1,1,both,True,False
3757,train,not_normal,2,1,1,both,True,True
3758,train,not_normal,2,1,1,impression_only,True,True
3759,test,not_normal,2,1,1,both,True,False
3760,train,not_normal,2,1,1,both,True,True
3761,train,not_normal,2,1,1,both,True,True
3762,train,not_normal,2,1,1,both,True,True
3763,train,normal,2,1,1,both,True,True
3764,train,normal,2,1,1,both,True,True
3765,train,normal,2,1,1,both,True,True
3766,test,not_normal,2,1,1,both,True,False
3767,test,normal,2,1,1,impression_only,True,False
3768,train,not_normal,2,1,1,both,True,True
3769,train,not_normal,1,1,0,both,True,True
3770,train,not_normal,2,1,1,both,True,True
3771,train,normal,2,1,1,impression_only,True,True
3772,train,not_normal,2,1,1,both,True,True
3773,train,normal,2,1,1,both,True,True
3774,test,not_normal,2,1,1,both,True,False
3775,train,normal,2,1,1,both,True,True
3776,train,not_normal,1,1,0,impression_only,True,True
3777,train,not_normal,2,1,1,both,True,True
3778,train,normal,2,1,1,both,True,True
3779,test,normal,2,1,1,both,True,False
3780,test,not_normal,2,1,1,impression_only,True,False
3781,train,normal,2,1,1,both,True,True
3782,train,normal,1,1,0,neither,False,False
3783,train,normal,1,1,0,both,True,True
3784,train,not_normal,2,1,1,both,True,True
3785,val,not_normal,2,1,1,both,True,False
3786,train,not_normal,1,0,1,both,True,True
3787,val,normal,2,1,1,both,True,False
3789,test,not_normal,2,1,1,both,True,False
3790,val,not_normal,2,1,1,both,True,False
3791,test,not_normal,2,1,1,impression_only,True,False
3792,train,normal,2,1,1,both,True,True
3793,val,not_normal,1,1,0,both,True,False
3794,train,not_normal,2,1,1,both,True,True
3795,train,not_normal,2,1,1,both,True,True
3796,test,normal,2,1,1,both,True,False
3797,train,not_normal,3,1,2,both,True,True
3798,train,not_normal,2,1,1,both,True,True
3799,train,not_normal,2,1,1,impression_only,True,True
3801,train,not_normal,1,1,0,both,True,True
3802,train,not_normal,2,1,1,both,True,True
3803,train,not_normal,2,1,1,both,True,True
3804,val,not_normal,2,1,1,both,True,False
3805,test,not_normal,1,1,0,both,True,False
3806,train,not_normal,2,1,1,both,True,True
3807,train,not_normal,2,1,1,both,True,True
3808,test,not_normal,2,1,1,both,True,False
3809,val,normal,2,1,1,both,True,False
3810,test,not_normal,2,1,1,both,True,False
3811,train,not_normal,2,1,1,impression_only,True,True
3812,train,not_normal,1,1,0,both,True,True
3813,train,not_normal,2,1,1,both,True,True
3814,val,normal,2,1,1,both,True,False
3815,test,not_normal,2,1,1,impression_only,True,False
3816,train,not_normal,2,1,1,both,True,True
3817,val,normal,2,1,1,both,True,False
3818,train,normal,2,1,1,both,True,True
3819,train,not_normal,3,2,1,both,True,True
3820,test,not_normal,2,1,1,both,True,False
3821,val,not_normal,2,1,1,both,True,False
3822,val,not_normal,1,1,0,impression_only,True,False
3823,test,normal,2,1,1,impression_only,True,False
3824,train,not_normal,1,1,0,impression_only,True,True
3825,train,not_normal,2,1,1,impression_only,True,True
3826,test,normal,2,1,1,both,True,False
3827,train,normal,2,1,1,both,True,True
3828,val,not_normal,2,1,1,both,True,False
3829,train,not_normal,2,1,1,both,True,True
3830,val,normal,2,1,1,both,True,False
3831,train,normal,2,1,1,both,True,True
3832,train,not_normal,2,1,1,both,True,True
3833,train,not_normal,2,1,1,both,True,True
3834,train,not_normal,1,1,0,both,True,True
3835,test,not_normal,2,1,1,both,True,False
3836,train,normal,2,1,1,both,True,True
3837,val,normal,2,1,1,both,True,False
3838,train,not_normal,1,0,1,both,True,True
3839,train,not_normal,1,0,1,both,True,True
3840,train,not_normal,2,1,1,both,True,True
3841,train,not_normal,2,1,1,both,True,True
3842,train,not_normal,2,1,1,impression_only,True,True
3843,train,not_normal,3,1,2,both,True,True
3844,test,normal,2,1,1,both,True,False
3845,train,normal,2,1,1,both,True,True
3846,train,not_normal,2,1,1,both,True,True
3847,val,not_normal,2,1,1,both,True,False
3848,test,not_normal,2,1,1,both,True,False
3849,val,not_normal,2,1,1,both,True,False
3850,train,not_normal,2,1,1,impression_only,True,True
3851,train,not_normal,2,1,1,both,True,True
3852,val,not_normal,2,1,1,both,True,False
3853,train,not_normal,2,1,1,impression_only,True,True
3854,train,not_normal,2,1,1,both,True,True
3855,train,not_normal,2,1,1,both,True,True
3856,train,normal,2,1,1,both,True,True
3857,train,normal,1,1,0,both,True,True
3858,train,not_normal,3,1,2,both,True,True
3860,train,normal,2,1,1,both,True,True
3861,train,normal,2,1,1,both,True,True
3862,val,not_normal,2,1,1,impression_only,True,False
3863,train,not_normal,2,1,1,both,True,True
3865,train,not_normal,2,1,1,both,True,True
3866,val,not_normal,2,1,1,both,True,False
3867,train,normal,2,1,1,both,True,True
3868,train,not_normal,2,1,1,impression_only,True,True
3869,train,not_normal,2,1,1,both,True,True
3870,train,not_normal,2,1,1,impression_only,True,True
3871,train,normal,2,1,1,impression_only,True,True
3872,train,not_normal,2,1,1,both,True,True
3873,test,not_normal,2,1,1,impression_only,True,False
3874,train,not_normal,2,1,1,both,True,True
3875,val,not_normal,1,1,0,both,True,False
3876,train,not_normal,2,1,1,both,True,True
3877,train,not_normal,2,1,1,both,True,True
3878,train,not_normal,2,1,1,both,True,True
3879,val,normal,2,1,1,both,True,False
3880,val,not_normal,2,1,1,both,True,False
3881,train,not_normal,2,1,1,both,True,True
3882,train,not_normal,2,1,1,both,True,True
3883,val,normal,2,1,1,both,True,False
3884,train,not_normal,2,1,1,both,True,True
3885,test,normal,2,1,1,both,True,False
3886,train,not_normal,2,1,1,impression_only,True,True
3887,train,not_normal,2,1,1,both,True,True
3888,val,not_normal,1,1,0,both,True,False
3889,train,normal,2,1,1,both,True,True
3890,train,normal,2,1,1,both,True,True
3891,train,not_normal,2,1,1,impression_only,True,True
3892,train,not_normal,2,1,1,both,True,True
3893,train,not_normal,2,1,1,both,True,True
3894,train,normal,2,1,1,impression_only,True,True
3895,train,not_normal,2,1,1,both,True,True
3896,train,not_normal,1,0,1,both,True,True
3897,train,normal,2,1,1,both,True,True
3898,test,not_normal,2,1,1,both,True,False
3899,train,not_normal,1,1,0,both,True,True
3900,val,normal,2,1,1,impression_only,True,False
3901,train,not_normal,2,1,1,both,True,True
3902,train,not_normal,2,1,1,both,True,True
3903,test,normal,2,1,1,both,True,False
3904,test,normal,2,1,1,both,True,False
3905,val,not_normal,2,1,1,both,True,False
3906,val,normal,1,0,1,both,True,False
3907,train,not_normal,1,1,0,both,True,True
3908,train,not_normal,2,1,1,both,True,True
3909,train,not_normal,2,1,1,both,True,True
3910,train,not_normal,2,1,1,both,True,True
3911,train,normal,2,1,1,impression_only,True,True
3912,train,not_normal,3,2,1,both,True,True
3913,train,normal,2,1,1,impression_only,True,True
3914,train,normal,1,0,1,both,True,True
3915,train,not_normal,2,1,1,both,True,True
3916,train,normal,2,1,1,both,True,True
3917,train,not_normal,2,1,1,both,True,True
3918,train,not_normal,2,1,1,both,True,True
3919,train,not_normal,2,1,1,impression_only,True,True
3921,train,not_normal,2,1,1,both,True,True
3922,train,normal,2,1,1,both,True,True
3923,train,normal,2,1,1,impression_only,True,True
3924,test,not_normal,1,0,1,both,True,False
3925,train,not_normal,3,2,1,both,True,True
3926,train,not_normal,2,1,1,both,True,True
3927,train,not_normal,2,1,1,impression_only,True,True
3928,train,not_normal,2,1,1,both,True,True
3929,train,not_normal,2,0,2,impression_only,True,True
3930,train,not_normal,3,1,2,both,True,True
3931,train,normal,2,1,1,both,True,True
3932,train,not_normal,4,3,1,both,True,True
3933,train,not_normal,2,1,1,both,True,True
3934,train,not_normal,2,1,1,impression_only,True,True
3935,train,not_normal,2,1,1,both,True,True
3936,train,normal,2,1,1,both,True,True
3937,train,not_normal,2,1,1,both,True,True
3938,train,normal,2,1,1,both,True,True
3939,val,normal,2,1,1,both,True,False
3940,train,not_normal,2,1,1,both,True,True
3941,train,not_normal,2,1,1,both,True,True
3942,train,not_normal,2,1,1,both,True,True
3943,train,not_normal,1,1,0,both,True,True
3944,train,not_normal,2,1,1,both,True,True
3945,train,not_normal,2,1,1,both,True,True
3946,train,normal,2,1,1,both,True,True
3947,train,not_normal,2,1,1,both,True,True
3948,train,normal,2,1,1,both,True,True
3949,train,not_normal,2,1,1,both,True,True
3950,train,not_normal,1,0,1,impression_only,True,True
3951,val,not_normal,2,1,1,both,True,False
3952,test,not_normal,2,1,1,both,True,False
3953,val,normal,2,1,1,both,True,False
3954,train,normal,2,1,1,both,True,True
3955,test,normal,3,2,1,impression_only,True,False
3956,val,not_normal,2,1,1,both,True,False
3957,test,normal,2,1,1,both,True,False
3958,test,normal,2,1,1,both,True,False
3959,train,not_normal,2,1,1,both,True,True
3960,val,not_normal,2,1,1,both,True,False
3961,test,not_normal,2,1,1,both,True,False
3962,test,normal,2,1,1,both,True,False
3963,train,not_normal,1,0,1,both,True,True
3964,train,not_normal,2,1,1,both,True,True
3965,train,not_normal,4,3,1,both,True,True
3966,val,not_normal,2,1,1,both,True,False
3967,train,not_normal,2,1,1,both,True,True
3968,val,not_normal,3,2,1,impression_only,True,False
3969,train,not_normal,2,1,1,both,True,True
3970,train,normal,2,1,1,both,True,True
3971,train,normal,3,2,1,both,True,True
3972,val,not_normal,2,1,1,both,True,False
3973,val,normal,1,1,0,neither,False,False
3974,train,not_normal,2,1,1,both,True,True
3975,train,not_normal,2,1,1,both,True,True
3976,val,normal,2,1,1,both,True,False
3977,train,not_normal,2,1,1,both,True,True
3978,train,normal,2,1,1,both,True,True
3979,test,not_normal,2,1,1,both,True,False
3980,val,not_normal,2,1,1,both,True,False
3981,train,normal,2,1,1,both,True,True
3982,val,normal,2,1,1,both,True,False
3983,train,not_normal,2,1,1,both,True,True
3984,train,not_normal,2,1,1,both,True,True
3985,test,not_normal,2,1,1,both,True,False
3986,test,normal,3,2,1,both,True,False
3987,test,not_normal,2,1,1,both,True,False
3988,train,not_normal,2,1,1,both,True,True
3989,train,not_normal,2,1,1,both,True,True
3991,test,not_normal,2,1,1,both,True,False
3992,train,not_normal,2,1,1,impression_only,True,True
3993,train,not_normal,2,1,1,both,True,True
3994,train,not_normal,2,1,1,both,True,True
3995,test,not_normal,2,1,1,both,True,False
3996,train,not_normal,2,1,1,both,True,True
3997,train,not_normal,2,1,1,both,True,True
3998,test,normal,2,1,1,impression_only,True,False
3999,train,normal,2,1,1,impression_only,True,True
