uid,partition,mesh_raw,mapped_findings,indexed_normal,eval_set,has_eval_set,uncertain_terms,unmapped_terms,frontal_image
1,reference_corpus,normal,,True,No Finding,True,,,1_IM-0001-4001.dcm.png
2,reference_corpus,Cardiomegaly/borderline;Pulmonary Artery/enlarged,Cardiomegaly,False,Cardiomegaly,True,,Pulmonary Artery,2_IM-0652-1001.dcm.png
3,reference_corpus,normal,,True,No Finding,True,,,3_IM-1384-1001.dcm.png
5,reference_corpus,Osteophyte/thoracic vertebrae/multiple/small;Thickening/pleura/apex/bilateral;Lung/hyperdistention/mild,Pleural Other,False,Pleural Other,True,,Lung;Osteophyte,5_IM-2117-1003002.dcm.png
6,reference_corpus,normal,,True,No Finding,True,,,6_IM-2192-1001.dcm.png
7,reference_corpus,Pulmonary Atelectasis/base;Spondylosis/thoracic vertebrae;Arthritis/cervical vertebrae,Atelectasis,False,Atelectasis,True,,Arthritis;Spondylosis,7_IM-2263-1001.dcm.png
8,reference_corpus,normal,,True,No Finding,True,,,8_IM-2333-1001.dcm.png
9,reference_corpus,Calcified Granuloma/lung/upper lobe/right;Density/cardiophrenic angle/left,,False,,False,Density,Calcified Granuloma,9_IM-2407-1001.dcm.png
11,reference_corpus,normal,,True,No Finding,True,,,11_IM-0067-1001.dcm.png
12,reference_corpus,normal,,True,No Finding,True,,,12_IM-0133-1001.dcm.png
14,reference_corpus,Lung/hyperdistention/mild;Markings/lung/interstitial/scattered/irregular/chronic,,False,,False,,Lung;Markings,14_IM-0256-1001.dcm.png
15,reference_corpus,Granulomatous Disease,,False,,False,,Granulomatous Disease,15_IM-0324-1001.dcm.png
19,reference_corpus,"Aorta, Thoracic/tortuous;Thoracic Vertebrae/degenerative",,False,,False,,"Aorta, Thoracic;Thoracic Vertebrae",19_IM-0583-1001.dcm.png
21,reference_corpus,Calcified Granuloma/lung/lingula;Breast Implants;Deformity/thoracic vertebrae/moderate,,False,,False,,Breast Implants;Calcified Granuloma;Deformity,21_IM-0729-1001-0001.dcm.png
22,reference_corpus,normal,,True,No Finding,True,,,22_IM-0810-1001.dcm.png
24,reference_corpus,normal,,True,No Finding,True,,,24_IM-0949-1001.dcm.png
25,reference_corpus,"Sutures/lung/apex/right;Lung, Hyperlucent;Lung/hyperdistention;Pulmonary Emphysema;Airspace Disease/lung/lower lobe/left;Pleural Effusion/left/moderate;Pleural Effusion/right/small",Lung Opacity;Pleural Effusion,False,Lung Opacity;Pleural Effusion,True,,"Lung;Lung, Hyperlucent;Pulmonary Emphysema;Sutures",25_IM-1024-2001.dcm.png
26,reference_corpus,Spondylosis/thoracic vertebrae,,False,,False,,Spondylosis,26_IM-1090-1001.dcm.png
27,reference_corpus,Lung/hyperdistention;Diaphragm/flattened;Thoracic Vertebrae/degenerative,,False,,False,,Diaphragm;Lung;Thoracic Vertebrae,27_IM-1168-2002.dcm.png
28,reference_corpus,Opacity/lung/base/bilateral/scattered/focal/patchy/multiple;Pulmonary Atelectasis;Consolidation/lung/base/left;Pulmonary Congestion;Cardiac Shadow/enlarged,Cardiomegaly;Lung Opacity;Consolidation;Atelectasis,False,Cardiomegaly;Lung Opacity;Consolidation;Atelectasis,True,Pulmonary Congestion,,28_IM-1231-1001.dcm.png
29,reference_corpus,"Cardiomegaly/borderline;Diaphragm/left/elevated;Tube, Inserted/trachea, carina;Airspace Disease/lung/base/left/severe",Cardiomegaly;Lung Opacity;Support Devices,False,Cardiomegaly;Lung Opacity;Support Devices,True,,Diaphragm,29_IM-1302-1001.dcm.png
31,reference_corpus,Markings/lung/interstitial,,False,,False,,Markings,31_IM-1450-1001.dcm.png
34,reference_corpus,normal,,True,No Finding,True,,,34_IM-1644-1001.dcm.png
35,reference_corpus,Lung/hyperdistention;Diaphragm/bilateral/flattened;Thoracic Vertebrae/degenerative/multiple;Emphysema,,False,,False,,Diaphragm;Emphysema;Lung;Thoracic Vertebrae,35_IM-1704-1001.dcm.png
36,reference_corpus,normal,,True,No Finding,True,,,36_IM-1776-1001.dcm.png
37,reference_corpus,Opacity/lung/middle lobe/right,Lung Opacity,False,Lung Opacity,True,,,37_IM-1847-0001-0002.dcm.png
38,reference_corpus,normal,,True,No Finding,True,,,38_IM-1911-1001.dcm.png
40,reference_corpus,Lung/hyperdistention/mild;Deformity/ribs/bilateral/multiple;Osteophyte/thoracic vertebrae/anterior/multiple/large;Emphysema,,False,,False,,Deformity;Emphysema;Lung;Osteophyte,40_IM-2050-1001.dcm.png
41,reference_corpus,"Opacity/lung/bilateral/interstitial/diffuse;Opacity/lung/base/left/interstitial/diffuse;Volume Loss/lung/left/mild;Lung Diseases, Interstitial",Lung Opacity,False,Lung Opacity,True,,"Lung Diseases, Interstitial;Volume Loss",41_IM-2055-1001.dcm.png
42,reference_corpus,normal,,True,No Finding,True,,,42_IM-2063-1001.dcm.png
44,reference_corpus,normal,,True,No Finding,True,,,44_IM-2078-1001.dcm.png
46,reference_corpus,normal,,True,No Finding,True,,,46_IM-2090-1001.dcm.png
47,reference_corpus,Stents/coronary vessels;Thickening/pleura/apex/bilateral/mild,Pleural Other;Support Devices,False,Pleural Other;Support Devices,True,,,47_IM-2098-1001.dcm.png
48,reference_corpus,Nodule/lung/base/left;Bone and Bones/thorax/degenerative/mild,Lung Lesion,False,Lung Lesion,True,,Bone and Bones,48_IM-2103-1001.dcm.png
49,reference_corpus,Thoracic Vertebrae/degenerative;Calcified Granuloma/lung/hilum/right;Aorta/tortuous/mild;Thickening/pleura/apex/right,Pleural Other,False,Pleural Other,True,,Aorta;Calcified Granuloma;Thoracic Vertebrae,49_IM-2110-1001.dcm.png
51,reference_corpus,Calcified Granuloma/lung/bilateral/scattered,,False,,False,,Calcified Granuloma,51_IM-2125-1001.dcm.png
52,reference_corpus,normal,,True,No Finding,True,,,52_IM-2131-1001.dcm.png
53,reference_corpus,Lung/hypoinflation/severe;Opacity/lung/base/right;Pulmonary Atelectasis/base/right,Lung Opacity;Atelectasis,False,Lung Opacity;Atelectasis,True,,Lung,53_IM-2138-1001.dcm.png
55,reference_corpus,Lung/hypoinflation,,False,,False,,Lung,55_IM-2154-1001.dcm.png
57,reference_corpus,"Tube, Inserted/trachea, carina;Opacity/lung/bilateral/interstitial/diffuse/prominent;Spine/degenerative/mild",Lung Opacity;Support Devices,False,Lung Opacity;Support Devices,True,,Spine,57_IM-2170-1001-0002.dcm.png
58,reference_corpus,Thoracic Vertebrae/degenerative;Scoliosis/thoracic vertebrae/mild,,False,,False,,Scoliosis;Thoracic Vertebrae,58_IM-2177-1001.dcm.png
59,reference_corpus,Diaphragm/left/elevated,,False,,False,,Diaphragm,59_IM-2184-1001.dcm.png
60,reference_corpus,"Hernia, Hiatal;Density/lung/lower lobe/left/round;Mass/lung/lower lobe/left/round",Lung Lesion,False,Lung Lesion,True,Density,"Hernia, Hiatal",60_IM-2192-1001.dcm.png
62,reference_corpus,Stents/coronary vessels;Spine/degenerative;Calcinosis/mediastinum/lymph nodes,Support Devices,False,Support Devices,True,,Calcinosis;Spine,62_IM-2202-12012.dcm.png
63,reference_corpus,Diaphragm/posterior/flattened;Markings/lung/interstitial/scattered/irregular/chronic;Aorta/tortuous;Osteophyte/spine/multiple/mild;Calcinosis/spine,,False,,False,,Aorta;Calcinosis;Diaphragm;Markings;Osteophyte,63_IM-2210-0001-0001.dcm.png
64,reference_corpus,Technical Quality of Image Unsatisfactory ;Pneumothorax/apex/right/moderate,Pneumothorax,False,Pneumothorax,True,,Technical Quality of Image Unsatisfactory,64_IM-2218-4004.dcm.png
65,reference_corpus,normal,,True,No Finding,True,,,65_IM-2228-4004.dcm.png
67,reference_corpus,Lung/hypoinflation;Markings/bronchovascular,,False,,False,,Lung;Markings,67_IM-2243-8001.dcm.png
69,reference_corpus,normal,,True,No Finding,True,,,69_IM-2258-1001.dcm.png
71,reference_corpus,normal,,True,No Finding,True,,,71_IM-2273-1001.dcm.png
75,reference_corpus,"Atherosclerosis/aorta, thoracic;Aorta, Thoracic/tortuous;Cicatrix/lung/lower lobe/left;Opacity/lung/bilateral/interstitial/prominent/mild;Pulmonary Emphysema;Calcified Granuloma",Lung Opacity,False,Lung Opacity,True,,"Aorta, Thoracic;Atherosclerosis;Calcified Granuloma;Cicatrix;Pulmonary Emphysema",75_IM-2303-1001.dcm.png
76,reference_corpus,Cicatrix/lung/lingula,,False,,False,,Cicatrix,76_IM-2309-1001.dcm.png
77,reference_corpus,"Thickening/pleura/apex/bilateral;Bone Diseases, Metabolic/degenerative/mild",Pleural Other,False,Pleural Other,True,,"Bone Diseases, Metabolic",77_IM-2315-1001-0002.dcm.png
79,reference_corpus,normal,,True,No Finding,True,,,79_IM-2329-1001.dcm.png
81,reference_corpus,normal,,True,No Finding,True,,,
82,reference_corpus,Surgical Instruments/left,Support Devices,False,Support Devices,True,,,82_IM-2350-3001.dcm.png
83,reference_corpus,normal,,True,No Finding,True,,,83_IM-2358-1001.dcm.png
84,reference_corpus,Lung/hypoinflation;Markings/bronchovascular,,False,,False,,Lung;Markings,84_IM-2363-1001.dcm.png
85,reference_corpus,Calcified Granuloma/scattered;Spine/degenerative,,False,,False,,Calcified Granuloma;Spine,85_IM-2372-1001.dcm.png
89,reference_corpus,normal,,True,No Finding,True,,,89_IM-2402-1001.dcm.png
90,reference_corpus,Spine/degenerative,,False,,False,,Spine,90_IM-2407-1001.dcm.png
91,reference_corpus,Pneumothorax/apex/right/moderate;Shift/mediastinum/mild,Pneumothorax,False,Pneumothorax,True,,Shift,91_IM-2415-2001.dcm.png
93,reference_corpus,Thoracic Vertebrae/degenerative/mild,,False,,False,,Thoracic Vertebrae,93_IM-2428-1001.dcm.png
94,reference_corpus,normal,,True,No Finding,True,,,94_IM-2436-1001.dcm.png
96,reference_corpus,normal,,True,No Finding,True,,,96_IM-2450-2002.dcm.png
97,reference_corpus,Spondylosis/thoracic vertebrae,,False,,False,,Spondylosis,97_IM-2460-1001.dcm.png
98,reference_corpus,Lung/hypoinflation;Pulmonary Atelectasis/base,Atelectasis,False,Atelectasis,True,,Lung,98_IM-2467-4004.dcm.png
99,reference_corpus,Foreign Bodies/thorax/left,,False,,False,,Foreign Bodies,99_IM-2476-1001.dcm.png
100,reference_corpus,normal,,True,No Finding,True,,,100_IM-0002-1001.dcm.png
102,reference_corpus,Lung/hyperdistention;Density/sternum,,False,,False,Density,Lung,102_IM-0016-1001.dcm.png
103,reference_corpus,Mediastinum/prominent;Thoracic Vertebrae/degenerative/mild,,False,,False,Mediastinum,Thoracic Vertebrae,103_IM-0023-1001.dcm.png
106,reference_corpus,normal,,True,No Finding,True,,,106_IM-0042-1001.dcm.png
107,reference_corpus,normal,,True,No Finding,True,,,107_IM-0049-1001.dcm.png
111,reference_corpus,"Pleural Effusion/right;Lung Diseases, Interstitial/chronic",Pleural Effusion,False,Pleural Effusion,True,,"Lung Diseases, Interstitial",111_IM-0076-1001.dcm.png
112,reference_corpus,"Spinal Fusion/cervical vertebrae;Lung/hyperdistention;Diaphragm/flattened;Pulmonary Disease, Chronic Obstructive;Spine/degenerative",,False,,False,,"Diaphragm;Lung;Pulmonary Disease, Chronic Obstructive;Spinal Fusion;Spine",112_IM-0080-1001.dcm.png
114,reference_corpus,normal,,True,No Finding,True,,,114_IM-0096-1001.dcm.png
115,reference_corpus,"Lung/hyperdistention;Pulmonary Disease, Chronic Obstructive",,False,,False,,"Lung;Pulmonary Disease, Chronic Obstructive",115_IM-0102-1001.dcm.png
118,reference_corpus,Airspace Disease/lung/middle lobe/right/focal,Lung Opacity,False,Lung Opacity,True,,,118_IM-0123-1001.dcm.png
119,reference_corpus,normal,,True,No Finding,True,,,119_IM-0128-1001.dcm.png
123,reference_corpus,Cardiomegaly/mild;Aorta/tortuous;Density/lung/apex/right;Opacity/lung/apex/right,Cardiomegaly;Lung Opacity,False,Cardiomegaly;Lung Opacity,True,Density,Aorta,123_IM-0153-4004.dcm.png
124,reference_corpus,Pleural Effusion/left/large;Lung/left/hypoinflation;Pleural Effusion/right/small;Markings/lung/right/bronchovascular;Pulmonary Congestion/right,Pleural Effusion,False,Pleural Effusion,True,Pulmonary Congestion,Lung;Markings,124_IM-0161-4004.dcm.png
125,reference_corpus,No Indexing,,False,,False,,,125_IM-0169-1001.dcm.png
126,reference_corpus,Opacity/lung/base/left;Atherosclerosis;Thoracic Vertebrae/degenerative,Lung Opacity,False,Lung Opacity,True,,Atherosclerosis;Thoracic Vertebrae,126_IM-0176-2002.dcm.png
127,reference_corpus,Calcified Granuloma/lung/base/left,,False,,False,,Calcified Granuloma,127_IM-0181-1001.dcm.png
129,reference_corpus,normal,,True,No Finding,True,,,129_IM-0189-1001.dcm.png
131,reference_corpus,Calcified Granuloma/lung/middle lobe/right;Surgical Instruments/right,Support Devices,False,Support Devices,True,,Calcified Granuloma,131_IM-0202-1001.dcm.png
133,reference_corpus,normal,,True,No Finding,True,,,133_IM-0212-1001.dcm.png
135,reference_corpus,normal,,True,No Finding,True,,,135_IM-0227-1001.dcm.png
136,reference_corpus,normal,,True,No Finding,True,,,136_IM-0233-1001.dcm.png
138,reference_corpus,normal,,True,No Finding,True,,,138_IM-0244-1001.dcm.png
139,reference_corpus,"Cardiac Shadow/enlarged/mild;Opacity/supracardiac;Aorta, Thoracic/tortuous;Calcinosis/aorta, thoracic;Lung/hyperdistention;Diaphragm/bilateral/flattened;Thoracic Vertebrae/degenerative/severe;Cardiomegaly/mild;Pulmonary Disease, Chronic Obstructive",Cardiomegaly;Lung Opacity,False,Cardiomegaly;Lung Opacity,True,,"Aorta, Thoracic;Calcinosis;Diaphragm;Lung;Pulmonary Disease, Chronic Obstructive;Thoracic Vertebrae",139_IM-0248-1001.dcm.png
142,reference_corpus,normal,,True,No Finding,True,,,142_IM-0267-1001.dcm.png
145,reference_corpus,Costophrenic Angle/right/blunted;Pleural Effusion/right/large;Infiltrate/lung/lower lobe/left/patchy,Lung Opacity;Pleural Effusion,False,Lung Opacity;Pleural Effusion,True,,Costophrenic Angle,145_IM-0290-1001.dcm.png
146,reference_corpus,Technical Quality of Image Unsatisfactory ;Lung/hypoinflation;Expansile Bone Lesions/ribs/right,,False,,False,,Expansile Bone Lesions;Lung;Technical Quality of Image Unsatisfactory,146_IM-0298-1001-0001.dcm.png
147,reference_corpus,normal,,True,No Finding,True,,,147_IM-0303-1001.dcm.png
151,reference_corpus,No Indexing,,False,,False,,,151_IM-0331-1001.dcm.png
153,reference_corpus,"Catheters, Indwelling;Pleural Effusion/right/small",Pleural Effusion;Support Devices,False,Pleural Effusion;Support Devices,True,,,153_IM-0343-1001.dcm.png
155,reference_corpus,Aorta/prominent;Calcinosis/lung/hilum/left,,False,,False,,Aorta;Calcinosis,155_IM-0358-1001.dcm.png
157,reference_corpus,normal,,True,No Finding,True,,,157_IM-0372-1001.dcm.png
158,reference_corpus,normal,,True,No Finding,True,,,158_IM-0377-1001.dcm.png
159,reference_corpus,Osteophyte/shoulder/bilateral/multiple,,False,,False,,Osteophyte,159_IM-0382-1001.dcm.png
161,reference_corpus,"Lung/hypoinflation;Pulmonary Atelectasis/base/left/scattered;Catheters, Indwelling",Atelectasis;Support Devices,False,Atelectasis;Support Devices,True,,Lung,161_IM-0394-1001.dcm.png
162,reference_corpus,normal,,True,No Finding,True,,,162_IM-0401-1001.dcm.png
163,reference_corpus,"Technical Quality of Image Unsatisfactory ;Calcinosis/lung/hilum/lymph nodes/right;Calcinosis/trachea, carina/lymph nodes",,False,,False,,Calcinosis;Technical Quality of Image Unsatisfactory,163_IM-0410-12012.dcm.png
164,reference_corpus,normal,,True,No Finding,True,,,164_IM-0419-1001.dcm.png
165,reference_corpus,Cicatrix/lung/apex/bilateral;Calcified Granuloma/lung/middle lobe/right;Atherosclerosis/aorta;Arthritis,,False,,False,,Arthritis;Atherosclerosis;Calcified Granuloma;Cicatrix,165_IM-0427-1001.dcm.png
166,reference_corpus,Calcified Granuloma;Spine/degenerative/mild;Calcinosis/lymph nodes,,False,,False,,Calcified Granuloma;Calcinosis;Spine,166_IM-0435-2002.dcm.png
167,reference_corpus,Calcified Granuloma/lung/upper lobe/left,,False,,False,,Calcified Granuloma,167_IM-0441-1001.dcm.png
168,reference_corpus,"Thoracic Vertebrae/degenerative/multiple/mild;Lumbar Vertebrae/degenerative/multiple/mild;Fractures, Bone/ribs/left/chronic",Fracture,False,Fracture,True,,Lumbar Vertebrae;Thoracic Vertebrae,168_IM-0448-1001.dcm.png
169,reference_corpus,normal,,True,No Finding,True,,,169_IM-0452-1001.dcm.png
170,reference_corpus,Technical Quality of Image Unsatisfactory ;Lung/hypoinflation,,False,,False,,Lung;Technical Quality of Image Unsatisfactory,170_IM-0461-0001-0003.dcm.png
171,reference_corpus,normal,,True,No Finding,True,,,171_IM-0468-1001.dcm.png
172,reference_corpus,Diaphragm/right/elevated;Aorta/tortuous;Spine/degenerative;Deformity/lumbar vertebrae,,False,,False,,Aorta;Deformity;Diaphragm;Spine,172_IM-0474-1001.dcm.png
173,reference_corpus,Lung/hypoinflation;Calcinosis/lung/hilum/lymph nodes/bilateral,,False,,False,,Calcinosis;Lung,173_IM-0481-1001.dcm.png
174,reference_corpus,"Catheters, Indwelling;Deformity/ribs/right/multiple",Support Devices,False,Support Devices,True,,Deformity,174_IM-0488-1001.dcm.png
175,reference_corpus,Cardiomegaly/mild;Aorta/tortuous;Diaphragm/right/elevated;Pulmonary Atelectasis/base/bilateral/mild;Opacity/lung/base/left/mild;Costophrenic Angle/right/blunted;Infiltrate/lung/base/bilateral/mild,Cardiomegaly;Lung Opacity;Atelectasis,False,Cardiomegaly;Lung Opacity;Atelectasis,True,,Aorta;Costophrenic Angle;Diaphragm,175_IM-0492-1001.dcm.png
176,reference_corpus,normal,,True,No Finding,True,,,176_IM-0496-1001.dcm.png
177,reference_corpus,Cardiomegaly;Opacity/lung/bilateral/interstitial;Pulmonary Atelectasis/bilateral;Calcinosis/aorta;Calcified Granuloma/lung/hilum/right;Costophrenic Angle/bilateral/blunted;Pleural Effusion/bilateral,Cardiomegaly;Lung Opacity;Atelectasis;Pleural Effusion,False,Cardiomegaly;Lung Opacity;Atelectasis;Pleural Effusion,True,,Calcified Granuloma;Calcinosis;Costophrenic Angle,177_IM-0503-1001.dcm.png
178,reference_corpus,"Atherosclerosis/aorta, thoracic;Markings/lung/interstitial/diffuse;Lung Diseases, Interstitial/chronic;Opacity/lung/apex/left/patchy;Opacity/lung/base/right/patchy;Airspace Disease/lung/apex/left/patchy;Airspace Disease/lung/base/right/patchy",Lung Opacity,False,Lung Opacity,True,,"Atherosclerosis;Lung Diseases, Interstitial;Markings",178_IM-0509-2001.dcm.png
179,reference_corpus,No Indexing,,False,,False,,,179_IM-0514-1001.dcm.png
181,reference_corpus,Diaphragmatic Eventration/right,,False,,False,,Diaphragmatic Eventration,181_IM-0524-1001.dcm.png
182,reference_corpus,Opacity/lung/lower lobe/left/patchy;Infiltrate/lung/lower lobe/left,Lung Opacity,False,Lung Opacity,True,,,182_IM-0531-1001.dcm.png
184,reference_corpus,Nodule/lung/apex/right,Lung Lesion,False,Lung Lesion,True,,,184_IM-0544-1001.dcm.png
185,reference_corpus,Lung/hypoinflation/mild;Markings/bronchovascular;Opacity,Lung Opacity,False,Lung Opacity,True,,Lung;Markings,185_IM-0551-1001.dcm.png
190,reference_corpus,normal,,True,No Finding,True,,,190_IM-0583-1001.dcm.png
191,reference_corpus,normal,,True,No Finding,True,,,191_IM-0591-1001.dcm.png
194,reference_corpus,Airspace Disease/lung/base/left/mild;Pulmonary Atelectasis/base/left;Infiltrate/lung/base/left,Lung Opacity;Atelectasis,False,Lung Opacity;Atelectasis,True,,,194_IM-0609-2001.dcm.png
196,reference_corpus,normal,,True,No Finding,True,,,196_IM-0626-1001.dcm.png
198,reference_corpus,No Indexing,,False,,False,,,
200,reference_corpus,normal,,True,No Finding,True,,,200_IM-0653-1001.dcm.png
201,reference_corpus,"Opacity/lung/middle lobe/right/mild;Aorta, Thoracic/tortuous/mild;Atherosclerosis/aorta;Thoracic Vertebrae/degenerative;Pulmonary Atelectasis",Lung Opacity;Atelectasis,False,Lung Opacity;Atelectasis,True,,"Aorta, Thoracic;Atherosclerosis;Thoracic Vertebrae",201_IM-0660-1001.dcm.png
204,reference_corpus,normal,,True,No Finding,True,,,204_IM-0683-1001.dcm.png
206,reference_corpus,Density/lung/lingula;Cardiomegaly/borderline;Aorta/tortuous;Arthritis/spine;Nodule/lung/lower lobe/left,Cardiomegaly;Lung Lesion,False,Cardiomegaly;Lung Lesion,True,Density,Aorta;Arthritis,206_IM-0697-6001.dcm.png
207,reference_corpus,normal,,True,No Finding,True,,,207_IM-0703-1001.dcm.png
211,reference_corpus,normal,,True,No Finding,True,,,211_IM-0740-1001.dcm.png
212,reference_corpus,"Lung, Hyperlucent/apex/bilateral;Fractures, Bone/ribs/left/healed",Fracture,False,Fracture,True,,"Lung, Hyperlucent",212_IM-0746-1001-0001.dcm.png
214,reference_corpus,Cardiomegaly/moderate;Implanted Medical Device/pulmonary artery,Cardiomegaly;Support Devices,False,Cardiomegaly;Support Devices,True,,,
215,reference_corpus,Cardiomegaly;Calcified Granuloma/lung/lingula;Calcified Granuloma/lung/upper lobe/left;Granulomatous Disease;Scoliosis/thoracic vertebrae/left/moderate;Scoliosis/lumbar vertebrae/right/mild;Scoliosis/thoracic vertebrae/right/mild,Cardiomegaly,False,Cardiomegaly,True,,Calcified Granuloma;Granulomatous Disease;Scoliosis,215_IM-0769-1001.dcm.png
216,reference_corpus,Cardiac Shadow/enlarged;Pulmonary Atelectasis/base/bilateral/mild;Cardiomegaly,Cardiomegaly;Atelectasis,False,Cardiomegaly;Atelectasis,True,,,216_IM-0777-2001.dcm.png
217,reference_corpus,normal,,True,No Finding,True,,,217_IM-0786-1001.dcm.png
221,reference_corpus,Atherosclerosis/aorta;Costophrenic Angle/left/blunted/mild;Spondylosis/thoracic vertebrae,,False,,False,,Atherosclerosis;Costophrenic Angle;Spondylosis,221_IM-0817-1001.dcm.png
223,reference_corpus,Markings/bronchovascular,,False,,False,,Markings,223_IM-0831-1001.dcm.png
224,reference_corpus,normal,,True,No Finding,True,,,224_IM-0837-1001.dcm.png
225,reference_corpus,normal,,True,No Finding,True,,,225_IM-0844-1001.dcm.png
226,reference_corpus,normal,,True,No Finding,True,,,226_IM-0851-1001.dcm.png
227,reference_corpus,Cardiomegaly;Pulmonary Congestion/prominent;Opacity/lung/base/bilateral/interstitial/diffuse/mild;Pulmonary Edema/interstitial;Pleural Effusion/bilateral,Cardiomegaly;Lung Opacity;Edema;Pleural Effusion,False,Cardiomegaly;Lung Opacity;Edema;Pleural Effusion,True,Pulmonary Congestion,,227_IM-0859-12012.dcm.png
230,reference_corpus,Nodule/lung/lingula,Lung Lesion,False,Lung Lesion,True,,,230_IM-0880-0001-0002.dcm.png
233,reference_corpus,Density/lung/base/left;Opacity/lung/base/right/small;Pulmonary Atelectasis;Diaphragmatic Eventration/right;Technical Quality of Image Unsatisfactory ;Diaphragm/right/posterior/elevated;Markings/lung/apex/bilateral;Deformity/ribs/right/chronic;Costophrenic Angle/right/obscured,Lung Opacity;Atelectasis,False,Lung Opacity;Atelectasis,True,Density,Costophrenic Angle;Deformity;Diaphragm;Diaphragmatic Eventration;Markings;Technical Quality of Image Unsatisfactory,233_IM-0899-1001.dcm.png
234,reference_corpus,normal,,True,No Finding,True,,,234_IM-0906-0001-0001.dcm.png
236,reference_corpus,normal,,True,No Finding,True,,,236_IM-0924-1001.dcm.png
237,reference_corpus,Calcified Granuloma/lung/hilum/right/multiple;Thoracic Vertebrae/degenerative/multiple,,False,,False,,Calcified Granuloma;Thoracic Vertebrae,237_IM-0930-2001.dcm.png
238,reference_corpus,normal,,True,No Finding,True,,,238_IM-0939-1001.dcm.png
240,reference_corpus,Cicatrix/lung/apex/right/streaky;Calcinosis/aorta,,False,,False,,Calcinosis;Cicatrix,240_IM-0950-1001.dcm.png
241,reference_corpus,normal,,True,No Finding,True,,,241_IM-0955-1001.dcm.png
243,reference_corpus,normal,,True,No Finding,True,,,243_IM-0971-2001.dcm.png
244,reference_corpus,normal,,True,No Finding,True,,,244_IM-0978-1001.dcm.png
246,reference_corpus,normal,,True,No Finding,True,,,246_IM-0992-1002001.dcm.png
247,reference_corpus,normal,,True,No Finding,True,,,247_IM-1000-1001.dcm.png
248,reference_corpus,Calcified Granuloma/lung/middle lobe/right/small,,False,,False,,Calcified Granuloma,248_IM-1008-85149002.dcm.png
250,reference_corpus,Spine/degenerative/mild,,False,,False,,Spine,250_IM-1025-1001.dcm.png
252,reference_corpus,normal,,True,No Finding,True,,,252_IM-1038-1001.dcm.png
253,reference_corpus,"Pneumothorax/left/moderate;Catheters, Indwelling/left",Pneumothorax;Support Devices,False,Pneumothorax;Support Devices,True,,,253_IM-1045-1001.dcm.png
254,reference_corpus,Osteophyte/thoracic vertebrae/scattered,,False,,False,,Osteophyte,254_IM-1051-1001.dcm.png
255,reference_corpus,normal,,True,No Finding,True,,,255_IM-1058-1001.dcm.png
256,reference_corpus,Sutures/lung/upper lobe/left;Cicatrix/ribs/left,,False,,False,,Cicatrix;Sutures,256_IM-1064-1001.dcm.png
258,reference_corpus,"Lung/hyperdistention;Diaphragm/flattened;Pulmonary Disease, Chronic Obstructive;Spine/degenerative",,False,,False,,"Diaphragm;Lung;Pulmonary Disease, Chronic Obstructive;Spine",258_IM-1078-1001.dcm.png
259,reference_corpus,normal,,True,No Finding,True,,,259_IM-1083-1001.dcm.png
260,reference_corpus,Medical Device/thorax/left;Lucency/humerus/right;Sclerosis/humerus/right;Cysts/humerus/right/large,Support Devices,False,Support Devices,True,,Cysts;Lucency;Sclerosis,260_IM-1090-1001.dcm.png
261,reference_corpus,normal,,True,No Finding,True,,,261_IM-1100-1001.dcm.png
262,reference_corpus,normal,,True,No Finding,True,,,262_IM-1109-1001.dcm.png
263,reference_corpus,normal,,True,No Finding,True,,,
264,reference_corpus,normal,,True,No Finding,True,,,264_IM-1125-1001.dcm.png
267,reference_corpus,Airspace Disease/lung/bilateral/scattered/patchy/multiple/mild;Pleural Effusion/bilateral/small;Spine/degenerative,Lung Opacity;Pleural Effusion,False,Lung Opacity;Pleural Effusion,True,,Spine,267_IM-1147-1001.dcm.png
269,reference_corpus,normal,,True,No Finding,True,,,269_IM-1161-1001.dcm.png
270,reference_corpus,normal,,True,No Finding,True,,,270_IM-1168-1001.dcm.png
272,reference_corpus,normal,,True,No Finding,True,,,272_IM-1182-1001.dcm.png
274,reference_corpus,"Aorta, Thoracic/tortuous;Calcinosis/aorta, thoracic;Thoracic Vertebrae/degenerative;Deformity/thoracic vertebrae/mild",,False,,False,,"Aorta, Thoracic;Calcinosis;Deformity;Thoracic Vertebrae",274_IM-1194-1001.dcm.png
275,reference_corpus,normal,,True,No Finding,True,,,275_IM-1200-1001.dcm.png
276,reference_corpus,normal,,True,No Finding,True,,,276_IM-1207-1001.dcm.png
277,reference_corpus,Cicatrix/lung/apex/bilateral/mild;Granuloma/lung/middle lobe/right;Density/lung/upper lobe/right/round;Density/lung/middle lobe/right/round,,False,,False,Density,Cicatrix;Granuloma,277_IM-1213-1001.dcm.png
279,reference_corpus,normal,,True,No Finding,True,,,279_IM-1224-1001-0002.dcm.png
281,reference_corpus,normal,,True,No Finding,True,,,
282,reference_corpus,normal,,True,No Finding,True,,,282_IM-1243-1001.dcm.png
284,reference_corpus,normal,,True,No Finding,True,,,284_IM-1252-5005.dcm.png
286,reference_corpus,Calcinosis/lung/hilum/left,,False,,False,,Calcinosis,286_IM-1267-3001.dcm.png
287,reference_corpus,normal,,True,No Finding,True,,,287_IM-1276-4004.dcm.png
289,reference_corpus,"Catheters, Indwelling;Medical Device",Support Devices,False,Support Devices,True,,,289_IM-1292-0001-0001.dcm.png
291,reference_corpus,normal,,True,No Finding,True,,,291_IM-1313-1001.dcm.png
292,reference_corpus,Airspace Disease/lung/middle lobe/right/focal,Lung Opacity,False,Lung Opacity,True,,,292_IM-1322-1001.dcm.png
293,reference_corpus,Surgical Instruments/mediastinum;Deformity/thoracic vertebrae,Support Devices,False,Support Devices,True,,Deformity,293_IM-1332-1001.dcm.png
295,reference_corpus,"Fractures, Bone/clavicle/left/healed",Fracture,False,Fracture,True,,,295_IM-1348-1001.dcm.png
296,reference_corpus,"Hernia, Hiatal",,False,,False,,"Hernia, Hiatal",296_IM-1354-1001.dcm.png
299,reference_corpus,"Hernia, Hiatal/small",,False,,False,,"Hernia, Hiatal",299_IM-1377-1001.dcm.png
303,reference_corpus,Lung/hypoinflation/mild;Diaphragmatic Eventration;Thickening/pleura/bilateral;Opacity/lung/base/bilateral/streaky/mild;Pulmonary Atelectasis/chronic,Lung Opacity;Atelectasis;Pleural Other,False,Lung Opacity;Atelectasis;Pleural Other,True,,Diaphragmatic Eventration;Lung,303_IM-1404-1001.dcm.png
304,reference_corpus,Technical Quality of Image Unsatisfactory ;Lung/hypoinflation;Calcinosis/lung/hilum/lymph nodes/right;Spinal Fusion/cervical vertebrae;Pulmonary Atelectasis,Atelectasis,False,Atelectasis,True,,Calcinosis;Lung;Spinal Fusion;Technical Quality of Image Unsatisfactory,304_IM-1413-12012.dcm.png
305,reference_corpus,Cardiomegaly/mild,Cardiomegaly,False,Cardiomegaly,True,,,
306,reference_corpus,normal,,True,No Finding,True,,,306_IM-1426-1001.dcm.png
307,reference_corpus,normal,,True,No Finding,True,,,307_IM-1432-1001.dcm.png
308,reference_corpus,Diaphragm/right/elevated;Cicatrix/right/chronic;Opacity/right,Lung Opacity,False,Lung Opacity,True,,Cicatrix;Diaphragm,308_IM-1439-1001.dcm.png
309,reference_corpus,normal,,True,No Finding,True,,,309_IM-1444-1001.dcm.png
312,reference_corpus,No Indexing,,False,,False,,,312_IM-1466-1001.dcm.png
313,reference_corpus,Cardiac Shadow/enlarged/moderate;Opacity/lung/lower lobe/interstitial/diffuse/prominent;Opacity/lung/hilum/interstitial/diffuse/prominent;Consolidation/lung/base/bilateral;Pleural Effusion/bilateral/small;Atherosclerosis/aorta,Cardiomegaly;Lung Opacity;Consolidation;Pleural Effusion,False,Cardiomegaly;Lung Opacity;Consolidation;Pleural Effusion,True,,Atherosclerosis,313_IM-1472-1001.dcm.png
314,reference_corpus,Lung/hypoinflation,,False,,False,,Lung,314_IM-1477-1001.dcm.png
315,reference_corpus,Spinal Fusion/thoracic vertebrae,,False,,False,,Spinal Fusion,315_IM-1481-1001.dcm.png
318,reference_corpus,normal,,True,No Finding,True,,,318_IM-1500-1001.dcm.png
320,reference_corpus,normal,,True,No Finding,True,,,320_IM-1511-1001.dcm.png
321,reference_corpus,Opacity/lung/left;Pulmonary Atelectasis/lingula;Spine/degenerative/diffuse;Epicardial Fat;Opacity/lung/base/left,Lung Opacity;Atelectasis,False,Lung Opacity;Atelectasis,True,,Epicardial Fat;Spine,321_IM-1516-0001-0002.dcm.png
322,reference_corpus,Markings/lung/interstitial/chronic;Spine/degenerative,,False,,False,,Markings;Spine,322_IM-1521-1001.dcm.png
323,reference_corpus,Calcinosis/lung/right;Granulomatous Disease;Thoracic Vertebrae/degenerative/mild;Density/lung/right,,False,,False,Density,Calcinosis;Granulomatous Disease;Thoracic Vertebrae,323_IM-1526-1001.dcm.png
324,reference_corpus,normal,,True,No Finding,True,,,324_IM-1534-1001.dcm.png
326,reference_corpus,normal,,True,No Finding,True,,,326_IM-1546-2002.dcm.png
327,reference_corpus,Cardiomegaly/mild;Surgical Instruments/mediastinum,Cardiomegaly;Support Devices,False,Cardiomegaly;Support Devices,True,,,327_IM-1552-1001.dcm.png
328,reference_corpus,normal,,True,No Finding,True,,,328_IM-1560-1001.dcm.png
330,reference_corpus,normal,,True,No Finding,True,,,330_IM-1577-0001-0002.dcm.png
331,reference_corpus,normal,,True,No Finding,True,,,331_IM-1584-1001.dcm.png
333,reference_corpus,Lung/hyperdistention/mild,,False,,False,,Lung,333_IM-1594-1001.dcm.png
334,reference_corpus,Calcified Granuloma/lung/lingula/small;Pulmonary Atelectasis/middle lobe;Infiltrate/lung/middle lobe,Lung Opacity;Atelectasis,False,Lung Opacity;Atelectasis,True,,Calcified Granuloma,334_IM-1600-1001.dcm.png
336,reference_corpus,normal,,True,No Finding,True,,,336_IM-1613-1001.dcm.png
339,reference_corpus,normal,,True,No Finding,True,,,339_IM-1635-1001.dcm.png
340,reference_corpus,Cardiomegaly/moderate;Diaphragmatic Eventration;Density/heart,Cardiomegaly,False,Cardiomegaly,True,Density,Diaphragmatic Eventration,340_IM-1644-4004.dcm.png
341,reference_corpus,normal,,True,No Finding,True,,,341_IM-1648-1001.dcm.png
342,reference_corpus,"Cardiomegaly/mild;Calcified Granuloma/lung/upper lobe/left;Aorta, Thoracic/tortuous/mild",Cardiomegaly,False,Cardiomegaly,True,,"Aorta, Thoracic;Calcified Granuloma",342_IM-1655-0001-0001.dcm.png
343,reference_corpus,"Consolidation/lung;Bone Diseases, Metabolic;Airspace Disease/lung;Pulmonary Congestion/mild",Lung Opacity;Consolidation,False,Lung Opacity;Consolidation,True,Pulmonary Congestion,"Bone Diseases, Metabolic",343_IM-1658-1001.dcm.png
345,reference_corpus,normal,,True,No Finding,True,,,345_IM-1672-1001.dcm.png
346,reference_corpus,normal,,True,No Finding,True,,,346_IM-1680-12012.dcm.png
347,reference_corpus,Thoracic Vertebrae/degenerative/mild;Granulomatous Disease/chronic,,False,,False,,Granulomatous Disease;Thoracic Vertebrae,347_IM-1686-1001.dcm.png
348,reference_corpus,normal,,True,No Finding,True,,,348_IM-1690-1001.dcm.png
350,reference_corpus,"Opacity/lung/base/left/patchy;Hernia, Hiatal/small",Lung Opacity,False,Lung Opacity,True,,"Hernia, Hiatal",350_IM-1705-0001-0001.dcm.png
351,reference_corpus,"Lung/hyperdistention;Cicatrix/lung/lower lobe/bilateral/mild;Aorta, Thoracic/tortuous/mild",,False,,False,,"Aorta, Thoracic;Cicatrix;Lung",351_IM-1712-1001.dcm.png
352,reference_corpus,Thoracic Vertebrae/degenerative/mild,,False,,False,,Thoracic Vertebrae,352_IM-1718-1001.dcm.png
353,reference_corpus,Pulmonary Edema/bilateral/interstitial/mild;Pleural Effusion/right/small;Calcinosis/mediastinum/lymph nodes,Edema;Pleural Effusion,False,Edema;Pleural Effusion,True,,Calcinosis,353_IM-1726-1001.dcm.png
354,reference_corpus,normal,,True,No Finding,True,,,354_IM-1731-1001.dcm.png
355,reference_corpus,"Lung/hypoinflation;Markings/lung/bilateral/interstitial/prominent;Blister/lung/upper lobe/bilateral;Lung Diseases, Interstitial/chronic",,False,,False,,"Blister;Lung;Lung Diseases, Interstitial;Markings",355_IM-1739-1001.dcm.png
356,reference_corpus,normal,,True,No Finding,True,,,356_IM-1744-1001.dcm.png
357,reference_corpus,Heart/right/obscured;Opacity/lung/base/right/streaky,Lung Opacity,False,Lung Opacity,True,,Heart,357_IM-1753-1001.dcm.png
358,reference_corpus,normal,,True,No Finding,True,,,358_IM-1759-1001.dcm.png
363,reference_corpus,normal,,True,No Finding,True,,,363_IM-1798-4004.dcm.png
364,reference_corpus,normal,,True,No Finding,True,,,364_IM-1804-1001.dcm.png
365,reference_corpus,normal,,True,No Finding,True,,,365_IM-1812-1001.dcm.png
366,reference_corpus,normal,,True,No Finding,True,,,366_IM-1820-1001.dcm.png
370,reference_corpus,normal,,True,No Finding,True,,,370_IM-1848-1001.dcm.png
371,reference_corpus,"Lung/hyperdistention;Calcinosis/mediastinum/anterior;Calcinosis/lymph nodes;Arthritis/spine;Granulomatous Disease;Pulmonary Disease, Chronic Obstructive",,False,,False,,"Arthritis;Calcinosis;Granulomatous Disease;Lung;Pulmonary Disease, Chronic Obstructive",371_IM-1852-1001.dcm.png
374,reference_corpus,Cardiomegaly;Pleural Effusion/right/large;Pulmonary Atelectasis/base/right;Infiltrate/lung/base/right,Cardiomegaly;Lung Opacity;Atelectasis;Pleural Effusion,False,Cardiomegaly;Lung Opacity;Atelectasis;Pleural Effusion,True,,,374_IM-1868-1001.dcm.png
375,reference_corpus,normal,,True,No Finding,True,,,375_IM-1874-1001.dcm.png
377,reference_corpus,Spine/degenerative,,False,,False,,Spine,377_IM-1889-1001.dcm.png
378,reference_corpus,Pulmonary Atelectasis/base/right/mild,Atelectasis,False,Atelectasis,True,,,378_IM-1895-4001.dcm.png
379,reference_corpus,"Catheters, Indwelling/right;Cardiomegaly/moderate;Opacity/lung/base/bilateral;Pleural Effusion/bilateral;Calcinosis/mild",Cardiomegaly;Lung Opacity;Pleural Effusion;Support Devices,False,Cardiomegaly;Lung Opacity;Pleural Effusion;Support Devices,True,,Calcinosis,379_IM-1903-4004.dcm.png
380,reference_corpus,Medical Device/thorax,Support Devices,False,Support Devices,True,,,380_IM-1911-2001.dcm.png
386,reference_corpus,Markings/bronchovascular,,False,,False,,Markings,386_IM-1954-4004.dcm.png
387,reference_corpus,Lung/hilum/enlarged;Opacity/lung/upper lobe/left,Lung Opacity,False,Lung Opacity,True,,Lung,387_IM-1962-1001.dcm.png
390,reference_corpus,Aorta/tortuous/mild;Spine/degenerative,,False,,False,,Aorta;Spine,390_IM-1979-1001.dcm.png
391,reference_corpus,Lung/hypoinflation,,False,,False,,Lung,391_IM-1986-1001.dcm.png
393,reference_corpus,normal,,True,No Finding,True,,,393_IM-2002-1001.dcm.png
394,reference_corpus,Opacity/lung/lower lobe/right/large;Opacity/lung/middle lobe/right/large;Consolidation/lung/multilobar,Lung Opacity;Consolidation,False,Lung Opacity;Consolidation,True,,,394_IM-2010-1001.dcm.png
395,reference_corpus,Calcinosis/lung/hilum/lymph nodes,,False,,False,,Calcinosis,395_IM-2019-1001.dcm.png
396,reference_corpus,Spine/degenerative/mild,,False,,False,,Spine,396_IM-2024-2002.dcm.png
397,reference_corpus,Density/lung/base/left/round;Thoracic Vertebrae/degenerative;Density/costophrenic angle/left/round,,False,,False,Density,Thoracic Vertebrae,397_IM-2030-1001.dcm.png
401,reference_corpus,"Costophrenic Angle/left/blunted;Opacity/lung/interstitial;Lung Diseases, Interstitial/diffuse;Pleural Effusion",Lung Opacity;Pleural Effusion,False,Lung Opacity;Pleural Effusion,True,,"Costophrenic Angle;Lung Diseases, Interstitial",401_IM-2051-1001.dcm.png
403,reference_corpus,"Fractures, Bone/ribs/right/multiple/healed",Fracture,False,Fracture,True,,,403_IM-2052-2001.dcm.png
409,reference_corpus,Opacity/lung/interstitial;Pulmonary Fibrosis;Calcified Granuloma/lung/hilum/bilateral;Calcified Granuloma/paratracheal;Markings/lung/bilateral/interstitial,Lung Opacity,False,Lung Opacity,True,,Calcified Granuloma;Markings;Pulmonary Fibrosis,409_IM-2055-2001.dcm.png
410,reference_corpus,Scoliosis/thoracic vertebrae/left/mild;Shoulder/right/prominent/mild,,False,,False,,Scoliosis;Shoulder,410_IM-2056-1002.dcm.png
411,reference_corpus,Opacity/lung/base/left/patchy/mild;Arthritis;Pulmonary Atelectasis/base/left;Cicatrix/lung/base/left/chronic,Lung Opacity;Atelectasis,False,Lung Opacity;Atelectasis,True,,Arthritis;Cicatrix,411_IM-2056-1001.dcm.png
412,reference_corpus,Pulmonary Emphysema/bilateral;Pulmonary Fibrosis/lower lobe/bilateral;Thoracic Vertebrae/degenerative;Opacity/lung/lower lobe/right;Nodule/lung/lower lobe/right;Deformity/ribs/right/posterior,Lung Opacity;Lung Lesion,False,Lung Opacity;Lung Lesion,True,,Deformity;Pulmonary Emphysema;Pulmonary Fibrosis;Thoracic Vertebrae,412_IM-2056-2001.dcm.png
413,reference_corpus,normal,,True,No Finding,True,,,413_IM-2056-1001.dcm.png
414,reference_corpus,Scoliosis/lumbar vertebrae/right/mild;Spine/degenerative/multiple;Scoliosis/thoracic vertebrae/right/mild,,False,,False,,Scoliosis;Spine,414_IM-2057-1001.dcm.png
415,reference_corpus,Breast Implants/bilateral,,False,,False,,Breast Implants,415_IM-2058-2002.dcm.png
416,reference_corpus,normal,,True,No Finding,True,,,416_IM-2059-1001.dcm.png
417,reference_corpus,Calcified Granuloma,,False,,False,,Calcified Granuloma,417_IM-2060-1001.dcm.png
418,reference_corpus,Cardiac Shadow/enlarged;Surgical Instruments;Density/lung/base/left;Cicatrix/lung/base/left;Pulmonary Atelectasis/base/left/chronic;Calcinosis/lung/hilum/right,Cardiomegaly;Atelectasis;Support Devices,False,Cardiomegaly;Atelectasis;Support Devices,True,Density,Calcinosis;Cicatrix,418_IM-2061-2001.dcm.png
421,reference_corpus,normal,,True,No Finding,True,,,421_IM-2064-1001.dcm.png
422,reference_corpus,Calcified Granuloma/lung/left,,False,,False,,Calcified Granuloma,422_IM-2065-5001.dcm.png
423,reference_corpus,"Lung/hypoinflation;Pleural Effusion/bilateral/large;Pulmonary Atelectasis/base/bilateral;Airspace Disease/lung/base/bilateral;Catheters, Indwelling/left;Tube, Inserted;Lucency/diaphragm/left;Pneumoperitoneum",Lung Opacity;Atelectasis;Pleural Effusion;Support Devices,False,Lung Opacity;Atelectasis;Pleural Effusion;Support Devices,True,,Lucency;Lung;Pneumoperitoneum,423_IM-2066-0001-0003.dcm.png
425,reference_corpus,normal,,True,No Finding,True,,,425_IM-2068-1001.dcm.png
428,reference_corpus,normal,,True,No Finding,True,,,428_IM-2070-1001.dcm.png
429,reference_corpus,normal,,True,No Finding,True,,,429_IM-2070-1001.dcm.png
431,reference_corpus,Osteophyte/thoracic vertebrae/multiple;Technical Quality of Image Unsatisfactory ;Cardiomegaly/borderline,Cardiomegaly,False,Cardiomegaly,True,,Osteophyte;Technical Quality of Image Unsatisfactory,431_IM-2072-1001.dcm.png
432,reference_corpus,normal,,True,No Finding,True,,,432_IM-2072-1001.dcm.png
434,reference_corpus,Calcinosis/aorta;Calcinosis/mediastinum/lymph nodes;Lung/hyperdistention;Diaphragm/flattened;Spine/degenerative,,False,,False,,Calcinosis;Diaphragm;Lung;Spine,434_IM-2074-1001.dcm.png
435,reference_corpus,normal,,True,No Finding,True,,,435_IM-2075-1001.dcm.png
439,reference_corpus,Calcinosis/lung/base/right/small;Granulomatous Disease;Calcinosis/lung/hilum/lymph nodes/small,,False,,False,,Calcinosis;Granulomatous Disease,439_IM-2078-1001.dcm.png
440,reference_corpus,Emphysema;Thickening/pleura/apex/left/focal;Cicatrix/pleura/apex/left;Atherosclerosis/aorta,Pleural Other,False,Pleural Other,True,,Atherosclerosis;Cicatrix;Emphysema,440_IM-2078-5005.dcm.png
442,reference_corpus,"Lung/hyperdistention;Pulmonary Disease, Chronic Obstructive",,False,,False,,"Lung;Pulmonary Disease, Chronic Obstructive",442_IM-2078-1001.dcm.png
444,reference_corpus,normal,,True,No Finding,True,,,444_IM-2079-1001.dcm.png
445,reference_corpus,normal,,True,No Finding,True,,,445_IM-2079-1001.dcm.png
446,reference_corpus,Spondylosis/thoracic vertebrae,,False,,False,,Spondylosis,446_IM-2080-1001.dcm.png
448,reference_corpus,normal,,True,No Finding,True,,,448_IM-2080-1001.dcm.png
449,reference_corpus,normal,,True,No Finding,True,,,449_IM-2080-1001.dcm.png
451,reference_corpus,Calcinosis/mediastinum/lymph nodes,,False,,False,,Calcinosis,451_IM-2082-1001.dcm.png
452,reference_corpus,Sutures/lung/apex/left,,False,,False,,Sutures,452_IM-2083-1001.dcm.png
453,reference_corpus,Pulmonary Fibrosis/base/bilateral,,False,,False,,Pulmonary Fibrosis,453_IM-2084-1001.dcm.png
454,reference_corpus,Cardiomegaly/mild,Cardiomegaly,False,Cardiomegaly,True,,,454_IM-2085-1001.dcm.png
455,reference_corpus,Lung/hypoinflation;Markings/bronchovascular;Pulmonary Atelectasis/base;Cardiac Shadow/right/prominent;Thoracic Vertebrae/degenerative/chronic,Atelectasis,False,Atelectasis,True,Cardiac Shadow,Lung;Markings;Thoracic Vertebrae,455_IM-2086-4004.dcm.png
456,reference_corpus,Granulomatous Disease,,False,,False,,Granulomatous Disease,456_IM-2087-1001.dcm.png
457,reference_corpus,Calcified Granuloma/lung/lingula;Density/lung/upper lobe/right/anterior/round;Opacity/lung/interstitial/prominent,Lung Opacity,False,Lung Opacity,True,Density,Calcified Granuloma,457_IM-2088-1001-0001.dcm.png
459,reference_corpus,normal,,True,No Finding,True,,,459_IM-2090-2001.dcm.png
461,reference_corpus,normal,,True,No Finding,True,,,461_IM-2090-1001.dcm.png
462,reference_corpus,"Cardiomegaly/mild;Aorta, Thoracic/tortuous/mild",Cardiomegaly,False,Cardiomegaly,True,,"Aorta, Thoracic",462_IM-2090-1001.dcm.png
463,reference_corpus,Opacity/lung/lower lobe/left;Osteophyte/thoracic vertebrae/multiple;Calcinosis/lung/hilum/lymph nodes;Mass/thorax/left,Lung Opacity;Lung Lesion,False,Lung Opacity;Lung Lesion,True,,Calcinosis;Osteophyte,463_IM-2091-1001.dcm.png
464,reference_corpus,Diaphragmatic Eventration/right;Spine/degenerative,,False,,False,,Diaphragmatic Eventration;Spine,464_IM-2092-12012.dcm.png
467,reference_corpus,normal,,True,No Finding,True,,,
468,reference_corpus,"Nodule/lung/apex/right;Lung/hyperdistention;Density/thorax/scattered;Costophrenic Angle/blunted/chronic;Fractures, Bone/ribs/right/posterior/healed",Lung Lesion;Fracture,False,Lung Lesion;Fracture,True,Density,Costophrenic Angle;Lung,468_IM-2096-1001.dcm.png
469,reference_corpus,Scoliosis/lumbar vertebrae;Scoliosis/thoracic vertebrae;Spine/degenerative,,False,,False,,Scoliosis;Spine,469_IM-2097-1001.dcm.png
470,reference_corpus,normal,,True,No Finding,True,,,470_IM-2099-3001.dcm.png
471,reference_corpus,Funnel Chest/mild,,False,,False,,Funnel Chest,471_IM-2099-2002.dcm.png
472,reference_corpus,Thoracic Vertebrae/degenerative,,False,,False,,Thoracic Vertebrae,472_IM-2100-1001.dcm.png
473,reference_corpus,normal,,True,No Finding,True,,,473_IM-2101-1001.dcm.png
474,reference_corpus,normal,,True,No Finding,True,,,474_IM-2101-1001.dcm.png
475,reference_corpus,normal,,True,No Finding,True,,,475_IM-2101-1001.dcm.png
476,reference_corpus,Calcinosis/aorta,,False,,False,,Calcinosis,476_IM-2101-1001.dcm.png
477,reference_corpus,normal,,True,No Finding,True,,,477_IM-2101-1001.dcm.png
478,reference_corpus,Spondylosis/thoracic vertebrae,,False,,False,,Spondylosis,478_IM-2101-1001-0002.dcm.png
479,reference_corpus,normal,,True,No Finding,True,,,479_IM-2102-1001.dcm.png
480,reference_corpus,normal,,True,No Finding,True,,,480_IM-2104-1001.dcm.png
482,reference_corpus,"Tube, Inserted",Support Devices,False,Support Devices,True,,,482_IM-2106-2001.dcm.png
484,reference_corpus,Scoliosis/thoracic vertebrae/severe;Scoliosis/lumbar vertebrae/severe;Atherosclerosis/aorta;Lung/hypoinflation,,False,,False,,Atherosclerosis;Lung;Scoliosis,484_IM-2108-1001.dcm.png
486,reference_corpus,"Cicatrix/lung/middle lobe/right;Thickening/pleura/right/focal;Costophrenic Angle/bilateral/blunted/chronic;Aorta, Thoracic/tortuous",Pleural Other,False,Pleural Other,True,,"Aorta, Thoracic;Cicatrix;Costophrenic Angle",486_IM-2110-1001.dcm.png
489,reference_corpus,Granuloma/multiple,,False,,False,,Granuloma,489_IM-2110-1001.dcm.png
490,reference_corpus,Technical Quality of Image Unsatisfactory ,,False,,False,,Technical Quality of Image Unsatisfactory,490_IM-2110-1001.dcm.png
491,reference_corpus,Pulmonary Atelectasis/base/bilateral;Opacity/lung/base/bilateral,Lung Opacity;Atelectasis,False,Lung Opacity;Atelectasis,True,,,491_IM-2111-1001.dcm.png
493,reference_corpus,Calcinosis/lymph nodes/bilateral,,False,,False,,Calcinosis,493_IM-2113-1001.dcm.png
494,reference_corpus,Opacity/lung/base/left,Lung Opacity,False,Lung Opacity,True,,,494_IM-2114-1001.dcm.png
495,reference_corpus,Airspace Disease/lung/streaky,Lung Opacity,False,Lung Opacity,True,,,495_IM-2114-1001.dcm.png
496,reference_corpus,normal,,True,No Finding,True,,,496_IM-2114-1001.dcm.png
497,reference_corpus,normal,,True,No Finding,True,,,497_IM-2114-1001.dcm.png
498,reference_corpus,Mass/lung/upper lobe/right/large;Thoracic Vertebrae/degenerative,Lung Lesion,False,Lung Lesion,True,,Thoracic Vertebrae,498_IM-2115-1001.dcm.png
502,reference_corpus,normal,,True,No Finding,True,,,502_IM-2120-1001.dcm.png
503,reference_corpus,normal,,True,No Finding,True,,,503_IM-2121-1001.dcm.png
506,reference_corpus,normal,,True,No Finding,True,,,506_IM-2124-1001.dcm.png
507,reference_corpus,No Indexing,,False,,False,,,507_IM-2125-1001.dcm.png
510,reference_corpus,normal,,True,No Finding,True,,,510_IM-2126-1001.dcm.png
511,reference_corpus,Lung/hyperdistention;Diaphragm/flattened,,False,,False,,Diaphragm;Lung,511_IM-2127-1001.dcm.png
512,reference_corpus,Thoracic Vertebrae/degenerative/mild,,False,,False,,Thoracic Vertebrae,512_IM-2127-1001.dcm.png
513,reference_corpus,Heart Atria/bilateral/enlarged;Cardiac Shadow/enlarged;Lung/hyperdistention/mild;Thickening/pleura/apex/left/mild;Thoracic Vertebrae/degenerative/moderate;Cardiomegaly,Cardiomegaly;Pleural Other,False,Cardiomegaly;Pleural Other,True,,Heart Atria;Lung;Thoracic Vertebrae,513_IM-2128-1001.dcm.png
515,reference_corpus,normal,,True,No Finding,True,,,515_IM-2129-1001.dcm.png
516,reference_corpus,Calcified Granuloma/lung/hilum/right,,False,,False,,Calcified Granuloma,516_IM-2130-1001.dcm.png
517,reference_corpus,Granuloma/lung/base/right;Calcinosis/lung/hilum/lymph nodes/right/multiple;Nodule/lung/base/right;Calcinosis/lung/base/right,Lung Lesion,False,Lung Lesion,True,,Calcinosis;Granuloma,517_IM-2130-2002.dcm.png
519,reference_corpus,normal,,True,No Finding,True,,,519_IM-2131-1001.dcm.png
520,reference_corpus,"Fractures, Bone/ribs/healed;Hernia, Hiatal;Density/mediastinum",Fracture,False,Fracture,True,Density,"Hernia, Hiatal",520_IM-2131-1001.dcm.png
523,reference_corpus,normal,,True,No Finding,True,,,
525,reference_corpus,"Fractures, Bone/ribs/right;Kyphosis/severe;Aorta/tortuous/mild;Deformity/ribs/right",Fracture,False,Fracture,True,,Aorta;Deformity;Kyphosis,525_IM-2136-1001.dcm.png
526,reference_corpus,Cardiomegaly/mild;Adipose Tissue/right,Cardiomegaly,False,Cardiomegaly,True,,Adipose Tissue,
527,reference_corpus,normal,,True,No Finding,True,,,527_IM-2137-1001.dcm.png
529,reference_corpus,normal,,True,No Finding,True,,,529_IM-2137-1001.dcm.png
531,reference_corpus,"Lung/left/hyperdistention;Lung, Hyperlucent/left;Volume Loss/thorax/right;Shift/mediastinum",,False,,False,,"Lung;Lung, Hyperlucent;Shift;Volume Loss",531_IM-2140-1001.dcm.png
532,reference_corpus,normal,,True,No Finding,True,,,532_IM-2140-1001.dcm.png
534,reference_corpus,Cicatrix/lung/upper lobe/hilum/left;Opacity/retrocardiac/streaky;Pulmonary Atelectasis/left/mild,Lung Opacity;Atelectasis,False,Lung Opacity;Atelectasis,True,,Cicatrix,534_IM-2141-1001.dcm.png
536,reference_corpus,normal,,True,No Finding,True,,,536_IM-2143-1001.dcm.png
537,reference_corpus,Calcified Granuloma/scattered,,False,,False,,Calcified Granuloma,537_IM-2143-1001.dcm.png
538,reference_corpus,normal,,True,No Finding,True,,,538_IM-2144-4004.dcm.png
539,reference_corpus,normal,,True,No Finding,True,,,539_IM-2145-1001.dcm.png
540,reference_corpus,Opacity/lung/base/left/streaky/mild;Airspace Disease/lung/base/left/streaky/mild;Pulmonary Atelectasis;Lung/azygos lobe,Lung Opacity;Atelectasis,False,Lung Opacity;Atelectasis,True,,Lung,540_IM-2146-4004.dcm.png
541,reference_corpus,"Lumbar Vertebrae/degenerative/mild;Thoracic Vertebrae/degenerative/mild;Deformity/lumbar vertebrae/anterior/mild;Deformity/thoracic vertebrae/anterior/mild;Deformity/ribs/left/multiple;Fractures, Bone/ribs/left/multiple/healed",Fracture,False,Fracture,True,,Deformity;Lumbar Vertebrae;Thoracic Vertebrae,541_IM-2147-1001.dcm.png
543,reference_corpus,normal,,True,No Finding,True,,,543_IM-2148-1001.dcm.png
544,reference_corpus,normal,,True,No Finding,True,,,544_IM-2148-1001.dcm.png
545,reference_corpus,"Opacity/lung/base/bilateral;Hernia, Hiatal;Lung/hypoinflation;Pulmonary Atelectasis/base/bilateral/focal",Lung Opacity;Atelectasis,False,Lung Opacity;Atelectasis,True,,"Hernia, Hiatal;Lung",545_IM-2149-1001.dcm.png
547,reference_corpus,Thoracic Vertebrae/degenerative,,False,,False,,Thoracic Vertebrae,547_IM-2151-1001.dcm.png
549,reference_corpus,Cicatrix/lung/upper lobe/left;Thickening/pleura/left;Volume Loss/lung/upper lobe/left;Cicatrix/lung/apex/right/mild,Pleural Other,False,Pleural Other,True,,Cicatrix;Volume Loss,549_IM-2153-1001.dcm.png
550,reference_corpus,normal,,True,No Finding,True,,,550_IM-2154-1001.dcm.png
551,reference_corpus,Lung/hyperdistention;Diaphragm/flattened;Pulmonary Emphysema,,False,,False,,Diaphragm;Lung;Pulmonary Emphysema,551_IM-2154-1001.dcm.png
552,reference_corpus,Osteophyte/thoracic vertebrae/multiple;Calcified Granuloma/lung/apex/right,,False,,False,,Calcified Granuloma;Osteophyte,552_IM-2155-1001.dcm.png
553,reference_corpus,Calcified Granuloma/scattered;Lung/hyperdistention;Spine/degenerative,,False,,False,,Calcified Granuloma;Lung;Spine,553_IM-2155-2001.dcm.png
554,reference_corpus,normal,,True,No Finding,True,,,554_IM-2155-1001.dcm.png
555,reference_corpus,Thoracic Vertebrae/degenerative,,False,,False,,Thoracic Vertebrae,555_IM-2156-1001.dcm.png
556,reference_corpus,normal,,True,No Finding,True,,,556_IM-2156-1001-0002.dcm.png
557,reference_corpus,normal,,True,No Finding,True,,,557_IM-2157-2001.dcm.png
558,reference_corpus,Calcified Granuloma/scattered/multiple,,False,,False,,Calcified Granuloma,558_IM-2158-0001-0001.dcm.png
560,reference_corpus,normal,,True,No Finding,True,,,560_IM-2161-1001.dcm.png
563,reference_corpus,normal,,True,No Finding,True,,,563_IM-2164-1001.dcm.png
564,reference_corpus,Airspace Disease/lung/upper lobe/right;Opacity/lung/upper lobe/left/round;Pneumonia/upper lobe/right;Nodule/lung/upper lobe/left/round,Lung Opacity;Lung Lesion;Pneumonia,False,Lung Opacity;Lung Lesion;Pneumonia,True,,,564_IM-2165-1001.dcm.png
565,reference_corpus,normal,,True,No Finding,True,,,565_IM-2166-1001.dcm.png
567,reference_corpus,Pulmonary Atelectasis/middle lobe/right/mild;Spine/degenerative,Atelectasis,False,Atelectasis,True,,Spine,567_IM-2167-1001.dcm.png
570,reference_corpus,normal,,True,No Finding,True,,,570_IM-2170-1001.dcm.png
572,reference_corpus,normal,,True,No Finding,True,,,572_IM-2170-1001.dcm.png
575,reference_corpus,Calcified Granuloma/lung/left,,False,,False,,Calcified Granuloma,575_IM-2173-1001.dcm.png
576,reference_corpus,"Technical Quality of Image Unsatisfactory ;Trachea/right/tortuous/mild;Cardiomegaly;Aorta, Thoracic/tortuous;Pleural Effusion/right;Pulmonary Atelectasis/right;Lung/hypoinflation;Shoulder/right/degenerative/severe",Cardiomegaly;Atelectasis;Pleural Effusion,False,Cardiomegaly;Atelectasis;Pleural Effusion,True,,"Aorta, Thoracic;Lung;Shoulder;Technical Quality of Image Unsatisfactory;Trachea",576_IM-2174-1001.dcm.png
577,reference_corpus,normal,,True,No Finding,True,,,577_IM-2175-1001.dcm.png
581,reference_corpus,normal,,True,No Finding,True,,,581_IM-2178-1001.dcm.png
585,reference_corpus,Epicardial Fat/prominent;Atherosclerosis/aorta;Opacity/costophrenic angle/sulcus/bilateral/streaky;Cicatrix/costophrenic angle/sulcus/bilateral/chronic;Pulmonary Atelectasis/costophrenic angle/bilateral,Lung Opacity;Atelectasis,False,Lung Opacity;Atelectasis,True,,Atherosclerosis;Cicatrix;Epicardial Fat,585_IM-2181-1001.dcm.png
587,reference_corpus,Opacity/lung/lower lobe/bilateral,Lung Opacity,False,Lung Opacity,True,,,587_IM-2182-2001.dcm.png
588,reference_corpus,normal,,True,No Finding,True,,,588_IM-2183-1001.dcm.png
589,reference_corpus,normal,,True,No Finding,True,,,589_IM-2183-1001.dcm.png
590,reference_corpus,Airspace Disease/lung/middle lobe/right;Diaphragm/right/elevated,Lung Opacity,False,Lung Opacity,True,,Diaphragm,590_IM-2185-2001.dcm.png
591,reference_corpus,Calcified Granuloma/lung/base/left;Deformity/thoracic vertebrae,,False,,False,,Calcified Granuloma;Deformity,591_IM-2186-1001.dcm.png
592,reference_corpus,Sulcus/right/posterior/blunted;Osteophyte/thoracic vertebrae/multiple,,False,,False,,Osteophyte;Sulcus,592_IM-2186-12012.dcm.png
593,reference_corpus,Thoracic Vertebrae/degenerative/severe;Cardiomegaly/mild;Aorta/tortuous;Calcinosis/aorta,Cardiomegaly,False,Cardiomegaly,True,,Aorta;Calcinosis;Thoracic Vertebrae,593_IM-2186-1001.dcm.png
594,reference_corpus,Osteophyte/thoracic vertebrae/multiple;Opacity/lung/base/bilateral/streaky;Cardiomegaly/borderline;Deformity/thoracic vertebrae,Cardiomegaly;Lung Opacity,False,Cardiomegaly;Lung Opacity,True,,Deformity;Osteophyte,594_IM-2187-1001.dcm.png
595,reference_corpus,normal,,True,No Finding,True,,,595_IM-2187-1001.dcm.png
596,reference_corpus,"Catheters, Indwelling/right",Support Devices,False,Support Devices,True,,,596_IM-2188-26001.dcm.png
597,reference_corpus,Opacity/lung/lower lobe/bilateral;Lucency/diaphragm;Pneumoperitoneum;Surgical Instruments;Pulmonary Atelectasis/lower lobe/bilateral,Lung Opacity;Atelectasis;Support Devices,False,Lung Opacity;Atelectasis;Support Devices,True,,Lucency;Pneumoperitoneum,
600,reference_corpus,"Calcinosis/lung/hilum/lymph nodes/left;Calcified Granuloma/lung/hilum/left;Fractures, Bone/clavicle/right/healed",Fracture,False,Fracture,True,,Calcified Granuloma;Calcinosis,600_IM-2192-1001.dcm.png
602,reference_corpus,normal,,True,No Finding,True,,,602_IM-2192-1001.dcm.png
604,reference_corpus,"Catheters, Indwelling/right",Support Devices,False,Support Devices,True,,,604_IM-2193-1001.dcm.png
605,reference_corpus,Opacity/lung/upper lobe/left/small;Nodule/lung/upper lobe/left/small,Lung Opacity;Lung Lesion,False,Lung Opacity;Lung Lesion,True,,,605_IM-2194-1001.dcm.png
607,reference_corpus,Calcinosis/lung/bilateral/scattered;Nodule/lung/bilateral/scattered,Lung Lesion,False,Lung Lesion,True,,Calcinosis,607_IM-2196-1001.dcm.png
609,reference_corpus,normal,,True,No Finding,True,,,609_IM-2197-1001.dcm.png
610,reference_corpus,Cardiomegaly/severe;Atherosclerosis/aorta;Thoracic Vertebrae/degenerative;Shoulder/right/degenerative,Cardiomegaly,False,Cardiomegaly,True,,Atherosclerosis;Shoulder;Thoracic Vertebrae,610_IM-2197-1001.dcm.png
611,reference_corpus,Lung/hypoinflation;Markings/bronchovascular,,False,,False,,Lung;Markings,611_IM-2198-1001.dcm.png
612,reference_corpus,Spinal Fusion/cervical vertebrae;Cardiomegaly;Opacity/lung/base/bilateral;Pulmonary Atelectasis/base/bilateral/mild;Infiltrate/lung/base/bilateral;Thoracic Vertebrae/degenerative/multiple/mild;Lumbar Vertebrae/degenerative/mild,Cardiomegaly;Lung Opacity;Atelectasis,False,Cardiomegaly;Lung Opacity;Atelectasis,True,,Lumbar Vertebrae;Spinal Fusion;Thoracic Vertebrae,612_IM-2199-1001.dcm.png
613,reference_corpus,No Indexing,,False,,False,,,613_IM-2200-2001.dcm.png
615,reference_corpus,Calcified Granuloma/scattered;Granulomatous Disease,,False,,False,,Calcified Granuloma;Granulomatous Disease,615_IM-2200-1001.dcm.png
617,reference_corpus,Spine/degenerative,,False,,False,,Spine,617_IM-2200-1001.dcm.png
619,reference_corpus,Aorta/tortuous;Cardiomegaly,Cardiomegaly,False,Cardiomegaly,True,,Aorta,619_IM-2202-1002.dcm.png
620,reference_corpus,Cicatrix/lung/lower lobe/left;Thoracic Vertebrae/degenerative,,False,,False,,Cicatrix;Thoracic Vertebrae,620_IM-2202-1001.dcm.png
621,reference_corpus,Spine/degenerative/mild,,False,,False,,Spine,621_IM-2203-1001.dcm.png
622,reference_corpus,normal,,True,No Finding,True,,,622_IM-2204-1001.dcm.png
623,reference_corpus,Atherosclerosis/aorta;Density/lung/base/right;Adipose Tissue/lung/base/right,,False,,False,Density,Adipose Tissue;Atherosclerosis,623_IM-2205-2002.dcm.png
624,reference_corpus,Lung/hyperdistention;Diaphragm/flattened;Spondylosis/thoracic vertebrae;Scoliosis/right/mild;Spinal Fusion/cervical vertebrae/anterior;Emphysema,,False,,False,,Diaphragm;Emphysema;Lung;Scoliosis;Spinal Fusion;Spondylosis,624_IM-2206-1001.dcm.png
626,reference_corpus,normal,,True,No Finding,True,,,626_IM-2206-1001.dcm.png
627,reference_corpus,"Cardiomegaly;Atherosclerosis/aorta, thoracic;Pulmonary Congestion",Cardiomegaly,False,Cardiomegaly,True,Pulmonary Congestion,Atherosclerosis,627_IM-2207-1001.dcm.png
628,reference_corpus,"Aorta/tortuous;Aortic Aneurysm/aorta, thoracic;Cicatrix/lung/apex/bilateral;Spondylosis/spine;Aorta/retrocardiac/enlarged;Medical Device",Support Devices,False,Support Devices,True,,Aorta;Aortic Aneurysm;Cicatrix;Spondylosis,628_IM-2208-4001.dcm.png
629,reference_corpus,normal,,True,No Finding,True,,,629_IM-2209-1001.dcm.png
630,reference_corpus,normal,,True,No Finding,True,,,630_IM-2211-1001.dcm.png
631,reference_corpus,"Catheters, Indwelling/right;Lung/hypoinflation/moderate;Opacity/lung/base/bilateral;Pulmonary Atelectasis/base/bilateral;Density/ribs/left/anterior",Lung Opacity;Atelectasis;Support Devices,False,Lung Opacity;Atelectasis;Support Devices,True,Density,Lung,631_IM-2212-1001.dcm.png
632,reference_corpus,normal,,True,No Finding,True,,,632_IM-2213-1001.dcm.png
634,reference_corpus,Calcinosis/aorta;Aorta/tortuous,,False,,False,,Aorta;Calcinosis,634_IM-2214-2001.dcm.png
635,reference_corpus,Pulmonary Atelectasis/lower lobe/left;Infiltrate/lung/lower lobe/left;Pleural Effusion/lower lobe/left,Lung Opacity;Atelectasis;Pleural Effusion,False,Lung Opacity;Atelectasis;Pleural Effusion,True,,,635_IM-2215-1001.dcm.png
636,reference_corpus,Granulomatous Disease;Pulmonary Atelectasis/lower lobe/left,Atelectasis,False,Atelectasis,True,,Granulomatous Disease,636_IM-2215-1001.dcm.png
638,reference_corpus,Pneumonia/lower lobe/right/anterior,Pneumonia,False,Pneumonia,True,,,638_IM-2217-1001.dcm.png
639,reference_corpus,normal,,True,No Finding,True,,,639_IM-2218-1001.dcm.png
642,reference_corpus,normal,,True,No Finding,True,,,642_IM-2221-0001-0001.dcm.png
644,reference_corpus,Spondylosis/thoracic vertebrae,,False,,False,,Spondylosis,644_IM-2223-1001.dcm.png
645,reference_corpus,Spine/degenerative,,False,,False,,Spine,645_IM-2224-1001.dcm.png
646,reference_corpus,Foreign Bodies/left,,False,,False,,Foreign Bodies,646_IM-2225-1001.dcm.png
647,reference_corpus,Costophrenic Angle/blunted/mild;Airspace Disease/lung/base/right;Calcinosis/lung/hilum/lymph nodes;Infiltrate/lung/base/right;Pulmonary Atelectasis/base/right;Pleural Effusion/bilateral,Lung Opacity;Atelectasis;Pleural Effusion,False,Lung Opacity;Atelectasis;Pleural Effusion,True,,Calcinosis;Costophrenic Angle,
649,reference_corpus,Opacity/lung/base/left/chronic/mild;Pleural Effusion/left/small,Lung Opacity;Pleural Effusion,False,Lung Opacity;Pleural Effusion,True,,,649_IM-2227-1001.dcm.png
650,reference_corpus,"Technical Quality of Image Unsatisfactory ;Aorta/tortuous;Pleural Effusion/right/moderate;Pleural Effusion/left/small;Opacity/lung/bilateral/interstitial;Nodule/lung/bilateral/interstitial;Cardiac Shadow/enlarged/mild;Fractures, Bone/humerus/left;Stents;Hernia, Hiatal/large;Cardiomegaly;Aorta/prominent",Cardiomegaly;Lung Opacity;Lung Lesion;Pleural Effusion;Fracture;Support Devices,False,Cardiomegaly;Lung Opacity;Lung Lesion;Pleural Effusion;Fracture;Support Devices,True,,"Aorta;Hernia, Hiatal;Technical Quality of Image Unsatisfactory",650_IM-2228-4001.dcm.png
651,reference_corpus,Surgical Instruments/mediastinum/left;Pleural Effusion/left/small;Mediastinum/lymph nodes/enlarged,Pleural Effusion;Support Devices,False,Pleural Effusion;Support Devices,True,Mediastinum,,651_IM-2229-1001.dcm.png
652,reference_corpus,normal,,True,No Finding,True,,,652_IM-2229-1001.dcm.png
653,reference_corpus,Spine/degenerative/mild,,False,,False,,Spine,653_IM-2230-1001.dcm.png
654,reference_corpus,normal,,True,No Finding,True,,,654_IM-2231-1001.dcm.png
655,reference_corpus,Lung/hyperdistention,,False,,False,,Lung,655_IM-2231-1001.dcm.png
656,reference_corpus,Cardiomegaly/mild;Lung/hyperdistention,Cardiomegaly,False,Cardiomegaly,True,,Lung,656_IM-2232-84570001.dcm.png
657,reference_corpus,normal,,True,No Finding,True,,,657_IM-2233-0001-0001.dcm.png
659,reference_corpus,Aorta/tortuous;Lung/hypoinflation;Thoracic Vertebrae/degenerative/moderate,,False,,False,,Aorta;Lung;Thoracic Vertebrae,659_IM-2235-1001.dcm.png
662,reference_corpus,No Indexing,,False,,False,,,662_IM-2238-1001.dcm.png
663,reference_corpus,normal,,True,No Finding,True,,,663_IM-2239-1001.dcm.png
666,reference_corpus,Cardiomegaly/borderline;Atherosclerosis/aorta;Aorta/tortuous;Cicatrix/lung/base/right/mild;Pulmonary Atelectasis/base/right;Costophrenic Angle/blunted,Cardiomegaly;Atelectasis,False,Cardiomegaly;Atelectasis,True,,Aorta;Atherosclerosis;Cicatrix;Costophrenic Angle,666_IM-2241-1001.dcm.png
667,reference_corpus,"Tube, Inserted;Lung/hypoinflation;Pulmonary Atelectasis/base/bilateral;Markings/bronchovascular;Thoracic Vertebrae/degenerative/mild",Atelectasis;Support Devices,False,Atelectasis;Support Devices,True,,Lung;Markings;Thoracic Vertebrae,667_IM-2241-1001.dcm.png
669,reference_corpus,"Cardiomegaly;Pulmonary Congestion/upper lobe/mild;Hypertension, Pulmonary;Diaphragmatic Eventration/right",Cardiomegaly,False,Cardiomegaly,True,Pulmonary Congestion,"Diaphragmatic Eventration;Hypertension, Pulmonary",669_IM-2242-2001.dcm.png
670,reference_corpus,Atherosclerosis/aorta;Cardiomegaly/mild,Cardiomegaly,False,Cardiomegaly,True,,Atherosclerosis,670_IM-2244-85049001.dcm.png
674,reference_corpus,Lung/hypoinflation;Markings/bronchovascular,,False,,False,,Lung;Markings,674_IM-2247-1001.dcm.png
675,reference_corpus,Spondylosis/thoracic vertebrae;Surgical Instruments,Support Devices,False,Support Devices,True,,Spondylosis,675_IM-2247-1001.dcm.png
676,reference_corpus,normal,,True,No Finding,True,,,676_IM-2248-1001.dcm.png
677,reference_corpus,"Catheters, Indwelling/right;Lung/hypoinflation/mild;Density/lung/lower lobe/left/patchy/small;Density/lung/lower lobe/right/patchy;Density/lung/middle lobe/right/patchy;Pleural Effusion/right;Pneumonia",Pneumonia;Pleural Effusion;Support Devices,False,Pneumonia;Pleural Effusion;Support Devices,True,Density,Lung,677_IM-2249-1001.dcm.png
679,reference_corpus,No Indexing,,False,,False,,,679_IM-2251-1001.dcm.png
680,reference_corpus,Calcified Granuloma/lung/base/right/small,,False,,False,,Calcified Granuloma,680_IM-2251-1001.dcm.png
681,reference_corpus,"Catheters, Indwelling/right;Opacity/lung/middle lobe/bilateral/focal/multiple",Lung Opacity;Support Devices,False,Lung Opacity;Support Devices,True,,,681_IM-2252-0001-0002.dcm.png
684,reference_corpus,"Cardiomegaly;Catheters, Indwelling/right",Cardiomegaly;Support Devices,False,Cardiomegaly;Support Devices,True,,,684_IM-2254-1001.dcm.png
685,reference_corpus,Stents/coronary vessels;Calcinosis/lung/bilateral/round/small;Granulomatous Disease;Thoracic Vertebrae/degenerative;Density/lung/bilateral/round/small,Support Devices,False,Support Devices,True,Density,Calcinosis;Granulomatous Disease;Thoracic Vertebrae,685_IM-2254-1001.dcm.png
686,reference_corpus,Cardiomegaly;Aorta/tortuous,Cardiomegaly,False,Cardiomegaly,True,,Aorta,686_IM-2254-1001.dcm.png
690,reference_corpus,normal,,True,No Finding,True,,,690_IM-2258-1001.dcm.png
692,reference_corpus,Calcified Granuloma;Spine/degenerative,,False,,False,,Calcified Granuloma;Spine,692_IM-2258-1001.dcm.png
694,reference_corpus,No Indexing,,False,,False,,,694_IM-2260-4001.dcm.png
695,reference_corpus,"Diaphragm/right/elevated/mild;Opacity/lung/lower lobe/bilateral/patchy;Calcinosis/aorta;Aorta/tortuous;Scoliosis;Arthritis;Pulmonary Disease, Chronic Obstructive",Lung Opacity,False,Lung Opacity,True,,"Aorta;Arthritis;Calcinosis;Diaphragm;Pulmonary Disease, Chronic Obstructive;Scoliosis",695_IM-2261-1001.dcm.png
696,reference_corpus,normal,,True,No Finding,True,,,696_IM-2261-1001-0002.dcm.png
697,reference_corpus,Diaphragm/left/obscured;Technical Quality of Image Unsatisfactory ;Airspace Disease/lung/base/left,Lung Opacity,False,Lung Opacity,True,,Diaphragm;Technical Quality of Image Unsatisfactory,697_IM-2262-2002.dcm.png
698,reference_corpus,Osteophyte/thoracic vertebrae/multiple,,False,,False,,Osteophyte,698_IM-2263-1001.dcm.png
700,reference_corpus,"Calcified Granuloma/lung/lower lobe/right;Bone Diseases, Metabolic;Thoracic Vertebrae/degenerative/mild",,False,,False,,"Bone Diseases, Metabolic;Calcified Granuloma;Thoracic Vertebrae",700_IM-2265-4004.dcm.png
701,reference_corpus,Cicatrix/thorax/left;Volume Loss/lung/left;Lung/right/hyperdistention;Density/thorax/left,,False,,False,Density,Cicatrix;Lung;Volume Loss,701_IM-2266-1001.dcm.png
702,reference_corpus,Pleural Effusion/right/large;Pulmonary Atelectasis/middle lobe/right;Pulmonary Atelectasis/lower lobe/right;Opacity/lung/right,Lung Opacity;Atelectasis;Pleural Effusion,False,Lung Opacity;Atelectasis;Pleural Effusion,True,,,702_IM-2267-1001.dcm.png
704,reference_corpus,normal,,True,No Finding,True,,,704_IM-2267-1001.dcm.png
705,reference_corpus,Diaphragm/right/elevated;Density/costophrenic angle/right,,False,,False,Density,Diaphragm,705_IM-2268-1001.dcm.png
706,reference_corpus,Aorta/tortuous;Markings/bronchovascular/mild;Deformity/clavicle,,False,,False,,Aorta;Deformity;Markings,706_IM-2269-4004.dcm.png
708,reference_corpus,normal,,True,No Finding,True,,,708_IM-2271-1001.dcm.png
710,reference_corpus,Calcified Granuloma/lung/upper lobe/right,,False,,False,,Calcified Granuloma,710_IM-2273-1001.dcm.png
711,reference_corpus,Calcified Granuloma/lung/base/bilateral;Dislocations/thoracic vertebrae,,False,,False,,Calcified Granuloma;Dislocations,711_IM-2273-1001.dcm.png
712,reference_corpus,Lung/hyperdistention/mild,,False,,False,,Lung,712_IM-2274-0001-0001.dcm.png
713,reference_corpus,"Catheters, Indwelling/right;Density/lung/lower lobe/bilateral/patchy;Nodule/lung/lower lobe/bilateral/patchy;Thickening/lung/upper lobe/bronchi/left/scattered;Cystic Fibrosis;Heart/left/obscured",Lung Lesion;Support Devices,False,Lung Lesion;Support Devices,True,Density;Thickening,Cystic Fibrosis;Heart,713_IM-2275-1001.dcm.png
714,reference_corpus,Cicatrix/lung/apex/right;Spine/degenerative,,False,,False,,Cicatrix;Spine,714_IM-2276-1001.dcm.png
715,reference_corpus,Diaphragm/right/elevated/chronic;Airspace Disease/lung/base/right/streaky;Pulmonary Atelectasis/base/right,Lung Opacity;Atelectasis,False,Lung Opacity;Atelectasis,True,,Diaphragm,715_IM-2277-2001.dcm.png
717,reference_corpus,normal,,True,No Finding,True,,,717_IM-2279-1001.dcm.png
719,reference_corpus,normal,,True,No Finding,True,,,719_IM-2280-1001.dcm.png
720,reference_corpus,normal,,True,No Finding,True,,,720_IM-2281-1001.dcm.png
721,reference_corpus,normal,,True,No Finding,True,,,721_IM-2282-1001.dcm.png
722,reference_corpus,normal,,True,No Finding,True,,,722_IM-2282-1001.dcm.png
723,reference_corpus,Opacity/lung/base/bilateral;Pulmonary Atelectasis/base/bilateral;Lung/hypoinflation;Calcinosis/lung/hilum/lymph nodes/right,Lung Opacity;Atelectasis,False,Lung Opacity;Atelectasis,True,,Calcinosis;Lung,723_IM-2283-1001.dcm.png
726,reference_corpus,Density/lung/hilum/right/prominent;Lung/hilum/lymph nodes/right/prominent;Stents,Support Devices,False,Support Devices,True,Density,Lung,726_IM-2286-2001.dcm.png
727,reference_corpus,normal,,True,No Finding,True,,,727_IM-2287-1001.dcm.png
728,reference_corpus,Nodule/lung/lower lobe/left/posterior,Lung Lesion,False,Lung Lesion,True,,,728_IM-2287-1001.dcm.png
730,reference_corpus,Calcified Granuloma/lung/middle lobe/right,,False,,False,,Calcified Granuloma,730_IM-2290-1001.dcm.png
734,reference_corpus,normal,,True,No Finding,True,,,734_IM-2293-0001-0002.dcm.png
735,reference_corpus,normal,,True,No Finding,True,,,735_IM-2294-1001.dcm.png
736,reference_corpus,"Hernia, Hiatal/prominent;Opacity/lung/base/left;Pleural Effusion/base/left;Pulmonary Atelectasis/base/left;Pleural Effusion/right",Lung Opacity;Atelectasis;Pleural Effusion,False,Lung Opacity;Atelectasis;Pleural Effusion,True,,"Hernia, Hiatal",736_IM-2295-1001-0001.dcm.png
737,reference_corpus,normal,,True,No Finding,True,,,737_IM-2295-1001.dcm.png
738,reference_corpus,No Indexing,,False,,False,,,738_IM-2296-1001.dcm.png
740,reference_corpus,normal,,True,No Finding,True,,,740_IM-2297-2001.dcm.png
742,reference_corpus,Opacity/lung/base/right/focal/abnormal,Lung Opacity,False,Lung Opacity,True,,,742_IM-2298-1001.dcm.png
743,reference_corpus,Markings/lung/base/interstitial/prominent/mild,,False,,False,,Markings,743_IM-2299-1001.dcm.png
745,reference_corpus,Atherosclerosis/aorta;Arthritis,,False,,False,,Arthritis;Atherosclerosis,745_IM-2299-1001.dcm.png
746,reference_corpus,Cicatrix/lung/lingula;Pulmonary Atelectasis/lingula;Osteophyte/thoracic vertebrae/multiple,Atelectasis,False,Atelectasis,True,,Cicatrix;Osteophyte,746_IM-2300-3001.dcm.png
747,reference_corpus,"Aorta, Thoracic/tortuous",,False,,False,,"Aorta, Thoracic",
748,reference_corpus,normal,,True,No Finding,True,,,748_IM-2302-1001.dcm.png
749,reference_corpus,Granuloma/lung/bilateral/scattered;Opacity/lung/base/bilateral/streaky/mild;Pulmonary Atelectasis/base/bilateral,Lung Opacity;Atelectasis,False,Lung Opacity;Atelectasis,True,,Granuloma,749_IM-2302-1001.dcm.png
750,reference_corpus,Thoracic Vertebrae/degenerative/mild,,False,,False,,Thoracic Vertebrae,750_IM-2304-1001.dcm.png
751,reference_corpus,normal,,True,No Finding,True,,,751_IM-2305-1001.dcm.png
752,reference_corpus,Calcified Granuloma/scattered;Calcinosis/mediastinum/lymph nodes,,False,,False,,Calcified Granuloma;Calcinosis,752_IM-2305-1001.dcm.png
753,reference_corpus,Spine/degenerative/mild,,False,,False,,Spine,753_IM-2306-1001.dcm.png
754,reference_corpus,No Indexing,,False,,False,,,754_IM-2306-1001.dcm.png
757,reference_corpus,normal,,True,No Finding,True,,,757_IM-2308-1001.dcm.png
761,reference_corpus,Lung/hypoinflation,,False,,False,,Lung,761_IM-2310-1001.dcm.png
762,reference_corpus,Calcinosis/lymph nodes,,False,,False,,Calcinosis,762_IM-2310-1001.dcm.png
764,reference_corpus,normal,,True,No Finding,True,,,764_IM-2311-3001.dcm.png
765,reference_corpus,No Indexing,,False,,False,,,765_IM-2311-2001.dcm.png
767,reference_corpus,normal,,True,No Finding,True,,,767_IM-2312-1001.dcm.png
769,reference_corpus,Thoracic Vertebrae/degenerative/mild;Epicardial Fat/right/prominent,,False,,False,,Epicardial Fat;Thoracic Vertebrae,769_IM-2314-1001.dcm.png
770,reference_corpus,normal,,True,No Finding,True,,,770_IM-2316-1001.dcm.png
771,reference_corpus,normal,,True,No Finding,True,,,771_IM-2316-2001.dcm.png
772,reference_corpus,"Surgical Instruments/mediastinum;Atherosclerosis/aorta;Aorta, Thoracic/tortuous;Cardiomegaly;Calcinosis/mitral valve/prominent;Mediastinum/prominent",Cardiomegaly;Support Devices,False,Cardiomegaly;Support Devices,True,Mediastinum,"Aorta, Thoracic;Atherosclerosis;Calcinosis",772_IM-2317-0001-0002.dcm.png
773,reference_corpus,Calcinosis/lung/hilum/lymph nodes/right;Calcified Granuloma/lung/base/right;Lung/hyperdistention/mild;Granulomatous Disease,,False,,False,,Calcified Granuloma;Calcinosis;Granulomatous Disease;Lung,773_IM-2318-1001.dcm.png
776,reference_corpus,Markings/lung/interstitial/prominent;Opacity/lung/base/bilateral/focal/streaky;Pulmonary Atelectasis,Lung Opacity;Atelectasis,False,Lung Opacity;Atelectasis,True,,Markings,776_IM-2319-1001.dcm.png
777,reference_corpus,"Aorta, Thoracic/tortuous;Bone Diseases, Metabolic/thoracic vertebrae;Thoracic Vertebrae/degenerative/mild;Medical Device",Support Devices,False,Support Devices,True,,"Aorta, Thoracic;Bone Diseases, Metabolic;Thoracic Vertebrae",777_IM-2320-4004.dcm.png
779,reference_corpus,normal,,True,No Finding,True,,,779_IM-2321-1001.dcm.png
780,reference_corpus,"Lung, Hyperlucent/base/right",,False,,False,,"Lung, Hyperlucent",780_IM-2323-2001.dcm.png
781,reference_corpus,normal,,True,No Finding,True,,,781_IM-2323-1001.dcm.png
782,reference_corpus,Medical Device,Support Devices,False,Support Devices,True,,,782_IM-2324-1001.dcm.png
783,reference_corpus,Calcified Granuloma/lung/upper lobe/left;Lung/hyperdistention,,False,,False,,Calcified Granuloma;Lung,783_IM-2325-1001.dcm.png
784,reference_corpus,"Calcinosis/aorta;Aorta/tortuous;Granuloma/scattered;Bone Diseases, Metabolic/thoracic vertebrae;Thoracic Vertebrae/degenerative;Kyphosis/thoracic vertebrae;Pleural Effusion/posterior;Pulmonary Atelectasis/base/mild",Atelectasis;Pleural Effusion,False,Atelectasis;Pleural Effusion,True,,"Aorta;Bone Diseases, Metabolic;Calcinosis;Granuloma;Kyphosis;Thoracic Vertebrae",784_IM-2325-1001-0002.dcm.png
785,reference_corpus,normal,,True,No Finding,True,,,785_IM-2325-1001.dcm.png
786,reference_corpus,Calcified Granuloma/lung/upper lobe/right/small;Calcified Granuloma/lung/lower lobe/left/small,,False,,False,,Calcified Granuloma,786_IM-2326-1001.dcm.png
787,reference_corpus,normal,,True,No Finding,True,,,
790,reference_corpus,Surgical Instruments/abdomen,Support Devices,False,Support Devices,True,,,790_IM-2329-1001.dcm.png
791,reference_corpus,Aorta/tortuous,,False,,False,,Aorta,791_IM-2330-1001.dcm.png
792,reference_corpus,normal,,True,No Finding,True,,,792_IM-2330-1001.dcm.png
794,reference_corpus,normal,,True,No Finding,True,,,794_IM-2331-1001.dcm.png
795,reference_corpus,normal,,True,No Finding,True,,,795_IM-2331-1001.dcm.png
797,reference_corpus,Cardiomegaly;Aorta/tortuous,Cardiomegaly,False,Cardiomegaly,True,,Aorta,797_IM-2332-1001.dcm.png
798,reference_corpus,normal,,True,No Finding,True,,,798_IM-2332-1001.dcm.png
799,reference_corpus,normal,,True,No Finding,True,,,799_IM-2333-1001.dcm.png
800,reference_corpus,"Cardiomegaly;Aorta, Thoracic/tortuous/severe;Hernia, Hiatal/large;Bone Diseases, Metabolic/thoracic vertebrae/diffuse;Fractures, Bone/thoracic vertebrae;Deformity/thoracic vertebrae/multiple;Humerus/degenerative/severe;Technical Quality of Image Unsatisfactory ",Cardiomegaly;Fracture,False,Cardiomegaly;Fracture,True,,"Aorta, Thoracic;Bone Diseases, Metabolic;Deformity;Hernia, Hiatal;Humerus;Technical Quality of Image Unsatisfactory",800_IM-2334-4004-0001.dcm.png
801,reference_corpus,normal,,True,No Finding,True,,,801_IM-2335-1001.dcm.png
802,reference_corpus,"Technical Quality of Image Unsatisfactory ;Lung/hypoinflation/severe;Cardiomegaly/mild;Markings/bronchovascular/severe;Pulmonary Congestion;Infiltrate/lung/interstitial;Kyphosis/severe;Bone Diseases, Metabolic;Catheters, Indwelling;Pulmonary Edema/mild",Cardiomegaly;Lung Opacity;Edema;Support Devices,False,Cardiomegaly;Lung Opacity;Edema;Support Devices,True,Pulmonary Congestion,"Bone Diseases, Metabolic;Kyphosis;Lung;Markings;Technical Quality of Image Unsatisfactory",802_IM-2336-4004.dcm.png
803,reference_corpus,Implanted Medical Device/right;Thoracic Vertebrae/degenerative,Support Devices,False,Support Devices,True,,Thoracic Vertebrae,
806,reference_corpus,Cardiac Shadow/borderline;Cardiomegaly/borderline;Nipple Shadow/lung/base/bilateral,Cardiomegaly,False,Cardiomegaly,True,Cardiac Shadow,Nipple Shadow,806_IM-2340-0001-0002.dcm.png
811,reference_corpus,"Fractures, Bone/ribs/left/healed",Fracture,False,Fracture,True,,,811_IM-2343-1001.dcm.png
812,reference_corpus,Pulmonary Emphysema/bilateral/chronic;Surgical Instruments,Support Devices,False,Support Devices,True,,Pulmonary Emphysema,812_IM-2343-1001.dcm.png
813,reference_corpus,Lung/hypoinflation;Markings/bronchovascular;Pulmonary Atelectasis/base/left;Thoracic Vertebrae/degenerative;Cicatrix/lung/base/left,Atelectasis,False,Atelectasis,True,,Cicatrix;Lung;Markings;Thoracic Vertebrae,813_IM-2344-1001.dcm.png
814,reference_corpus,Calcified Granuloma/lung/base/left;Calcinosis/lung/hilum/lymph nodes/left;Atherosclerosis/aorta;Arthritis;Scoliosis/lumbar vertebrae;Granulomatous Disease,,False,,False,,Arthritis;Atherosclerosis;Calcified Granuloma;Calcinosis;Granulomatous Disease;Scoliosis,814_IM-2345-1001.dcm.png
815,reference_corpus,normal,,True,No Finding,True,,,815_IM-2346-1001.dcm.png
817,reference_corpus,Opacity/lung/upper lobe/left;Pulmonary Atelectasis/upper lobe/left;Cicatrix/lung/upper lobe/left,Lung Opacity;Atelectasis,False,Lung Opacity;Atelectasis,True,,Cicatrix,817_IM-2348-0001-0002.dcm.png
818,reference_corpus,Consolidation/lung/upper lobe/right/focal;Pneumonia/upper lobe/right,Consolidation;Pneumonia,False,Consolidation;Pneumonia,True,,,818_IM-2349-1001.dcm.png
819,reference_corpus,Breast Implants/bilateral,,False,,False,,Breast Implants,819_IM-2349-1001.dcm.png
820,reference_corpus,Osteophyte/thoracic vertebrae/multiple;Nodule/heart/left/small;Calcified Granuloma/heart/left/small,Lung Lesion,False,Lung Lesion,True,,Calcified Granuloma;Osteophyte,820_IM-2351-1001.dcm.png
825,reference_corpus,"Airspace Disease/lung/bilateral/patchy;Pulmonary Atelectasis/bilateral;Consolidation/lung/bilateral;Cardiomegaly/borderline;Tube, Inserted/trachea, carina",Cardiomegaly;Lung Opacity;Consolidation;Atelectasis;Support Devices,False,Cardiomegaly;Lung Opacity;Consolidation;Atelectasis;Support Devices,True,,,825_IM-2355-1001.dcm.png
826,reference_corpus,normal,,True,No Finding,True,,,826_IM-2355-1001.dcm.png
827,reference_corpus,Cicatrix;Emphysema,,False,,False,,Cicatrix;Emphysema,827_IM-2356-1001.dcm.png
828,reference_corpus,Lung/hypoinflation;Pulmonary Atelectasis/base/bilateral;Markings/bronchovascular;Opacity/lung/lingula;Epicardial Fat/prominent,Lung Opacity;Atelectasis,False,Lung Opacity;Atelectasis,True,,Epicardial Fat;Lung;Markings,828_IM-2357-1001.dcm.png
829,reference_corpus,normal,,True,No Finding,True,,,829_IM-2358-1001.dcm.png
830,reference_corpus,Thickening/pleura/right/mild;Pleural Effusion/right/severe;Hydropneumothorax/apex/right,Pleural Effusion;Pleural Other,False,Pleural Effusion;Pleural Other,True,,Hydropneumothorax,830_IM-2358-1001.dcm.png
831,reference_corpus,Lung/hypoinflation,,False,,False,,Lung,831_IM-2358-4004.dcm.png
832,reference_corpus,Calcified Granuloma/lung/lower lobe/left,,False,,False,,Calcified Granuloma,832_IM-2359-1001.dcm.png
833,reference_corpus,normal,,True,No Finding,True,,,833_IM-2359-1001.dcm.png
835,reference_corpus,Scoliosis/thoracic vertebrae/right/mild;Deformity/ribs/right/multiple,,False,,False,,Deformity;Scoliosis,835_IM-2360-1001.dcm.png
837,reference_corpus,Calcinosis/lung/hilum/right;Granulomatous Disease,,False,,False,,Calcinosis;Granulomatous Disease,837_IM-2361-1001.dcm.png
838,reference_corpus,Heart/apex/prominent;Thickening/heart ventricles;Surgical Instruments/right;Scoliosis/thoracic vertebrae/right;Scoliosis/lumbar vertebrae/right,Support Devices,False,Support Devices,True,Thickening,Heart;Scoliosis,838_IM-2362-1001.dcm.png
839,reference_corpus,normal,,True,No Finding,True,,,839_IM-2363-1001.dcm.png
840,reference_corpus,"Pulmonary Atelectasis/upper lobe/left;Infiltrate/lung/hilum/left;Catheters, Indwelling;Pneumothorax/upper lobe/left/small",Lung Opacity;Atelectasis;Pneumothorax;Support Devices,False,Lung Opacity;Atelectasis;Pneumothorax;Support Devices,True,,,840_IM-2364-0001-0002.dcm.png
842,reference_corpus,normal,,True,No Finding,True,,,842_IM-2366-1001.dcm.png
843,reference_corpus,Calcified Granuloma/lung/lower lobe/right;Thoracic Vertebrae/degenerative,,False,,False,,Calcified Granuloma;Thoracic Vertebrae,843_IM-2366-1001.dcm.png
845,reference_corpus,Pulmonary Atelectasis/posterior/mild,Atelectasis,False,Atelectasis,True,,,845_IM-2367-1001.dcm.png
849,reference_corpus,Nodule/lung/base/left,Lung Lesion,False,Lung Lesion,True,,,849_IM-2371-1001.dcm.png
850,reference_corpus,normal,,True,No Finding,True,,,850_IM-2373-0001-0001.dcm.png
851,reference_corpus,"Lung/hypoinflation;Osteophyte/thoracic vertebrae;Kyphosis/thoracic vertebrae;Thoracic Vertebrae/degenerative;Catheters, Indwelling/right;Pulmonary Atelectasis/base",Atelectasis;Support Devices,False,Atelectasis;Support Devices,True,,Kyphosis;Lung;Osteophyte;Thoracic Vertebrae,
853,reference_corpus,normal,,True,No Finding,True,,,853_IM-2375-1001.dcm.png
855,reference_corpus,Lung/hyperdistention;Pulmonary Emphysema/mild;Density/lung/upper lobe/right/round,,False,,False,Density,Lung;Pulmonary Emphysema,855_IM-2376-1001.dcm.png
856,reference_corpus,Technical Quality of Image Unsatisfactory ;Cardiomegaly/mild;Opacity/multiple;Spine/degenerative,Cardiomegaly;Lung Opacity,False,Cardiomegaly;Lung Opacity,True,,Spine;Technical Quality of Image Unsatisfactory,856_IM-2377-1001.dcm.png
857,reference_corpus,normal,,True,No Finding,True,,,857_IM-2378-1001.dcm.png
858,reference_corpus,Granulomatous Disease,,False,,False,,Granulomatous Disease,858_IM-2379-1001.dcm.png
859,reference_corpus,Opacity/lung/lower lobe/right;Pulmonary Atelectasis/lower lobe/right,Lung Opacity;Atelectasis,False,Lung Opacity;Atelectasis,True,,,859_IM-2380-1001.dcm.png
860,reference_corpus,"Markings/lung/interstitial/chronic;Thickening/pleura/apex/bilateral;Deformity/thoracic vertebrae;Fractures, Bone/humerus/right",Pleural Other;Fracture,False,Pleural Other;Fracture,True,,Deformity;Markings,860_IM-2381-4001.dcm.png
861,reference_corpus,No Indexing,,False,,False,,,861_IM-2382-1001.dcm.png
862,reference_corpus,Cicatrix/lung/lower lobe/left,,False,,False,,Cicatrix,862_IM-2383-1001.dcm.png
863,reference_corpus,normal,,True,No Finding,True,,,863_IM-2383-1001.dcm.png
864,reference_corpus,"Aorta, Thoracic/tortuous;Cicatrix/lung/base/right",,False,,False,,"Aorta, Thoracic;Cicatrix",864_IM-2384-1001.dcm.png
865,reference_corpus,normal,,True,No Finding,True,,,865_IM-2385-1001.dcm.png
870,reference_corpus,No Indexing,,False,,False,,,870_IM-2391-1001.dcm.png
871,reference_corpus,normal,,True,No Finding,True,,,871_IM-2391-2001.dcm.png
872,reference_corpus,Granulomatous Disease,,False,,False,,Granulomatous Disease,872_IM-2391-1001.dcm.png
874,reference_corpus,Lung/hyperdistention/mild;Implanted Medical Device/left,Support Devices,False,Support Devices,True,,Lung,
877,reference_corpus,Surgical Instruments/mediastinum;Implanted Medical Device/mitral valve;Lung/hypoinflation;Markings/lung/interstitial/prominent/mild;Sulcus/posterior/blunted/mild,Support Devices,False,Support Devices,True,,Lung;Markings;Sulcus,877_IM-2392-1001.dcm.png
878,reference_corpus,"Lung/hyperdistention;Pulmonary Disease, Chronic Obstructive;Calcinosis/lung/lower lobe/right;Nodule/lung/lower lobe/right",Lung Lesion,False,Lung Lesion,True,,"Calcinosis;Lung;Pulmonary Disease, Chronic Obstructive",878_IM-2392-1001.dcm.png
879,reference_corpus,normal,,True,No Finding,True,,,879_IM-2393-12012.dcm.png
880,reference_corpus,Spondylosis/thoracic vertebrae,,False,,False,,Spondylosis,880_IM-2395-1001.dcm.png
881,reference_corpus,normal,,True,No Finding,True,,,881_IM-2396-1001.dcm.png
884,reference_corpus,Calcified Granuloma/lung/base/right,,False,,False,,Calcified Granuloma,884_IM-2398-1001.dcm.png
886,reference_corpus,normal,,True,No Finding,True,,,886_IM-2400-1001.dcm.png
887,reference_corpus,normal,,True,No Finding,True,,,887_IM-2400-1001.dcm.png
889,reference_corpus,normal,,True,No Finding,True,,,889_IM-2401-1001.dcm.png
891,reference_corpus,normal,,True,No Finding,True,,,891_IM-2403-1001.dcm.png
892,reference_corpus,"Lung/hyperdistention;Cicatrix/lung/base/right;Atherosclerosis/aorta;Arthritis;Pulmonary Disease, Chronic Obstructive",,False,,False,,"Arthritis;Atherosclerosis;Cicatrix;Lung;Pulmonary Disease, Chronic Obstructive",892_IM-2403-1001.dcm.png
893,reference_corpus,normal,,True,No Finding,True,,,893_IM-2403-1001.dcm.png
896,reference_corpus,normal,,True,No Finding,True,,,896_IM-2406-1001.dcm.png
897,reference_corpus,Opacity/lung/base/bilateral/interstitial/patchy;Opacity/lung/base/pulmonary alveoli/bilateral/patchy;Cardiac Shadow/enlarged;Atherosclerosis/aorta;Thoracic Vertebrae/degenerative,Cardiomegaly;Lung Opacity,False,Cardiomegaly;Lung Opacity,True,,Atherosclerosis;Thoracic Vertebrae,897_IM-2406-1001.dcm.png
899,reference_corpus,normal,,True,No Finding,True,,,899_IM-2407-1001.dcm.png
900,reference_corpus,"Catheters, Indwelling/right;Heart/obscured",Support Devices,False,Support Devices,True,,Heart,
901,reference_corpus,"Cardiomegaly;Granulomatous Disease;Spine/degenerative;Fractures, Bone/sternum",Cardiomegaly;Fracture,False,Cardiomegaly;Fracture,True,,Granulomatous Disease;Spine,901_IM-2409-2001.dcm.png
902,reference_corpus,Calcified Granuloma/lung/middle lobe/right;Calcified Granuloma/costophrenic angle/posterior,,False,,False,,Calcified Granuloma,902_IM-2409-1001.dcm.png
903,reference_corpus,"Thickening/lung/base/bilateral/interstitial;Lung/hyperdistention;Blister/lung/upper lobe/right;Calcified Granuloma/small;Pulmonary Disease, Chronic Obstructive",,False,,False,Thickening,"Blister;Calcified Granuloma;Lung;Pulmonary Disease, Chronic Obstructive",903_IM-2409-1001.dcm.png
905,reference_corpus,normal,,True,No Finding,True,,,905_IM-2410-0001-0001.dcm.png
907,reference_corpus,"Lung/hypoinflation;Fractures, Bone/ribs/left/multiple/healed;Spine/degenerative",Fracture,False,Fracture,True,,Lung;Spine,907_IM-2412-82526002.dcm.png
908,reference_corpus,Calcinosis/lung/upper lobe/right;Nodule/lung/upper lobe/right;Surgical Instruments/mediastinum/left;Surgical Instruments/neck/right,Lung Lesion;Support Devices,False,Lung Lesion;Support Devices,True,,Calcinosis,908_IM-2413-1001.dcm.png
909,reference_corpus,normal,,True,No Finding,True,,,909_IM-2414-1001.dcm.png
910,reference_corpus,Cardiomegaly/moderate;Implanted Medical Device/aortic valve;Markings/lung/interstitial/chronic;Spine/degenerative,Cardiomegaly;Support Devices,False,Cardiomegaly;Support Devices,True,,Markings;Spine,910_IM-2416-2001.dcm.png
911,reference_corpus,normal,,True,No Finding,True,,,911_IM-2417-1001.dcm.png
913,reference_corpus,normal,,True,No Finding,True,,,913_IM-2417-1001.dcm.png
915,reference_corpus,Calcinosis/lung/base/left/multiple/small;Granulomatous Disease,,False,,False,,Calcinosis;Granulomatous Disease,915_IM-2418-2002.dcm.png
916,reference_corpus,Calcinosis,,False,,False,,Calcinosis,916_IM-2419-1001.dcm.png
917,reference_corpus,No Indexing,,False,,False,,,917_IM-2419-1001.dcm.png
918,reference_corpus,normal,,True,No Finding,True,,,918_IM-2420-4004.dcm.png
920,reference_corpus,normal,,True,No Finding,True,,,920_IM-2423-1001.dcm.png
921,reference_corpus,normal,,True,No Finding,True,,,921_IM-2423-1001.dcm.png
922,reference_corpus,Cardiomegaly/mild,Cardiomegaly,False,Cardiomegaly,True,,,922_IM-2423-2001.dcm.png
923,reference_corpus,"Aorta/tortuous;Calcinosis/aorta;Tube, Inserted/trachea, carina;Calcified Granuloma/lung/scattered/multiple/small;Nodule/lung/scattered/multiple/small;Osteophyte/thoracic vertebrae/degenerative",Lung Lesion;Support Devices,False,Lung Lesion;Support Devices,True,,Aorta;Calcified Granuloma;Calcinosis;Osteophyte,923_IM-2424-2001.dcm.png
925,reference_corpus,Pulmonary Edema;Cardiomegaly;Thoracic Vertebrae/degenerative,Cardiomegaly;Edema,False,Cardiomegaly;Edema,True,,Thoracic Vertebrae,925_IM-2425-2001.dcm.png
926,reference_corpus,normal,,True,No Finding,True,,,926_IM-2425-1001.dcm.png
928,reference_corpus,normal,,True,No Finding,True,,,928_IM-2426-1001.dcm.png
930,reference_corpus,Lung/hypoinflation,,False,,False,,Lung,930_IM-2429-2001.dcm.png
931,reference_corpus,normal,,True,No Finding,True,,,931_IM-2429-1001.dcm.png
934,reference_corpus,Opacity/lung/bilateral/interstitial/diffuse;Pulmonary Edema/mild;Costophrenic Angle/sulcus/bilateral/blunted/mild;Heart Failure,Lung Opacity;Edema,False,Lung Opacity;Edema,True,,Costophrenic Angle;Heart Failure,934_IM-2432-1001.dcm.png
935,reference_corpus,normal,,True,No Finding,True,,,935_IM-2432-1001.dcm.png
943,reference_corpus,normal,,True,No Finding,True,,,943_IM-2439-5005.dcm.png
944,reference_corpus,Aorta/tortuous/mild;Lung/hypoinflation,,False,,False,,Aorta;Lung,944_IM-2440-1001.dcm.png
946,reference_corpus,normal,,True,No Finding,True,,,946_IM-2441-1001.dcm.png
947,reference_corpus,normal,,True,No Finding,True,,,947_IM-2442-2001.dcm.png
948,reference_corpus,Cardiomegaly/borderline,Cardiomegaly,False,Cardiomegaly,True,,,948_IM-2443-1001.dcm.png
949,reference_corpus,Calcinosis/lung/hilum/lymph nodes/right;Deformity/mediastinum/left/posterior/focal,,False,,False,,Calcinosis;Deformity,949_IM-2444-1001.dcm.png
950,reference_corpus,normal,,True,No Finding,True,,,950_IM-2446-1003002.dcm.png
951,reference_corpus,normal,,True,No Finding,True,,,951_IM-2447-1001.dcm.png
952,reference_corpus,Calcified Granuloma;Opacity/lung/base;Cicatrix;Pulmonary Atelectasis,Lung Opacity;Atelectasis,False,Lung Opacity;Atelectasis,True,,Calcified Granuloma;Cicatrix,952_IM-2447-2002.dcm.png
953,reference_corpus,Cardiomegaly;Aorta/tortuous;Calcinosis/aorta;Thoracic Vertebrae/degenerative/diffuse,Cardiomegaly,False,Cardiomegaly,True,,Aorta;Calcinosis;Thoracic Vertebrae,953_IM-2447-1001.dcm.png
954,reference_corpus,Lung/hyperdistention;Markings/lung/interstitial/prominent/mild;Thickening/pleura/apex/bilateral/chronic,Pleural Other,False,Pleural Other,True,,Lung;Markings,954_IM-2448-12001.dcm.png
956,reference_corpus,Spinal Fusion;Pectus Carinatum;Cardiomegaly/mild;Pulmonary Congestion,Cardiomegaly,False,Cardiomegaly,True,Pulmonary Congestion,Pectus Carinatum;Spinal Fusion,956_IM-2449-1001.dcm.png
958,reference_corpus,normal,,True,No Finding,True,,,958_IM-2449-1001.dcm.png
960,reference_corpus,Scoliosis/right/mild,,False,,False,,Scoliosis,960_IM-2451-4004.dcm.png
964,reference_corpus,normal,,True,No Finding,True,,,964_IM-2454-1001.dcm.png
965,reference_corpus,normal,,True,No Finding,True,,,965_IM-2455-1001.dcm.png
966,reference_corpus,Pulmonary Atelectasis/upper lobe/right;Infiltrate/lung/upper lobe/right;Pulmonary Atelectasis/left;Foreign Bodies/breast,Lung Opacity;Atelectasis,False,Lung Opacity;Atelectasis,True,,Foreign Bodies,966_IM-2456-1001.dcm.png
968,reference_corpus,normal,,True,No Finding,True,,,968_IM-2458-1001.dcm.png
969,reference_corpus,Aorta/tortuous,,False,,False,,Aorta,969_IM-2459-1001.dcm.png
970,reference_corpus,normal,,True,No Finding,True,,,970_IM-2460-2001.dcm.png
971,reference_corpus,normal,,True,No Finding,True,,,971_IM-2461-2001.dcm.png
973,reference_corpus,"Atherosclerosis/aorta;Pulmonary Artery/hilum/prominent;Hypertension, Pulmonary;Calcified Granuloma/lung/lower lobe/right",,False,,False,,"Atherosclerosis;Calcified Granuloma;Hypertension, Pulmonary;Pulmonary Artery",973_IM-2462-1001.dcm.png
974,reference_corpus,Pulmonary Congestion/mild;Spine/degenerative,,False,,False,Pulmonary Congestion,Spine,974_IM-2463-1001.dcm.png
975,reference_corpus,"Lung, Hyperlucent/apex/right;Lung/hyperdistention;Pulmonary Emphysema",,False,,False,,"Lung;Lung, Hyperlucent;Pulmonary Emphysema",975_IM-2464-1001.dcm.png
976,reference_corpus,Lung/hypoinflation;Surgical Instruments,Support Devices,False,Support Devices,True,,Lung,976_IM-2464-1001.dcm.png
977,reference_corpus,normal,,True,No Finding,True,,,977_IM-2465-1001.dcm.png
979,reference_corpus,Lung/hyperdistention;Surgical Instruments/thorax/right,Support Devices,False,Support Devices,True,,Lung,979_IM-2466-1001.dcm.png
982,reference_corpus,normal,,True,No Finding,True,,,982_IM-2470-1001.dcm.png
983,reference_corpus,Opacity/lung/middle lobe/right/reticular;Bronchiectasis/middle lobe/right;Heart/right/obscured,Lung Opacity,False,Lung Opacity,True,,Bronchiectasis;Heart,983_IM-2471-1001.dcm.png
985,reference_corpus,normal,,True,No Finding,True,,,985_IM-2472-1001.dcm.png
986,reference_corpus,normal,,True,No Finding,True,,,986_IM-2473-2002.dcm.png
987,reference_corpus,No Indexing,,False,,False,,,987_IM-2474-1001.dcm.png
988,reference_corpus,normal,,True,No Finding,True,,,988_IM-2474-1001.dcm.png
989,reference_corpus,Spondylosis/thoracic vertebrae,,False,,False,,Spondylosis,989_IM-2475-1002001.dcm.png
990,reference_corpus,normal,,True,No Finding,True,,,990_IM-2476-1001.dcm.png
991,reference_corpus,Opacity/lung/hilum/streaky/mild,Lung Opacity,False,Lung Opacity,True,,,991_IM-2476-1001.dcm.png
992,reference_corpus,"Nodule/lung/bilateral/multiple;Surgical Instruments/left;Catheters, Indwelling/right",Lung Lesion;Support Devices,False,Lung Lesion;Support Devices,True,,,992_IM-2477-0001-0002.dcm.png
993,reference_corpus,normal,,True,No Finding,True,,,993_IM-2478-1001.dcm.png
994,reference_corpus,normal,,True,No Finding,True,,,
995,reference_corpus,Sutures/sternum,,False,,False,,Sutures,995_IM-2478-1001.dcm.png
996,reference_corpus,normal,,True,No Finding,True,,,996_IM-2479-1001.dcm.png
998,reference_corpus,"Atherosclerosis/aorta, thoracic;Aorta, Thoracic/tortuous;Thoracic Vertebrae/degenerative/multiple",,False,,False,,"Aorta, Thoracic;Atherosclerosis;Thoracic Vertebrae",998_IM-2479-1001.dcm.png
999,reference_corpus,normal,,True,No Finding,True,,,999_IM-2480-1001.dcm.png
1000,reference_corpus,Opacity/lung/upper lobe/right;Pulmonary Atelectasis/upper lobe/right;Opacity/lung/lingula,Lung Opacity;Atelectasis,False,Lung Opacity;Atelectasis,True,,,1000_IM-0003-1001.dcm.png
1001,reference_corpus,Markings/lung/bilateral/interstitial/diffuse/prominent;Fibrosis/diffuse,,False,,False,,Fibrosis;Markings,1001_IM-0004-1001.dcm.png
1002,reference_corpus,Mastectomy/left,,False,,False,,Mastectomy,1002_IM-0004-1001.dcm.png
1003,reference_corpus,"Density/retrocardiac;Calcinosis/blood vessels;Calcified Granuloma;Opacity/lung/base/left;Bone Diseases, Metabolic/spine",Lung Opacity,False,Lung Opacity,True,Density,"Bone Diseases, Metabolic;Calcified Granuloma;Calcinosis",1003_IM-0005-2002.dcm.png
1004,reference_corpus,"Aorta/tortuous;Shoulder/bilateral/degenerative;Spine/degenerative;Catheters, Indwelling",Support Devices,False,Support Devices,True,,Aorta;Shoulder;Spine,1004_IM-0005-1001.dcm.png
1005,reference_corpus,normal,,True,No Finding,True,,,1005_IM-0006-1001.dcm.png
1006,reference_corpus,normal,,True,No Finding,True,,,1006_IM-0007-1001.dcm.png
1007,reference_corpus,Thoracic Vertebrae/degenerative/mild,,False,,False,,Thoracic Vertebrae,1007_IM-0008-1001.dcm.png
1008,reference_corpus,normal,,True,No Finding,True,,,1008_IM-0009-4004.dcm.png
1010,reference_corpus,normal,,True,No Finding,True,,,1010_IM-0012-1001.dcm.png
1011,reference_corpus,normal,,True,No Finding,True,,,1011_IM-0013-1001.dcm.png
1012,reference_corpus,Lung/hypoinflation;Consolidation/lung/base/bilateral;Costophrenic Angle/bilateral/blunted;Surgical Instruments;Airspace Disease/lung/base/bilateral;Pleural Effusion/bilateral,Lung Opacity;Consolidation;Pleural Effusion;Support Devices,False,Lung Opacity;Consolidation;Pleural Effusion;Support Devices,True,,Costophrenic Angle;Lung,1012_IM-0013-1001.dcm.png
1013,reference_corpus,Cardiomegaly/mild;Implanted Medical Device/humerus/right,Cardiomegaly;Support Devices,False,Cardiomegaly;Support Devices,True,,,1013_IM-0013-1001.dcm.png
1015,reference_corpus,Opacity/lung/base/bilateral/patchy/streaky;Technical Quality of Image Unsatisfactory ,Lung Opacity,False,Lung Opacity,True,,Technical Quality of Image Unsatisfactory,1015_IM-0001-1001.dcm.png
1016,reference_corpus,Opacity/pleura/right;Thickening/pleura/right;Pulmonary Atelectasis/base/right;Airspace Disease/lung/base/right;Opacity/lung/hilum/right/round;Pulmonary Atelectasis/hilum/right;Pleural Effusion/hilum/right;Opacity/lung/lower lobe/left;Cicatrix/lung/lower lobe/left;Pleural Effusion/right/focal,Lung Opacity;Atelectasis;Pleural Effusion;Pleural Other,False,Lung Opacity;Atelectasis;Pleural Effusion;Pleural Other,True,,Cicatrix,1016_IM-0013-1001.dcm.png
1017,reference_corpus,Pulmonary Atelectasis/lingula/focal;Calcinosis/lung/hilum/right,Atelectasis,False,Atelectasis,True,,Calcinosis,1017_IM-0013-1001.dcm.png
1018,reference_corpus,Calcified Granuloma/lung/right/small,,False,,False,,Calcified Granuloma,1018_IM-0014-5001.dcm.png
1019,reference_corpus,Costophrenic Angle/right/blunted,,False,,False,,Costophrenic Angle,1019_IM-0015-1001.dcm.png
1020,reference_corpus,Lung/hypoinflation,,False,,False,,Lung,1020_IM-0017-1001.dcm.png
1021,reference_corpus,Pneumothorax/right;Pulmonary Atelectasis/right;Shift/mediastinum,Atelectasis;Pneumothorax,False,Atelectasis;Pneumothorax,True,,Shift,1021_IM-0017-1001-0001.dcm.png
1024,reference_corpus,normal,,True,No Finding,True,,,1024_IM-0019-1001.dcm.png
1026,reference_corpus,normal,,True,No Finding,True,,,1026_IM-0021-2002.dcm.png
1027,reference_corpus,Costophrenic Angle/sulcus/bilateral/posterior/obscured;Technical Quality of Image Unsatisfactory ,,False,,False,,Costophrenic Angle;Technical Quality of Image Unsatisfactory,1027_IM-0021-1001.dcm.png
1028,reference_corpus,normal,,True,No Finding,True,,,1028_IM-0022-1001.dcm.png
1031,reference_corpus,"Cardiomegaly/mild;Catheters, Indwelling/right;Markings/bronchovascular",Cardiomegaly;Support Devices,False,Cardiomegaly;Support Devices,True,,Markings,1031_IM-0025-4004.dcm.png
1032,reference_corpus,Calcinosis/lung/lingula;Granulomatous Disease;Osteophyte/thoracic vertebrae/multiple/small,,False,,False,,Calcinosis;Granulomatous Disease;Osteophyte,1032_IM-0026-1001-0002.dcm.png
1033,reference_corpus,Lung/hypoinflation;Markings/bronchovascular;Pulmonary Atelectasis/base/patchy;Spine/degenerative,Atelectasis,False,Atelectasis,True,,Lung;Markings;Spine,1033_IM-0027-4004.dcm.png
1034,reference_corpus,"Calcified Granuloma/lung/middle lobe/right;Hernia, Hiatal",,False,,False,,"Calcified Granuloma;Hernia, Hiatal",1034_IM-0028-1001.dcm.png
1035,reference_corpus,Opacity/lung/hilum/prominent;Opacity/lung/upper lobe/right/round/small,Lung Opacity,False,Lung Opacity,True,,,1035_IM-0028-1001.dcm.png
1036,reference_corpus,Thoracic Vertebrae/degenerative/mild,,False,,False,,Thoracic Vertebrae,1036_IM-0029-1001.dcm.png
1038,reference_corpus,normal,,True,No Finding,True,,,1038_IM-0029-1001.dcm.png
1039,reference_corpus,normal,,True,No Finding,True,,,1039_IM-0030-1002.dcm.png
1040,reference_corpus,Calcinosis/lung/hilum/right;Calcinosis/lung/base/right;Granulomatous Disease;Deformity/thoracic vertebrae/anterior/mild,,False,,False,,Calcinosis;Deformity;Granulomatous Disease,1040_IM-0032-4004.dcm.png
1041,reference_corpus,Lucency/ribs/left/posterior,,False,,False,,Lucency,1041_IM-0033-1001.dcm.png
1044,reference_corpus,Lung/hyperdistention;Pulmonary Emphysema,,False,,False,,Lung;Pulmonary Emphysema,1044_IM-0036-1001.dcm.png
1046,reference_corpus,normal,,True,No Finding,True,,,1046_IM-0036-1001.dcm.png
1047,reference_corpus,normal,,True,No Finding,True,,,1047_IM-0036-2001.dcm.png
1048,reference_corpus,Thoracic Vertebrae/degenerative;Shoulder/bilateral/degenerative/mild,,False,,False,,Shoulder;Thoracic Vertebrae,1048_IM-0036-1001.dcm.png
1050,reference_corpus,Technical Quality of Image Unsatisfactory ;Lung/hypoinflation;Markings/bronchovascular;Mediastinum/prominent/mild,,False,,False,Mediastinum,Lung;Markings;Technical Quality of Image Unsatisfactory,1050_IM-0038-4004.dcm.png
1051,reference_corpus,normal,,True,No Finding,True,,,1051_IM-0039-5001.dcm.png
1052,reference_corpus,normal,,True,No Finding,True,,,1052_IM-0040-1001.dcm.png
1053,reference_corpus,Cardiomegaly/mild;Pulmonary Atelectasis/bilateral/scattered;Spine/degenerative/mild,Cardiomegaly;Atelectasis,False,Cardiomegaly;Atelectasis,True,,Spine,1053_IM-0040-1001.dcm.png
1054,reference_corpus,Thoracic Vertebrae/degenerative/mild,,False,,False,,Thoracic Vertebrae,1054_IM-0040-1001.dcm.png
1057,reference_corpus,normal,,True,No Finding,True,,,1057_IM-0041-1001.dcm.png
1058,reference_corpus,Nodule/lung/bilateral/diffuse/multiple/small;Scoliosis,Lung Lesion,False,Lung Lesion,True,,Scoliosis,1058_IM-0041-1001.dcm.png
1060,reference_corpus,Spondylosis/thoracic vertebrae;Scoliosis/right/mild,,False,,False,,Scoliosis;Spondylosis,1060_IM-0042-1001.dcm.png
1061,reference_corpus,Deformity/thoracic vertebrae/mild,,False,,False,,Deformity,1061_IM-0043-1001.dcm.png
1062,reference_corpus,No Indexing,,False,,False,,,1062_IM-0043-1001.dcm.png
1063,reference_corpus,Opacity/lung/base/left/mild;Pulmonary Atelectasis/base/left,Lung Opacity;Atelectasis,False,Lung Opacity;Atelectasis,True,,,1063_IM-0044-84654001.dcm.png
1066,reference_corpus,normal,,True,No Finding,True,,,1066_IM-0047-1001.dcm.png
1067,reference_corpus,normal,,True,No Finding,True,,,1067_IM-0048-1001.dcm.png
1069,reference_corpus,Lung/hyperdistention/mild;Diaphragm/bilateral/flattened;Markings/lung/base/bilateral/bronchovascular;Pulmonary Emphysema/base/bilateral,,False,,False,,Diaphragm;Lung;Markings;Pulmonary Emphysema,1069_IM-0049-1001.dcm.png
1070,reference_corpus,Thoracic Vertebrae/degenerative/mild;Deformity/clavicle/right,,False,,False,,Deformity;Thoracic Vertebrae,1070_IM-0050-1001.dcm.png
1071,reference_corpus,Technical Quality of Image Unsatisfactory ;Thoracic Vertebrae/degenerative/mild,,False,,False,,Technical Quality of Image Unsatisfactory;Thoracic Vertebrae,
1072,reference_corpus,Aorta/tortuous;Atherosclerosis/aorta;Airspace Disease/lung/lower lobe/left,Lung Opacity,False,Lung Opacity,True,,Aorta;Atherosclerosis,1072_IM-0052-1001-0002.dcm.png
1073,reference_corpus,"Lung/hyperdistention;Diaphragm/flattened;Aorta, Thoracic/tortuous/mild;Thoracic Vertebrae/degenerative;Pulmonary Emphysema",,False,,False,,"Aorta, Thoracic;Diaphragm;Lung;Pulmonary Emphysema;Thoracic Vertebrae",1073_IM-0053-1001.dcm.png
1074,reference_corpus,Lung/hypoinflation,,False,,False,,Lung,1074_IM-0054-1001.dcm.png
1075,reference_corpus,"Lung/hyperdistention;Pulmonary Emphysema/severe;Opacity/pleura/upper lobe/left/irregular;Cicatrix/lung/base/bilateral/mild;Pulmonary Atelectasis/base/bilateral/mild;Thoracic Vertebrae/degenerative/mild;Bone Diseases, Metabolic",Lung Opacity;Atelectasis,False,Lung Opacity;Atelectasis,True,,"Bone Diseases, Metabolic;Cicatrix;Lung;Pulmonary Emphysema;Thoracic Vertebrae",1075_IM-0054-1001.dcm.png
1078,reference_corpus,normal,,True,No Finding,True,,,1078_IM-0055-1001.dcm.png
1081,reference_corpus,Lung/hyperdistention;Thoracic Vertebrae/degenerative;Pulmonary Emphysema,,False,,False,,Lung;Pulmonary Emphysema;Thoracic Vertebrae,1081_IM-0057-2002.dcm.png
1082,reference_corpus,Cardiomegaly;Aorta/tortuous;Thoracic Vertebrae/degenerative/mild,Cardiomegaly,False,Cardiomegaly,True,,Aorta;Thoracic Vertebrae,1082_IM-0058-1001.dcm.png
1083,reference_corpus,normal,,True,No Finding,True,,,1083_IM-0058-1001.dcm.png
1084,reference_corpus,normal,,True,No Finding,True,,,1084_IM-0058-1001.dcm.png
1086,reference_corpus,"Deformity/ribs/right/posterior;Fractures, Bone/ribs/right/healed",Fracture,False,Fracture,True,,Deformity,1086_IM-0059-1001.dcm.png
1087,reference_corpus,Calcified Granuloma/lung/upper lobe/left;Calcinosis/lung/hilum/lymph nodes/left;Calcinosis/mediastinum/lymph nodes;Granulomatous Disease,,False,,False,,Calcified Granuloma;Calcinosis;Granulomatous Disease,1087_IM-0060-1002001.dcm.png
1088,reference_corpus,Opacity/lung/right/streaky/mild;Cicatrix/lung/right;Pulmonary Atelectasis/right,Lung Opacity;Atelectasis,False,Lung Opacity;Atelectasis,True,,Cicatrix,1088_IM-0061-1001.dcm.png
1089,reference_corpus,"Aorta, Thoracic/tortuous;Catheters, Indwelling;Diaphragm/left/elevated",Support Devices,False,Support Devices,True,,"Aorta, Thoracic;Diaphragm",1089_IM-0061-1001.dcm.png
1090,reference_corpus,normal,,True,No Finding,True,,,1090_IM-0062-1001.dcm.png
1091,reference_corpus,normal,,True,No Finding,True,,,1091_IM-0062-1001.dcm.png
1092,reference_corpus,No Indexing,,False,,False,,,1092_IM-0063-1001.dcm.png
1093,reference_corpus,normal,,True,No Finding,True,,,1093_IM-0064-1001.dcm.png
1094,reference_corpus,Density/lung/lower lobe/left;Pulmonary Atelectasis/lower lobe/left,Atelectasis,False,Atelectasis,True,Density,,1094_IM-0065-1001.dcm.png
1095,reference_corpus,"Kyphosis/thorax/severe;Fractures, Bone/thoracic vertebrae/multiple;Fractures, Bone/sternum;Fractures, Bone/lumbar vertebrae;Catheters, Indwelling/right",Fracture;Support Devices,False,Fracture;Support Devices,True,,Kyphosis,1095_IM-0066-1001.dcm.png
1096,reference_corpus,normal,,True,No Finding,True,,,
1097,reference_corpus,Granulomatous Disease;Calcinosis/bilateral/diffuse;Deformity/thoracic vertebrae/anterior/mild,,False,,False,,Calcinosis;Deformity;Granulomatous Disease,1097_IM-0067-1001.dcm.png
1098,reference_corpus,"Lung/hyperdistention;Markings/lung/interstitial;Emphysema;Pulmonary Disease, Chronic Obstructive;Cicatrix/pleura/base/bilateral/chronic",,False,,False,,"Cicatrix;Emphysema;Lung;Markings;Pulmonary Disease, Chronic Obstructive",1098_IM-0067-1001.dcm.png
1100,reference_corpus,Cardiomegaly;Infiltrate/lung/base/bilateral/interstitial;Costophrenic Angle/bilateral/blunted;Heart Failure;Pulmonary Edema/base/interstitial;Pleural Effusion/bilateral;Pulmonary Congestion,Cardiomegaly;Lung Opacity;Edema;Pleural Effusion,False,Cardiomegaly;Lung Opacity;Edema;Pleural Effusion,True,Pulmonary Congestion,Costophrenic Angle;Heart Failure,1100_IM-0068-1001.dcm.png
1101,reference_corpus,Spine/degenerative,,False,,False,,Spine,1101_IM-0068-1001.dcm.png
1102,reference_corpus,Cardiomegaly;Pulmonary Congestion;Pulmonary Edema/interstitial/mild;Pleural Effusion/bilateral;Airspace Disease/lung/base/bilateral,Cardiomegaly;Lung Opacity;Edema;Pleural Effusion,False,Cardiomegaly;Lung Opacity;Edema;Pleural Effusion,True,Pulmonary Congestion,,1102_IM-0069-12012.dcm.png
1103,reference_corpus,Calcified Granuloma/lung/hilum/right;Thoracic Vertebrae/degenerative/mild,,False,,False,,Calcified Granuloma;Thoracic Vertebrae,1103_IM-0070-1001.dcm.png
1104,reference_corpus,Spondylosis/thoracic vertebrae;Lung/hilum/prominent,,False,,False,,Lung;Spondylosis,1104_IM-0071-1001.dcm.png
1106,reference_corpus,Density/lung/base/right/mild,,False,,False,Density,,1106_IM-0073-1001.dcm.png
1107,reference_corpus,Opacity/lung/upper lobe/left/focal/small;Calcinosis/lung/hilum/left;Calcinosis/mediastinum,Lung Opacity,False,Lung Opacity,True,,Calcinosis,1107_IM-0074-1001.dcm.png
1108,reference_corpus,Lung/hyperdistention,,False,,False,,Lung,1108_IM-0075-1001.dcm.png
1109,reference_corpus,normal,,True,No Finding,True,,,1109_IM-0076-1001.dcm.png
1111,reference_corpus,Technical Quality of Image Unsatisfactory ;Cardiomegaly/severe,Cardiomegaly,False,Cardiomegaly,True,,Technical Quality of Image Unsatisfactory,1111_IM-0077-4004.dcm.png
1112,reference_corpus,Mediastinum/prominent;Cardiomegaly/moderate;Pulmonary Congestion;Cardiac Shadow/enlarged/moderate,Cardiomegaly,False,Cardiomegaly,True,Mediastinum;Pulmonary Congestion,,1112_IM-0078-1001.dcm.png
1113,reference_corpus,Lung/hyperdistention;Diaphragm/flattened;Emphysema,,False,,False,,Diaphragm;Emphysema;Lung,1113_IM-0078-1001.dcm.png
1114,reference_corpus,normal,,True,No Finding,True,,,1114_IM-0079-1001.dcm.png
1116,reference_corpus,Density/breast;Foreign Bodies/breast,,False,,False,Density,Foreign Bodies,1116_IM-0079-1001.dcm.png
1117,reference_corpus,Opacity/lung/lower lobe/left/posterior;Opacity/lung/upper lobe/right/focal;Airspace Disease/lung/lower lobe/left/patchy,Lung Opacity,False,Lung Opacity,True,,,1117_IM-0079-1001.dcm.png
1118,reference_corpus,normal,,True,No Finding,True,,,1118_IM-0079-1001.dcm.png
1119,reference_corpus,Lung/hypoinflation;Markings/bronchovascular;Granulomatous Disease;Deformity/lumbar vertebrae/severe,,False,,False,,Deformity;Granulomatous Disease;Lung;Markings,1119_IM-0080-1001.dcm.png
1120,reference_corpus,Lung/hypoinflation;Technical Quality of Image Unsatisfactory ,,False,,False,,Lung;Technical Quality of Image Unsatisfactory,1120_IM-0080-1001.dcm.png
1121,reference_corpus,"Fractures, Bone/ribs/multiple/healed",Fracture,False,Fracture,True,,,1121_IM-0080-1001.dcm.png
1123,reference_corpus,Opacity/lung/apex/right;Opacity/mediastinum;Markings/lung/interstitial/chronic,Lung Opacity,False,Lung Opacity,True,,Markings,1123_IM-0080-1001.dcm.png
1124,reference_corpus,Atherosclerosis/aorta;Lung/hyperdistention/mild;Spine/degenerative/diffuse,,False,,False,,Atherosclerosis;Lung;Spine,1124_IM-0081-2001.dcm.png
1126,reference_corpus,"Surgical Instruments/mediastinum;Calcinosis/aorta, thoracic;Aorta, Thoracic/tortuous;Pulmonary Atelectasis/base/right/scattered/mild;Thoracic Vertebrae/degenerative/moderate;Bone Diseases, Metabolic",Atelectasis;Support Devices,False,Atelectasis;Support Devices,True,,"Aorta, Thoracic;Bone Diseases, Metabolic;Calcinosis;Thoracic Vertebrae",1126_IM-0082-1001.dcm.png
1128,reference_corpus,Pleural Effusion/costophrenic angle/left;Airspace Disease/lung/base/left/mild;Calcinosis/aorta;Aorta/enlarged/tortuous,Lung Opacity;Pleural Effusion,False,Lung Opacity;Pleural Effusion,True,,Aorta;Calcinosis,1128_IM-0084-5001.dcm.png
1129,reference_corpus,Cardiomegaly/mild;Opacity/lung/bilateral/mild,Cardiomegaly;Lung Opacity,False,Cardiomegaly;Lung Opacity,True,,,1129_IM-0085-1001.dcm.png
1133,reference_corpus,"Lung/hyperdistention;Diaphragmatic Eventration/left;Pulmonary Disease, Chronic Obstructive",,False,,False,,"Diaphragmatic Eventration;Lung;Pulmonary Disease, Chronic Obstructive",1133_IM-0090-1001.dcm.png
1134,reference_corpus,"Catheters, Indwelling/left",Support Devices,False,Support Devices,True,,,1134_IM-0091-1001.dcm.png
1136,reference_corpus,normal,,True,No Finding,True,,,1136_IM-0092-1001.dcm.png
1139,reference_corpus,Cardiomegaly;Opacity/lung/interstitial;Pulmonary Edema/interstitial,Cardiomegaly;Lung Opacity;Edema,False,Cardiomegaly;Lung Opacity;Edema,True,,,1139_IM-0095-1001.dcm.png
1140,reference_corpus,"Catheters, Indwelling;Osteophyte/thoracic vertebrae/degenerative",Support Devices,False,Support Devices,True,,Osteophyte,1140_IM-0096-1001.dcm.png
1141,reference_corpus,normal,,True,No Finding,True,,,1141_IM-0096-1001.dcm.png
1144,reference_corpus,normal,,True,No Finding,True,,,1144_IM-0097-1001.dcm.png
1146,reference_corpus,Calcified Granuloma/lung/lingula,,False,,False,,Calcified Granuloma,1146_IM-0098-1001.dcm.png
1148,reference_corpus,normal,,True,No Finding,True,,,1148_IM-0100-1001.dcm.png
1149,reference_corpus,Calcified Granuloma/lung/hilum/bilateral/multiple,,False,,False,,Calcified Granuloma,1149_IM-0101-1001.dcm.png
1152,reference_corpus,"Cardiomegaly;Atherosclerosis/aorta, thoracic;Spine/degenerative/chronic",Cardiomegaly,False,Cardiomegaly,True,,Atherosclerosis;Spine,1152_IM-0103-1001.dcm.png
1153,reference_corpus,normal,,True,No Finding,True,,,1153_IM-0104-1001.dcm.png
1155,reference_corpus,Scoliosis,,False,,False,,Scoliosis,
1156,reference_corpus,normal,,True,No Finding,True,,,1156_IM-0106-1001.dcm.png
1157,reference_corpus,Opacity/lung/upper lobe/hilum/left;Pneumonia/upper lobe/left,Lung Opacity;Pneumonia,False,Lung Opacity;Pneumonia,True,,,1157_IM-0106-1001.dcm.png
1158,reference_corpus,Cardiomegaly/mild;Aorta/tortuous,Cardiomegaly,False,Cardiomegaly,True,,Aorta,1158_IM-0107-1001.dcm.png
1160,reference_corpus,Pulmonary Atelectasis/upper lobe/left;Cysts/lung/upper lobe/left;Thickening/pleura/apex/left;Cicatrix/lung/upper lobe/left;Tuberculosis/lung/healed,Atelectasis;Pleural Other,False,Atelectasis;Pleural Other,True,,Cicatrix;Cysts;Tuberculosis,1160_IM-0107-1001.dcm.png
1161,reference_corpus,normal,,True,No Finding,True,,,1161_IM-0107-1001.dcm.png
1163,reference_corpus,normal,,True,No Finding,True,,,1163_IM-0108-1001.dcm.png
1164,reference_corpus,Cardiomegaly/borderline;Mediastinum/prominent;Lung/hypoinflation;Markings/bronchovascular,Cardiomegaly,False,Cardiomegaly,True,Mediastinum,Lung;Markings,1164_IM-0109-0001-0002.dcm.png
1165,reference_corpus,normal,,True,No Finding,True,,,1165_IM-0110-1001.dcm.png
1166,reference_corpus,Lung/hypoinflation;Opacity/lung/base/bilateral/streaky;Pulmonary Atelectasis;Infiltrate/lung,Lung Opacity;Atelectasis,False,Lung Opacity;Atelectasis,True,,Lung,1166_IM-0111-1001.dcm.png
1167,reference_corpus,Lung/hyperdistention;Opacity/lung/lingula;Pulmonary Atelectasis/lingula;Cicatrix/lung/lingula;Atherosclerosis/aorta;Spine/degenerative;Calcinosis/blood vessels,Lung Opacity;Atelectasis,False,Lung Opacity;Atelectasis,True,,Atherosclerosis;Calcinosis;Cicatrix;Lung;Spine,1167_IM-0112-1001.dcm.png
1168,reference_corpus,normal,,True,No Finding,True,,,1168_IM-0112-1001.dcm.png
1170,reference_corpus,Cardiomegaly/mild,Cardiomegaly,False,Cardiomegaly,True,,,1170_IM-0115-2001.dcm.png
1171,reference_corpus,Lung/hypoinflation;Markings/bronchovascular;Airspace Disease/lung/base/right,Lung Opacity,False,Lung Opacity,True,,Lung;Markings,1171_IM-0116-1001.dcm.png
1172,reference_corpus,normal,,True,No Finding,True,,,1172_IM-0117-1001.dcm.png
1173,reference_corpus,Atherosclerosis/aorta;Aorta/tortuous/mild;Emphysema;Diaphragm/flattened;Costophrenic Angle/blunted;Cicatrix,,False,,False,,Aorta;Atherosclerosis;Cicatrix;Costophrenic Angle;Diaphragm;Emphysema,1173_IM-0118-5001.dcm.png
1174,reference_corpus,Opacity/lung/middle lobe/right;Infiltrate/lung/middle lobe/right,Lung Opacity,False,Lung Opacity,True,,,1174_IM-0118-1001.dcm.png
1175,reference_corpus,normal,,True,No Finding,True,,,1175_IM-0119-1001.dcm.png
1176,reference_corpus,normal,,True,No Finding,True,,,1176_IM-0119-1001.dcm.png
1177,reference_corpus,Scoliosis/thoracic vertebrae;Thoracic Vertebrae/degenerative,,False,,False,,Scoliosis;Thoracic Vertebrae,1177_IM-0120-1001.dcm.png
1178,reference_corpus,normal,,True,No Finding,True,,,1178_IM-0121-1001.dcm.png
1179,reference_corpus,Opacity;Cicatrix/mild;Surgical Instruments/abdomen/right;Spine/degenerative,Lung Opacity;Support Devices,False,Lung Opacity;Support Devices,True,,Cicatrix;Spine,1179_IM-0122-2002.dcm.png
1183,reference_corpus,normal,,True,No Finding,True,,,1183_IM-0124-1001.dcm.png
1184,reference_corpus,Lung/hypoinflation;Markings/bronchovascular;Pulmonary Atelectasis/base/bilateral,Atelectasis,False,Atelectasis,True,,Lung;Markings,1184_IM-0124-1001.dcm.png
1189,reference_corpus,Granulomatous Disease;Thoracic Vertebrae/degenerative/mild,,False,,False,,Granulomatous Disease;Thoracic Vertebrae,1189_IM-0128-1001.dcm.png
1190,reference_corpus,normal,,True,No Finding,True,,,1190_IM-0128-1001.dcm.png
1192,reference_corpus,normal,,True,No Finding,True,,,1192_IM-0129-1001.dcm.png
1194,reference_corpus,Aorta/tortuous/mild;Deformity/clavicle/right/chronic;Markings/lung/interstitial,,False,,False,,Aorta;Deformity;Markings,
1195,reference_corpus,Stents/coronary vessels,Support Devices,False,Support Devices,True,,,1195_IM-0131-1001.dcm.png
1196,reference_corpus,Atherosclerosis/aorta;Airspace Disease/lung/lower lobe/left;Surgical Instruments/breast/right,Lung Opacity;Support Devices,False,Lung Opacity;Support Devices,True,,Atherosclerosis,1196_IM-0131-1001.dcm.png
1198,reference_corpus,Calcified Granuloma/lung/lower lobe/right,,False,,False,,Calcified Granuloma,1198_IM-0132-1001.dcm.png
1199,reference_corpus,normal,,True,No Finding,True,,,1199_IM-0133-1001.dcm.png
1200,reference_corpus,Opacity/lung/hilum/right/small,Lung Opacity,False,Lung Opacity,True,,,1200_IM-0134-1001.dcm.png
1202,reference_corpus,"Cardiomegaly;Hypertension, Pulmonary;Pulmonary Congestion",Cardiomegaly,False,Cardiomegaly,True,Pulmonary Congestion,"Hypertension, Pulmonary",1202_IM-0136-1001.dcm.png
1203,reference_corpus,Opacity/lung/upper lobe/left/patchy;Lung/hyperdistention;Infiltrate/lung/upper lobe/left,Lung Opacity,False,Lung Opacity,True,,Lung,1203_IM-0137-1001.dcm.png
1204,reference_corpus,"Cardiomegaly/mild;Aorta, Thoracic/tortuous/mild",Cardiomegaly,False,Cardiomegaly,True,,"Aorta, Thoracic",1204_IM-0138-1001.dcm.png
1205,reference_corpus,normal,,True,No Finding,True,,,1205_IM-0138-1001.dcm.png
1207,reference_corpus,normal,,True,No Finding,True,,,1207_IM-0140-0001-0002.dcm.png
1209,reference_corpus,normal,,True,No Finding,True,,,1209_IM-0142-1001.dcm.png
1211,reference_corpus,normal,,True,No Finding,True,,,1211_IM-0142-1001.dcm.png
1212,reference_corpus,normal,,True,No Finding,True,,,1212_IM-0143-1001.dcm.png
1213,reference_corpus,Medical Device,Support Devices,False,Support Devices,True,,,1213_IM-0144-1001.dcm.png
1216,reference_corpus,normal,,True,No Finding,True,,,
1217,reference_corpus,Lung/hypoinflation;Costophrenic Angle/blunted,,False,,False,,Costophrenic Angle;Lung,1217_IM-0145-0001-0002.dcm.png
1218,reference_corpus,normal,,True,No Finding,True,,,1218_IM-0146-1001.dcm.png
1220,reference_corpus,"Lung/bilateral/hyperdistention;Lung, Hyperlucent/bilateral;Diaphragm/flattened;Pulmonary Emphysema/chronic;Costophrenic Angle/bilateral/blunted;Calcinosis/mediastinum/lymph nodes;Calcinosis/lung/hilum/lymph nodes;Calcified Granuloma/lung/base/left",,False,,False,,"Calcified Granuloma;Calcinosis;Costophrenic Angle;Diaphragm;Lung;Lung, Hyperlucent;Pulmonary Emphysema",1220_IM-0148-1001.dcm.png
1221,reference_corpus,No Indexing,,False,,False,,,1221_IM-0149-0001-0002.dcm.png
1222,reference_corpus,No Indexing,,False,,False,,,1222_IM-0150-1001.dcm.png
1223,reference_corpus,Foreign Bodies/thorax/left,,False,,False,,Foreign Bodies,1223_IM-0150-1001.dcm.png
1224,reference_corpus,No Indexing,,False,,False,,,1224_IM-0150-1001.dcm.png
1225,reference_corpus,"Aorta, Thoracic/tortuous/mild",,False,,False,,"Aorta, Thoracic",1225_IM-0150-1001.dcm.png
1229,reference_corpus,"Lung/hyperdistention;Atherosclerosis/aorta;Pulmonary Disease, Chronic Obstructive",,False,,False,,"Atherosclerosis;Lung;Pulmonary Disease, Chronic Obstructive",1229_IM-0152-1001.dcm.png
1230,reference_corpus,Cardiomegaly/mild;Pleural Effusion/right;Infiltrate/lung/lower lobe/right;Hydropneumothorax/right,Cardiomegaly;Lung Opacity;Pleural Effusion,False,Cardiomegaly;Lung Opacity;Pleural Effusion,True,,Hydropneumothorax,1230_IM-0154-1001.dcm.png
1231,reference_corpus,"Catheters, Indwelling/left",Support Devices,False,Support Devices,True,,,1231_IM-0155-1001.dcm.png
1232,reference_corpus,Implanted Medical Device/left;Emphysema;Calcified Granuloma/multiple,Support Devices,False,Support Devices,True,,Calcified Granuloma;Emphysema,
1233,reference_corpus,Cardiac Shadow/enlarged;Lung/hypoinflation;Diaphragm/right/elevated;Density/lung/base/left;Cardiomegaly;Cicatrix/lung/base/left/mild;Pulmonary Atelectasis/base/left/mild,Cardiomegaly;Atelectasis,False,Cardiomegaly;Atelectasis,True,Density,Cicatrix;Diaphragm;Lung,1233_IM-0157-1001.dcm.png
1235,reference_corpus,Opacity;Lung/hypoinflation;Pulmonary Atelectasis/lingula/focal,Lung Opacity;Atelectasis,False,Lung Opacity;Atelectasis,True,,Lung,1235_IM-0158-1001.dcm.png
1236,reference_corpus,normal,,True,No Finding,True,,,1236_IM-0158-1001.dcm.png
1238,reference_corpus,normal,,True,No Finding,True,,,1238_IM-0160-2002.dcm.png
1240,reference_corpus,"Tube, Inserted/left;Catheters, Indwelling/left;Consolidation/lung/lower lobe/left;Airspace Disease/lung/base/right/mild;Atherosclerosis/aorta;Spine/degenerative/diffuse",Lung Opacity;Consolidation;Support Devices,False,Lung Opacity;Consolidation;Support Devices,True,,Atherosclerosis;Spine,1240_IM-0162-4001.dcm.png
1241,reference_corpus,Scoliosis/thoracic vertebrae,,False,,False,,Scoliosis,1241_IM-0163-2002.dcm.png
1242,reference_corpus,Aorta/tortuous;Sarcoidosis;Cicatrix/lung/apex/bilateral,,False,,False,,Aorta;Cicatrix;Sarcoidosis,1242_IM-0164-1001.dcm.png
1243,reference_corpus,"Cardiac Shadow/enlarged;Catheters, Indwelling/left;Opacity/lung/base/bilateral;Pleural Effusion/bilateral;Pulmonary Atelectasis/left;Cardiomegaly",Cardiomegaly;Lung Opacity;Atelectasis;Pleural Effusion;Support Devices,False,Cardiomegaly;Lung Opacity;Atelectasis;Pleural Effusion;Support Devices,True,,,1243_IM-0165-4004.dcm.png
1244,reference_corpus,Opacity/lung/base/bilateral;Colonic Interposition/mediastinum;Airspace Disease/lung/base/bilateral,Lung Opacity,False,Lung Opacity,True,,Colonic Interposition,1244_IM-0166-2001.dcm.png
1245,reference_corpus,Cardiomegaly;Aorta/tortuous,Cardiomegaly,False,Cardiomegaly,True,,Aorta,1245_IM-0167-1001.dcm.png
1249,reference_corpus,Calcified Granuloma/lung/lower lobe/left/multiple,,False,,False,,Calcified Granuloma,1249_IM-0169-1001.dcm.png
1250,reference_corpus,Calcified Granuloma/lung/hilum/bilateral/multiple/large;Calcinosis/lung/hilum/lymph nodes/bilateral/multiple/large,,False,,False,,Calcified Granuloma;Calcinosis,1250_IM-0169-1001.dcm.png
1252,reference_corpus,normal,,True,No Finding,True,,,1252_IM-0170-1001.dcm.png
1253,reference_corpus,normal,,True,No Finding,True,,,1253_IM-0171-0001-0002.dcm.png
1254,reference_corpus,normal,,True,No Finding,True,,,1254_IM-0172-1001.dcm.png
1255,reference_corpus,"Tube, Inserted/thorax/right;Lung/hypoinflation;Pneumoperitoneum/small",Support Devices,False,Support Devices,True,,Lung;Pneumoperitoneum,1255_IM-0172-1001-0001.dcm.png
1256,reference_corpus,Thoracic Vertebrae/degenerative;Calcinosis/mild,,False,,False,,Calcinosis;Thoracic Vertebrae,1256_IM-0173-1001.dcm.png
1257,reference_corpus,Cardiomegaly/mild;Lung/hypoinflation;Opacity/lung/base/right;Sclerosis/humerus/bilateral;Sclerosis/spine;Calcinosis/abdomen;Pulmonary Atelectasis;Cholelithiasis,Cardiomegaly;Lung Opacity;Atelectasis,False,Cardiomegaly;Lung Opacity;Atelectasis,True,,Calcinosis;Cholelithiasis;Lung;Sclerosis,1257_IM-0174-1001.dcm.png
1258,reference_corpus,No Indexing,,False,,False,,,1258_IM-0175-1001.dcm.png
1259,reference_corpus,normal,,True,No Finding,True,,,1259_IM-0175-1001.dcm.png
1262,reference_corpus,Lung/hypoinflation;Pneumothorax;Ribs/right/anterior/prominent,Pneumothorax,False,Pneumothorax,True,,Lung;Ribs,1262_IM-0178-0001.dcm.png
1264,reference_corpus,normal,,True,No Finding,True,,,1264_IM-0179-1001.dcm.png
1265,reference_corpus,Density/round;Lung/hyperdistention;Diaphragm/flattened;Calcified Granuloma/lung/lower lobe/right,,False,,False,Density,Calcified Granuloma;Diaphragm;Lung,1265_IM-0179-1001.dcm.png
1266,reference_corpus,Calcified Granuloma/multiple,,False,,False,,Calcified Granuloma,1266_IM-0179-1001.dcm.png
1267,reference_corpus,normal,,True,No Finding,True,,,1267_IM-0179-1001.dcm.png
1268,reference_corpus,"Aorta, Thoracic/tortuous",,False,,False,,"Aorta, Thoracic",
1269,reference_corpus,Lung/hyperdistention;Foreign Bodies/breast/left,,False,,False,,Foreign Bodies;Lung,1269_IM-0181-1001.dcm.png
1271,reference_corpus,Lung/hypoinflation,,False,,False,,Lung,1271_IM-0182-4004.dcm.png
1272,reference_corpus,Calcified Granuloma/scattered/multiple;Implanted Medical Device/humerus/right,Support Devices,False,Support Devices,True,,Calcified Granuloma,1272_IM-0183-1001.dcm.png
1273,reference_corpus,Cardiomegaly/mild;Lung/hyperdistention,Cardiomegaly,False,Cardiomegaly,True,,Lung,1273_IM-0183-1001.dcm.png
1274,reference_corpus,normal,,True,No Finding,True,,,1274_IM-0183-1001.dcm.png
1275,reference_corpus,Deformity/ribs/right;Lung/hypoinflation/severe;Opacity/lung/base/bilateral;Opacity/lung/middle lobe/bilateral;Implanted Medical Device/left;Surgical Instruments/heart,Lung Opacity;Support Devices,False,Lung Opacity;Support Devices,True,,Deformity;Lung,
1276,reference_corpus,Calcified Granuloma/lung/upper lobe/right/multiple,,False,,False,,Calcified Granuloma,1276_IM-0184-1001.dcm.png
1280,reference_corpus,normal,,True,No Finding,True,,,1280_IM-0187-1001.dcm.png
1281,reference_corpus,Spine/degenerative,,False,,False,,Spine,
1282,reference_corpus,Opacity/lung/lower lobe/right/patchy;Airspace Disease/lung/lower lobe/right/mild,Lung Opacity,False,Lung Opacity,True,,,1282_IM-0188-1001.dcm.png
1284,reference_corpus,"Implanted Medical Device/left;Opacity/lung/base/bilateral;Calcinosis/aorta, thoracic;Pulmonary Atelectasis/base/bilateral",Lung Opacity;Atelectasis;Support Devices,False,Lung Opacity;Atelectasis;Support Devices,True,,Calcinosis,
1286,reference_corpus,Cardiomegaly/mild;Calcinosis/aorta,Cardiomegaly,False,Cardiomegaly,True,,Calcinosis,
1287,reference_corpus,Granulomatous Disease;Thoracic Vertebrae/degenerative,,False,,False,,Granulomatous Disease;Thoracic Vertebrae,1287_IM-0188-1001.dcm.png
1289,reference_corpus,Costophrenic Angle/bilateral/blunted;Pleural Effusion/bilateral/large,Pleural Effusion,False,Pleural Effusion,True,,Costophrenic Angle,1289_IM-0189-1001.dcm.png
1290,reference_corpus,"Calcified Granuloma/lung/lower lobe/left;Calcinosis/lung/lower lobe/left;Nodule/lung/lower lobe/left;Hernia, Hiatal/moderate;Calcinosis/mediastinum/lymph nodes/left",Lung Lesion,False,Lung Lesion,True,,"Calcified Granuloma;Calcinosis;Hernia, Hiatal",1290_IM-0189-1001.dcm.png
1291,reference_corpus,Lung/hilum/left/prominent/mild,,False,,False,,Lung,1291_IM-0190-1001.dcm.png
1292,reference_corpus,"Cardiomegaly/borderline;Aorta, Thoracic/tortuous;Spine/degenerative;Fractures, Bone/clavicle/right;Lucency/clavicle/left/round/small;Bone and Bones/degenerative",Cardiomegaly;Fracture,False,Cardiomegaly;Fracture,True,,"Aorta, Thoracic;Bone and Bones;Lucency;Spine",1292_IM-0191-1001.dcm.png
1295,reference_corpus,Lung/hypoinflation;Spine/degenerative/mild,,False,,False,,Lung;Spine,1295_IM-0194-3003.dcm.png
1296,reference_corpus,normal,,True,No Finding,True,,,1296_IM-0195-1001-0002.dcm.png
1301,reference_corpus,Calcinosis/mediastinum,,False,,False,,Calcinosis,1301_IM-0198-1001.dcm.png
1302,reference_corpus,Aorta/tortuous;Spine/degenerative,,False,,False,,Aorta;Spine,1302_IM-0198-1001.dcm.png
1303,reference_corpus,"Mass/lung/upper lobe/right/posterior;Opacity/heart/left;Hernia, Hiatal",Lung Opacity;Lung Lesion,False,Lung Opacity;Lung Lesion,True,,"Hernia, Hiatal",1303_IM-0199-1001-0001.dcm.png
1304,reference_corpus,normal,,True,No Finding,True,,,1304_IM-0199-1001.dcm.png
1305,reference_corpus,normal,,True,No Finding,True,,,1305_IM-0199-1001.dcm.png
1307,reference_corpus,Density/lung/base/left;Pulmonary Atelectasis/base/left;Cicatrix/lung/base/left;Surgical Instruments/left;Lucency/clavicle/left,Atelectasis;Support Devices,False,Atelectasis;Support Devices,True,Density,Cicatrix;Lucency,
1310,reference_corpus,normal,,True,No Finding,True,,,1310_IM-0202-1001.dcm.png
1311,reference_corpus,Lung/hypoinflation;Markings/bronchovascular;Cardiac Shadow/enlarged/borderline,Cardiomegaly,False,Cardiomegaly,True,,Lung;Markings,1311_IM-0203-1001.dcm.png
1313,reference_corpus,Calcinosis/lung/hilum/lymph nodes/bilateral;Opacity/lung/base/bilateral;Pleural Effusion/bilateral/small;Pulmonary Atelectasis/base/bilateral;Airspace Disease/lung/base/bilateral,Lung Opacity;Atelectasis;Pleural Effusion,False,Lung Opacity;Atelectasis;Pleural Effusion,True,,Calcinosis,
1315,reference_corpus,normal,,True,No Finding,True,,,1315_IM-0204-1001.dcm.png
1316,reference_corpus,normal,,True,No Finding,True,,,1316_IM-0205-1002.dcm.png
1317,reference_corpus,Pulmonary Atelectasis/base/left/mild;Foreign Bodies/thorax/left;Density/thorax/left,Atelectasis,False,Atelectasis,True,Density,Foreign Bodies,1317_IM-0205-1001.dcm.png
1318,reference_corpus,normal,,True,No Finding,True,,,1318_IM-0205-1001.dcm.png
1319,reference_corpus,normal,,True,No Finding,True,,,1319_IM-0205-1001.dcm.png
1320,reference_corpus,Calcified Granuloma/lung/upper lobe/left;Lung/hypoinflation;Markings/bronchovascular,,False,,False,,Calcified Granuloma;Lung;Markings,1320_IM-0207-1001.dcm.png
1321,reference_corpus,Pulmonary Fibrosis/bilateral/interstitial,,False,,False,,Pulmonary Fibrosis,1321_IM-0207-1001.dcm.png
1322,reference_corpus,normal,,True,No Finding,True,,,1322_IM-0208-3003.dcm.png
1323,reference_corpus,normal,,True,No Finding,True,,,1323_IM-0209-1001.dcm.png
1324,reference_corpus,Scoliosis/thoracic vertebrae/right,,False,,False,,Scoliosis,1324_IM-0209-1001.dcm.png
1326,reference_corpus,"Catheters, Indwelling/right;Opacity/lung/hilum/right;Diaphragm/right/elevated;Pneumothorax/apex/right;Thoracic Vertebrae/degenerative;Opacity/lung/base/right/streaky/multiple;Opacity/lung/middle lobe/right",Lung Opacity;Pneumothorax;Support Devices,False,Lung Opacity;Pneumothorax;Support Devices,True,,Diaphragm;Thoracic Vertebrae,1326_IM-0210-0001-0002.dcm.png
1327,reference_corpus,Thoracic Vertebrae/degenerative,,False,,False,,Thoracic Vertebrae,1327_IM-0211-1001.dcm.png
1332,reference_corpus,Aorta/tortuous;Calcinosis/aorta;Opacity/lung/base/left;Opacity/lung/lingula;Pulmonary Atelectasis;Cicatrix/lung,Lung Opacity;Atelectasis,False,Lung Opacity;Atelectasis,True,,Aorta;Calcinosis;Cicatrix,1332_IM-0213-1001-0001.dcm.png
1333,reference_corpus,"Hernia, Diaphragmatic;Bone Diseases, Metabolic/thoracic vertebrae;Deformity/thoracic vertebrae/anterior",,False,,False,,"Bone Diseases, Metabolic;Deformity;Hernia, Diaphragmatic",1333_IM-0214-1001.dcm.png
1335,reference_corpus,normal,,True,No Finding,True,,,1335_IM-0215-1001.dcm.png
1338,reference_corpus,No Indexing,,False,,False,,,
1339,reference_corpus,Pneumothorax/right/small,Pneumothorax,False,Pneumothorax,True,,,1339_IM-0218-1001.dcm.png
1340,reference_corpus,normal,,True,No Finding,True,,,1340_IM-0220-1001.dcm.png
1341,reference_corpus,"Catheters, Indwelling/right",Support Devices,False,Support Devices,True,,,1341_IM-0220-3001.dcm.png
1342,reference_corpus,Lung/hyperdistention/mild;Diaphragm/posterior/flattened,,False,,False,,Diaphragm;Lung,1342_IM-0221-1001.dcm.png
1343,reference_corpus,"Cardiomegaly/mild;Calcinosis;Hernia, Hiatal/moderate;Thoracic Vertebrae/degenerative",Cardiomegaly,False,Cardiomegaly,True,,"Calcinosis;Hernia, Hiatal;Thoracic Vertebrae",1343_IM-0222-0001-0002.dcm.png
1344,reference_corpus,normal,,True,No Finding,True,,,1344_IM-0223-1001.dcm.png
1346,reference_corpus,"Catheters, Indwelling/right;Spine/degenerative/diffuse",Support Devices,False,Support Devices,True,,Spine,1346_IM-0224-4001.dcm.png
1347,reference_corpus,normal,,True,No Finding,True,,,1347_IM-0225-4004.dcm.png
1348,reference_corpus,"Lung/hypoinflation;Markings/lung/base/bronchovascular/mild;Pulmonary Atelectasis/base/bilateral/mild;Fractures, Bone/ribs/left;Deformity/ribs/right",Atelectasis;Fracture,False,Atelectasis;Fracture,True,,Deformity;Lung;Markings,1348_IM-0226-4004-0001.dcm.png
1349,reference_corpus,Calcified Granuloma,,False,,False,,Calcified Granuloma,1349_IM-0227-1001.dcm.png
1350,reference_corpus,normal,,True,No Finding,True,,,1350_IM-0227-1001.dcm.png
1351,reference_corpus,Aorta/enlarged/tortuous/mild,,False,,False,,Aorta,1351_IM-0228-1001.dcm.png
1352,reference_corpus,Cicatrix/lung/upper lobe/right,,False,,False,,Cicatrix,1352_IM-0229-1001.dcm.png
1353,reference_corpus,"Airspace Disease/lung/right/diffuse;Consolidation/lung/base/right;Catheters, Indwelling/right;Pneumonia/right/focal/multiple",Lung Opacity;Consolidation;Pneumonia;Support Devices,False,Lung Opacity;Consolidation;Pneumonia;Support Devices,True,,,1353_IM-0230-1001.dcm.png
1354,reference_corpus,Lung/hypoinflation;Markings/bronchovascular,,False,,False,,Lung;Markings,1354_IM-0230-1001.dcm.png
1356,reference_corpus,normal,,True,No Finding,True,,,1356_IM-0231-1001.dcm.png
1358,reference_corpus,Thoracic Vertebrae/degenerative/moderate;Surgical Instruments/right,Support Devices,False,Support Devices,True,,Thoracic Vertebrae,1358_IM-0232-1001.dcm.png
1359,reference_corpus,normal,,True,No Finding,True,,,1359_IM-0233-1001.dcm.png
1360,reference_corpus,Opacity/lung/base/bilateral;Pulmonary Atelectasis/base/bilateral,Lung Opacity;Atelectasis,False,Lung Opacity;Atelectasis,True,,,1360_IM-0234-0001-0001.dcm.png
1362,reference_corpus,"Diaphragm/left/elevated;Pulmonary Atelectasis/base/left;Pulmonary Atelectasis/base/right/mild;Cardiomegaly;Atherosclerosis/aorta;Heart/left/obscured;Kyphosis/thoracic vertebrae;Bone Diseases, Metabolic/thoracic vertebrae;Deformity/thoracic vertebrae/multiple;Thoracic Vertebrae/degenerative",Cardiomegaly;Atelectasis,False,Cardiomegaly;Atelectasis,True,,"Atherosclerosis;Bone Diseases, Metabolic;Deformity;Diaphragm;Heart;Kyphosis;Thoracic Vertebrae",1362_IM-0235-1001.dcm.png
1363,reference_corpus,normal,,True,No Finding,True,,,1363_IM-0236-0001-0002.dcm.png
1364,reference_corpus,normal,,True,No Finding,True,,,1364_IM-0237-1001.dcm.png
1366,reference_corpus,normal,,True,No Finding,True,,,1366_IM-0237-1001.dcm.png
1367,reference_corpus,normal,,True,No Finding,True,,,1367_IM-0237-1001.dcm.png
1368,reference_corpus,normal,,True,No Finding,True,,,1368_IM-0237-1001.dcm.png
1369,reference_corpus,Epicardial Fat/prominent,,False,,False,,Epicardial Fat,1369_IM-0238-1001.dcm.png
1370,reference_corpus,Opacity/lung/right;Opacity/lung/base/left;Deformity/thoracic vertebrae,Lung Opacity,False,Lung Opacity,True,,Deformity,1370_IM-0239-1001.dcm.png
1371,reference_corpus,Aorta/tortuous/mild;Calcified Granuloma/lung/base/left;Granulomatous Disease;Nodule/lung/base/left,Lung Lesion,False,Lung Lesion,True,,Aorta;Calcified Granuloma;Granulomatous Disease,1371_IM-0239-1001.dcm.png
1372,reference_corpus,Mediastinum/prominent/mild;Opacity/lung/base/bilateral/interstitial;Airspace Disease/lung/base/bilateral/mild;Pulmonary Atelectasis/base/bilateral,Lung Opacity;Atelectasis,False,Lung Opacity;Atelectasis,True,Mediastinum,,1372_IM-0239-1001.dcm.png
1373,reference_corpus,Atherosclerosis/aorta;Arthritis,,False,,False,,Arthritis;Atherosclerosis,1373_IM-0240-1001.dcm.png
1374,reference_corpus,normal,,True,No Finding,True,,,1374_IM-0240-1001.dcm.png
1375,reference_corpus,Cardiomegaly;Pulmonary Edema/interstitial,Cardiomegaly;Edema,False,Cardiomegaly;Edema,True,,,1375_IM-0241-1001.dcm.png
1377,reference_corpus,normal,,True,No Finding,True,,,1377_IM-0242-1001.dcm.png
1378,reference_corpus,normal,,True,No Finding,True,,,1378_IM-0242-1001.dcm.png
1379,reference_corpus,normal,,True,No Finding,True,,,1379_IM-0243-1001.dcm.png
1381,reference_corpus,normal,,True,No Finding,True,,,1381_IM-0245-1001.dcm.png
1384,reference_corpus,normal,,True,No Finding,True,,,1384_IM-0246-1001.dcm.png
1386,reference_corpus,Pulmonary Artery/bilateral/prominent,,False,,False,,Pulmonary Artery,1386_IM-0246-1001.dcm.png
1387,reference_corpus,No Indexing,,False,,False,,,
1388,reference_corpus,Lung/hypoinflation,,False,,False,,Lung,1388_IM-0246-1001.dcm.png
1389,reference_corpus,Lung/hyperdistention,,False,,False,,Lung,1389_IM-0247-1001.dcm.png
1391,reference_corpus,Lung/hypoinflation;Technical Quality of Image Unsatisfactory ,,False,,False,,Lung;Technical Quality of Image Unsatisfactory,1391_IM-0250-1001.dcm.png
1392,reference_corpus,No Indexing,,False,,False,,,1392_IM-0251-1001.dcm.png
1393,reference_corpus,Opacity/lung/base/left;Cicatrix/lung/base/left;Pulmonary Atelectasis/base/left,Lung Opacity;Atelectasis,False,Lung Opacity;Atelectasis,True,,Cicatrix,1393_IM-0251-1001.dcm.png
1395,reference_corpus,normal,,True,No Finding,True,,,1395_IM-0251-1001.dcm.png
1396,reference_corpus,normal,,True,No Finding,True,,,1396_IM-0252-2001.dcm.png
1398,reference_corpus,Pulmonary Atelectasis/base/right/mild;Diaphragm/right/elevated,Atelectasis,False,Atelectasis,True,,Diaphragm,1398_IM-0254-1001.dcm.png
1399,reference_corpus,Spinal Fusion/lumbar vertebrae;Spinal Fusion/thoracic vertebrae;Spondylosis/thoracic vertebrae,,False,,False,,Spinal Fusion;Spondylosis,1399_IM-0255-1001.dcm.png
1400,reference_corpus,normal,,True,No Finding,True,,,1400_IM-0256-1001.dcm.png
1402,reference_corpus,normal,,True,No Finding,True,,,1402_IM-0257-1001.dcm.png
1403,reference_corpus,Pulmonary Atelectasis/base/bilateral/mild,Atelectasis,False,Atelectasis,True,,,1403_IM-0258-1001.dcm.png
1404,reference_corpus,"Deformity/thoracic vertebrae/anterior/multiple;Fractures, Bone/Thoracic Vertebrae",Fracture,False,Fracture,True,,Deformity,1404_IM-0258-1001.dcm.png
1405,reference_corpus,Cicatrix/lung/middle lobe/right;Cicatrix/lung/upper lobe/right;Surgical Instruments/lung/right;Atherosclerosis/aorta;Arthritis,Support Devices,False,Support Devices,True,,Arthritis;Atherosclerosis;Cicatrix,1405_IM-0259-1001.dcm.png
1407,reference_corpus,Granuloma/lung/base/right;Spondylosis/thoracic vertebrae,,False,,False,,Granuloma;Spondylosis,1407_IM-0260-1001.dcm.png
1408,reference_corpus,Calcified Granuloma/lung/upper lobe/right,,False,,False,,Calcified Granuloma,1408_IM-0260-1001.dcm.png
1409,reference_corpus,normal,,True,No Finding,True,,,1409_IM-0260-1001.dcm.png
1410,reference_corpus,normal,,True,No Finding,True,,,1410_IM-0260-1001.dcm.png
1411,reference_corpus,Thoracic Vertebrae/degenerative/mild,,False,,False,,Thoracic Vertebrae,1411_IM-0261-0001-0001.dcm.png
1413,reference_corpus,Lung/hypoinflation;Markings/bronchovascular,,False,,False,,Lung;Markings,1413_IM-0263-4004.dcm.png
1414,reference_corpus,normal,,True,No Finding,True,,,1414_IM-0264-1001.dcm.png
1415,reference_corpus,normal,,True,No Finding,True,,,1415_IM-0264-1001.dcm.png
1416,reference_corpus,Lung/hilum/bilateral/prominent/mild;Opacity/left;Cicatrix/left;Thoracic Vertebrae/degenerative/mild,Lung Opacity,False,Lung Opacity,True,,Cicatrix;Lung;Thoracic Vertebrae,1416_IM-0265-1001.dcm.png
1418,reference_corpus,normal,,True,No Finding,True,,,1418_IM-0267-2002.dcm.png
1419,reference_corpus,"Pulmonary Atelectasis/base/bilateral/focal/mild;Atherosclerosis/aorta, thoracic/mild",Atelectasis,False,Atelectasis,True,,Atherosclerosis,1419_IM-0267-1001.dcm.png
1421,reference_corpus,Cicatrix/lung/apex/right;Cicatrix/lung/base/left;Spine/degenerative/mild,,False,,False,,Cicatrix;Spine,
1424,reference_corpus,normal,,True,No Finding,True,,,1424_IM-0271-2002.dcm.png
1425,reference_corpus,normal,,True,No Finding,True,,,1425_IM-0272-1001.dcm.png
1426,reference_corpus,normal,,True,No Finding,True,,,1426_IM-0272-1001.dcm.png
1427,reference_corpus,"Catheters, Indwelling;Atherosclerosis",Support Devices,False,Support Devices,True,,Atherosclerosis,1427_IM-0273-12012.dcm.png
1428,reference_corpus,normal,,True,No Finding,True,,,1428_IM-0274-1001.dcm.png
1429,reference_corpus,normal,,True,No Finding,True,,,1429_IM-0275-1001.dcm.png
1430,reference_corpus,Opacity/lung/base/bilateral/patchy/mild;Pulmonary Atelectasis;Pneumonia;Pleura/blunted/mild;Pleural Effusion/bilateral,Lung Opacity;Pneumonia;Atelectasis;Pleural Effusion,False,Lung Opacity;Pneumonia;Atelectasis;Pleural Effusion,True,,Pleura,1430_IM-0277-2001.dcm.png
1432,reference_corpus,Spine/degenerative,,False,,False,,Spine,1432_IM-0278-1001.dcm.png
1438,reference_corpus,normal,,True,No Finding,True,,,1438_IM-0282-1002.dcm.png
1439,reference_corpus,"Opacity/lung/base/left;Pulmonary Disease, Chronic Obstructive;Pulmonary Atelectasis/base/left/focal",Lung Opacity;Atelectasis,False,Lung Opacity;Atelectasis,True,,"Pulmonary Disease, Chronic Obstructive",1439_IM-0282-1001.dcm.png
1440,reference_corpus,normal,,True,No Finding,True,,,1440_IM-0284-1001.dcm.png
1441,reference_corpus,"Density/retrocardiac;Hernia, Hiatal;Lung/hypoinflation",,False,,False,Density,"Hernia, Hiatal;Lung",1441_IM-0285-1001.dcm.png
1442,reference_corpus,Spondylosis/thoracic vertebrae,,False,,False,,Spondylosis,1442_IM-0286-1001.dcm.png
1443,reference_corpus,"Markings/lung/bilateral/interstitial;Pulmonary Disease, Chronic Obstructive;Calcinosis/lung/hilum/lymph nodes",,False,,False,,"Calcinosis;Markings;Pulmonary Disease, Chronic Obstructive",1443_IM-0286-1001.dcm.png
1444,reference_corpus,"Fractures, Bone/ribs/left/healed;Deformity/spine",Fracture,False,Fracture,True,,Deformity,1444_IM-0286-1001.dcm.png
1445,reference_corpus,"Diaphragm/right/elevated;Pulmonary Atelectasis/base/right;Consolidation/lung/base/left;Pleural Effusion/base/left;Catheters, Indwelling/left;Tube, Inserted/large;Airspace Disease/lung/base/left",Lung Opacity;Consolidation;Atelectasis;Pleural Effusion;Support Devices,False,Lung Opacity;Consolidation;Atelectasis;Pleural Effusion;Support Devices,True,,Diaphragm,1445_IM-0287-4004.dcm.png
1448,reference_corpus,normal,,True,No Finding,True,,,1448_IM-0289-1001.dcm.png
1449,reference_corpus,Cardiac Shadow/enlarged;Lung/hypoinflation;Diaphragmatic Eventration/right/anterior;Markings/bronchovascular;Thoracic Vertebrae/degenerative,Cardiomegaly,False,Cardiomegaly,True,,Diaphragmatic Eventration;Lung;Markings;Thoracic Vertebrae,1449_IM-0290-1001.dcm.png
1452,reference_corpus,normal,,True,No Finding,True,,,1452_IM-0291-1001.dcm.png
1453,reference_corpus,Lung/hypoinflation,,False,,False,,Lung,1453_IM-0292-12012.dcm.png
1454,reference_corpus,normal,,True,No Finding,True,,,1454_IM-0293-1001.dcm.png
1455,reference_corpus,Calcified Granuloma/lung/middle lobe/left,,False,,False,,Calcified Granuloma,1455_IM-0293-1001.dcm.png
1457,reference_corpus,Implanted Medical Device,Support Devices,False,Support Devices,True,,,
1458,reference_corpus,"Cardiomegaly;Opacity/lung/base/left;Epicardial Fat;Hyperostosis, Diffuse Idiopathic Skeletal/thoracic vertebrae",Cardiomegaly;Lung Opacity,False,Cardiomegaly;Lung Opacity,True,,"Epicardial Fat;Hyperostosis, Diffuse Idiopathic Skeletal",1458_IM-0296-1001.dcm.png
1459,reference_corpus,Calcified Granuloma/lung/base/right;Cardiomegaly,Cardiomegaly,False,Cardiomegaly,True,,Calcified Granuloma,1459_IM-0297-1001.dcm.png
1460,reference_corpus,normal,,True,No Finding,True,,,1460_IM-0298-1001.dcm.png
1461,reference_corpus,normal,,True,No Finding,True,,,1461_IM-0299-1001.dcm.png
1462,reference_corpus,normal,,True,No Finding,True,,,1462_IM-0299-1001.dcm.png
1463,reference_corpus,normal,,True,No Finding,True,,,1463_IM-0300-1001.dcm.png
1464,reference_corpus,Calcified Granuloma/lung/base/left;Granulomatous Disease,,False,,False,,Calcified Granuloma;Granulomatous Disease,1464_IM-0301-1001.dcm.png
1465,reference_corpus,Stents/coronary vessels;Thoracic Vertebrae/degenerative/mild,Support Devices,False,Support Devices,True,,Thoracic Vertebrae,1465_IM-0302-1001.dcm.png
1467,reference_corpus,normal,,True,No Finding,True,,,1467_IM-0302-1001.dcm.png
1470,reference_corpus,normal,,True,No Finding,True,,,1470_IM-0303-1001.dcm.png
1471,reference_corpus,Lung/hyperdistention;Diaphragm/bilateral/flattened;Markings/lung/mild;Thoracic Vertebrae/degenerative/moderate;Calcified Granuloma/lung/hilum/left;Emphysema;Thickening/lung/interstitial,,False,,False,Thickening,Calcified Granuloma;Diaphragm;Emphysema;Lung;Markings;Thoracic Vertebrae,1471_IM-0304-2001.dcm.png
1475,reference_corpus,Density/lung/upper lobe/right/round,,False,,False,Density,,1475_IM-0307-1001.dcm.png
1477,reference_corpus,normal,,True,No Finding,True,,,1477_IM-0309-1001.dcm.png
1478,reference_corpus,Calcinosis/mediastinum,,False,,False,,Calcinosis,1478_IM-0310-0001-0002.dcm.png
1479,reference_corpus,Granuloma/ribs/right/posterior;Opacity/ribs/right/posterior/round,Lung Opacity,False,Lung Opacity,True,,Granuloma,1479_IM-0311-1001.dcm.png
1480,reference_corpus,normal,,True,No Finding,True,,,1480_IM-0311-1001.dcm.png
1481,reference_corpus,normal,,True,No Finding,True,,,1481_IM-0312-3001.dcm.png
1482,reference_corpus,normal,,True,No Finding,True,,,1482_IM-0313-1001.dcm.png
1483,reference_corpus,"Diaphragmatic Eventration/right;Aorta, Thoracic/tortuous",,False,,False,,"Aorta, Thoracic;Diaphragmatic Eventration",1483_IM-0313-1001.dcm.png
1485,reference_corpus,"Opacity/lung/base/bilateral;Cicatrix/lung/base/bilateral;Pulmonary Atelectasis/base/bilateral;Osteophyte/thoracic vertebrae/multiple;Calcified Granuloma/lung/hilum/right;Density/costophrenic angle/sulcus/right;Fractures, Bone/ribs/left/healed",Lung Opacity;Atelectasis;Fracture,False,Lung Opacity;Atelectasis;Fracture,True,Density,Calcified Granuloma;Cicatrix;Osteophyte,1485_IM-0313-1001.dcm.png
1488,reference_corpus,normal,,True,No Finding,True,,,1488_IM-0315-1001.dcm.png
1489,reference_corpus,normal,,True,No Finding,True,,,1489_IM-0315-1001.dcm.png
1493,reference_corpus,Diaphragm/left/elevated;Foreign Bodies/thorax/left;Nodule/lung/middle lobe/right,Lung Lesion,False,Lung Lesion,True,,Diaphragm;Foreign Bodies,1493_IM-0318-1001.dcm.png
1496,reference_corpus,Cardiomegaly;Opacity/pleural sinus/bilateral,Cardiomegaly;Lung Opacity,False,Cardiomegaly;Lung Opacity,True,,,1496_IM-0320-1001.dcm.png
1497,reference_corpus,Opacity/lung/lingula;Deformity/thoracic vertebrae/mild,Lung Opacity,False,Lung Opacity,True,,Deformity,1497_IM-0321-1001.dcm.png
1498,reference_corpus,Aorta/tortuous;Deformity/clavicle/left/chronic,,False,,False,,Aorta;Deformity,1498_IM-0322-2001.dcm.png
1499,reference_corpus,Lung/hypoinflation,,False,,False,,Lung,1499_IM-0323-1001.dcm.png
1500,reference_corpus,Calcinosis/aorta;Granuloma/lung/lingula;Spondylosis/thoracic vertebrae;Nodule/lung/lingula,Lung Lesion,False,Lung Lesion,True,,Calcinosis;Granuloma;Spondylosis,1500_IM-0326-9001.dcm.png
1501,reference_corpus,Diaphragm/right/elevated;Consolidation/lung/base/right;Pulmonary Atelectasis/base/right;Airspace Disease/lung/lower lobe/right,Lung Opacity;Consolidation;Atelectasis,False,Lung Opacity;Consolidation;Atelectasis,True,,Diaphragm,1501_IM-0327-1001.dcm.png
1504,reference_corpus,normal,,True,No Finding,True,,,1504_IM-0330-1001.dcm.png
1506,reference_corpus,"Catheters, Indwelling/left;Pulmonary Congestion/mild;Thickening/bronchovascular;Pulmonary Edema",Edema;Support Devices,False,Edema;Support Devices,True,Pulmonary Congestion;Thickening,,1506_IM-0330-1001.dcm.png
1508,reference_corpus,No Indexing,,False,,False,,,1508_IM-0330-1001.dcm.png
1509,reference_corpus,normal,,True,No Finding,True,,,1509_IM-0331-1001.dcm.png
1511,reference_corpus,normal,,True,No Finding,True,,,1511_IM-0331-1001.dcm.png
1512,reference_corpus,normal,,True,No Finding,True,,,1512_IM-0332-2002.dcm.png
1514,reference_corpus,Opacity/lung/lingula;Pulmonary Atelectasis/lingula;Cicatrix/lung/lingula,Lung Opacity;Atelectasis,False,Lung Opacity;Atelectasis,True,,Cicatrix,1514_IM-0333-1001.dcm.png
1515,reference_corpus,normal,,True,No Finding,True,,,1515_IM-0333-1001.dcm.png
1516,reference_corpus,normal,,True,No Finding,True,,,1516_IM-0334-1001.dcm.png
1517,reference_corpus,normal,,True,No Finding,True,,,1517_IM-0335-1001.dcm.png
1519,reference_corpus,Lung/hypoinflation/mild;Diaphragm/right/elevated;Markings/lung/base/bronchovascular/mild,,False,,False,,Diaphragm;Lung;Markings,1519_IM-0335-4004.dcm.png
1520,reference_corpus,normal,,True,No Finding,True,,,1520_IM-0336-1002001.dcm.png
1521,reference_corpus,normal,,True,No Finding,True,,,1521_IM-0337-1001.dcm.png
1522,reference_corpus,normal,,True,No Finding,True,,,1522_IM-0338-0001-0002.dcm.png
1523,reference_corpus,normal,,True,No Finding,True,,,1523_IM-0339-1001.dcm.png
1524,reference_corpus,Aorta/tortuous;Granulomatous Disease;Spine/degenerative,,False,,False,,Aorta;Granulomatous Disease;Spine,1524_IM-0339-1001.dcm.png
1526,reference_corpus,Technical Quality of Image Unsatisfactory ,,False,,False,,Technical Quality of Image Unsatisfactory,1526_IM-0341-1001.dcm.png
1527,reference_corpus,Pulmonary Emphysema;Atherosclerosis/aorta;Lung/hyperdistention;Diaphragm/flattened;Spine/degenerative,,False,,False,,Atherosclerosis;Diaphragm;Lung;Pulmonary Emphysema;Spine,1527_IM-0341-1001-0002.dcm.png
1528,reference_corpus,Implanted Medical Device,Support Devices,False,Support Devices,True,,,1528_IM-0341-1001.dcm.png
1532,reference_corpus,normal,,True,No Finding,True,,,1532_IM-0344-1001.dcm.png
1534,reference_corpus,"Atherosclerosis/aorta;Lung/hyperdistention;Density/lung/middle lobe/right;Density/lung/hilum/right;Opacity/lung/base/bilateral/streaky;Opacity/lung/upper lobe/left/round;Fractures, Bone/thoracic vertebrae",Lung Opacity;Fracture,False,Lung Opacity;Fracture,True,Density,Atherosclerosis;Lung,1534_IM-0345-4004.dcm.png
1535,reference_corpus,normal,,True,No Finding,True,,,1535_IM-0346-1001.dcm.png
1538,reference_corpus,"Heart Ventricles/left/prominent;Aorta, Thoracic/tortuous",,False,,False,,"Aorta, Thoracic;Heart Ventricles",1538_IM-0348-1001.dcm.png
1539,reference_corpus,normal,,True,No Finding,True,,,1539_IM-0349-1001.dcm.png
1540,reference_corpus,normal,,True,No Finding,True,,,1540_IM-0351-1001.dcm.png
1541,reference_corpus,Cardiomegaly/borderline;Pulmonary Congestion;Pulmonary Atelectasis/base;Pleural Effusion/posterior,Cardiomegaly;Atelectasis;Pleural Effusion,False,Cardiomegaly;Atelectasis;Pleural Effusion,True,Pulmonary Congestion,,1541_IM-0352-1001.dcm.png
1542,reference_corpus,Atherosclerosis/aorta;Opacity/lung/base/bilateral;Cicatrix/lung/base/bilateral;Pulmonary Atelectasis/base/bilateral,Lung Opacity;Atelectasis,False,Lung Opacity;Atelectasis,True,,Atherosclerosis;Cicatrix,1542_IM-0352-1001.dcm.png
1544,reference_corpus,normal,,True,No Finding,True,,,1544_IM-0354-1001.dcm.png
1548,reference_corpus,Osteophyte/thoracic vertebrae/multiple/small,,False,,False,,Osteophyte,1548_IM-0357-1001.dcm.png
1549,reference_corpus,normal,,True,No Finding,True,,,1549_IM-0357-1001.dcm.png
1550,reference_corpus,normal,,True,No Finding,True,,,1550_IM-0359-1001.dcm.png
1551,reference_corpus,normal,,True,No Finding,True,,,1551_IM-0359-1001.dcm.png
1552,reference_corpus,Lung/hypoinflation;Pulmonary Atelectasis/lingula/mild,Atelectasis,False,Atelectasis,True,,Lung,1552_IM-0360-1001.dcm.png
1553,reference_corpus,Osteophyte/spine/multiple,,False,,False,,Osteophyte,1553_IM-0360-1001.dcm.png
1554,reference_corpus,Thoracic Vertebrae/degenerative/multiple,,False,,False,,Thoracic Vertebrae,1554_IM-0361-1001.dcm.png
1555,reference_corpus,Diaphragm/right/elevated;Pneumonectomy/lung/upper lobe/right ,,False,,False,,Diaphragm;Pneumonectomy,1555_IM-0362-1001.dcm.png
1557,reference_corpus,Cardiac Shadow/enlarged/mild;Opacity/lung;Costophrenic Angle/bilateral/blunted;Thickening/pleura/upper lobe/right;Pleural Effusion/upper lobe/right;Opacity/lung/hilum/right;Pulmonary Atelectasis/base/bilateral/mild;Infiltrate/lung/base/bilateral/mild;Pleural Effusion/bilateral/small,Cardiomegaly;Lung Opacity;Atelectasis;Pleural Effusion;Pleural Other,False,Cardiomegaly;Lung Opacity;Atelectasis;Pleural Effusion;Pleural Other,True,,Costophrenic Angle,1557_IM-0364-4004.dcm.png
1559,reference_corpus,Surgical Instruments/lung/hilum/right;Volume Loss/lung/right;Density/lung/lower lobe/left,Support Devices,False,Support Devices,True,Density,Volume Loss,1559_IM-0365-2001.dcm.png
1560,reference_corpus,normal,,True,No Finding,True,,,1560_IM-0366-1001.dcm.png
1561,reference_corpus,normal,,True,No Finding,True,,,1561_IM-0367-1001.dcm.png
1562,reference_corpus,Lung/hypoinflation,,False,,False,,Lung,1562_IM-0367-1001.dcm.png
1565,reference_corpus,Pulmonary Atelectasis/base/mild;Density/lung/base/bilateral,Atelectasis,False,Atelectasis,True,Density,,1565_IM-0368-1001.dcm.png
1568,reference_corpus,Lung/hypoinflation,,False,,False,,Lung,1568_IM-0371-1001.dcm.png
1569,reference_corpus,Arthritis,,False,,False,,Arthritis,1569_IM-0372-1001.dcm.png
1570,reference_corpus,Technical Quality of Image Unsatisfactory ;Thoracic Vertebrae/degenerative/mild,,False,,False,,Technical Quality of Image Unsatisfactory;Thoracic Vertebrae,1570_IM-0372-1001.dcm.png
1573,reference_corpus,normal,,True,No Finding,True,,,1573_IM-0374-1001.dcm.png
1574,reference_corpus,normal,,True,No Finding,True,,,1574_IM-0374-1001.dcm.png
1575,reference_corpus,Calcified Granuloma/lung/left;Calcified Granuloma/lung/hilum/left,,False,,False,,Calcified Granuloma,1575_IM-0374-1001.dcm.png
1576,reference_corpus,"Hernia, Hiatal/large;Fractures, Bone/thoracic vertebrae;Scoliosis/thoracic vertebrae;Scoliosis/lumbar vertebrae",Fracture,False,Fracture,True,,"Hernia, Hiatal;Scoliosis",1576_IM-0375-1001.dcm.png
1578,reference_corpus,Lung/hypoinflation;Markings/bronchovascular;Surgical Instruments/abdomen/right,Support Devices,False,Support Devices,True,,Lung;Markings,1578_IM-0376-5001.dcm.png
1579,reference_corpus,normal,,True,No Finding,True,,,1579_IM-0376-1001.dcm.png
1580,reference_corpus,Lung/hyperdistention/mild;Spine/degenerative/diffuse,,False,,False,,Lung;Spine,1580_IM-0378-1001.dcm.png
1583,reference_corpus,Scoliosis/mild,,False,,False,,Scoliosis,1583_IM-0378-1001.dcm.png
1585,reference_corpus,Surgical Instruments/mediastinum,Support Devices,False,Support Devices,True,,,1585_IM-0380-1001.dcm.png
1586,reference_corpus,Deformity/thoracic vertebrae/multiple,,False,,False,,Deformity,1586_IM-0380-1001.dcm.png
1587,reference_corpus,normal,,True,No Finding,True,,,1587_IM-0381-1002001.dcm.png
1588,reference_corpus,normal,,True,No Finding,True,,,1588_IM-0382-1001.dcm.png
1589,reference_corpus,Lung/hyperdistention;Markings/lung/interstitial/mild;Calcinosis/lung/hilum/lymph nodes/right;Shoulder/right/degenerative,,False,,False,,Calcinosis;Lung;Markings;Shoulder,1589_IM-0382-1001.dcm.png
1590,reference_corpus,normal,,True,No Finding,True,,,1590_IM-0383-4001.dcm.png
1591,reference_corpus,Lung/hypoinflation;Pulmonary Atelectasis/base/bilateral;Markings/bronchovascular;Thoracic Vertebrae/degenerative,Atelectasis,False,Atelectasis,True,,Lung;Markings;Thoracic Vertebrae,1591_IM-0384-13013.dcm.png
1592,reference_corpus,Cardiomegaly/borderline;Opacity/lung/interstitial/diffuse;Granulomatous Disease/chronic;Density/round,Cardiomegaly;Lung Opacity,False,Cardiomegaly;Lung Opacity,True,Density,Granulomatous Disease,1592_IM-0385-1001.dcm.png
1593,reference_corpus,Pleural Effusion/right/moderate;Pulmonary Atelectasis/lower lobe/right;Atherosclerosis/aorta,Atelectasis;Pleural Effusion,False,Atelectasis;Pleural Effusion,True,,Atherosclerosis,1593_IM-0385-1001.dcm.png
1594,reference_corpus,normal,,True,No Finding,True,,,1594_IM-0385-1001.dcm.png
1596,reference_corpus,Calcified Granuloma/lung/lingula,,False,,False,,Calcified Granuloma,1596_IM-0387-1001.dcm.png
1597,reference_corpus,normal,,True,No Finding,True,,,1597_IM-0388-1001.dcm.png
1598,reference_corpus,normal,,True,No Finding,True,,,1598_IM-0389-1001.dcm.png
1599,reference_corpus,Atherosclerosis/aorta;Osteophyte/thoracic vertebrae/multiple,,False,,False,,Atherosclerosis;Osteophyte,1599_IM-0389-1001.dcm.png
1601,reference_corpus,normal,,True,No Finding,True,,,1601_IM-0390-1001.dcm.png
1602,reference_corpus,normal,,True,No Finding,True,,,1602_IM-0390-1001.dcm.png
1603,reference_corpus,normal,,True,No Finding,True,,,1603_IM-0391-1001.dcm.png
1604,reference_corpus,Deformity/thoracic vertebrae/right/mild,,False,,False,,Deformity,1604_IM-0392-1001.dcm.png
1605,reference_corpus,normal,,True,No Finding,True,,,1605_IM-0393-3001.dcm.png
1606,reference_corpus,normal,,True,No Finding,True,,,
1607,reference_corpus,Foreign Bodies/clavicle/left,,False,,False,,Foreign Bodies,
1608,reference_corpus,normal,,True,No Finding,True,,,1608_IM-0394-1001.dcm.png
1609,reference_corpus,Calcinosis/lymph nodes/bilateral;Pulmonary Atelectasis/left/retrocardiac/focal,Atelectasis,False,Atelectasis,True,,Calcinosis,1609_IM-0394-1001.dcm.png
1610,reference_corpus,No Indexing,,False,,False,,,1610_IM-0395-2001.dcm.png
1612,reference_corpus,"Cardiomegaly/mild;Aorta, Thoracic/tortuous;Atherosclerosis/aorta, thoracic;Thoracic Vertebrae/degenerative",Cardiomegaly,False,Cardiomegaly,True,,"Aorta, Thoracic;Atherosclerosis;Thoracic Vertebrae",1612_IM-0397-1001.dcm.png
1614,reference_corpus,Cardiomegaly/borderline;Aorta/tortuous;Lung/hilum/prominent;Opacity/lung/middle lobe/right/patchy,Cardiomegaly;Lung Opacity,False,Cardiomegaly;Lung Opacity,True,,Aorta;Lung,1614_IM-0397-1001.dcm.png
1617,reference_corpus,"Calcinosis/aorta, thoracic;Aorta, Thoracic/tortuous;Emphysema;Cicatrix/lung/apex/mild;Spondylosis/thoracic vertebrae",,False,,False,,"Aorta, Thoracic;Calcinosis;Cicatrix;Emphysema;Spondylosis",1617_IM-0399-1001.dcm.png
1618,reference_corpus,normal,,True,No Finding,True,,,1618_IM-0399-1001.dcm.png
1619,reference_corpus,"Lung/hypoinflation/mild;Surgical Instruments;Fractures, Bone/sternum",Fracture;Support Devices,False,Fracture;Support Devices,True,,Lung,1619_IM-0400-1001.dcm.png
1620,reference_corpus,normal,,True,No Finding,True,,,1620_IM-0402-1001.dcm.png
1621,reference_corpus,Calcified Granuloma/lung/lower lobe/right,,False,,False,,Calcified Granuloma,1621_IM-0403-1001.dcm.png
1624,reference_corpus,Cardiomegaly/mild;Calcinosis/mediastinum,Cardiomegaly,False,Cardiomegaly,True,,Calcinosis,1624_IM-0406-1001.dcm.png
1625,reference_corpus,Atherosclerosis/aorta,,False,,False,,Atherosclerosis,1625_IM-0406-1002.dcm.png
1626,reference_corpus,Nodule/lung/bilateral/multiple;Nodule/lung/lower lobe/left,Lung Lesion,False,Lung Lesion,True,,,1626_IM-0407-1001.dcm.png
1627,reference_corpus,normal,,True,No Finding,True,,,1627_IM-0408-1001.dcm.png
1630,reference_corpus,Nodule/lung/upper lobe/right,Lung Lesion,False,Lung Lesion,True,,,1630_IM-0411-1001.dcm.png
1632,reference_corpus,normal,,True,No Finding,True,,,1632_IM-0413-2001.dcm.png
1634,reference_corpus,"Calcified Granuloma/multiple;Calcinosis/lung/hilum;Lung/hyperdistention;Calcinosis/aorta;Thoracic Vertebrae/degenerative;Pulmonary Disease, Chronic Obstructive",,False,,False,,"Calcified Granuloma;Calcinosis;Lung;Pulmonary Disease, Chronic Obstructive;Thoracic Vertebrae",1634_IM-0414-2002.dcm.png
1635,reference_corpus,Calcified Granuloma/lung/base/right;Opacity/lung/base/bilateral/multiple;Cicatrix/lung/base/bilateral;Pulmonary Atelectasis/base/bilateral;Granulomatous Disease,Lung Opacity;Atelectasis,False,Lung Opacity;Atelectasis,True,,Calcified Granuloma;Cicatrix;Granulomatous Disease,1635_IM-0415-1001.dcm.png
1636,reference_corpus,normal,,True,No Finding,True,,,1636_IM-0415-1001.dcm.png
1637,reference_corpus,Thoracic Vertebrae/degenerative/mild;Cardiomegaly,Cardiomegaly,False,Cardiomegaly,True,,Thoracic Vertebrae,1637_IM-0416-1001.dcm.png
1638,reference_corpus,Technical Quality of Image Unsatisfactory ;Cardiomegaly;Pulmonary Congestion;Markings/lung/interstitial,Cardiomegaly,False,Cardiomegaly,True,Pulmonary Congestion,Markings;Technical Quality of Image Unsatisfactory,1638_IM-0417-1001.dcm.png
1640,reference_corpus,Nodule/lung/upper lobe/right/small,Lung Lesion,False,Lung Lesion,True,,,1640_IM-0420-1001.dcm.png
1641,reference_corpus,Airspace Disease/lung/lower lobe/left,Lung Opacity,False,Lung Opacity,True,,,1641_IM-0420-1001.dcm.png
1642,reference_corpus,Thoracic Vertebrae/degenerative,,False,,False,,Thoracic Vertebrae,1642_IM-0421-2001.dcm.png
1643,reference_corpus,normal,,True,No Finding,True,,,1643_IM-0421-1001.dcm.png
1644,reference_corpus,Calcinosis/lymph nodes;Spine/degenerative,,False,,False,,Calcinosis;Spine,
1646,reference_corpus,normal,,True,No Finding,True,,,1646_IM-0423-1001.dcm.png
1650,reference_corpus,No Indexing,,False,,False,,,1650_IM-0427-1001.dcm.png
1652,reference_corpus,Scoliosis/thoracic vertebrae/right,,False,,False,,Scoliosis,1652_IM-0428-1001.dcm.png
1653,reference_corpus,Implanted Medical Device/left,Support Devices,False,Support Devices,True,,,
1654,reference_corpus,Aorta/tortuous;Atherosclerosis/aorta;Lung/hypoinflation;Opacity/lung/base/bilateral/mild;Pulmonary Atelectasis/base/bilateral/mild,Lung Opacity;Atelectasis,False,Lung Opacity;Atelectasis,True,,Aorta;Atherosclerosis;Lung,1654_IM-0430-1001.dcm.png
1656,reference_corpus,normal,,True,No Finding,True,,,1656_IM-0431-1001.dcm.png
1657,reference_corpus,normal,,True,No Finding,True,,,1657_IM-0432-2002.dcm.png
1658,reference_corpus,Thoracic Vertebrae/degenerative/mild,,False,,False,,Thoracic Vertebrae,
1659,reference_corpus,normal,,True,No Finding,True,,,1659_IM-0434-1001.dcm.png
1660,reference_corpus,Lung/hypoinflation,,False,,False,,Lung,1660_IM-0436-1001.dcm.png
1663,reference_corpus,normal,,True,No Finding,True,,,1663_IM-0439-1001.dcm.png
1665,reference_corpus,Calcified Granuloma/lung/upper lobe/left,,False,,False,,Calcified Granuloma,1665_IM-0439-1001.dcm.png
1666,reference_corpus,Cardiac Shadow/enlarged/mild;Opacity/lung/bilateral/scattered;Opacity/lung/middle lobe/right/scattered;Pulmonary Atelectasis/middle lobe/right;Spine/degenerative/diffuse;Cardiomegaly;Pericardial Effusion,Cardiomegaly;Lung Opacity;Atelectasis,False,Cardiomegaly;Lung Opacity;Atelectasis,True,,Pericardial Effusion;Spine,1666_IM-0440-0001-0001.dcm.png
1667,reference_corpus,Thickening/pleura;Deformity/ribs/right/posterior,Pleural Other,False,Pleural Other,True,,Deformity,1667_IM-0441-1001.dcm.png
1668,reference_corpus,Nodule/lung/lower lobe/right/anterior;Opacity/round/multiple;Granulomatous Disease/chronic;Foreign Bodies/breast/right,Lung Opacity;Lung Lesion,False,Lung Opacity;Lung Lesion,True,,Foreign Bodies;Granulomatous Disease,1668_IM-0441-1001.dcm.png
1670,reference_corpus,"Catheters, Indwelling",Support Devices,False,Support Devices,True,,,1670_IM-0441-1001.dcm.png
1671,reference_corpus,normal,,True,No Finding,True,,,1671_IM-0442-1001.dcm.png
1673,reference_corpus,Lung/hyperdistention,,False,,False,,Lung,1673_IM-0444-1001.dcm.png
1674,reference_corpus,normal,,True,No Finding,True,,,1674_IM-0445-1001.dcm.png
1675,reference_corpus,Lung/hypoinflation,,False,,False,,Lung,1675_IM-0445-1001.dcm.png
1678,reference_corpus,"Catheters, Indwelling/right;Diaphragm/right/elevated;Pleural Effusion/right;Opacity/lung/upper lobe/right;Airspace Disease/lung/base;Catheters, Indwelling/abdomen/right",Lung Opacity;Pleural Effusion;Support Devices,False,Lung Opacity;Pleural Effusion;Support Devices,True,,Diaphragm,1678_IM-0447-0001-0001.dcm.png
1679,reference_corpus,normal,,True,No Finding,True,,,1679_IM-0448-1001.dcm.png
1680,reference_corpus,Calcinosis/lung/hilum/lymph nodes/left,,False,,False,,Calcinosis,1680_IM-0448-1001.dcm.png
1681,reference_corpus,normal,,True,No Finding,True,,,1681_IM-0448-1001.dcm.png
1683,reference_corpus,"Lung/hypoinflation;Lung/hilum/lymph nodes/bilateral/enlarged;Mediastinum/lymph nodes/enlarged;Trachea, Carina/lymph nodes/enlarged;Cardiac Shadow/enlarged/prominent;Deformity/clavicle/left;Sarcoidosis",Cardiomegaly,False,Cardiomegaly,True,Mediastinum,"Deformity;Lung;Sarcoidosis;Trachea, Carina",1683_IM-0449-1001.dcm.png
1684,reference_corpus,normal,,True,No Finding,True,,,1684_IM-0449-1001.dcm.png
1685,reference_corpus,Lung/hyperdistention;Diaphragm/posterior/flattened/mild,,False,,False,,Diaphragm;Lung,1685_IM-0449-1001.dcm.png
1686,reference_corpus,Calcinosis/aorta/lymph nodes;Calcinosis/pulmonary artery/lymph nodes,,False,,False,,Calcinosis,1686_IM-0450-1001.dcm.png
1687,reference_corpus,"Tube, Inserted",Support Devices,False,Support Devices,True,,,1687_IM-0450-1001.dcm.png
1689,reference_corpus,normal,,True,No Finding,True,,,1689_IM-0451-1001.dcm.png
1691,reference_corpus,"Lung/hypoinflation;Airspace Disease/lung/base/left/streaky;Pneumothorax/left;Fractures, Bone/ribs/left",Lung Opacity;Pneumothorax;Fracture,False,Lung Opacity;Pneumothorax;Fracture,True,,Lung,1691_IM-0453-4001.dcm.png
1693,reference_corpus,Lung/hypoinflation;Cicatrix/lung/base/left/chronic/mild,,False,,False,,Cicatrix;Lung,1693_IM-0454-1001.dcm.png
1695,reference_corpus,Calcified Granuloma/lung/base/left,,False,,False,,Calcified Granuloma,1695_IM-0456-1002001.dcm.png
1696,reference_corpus,normal,,True,No Finding,True,,,1696_IM-0457-4004.dcm.png
1698,reference_corpus,normal,,True,No Finding,True,,,1698_IM-0458-1001.dcm.png
1699,reference_corpus,"Consolidation/lung/lower lobe/left/focal;Pneumonia/lower lobe/left;Pleural Effusion/left/small;Aorta, Thoracic/tortuous;Implanted Medical Device",Consolidation;Pneumonia;Pleural Effusion;Support Devices,False,Consolidation;Pneumonia;Pleural Effusion;Support Devices,True,,"Aorta, Thoracic",
1700,reference_corpus,Density/thorax/left,,False,,False,Density,,1700_IM-0462-1001.dcm.png
1701,reference_corpus,normal,,True,No Finding,True,,,1701_IM-0462-1001.dcm.png
1702,reference_corpus,Cardiomegaly/borderline,Cardiomegaly,False,Cardiomegaly,True,,,1702_IM-0463-1001.dcm.png
1704,reference_corpus,"Costophrenic Angle/left/blunted;Pleural Effusion/left/large;Opacity/lung/base/left;Pulmonary Atelectasis/base/right/mild;Catheters, Indwelling/bilateral;Pulmonary Atelectasis/left;Airspace Disease/lung/left",Lung Opacity;Atelectasis;Pleural Effusion;Support Devices,False,Lung Opacity;Atelectasis;Pleural Effusion;Support Devices,True,,Costophrenic Angle,1704_IM-0464-1001.dcm.png
1706,reference_corpus,Lung/hypoinflation,,False,,False,,Lung,1706_IM-0466-1001.dcm.png
1708,reference_corpus,Calcinosis/lung/hilum/lymph nodes/left,,False,,False,,Calcinosis,1708_IM-0466-1001.dcm.png
1709,reference_corpus,Opacity/lung/base/bilateral/mild,Lung Opacity,False,Lung Opacity,True,,,1709_IM-0467-1001.dcm.png
1710,reference_corpus,normal,,True,No Finding,True,,,1710_IM-0469-1001.dcm.png
1711,reference_corpus,Diaphragmatic Eventration/left,,False,,False,,Diaphragmatic Eventration,1711_IM-0469-4001.dcm.png
1712,reference_corpus,Thickening/lung/lower lobe/bronchi/bilateral;Bronchitis/lower lobe/bilateral,,False,,False,Thickening,Bronchitis,1712_IM-0470-3001.dcm.png
1713,reference_corpus,normal,,True,No Finding,True,,,1713_IM-0471-4004.dcm.png
1715,reference_corpus,Nodule/lung/lower lobe/right,Lung Lesion,False,Lung Lesion,True,,,
1716,reference_corpus,normal,,True,No Finding,True,,,1716_IM-0473-1001.dcm.png
1717,reference_corpus,Granulomatous Disease;Spondylosis/thoracic vertebrae,,False,,False,,Granulomatous Disease;Spondylosis,1717_IM-0473-1001.dcm.png
1718,reference_corpus,Opacity/lung/interstitial/reticular/mild,Lung Opacity,False,Lung Opacity,True,,,
1719,reference_corpus,normal,,True,No Finding,True,,,1719_IM-0474-1001.dcm.png
1722,reference_corpus,Lung/hyperdistention;Density/ribs/bilateral/posterior/round;Nipple Shadow/ribs/bilateral/posterior,,False,,False,Density,Lung;Nipple Shadow,1722_IM-0476-1001.dcm.png
1723,reference_corpus,Calcinosis/mediastinum/lymph nodes;Calcinosis/lung/hilum/lymph nodes/right,,False,,False,,Calcinosis,1723_IM-0477-1001.dcm.png
1724,reference_corpus,"Lung/hyperdistention/mild;Lucency/lung/upper lobe/bilateral;Lung, Hyperlucent/upper lobe/bilateral;Emphysema",,False,,False,,"Emphysema;Lucency;Lung;Lung, Hyperlucent",1724_IM-0478-1001.dcm.png
1727,reference_corpus,"Catheters, Indwelling/right;Opacity/lung/base/left;Opacity/lung/lingula;Lung/hypoinflation;Thoracic Vertebrae/degenerative;Pulmonary Atelectasis/base/left;Cicatrix/lung/base/left",Lung Opacity;Atelectasis;Support Devices,False,Lung Opacity;Atelectasis;Support Devices,True,,Cicatrix;Lung;Thoracic Vertebrae,1727_IM-0479-1001.dcm.png
1728,reference_corpus,Opacity/lung/upper lobe/right/focal;Pneumonia/upper lobe/right,Lung Opacity;Pneumonia,False,Lung Opacity;Pneumonia,True,,,1728_IM-0479-1001.dcm.png
1729,reference_corpus,Emphysema/bilateral/chronic/severe,,False,,False,,Emphysema,1729_IM-0480-1001.dcm.png
1730,reference_corpus,Thoracic Vertebrae/degenerative/mild,,False,,False,,Thoracic Vertebrae,1730_IM-0481-1001.dcm.png
1732,reference_corpus,normal,,True,No Finding,True,,,1732_IM-0482-1001.dcm.png
1733,reference_corpus,Lung/obscured;Opacity/lung/base/left;Pleural Effusion/left;Pulmonary Atelectasis/base/left;Technical Quality of Image Unsatisfactory ,Lung Opacity;Atelectasis;Pleural Effusion,False,Lung Opacity;Atelectasis;Pleural Effusion,True,,Lung;Technical Quality of Image Unsatisfactory,1733_IM-0483-0001-0001.dcm.png
1734,reference_corpus,normal,,True,No Finding,True,,,1734_IM-0484-1001.dcm.png
1738,reference_corpus,Aorta/tortuous/mild,,False,,False,,Aorta,1738_IM-0486-1001.dcm.png
1740,reference_corpus,Opacity/lung/middle lobe/right;Opacity/lung/base/right/patchy;Consolidation/lung/upper lobe/right,Lung Opacity;Consolidation,False,Lung Opacity;Consolidation,True,,,1740_IM-0488-1001.dcm.png
1742,reference_corpus,Cardiomegaly/mild;Scoliosis,Cardiomegaly,False,Cardiomegaly,True,,Scoliosis,1742_IM-0489-1001.dcm.png
1743,reference_corpus,Cardiomegaly;Markings/bronchovascular;Technical Quality of Image Unsatisfactory ,Cardiomegaly,False,Cardiomegaly,True,,Markings;Technical Quality of Image Unsatisfactory,1743_IM-0489-4004.dcm.png
1744,reference_corpus,normal,,True,No Finding,True,,,1744_IM-0489-2001.dcm.png
1745,reference_corpus,normal,,True,No Finding,True,,,1745_IM-0489-4004.dcm.png
1746,reference_corpus,normal,,True,No Finding,True,,,1746_IM-0489-1001.dcm.png
1750,reference_corpus,"Calcinosis/aorta, thoracic;Lung/hyperdistention;Diaphragm/bilateral/flattened;Opacity/lung/base/left/streaky;Cicatrix/lung/base/left;Kyphosis/thoracic vertebrae/severe;Calcified Granuloma/lung/bilateral/scattered;Emphysema/chronic",Lung Opacity,False,Lung Opacity,True,,Calcified Granuloma;Calcinosis;Cicatrix;Diaphragm;Emphysema;Kyphosis;Lung,1750_IM-0493-1001.dcm.png
1752,reference_corpus,Opacity/lung/hilum/right;Nodule/lung/upper lobe/hilum/right,Lung Opacity;Lung Lesion,False,Lung Opacity;Lung Lesion,True,,,1752_IM-0494-1001.dcm.png
1754,reference_corpus,Opacity/lung/lower lobe/bilateral/interstitial,Lung Opacity,False,Lung Opacity,True,,,1754_IM-0494-1001.dcm.png
1755,reference_corpus,Diaphragm/right/elevated/mild;Markings/lung/base/right;Calcinosis/mediastinum;Nodule/lung/hilum/left,Lung Lesion,False,Lung Lesion,True,,Calcinosis;Diaphragm;Markings,1755_IM-0494-1001.dcm.png
1757,reference_corpus,normal,,True,No Finding,True,,,1757_IM-0495-1001.dcm.png
1758,reference_corpus,Mediastinum/prominent/mild;Lucency/mediastinum/mild;Lung/hypoinflation;Adipose Tissue/mediastinum,,False,,False,Mediastinum,Adipose Tissue;Lucency;Lung,1758_IM-0495-1001.dcm.png
1759,reference_corpus,Lung/hyperdistention;Density/ribs/right/round/multiple;Emphysema,,False,,False,Density,Emphysema;Lung,1759_IM-0495-1001.dcm.png
1760,reference_corpus,Cardiomegaly/mild;Pulmonary Atelectasis/lingula/small,Cardiomegaly;Atelectasis,False,Cardiomegaly;Atelectasis,True,,,1760_IM-0497-1001.dcm.png
1762,reference_corpus,Calcinosis/lymph nodes/right/paratracheal;Calcified Granuloma/lung/upper lobe/right,,False,,False,,Calcified Granuloma;Calcinosis,1762_IM-0497-1001.dcm.png
1763,reference_corpus,Lung/hyperdistention,,False,,False,,Lung,1763_IM-0497-1001.dcm.png
1765,reference_corpus,Calcinosis/lung/lower lobe/left/round;Density/lung/lower lobe/left/round;Granuloma/lung/lower lobe/left/round,,False,,False,Density,Calcinosis;Granuloma,1765_IM-0499-1001.dcm.png
1767,reference_corpus,Calcified Granuloma/lung/lower lobe/right,,False,,False,,Calcified Granuloma,1767_IM-0501-0001-0002.dcm.png
1768,reference_corpus,Cicatrix/lung/apex/bilateral/mild;Scoliosis/right,,False,,False,,Cicatrix;Scoliosis,1768_IM-0502-12012.dcm.png
1769,reference_corpus,Consolidation/lung/lower lobe/left;Pulmonary Atelectasis/lower lobe/left;Infiltrate/lung/lower lobe/right/interstitial/patchy;Costophrenic Angle/bilateral/blunted;Airspace Disease/lung/base/bilateral;Pleural Effusion/bilateral,Lung Opacity;Consolidation;Atelectasis;Pleural Effusion,False,Lung Opacity;Consolidation;Atelectasis;Pleural Effusion,True,,Costophrenic Angle,1769_IM-0503-1001.dcm.png
1771,reference_corpus,No Indexing,,False,,False,,,1771_IM-0505-1001.dcm.png
1773,reference_corpus,Implanted Medical Device/pulmonary artery,Support Devices,False,Support Devices,True,,,1773_IM-0506-1001.dcm.png
1774,reference_corpus,No Indexing,,False,,False,,,1774_IM-0507-2001.dcm.png
1775,reference_corpus,normal,,True,No Finding,True,,,1775_IM-0508-1001.dcm.png
1776,reference_corpus,Thoracic vertebrae/degenerative/mild,,False,,False,,Thoracic vertebrae,1776_IM-0508-1001.dcm.png
1777,reference_corpus,Technical Quality of Image Unsatisfactory ;Lucency/heart ventricles/left;Opacity/lung/upper lobe/patchy;Opacity/lung/hilum/right/patchy;Kyphosis/thoracic vertebrae/severe;Pneumonia/upper lobe/right,Lung Opacity;Pneumonia,False,Lung Opacity;Pneumonia,True,,Kyphosis;Lucency;Technical Quality of Image Unsatisfactory,1777_IM-0509-1001.dcm.png
1779,reference_corpus,normal,,True,No Finding,True,,,1779_IM-0509-1001.dcm.png
1780,reference_corpus,normal,,True,No Finding,True,,,1780_IM-0509-1001.dcm.png
1781,reference_corpus,Thoracic Vertebrae/degenerative/mild,,False,,False,,Thoracic Vertebrae,1781_IM-0509-1001.dcm.png
1783,reference_corpus,Lung/hyperdistention/mild;Markings/lung/interstitial/scattered/irregular/chronic;Aorta/tortuous;Diaphragmatic Eventration/right,,False,,False,,Aorta;Diaphragmatic Eventration;Lung;Markings,1783_IM-0511-2001.dcm.png
1784,reference_corpus,Calcinosis/lymph nodes/right/paratracheal;Calcinosis/lung/hilum/lymph nodes/right,,False,,False,,Calcinosis,1784_IM-0512-1001.dcm.png
1786,reference_corpus,Foreign Bodies/breast/left,,False,,False,,Foreign Bodies,1786_IM-0512-1001.dcm.png
1788,reference_corpus,normal,,True,No Finding,True,,,1788_IM-0513-1001.dcm.png
1790,reference_corpus,normal,,True,No Finding,True,,,1790_IM-0515-1001.dcm.png
1792,reference_corpus,Opacity/lung/base/left/streaky;Costophrenic Angle/sulcus/left/blunted;Pleural Effusion/left/small;Pulmonary Atelectasis/base/left,Lung Opacity;Atelectasis;Pleural Effusion,False,Lung Opacity;Atelectasis;Pleural Effusion,True,,Costophrenic Angle,1792_IM-0515-1001.dcm.png
1794,reference_corpus,normal,,True,No Finding,True,,,1794_IM-0515-1001.dcm.png
1795,reference_corpus,Cardiomegaly/moderate;Thoracic Vertebrae/degenerative/mild,Cardiomegaly,False,Cardiomegaly,True,,Thoracic Vertebrae,1795_IM-0516-1001.dcm.png
1796,reference_corpus,normal,,True,No Finding,True,,,1796_IM-0517-1002.dcm.png
1802,reference_corpus,normal,,True,No Finding,True,,,1802_IM-0521-1001.dcm.png
1803,reference_corpus,"Aorta, Thoracic/prominent/mild;Calcinosis/aorta",,False,,False,,"Aorta, Thoracic;Calcinosis",1803_IM-0521-1001.dcm.png
1804,reference_corpus,"Catheters, Indwelling/right",Support Devices,False,Support Devices,True,,,1804_IM-0522-82050001.dcm.png
1806,reference_corpus,No Indexing,,False,,False,,,
1808,reference_corpus,Osteophyte/thoracic vertebrae/anterior/multiple,,False,,False,,Osteophyte,1808_IM-0524-1001.dcm.png
1810,reference_corpus,normal,,True,No Finding,True,,,1810_IM-0524-1001.dcm.png
1811,reference_corpus,Cardiomegaly/mild;Aorta/tortuous;Lung/hypoinflation/mild;Thoracic Vertebrae/degenerative/mild,Cardiomegaly,False,Cardiomegaly,True,,Aorta;Lung;Thoracic Vertebrae,1811_IM-0525-1001.dcm.png
1814,reference_corpus,normal,,True,No Finding,True,,,1814_IM-0527-1001.dcm.png
1815,reference_corpus,Thoracic Vertebrae/degenerative/mild,,False,,False,,Thoracic Vertebrae,1815_IM-0527-1001.dcm.png
1817,reference_corpus,"Technical Quality of Image Unsatisfactory ;Opacity/lung/bilateral/interstitial/mild;Emphysema;Calcified Granuloma/lung/base/left;Deformity/ribs/right;Fractures, Bone/ribs/right;Thoracic Vertebrae/degenerative",Lung Opacity;Fracture,False,Lung Opacity;Fracture,True,,Calcified Granuloma;Deformity;Emphysema;Technical Quality of Image Unsatisfactory;Thoracic Vertebrae,1817_IM-0529-4004.dcm.png
1818,reference_corpus,Lung/hypoinflation/severe;Markings/bronchovascular;Pulmonary Atelectasis/base/bilateral,Atelectasis,False,Atelectasis,True,,Lung;Markings,1818_IM-0530-4004.dcm.png
1822,reference_corpus,Lung/hilum/prominent,,False,,False,,Lung,1822_IM-0533-1001.dcm.png
1824,reference_corpus,normal,,True,No Finding,True,,,1824_IM-0535-1001.dcm.png
1825,reference_corpus,Scoliosis/mild,,False,,False,,Scoliosis,1825_IM-0535-1001.dcm.png
1827,reference_corpus,normal,,True,No Finding,True,,,1827_IM-0535-1001.dcm.png
1828,reference_corpus,normal,,True,No Finding,True,,,1828_IM-0536-1001.dcm.png
1830,reference_corpus,Implanted Medical Device/left;Kyphosis/thoracic vertebrae/severe;Osteophyte/thoracic vertebrae,Support Devices,False,Support Devices,True,,Kyphosis;Osteophyte,
1834,reference_corpus,normal,,True,No Finding,True,,,1834_IM-0539-1001.dcm.png
1836,reference_corpus,Atherosclerosis/aorta;Aorta/tortuous;Lung/hypoinflation/mild,,False,,False,,Aorta;Atherosclerosis;Lung,1836_IM-0540-2002.dcm.png
1839,reference_corpus,Granulomatous Disease,,False,,False,,Granulomatous Disease,1839_IM-0543-12013.dcm.png
1840,reference_corpus,Opacity/lung/hilum/left,Lung Opacity,False,Lung Opacity,True,,,1840_IM-0545-1001.dcm.png
1842,reference_corpus,Nodule/lung/middle lobe/right;Calcinosis/lung/middle lobe/right,Lung Lesion,False,Lung Lesion,True,,Calcinosis,1842_IM-0545-1001.dcm.png
1843,reference_corpus,normal,,True,No Finding,True,,,1843_IM-0546-1001.dcm.png
1844,reference_corpus,Lung/hyperdistention;Diaphragm/bilateral/flattened,,False,,False,,Diaphragm;Lung,1844_IM-0547-1001.dcm.png
1845,reference_corpus,"Catheters, Indwelling/left;Pleural Effusion/left;Fractures, Bone/ribs/left/chronic",Pleural Effusion;Fracture;Support Devices,False,Pleural Effusion;Fracture;Support Devices,True,,,1845_IM-0548-4004.dcm.png
1846,reference_corpus,Calcified Granuloma/lung/upper lobe/left,,False,,False,,Calcified Granuloma,1846_IM-0549-3001.dcm.png
1848,reference_corpus,Granulomatous Disease;Nodule/lung/bilateral/round/multiple/small;Density/lung/bilateral/round/multiple/small;Calcinosis/lung/bilateral/round/multiple/small,Lung Lesion,False,Lung Lesion,True,Density,Calcinosis;Granulomatous Disease,1848_IM-0550-1001.dcm.png
1849,reference_corpus,Calcified Granuloma/lung/base/right,,False,,False,,Calcified Granuloma,1849_IM-0550-1001.dcm.png
1850,reference_corpus,normal,,True,No Finding,True,,,
1851,reference_corpus,normal,,True,No Finding,True,,,1851_IM-0553-1001.dcm.png
1853,reference_corpus,normal,,True,No Finding,True,,,1853_IM-0555-1001.dcm.png
1854,reference_corpus,normal,,True,No Finding,True,,,1854_IM-0555-1001.dcm.png
1856,reference_corpus,normal,,True,No Finding,True,,,1856_IM-0556-1001.dcm.png
1857,reference_corpus,Cardiomegaly/mild,Cardiomegaly,False,Cardiomegaly,True,,,1857_IM-0556-4004.dcm.png
1860,reference_corpus,Scoliosis/lumbar vertebrae/left;Scoliosis/thoracic vertebrae/right;Deformity/thoracic vertebrae;Lumbar Vertebrae/degenerative/severe,,False,,False,,Deformity;Lumbar Vertebrae;Scoliosis,1860_IM-0558-1001.dcm.png
1861,reference_corpus,normal,,True,No Finding,True,,,1861_IM-0558-1001.dcm.png
1863,reference_corpus,Cardiomegaly/mild;Aorta/tortuous;Lung/hypoinflation;Markings/bronchovascular;Pulmonary Atelectasis/base/patchy;Spine/degenerative,Cardiomegaly;Atelectasis,False,Cardiomegaly;Atelectasis,True,,Aorta;Lung;Markings;Spine,1863_IM-0558-1001.dcm.png
1864,reference_corpus,Cardiomegaly/borderline;Nodule/lung/lower lobe/right;Density/lung/lower lobe/right,Cardiomegaly;Lung Lesion,False,Cardiomegaly;Lung Lesion,True,Density,,1864_IM-0558-1001.dcm.png
1865,reference_corpus,Calcified Granuloma/lung/upper lobe/right;Calcinosis/lung/hilum/lymph nodes/right,,False,,False,,Calcified Granuloma;Calcinosis,1865_IM-0558-2001.dcm.png
1867,reference_corpus,"Cardiomegaly/mild;Aorta, Thoracic/tortuous;Calcinosis/aorta, thoracic;Opacity/lung/base/bilateral/streaky/mild;Costophrenic Angle/left/blunted;Bone Diseases, Metabolic;Spine/degenerative;Deformity/humerus/right/chronic;Fractures, Bone/ribs/right/multiple/healed;Pulmonary Atelectasis/base/bilateral/mild;Cicatrix/lung/base/bilateral/mild;Pleural Effusion/left/small",Cardiomegaly;Lung Opacity;Atelectasis;Pleural Effusion;Fracture,False,Cardiomegaly;Lung Opacity;Atelectasis;Pleural Effusion;Fracture,True,,"Aorta, Thoracic;Bone Diseases, Metabolic;Calcinosis;Cicatrix;Costophrenic Angle;Deformity;Spine",1867_IM-0560-4004.dcm.png
1873,reference_corpus,Thoracic Vertebrae/degenerative,,False,,False,,Thoracic Vertebrae,1873_IM-0565-1001.dcm.png
1874,reference_corpus,"Pneumothorax/apex/right/small;Subcutaneous Emphysema/thorax/right/severe;Subcutaneous Emphysema/neck/severe;Fractures, Bone/ribs/right/anterior/multiple;Airspace Disease/lung/base/right/streaky/mild;Hernia, Hiatal/small;Catheters, Indwelling/thoracic vertebrae;Pulmonary Atelectasis/base/right;Opacity/lung/base/right",Lung Opacity;Atelectasis;Pneumothorax;Fracture;Support Devices,False,Lung Opacity;Atelectasis;Pneumothorax;Fracture;Support Devices,True,,"Hernia, Hiatal;Subcutaneous Emphysema",1874_IM-0565-1001.dcm.png
1875,reference_corpus,Aorta/tortuous/mild;Thoracic Vertebrae/degenerative,,False,,False,,Aorta;Thoracic Vertebrae,1875_IM-0566-2001.dcm.png
1876,reference_corpus,"Deformity/pleura/apex/right;Lung/hyperdistention;Diaphragm/bilateral/flattened;Pulmonary Disease, Chronic Obstructive;Thoracic Vertebrae/degenerative",,False,,False,,"Deformity;Diaphragm;Lung;Pulmonary Disease, Chronic Obstructive;Thoracic Vertebrae",1876_IM-0567-1001.dcm.png
1877,reference_corpus,normal,,True,No Finding,True,,,1877_IM-0568-1001.dcm.png
1878,reference_corpus,Calcified Granuloma,,False,,False,,Calcified Granuloma,1878_IM-0569-1001.dcm.png
1879,reference_corpus,normal,,True,No Finding,True,,,1879_IM-0569-1001.dcm.png
1880,reference_corpus,Nodule/lung/lingula;Spine/degenerative/mild,Lung Lesion,False,Lung Lesion,True,,Spine,1880_IM-0569-1001.dcm.png
1883,reference_corpus,Surgical Instruments/abdomen/right,Support Devices,False,Support Devices,True,,,1883_IM-0572-1001.dcm.png
1886,reference_corpus,Atherosclerosis/aorta;Calcified Granuloma/bilateral/multiple;Thoracic Vertebrae/degenerative,,False,,False,,Atherosclerosis;Calcified Granuloma;Thoracic Vertebrae,1886_IM-0574-1001.dcm.png
1887,reference_corpus,Atherosclerosis/aorta;Scoliosis;Arthritis;Kyphosis/thoracic vertebrae,,False,,False,,Arthritis;Atherosclerosis;Kyphosis;Scoliosis,1887_IM-0575-1001.dcm.png
1888,reference_corpus,"Fractures, Bone;Lung/hyperdistention;Spine/degenerative",Fracture,False,Fracture,True,,Lung;Spine,1888_IM-0576-4004.dcm.png
1889,reference_corpus,Diaphragm/right/elevated;Pulmonary Atelectasis/base/right;Thoracic Vertebrae/degenerative,Atelectasis,False,Atelectasis,True,,Diaphragm;Thoracic Vertebrae,1889_IM-0577-1001.dcm.png
1891,reference_corpus,No Indexing,,False,,False,,,1891_IM-0580-1001.dcm.png
1892,reference_corpus,Calcified Granuloma/lung/lower lobe/right;Osteophyte/thoracic vertebrae,,False,,False,,Calcified Granuloma;Osteophyte,1892_IM-0580-1001.dcm.png
1894,reference_corpus,Opacity/thorax/right,Lung Opacity,False,Lung Opacity,True,,,1894_IM-0581-1001.dcm.png
1895,reference_corpus,Technical Quality of Image Unsatisfactory ,,False,,False,,Technical Quality of Image Unsatisfactory,1895_IM-0581-1001.dcm.png
1896,reference_corpus,normal,,True,No Finding,True,,,1896_IM-0581-1001.dcm.png
1897,reference_corpus,"Deformity/thorax;Catheters, Indwelling/left",Support Devices,False,Support Devices,True,,Deformity,1897_IM-0581-1001.dcm.png
1898,reference_corpus,Cardiac Shadow/enlarged/severe;Markings/lung/base/bilateral/interstitial;Cardiomegaly/severe;Pulmonary Edema/base/bilateral,Cardiomegaly;Edema,False,Cardiomegaly;Edema,True,,Markings,1898_IM-0581-1001.dcm.png
1899,reference_corpus,normal,,True,No Finding,True,,,1899_IM-0582-1001.dcm.png
1900,reference_corpus,Calcinosis/aorta;Aorta/tortuous;Calcified Granuloma/lung/bilateral/scattered/multiple;Thoracic Vertebrae/degenerative/mild,,False,,False,,Aorta;Calcified Granuloma;Calcinosis;Thoracic Vertebrae,1900_IM-0584-1001.dcm.png
1901,reference_corpus,Surgical Instruments/abdomen,Support Devices,False,Support Devices,True,,,1901_IM-0585-1001.dcm.png
1902,reference_corpus,normal,,True,No Finding,True,,,1902_IM-0586-1001.dcm.png
1903,reference_corpus,normal,,True,No Finding,True,,,1903_IM-0586-1001.dcm.png
1905,reference_corpus,Cardiac Shadow/enlarged;Calcinosis/blood vessels;Granulomatous Disease;Spondylosis/thoracic vertebrae/mild,Cardiomegaly,False,Cardiomegaly,True,,Calcinosis;Granulomatous Disease;Spondylosis,1905_IM-0587-1001.dcm.png
1906,reference_corpus,Opacity/lung/base/bilateral/streaky;Cardiomegaly/mild,Cardiomegaly;Lung Opacity,False,Cardiomegaly;Lung Opacity,True,,,1906_IM-0588-4004.dcm.png
1908,reference_corpus,Opacity/lung/upper lobe/bilateral/round,Lung Opacity,False,Lung Opacity,True,,,1908_IM-0590-1001.dcm.png
1910,reference_corpus,Aorta/tortuous/mild;Sulcus/right/posterior/obscured,,False,,False,,Aorta;Sulcus,1910_IM-0592-2001.dcm.png
1911,reference_corpus,normal,,True,No Finding,True,,,1911_IM-0593-1001.dcm.png
1913,reference_corpus,Thoracic Vertebrae/degenerative/mild,,False,,False,,Thoracic Vertebrae,1913_IM-0595-1001.dcm.png
1919,reference_corpus,"Lung/hyperdistention;Lung, Hyperlucent;Diaphragm/bilateral/flattened;Pulmonary Atelectasis/base/bilateral/mild;Airspace Disease/lung/base/bilateral/mild;Pulmonary Emphysema/chronic",Lung Opacity;Atelectasis,False,Lung Opacity;Atelectasis,True,,"Diaphragm;Lung;Lung, Hyperlucent;Pulmonary Emphysema",1919_IM-0598-1001.dcm.png
1920,reference_corpus,normal,,True,No Finding,True,,,1920_IM-0598-1001.dcm.png
1921,reference_corpus,"Pulmonary Disease, Chronic Obstructive;Lung/hyperdistention/moderate;Atherosclerosis/aorta, thoracic",,False,,False,,"Atherosclerosis;Lung;Pulmonary Disease, Chronic Obstructive",1921_IM-0598-1001.dcm.png
1922,reference_corpus,normal,,True,No Finding,True,,,1922_IM-0598-1001.dcm.png
1923,reference_corpus,Lung/hyperdistention;Cardiomegaly,Cardiomegaly,False,Cardiomegaly,True,,Lung,1923_IM-0598-1001.dcm.png
1924,reference_corpus,Technical Quality of Image Unsatisfactory ;Markings/bronchovascular/mild;Markings/lung/interstitial/scattered/irregular/chronic;Calcinosis/aorta/severe;Aorta/tortuous/mild,,False,,False,,Aorta;Calcinosis;Markings;Technical Quality of Image Unsatisfactory,1924_IM-0598-4004.dcm.png
1925,reference_corpus,Lung/hilum/bilateral/prominent,,False,,False,,Lung,1925_IM-0599-1001.dcm.png
1926,reference_corpus,No Indexing,,False,,False,,,1926_IM-0600-1001.dcm.png
1927,reference_corpus,Granulomatous Disease,,False,,False,,Granulomatous Disease,1927_IM-0600-1001.dcm.png
1928,reference_corpus,normal,,True,No Finding,True,,,1928_IM-0600-1001.dcm.png
1929,reference_corpus,"Fractures, Bone/humerus/right;Deformity/humerus/right;Lung/hyperdistention;Opacity/lung/base/left;Pulmonary Atelectasis/base/left;Cicatrix/lung/base/left;Atherosclerosis/aorta/mild",Lung Opacity;Atelectasis;Fracture,False,Lung Opacity;Atelectasis;Fracture,True,,Atherosclerosis;Cicatrix;Deformity;Lung,1929_IM-0600-1001.dcm.png
1930,reference_corpus,Lung/hypoinflation/mild;Thoracic Vertebrae/degenerative/mild,,False,,False,,Lung;Thoracic Vertebrae,1930_IM-0602-1001-0002.dcm.png
1931,reference_corpus,normal,,True,No Finding,True,,,1931_IM-0602-1001.dcm.png
1932,reference_corpus,normal,,True,No Finding,True,,,1932_IM-0603-2001.dcm.png
1933,reference_corpus,Aorta/tortuous;Deformity/thoracic vertebrae/anterior,,False,,False,,Aorta;Deformity,1933_IM-0604-1001.dcm.png
1934,reference_corpus,Diaphragm/left/elevated/chronic;Aorta/tortuous;Atherosclerosis/aorta,,False,,False,,Aorta;Atherosclerosis;Diaphragm,1934_IM-0604-1001.dcm.png
1935,reference_corpus,"Cardiomegaly/borderline;Aorta/tortuous/mild;Catheters, Indwelling/right",Cardiomegaly;Support Devices,False,Cardiomegaly;Support Devices,True,,Aorta,1935_IM-0605-0001-0001.dcm.png
1936,reference_corpus,"Catheters, Indwelling/left;Scoliosis/thoracic vertebrae;Scoliosis/lumbar vertebrae;Cardiomegaly",Cardiomegaly;Support Devices,False,Cardiomegaly;Support Devices,True,,Scoliosis,1936_IM-0606-1001.dcm.png
1938,reference_corpus,normal,,True,No Finding,True,,,1938_IM-0608-1001.dcm.png
1940,reference_corpus,normal,,True,No Finding,True,,,1940_IM-0610-2002.dcm.png
1942,reference_corpus,Cardiomegaly/moderate;Implanted Medical Device;Lung/lingula/obscured,Cardiomegaly;Support Devices,False,Cardiomegaly;Support Devices,True,,Lung,
1946,reference_corpus,Medical Device,Support Devices,False,Support Devices,True,,,1946_IM-0615-1001.dcm.png
1949,reference_corpus,Pulmonary Emphysema,,False,,False,,Pulmonary Emphysema,1949_IM-0617-0001.dcm.png
1950,reference_corpus,normal,,True,No Finding,True,,,1950_IM-0618-1001.dcm.png
1951,reference_corpus,normal,,True,No Finding,True,,,1951_IM-0619-1001.dcm.png
1954,reference_corpus,normal,,True,No Finding,True,,,1954_IM-0622-1001.dcm.png
1957,reference_corpus,Pleural Effusion/left/small;Pleural Effusion/right/moderate;Opacity/lung/base/bilateral;Technical Quality of Image Unsatisfactory ,Lung Opacity;Pleural Effusion,False,Lung Opacity;Pleural Effusion,True,,Technical Quality of Image Unsatisfactory,1957_IM-0624-4004.dcm.png
1958,reference_corpus,"Lung/hyperdistention;Surgical Instruments/mediastinum;Pulmonary Disease, Chronic Obstructive",Support Devices,False,Support Devices,True,,"Lung;Pulmonary Disease, Chronic Obstructive",1958_IM-0625-1001.dcm.png
1961,reference_corpus,Cardiomegaly;Lung/hypoinflation/severe;Markings/bronchovascular;Pulmonary Atelectasis/base/bilateral;Technical Quality of Image Unsatisfactory ,Cardiomegaly;Atelectasis,False,Cardiomegaly;Atelectasis,True,,Lung;Markings;Technical Quality of Image Unsatisfactory,1961_IM-0628-3001.dcm.png
1963,reference_corpus,normal,,True,No Finding,True,,,1963_IM-0629-1001.dcm.png
1964,reference_corpus,normal,,True,No Finding,True,,,1964_IM-0629-1001.dcm.png
1965,reference_corpus,Cardiomegaly/moderate;Opacity/lung/bilateral/interstitial;Pulmonary Congestion;Pulmonary Edema/interstitial,Cardiomegaly;Lung Opacity;Edema,False,Cardiomegaly;Lung Opacity;Edema,True,Pulmonary Congestion,,1965_IM-0629-1001.dcm.png
1966,reference_corpus,normal,,True,No Finding,True,,,1966_IM-0629-1001.dcm.png
1967,reference_corpus,Opacity/lung/lingula;Cicatrix/lung/lingula;Pulmonary Atelectasis/lingula,Lung Opacity;Atelectasis,False,Lung Opacity;Atelectasis,True,,Cicatrix,1967_IM-0629-1001.dcm.png
1968,reference_corpus,Technical Quality of Image Unsatisfactory ,,False,,False,,Technical Quality of Image Unsatisfactory,1968_IM-0630-4004.dcm.png
1969,reference_corpus,normal,,True,No Finding,True,,,1969_IM-0630-1001.dcm.png
1970,reference_corpus,Cardiomegaly/borderline;Lung/hypoinflation;Calcified Granuloma/lung/base/right;Density/lung/hilum/right/round,Cardiomegaly,False,Cardiomegaly,True,Density,Calcified Granuloma;Lung,1970_IM-0632-1001.dcm.png
1971,reference_corpus,normal,,True,No Finding,True,,,1971_IM-0633-1001.dcm.png
1972,reference_corpus,Opacity/lung/upper lobe/left;Calcinosis/aorta,Lung Opacity,False,Lung Opacity,True,,Calcinosis,1972_IM-0633-1001.dcm.png
1975,reference_corpus,normal,,True,No Finding,True,,,1975_IM-0634-1001.dcm.png
1977,reference_corpus,Pulmonary Atelectasis/base/left/mild,Atelectasis,False,Atelectasis,True,,,1977_IM-0636-1001.dcm.png
1978,reference_corpus,Surgical Instruments/abdomen,Support Devices,False,Support Devices,True,,,1978_IM-0636-1001.dcm.png
1979,reference_corpus,normal,,True,No Finding,True,,,1979_IM-0637-1001.dcm.png
1981,reference_corpus,Spine/degenerative/chronic,,False,,False,,Spine,1981_IM-0638-3001.dcm.png
1982,reference_corpus,Opacity/lung/middle lobe/right;Opacity/lung/lingula;Pulmonary Atelectasis/middle lobe/right;Pulmonary Atelectasis/lingula;Cicatrix/lung/middle lobe/right;Cicatrix/lung/lingula,Lung Opacity;Atelectasis,False,Lung Opacity;Atelectasis,True,,Cicatrix,1982_IM-0639-1001.dcm.png
1984,reference_corpus,"Fractures, Bone/thoracic vertebrae",Fracture,False,Fracture,True,,,1984_IM-0641-4001-0001.dcm.png
1985,reference_corpus,normal,,True,No Finding,True,,,1985_IM-0642-1001.dcm.png
1987,reference_corpus,normal,,True,No Finding,True,,,1987_IM-0644-1001.dcm.png
1990,reference_corpus,"Tube, Inserted/trachea;Cardiomegaly/mild;Pulmonary Congestion",Cardiomegaly;Support Devices,False,Cardiomegaly;Support Devices,True,Pulmonary Congestion,,1990_IM-0648-1001.dcm.png
1991,reference_corpus,Lung/hypoinflation;Opacity/lung/base/left/streaky;Pulmonary Atelectasis/base/left;Cicatrix/lung/base/left;Pulmonary Congestion/mild;Markings/bronchovascular,Lung Opacity;Atelectasis,False,Lung Opacity;Atelectasis,True,Pulmonary Congestion,Cicatrix;Lung;Markings,1991_IM-0648-1001.dcm.png
1992,reference_corpus,"Cardiomegaly/borderline;Lung/hyperdistention;Lung, Hyperlucent;Pulmonary Disease, Chronic Obstructive;Calcinosis/aorta;Bone Diseases, Metabolic",Cardiomegaly,False,Cardiomegaly,True,,"Bone Diseases, Metabolic;Calcinosis;Lung;Lung, Hyperlucent;Pulmonary Disease, Chronic Obstructive",1992_IM-0649-4004.dcm.png
1993,reference_corpus,Lung/hyperdistention;Emphysema/mild,,False,,False,,Emphysema;Lung,1993_IM-0650-1001.dcm.png
1994,reference_corpus,normal,,True,No Finding,True,,,1994_IM-0651-1001.dcm.png
1995,reference_corpus,normal,,True,No Finding,True,,,1995_IM-0651-1001.dcm.png
1997,reference_corpus,normal,,True,No Finding,True,,,1997_IM-0651-1001.dcm.png
1999,reference_corpus,normal,,True,No Finding,True,,,1999_IM-0651-1001.dcm.png
2000,reference_corpus,normal,,True,No Finding,True,,,2000_IM-0654-1001.dcm.png
2002,reference_corpus,Deformity/ribs/posterior;Foreign Bodies/multiple/small;Lucency/ribs/posterior,,False,,False,,Deformity;Foreign Bodies;Lucency,2002_IM-0654-1001.dcm.png
2005,reference_corpus,normal,,True,No Finding,True,,,2005_IM-0656-1001.dcm.png
2007,reference_corpus,Thoracic Vertebrae/degenerative/mild,,False,,False,,Thoracic Vertebrae,2007_IM-0657-0001-0002.dcm.png
2008,reference_corpus,normal,,True,No Finding,True,,,2008_IM-0658-1001.dcm.png
2010,reference_corpus,normal,,True,No Finding,True,,,2010_IM-0661-1001.dcm.png
2012,reference_corpus,normal,,True,No Finding,True,,,2012_IM-0662-3001.dcm.png
2013,reference_corpus,"Pulmonary Atelectasis/upper lobe/left/mild;Cicatrix/lung/upper lobe/left/mild;Aorta/tortuous;Hernia, Hiatal",Atelectasis,False,Atelectasis,True,,"Aorta;Cicatrix;Hernia, Hiatal",2013_IM-0663-1001.dcm.png
2014,reference_corpus,Pneumoperitoneum,,False,,False,,Pneumoperitoneum,2014_IM-0664-1001.dcm.png
2015,reference_corpus,normal,,True,No Finding,True,,,2015_IM-0664-2001.dcm.png
2018,reference_corpus,"Lung/hyperdistention;Pulmonary Disease, Chronic Obstructive",,False,,False,,"Lung;Pulmonary Disease, Chronic Obstructive",2018_IM-0665-1001.dcm.png
2019,reference_corpus,normal,,True,No Finding,True,,,2019_IM-0666-1001.dcm.png
2020,reference_corpus,normal,,True,No Finding,True,,,2020_IM-0668-1001.dcm.png
2021,reference_corpus,Cardiomegaly/borderline,Cardiomegaly,False,Cardiomegaly,True,,,2021_IM-0668-1001.dcm.png
2023,reference_corpus,normal,,True,No Finding,True,,,2023_IM-0669-1001.dcm.png
2024,reference_corpus,normal,,True,No Finding,True,,,2024_IM-0670-1001.dcm.png
2027,reference_corpus,Nodule/lung/lingula,Lung Lesion,False,Lung Lesion,True,,,2027_IM-0672-0001-0002.dcm.png
2028,reference_corpus,normal,,True,No Finding,True,,,2028_IM-0673-1001.dcm.png
2029,reference_corpus,normal,,True,No Finding,True,,,2029_IM-0674-1001.dcm.png
2030,reference_corpus,"Lung/hyperdistention;Calcinosis/lung/right/posterior;Atherosclerosis/aorta;Arthritis;Pulmonary Disease, Chronic Obstructive",,False,,False,,"Arthritis;Atherosclerosis;Calcinosis;Lung;Pulmonary Disease, Chronic Obstructive",2030_IM-0675-1001.dcm.png
2031,reference_corpus,normal,,True,No Finding,True,,,2031_IM-0676-2002.dcm.png
2032,reference_corpus,normal,,True,No Finding,True,,,2032_IM-0677-1001.dcm.png
2034,reference_corpus,"Opacity/lung/lower lobe/right;Pulmonary Atelectasis/lower lobe/right;Cicatrix/lung/lower lobe/right;Funnel Chest;Lung, Hyperlucent;Deformity/thorax",Lung Opacity;Atelectasis,False,Lung Opacity;Atelectasis,True,,"Cicatrix;Deformity;Funnel Chest;Lung, Hyperlucent",2034_IM-0679-2001.dcm.png
2035,reference_corpus,Lung/hyperdistention;Granulomatous Disease;Spine/degenerative,,False,,False,,Granulomatous Disease;Lung;Spine,2035_IM-0680-1001.dcm.png
2036,reference_corpus,"Cardiomegaly/mild;Aorta, Thoracic/tortuous;Lung/hypoinflation;Diaphragm/right/elevated;Pulmonary Atelectasis/middle lobe/right;Airspace Disease/lung/base/bilateral;Pulmonary Atelectasis/base/bilateral;Infiltrate/lung/base/bilateral",Cardiomegaly;Lung Opacity;Atelectasis,False,Cardiomegaly;Lung Opacity;Atelectasis,True,,"Aorta, Thoracic;Diaphragm;Lung",2036_IM-0680-4001.dcm.png
2039,reference_corpus,Calcified Granuloma/lung/hilum/right/multiple/large;Spinal Fusion/cervical vertebrae,,False,,False,,Calcified Granuloma;Spinal Fusion,2039_IM-0683-1001.dcm.png
2040,reference_corpus,Cardiomegaly,Cardiomegaly,False,Cardiomegaly,True,,,2040_IM-0684-1001.dcm.png
2041,reference_corpus,normal,,True,No Finding,True,,,2041_IM-0685-1001.dcm.png
2042,reference_corpus,Cicatrix/lung/apex/right/round;Nodule/lung/apex/right/round,Lung Lesion,False,Lung Lesion,True,,Cicatrix,2042_IM-0686-1001.dcm.png
2043,reference_corpus,Technical Quality of Image Unsatisfactory ;Cardiomegaly/mild;Calcinosis/lung/right;Nodule/lung/right/multiple,Cardiomegaly;Lung Lesion,False,Cardiomegaly;Lung Lesion,True,,Calcinosis;Technical Quality of Image Unsatisfactory,2043_IM-0686-2001.dcm.png
2044,reference_corpus,Lung/hypoinflation;Markings/lung/base/bilateral/bronchovascular,,False,,False,,Lung;Markings,2044_IM-0687-1001.dcm.png
2045,reference_corpus,"Aorta, Thoracic/tortuous/mild",,False,,False,,"Aorta, Thoracic",2045_IM-0687-1001.dcm.png
2046,reference_corpus,"Fractures, Bone/ribs/right/multiple;Pleural Effusion/right/small;Pulmonary Atelectasis/base/right;Pleural Effusion/left;Scoliosis/thoracic vertebrae/mild",Atelectasis;Pleural Effusion;Fracture,False,Atelectasis;Pleural Effusion;Fracture,True,,Scoliosis,2046_IM-0688-1001.dcm.png
2047,reference_corpus,Calcified Granuloma/lung/lower lobe/right/large,,False,,False,,Calcified Granuloma,2047_IM-0688-1001.dcm.png
2048,reference_corpus,Calcified Granuloma/lung/lower lobe/right/multiple;Cicatrix/lung/lingula/small;Surgical Instruments/abdomen/right,Support Devices,False,Support Devices,True,,Calcified Granuloma;Cicatrix,2048_IM-0688-1001.dcm.png
2050,reference_corpus,Cicatrix/lung/upper lobe/right;Granuloma/lung/upper lobe/right/multiple;Calcinosis/lung/hilum/lymph nodes/right;Opacity/lung/base/left;Pulmonary Atelectasis/base/left;Cicatrix/lung/base/left;Lung/hypoinflation,Lung Opacity;Atelectasis,False,Lung Opacity;Atelectasis,True,,Calcinosis;Cicatrix;Granuloma;Lung,2050_IM-0690-1001.dcm.png
2052,reference_corpus,"Granuloma/scattered/multiple;Aorta, Thoracic/tortuous/mild",,False,,False,,"Aorta, Thoracic;Granuloma",2052_IM-0690-1001.dcm.png
2054,reference_corpus,Opacity/lung/hilum/pulmonary alveoli/left;Opacity/lung/hilum/left/interstitial,Lung Opacity,False,Lung Opacity,True,,,2054_IM-0692-0001-0002.dcm.png
2056,reference_corpus,normal,,True,No Finding,True,,,2056_IM-0694-1001-0002.dcm.png
2059,reference_corpus,Opacity/lung/lower lobe/right/patchy;Thoracic Vertebrae/degenerative/mild;Infiltrate/lung/lower lobe/right,Lung Opacity,False,Lung Opacity,True,,Thoracic Vertebrae,2059_IM-0696-1001.dcm.png
2061,reference_corpus,normal,,True,No Finding,True,,,2061_IM-0698-1001.dcm.png
2071,reference_corpus,Density/lung/middle lobe/right/round;Pulmonary Congestion/bilateral;Calcinosis/lung/hilum/lymph nodes/left/small,,False,,False,Density;Pulmonary Congestion,Calcinosis,
2072,reference_corpus,Calcified Granuloma/lung/upper lobe/left;Opacity/lung/bilateral/interstitial;Infiltrate/lung/lower lobe/left,Lung Opacity,False,Lung Opacity,True,,Calcified Granuloma,2072_IM-0706-1001.dcm.png
2073,reference_corpus,Aorta/tortuous;Ribs/prominent,,False,,False,,Aorta;Ribs,2073_IM-0707-1001.dcm.png
2077,reference_corpus,"Catheters, Indwelling/right;Density/thorax;Cicatrix/lung/lingula;Pulmonary Atelectasis/lingula;Spine/degenerative/mild",Atelectasis;Support Devices,False,Atelectasis;Support Devices,True,Density,Cicatrix;Spine,2077_IM-0710-1001.dcm.png
2078,reference_corpus,normal,,True,No Finding,True,,,2078_IM-0710-1001.dcm.png
2080,reference_corpus,Opacity/lung/right/round;Calcified Granuloma/lung/right/small,Lung Opacity,False,Lung Opacity,True,,Calcified Granuloma,2080_IM-0712-2002.dcm.png
2081,reference_corpus,normal,,True,No Finding,True,,,2081_IM-0713-1001.dcm.png
2082,reference_corpus,Cardiomegaly;Pulmonary Congestion;Opacity/lung/interstitial/diffuse/patchy/mild;Pulmonary Edema,Cardiomegaly;Lung Opacity;Edema,False,Cardiomegaly;Lung Opacity;Edema,True,Pulmonary Congestion,,2082_IM-0714-4004.dcm.png
2083,reference_corpus,normal,,True,No Finding,True,,,2083_IM-0715-1001.dcm.png
2084,reference_corpus,"Catheters, Indwelling/left;Fractures, Bone/thoracic vertebrae;Fractures, Bone/lumbar vertebrae;Sclerosis/thoracic vertebrae;Sclerosis/lumbar vertebrae",Fracture;Support Devices,False,Fracture;Support Devices,True,,Sclerosis,2084_IM-0715-1001-0001.dcm.png
2085,reference_corpus,Spine/degenerative/mild,,False,,False,,Spine,
2086,reference_corpus,normal,,True,No Finding,True,,,2086_IM-0717-1001.dcm.png
2087,reference_corpus,normal,,True,No Finding,True,,,2087_IM-0718-3001.dcm.png
2089,reference_corpus,normal,,True,No Finding,True,,,2089_IM-0720-1001.dcm.png
2090,reference_corpus,normal,,True,No Finding,True,,,2090_IM-0722-1001.dcm.png
2091,reference_corpus,Spondylosis/thoracic vertebrae,,False,,False,,Spondylosis,2091_IM-0722-1001.dcm.png
2092,reference_corpus,Opacity/lung/lower lobe/right/posterior/round;Nodule/lung/lower lobe/right,Lung Opacity;Lung Lesion,False,Lung Opacity;Lung Lesion,True,,,2092_IM-0723-1001.dcm.png
2097,reference_corpus,normal,,True,No Finding,True,,,2097_IM-0727-1001-0001.dcm.png
2098,reference_corpus,normal,,True,No Finding,True,,,2098_IM-0728-1001.dcm.png
2099,reference_corpus,normal,,True,No Finding,True,,,2099_IM-0729-1001.dcm.png
2102,reference_corpus,"Aorta/tortuous;Diaphragmatic Eventration/left;Hernia, Diaphragmatic/small",,False,,False,,"Aorta;Diaphragmatic Eventration;Hernia, Diaphragmatic",2102_IM-0733-1001.dcm.png
2103,reference_corpus,normal,,True,No Finding,True,,,2103_IM-0734-0001-0001.dcm.png
2105,reference_corpus,Calcified Granuloma/lung/lingula;Pneumonectomy/lung/upper lobe/left,,False,,False,,Calcified Granuloma;Pneumonectomy,2105_IM-0736-1001.dcm.png
2110,reference_corpus,normal,,True,No Finding,True,,,2110_IM-0741-1001.dcm.png
2112,reference_corpus,"Catheters, Indwelling/left;Density/lung/hilum/left;Density/lung/lingula;Cicatrix/lung/lingula;Catheters, Indwelling/left",Support Devices,False,Support Devices,True,Density,Cicatrix,2112_IM-0742-1001.dcm.png
2113,reference_corpus,Lung/hyperdistention/mild;Thoracic Vertebrae/degenerative,,False,,False,,Lung;Thoracic Vertebrae,2113_IM-0742-1002.dcm.png
2114,reference_corpus,Technical Quality of Image Unsatisfactory ;Lung/hypoinflation;Kyphosis;Opacity/lung/base/bilateral;Pulmonary Atelectasis/base/bilateral;Lung/interstitial/abnormal;Calcinosis/lung/hilum/right;Nodule/lung/right;Density/lung/right;Surgical Instruments/heart,Lung Opacity;Lung Lesion;Atelectasis;Support Devices,False,Lung Opacity;Lung Lesion;Atelectasis;Support Devices,True,Density,Calcinosis;Kyphosis;Lung;Technical Quality of Image Unsatisfactory,2114_IM-0743-4004.dcm.png
2117,reference_corpus,Diaphragm/left/elevated;Spondylosis/thoracic vertebrae/mild,,False,,False,,Diaphragm;Spondylosis,2117_IM-0745-1001.dcm.png
2118,reference_corpus,Implanted Medical Device/left;Opacity/lung/upper lobe/left;Pulmonary Atelectasis/upper lobe/left;Cicatrix/lung/upper lobe/left,Lung Opacity;Atelectasis;Support Devices,False,Lung Opacity;Atelectasis;Support Devices,True,,Cicatrix,
2119,reference_corpus,Nodule/lung/base;Calcinosis/lung/hilum/lymph nodes/right;Granuloma/right,Lung Lesion,False,Lung Lesion,True,,Calcinosis;Granuloma,2119_IM-0746-1001.dcm.png
2121,reference_corpus,"Aorta, Thoracic/tortuous;Calcinosis/lung/hilum/lymph nodes;Density/lung/lower lobe/left/irregular;Calcinosis/lung/lower lobe/left/irregular;Thoracic Vertebrae/degenerative",,False,,False,Density,"Aorta, Thoracic;Calcinosis;Thoracic Vertebrae",2121_IM-0747-1001.dcm.png
2122,reference_corpus,Implanted Medical Device/thorax/left,Support Devices,False,Support Devices,True,,,
2123,reference_corpus,"Cardiomegaly;Pulmonary Congestion;Aorta/tortuous;Thoracic Vertebrae/degenerative;Hypertension, Pulmonary",Cardiomegaly,False,Cardiomegaly,True,Pulmonary Congestion,"Aorta;Hypertension, Pulmonary;Thoracic Vertebrae",2123_IM-0748-1001.dcm.png
2124,reference_corpus,Thoracic Vertebrae/degenerative,,False,,False,,Thoracic Vertebrae,2124_IM-0749-1001.dcm.png
2125,reference_corpus,Aorta/tortuous;Infiltrate/lung/base/left/mild,Lung Opacity,False,Lung Opacity,True,,Aorta,2125_IM-0749-2001.dcm.png
2126,reference_corpus,"Density/thorax/right;Density/thorax/base/left;Diaphragm/right/elevated/mild;Costophrenic Angle/left/obscured;Technical Quality of Image Unsatisfactory ;Calcinosis/lung/middle lobe/right/round;Density/lung/middle lobe/right/round;Granulomatous Disease;Thickening/pleura/apex/left/mild;Epicardial Fat/bilateral/prominent;Hyperostosis, Diffuse Idiopathic Skeletal/thoracic vertebrae",Pleural Other,False,Pleural Other,True,Density,"Calcinosis;Costophrenic Angle;Diaphragm;Epicardial Fat;Granulomatous Disease;Hyperostosis, Diffuse Idiopathic Skeletal;Technical Quality of Image Unsatisfactory",2126_IM-0750-12012.dcm.png
2127,reference_corpus,Cardiomegaly/mild;Pleural Effusion/bilateral/small,Cardiomegaly;Pleural Effusion,False,Cardiomegaly;Pleural Effusion,True,,,2127_IM-0751-1001.dcm.png
2128,reference_corpus,Lung/hyperdistention;Emphysema,,False,,False,,Emphysema;Lung,2128_IM-0752-1001.dcm.png
2129,reference_corpus,normal,,True,No Finding,True,,,2129_IM-0753-1001.dcm.png
2130,reference_corpus,Cardiomegaly;Pulmonary Edema/interstitial/mild;Osteophyte/thoracic vertebrae/multiple;Pleural Effusion/posterior;Opacity/lung/bilateral/round/multiple;Density/lung/right/round,Cardiomegaly;Lung Opacity;Edema;Pleural Effusion,False,Cardiomegaly;Lung Opacity;Edema;Pleural Effusion,True,Density,Osteophyte,2130_IM-0755-1001.dcm.png
2131,reference_corpus,normal,,True,No Finding,True,,,2131_IM-0755-1001.dcm.png
2133,reference_corpus,Scoliosis/thoracic vertebrae/mild,,False,,False,,Scoliosis,2133_IM-0756-1001.dcm.png
2134,reference_corpus,Lung/hyperdistention/mild,,False,,False,,Lung,2134_IM-0756-1001.dcm.png
2135,reference_corpus,Costophrenic Angle/posterior/blunted/mild;Pleural Effusion/small;Cardiomegaly/moderate,Cardiomegaly;Pleural Effusion,False,Cardiomegaly;Pleural Effusion,True,,Costophrenic Angle,2135_IM-0757-1001.dcm.png
2136,reference_corpus,normal,,True,No Finding,True,,,2136_IM-0758-3001.dcm.png
2137,reference_corpus,Calcified Granuloma/multiple,,False,,False,,Calcified Granuloma,2137_IM-0759-1001.dcm.png
2139,reference_corpus,Cardiomegaly/mild;Calcinosis/lung/hilum/lymph nodes/right;Implanted Medical Device/aortic valve,Cardiomegaly;Support Devices,False,Cardiomegaly;Support Devices,True,,Calcinosis,2139_IM-0760-1001.dcm.png
2141,reference_corpus,"Cardiomegaly/mild;Aorta, Thoracic/tortuous",Cardiomegaly,False,Cardiomegaly,True,,"Aorta, Thoracic",2141_IM-0763-3001.dcm.png
2142,reference_corpus,"Hyperostosis, Diffuse Idiopathic Skeletal/thoracic vertebrae",,False,,False,,"Hyperostosis, Diffuse Idiopathic Skeletal",2142_IM-0764-1001.dcm.png
2143,reference_corpus,Lung/hyperdistention;Calcinosis/scattered/multiple/small;Nodule/scattered/multiple/small;Granulomatous Disease,Lung Lesion,False,Lung Lesion,True,,Calcinosis;Granulomatous Disease;Lung,2143_IM-0765-1001.dcm.png
2144,reference_corpus,Calcified Granuloma/lung/hilum;Calcinosis/lung/hilum,,False,,False,,Calcified Granuloma;Calcinosis,2144_IM-0765-1001.dcm.png
2145,reference_corpus,normal,,True,No Finding,True,,,2145_IM-0766-1001.dcm.png
2147,reference_corpus,Spondylosis/mild,,False,,False,,Spondylosis,2147_IM-0767-1001.dcm.png
2149,reference_corpus,"Calcinosis/aorta, thoracic;Osteophyte/thoracic vertebrae/multiple/mild;Calcified Granuloma/lung/upper lobe/left",,False,,False,,Calcified Granuloma;Calcinosis;Osteophyte,2149_IM-0768-0001-0001.dcm.png
2150,reference_corpus,Nodule/lung/upper lobe/left/small,Lung Lesion,False,Lung Lesion,True,,,2150_IM-0770-1001.dcm.png
2152,reference_corpus,normal,,True,No Finding,True,,,2152_IM-0772-1001.dcm.png
2154,reference_corpus,Hypovolemia/lung/apex,,False,,False,,Hypovolemia,2154_IM-0774-1001.dcm.png
2155,reference_corpus,Lung/hypoinflation,,False,,False,,Lung,
2161,reference_corpus,normal,,True,No Finding,True,,,2161_IM-0779-1001.dcm.png
2162,reference_corpus,Cardiac Shadow/enlarged/moderate;Epicardial Fat/prominent;Lung/interstitial/prominent;Spondylosis;Cardiomegaly,Cardiomegaly,False,Cardiomegaly,True,,Epicardial Fat;Lung;Spondylosis,2162_IM-0779-1001.dcm.png
2163,reference_corpus,Calcified Granuloma/lung/upper lobe/left;Lung/hyperdistention;Calcinosis/mediastinum/lymph nodes;Calcinosis/lung/hilum/lymph nodes;Granulomatous Disease;Spine/degenerative/mild;Nodule/thorax/multiple/small,Lung Lesion,False,Lung Lesion,True,,Calcified Granuloma;Calcinosis;Granulomatous Disease;Lung;Spine,2163_IM-0779-1001.dcm.png
2164,reference_corpus,Granuloma/lung/apex/right,,False,,False,,Granuloma,2164_IM-0780-1001.dcm.png
2166,reference_corpus,No Indexing,,False,,False,,,2166_IM-0782-1001.dcm.png
2167,reference_corpus,Lung/hyperdistention;Diaphragm/bilateral/flattened/mild;Emphysema;Contrast Media/abdomen,,False,,False,,Contrast Media;Diaphragm;Emphysema;Lung,2167_IM-0783-1001.dcm.png
2169,reference_corpus,Lung/hyperdistention;Lucency/lung/upper lobe/right/round/large;Pulmonary Emphysema/severe;Opacity/lung/apex/bilateral;Cicatrix/lung/apex/bilateral;Spine/degenerative/mild,Lung Opacity,False,Lung Opacity,True,,Cicatrix;Lucency;Lung;Pulmonary Emphysema;Spine,2169_IM-0785-0001-0002.dcm.png
2171,reference_corpus,Calcified Granuloma/lung/upper lobe/right/small,,False,,False,,Calcified Granuloma,2171_IM-0786-1001.dcm.png
2172,reference_corpus,Thickening/pleura/apex/bilateral/round;Cicatrix/lung/apex/bilateral/round;Nodule/lung/apex/bilateral/round;Lung/hyperdistention,Lung Lesion;Pleural Other,False,Lung Lesion;Pleural Other,True,,Cicatrix;Lung,2172_IM-0786-1001.dcm.png
2174,reference_corpus,normal,,True,No Finding,True,,,2174_IM-0787-1001.dcm.png
2175,reference_corpus,normal,,True,No Finding,True,,,2175_IM-0788-1003.dcm.png
2179,reference_corpus,Diaphragm/bilateral/flattened;Lung/hyperdistention/mild,,False,,False,,Diaphragm;Lung,2179_IM-0791-1001.dcm.png
2180,reference_corpus,Cardiomegaly/severe;Nodule/thorax/left;Granuloma/thorax/left;Lung/hilum/lymph nodes/left/enlarged,Cardiomegaly;Lung Lesion,False,Cardiomegaly;Lung Lesion,True,,Granuloma;Lung,2180_IM-0793-1001.dcm.png
2181,reference_corpus,"Cardiomegaly/moderate;Fractures, Bone/sternum",Cardiomegaly;Fracture,False,Cardiomegaly;Fracture,True,,,2181_IM-0793-1001-0001.dcm.png
2183,reference_corpus,Cardiomegaly/moderate;Opacity/lung/base/bilateral;Opacity/lung/hilum/interstitial;Pulmonary Edema/interstitial/mild,Cardiomegaly;Lung Opacity;Edema,False,Cardiomegaly;Lung Opacity;Edema,True,,,2183_IM-0794-1001.dcm.png
2184,reference_corpus,Cardiomegaly/mild;Opacity/lung/base/left/streaky;Pulmonary Atelectasis/base/left;Granuloma/lung/upper lobe/left,Cardiomegaly;Lung Opacity;Atelectasis,False,Cardiomegaly;Lung Opacity;Atelectasis,True,,Granuloma,2184_IM-0795-1001.dcm.png
2185,reference_corpus,Lung/hypoinflation;Opacity/lung/base/bilateral/streaky;Pulmonary Atelectasis/base/bilateral,Lung Opacity;Atelectasis,False,Lung Opacity;Atelectasis,True,,Lung,2185_IM-0795-1001.dcm.png
2187,reference_corpus,Aorta/tortuous;Calcinosis/aorta;Calcified Granuloma/lung/lingula;Surgical Instruments/abdomen/right,Support Devices,False,Support Devices,True,,Aorta;Calcified Granuloma;Calcinosis,2187_IM-0797-1001.dcm.png
2188,reference_corpus,"Hernia, Hiatal/prominent;Opacity/lung/middle lobe/right;Opacity/lung/lingula;Bronchiectasis",Lung Opacity,False,Lung Opacity,True,,"Bronchiectasis;Hernia, Hiatal",2188_IM-0798-2002.dcm.png
2192,reference_corpus,"Thoracic Vertebrae/degenerative/mild;Deformity/thoracic vertebrae;Catheters, Indwelling/thorax",Support Devices,False,Support Devices,True,,Deformity;Thoracic Vertebrae,2192_IM-0802-2002.dcm.png
2194,reference_corpus,Cardiac Shadow/enlarged;Aorta/tortuous;Lung/hypoinflation;Opacity/lung/base/left,Cardiomegaly;Lung Opacity,False,Cardiomegaly;Lung Opacity,True,,Aorta;Lung,2194_IM-0804-10001.dcm.png
2197,reference_corpus,Opacity/lung/upper lobe/right/anterior;Thickening/pleura/mild,Lung Opacity;Pleural Other,False,Lung Opacity;Pleural Other,True,,,2197_IM-0807-1001.dcm.png
2199,reference_corpus,"Catheters, Indwelling/right;Opacity/lung/diffuse/patchy;Cystic Fibrosis;Bronchiectasis",Lung Opacity;Support Devices,False,Lung Opacity;Support Devices,True,,Bronchiectasis;Cystic Fibrosis,
2200,reference_corpus,Lung/hypoinflation;Pulmonary Atelectasis/base/bilateral;Cicatrix/lung/base/bilateral;Surgical Instruments/abdomen/left,Atelectasis;Support Devices,False,Atelectasis;Support Devices,True,,Cicatrix;Lung,2200_IM-0811-1001.dcm.png
2201,reference_corpus,Calcified Granuloma/lung/bilateral/multiple,,False,,False,,Calcified Granuloma,
2202,reference_corpus,normal,,True,No Finding,True,,,2202_IM-0811-1001.dcm.png
2203,reference_corpus,"Fractures, Bone/ribs/right/multiple/healed",Fracture,False,Fracture,True,,,2203_IM-0812-1001.dcm.png
2205,reference_corpus,Aorta/tortuous;Opacity/lung/upper lobe/left/irregular;Cicatrix/lung/upper lobe/left/chronic;Deformity/ribs/posterior;Deformity/thoracic vertebrae/anterior/multiple;Thickening/pleura/upper lobe/left,Lung Opacity;Pleural Other,False,Lung Opacity;Pleural Other,True,,Aorta;Cicatrix;Deformity,2205_IM-0814-1001.dcm.png
2208,reference_corpus,Cardiomegaly,Cardiomegaly,False,Cardiomegaly,True,,,2208_IM-0815-1001.dcm.png
2209,reference_corpus,Emphysema,,False,,False,,Emphysema,2209_IM-0816-1001.dcm.png
2210,reference_corpus,normal,,True,No Finding,True,,,2210_IM-0817-1001.dcm.png
2211,reference_corpus,Cardiomegaly,Cardiomegaly,False,Cardiomegaly,True,,,2211_IM-0818-1001.dcm.png
2214,reference_corpus,normal,,True,No Finding,True,,,
2216,reference_corpus,Diaphragm/right/elevated/mild;Thoracic Vertebrae/degenerative/mild,,False,,False,,Diaphragm;Thoracic Vertebrae,2216_IM-0821-85075001.dcm.png
2217,reference_corpus,Cardiomegaly/borderline;Diaphragmatic Eventration/right,Cardiomegaly,False,Cardiomegaly,True,,Diaphragmatic Eventration,2217_IM-0822-0001-0002.dcm.png
2218,reference_corpus,Opacity/lung/base/left;Diaphragm/left/elevated;Cardiac Shadow/enlarged;Pulmonary Atelectasis/base/left;Cicatrix/lung/base/left;Cardiomegaly;Abdomen/enlarged/severe,Cardiomegaly;Lung Opacity;Atelectasis,False,Cardiomegaly;Lung Opacity;Atelectasis,True,,Abdomen;Cicatrix;Diaphragm,2218_IM-0823-2001.dcm.png
2219,reference_corpus,Granuloma/lung/hilum/left;Granuloma/lung/base/left,,False,,False,,Granuloma,2219_IM-0823-1001.dcm.png
2220,reference_corpus,Lung/hypoinflation;Pulmonary Congestion;Airspace Disease/lung/base/bilateral;Pleural Effusion/left;Heart Failure/mild,Lung Opacity;Pleural Effusion,False,Lung Opacity;Pleural Effusion,True,Pulmonary Congestion,Heart Failure;Lung,2220_IM-0824-4004.dcm.png
2221,reference_corpus,Cardiomegaly/mild,Cardiomegaly,False,Cardiomegaly,True,,,2221_IM-0825-1001.dcm.png
2222,reference_corpus,Density/right/paratracheal/multiple;Density/lung/hilum/left/multiple;Calcinosis/right/paratracheal/multiple;Calcinosis/lung/hilum/left/multiple;Opacity/mediastinum/posterior/round,Lung Opacity,False,Lung Opacity,True,Density,Calcinosis,2222_IM-0826-1001.dcm.png
2224,reference_corpus,Granuloma/scattered/multiple;Calcinosis/lung/hilum/lymph nodes/bilateral;Cicatrix/lung/lingula;Lung/bilateral/hyperdistention,,False,,False,,Calcinosis;Cicatrix;Granuloma;Lung,2224_IM-0828-1001.dcm.png
2225,reference_corpus,normal,,True,No Finding,True,,,2225_IM-0829-3001.dcm.png
2226,reference_corpus,"Fractures, Bone/ribs/healed",Fracture,False,Fracture,True,,,2226_IM-0830-12001.dcm.png
2227,reference_corpus,"Opacity/lung/base/interstitial/reticular;Lung/hypoinflation;Calcinosis/aorta, thoracic;Implanted Medical Device/left;Lung Diseases, Interstitial",Lung Opacity;Support Devices,False,Lung Opacity;Support Devices,True,,"Calcinosis;Lung;Lung Diseases, Interstitial",
2229,reference_corpus,Surgical Instruments/abdomen/right,Support Devices,False,Support Devices,True,,,2229_IM-0831-1001.dcm.png
2230,reference_corpus,normal,,True,No Finding,True,,,2230_IM-0831-1001.dcm.png
2232,reference_corpus,normal,,True,No Finding,True,,,2232_IM-0832-1001.dcm.png
2234,reference_corpus,Emphysema;Cicatrix/lung/apex/bilateral;Pulmonary Fibrosis/apex/bilateral,,False,,False,,Cicatrix;Emphysema;Pulmonary Fibrosis,2234_IM-0833-1001.dcm.png
2237,reference_corpus,Calcified Granuloma/lung/lingula;Calcinosis/aorta,,False,,False,,Calcified Granuloma;Calcinosis,2237_IM-0834-2002.dcm.png
2240,reference_corpus,normal,,True,No Finding,True,,,2240_IM-0838-1001.dcm.png
2242,reference_corpus,Diaphragm/bilateral/elevated;Pulmonary Atelectasis/base/bilateral;Spondylosis/mild,Atelectasis,False,Atelectasis,True,,Diaphragm;Spondylosis,2242_IM-0840-1001.dcm.png
2243,reference_corpus,Calcified Granuloma/lung/lower lobe/left;Thoracic Vertebrae/degenerative/chronic,,False,,False,,Calcified Granuloma;Thoracic Vertebrae,2243_IM-0840-1001.dcm.png
2245,reference_corpus,normal,,True,No Finding,True,,,2245_IM-0842-1001.dcm.png
2247,reference_corpus,normal,,True,No Finding,True,,,2247_IM-0844-1001.dcm.png
2248,reference_corpus,normal,,True,No Finding,True,,,2248_IM-0844-1001.dcm.png
2249,reference_corpus,Lung/hilum/lymph nodes/right/enlarged;Thoracic Vertebrae/degenerative/mild,,False,,False,,Lung;Thoracic Vertebrae,2249_IM-0844-1001.dcm.png
2250,reference_corpus,Cicatrix/lung/lingula/mild;Cardiomegaly;Heart Atria/left/enlarged,Cardiomegaly,False,Cardiomegaly,True,,Cicatrix;Heart Atria,2250_IM-0844-1001.dcm.png
2251,reference_corpus,normal,,True,No Finding,True,,,2251_IM-0844-1001.dcm.png
2252,reference_corpus,normal,,True,No Finding,True,,,2252_IM-0844-1001.dcm.png
2254,reference_corpus,Surgical Instruments/abdomen,Support Devices,False,Support Devices,True,,,2254_IM-0846-1001.dcm.png
2255,reference_corpus,Density/lung/right/round/multiple;Calcinosis/lung/right/round;Granulomatous Disease,,False,,False,Density,Calcinosis;Granulomatous Disease,2255_IM-0847-3001.dcm.png
2256,reference_corpus,normal,,True,No Finding,True,,,2256_IM-0848-1001.dcm.png
2257,reference_corpus,Thoracic Vertebrae/degenerative,,False,,False,,Thoracic Vertebrae,2257_IM-0849-1001.dcm.png
2258,reference_corpus,Markings/lung/middle lobe/bilateral/interstitial/prominent;Markings/lung/base/bilateral/interstitial/prominent;Lung/hypoinflation;Markings/bronchovascular;Technical Quality of Image Unsatisfactory ,,False,,False,,Lung;Markings;Technical Quality of Image Unsatisfactory,2258_IM-0849-1001.dcm.png
2260,reference_corpus,normal,,True,No Finding,True,,,2260_IM-0852-1001.dcm.png
2261,reference_corpus,Medical Device;Surgical Instruments/abdomen/right;Lung/azygos lobe,Support Devices,False,Support Devices,True,,Lung,2261_IM-0852-1001.dcm.png
2262,reference_corpus,Opacity/lung/base/right,Lung Opacity,False,Lung Opacity,True,,,2262_IM-0852-1001.dcm.png
2263,reference_corpus,Cardiomegaly/moderate;Opacity/lung/base/left;Pulmonary Atelectasis/base/left,Cardiomegaly;Lung Opacity;Atelectasis,False,Cardiomegaly;Lung Opacity;Atelectasis,True,,,2263_IM-0853-1001.dcm.png
2264,reference_corpus,Lung/hypoinflation,,False,,False,,Lung,2264_IM-0854-1001.dcm.png
2265,reference_corpus,Lung/hyperdistention;Pulmonary Emphysema;Pulmonary Fibrosis/apex/left/chronic;Deformity/lung/apex/hilum;Opacity/lung/middle lobe/right,Lung Opacity,False,Lung Opacity,True,,Deformity;Lung;Pulmonary Emphysema;Pulmonary Fibrosis,2265_IM-0855-1001.dcm.png
2267,reference_corpus,Technical Quality of Image Unsatisfactory ;Spine/degenerative,,False,,False,,Spine;Technical Quality of Image Unsatisfactory,2267_IM-0856-2001.dcm.png
2268,reference_corpus,"Cardiomegaly;Atherosclerosis/aorta, thoracic;Lung/hypoinflation",Cardiomegaly,False,Cardiomegaly,True,,Atherosclerosis;Lung,2268_IM-0857-1001.dcm.png
2269,reference_corpus,normal,,True,No Finding,True,,,2269_IM-0858-1001.dcm.png
2271,reference_corpus,Density/lung/middle lobe/right;Costophrenic Angle/right/posterior/blunted/mild;Pleural Effusion/right/small;Cicatrix/pleura/right;Cardiomegaly/mild;Thoracic Vertebrae/degenerative;Scoliosis/thoracic vertebrae/right/mild;Pulmonary Atelectasis/middle lobe/right/mild,Cardiomegaly;Atelectasis;Pleural Effusion,False,Cardiomegaly;Atelectasis;Pleural Effusion,True,Density,Cicatrix;Costophrenic Angle;Scoliosis;Thoracic Vertebrae,2271_IM-0860-1001.dcm.png
2272,reference_corpus,Calcified Granuloma/multiple,,False,,False,,Calcified Granuloma,2272_IM-0861-1001.dcm.png
2273,reference_corpus,normal,,True,No Finding,True,,,2273_IM-0861-1001.dcm.png
2275,reference_corpus,Nodule/lung/middle lobe/right;Calcinosis/lung/middle lobe/right;Spine/degenerative,Lung Lesion,False,Lung Lesion,True,,Calcinosis;Spine,2275_IM-0862-1001.dcm.png
2276,reference_corpus,Lung/hypoinflation;Markings/bronchovascular;Pulmonary Atelectasis/base,Atelectasis,False,Atelectasis,True,,Lung;Markings,2276_IM-0863-1001-0002.dcm.png
2278,reference_corpus,Calcified Granuloma/lung/right/multiple,,False,,False,,Calcified Granuloma,2278_IM-0864-1001.dcm.png
2280,reference_corpus,Nodule/thorax/scattered/multiple/small;Calcified Granuloma/thorax/scattered/multiple/small,Lung Lesion,False,Lung Lesion,True,,Calcified Granuloma,2280_IM-0867-1001-0001.dcm.png
2281,reference_corpus,normal,,True,No Finding,True,,,
2282,reference_corpus,normal,,True,No Finding,True,,,2282_IM-0869-1001.dcm.png
2283,reference_corpus,Diaphragm/left/elevated,,False,,False,,Diaphragm,2283_IM-0870-1001.dcm.png
2285,reference_corpus,Cardiomegaly;Markings/bronchovascular;Markings/lung/interstitial;Lung/hypoinflation;Technical Quality of Image Unsatisfactory ,Cardiomegaly,False,Cardiomegaly,True,,Lung;Markings;Technical Quality of Image Unsatisfactory,2285_IM-0870-2001.dcm.png
2286,reference_corpus,Opacity/multiple/chronic;Emphysema,Lung Opacity,False,Lung Opacity,True,,Emphysema,2286_IM-0871-1001.dcm.png
2287,reference_corpus,Lung/hypoinflation;Cardiomegaly;Infiltrate/lung/base/left/mild;Infiltrate/lung/hilum/mild,Cardiomegaly;Lung Opacity,False,Cardiomegaly;Lung Opacity,True,,Lung,2287_IM-0872-1001.dcm.png
2288,reference_corpus,normal,,True,No Finding,True,,,2288_IM-0872-1001.dcm.png
2289,reference_corpus,Costophrenic Angle/left/blunted;Pleural Effusion/left/small;Airspace Disease/lung/left;Granulomatous Disease;Spine/degenerative,Lung Opacity;Pleural Effusion,False,Lung Opacity;Pleural Effusion,True,,Costophrenic Angle;Granulomatous Disease;Spine,2289_IM-0873-1001.dcm.png
2291,reference_corpus,Foreign Bodies/abdomen,,False,,False,,Foreign Bodies,2291_IM-0874-1001.dcm.png
2292,reference_corpus,normal,,True,No Finding,True,,,2292_IM-0874-1001.dcm.png
2293,reference_corpus,Opacity/lung/base/mild;Cicatrix/lung;Pulmonary Atelectasis,Lung Opacity;Atelectasis,False,Lung Opacity;Atelectasis,True,,Cicatrix,2293_IM-0875-1001.dcm.png
2295,reference_corpus,"Calcinosis/aorta, thoracic",,False,,False,,Calcinosis,2295_IM-0876-1001.dcm.png
2296,reference_corpus,"Hernia, Hiatal",,False,,False,,"Hernia, Hiatal",2296_IM-0876-1001.dcm.png
2300,reference_corpus,normal,,True,No Finding,True,,,2300_IM-0881-1001.dcm.png
2301,reference_corpus,Technical Quality of Image Unsatisfactory ;Cardiomegaly,Cardiomegaly,False,Cardiomegaly,True,,Technical Quality of Image Unsatisfactory,2301_IM-0881-2001.dcm.png
2304,reference_corpus,normal,,True,No Finding,True,,,2304_IM-0882-4004.dcm.png
2305,reference_corpus,Scoliosis/lumbar vertebrae/mild;Scoliosis/thoracic vertebrae/mild,,False,,False,,Scoliosis,2305_IM-0882-1001.dcm.png
2306,reference_corpus,Thoracic Vertebrae/degenerative/mild;Osteophyte/thoracic vertebrae/anterior/multiple,,False,,False,,Osteophyte;Thoracic Vertebrae,2306_IM-0882-1001.dcm.png
2308,reference_corpus,normal,,True,No Finding,True,,,2308_IM-0883-1001.dcm.png
2311,reference_corpus,normal,,True,No Finding,True,,,2311_IM-0886-2001.dcm.png
2312,reference_corpus,normal,,True,No Finding,True,,,2312_IM-0887-1001.dcm.png
2314,reference_corpus,"Opacity/costophrenic angle/right/multiple;Pulmonary Disease, Chronic Obstructive;Pulmonary Atelectasis/costophrenic angle/right/focal",Lung Opacity;Atelectasis,False,Lung Opacity;Atelectasis,True,,"Pulmonary Disease, Chronic Obstructive",2314_IM-0889-1001.dcm.png
2316,reference_corpus,normal,,True,No Finding,True,,,2316_IM-0889-1001.dcm.png
2317,reference_corpus,Calcified Granuloma/costophrenic angle/right,,False,,False,,Calcified Granuloma,2317_IM-0890-1001.dcm.png
2318,reference_corpus,Lucency/thorax/left;Pneumothorax/left/large;Pulmonary Atelectasis/left/severe,Atelectasis;Pneumothorax,False,Atelectasis;Pneumothorax,True,,Lucency,2318_IM-0891-1001.dcm.png
2320,reference_corpus,Thoracic Vertebrae/degenerative/mild,,False,,False,,Thoracic Vertebrae,2320_IM-0894-1001.dcm.png
2323,reference_corpus,normal,,True,No Finding,True,,,2323_IM-0895-12012.dcm.png
2324,reference_corpus,normal,,True,No Finding,True,,,2324_IM-0895-1001.dcm.png
2325,reference_corpus,Opacity/lung/base/left,Lung Opacity,False,Lung Opacity,True,,,2325_IM-0896-1001.dcm.png
2327,reference_corpus,Pleural Effusion/right/large;Deformity/thoracic vertebrae,Pleural Effusion,False,Pleural Effusion,True,,Deformity,2327_IM-0898-1001.dcm.png
2330,reference_corpus,"Tube, Inserted/trachea;Cardiomegaly/moderate;Opacity/lung/base/interstitial/patchy;Markings/lung/base/interstitial",Cardiomegaly;Lung Opacity;Support Devices,False,Cardiomegaly;Lung Opacity;Support Devices,True,,Markings,
2331,reference_corpus,Aorta/tortuous;Lung/hypoinflation;Opacity/lung;Pulmonary Atelectasis/focal;Thoracic Vertebrae/degenerative;Kyphosis/thoracic vertebrae,Lung Opacity;Atelectasis,False,Lung Opacity;Atelectasis,True,,Aorta;Kyphosis;Lung;Thoracic Vertebrae,2331_IM-0900-1001.dcm.png
2332,reference_corpus,normal,,True,No Finding,True,,,2332_IM-0900-1001.dcm.png
2333,reference_corpus,Calcified Granuloma/lung/base/right,,False,,False,,Calcified Granuloma,
2335,reference_corpus,Osteophyte/thoracic vertebrae/anterior/multiple,,False,,False,,Osteophyte,2335_IM-0902-2001.dcm.png
2336,reference_corpus,Lung/hyperdistention;Calcinosis/mediastinum,,False,,False,,Calcinosis;Lung,2336_IM-0903-1001.dcm.png
2337,reference_corpus,Density/paratracheal;Lung/hyperdistention,,False,,False,Density,Lung,
2338,reference_corpus,Opacity/lung/middle lobe/bilateral/streaky/mild;Airspace Disease/lung/bilateral,Lung Opacity,False,Lung Opacity,True,,,2338_IM-0905-1001.dcm.png
2339,reference_corpus,normal,,True,No Finding,True,,,2339_IM-0905-1001.dcm.png
2341,reference_corpus,Spondylosis/thoracic vertebrae,,False,,False,,Spondylosis,2341_IM-0907-1001.dcm.png
2342,reference_corpus,Nodule/lung/upper lobe/right;Granuloma/lung/upper lobe/right;Calcinosis/lung/upper lobe/right,Lung Lesion,False,Lung Lesion,True,,Calcinosis;Granuloma,2342_IM-0907-1001.dcm.png
2343,reference_corpus,Atherosclerosis/aorta;Arthritis,,False,,False,,Arthritis;Atherosclerosis,2343_IM-0908-1001.dcm.png
2347,reference_corpus,Atherosclerosis/aorta;Osteophyte/thoracic vertebrae/multiple,,False,,False,,Atherosclerosis;Osteophyte,2347_IM-0912-1001.dcm.png
2348,reference_corpus,Pleural Effusion/right/moderate;Pleural Effusion/left/small;Deformity/abdomen,Pleural Effusion,False,Pleural Effusion,True,,Deformity,2348_IM-0913-1001.dcm.png
2350,reference_corpus,Thoracic Vertebrae/degenerative/mild,,False,,False,,Thoracic Vertebrae,2350_IM-0916-1001.dcm.png
2351,reference_corpus,Calcinosis/thorax/scattered/multiple;Granulomatous Disease,,False,,False,,Calcinosis;Granulomatous Disease,2351_IM-0917-1001.dcm.png
2352,reference_corpus,"Spinal Fusion/cervical vertebrae;Fractures, Bone/ribs/left/posterior/healed;Emphysema",Fracture,False,Fracture,True,,Emphysema;Spinal Fusion,2352_IM-0918-1002.dcm.png
2353,reference_corpus,normal,,True,No Finding,True,,,2353_IM-0918-1001.dcm.png
2354,reference_corpus,normal,,True,No Finding,True,,,2354_IM-0918-1001.dcm.png
2355,reference_corpus,Lung/hypoinflation;Cardiomegaly/mild;Pulmonary Atelectasis/base/left/mild;Markings/lung,Cardiomegaly;Atelectasis,False,Cardiomegaly;Atelectasis,True,,Lung;Markings,2355_IM-0919-1001.dcm.png
2357,reference_corpus,normal,,True,No Finding,True,,,2357_IM-0921-1001.dcm.png
2358,reference_corpus,normal,,True,No Finding,True,,,2358_IM-0922-0001-0002.dcm.png
2359,reference_corpus,Cardiac Shadow/enlarged/moderate;Costophrenic Angle/sulcus/left/blunted;Pleural Effusion/left/small;Adipose Tissue/pleura/left;Cicatrix/pleura/left;Cardiomegaly,Cardiomegaly;Pleural Effusion,False,Cardiomegaly;Pleural Effusion,True,,Adipose Tissue;Cicatrix;Costophrenic Angle,
2360,reference_corpus,normal,,True,No Finding,True,,,2360_IM-0925-1001.dcm.png
2361,reference_corpus,Scoliosis/thoracic vertebrae/right/mild,,False,,False,,Scoliosis,2361_IM-0926-1001.dcm.png
2362,reference_corpus,normal,,True,No Finding,True,,,2362_IM-0926-1001.dcm.png
2364,reference_corpus,Lung/hyperdistention,,False,,False,,Lung,2364_IM-0927-1001.dcm.png
2367,reference_corpus,normal,,True,No Finding,True,,,2367_IM-0928-1001.dcm.png
2369,reference_corpus,"Opacity/lung/base/bilateral/interstitial;Opacity/lung/base/left;Pulmonary Atelectasis/base/left;Cicatrix/lung/base/left;Pulmonary Emphysema;Pulmonary Disease, Chronic Obstructive;Pulmonary Fibrosis/base",Lung Opacity;Atelectasis,False,Lung Opacity;Atelectasis,True,,"Cicatrix;Pulmonary Disease, Chronic Obstructive;Pulmonary Emphysema;Pulmonary Fibrosis",
2370,reference_corpus,Consolidation/lung/lower lobe/right;Pulmonary Atelectasis/lower lobe/right;Costophrenic Angle/right/blunted;Airspace Disease/lung/lower lobe/left;Pneumonia/lower lobe/left;Pleural Effusion/right,Lung Opacity;Consolidation;Pneumonia;Atelectasis;Pleural Effusion,False,Lung Opacity;Consolidation;Pneumonia;Atelectasis;Pleural Effusion,True,,Costophrenic Angle,2370_IM-0931-1001.dcm.png
2371,reference_corpus,Osteophyte/thoracic vertebrae/multiple;Lung/hypoinflation;Opacity/lung/base/left/streaky;Pulmonary Atelectasis/base/left,Lung Opacity;Atelectasis,False,Lung Opacity;Atelectasis,True,,Lung;Osteophyte,2371_IM-0932-1001.dcm.png
2372,reference_corpus,Lung/hypoinflation;Opacity/lung/right,Lung Opacity,False,Lung Opacity,True,,Lung,2372_IM-0933-0001-0001.dcm.png
2373,reference_corpus,"Pulmonary Artery/enlarged;Atherosclerosis/aorta;Lung/hyperdistention/moderate;Pulmonary Disease, Chronic Obstructive;Markings/lung/apex/bilateral",,False,,False,,"Atherosclerosis;Lung;Markings;Pulmonary Artery;Pulmonary Disease, Chronic Obstructive",2373_IM-0934-1001.dcm.png
2374,reference_corpus,normal,,True,No Finding,True,,,2374_IM-0935-84550001.dcm.png
2375,reference_corpus,Granulomatous Disease/thorax/right/healed,,False,,False,,Granulomatous Disease,2375_IM-0936-1001.dcm.png
2376,reference_corpus,normal,,True,No Finding,True,,,2376_IM-0936-1001.dcm.png
2378,reference_corpus,"Calcified Granuloma/lung/lower lobe/left;Fractures, Bone/clavicle/left",Fracture,False,Fracture,True,,Calcified Granuloma,2378_IM-0938-1001.dcm.png
2379,reference_corpus,"Lung, Hyperlucent;Lung/hyperdistention;Technical Quality of Image Unsatisfactory ",,False,,False,,"Lung;Lung, Hyperlucent;Technical Quality of Image Unsatisfactory",2379_IM-0939-1001.dcm.png
2381,reference_corpus,Calcified Granuloma/lung/multiple,,False,,False,,Calcified Granuloma,2381_IM-0941-1001.dcm.png
2382,reference_corpus,Cardiomegaly/moderate;Deformity/mediastinum/severe,Cardiomegaly,False,Cardiomegaly,True,,Deformity,2382_IM-0941-2001.dcm.png
2383,reference_corpus,Cardiomegaly;Lung/hypoinflation;Surgical Instruments/mediastinum;Osteophyte/thoracic vertebrae/multiple,Cardiomegaly;Support Devices,False,Cardiomegaly;Support Devices,True,,Lung;Osteophyte,2383_IM-0941-1001.dcm.png
2385,reference_corpus,normal,,True,No Finding,True,,,2385_IM-0942-1001.dcm.png
2386,reference_corpus,"Calcinosis/lung/lingula;Nodule/lung/lingula;Calcinosis/lung/hilum/left;Nodule/lung/hilum/left;Lung/hyperdistention;Pulmonary Disease, Chronic Obstructive",Lung Lesion,False,Lung Lesion,True,,"Calcinosis;Lung;Pulmonary Disease, Chronic Obstructive",2386_IM-0942-1001.dcm.png
2387,reference_corpus,Thoracic Vertebrae/degenerative/moderate;Technical Quality of Image Unsatisfactory ,,False,,False,,Technical Quality of Image Unsatisfactory;Thoracic Vertebrae,2387_IM-0943-1001.dcm.png
2390,reference_corpus,Cardiomegaly/borderline;Atherosclerosis/aorta;Volume Loss/thorax/left/mild;Diaphragm/left/elevated;Deformity/thorax/left,Cardiomegaly,False,Cardiomegaly,True,,Atherosclerosis;Deformity;Diaphragm;Volume Loss,2390_IM-0944-1001.dcm.png
2392,reference_corpus,normal,,True,No Finding,True,,,2392_IM-0944-1001.dcm.png
2393,reference_corpus,Lung/hyperdistention;Cicatrix/lung/apex/bilateral,,False,,False,,Cicatrix;Lung,2393_IM-0944-1001.dcm.png
2394,reference_corpus,normal,,True,No Finding,True,,,2394_IM-0944-1001.dcm.png
2397,reference_corpus,normal,,True,No Finding,True,,,2397_IM-0946-1001.dcm.png
2398,reference_corpus,Technical Quality of Image Unsatisfactory ;Cardiomegaly/mild;Lung/hypoinflation;Diaphragm/bilateral/elevated,Cardiomegaly,False,Cardiomegaly,True,,Diaphragm;Lung;Technical Quality of Image Unsatisfactory,2398_IM-0947-12012.dcm.png
2401,reference_corpus,normal,,True,No Finding,True,,,2401_IM-0950-1001.dcm.png
2402,reference_corpus,Lung/hypoinflation;Pulmonary Atelectasis/base/left,Atelectasis,False,Atelectasis,True,,Lung,2402_IM-0951-1001.dcm.png
2404,reference_corpus,Surgical Instruments/mediastinum;Calcinosis/mediastinum;Calcinosis/lung/hilum/right;Opacity/lung/base/left;Cicatrix/lung/base/left;Markings/bronchovascular,Lung Opacity;Support Devices,False,Lung Opacity;Support Devices,True,,Calcinosis;Cicatrix;Markings,2404_IM-0952-1001.dcm.png
2405,reference_corpus,Cicatrix/lung/apex/right;Granuloma/lung/middle lobe/right,,False,,False,,Cicatrix;Granuloma,2405_IM-0953-1001.dcm.png
2406,reference_corpus,"Hernia, Hiatal/large",,False,,False,,"Hernia, Hiatal",2406_IM-0954-1001.dcm.png
2407,reference_corpus,"Calcified Granuloma/lung/multiple/small;Pulmonary Disease, Chronic Obstructive;Granulomatous Disease",,False,,False,,"Calcified Granuloma;Granulomatous Disease;Pulmonary Disease, Chronic Obstructive",2407_IM-0954-1001.dcm.png
2408,reference_corpus,"Opacity/lung/base/bilateral/streaky;Fractures, Bone/lumbar vertebrae/severe;Deformity/thoracic vertebrae/anterior/moderate;Deformity/lumbar vertebrae/severe;Spine/degenerative;Stents/aorta",Lung Opacity;Fracture;Support Devices,False,Lung Opacity;Fracture;Support Devices,True,,Deformity;Spine,2408_IM-0955-4004.dcm.png
2409,reference_corpus,Opacity/lung/base/bilateral/interstitial;Calcified Granuloma/lung/multiple;Markings/lung/base/bilateral/interstitial,Lung Opacity,False,Lung Opacity,True,,Calcified Granuloma;Markings,2409_IM-0955-1001.dcm.png
2411,reference_corpus,Cardiomegaly/mild;Markings/bronchovascular/mild,Cardiomegaly,False,Cardiomegaly,True,,Markings,2411_IM-0957-0001-0002.dcm.png
2412,reference_corpus,Calcinosis/abdomen/right,,False,,False,,Calcinosis,2412_IM-0958-1001.dcm.png
2417,reference_corpus,Calcified Granuloma/lung/lower lobe/left;Airspace Disease/lung/base/bilateral/mild;Thoracic Vertebrae/degenerative,Lung Opacity,False,Lung Opacity,True,,Calcified Granuloma;Thoracic Vertebrae,2417_IM-0961-1001.dcm.png
2418,reference_corpus,Calcinosis/aorta;Calcinosis/ribs,,False,,False,,Calcinosis,2418_IM-0962-5001.dcm.png
2419,reference_corpus,"Atherosclerosis/aorta, thoracic",,False,,False,,Atherosclerosis,2419_IM-0963-1001.dcm.png
2420,reference_corpus,"Aorta/tortuous;Catheters, Indwelling/right;Deformity/ribs/left/multiple",Support Devices,False,Support Devices,True,,Aorta;Deformity,2420_IM-0964-0001-0001.dcm.png
2421,reference_corpus,Cardiomegaly/severe;Implanted Medical Device/left;Lung/hilum/enlarged;Opacity/lung;Pulmonary Atelectasis;Cicatrix/lung,Cardiomegaly;Lung Opacity;Atelectasis;Support Devices,False,Cardiomegaly;Lung Opacity;Atelectasis;Support Devices,True,,Cicatrix;Lung,
2422,reference_corpus,Consolidation/lung/lower lobe/left;Infiltrate/lung/lower lobe/right/patchy;Pneumonia/base/bilateral,Lung Opacity;Consolidation;Pneumonia,False,Lung Opacity;Consolidation;Pneumonia,True,,,2422_IM-0965-1001.dcm.png
2425,reference_corpus,Lung/hypoinflation,,False,,False,,Lung,2425_IM-0967-1001.dcm.png
2427,reference_corpus,"Hernia, Hiatal",,False,,False,,"Hernia, Hiatal",2427_IM-0969-4001.dcm.png
2428,reference_corpus,Lung/hyperdistention/mild;Diaphragm/posterior/flattened;Calcinosis/lung/hilum/left;Nodule/lung/lower lobe/left/multiple;Density/lung/lower lobe/left/round/multiple;Heart Atria/right/prominent,Lung Lesion,False,Lung Lesion,True,Density,Calcinosis;Diaphragm;Heart Atria;Lung,2428_IM-0970-1001.dcm.png
2430,reference_corpus,"Bone Diseases, Metabolic/thoracic vertebrae;Deformity/thoracic vertebrae;Scoliosis/thoracic vertebrae;Thoracic Vertebrae/degenerative;Calcified Granuloma/lung/upper lobe/left;Nodule/lung/middle lobe/right",Lung Lesion,False,Lung Lesion,True,,"Bone Diseases, Metabolic;Calcified Granuloma;Deformity;Scoliosis;Thoracic Vertebrae",
2431,reference_corpus,Calcinosis/lymph nodes,,False,,False,,Calcinosis,2431_IM-0973-1001.dcm.png
2432,reference_corpus,normal,,True,No Finding,True,,,2432_IM-0974-1001.dcm.png
2433,reference_corpus,Lung/hypoinflation;Pulmonary Atelectasis/base/bilateral;Thoracic Vertebrae/degenerative,Atelectasis,False,Atelectasis,True,,Lung;Thoracic Vertebrae,2433_IM-0975-2001.dcm.png
2434,reference_corpus,Cicatrix/lung/apex/bilateral,,False,,False,,Cicatrix,2434_IM-0976-1001.dcm.png
2435,reference_corpus,normal,,True,No Finding,True,,,2435_IM-0976-1001.dcm.png
2436,reference_corpus,normal,,True,No Finding,True,,,2436_IM-0976-1001.dcm.png
2437,reference_corpus,normal,,True,No Finding,True,,,2437_IM-0977-2002.dcm.png
2438,reference_corpus,normal,,True,No Finding,True,,,2438_IM-0978-4004.dcm.png
2441,reference_corpus,"Costophrenic Angle/right/blunted/mild;Aorta, Thoracic/tortuous/mild;Thoracic Vertebrae/degenerative/multiple/mild;Lumbar Vertebrae/degenerative/multiple/mild;Fractures, Bone/ribs/left/healed",Fracture,False,Fracture,True,,"Aorta, Thoracic;Costophrenic Angle;Lumbar Vertebrae;Thoracic Vertebrae",2441_IM-0978-1001.dcm.png
2442,reference_corpus,Technical Quality of Image Unsatisfactory ;Thoracic Vertebrae/degenerative;Deformity/thoracic vertebrae/scattered/multiple;Deformity/shoulder/left;Shoulder/right/degenerative/severe,,False,,False,,Deformity;Shoulder;Technical Quality of Image Unsatisfactory;Thoracic Vertebrae,2442_IM-0979-1001.dcm.png
2443,reference_corpus,Calcinosis/blood vessels,,False,,False,,Calcinosis,2443_IM-0980-1001.dcm.png
2444,reference_corpus,Shoulder/degenerative,,False,,False,,Shoulder,2444_IM-0980-1001.dcm.png
2446,reference_corpus,Aorta/tortuous,,False,,False,,Aorta,2446_IM-0982-1001.dcm.png
2447,reference_corpus,Calcinosis/lung/hilum/lymph nodes/right;Atherosclerosis/aorta;Thoracic Vertebrae/degenerative/moderate,,False,,False,,Atherosclerosis;Calcinosis;Thoracic Vertebrae,2447_IM-0983-1001.dcm.png
2448,reference_corpus,Pneumothorax/right;Pleural Effusion/right,Pneumothorax;Pleural Effusion,False,Pneumothorax;Pleural Effusion,True,,,2448_IM-0983-1001.dcm.png
2450,reference_corpus,normal,,True,No Finding,True,,,2450_IM-0986-1001.dcm.png
2451,reference_corpus,Thoracic Vertebrae/degenerative/mild,,False,,False,,Thoracic Vertebrae,2451_IM-0987-1001.dcm.png
2454,reference_corpus,Costophrenic Angle/left/blunted,,False,,False,,Costophrenic Angle,2454_IM-0989-1001.dcm.png
2455,reference_corpus,Mass/lung/upper lobe/right/anterior,Lung Lesion,False,Lung Lesion,True,,,2455_IM-0989-1001.dcm.png
2456,reference_corpus,"Cardiomegaly/mild;Kyphosis/thoracic vertebrae;Deformity/thoracic vertebrae;Deformity/lumbar vertebrae;Calcinosis/aorta;Fractures, Bone/humerus/right",Cardiomegaly;Fracture,False,Cardiomegaly;Fracture,True,,Calcinosis;Deformity;Kyphosis,2456_IM-0989-1001.dcm.png
2457,reference_corpus,normal,,True,No Finding,True,,,2457_IM-0989-1001.dcm.png
2458,reference_corpus,Thoracic Vertebrae/degenerative/mild,,False,,False,,Thoracic Vertebrae,2458_IM-0990-1001.dcm.png
2459,reference_corpus,normal,,True,No Finding,True,,,2459_IM-0991-1001.dcm.png
2460,reference_corpus,normal,,True,No Finding,True,,,2460_IM-0993-1001.dcm.png
2461,reference_corpus,normal,,True,No Finding,True,,,2461_IM-0994-0001-0002.dcm.png
2462,reference_corpus,Cardiomegaly;Calcinosis/aorta;Aorta/tortuous;Calcinosis/pleura/multiple,Cardiomegaly,False,Cardiomegaly,True,,Aorta;Calcinosis,2462_IM-0995-1001.dcm.png
2463,reference_corpus,Opacity/lung/interstitial/mild,Lung Opacity,False,Lung Opacity,True,,,2463_IM-0996-1001.dcm.png
2464,reference_corpus,normal,,True,No Finding,True,,,2464_IM-0997-1001.dcm.png
2465,reference_corpus,Cardiomegaly/mild,Cardiomegaly,False,Cardiomegaly,True,,,2465_IM-0997-1001.dcm.png
2466,reference_corpus,normal,,True,No Finding,True,,,2466_IM-0997-1001.dcm.png
2469,reference_corpus,Opacity/thorax/mild,Lung Opacity,False,Lung Opacity,True,,,2469_IM-0999-1001.dcm.png
2470,reference_corpus,normal,,True,No Finding,True,,,2470_IM-1001-1001.dcm.png
2472,reference_corpus,Implanted Medical Device,Support Devices,False,Support Devices,True,,,
2473,reference_corpus,Lung/hypoinflation,,False,,False,,Lung,2473_IM-1003-1001.dcm.png
2474,reference_corpus,Infiltrate/lung/lower lobe/bilateral/interstitial/patchy;Costophrenic Angle/bilateral/blunted;Aorta/tortuous/mild;Airspace Disease/lung/base/bilateral/patchy;Pleural Effusion/bilateral/small,Lung Opacity;Pleural Effusion,False,Lung Opacity;Pleural Effusion,True,,Aorta;Costophrenic Angle,2474_IM-1003-1001.dcm.png
2476,reference_corpus,Spine/degenerative,,False,,False,,Spine,2476_IM-1005-1001.dcm.png
2477,reference_corpus,Cardiomegaly;Shift/mediastinum/right;Calcinosis/lung/hilum/lymph nodes/left;Calcified Granuloma/lung/base/left;Markings/lung/interstitial/prominent;Pulmonary Atelectasis/base/bilateral/patchy;Opacity/lung/base/bilateral/prominent,Cardiomegaly;Lung Opacity;Atelectasis,False,Cardiomegaly;Lung Opacity;Atelectasis,True,,Calcified Granuloma;Calcinosis;Markings;Shift,2477_IM-1006-1001.dcm.png
2478,reference_corpus,"Lung/hyperdistention;Arthritis/spine;Pulmonary Disease, Chronic Obstructive;Lung Diseases, Interstitial",,False,,False,,"Arthritis;Lung;Lung Diseases, Interstitial;Pulmonary Disease, Chronic Obstructive",2478_IM-1007-1001.dcm.png
2479,reference_corpus,"Catheters, Indwelling/right;Lung/hypoinflation;Diaphragm/right/elevated;Spine/degenerative",Support Devices,False,Support Devices,True,,Diaphragm;Lung;Spine,
2480,reference_corpus,normal,,True,No Finding,True,,,2480_IM-1009-1001.dcm.png
2481,reference_corpus,Aorta/tortuous;Diaphragm/left/elevated;Opacity/lung/base/posterior;Pulmonary Atelectasis/base/posterior;Scoliosis,Lung Opacity;Atelectasis,False,Lung Opacity;Atelectasis,True,,Aorta;Diaphragm;Scoliosis,
2482,reference_corpus,Pneumothorax/apex/right;Pulmonary Atelectasis/base/left/mild,Atelectasis;Pneumothorax,False,Atelectasis;Pneumothorax,True,,,2482_IM-1011-0001-0002.dcm.png
2484,reference_corpus,Medical Device;Opacity/scattered/round/multiple;Calcified Granuloma/scattered/round/multiple;Granulomatous Disease,Lung Opacity;Support Devices,False,Lung Opacity;Support Devices,True,,Calcified Granuloma;Granulomatous Disease,2484_IM-1012-1001.dcm.png
2485,reference_corpus,Airspace Disease/lung/lower lobe/bilateral;Pleural Effusion/bilateral/moderate;Calcinosis/lung/hilum/lymph nodes/left;Infiltrate/lung/bilateral;Pulmonary Atelectasis/bilateral,Lung Opacity;Atelectasis;Pleural Effusion,False,Lung Opacity;Atelectasis;Pleural Effusion,True,,Calcinosis,2485_IM-1013-1001.dcm.png
2486,reference_corpus,Epicardial Fat/prominent;Deformity/ribs/right/multiple,,False,,False,,Deformity;Epicardial Fat,2486_IM-1014-1001.dcm.png
2487,reference_corpus,normal,,True,No Finding,True,,,2487_IM-1014-1001.dcm.png
2488,reference_corpus,Calcified Granuloma/lung/middle lobe/right;Calcinosis/lung/hilum/lymph nodes/right,,False,,False,,Calcified Granuloma;Calcinosis,2488_IM-1015-1001.dcm.png
2489,reference_corpus,Lung/hypoinflation;Calcified Granuloma/lung/hilum/right;Pulmonary Atelectasis/lower lobe/left/mild;Cicatrix/lung/lower lobe/left/mild,Atelectasis,False,Atelectasis,True,,Calcified Granuloma;Cicatrix;Lung,2489_IM-1016-1001.dcm.png
2490,reference_corpus,Calcified Granuloma/multiple,,False,,False,,Calcified Granuloma,2490_IM-1017-1001.dcm.png
2491,reference_corpus,normal,,True,No Finding,True,,,2491_IM-1017-1001.dcm.png
2492,reference_corpus,"Atherosclerosis/aorta, thoracic;Deformity/ribs/left/anterior/multiple;Fractures, Bone/ribs/left/anterior/multiple;Scoliosis/lumbar vertebrae",Fracture,False,Fracture,True,,Atherosclerosis;Deformity;Scoliosis,2492_IM-1018-1001.dcm.png
2494,reference_corpus,Cardiomegaly/mild;Spine/degenerative/mild;Calcinosis/blood vessels/severe;Calcified Granuloma/lung/lingula,Cardiomegaly,False,Cardiomegaly,True,,Calcified Granuloma;Calcinosis;Spine,2494_IM-1020-1001.dcm.png
2495,reference_corpus,Granuloma/lung/hilum/right/scattered/multiple;Calcified Granuloma/lung/apex/right;Costophrenic Angle/left/blunted/chronic,,False,,False,,Calcified Granuloma;Costophrenic Angle;Granuloma,2495_IM-1021-1001.dcm.png
2496,reference_corpus,Cardiomegaly/severe;Implanted Medical Device/left;Implanted Medical Device/left,Cardiomegaly;Support Devices,False,Cardiomegaly;Support Devices,True,,,
2497,reference_corpus,Lymph Nodes/bilateral/enlarged,,False,,False,,Lymph Nodes,2497_IM-1022-1001.dcm.png
2499,reference_corpus,Lung/bilateral/hypoinflation;Opacity/lung/base/bilateral;Costophrenic Angle/sulcus/bilateral/blunted;Implanted Medical Device/left;Cardiomegaly;Spine/degenerative;Airspace Disease/lung/base/bilateral;Pleural Effusion/bilateral,Cardiomegaly;Lung Opacity;Pleural Effusion;Support Devices,False,Cardiomegaly;Lung Opacity;Pleural Effusion;Support Devices,True,,Costophrenic Angle;Lung;Spine,
2501,reference_corpus,Lung/hyperdistention;Diaphragm/bilateral/flattened;Pulmonary Emphysema;Spine/degenerative/multiple,,False,,False,,Diaphragm;Lung;Pulmonary Emphysema;Spine,2501_IM-1027-1001.dcm.png
2502,reference_corpus,Opacity/lung/middle lobe/right/focal;Markings/lung/bilateral/prominent;Pleural Effusion/bilateral/small;Implanted Medical Device/heart;Atherosclerosis/aorta;Arthritis;Pulmonary Congestion/mild,Lung Opacity;Pleural Effusion;Support Devices,False,Lung Opacity;Pleural Effusion;Support Devices,True,Pulmonary Congestion,Arthritis;Atherosclerosis;Markings,2502_IM-1027-1001-0002.dcm.png
2505,reference_corpus,Calcinosis/aorta,,False,,False,,Calcinosis,2505_IM-1029-1001.dcm.png
2507,reference_corpus,Airspace Disease/lung/base/bilateral;Costophrenic Angle/right/blunted;Cicatrix/lung/right,Lung Opacity,False,Lung Opacity,True,,Cicatrix;Costophrenic Angle,2507_IM-1030-3001.dcm.png
2509,reference_corpus,Lung/hyperdistention;Emphysema,,False,,False,,Emphysema;Lung,2509_IM-1031-1001.dcm.png
2510,reference_corpus,Thoracic Vertebrae/degenerative,,False,,False,,Thoracic Vertebrae,2510_IM-1033-1001.dcm.png
2512,reference_corpus,"Surgical Instruments;Pleural Effusion/left/moderate;Bone Diseases, Metabolic;Kyphosis/thoracic vertebrae;Bone and Bones/degenerative;Technical Quality of Image Unsatisfactory ",Pleural Effusion;Support Devices,False,Pleural Effusion;Support Devices,True,,"Bone Diseases, Metabolic;Bone and Bones;Kyphosis;Technical Quality of Image Unsatisfactory",2512_IM-1034-1001.dcm.png
2514,reference_corpus,Granulomatous Disease;Thoracic Vertebrae/degenerative,,False,,False,,Granulomatous Disease;Thoracic Vertebrae,2514_IM-1036-1001.dcm.png
2516,reference_corpus,Lung/hyperdistention/mild;Cicatrix/lung/apex/right,,False,,False,,Cicatrix;Lung,2516_IM-1036-1001.dcm.png
2519,reference_corpus,Cardiomegaly/mild,Cardiomegaly,False,Cardiomegaly,True,,,2519_IM-1037-1001.dcm.png
2520,reference_corpus,Opacity/thorax/multiple/small;Cicatrix/mild;Pulmonary Atelectasis;Diaphragmatic Eventration/right;Calcified Granuloma/lung/left,Lung Opacity;Atelectasis,False,Lung Opacity;Atelectasis,True,,Calcified Granuloma;Cicatrix;Diaphragmatic Eventration,2520_IM-1039-27001.dcm.png
2522,reference_corpus,Cicatrix/lung/base/bilateral/chronic;Pleura/base/bilateral/abnormal/chronic;Stents,Support Devices,False,Support Devices,True,,Cicatrix;Pleura,2522_IM-1040-1001.dcm.png
2524,reference_corpus,Granulomatous Disease;Spondylosis/thoracic vertebrae,,False,,False,,Granulomatous Disease;Spondylosis,2524_IM-1042-1001.dcm.png
2525,reference_corpus,Cicatrix/lung/base/left;Deformity/clavicle/right,,False,,False,,Cicatrix;Deformity,
2526,reference_corpus,normal,,True,No Finding,True,,,2526_IM-1043-1001.dcm.png
2528,reference_corpus,Spondylosis/thoracic vertebrae,,False,,False,,Spondylosis,2528_IM-1044-1001.dcm.png
2529,reference_corpus,normal,,True,No Finding,True,,,2529_IM-1044-1001.dcm.png
2530,reference_corpus,"Aorta/prominent;Aorta, Thoracic/tortuous;Density/ribs/left/anterior;Fractures, Bone/ribs/left/anterior/multiple",Fracture,False,Fracture,True,Density,"Aorta;Aorta, Thoracic",2530_IM-1045-1001.dcm.png
2531,reference_corpus,Calcified Granuloma/scattered/multiple;Thoracic Vertebrae/degenerative/multiple/mild;Lumbar Vertebrae/degenerative/multiple/mild,,False,,False,,Calcified Granuloma;Lumbar Vertebrae;Thoracic Vertebrae,2531_IM-1045-1001.dcm.png
2532,reference_corpus,Cardiomegaly;Opacity/lung/base/bilateral/interstitial;Opacity/lung/middle lobe/bilateral/interstitial;Pulmonary Edema;Cardiac Shadow/enlarged;Thickening/pleura,Cardiomegaly;Lung Opacity;Edema;Pleural Other,False,Cardiomegaly;Lung Opacity;Edema;Pleural Other,True,,,2532_IM-1046-1001.dcm.png
2535,reference_corpus,normal,,True,No Finding,True,,,
2536,reference_corpus,Surgical Instruments/mediastinum,Support Devices,False,Support Devices,True,,,2536_IM-1049-1001.dcm.png
2537,reference_corpus,"Opacity/lung/base/right/patchy;Pulmonary Atelectasis/base/bilateral;Cicatrix/lung/base/bilateral;Calcified Granuloma/lung/apex/right;Airspace Disease/lung/base/right/acute;Lung Diseases, Interstitial",Lung Opacity;Atelectasis,False,Lung Opacity;Atelectasis,True,,"Calcified Granuloma;Cicatrix;Lung Diseases, Interstitial",2537_IM-1049-1001.dcm.png
2538,reference_corpus,normal,,True,No Finding,True,,,2538_IM-1050-1001.dcm.png
2539,reference_corpus,normal,,True,No Finding,True,,,2539_IM-1050-1001.dcm.png
2540,reference_corpus,normal,,True,No Finding,True,,,2540_IM-1052-1001.dcm.png
2541,reference_corpus,normal,,True,No Finding,True,,,2541_IM-1053-3001.dcm.png
2543,reference_corpus,"Cardiomegaly;Pulmonary Edema/lower lobe/bilateral;Pulmonary Edema/middle lobe/bilateral;Catheters, Indwelling/thorax/right/anterior",Cardiomegaly;Edema;Support Devices,False,Cardiomegaly;Edema;Support Devices,True,,,2543_IM-1054-2001.dcm.png
2547,reference_corpus,Opacity/lung/lower lobe/right/mild;Consolidation/lung/lower lobe/right;Pneumonia/lower lobe/right/mild;Airspace Disease/lung/lower lobe/right,Lung Opacity;Consolidation;Pneumonia,False,Lung Opacity;Consolidation;Pneumonia,True,,,2547_IM-1055-4004.dcm.png
2548,reference_corpus,Lung/hypoinflation;Pulmonary Atelectasis/base/bilateral/patchy/streaky;Cicatrix/lung/base/bilateral/patchy/streaky;Costophrenic Angle/bilateral/posterior/blunted,Atelectasis,False,Atelectasis,True,,Cicatrix;Costophrenic Angle;Lung,2548_IM-1056-0001-0001.dcm.png
2549,reference_corpus,normal,,True,No Finding,True,,,2549_IM-1057-1001.dcm.png
2551,reference_corpus,normal,,True,No Finding,True,,,2551_IM-1058-1001.dcm.png
2552,reference_corpus,normal,,True,No Finding,True,,,2552_IM-1058-1001.dcm.png
2554,reference_corpus,Lung/hyperdistention/mild;Costophrenic Angle/left/blunted;Pulmonary Atelectasis/left;Cicatrix/lung/left,Atelectasis,False,Atelectasis,True,,Cicatrix;Costophrenic Angle;Lung,2554_IM-1059-1001.dcm.png
2555,reference_corpus,Lung/hyperdistention/mild,,False,,False,,Lung,2555_IM-1060-1001.dcm.png
2557,reference_corpus,Cardiomegaly/mild;Technical Quality of Image Unsatisfactory ,Cardiomegaly,False,Cardiomegaly,True,,Technical Quality of Image Unsatisfactory,2557_IM-1061-4004.dcm.png
2558,reference_corpus,normal,,True,No Finding,True,,,2558_IM-1062-10001.dcm.png
2559,reference_corpus,normal,,True,No Finding,True,,,2559_IM-1063-1001.dcm.png
2560,reference_corpus,Calcified Granuloma/lung/upper lobe/left,,False,,False,,Calcified Granuloma,2560_IM-1064-1001.dcm.png
2561,reference_corpus,normal,,True,No Finding,True,,,2561_IM-1064-1001.dcm.png
2562,reference_corpus,Lung/hypoinflation;Markings/bronchovascular;Opacity/lung/base/bilateral/mild;Pulmonary Atelectasis/base/bilateral/mild;Thoracic Vertebrae/degenerative;Dislocations/thoracic vertebrae;Dislocations/lumbar vertebrae,Lung Opacity;Atelectasis,False,Lung Opacity;Atelectasis,True,,Dislocations;Lung;Markings;Thoracic Vertebrae,2562_IM-1065-1001.dcm.png
2563,reference_corpus,normal,,True,No Finding,True,,,2563_IM-1066-1001.dcm.png
2565,reference_corpus,"Aorta/tortuous;Lung/hypoinflation;Fractures, Bone/ribs/right/healed",Fracture,False,Fracture,True,,Aorta;Lung,2565_IM-1068-1002.dcm.png
2566,reference_corpus,normal,,True,No Finding,True,,,2566_IM-1068-1001.dcm.png
2567,reference_corpus,normal,,True,No Finding,True,,,2567_IM-1069-2002.dcm.png
2568,reference_corpus,Surgical Instruments/abdomen/right,Support Devices,False,Support Devices,True,,,2568_IM-1070-1001.dcm.png
2570,reference_corpus,"Cardiac Shadow/enlarged;Pericardial Effusion/mild;Pulmonary Congestion;Markings/lung/interstitial;Aorta, Thoracic/tortuous;Cardiomegaly;Pulmonary Edema/mild;Thickening/pleura",Cardiomegaly;Edema;Pleural Other,False,Cardiomegaly;Edema;Pleural Other,True,Pulmonary Congestion,"Aorta, Thoracic;Markings;Pericardial Effusion",2570_IM-1073-1001.dcm.png
2573,reference_corpus,normal,,True,No Finding,True,,,2573_IM-1074-1001.dcm.png
2574,reference_corpus,Calcified Granuloma/lung/middle lobe/right,,False,,False,,Calcified Granuloma,2574_IM-1074-1001.dcm.png
2576,reference_corpus,Pneumonectomy/lung/upper lobe/left;Cicatrix/lung/hilum/left,,False,,False,,Cicatrix;Pneumonectomy,2576_IM-1076-1001.dcm.png
2577,reference_corpus,Opacity/lung;Pulmonary Atelectasis;Airspace Disease/lung,Lung Opacity;Atelectasis,False,Lung Opacity;Atelectasis,True,,,2577_IM-1077-1001.dcm.png
2579,reference_corpus,normal,,True,No Finding,True,,,2579_IM-1078-1001.dcm.png
2580,reference_corpus,Cicatrix/lung/upper lobe/right;Thickening/pleura,Pleural Other,False,Pleural Other,True,,Cicatrix,2580_IM-1078-1001.dcm.png
2581,reference_corpus,Spine/degenerative/mild;Diaphragm/bilateral/flattened,,False,,False,,Diaphragm;Spine,2581_IM-1079-1001.dcm.png
2582,reference_corpus,Lung/hypoinflation;Markings/bronchovascular;Nodule/lung/base/right;Density/lung/base/right,Lung Lesion,False,Lung Lesion,True,Density,Lung;Markings,
2583,reference_corpus,normal,,True,No Finding,True,,,2583_IM-1081-1001.dcm.png
2584,reference_corpus,normal,,True,No Finding,True,,,2584_IM-1081-1001.dcm.png
2585,reference_corpus,Costophrenic Angle/right/blunted/mild;Heart/right/obscured/mild;Airspace Disease/lung/middle lobe/right;Spine/degenerative,Lung Opacity,False,Lung Opacity,True,,Costophrenic Angle;Heart;Spine,2585_IM-1082-1001.dcm.png
2586,reference_corpus,Aortic Aneurysm,,False,,False,,Aortic Aneurysm,2586_IM-1083-1001.dcm.png
2588,reference_corpus,Density/lung/base/left/round,,False,,False,Density,,2588_IM-1083-1001.dcm.png
2589,reference_corpus,Cardiomegaly;Calcinosis/aorta;Calcified Granuloma/bilateral/multiple,Cardiomegaly,False,Cardiomegaly,True,,Calcified Granuloma;Calcinosis,2589_IM-1083-1001.dcm.png
2590,reference_corpus,normal,,True,No Finding,True,,,2590_IM-1083-1001.dcm.png
2592,reference_corpus,normal,,True,No Finding,True,,,2592_IM-1084-1001.dcm.png
2595,reference_corpus,normal,,True,No Finding,True,,,2595_IM-1086-1001.dcm.png
2597,reference_corpus,Lung/hilum/lymph nodes/bilateral/enlarged;Mediastinum/lymph nodes/bilateral/enlarged,,False,,False,Mediastinum,Lung,2597_IM-1087-1001.dcm.png
2600,reference_corpus,Implanted Medical Device/cervical vertebrae,Support Devices,False,Support Devices,True,,,2600_IM-1091-1001.dcm.png
2604,reference_corpus,normal,,True,No Finding,True,,,2604_IM-1094-1001.dcm.png
2607,reference_corpus,Lung/hyperdistention,,False,,False,,Lung,2607_IM-1097-3003.dcm.png
2608,reference_corpus,Consolidation/lung/lower lobe/bilateral;Costophrenic Angle/lower lobe/bilateral/blunted;Airspace Disease/lung/base/bilateral;Pleural Effusion/bilateral,Lung Opacity;Consolidation;Pleural Effusion,False,Lung Opacity;Consolidation;Pleural Effusion,True,,Costophrenic Angle,2608_IM-1098-2001.dcm.png
2609,reference_corpus,normal,,True,No Finding,True,,,2609_IM-1099-3001.dcm.png
2610,reference_corpus,Lung/hyperdistention;Cicatrix/lung/upper lobe/right;Pulmonary Atelectasis/upper lobe/right;Calcinosis/aorta,Atelectasis,False,Atelectasis,True,,Calcinosis;Cicatrix;Lung,2610_IM-1101-1001.dcm.png
2611,reference_corpus,normal,,True,No Finding,True,,,2611_IM-1102-1001.dcm.png
2613,reference_corpus,Lung/hyperdistention/mild,,False,,False,,Lung,2613_IM-1104-1001.dcm.png
2614,reference_corpus,Opacity/right/paratracheal/prominent;Lymph Nodes/right/paratracheal/enlarged,Lung Opacity,False,Lung Opacity,True,,Lymph Nodes,2614_IM-1105-1001.dcm.png
2617,reference_corpus,Lung/hyperdistention;Kyphosis/severe,,False,,False,,Kyphosis;Lung,2617_IM-1106-1001.dcm.png
2618,reference_corpus,Opacity/lung/retrocardiac/focal/small,Lung Opacity,False,Lung Opacity,True,,,2618_IM-1107-2001.dcm.png
2619,reference_corpus,Osteophyte/thoracic vertebrae/degenerative;Calcinosis/lung/hilum/lymph nodes/bilateral;Opacity/lung/middle lobe/bilateral/interstitial/round/small/mild,Lung Opacity,False,Lung Opacity,True,,Calcinosis;Osteophyte,2619_IM-1108-1001.dcm.png
2620,reference_corpus,normal,,True,No Finding,True,,,2620_IM-1109-1001.dcm.png
2621,reference_corpus,normal,,True,No Finding,True,,,2621_IM-1109-1001.dcm.png
2623,reference_corpus,normal,,True,No Finding,True,,,2623_IM-1111-1001.dcm.png
2625,reference_corpus,normal,,True,No Finding,True,,,2625_IM-1112-0001-0002.dcm.png
2626,reference_corpus,normal,,True,No Finding,True,,,2626_IM-1113-2001.dcm.png
2627,reference_corpus,Diaphragm/right/elevated/mild;Spine/degenerative,,False,,False,,Diaphragm;Spine,2627_IM-1114-3001.dcm.png
2628,reference_corpus,Lung/hypoinflation/mild;Pulmonary Atelectasis/base/bilateral/streaky/mild;Cicatrix/lung/base/bilateral;Calcified Granuloma/lung/lingula/posterior,Atelectasis,False,Atelectasis,True,,Calcified Granuloma;Cicatrix;Lung,2628_IM-1115-1001.dcm.png
2631,reference_corpus,Implanted Medical Device/humerus/right;Spinal Fusion/lumbar vertebrae,Support Devices,False,Support Devices,True,,Spinal Fusion,2631_IM-1118-1001.dcm.png
2632,reference_corpus,normal,,True,No Finding,True,,,2632_IM-1119-1001.dcm.png
2633,reference_corpus,Granulomatous Disease;Density/costophrenic angle/anterior/round;Thoracic Vertebrae/degenerative;Lumbar Vertebrae/degenerative;Scoliosis/mild,,False,,False,Density,Granulomatous Disease;Lumbar Vertebrae;Scoliosis;Thoracic Vertebrae,2633_IM-1120-2002.dcm.png
2635,reference_corpus,normal,,True,No Finding,True,,,
2637,reference_corpus,Cardiomegaly;Pleural Effusion/bilateral/small;Opacity/lung/multiple/abnormal;Opacity/lung/middle lobe/bilateral/interstitial;Opacity/lung/middle lobe/pulmonary alveoli/bilateral;Opacity/lung/base/bilateral/interstitial;Opacity/lung/base/pulmonary alveoli/bilateral;Pulmonary Edema;Cardiac Shadow/enlarged/severe;Sulcus/bilateral/posterior/blunted/mild;Pulmonary Congestion,Cardiomegaly;Lung Opacity;Edema;Pleural Effusion,False,Cardiomegaly;Lung Opacity;Edema;Pleural Effusion,True,Pulmonary Congestion,Sulcus,2637_IM-1122-4004.dcm.png
2638,reference_corpus,normal,,True,No Finding,True,,,2638_IM-1123-1001.dcm.png
2639,reference_corpus,Scoliosis/thoracic vertebrae/right/mild,,False,,False,,Scoliosis,2639_IM-1124-2001.dcm.png
2642,reference_corpus,"Tube, Inserted/trachea;Density/lung/lower lobe/left/irregular;Pulmonary Emphysema;Nodule/lung/lower lobe/left/irregular;Costophrenic Angle/bilateral/blunted/mild;Pleural Effusion/bilateral/small;Lung/hyperdistention;Bone Diseases, Metabolic;Deformity/thoracic vertebrae;Density/ribs/left/posterior/irregular;Deformity/ribs/left",Lung Lesion;Pleural Effusion;Support Devices,False,Lung Lesion;Pleural Effusion;Support Devices,True,Density,"Bone Diseases, Metabolic;Costophrenic Angle;Deformity;Lung;Pulmonary Emphysema",2642_IM-1128-1001.dcm.png
2643,reference_corpus,normal,,True,No Finding,True,,,2643_IM-1129-1001.dcm.png
2645,reference_corpus,Surgical Instruments/abdomen/right,Support Devices,False,Support Devices,True,,,2645_IM-1131-2001.dcm.png
2646,reference_corpus,Osteophyte/thoracic vertebrae/right/prominent/multiple,,False,,False,,Osteophyte,2646_IM-1131-1001.dcm.png
2647,reference_corpus,Foreign Bodies/posterior,,False,,False,,Foreign Bodies,2647_IM-1132-1001.dcm.png
2648,reference_corpus,Cardiomegaly/borderline;Lung/hypoinflation;Calcified Granuloma/lung/upper lobe/right,Cardiomegaly,False,Cardiomegaly,True,,Calcified Granuloma;Lung,
2649,reference_corpus,normal,,True,No Finding,True,,,
2650,reference_corpus,Implanted Medical Device/left;Cardiac Shadow/enlarged;Diaphragm/left/elevated;Thoracic Vertebrae/degenerative;Cardiomegaly,Cardiomegaly;Support Devices,False,Cardiomegaly;Support Devices,True,,Diaphragm;Thoracic Vertebrae,
2651,reference_corpus,normal,,True,No Finding,True,,,2651_IM-1136-1001.dcm.png
2652,reference_corpus,Calcinosis/mediastinum/lymph nodes,,False,,False,,Calcinosis,2652_IM-1136-1001.dcm.png
2653,reference_corpus,Thoracic Vertebrae/degenerative/mild,,False,,False,,Thoracic Vertebrae,2653_IM-1137-1001.dcm.png
2654,reference_corpus,No Indexing,,False,,False,,,2654_IM-1137-1001.dcm.png
2656,reference_corpus,Granulomatous Disease;Thoracic Vertebrae/degenerative,,False,,False,,Granulomatous Disease;Thoracic Vertebrae,
2657,reference_corpus,Pleural Effusion/bilateral/small;Pulmonary Edema/interstitial,Edema;Pleural Effusion,False,Edema;Pleural Effusion,True,,,2657_IM-1139-0001-0002.dcm.png
2658,reference_corpus,"Atherosclerosis/aorta, thoracic",,False,,False,,Atherosclerosis,2658_IM-1140-1001.dcm.png
2660,reference_corpus,normal,,True,No Finding,True,,,2660_IM-1142-1001.dcm.png
2661,reference_corpus,Cardiomegaly/mild;Lung/hypoinflation,Cardiomegaly,False,Cardiomegaly,True,,Lung,2661_IM-1142-1001.dcm.png
2662,reference_corpus,normal,,True,No Finding,True,,,2662_IM-1143-2002.dcm.png
2663,reference_corpus,normal,,True,No Finding,True,,,2663_IM-1144-1001.dcm.png
2664,reference_corpus,Opacity/lung/base/left/streaky/mild;Pulmonary Atelectasis/base/left;Infiltrate/lung/base/left,Lung Opacity;Atelectasis,False,Lung Opacity;Atelectasis,True,,,2664_IM-1145-1001.dcm.png
2665,reference_corpus,normal,,True,No Finding,True,,,2665_IM-1145-1001.dcm.png
2667,reference_corpus,normal,,True,No Finding,True,,,2667_IM-1146-1001.dcm.png
2669,reference_corpus,Opacity/lung/lower lobe/left/patchy/small,Lung Opacity,False,Lung Opacity,True,,,2669_IM-1147-1001.dcm.png
2670,reference_corpus,Lung/hyperdistention;Diaphragm/bilateral/flattened;Pulmonary Emphysema;Opacity/lung/lingula/streaky;Opacity/lung/hilum/left/streaky;Costophrenic Angle/bilateral/blunted/mild;Thickening/pleura/bilateral;Cicatrix/pleura/bilateral;Thoracic Vertebrae/degenerative;Pulmonary Atelectasis,Lung Opacity;Atelectasis;Pleural Other,False,Lung Opacity;Atelectasis;Pleural Other,True,,Cicatrix;Costophrenic Angle;Diaphragm;Lung;Pulmonary Emphysema;Thoracic Vertebrae,2670_IM-1148-1001.dcm.png
2671,reference_corpus,Markings/lung/bilateral/prominent/chronic,,False,,False,,Markings,2671_IM-1148-1001-0002.dcm.png
2672,reference_corpus,normal,,True,No Finding,True,,,2672_IM-1148-1001.dcm.png
2673,reference_corpus,Cardiomegaly;Pulmonary Congestion;Pulmonary Edema/base/bilateral/interstitial;Infiltrate/lung/base/bilateral/interstitial;Heart Failure,Cardiomegaly;Lung Opacity;Edema,False,Cardiomegaly;Lung Opacity;Edema,True,Pulmonary Congestion,Heart Failure,2673_IM-1149-1001.dcm.png
2674,reference_corpus,normal,,True,No Finding,True,,,2674_IM-1149-1001.dcm.png
2676,reference_corpus,"Tube, Inserted;Lung/hypoinflation;Cardiac Shadow/enlarged;Atherosclerosis/aorta, thoracic;Diaphragm/right/elevated;Diaphragm/left/obscured;Pulmonary Atelectasis/base/bilateral;Cardiomegaly",Cardiomegaly;Atelectasis;Support Devices,False,Cardiomegaly;Atelectasis;Support Devices,True,,Atherosclerosis;Diaphragm;Lung,2676_IM-1151-1001.dcm.png
2677,reference_corpus,"Aorta, Thoracic/tortuous/mild;Foreign Bodies/thorax/right",,False,,False,,"Aorta, Thoracic;Foreign Bodies",2677_IM-1151-1001.dcm.png
2679,reference_corpus,Scoliosis/thoracic vertebrae/moderate;Scoliosis/lumbar vertebrae/moderate,,False,,False,,Scoliosis,2679_IM-1153-1001.dcm.png
2680,reference_corpus,normal,,True,No Finding,True,,,2680_IM-1154-1001.dcm.png
2681,reference_corpus,Foreign Bodies/thorax/left/small;Calcinosis/aorta;Spine/degenerative/mild,,False,,False,,Calcinosis;Foreign Bodies;Spine,2681_IM-1154-1001.dcm.png
2683,reference_corpus,normal,,True,No Finding,True,,,2683_IM-1156-1001.dcm.png
2685,reference_corpus,Diaphragmatic Eventration/right/mild,,False,,False,,Diaphragmatic Eventration,2685_IM-1158-1001.dcm.png
2687,reference_corpus,Surgical Instruments/breast/left;Thoracic Vertebrae/degenerative/multiple,Support Devices,False,Support Devices,True,,Thoracic Vertebrae,2687_IM-1158-1001.dcm.png
2689,reference_corpus,Calcified Granuloma/multiple;Density/ribs/right/focal;Density/clavicle/right/focal;Calcinosis/aorta;Mastectomy/left,,False,,False,Density,Calcified Granuloma;Calcinosis;Mastectomy,2689_IM-1160-1002001.dcm.png
2690,reference_corpus,Calcified Granuloma/lung/lingula,,False,,False,,Calcified Granuloma,2690_IM-1162-1003002.dcm.png
2692,reference_corpus,normal,,True,No Finding,True,,,2692_IM-1164-1001.dcm.png
2693,reference_corpus,"Lung/hypoinflation;Aorta, Thoracic/tortuous",,False,,False,,"Aorta, Thoracic;Lung",2693_IM-1165-1001.dcm.png
2694,reference_corpus,normal,,True,No Finding,True,,,2694_IM-1165-1001.dcm.png
2695,reference_corpus,Lung/hyperdistention;Diaphragm/bilateral/flattened;Spondylosis/thoracic vertebrae,,False,,False,,Diaphragm;Lung;Spondylosis,2695_IM-1166-1001.dcm.png
2699,reference_corpus,normal,,True,No Finding,True,,,2699_IM-1167-1001.dcm.png
2700,reference_corpus,Calcified Granuloma/mediastinum/multiple,,False,,False,,Calcified Granuloma,2700_IM-1169-1001.dcm.png
2701,reference_corpus,No Indexing,,False,,False,,,2701_IM-1169-1001.dcm.png
2702,reference_corpus,Cardiomegaly;Lung/hypoinflation;Costophrenic Angle/right/blunted/mild;Pleural Effusion/right,Cardiomegaly;Pleural Effusion,False,Cardiomegaly;Pleural Effusion,True,,Costophrenic Angle;Lung,2702_IM-1170-1001.dcm.png
2704,reference_corpus,Aorta/tortuous;Opacity/lung/base/left/streaky;Cicatrix/lung/base/left;Pulmonary Atelectasis/base/left;Calcified Granuloma/lung/middle lobe/right/small;Opacity/lung/base/right/round/multiple/small;Opacity/costophrenic angle/sulcus/right/round/multiple/small,Lung Opacity;Atelectasis,False,Lung Opacity;Atelectasis,True,,Aorta;Calcified Granuloma;Cicatrix,2704_IM-1171-1001.dcm.png
2708,reference_corpus,Calcinosis/mediastinum/lymph nodes;Calcinosis/lung/lower lobe/right;Nodule/lung/lower lobe/right;Ribs/bilateral/degenerative;Granulomatous Disease,Lung Lesion,False,Lung Lesion,True,,Calcinosis;Granulomatous Disease;Ribs,2708_IM-1174-1001.dcm.png
2711,reference_corpus,"Catheters, Indwelling/right",Support Devices,False,Support Devices,True,,,2711_IM-1178-0001-0001.dcm.png
2713,reference_corpus,Calcinosis/aorta;Aorta/tortuous;Lung/hypoinflation;Diaphragm/right/elevated;Opacity/lung/base/bilateral/streaky/mild;Pulmonary Atelectasis/base/bilateral/mild,Lung Opacity;Atelectasis,False,Lung Opacity;Atelectasis,True,,Aorta;Calcinosis;Diaphragm;Lung,2713_IM-1180-1001.dcm.png
2714,reference_corpus,normal,,True,No Finding,True,,,2714_IM-1180-1001.dcm.png
2715,reference_corpus,Nodule/lung/lower lobe/right;Deformity/ribs/right/posterior/multiple,Lung Lesion,False,Lung Lesion,True,,Deformity,2715_IM-1180-1001.dcm.png
2716,reference_corpus,Opacity/lung/lower lobe/right;Consolidation/lung/lower lobe/right;Pulmonary Atelectasis/lower lobe/right;Costophrenic Angle/bilateral/blunted;Pulmonary Atelectasis/base/bilateral;Airspace Disease/lung/lower lobe/right;Pleural Effusion/bilateral,Lung Opacity;Consolidation;Atelectasis;Pleural Effusion,False,Lung Opacity;Consolidation;Atelectasis;Pleural Effusion,True,,Costophrenic Angle,2716_IM-1181-1001.dcm.png
2717,reference_corpus,Spondylosis/thoracic vertebrae,,False,,False,,Spondylosis,2717_IM-1181-1001-0001.dcm.png
2718,reference_corpus,Thoracic Vertebrae/degenerative/mild,,False,,False,,Thoracic Vertebrae,2718_IM-1182-1001.dcm.png
2719,reference_corpus,Opacity/lung/interstitial/round/prominent;Opacity/costophrenic angle/right/round;Cysts/lung/upper lobe/right;Cystic Fibrosis,Lung Opacity,False,Lung Opacity,True,,Cystic Fibrosis;Cysts,2719_IM-1182-1001.dcm.png
2722,reference_corpus,Lung/hypoinflation;Thickening/pleura/left;Cardiomegaly;Spine/degenerative,Cardiomegaly;Pleural Other,False,Cardiomegaly;Pleural Other,True,,Lung;Spine,2722_IM-1184-1001.dcm.png
2724,reference_corpus,Aorta/tortuous;Thoracic Vertebrae/degenerative,,False,,False,,Aorta;Thoracic Vertebrae,2724_IM-1186-1001.dcm.png
2726,reference_corpus,normal,,True,No Finding,True,,,2726_IM-1186-2001.dcm.png
2727,reference_corpus,Density/thorax/round/multiple;Granulomatous Disease/chronic;Emphysema,,False,,False,Density,Emphysema;Granulomatous Disease,2727_IM-1187-1001.dcm.png
2728,reference_corpus,"Lung/hyperdistention;Opacity/lung/middle lobe/right;Pulmonary Congestion;Pulmonary Disease, Chronic Obstructive;Cicatrix/lung/middle lobe/right/chronic;Pulmonary Atelectasis/middle lobe/right/chronic;Hypertension, Pulmonary",Lung Opacity;Atelectasis,False,Lung Opacity;Atelectasis,True,Pulmonary Congestion,"Cicatrix;Hypertension, Pulmonary;Lung;Pulmonary Disease, Chronic Obstructive",2728_IM-1187-1001.dcm.png
2730,reference_corpus,normal,,True,No Finding,True,,,2730_IM-1189-1001.dcm.png
2731,reference_corpus,normal,,True,No Finding,True,,,2731_IM-1189-1001.dcm.png
2733,reference_corpus,Opacity/lung/base/bilateral,Lung Opacity,False,Lung Opacity,True,,,2733_IM-1189-1001.dcm.png
2734,reference_corpus,normal,,True,No Finding,True,,,2734_IM-1189-1001.dcm.png
2735,reference_corpus,normal,,True,No Finding,True,,,2735_IM-1189-1001.dcm.png
2738,reference_corpus,Aorta/tortuous/mild,,False,,False,,Aorta,2738_IM-1192-1001.dcm.png
2739,reference_corpus,normal,,True,No Finding,True,,,2739_IM-1193-1001.dcm.png
2740,reference_corpus,Thoracic Vertebrae/degenerative,,False,,False,,Thoracic Vertebrae,2740_IM-1195-1001.dcm.png
2741,reference_corpus,normal,,True,No Finding,True,,,2741_IM-1196-1001.dcm.png
2742,reference_corpus,Granulomatous Disease;Spondylosis/thoracic vertebrae;Arthritis/cervical vertebrae/degenerative,,False,,False,,Arthritis;Granulomatous Disease;Spondylosis,2742_IM-1197-1001.dcm.png
2744,reference_corpus,normal,,True,No Finding,True,,,2744_IM-1197-1001.dcm.png
2745,reference_corpus,Calcified Granuloma/scattered/multiple,,False,,False,,Calcified Granuloma,2745_IM-1197-12012.dcm.png
2746,reference_corpus,"Catheters, Indwelling/right",Support Devices,False,Support Devices,True,,,2746_IM-1198-1001.dcm.png
2749,reference_corpus,Deformity/ribs/right/multiple/healed,,False,,False,,Deformity,2749_IM-1199-1001.dcm.png
2751,reference_corpus,normal,,True,No Finding,True,,,2751_IM-1201-1001.dcm.png
2752,reference_corpus,Cardiac Shadow/enlarged/mild;Pulmonary Congestion;Pleural Effusion/right/large;Pulmonary Atelectasis/right;Opacity/lung/hilum/mild;Cardiomegaly,Cardiomegaly;Lung Opacity;Atelectasis;Pleural Effusion,False,Cardiomegaly;Lung Opacity;Atelectasis;Pleural Effusion,True,Pulmonary Congestion,,2752_IM-1202-0001-0001.dcm.png
2754,reference_corpus,normal,,True,No Finding,True,,,2754_IM-1204-2002.dcm.png
2755,reference_corpus,Pneumonectomy/lung/lower lobe/right;Cardiomegaly/mild;Diaphragm/right/elevated;Deformity/ribs/right/multiple;Implanted Medical Device/shoulder/left,Cardiomegaly;Support Devices,False,Cardiomegaly;Support Devices,True,,Deformity;Diaphragm;Pneumonectomy,2755_IM-1204-1001.dcm.png
2756,reference_corpus,Infiltrate/lung/lower lobe/right;Implanted Medical Device/left,Lung Opacity;Support Devices,False,Lung Opacity;Support Devices,True,,,2756_IM-1205-1001.dcm.png
2760,reference_corpus,Cicatrix/lung/base/left/mild,,False,,False,,Cicatrix,2760_IM-1207-1001.dcm.png
2761,reference_corpus,"Opacity/lung/upper lobe/right/posterior/patchy/mild;Lung Diseases, Interstitial/chronic/mild;Thoracic Vertebrae/degenerative/multiple;Osteophyte/thoracic vertebrae/prominent/multiple",Lung Opacity,False,Lung Opacity,True,,"Lung Diseases, Interstitial;Osteophyte;Thoracic Vertebrae",2761_IM-1208-1001.dcm.png
2763,reference_corpus,Markings/lung/interstitial/prominent/mild,,False,,False,,Markings,2763_IM-1209-1001.dcm.png
2764,reference_corpus,normal,,True,No Finding,True,,,2764_IM-1209-1001.dcm.png
2766,reference_corpus,Cardiomegaly/moderate;Aorta/tortuous,Cardiomegaly,False,Cardiomegaly,True,,Aorta,2766_IM-1211-4004.dcm.png
2767,reference_corpus,Spine/degenerative/mild,,False,,False,,Spine,2767_IM-1212-1001.dcm.png
2768,reference_corpus,normal,,True,No Finding,True,,,2768_IM-1212-1001.dcm.png
2769,reference_corpus,Bullous Emphysema/lung/apex/bilateral;Thoracic Vertebrae/degenerative/multiple/mild,,False,,False,,Bullous Emphysema;Thoracic Vertebrae,2769_IM-1212-1001.dcm.png
2770,reference_corpus,normal,,True,No Finding,True,,,2770_IM-1213-1001.dcm.png
2771,reference_corpus,normal,,True,No Finding,True,,,2771_IM-1213-1001.dcm.png
2773,reference_corpus,Thoracic Vertebrae/degenerative/mild,,False,,False,,Thoracic Vertebrae,2773_IM-1214-1001.dcm.png
2774,reference_corpus,Cardiomegaly/mild,Cardiomegaly,False,Cardiomegaly,True,,,2774_IM-1215-1001.dcm.png
2775,reference_corpus,normal,,True,No Finding,True,,,2775_IM-1216-3001.dcm.png
2776,reference_corpus,Nodule/lung/lingula,Lung Lesion,False,Lung Lesion,True,,,2776_IM-1217-1001.dcm.png
2777,reference_corpus,Cicatrix/lung/base/left/mild;Pulmonary Atelectasis/base/left/mild,Atelectasis,False,Atelectasis,True,,Cicatrix,2777_IM-1217-1001.dcm.png
2779,reference_corpus,Scoliosis/lumbar vertebrae;Scoliosis/thoracic vertebrae,,False,,False,,Scoliosis,2779_IM-1218-1001.dcm.png
2780,reference_corpus,No Indexing,,False,,False,,,2780_IM-1218-1002.dcm.png
2782,reference_corpus,No Indexing,,False,,False,,,2782_IM-1220-1001.dcm.png
2784,reference_corpus,normal,,True,No Finding,True,,,2784_IM-1220-1001.dcm.png
2786,reference_corpus,normal,,True,No Finding,True,,,2786_IM-1221-1001.dcm.png
2787,reference_corpus,normal,,True,No Finding,True,,,2787_IM-1222-1001.dcm.png
2789,reference_corpus,Aorta/tortuous/mild;Calcinosis/mediastinum;Density/lung/lingula/round;Nodule/lung/lingula,Lung Lesion,False,Lung Lesion,True,Density,Aorta;Calcinosis,2789_IM-1223-8001.dcm.png
2790,reference_corpus,Lung/interstitial/prominent/mild;Lung/base/bilateral/prominent/mild,,False,,False,,Lung,2790_IM-1224-1001.dcm.png
2791,reference_corpus,normal,,True,No Finding,True,,,2791_IM-1225-2001.dcm.png
2793,reference_corpus,Lung/hyperdistention/mild,,False,,False,,Lung,2793_IM-1226-1001.dcm.png
2794,reference_corpus,"Lung/hyperdistention;Pulmonary Disease, Chronic Obstructive",,False,,False,,"Lung;Pulmonary Disease, Chronic Obstructive",2794_IM-1226-1001.dcm.png
2795,reference_corpus,Markings/lung/bilateral/diffuse/reticular/round,,False,,False,,Markings,2795_IM-1227-1001.dcm.png
2796,reference_corpus,normal,,True,No Finding,True,,,2796_IM-1228-1001.dcm.png
2797,reference_corpus,normal,,True,No Finding,True,,,2797_IM-1229-1001.dcm.png
2798,reference_corpus,"Calcinosis/mediastinum/lymph nodes;Calcinosis/lung/hilum/lymph nodes;Deformity/thoracic vertebrae;Fractures, Bone/thoracic vertebrae",Fracture,False,Fracture,True,,Calcinosis;Deformity,2798_IM-1230-3001.dcm.png
2799,reference_corpus,normal,,True,No Finding,True,,,2799_IM-1231-1001.dcm.png
2801,reference_corpus,Lung/base/bilateral/hypoinflation/mild;Pulmonary Atelectasis/middle lobe/right;Technical Quality of Image Unsatisfactory ,Atelectasis,False,Atelectasis,True,,Lung;Technical Quality of Image Unsatisfactory,2801_IM-1233-3003.dcm.png
2802,reference_corpus,Lung/hyperdistention;Surgical Instruments/abdomen/multiple,Support Devices,False,Support Devices,True,,Lung,2802_IM-1234-1001.dcm.png
2803,reference_corpus,Lung/hypoinflation,,False,,False,,Lung,2803_IM-1234-1001.dcm.png
2804,reference_corpus,normal,,True,No Finding,True,,,2804_IM-1235-1001.dcm.png
2805,reference_corpus,normal,,True,No Finding,True,,,2805_IM-1235-1001.dcm.png
2806,reference_corpus,normal,,True,No Finding,True,,,2806_IM-1236-1001.dcm.png
2807,reference_corpus,normal,,True,No Finding,True,,,2807_IM-1237-1001.dcm.png
2808,reference_corpus,Granulomatous Disease,,False,,False,,Granulomatous Disease,2808_IM-1238-1001.dcm.png
2810,reference_corpus,Aorta/tortuous/mild;Spine/degenerative/mild,,False,,False,,Aorta;Spine,2810_IM-1238-1001.dcm.png
2811,reference_corpus,normal,,True,No Finding,True,,,2811_IM-1238-2001.dcm.png
2812,reference_corpus,Lung/hypoinflation;Infiltrate/lung/lower lobe/right/patchy;Pneumonia/lower lobe/right,Lung Opacity;Pneumonia,False,Lung Opacity;Pneumonia,True,,Lung,2812_IM-1239-2001.dcm.png
2813,reference_corpus,Thoracic Vertebrae/degenerative/mild,,False,,False,,Thoracic Vertebrae,2813_IM-1239-1001.dcm.png
2814,reference_corpus,Cardiomegaly;Technical Quality of Image Unsatisfactory ;Pulmonary Congestion,Cardiomegaly,False,Cardiomegaly,True,Pulmonary Congestion,Technical Quality of Image Unsatisfactory,2814_IM-1239-1001.dcm.png
2815,reference_corpus,Granulomatous Disease,,False,,False,,Granulomatous Disease,2815_IM-1240-1001.dcm.png
2816,reference_corpus,Calcified Granuloma/lung/lingula,,False,,False,,Calcified Granuloma,
2820,reference_corpus,normal,,True,No Finding,True,,,2820_IM-1244-1001.dcm.png
2821,reference_corpus,Calcinosis/aorta;Aorta/tortuous;Thoracic Vertebrae/degenerative,,False,,False,,Aorta;Calcinosis;Thoracic Vertebrae,2821_IM-1244-1001.dcm.png
2824,reference_corpus,Lung/hyperdistention;Calcified Granuloma/lung/upper lobe/right,,False,,False,,Calcified Granuloma;Lung,2824_IM-1245-13001.dcm.png
2826,reference_corpus,"Markings/lung/interstitial/prominent;Lung Diseases, Interstitial/chronic/mild;Cicatrix/lung",,False,,False,,"Cicatrix;Lung Diseases, Interstitial;Markings",2826_IM-1246-1001.dcm.png
2827,reference_corpus,"Tube, Inserted/trachea, carina;Foreign Bodies/lung/lower lobe/right;Foreign Bodies/thoracic vertebrae/round;Density/lung/lower lobe/right;Hemopneumothorax/right/moderate;Pneumothorax/right/moderate;Subcutaneous  Emphysema/right;Fractures, Bone/ribs/right",Pneumothorax;Fracture;Support Devices,False,Pneumothorax;Fracture;Support Devices,True,Density,Foreign Bodies;Hemopneumothorax;Subcutaneous  Emphysema,2827_IM-1246-1001.dcm.png
2828,reference_corpus,Lung/hyperdistention;Thoracic Vertebrae/degenerative,,False,,False,,Lung;Thoracic Vertebrae,2828_IM-1247-1001.dcm.png
2829,reference_corpus,normal,,True,No Finding,True,,,2829_IM-1247-1001.dcm.png
2830,reference_corpus,Surgical Instruments/abdomen,Support Devices,False,Support Devices,True,,,2830_IM-1248-1001.dcm.png
2835,reference_corpus,Lung/hypoinflation,,False,,False,,Lung,2835_IM-1251-1001.dcm.png
2836,reference_corpus,Medical Device;Lung/hypoinflation;Markings/bronchovascular;Pulmonary Atelectasis/base/bilateral;Cardiac Shadow/enlarged/mild;Cardiomegaly/mild,Cardiomegaly;Atelectasis;Support Devices,False,Cardiomegaly;Atelectasis;Support Devices,True,,Lung;Markings,2836_IM-1252-1001.dcm.png
2837,reference_corpus,Thoracic Vertebrae/degenerative/mild;Opacity/round,Lung Opacity,False,Lung Opacity,True,,Thoracic Vertebrae,2837_IM-1252-1001.dcm.png
2838,reference_corpus,normal,,True,No Finding,True,,,2838_IM-1252-1001.dcm.png
2839,reference_corpus,normal,,True,No Finding,True,,,2839_IM-1252-1001.dcm.png
2840,reference_corpus,normal,,True,No Finding,True,,,2840_IM-1253-1001-0002.dcm.png
2842,reference_corpus,normal,,True,No Finding,True,,,2842_IM-1254-1001.dcm.png
2843,reference_corpus,Density/right/paratracheal;Opacity/lung/upper lobe/right/patchy/streaky,Lung Opacity,False,Lung Opacity,True,Density,,2843_IM-1254-1001-0002.dcm.png
2844,reference_corpus,"Fractures, Bone/ribs/left/multiple/healed",Fracture,False,Fracture,True,,,2844_IM-1254-1001.dcm.png
2845,reference_corpus,normal,,True,No Finding,True,,,2845_IM-1254-1001.dcm.png
2847,reference_corpus,"Aorta, Thoracic/tortuous;Stents/aorta;Calcified Granuloma/scattered/multiple;Diaphragm/left/elevated/mild;Spine/degenerative/mild",Support Devices,False,Support Devices,True,,"Aorta, Thoracic;Calcified Granuloma;Diaphragm;Spine",2847_IM-1256-1001.dcm.png
2848,reference_corpus,Cardiomegaly/mild;Calcinosis/lung/hilum,Cardiomegaly,False,Cardiomegaly,True,,Calcinosis,2848_IM-1256-1001.dcm.png
2850,reference_corpus,normal,,True,No Finding,True,,,2850_IM-1259-2002.dcm.png
2851,reference_corpus,normal,,True,No Finding,True,,,2851_IM-1260-0001-0001.dcm.png
2854,reference_corpus,normal,,True,No Finding,True,,,2854_IM-1262-1001.dcm.png
2855,reference_corpus,normal,,True,No Finding,True,,,2855_IM-1263-1001.dcm.png
2856,reference_corpus,normal,,True,No Finding,True,,,2856_IM-1263-1001.dcm.png
2857,reference_corpus,Surgical Instruments/mediastinum;Osteophyte/thoracic vertebrae;Surgical Instruments/abdomen;Diaphragmatic Eventration/right,Support Devices,False,Support Devices,True,,Diaphragmatic Eventration;Osteophyte,2857_IM-1264-1001.dcm.png
2859,reference_corpus,Opacity/lung/upper lobe/left/round;Density/lung/upper lobe/left/round;Pneumonia/upper lobe/left/round,Lung Opacity;Pneumonia,False,Lung Opacity;Pneumonia,True,Density,,2859_IM-1266-1001.dcm.png
2861,reference_corpus,normal,,True,No Finding,True,,,2861_IM-1269-2001.dcm.png
2862,reference_corpus,normal,,True,No Finding,True,,,2862_IM-1270-1001.dcm.png
2864,reference_corpus,Opacity/lung/base/right/irregular;Lucency/lung/base/right/irregular;Costophrenic Angle/right/blunted/mild,Lung Opacity,False,Lung Opacity,True,,Costophrenic Angle;Lucency,2864_IM-1272-1001.dcm.png
2865,reference_corpus,Implanted Medical Device/heart/right,Support Devices,False,Support Devices,True,,,2865_IM-1273-1001.dcm.png
2867,reference_corpus,Lucency/lung;Pulmonary Emphysema;Density/lung/apex/right;Deformity/thorax/chronic,,False,,False,Density,Deformity;Lucency;Pulmonary Emphysema,2867_IM-1274-1001.dcm.png
2868,reference_corpus,Spondylosis/thoracic vertebrae/mild,,False,,False,,Spondylosis,2868_IM-1275-1001.dcm.png
2871,reference_corpus,normal,,True,No Finding,True,,,2871_IM-1277-1001.dcm.png
2873,reference_corpus,normal,,True,No Finding,True,,,2873_IM-1279-2002.dcm.png
2874,reference_corpus,Calcified Granuloma/lung/base/right;Calcinosis/lung/hilum/lymph nodes/right,,False,,False,,Calcified Granuloma;Calcinosis,2874_IM-1280-1001.dcm.png
2876,reference_corpus,normal,,True,No Finding,True,,,2876_IM-1282-1001.dcm.png
2877,reference_corpus,normal,,True,No Finding,True,,,2877_IM-1283-1001.dcm.png
2878,reference_corpus,normal,,True,No Finding,True,,,
2879,reference_corpus,Cardiomegaly/borderline;Calcinosis/aorta;Aorta/tortuous;Spondylosis/mild,Cardiomegaly,False,Cardiomegaly,True,,Aorta;Calcinosis;Spondylosis,2879_IM-1284-1001.dcm.png
2880,reference_corpus,normal,,True,No Finding,True,,,2880_IM-1284-1001.dcm.png
2882,reference_corpus,Cardiomegaly/mild;Thoracic Vertebrae/degenerative,Cardiomegaly,False,Cardiomegaly,True,,Thoracic Vertebrae,2882_IM-1286-1001.dcm.png
2886,reference_corpus,Lung/hypoinflation;Pleural Effusion/right/small;Opacity/lung/base/left/patchy,Lung Opacity;Pleural Effusion,False,Lung Opacity;Pleural Effusion,True,,Lung,2886_IM-1288-0001-0002.dcm.png
2887,reference_corpus,"Opacity/lung/base/bilateral/multiple;Fractures, Bone/clavicle/right;Airspace Disease/lung/base/bilateral/mild;Pulmonary Atelectasis/base/bilateral/mild",Lung Opacity;Atelectasis;Fracture,False,Lung Opacity;Atelectasis;Fracture,True,,,2887_IM-1289-4001.dcm.png
2888,reference_corpus,"Aorta, Thoracic/tortuous;Spine/degenerative",,False,,False,,"Aorta, Thoracic;Spine",2888_IM-1290-0001-0001.dcm.png
2889,reference_corpus,normal,,True,No Finding,True,,,2889_IM-1291-1001.dcm.png
2890,reference_corpus,Density/adipose tissue/posterior/round/small;Opacity/adipose tissue/posterior/round/small;Foreign Bodies/adipose tissue/posterior/round/small,Lung Opacity,False,Lung Opacity,True,Density,Foreign Bodies,2890_IM-1293-8001.dcm.png
2891,reference_corpus,"Hernia, Hiatal/large",,False,,False,,"Hernia, Hiatal",2891_IM-1294-1001.dcm.png
2892,reference_corpus,Calcified Granuloma/lung/lower lobe/left/multiple,,False,,False,,Calcified Granuloma,2892_IM-1295-1001.dcm.png
2895,reference_corpus,normal,,True,No Finding,True,,,2895_IM-1297-1001.dcm.png
2901,reference_corpus,Pulmonary Atelectasis/upper lobe/right/mild;Osteophyte/thoracic vertebrae/degenerative,Atelectasis,False,Atelectasis,True,,Osteophyte,2901_IM-1305-1001.dcm.png
2904,reference_corpus,"Cardiomegaly/borderline;Aorta/tortuous;Lung/hyperdistention;Fractures, Bone/ribs/left/healed",Cardiomegaly;Fracture,False,Cardiomegaly;Fracture,True,,Aorta;Lung,2904_IM-1308-1001.dcm.png
2906,reference_corpus,Scoliosis/thoracic vertebrae/right,,False,,False,,Scoliosis,2906_IM-1310-1001.dcm.png
2908,reference_corpus,Markings/lung/interstitial/chronic;Spine/degenerative,,False,,False,,Markings;Spine,2908_IM-1312-4004.dcm.png
2909,reference_corpus,"Airspace Disease/lung/lingula/patchy;Calcified Granuloma/mediastinum/multiple;Catheters, Indwelling/right",Lung Opacity;Support Devices,False,Lung Opacity;Support Devices,True,,Calcified Granuloma,2909_IM-1313-1001.dcm.png
2911,reference_corpus,Sulcus/bilateral/blunted/mild;Thickening/pleura/bilateral;Cicatrix/pleura/bilateral;Pulmonary Atelectasis/base/right/mild,Atelectasis;Pleural Other,False,Atelectasis;Pleural Other,True,,Cicatrix;Sulcus,2911_IM-1314-1001.dcm.png
2915,reference_corpus,normal,,True,No Finding,True,,,2915_IM-1317-3001.dcm.png
2917,reference_corpus,"Lung/hyperdistention;Blister/lung/upper lobe/bilateral/multiple;Pulmonary Disease, Chronic Obstructive",,False,,False,,"Blister;Lung;Pulmonary Disease, Chronic Obstructive",2917_IM-1319-1001.dcm.png
2919,reference_corpus,Cardiomegaly/severe;Pulmonary Congestion,Cardiomegaly,False,Cardiomegaly,True,Pulmonary Congestion,,2919_IM-1321-3001.dcm.png
2920,reference_corpus,normal,,True,No Finding,True,,,2920_IM-1323-1001.dcm.png
2921,reference_corpus,Airspace Disease/lung/costophrenic angle/left/mild;Pleural Effusion/costophrenic angle/left/mild;Aorta/tortuous;Spine/degenerative,Lung Opacity;Pleural Effusion,False,Lung Opacity;Pleural Effusion,True,,Aorta;Spine,
2922,reference_corpus,Lung/hyperdistention;Diaphragm/bilateral/flattened;Calcinosis/lung/hilum/right,,False,,False,,Calcinosis;Diaphragm;Lung,2922_IM-1325-12012.dcm.png
2923,reference_corpus,normal,,True,No Finding,True,,,2923_IM-1326-1001.dcm.png
2924,reference_corpus,Calcified Granuloma/lung/upper lobe/left/small,,False,,False,,Calcified Granuloma,2924_IM-1327-1001.dcm.png
2926,reference_corpus,normal,,True,No Finding,True,,,2926_IM-1328-1001.dcm.png
2927,reference_corpus,Nipple Shadow/bilateral;Calcinosis/right/paratracheal,,False,,False,,Calcinosis;Nipple Shadow,2927_IM-1329-1001.dcm.png
2928,reference_corpus,"Lucency/retrocardiac;Hernia, Hiatal/large;Deformity/thoracic vertebrae",,False,,False,,"Deformity;Hernia, Hiatal;Lucency",2928_IM-1330-13013.dcm.png
2929,reference_corpus,Lung/hypoinflation,,False,,False,,Lung,2929_IM-1331-2001.dcm.png
2930,reference_corpus,Osteophyte/thoracic vertebrae/multiple,,False,,False,,Osteophyte,2930_IM-1333-1002001.dcm.png
2931,reference_corpus,Opacity/lung/lower lobe/left;Opacity/costophrenic angle/left,Lung Opacity,False,Lung Opacity,True,,,2931_IM-1334-1001.dcm.png
2935,reference_corpus,Scoliosis;Diaphragmatic Eventration/left/posterior/focal;Technical Quality of Image Unsatisfactory ;Markings/bronchovascular/left;Kyphosis/severe,,False,,False,,Diaphragmatic Eventration;Kyphosis;Markings;Scoliosis;Technical Quality of Image Unsatisfactory,2935_IM-1337-1001.dcm.png
2937,reference_corpus,normal,,True,No Finding,True,,,2937_IM-1339-1001.dcm.png
2939,reference_corpus,Surgical Instruments/abdomen/right,Support Devices,False,Support Devices,True,,,2939_IM-1339-1001.dcm.png
2940,reference_corpus,Thoracic Vertebrae/degenerative,,False,,False,,Thoracic Vertebrae,2940_IM-1341-1001.dcm.png
2941,reference_corpus,normal,,True,No Finding,True,,,2941_IM-1342-1001.dcm.png
2942,reference_corpus,normal,,True,No Finding,True,,,2942_IM-1343-1001.dcm.png
2945,reference_corpus,Markings/lung/bilateral/interstitial/diffuse;Shoulder/degenerative,,False,,False,,Markings;Shoulder,2945_IM-1345-12012.dcm.png
2946,reference_corpus,Costophrenic Angle/right/blunted/mild,,False,,False,,Costophrenic Angle,2946_IM-1346-1001.dcm.png
2947,reference_corpus,normal,,True,No Finding,True,,,2947_IM-1347-1001.dcm.png
2948,reference_corpus,normal,,True,No Finding,True,,,2948_IM-1348-1001.dcm.png
2949,reference_corpus,Calcified Granuloma/lung/scattered/multiple;Nodule/lung/scattered/multiple;Calcinosis/lung/scattered/multiple;Calcinosis/lung/hilum/lymph nodes;Calcinosis/mediastinum/lymph nodes,Lung Lesion,False,Lung Lesion,True,,Calcified Granuloma;Calcinosis,2949_IM-1348-1001.dcm.png
2950,reference_corpus,normal,,True,No Finding,True,,,2950_IM-1348-1001.dcm.png
2951,reference_corpus,Lucency/ribs/left/posterior,,False,,False,,Lucency,2951_IM-1349-1001.dcm.png
2952,reference_corpus,Lung/hypoinflation/mild,,False,,False,,Lung,
2953,reference_corpus,normal,,True,No Finding,True,,,2953_IM-1351-1001.dcm.png
2954,reference_corpus,Lung/base/bilateral/obscured;Lung/hypoinflation;Pulmonary Atelectasis;Pulmonary Fibrosis;Calcified Granuloma/lung/left;Infiltrate/lung/base/bilateral;Pleural Effusion/base/bilateral,Lung Opacity;Atelectasis;Pleural Effusion,False,Lung Opacity;Atelectasis;Pleural Effusion,True,,Calcified Granuloma;Lung;Pulmonary Fibrosis,2954_IM-1352-2001.dcm.png
2956,reference_corpus,normal,,True,No Finding,True,,,2956_IM-1353-2001.dcm.png
2958,reference_corpus,Volume Loss/lung/upper lobe/right;Cavitation/lung/upper lobe/right;Pulmonary Fibrosis/upper lobe/right,,False,,False,,Cavitation;Pulmonary Fibrosis;Volume Loss,2958_IM-1354-1001.dcm.png
2959,reference_corpus,normal,,True,No Finding,True,,,2959_IM-1354-1001.dcm.png
2960,reference_corpus,normal,,True,No Finding,True,,,2960_IM-1354-1001.dcm.png
2961,reference_corpus,Opacity/lung/base/left/patchy;Lucency/diaphragm/right;Pleural Effusion/left/small;Atherosclerosis/aorta;Arthritis;Pulmonary Atelectasis/base/left;Pneumonia/base/left,Lung Opacity;Pneumonia;Atelectasis;Pleural Effusion,False,Lung Opacity;Pneumonia;Atelectasis;Pleural Effusion,True,,Arthritis;Atherosclerosis;Lucency,2961_IM-1355-1001.dcm.png
2962,reference_corpus,Scoliosis/thoracic vertebrae/left/mild;Cardiomegaly;Calcinosis/thorax/scattered/round/multiple;Density/thorax/scattered/round/multiple;Granulomatous Disease;Thoracic Vertebrae/degenerative/moderate,Cardiomegaly,False,Cardiomegaly,True,Density,Calcinosis;Granulomatous Disease;Scoliosis;Thoracic Vertebrae,2962_IM-1355-1001.dcm.png
2963,reference_corpus,normal,,True,No Finding,True,,,2963_IM-1356-1001.dcm.png
2965,reference_corpus,normal,,True,No Finding,True,,,2965_IM-1358-1001.dcm.png
2966,reference_corpus,Spine/degenerative;Scoliosis,,False,,False,,Scoliosis;Spine,2966_IM-1359-1001.dcm.png
2967,reference_corpus,normal,,True,No Finding,True,,,2967_IM-1360-1001.dcm.png
2968,reference_corpus,Mass/right/paratracheal,Lung Lesion,False,Lung Lesion,True,,,2968_IM-1360-1001.dcm.png
2969,reference_corpus,Atherosclerosis/aorta;Lung/hyperdistention/severe;Emphysema;Cicatrix/lung/apex/bilateral;Cicatrix/pleura/apex/bilateral;Granuloma/scattered/multiple,,False,,False,,Atherosclerosis;Cicatrix;Emphysema;Granuloma;Lung,2969_IM-1360-1001.dcm.png
2970,reference_corpus,"Calcinosis/aorta, thoracic",,False,,False,,Calcinosis,2970_IM-1362-1001.dcm.png
2972,reference_corpus,Lung/hypoinflation;Costophrenic Angle/bilateral/blunted;Pleural Effusion/bilateral/small,Pleural Effusion,False,Pleural Effusion,True,,Costophrenic Angle;Lung,2972_IM-1363-1001.dcm.png
2975,reference_corpus,Cardiac Shadow/enlarged/moderate;Infiltrate/lung/base/right/patchy/mild;Pulmonary Atelectasis/base/right/mild;Cicatrix/lung/lingula;Pulmonary Atelectasis/lingula,Cardiomegaly;Lung Opacity;Atelectasis,False,Cardiomegaly;Lung Opacity;Atelectasis,True,,Cicatrix,2975_IM-1364-1001.dcm.png
2976,reference_corpus,Lung/hyperdistention,,False,,False,,Lung,2976_IM-1365-2002.dcm.png
2979,reference_corpus,Calcinosis/mediastinum/lymph nodes;Atherosclerosis/aorta;Arthritis,,False,,False,,Arthritis;Atherosclerosis;Calcinosis,2979_IM-1368-1001-0001.dcm.png
2980,reference_corpus,Calcified Granuloma/scattered/multiple,,False,,False,,Calcified Granuloma,2980_IM-1370-1002001.dcm.png
2982,reference_corpus,Cicatrix/lung/lingula,,False,,False,,Cicatrix,2982_IM-1371-1001.dcm.png
2983,reference_corpus,Cicatrix/lung/lower lobe/right;Granuloma/multiple,,False,,False,,Cicatrix;Granuloma,2983_IM-1371-2001.dcm.png
2984,reference_corpus,Calcinosis/lymph nodes;Aorta/tortuous;Cardiac Shadow/enlarged/moderate;Lung/hypoinflation;Kyphosis/severe;Spondylosis;Cardiomegaly,Cardiomegaly,False,Cardiomegaly,True,,Aorta;Calcinosis;Kyphosis;Lung;Spondylosis,2984_IM-1372-1001.dcm.png
2985,reference_corpus,Thoracic Vertebrae/degenerative/multiple/mild;Lumbar Vertebrae/degenerative/multiple/mild,,False,,False,,Lumbar Vertebrae;Thoracic Vertebrae,2985_IM-1373-1001.dcm.png
2986,reference_corpus,Scoliosis/thoracic vertebrae/right/mild,,False,,False,,Scoliosis,2986_IM-1374-1001.dcm.png
2988,reference_corpus,normal,,True,No Finding,True,,,2988_IM-1375-1001.dcm.png
2993,reference_corpus,normal,,True,No Finding,True,,,2993_IM-1380-1001.dcm.png
2994,reference_corpus,normal,,True,No Finding,True,,,2994_IM-1380-1001.dcm.png
2995,reference_corpus,normal,,True,No Finding,True,,,2995_IM-1381-1001.dcm.png
2996,reference_corpus,normal,,True,No Finding,True,,,2996_IM-1381-1001.dcm.png
2997,reference_corpus,normal,,True,No Finding,True,,,2997_IM-1381-2001.dcm.png
2998,reference_corpus,normal,,True,No Finding,True,,,2998_IM-1382-1001.dcm.png
3001,reference_corpus,Sulcus/posterior/obscured,,False,,False,,Sulcus,3001_IM-1387-3001.dcm.png
3002,reference_corpus,normal,,True,No Finding,True,,,3002_IM-1388-1001.dcm.png
3003,reference_corpus,"Calcified Granuloma/multiple;Aorta, Thoracic/tortuous/mild;Atherosclerosis/aorta",,False,,False,,"Aorta, Thoracic;Atherosclerosis;Calcified Granuloma",3003_IM-1388-1001.dcm.png
3008,reference_corpus,normal,,True,No Finding,True,,,3008_IM-1389-1001.dcm.png
3009,reference_corpus,Thoracic Vertebrae/degenerative,,False,,False,,Thoracic Vertebrae,3009_IM-1389-1001.dcm.png
3011,reference_corpus,"Atherosclerosis/aorta;Hernia, Hiatal/large",,False,,False,,"Atherosclerosis;Hernia, Hiatal",3011_IM-1390-1001.dcm.png
3012,reference_corpus,normal,,True,No Finding,True,,,3012_IM-1390-1001.dcm.png
3013,reference_corpus,Cardiac Shadow/enlarged/mild;Cardiomegaly/mild,Cardiomegaly,False,Cardiomegaly,True,,,3013_IM-1391-0001-0001.dcm.png
3015,reference_corpus,normal,,True,No Finding,True,,,3015_IM-1392-1001.dcm.png
3016,reference_corpus,Granulomatous Disease;Spondylosis/thoracic vertebrae,,False,,False,,Granulomatous Disease;Spondylosis,3016_IM-1392-1001.dcm.png
3017,reference_corpus,Opacity/lung/base/bilateral/mild;Pulmonary Atelectasis/base/bilateral;Cicatrix/lung/base/bilateral;Calcified Granuloma/lung/upper lobe/left;Nodule/right/retrocardiac;Calcinosis/right/retrocardiac,Lung Opacity;Lung Lesion;Atelectasis,False,Lung Opacity;Lung Lesion;Atelectasis,True,,Calcified Granuloma;Calcinosis;Cicatrix,3017_IM-1393-1001.dcm.png
3018,reference_corpus,Calcified Granuloma/lung/lingula,,False,,False,,Calcified Granuloma,3018_IM-1393-1001.dcm.png
3019,reference_corpus,Aorta/tortuous;Thoracic Vertebrae/degenerative/multiple,,False,,False,,Aorta;Thoracic Vertebrae,3019_IM-1393-1001.dcm.png
3020,reference_corpus,normal,,True,No Finding,True,,,3020_IM-1395-1001.dcm.png
3021,reference_corpus,normal,,True,No Finding,True,,,3021_IM-1396-4004.dcm.png
3023,reference_corpus,Calcified Granuloma/lung/upper lobe/left/small,,False,,False,,Calcified Granuloma,3023_IM-1398-1001.dcm.png
3026,reference_corpus,normal,,True,No Finding,True,,,3026_IM-1401-1001.dcm.png
3028,reference_corpus,Atherosclerosis/aorta,,False,,False,,Atherosclerosis,3028_IM-1403-1001.dcm.png
3029,reference_corpus,Cervical Vertebrae/degenerative,,False,,False,,Cervical Vertebrae,3029_IM-1404-1001.dcm.png
3030,reference_corpus,normal,,True,No Finding,True,,,3030_IM-1405-3001.dcm.png
3031,reference_corpus,normal,,True,No Finding,True,,,3031_IM-1406-1001.dcm.png
3032,reference_corpus,Surgical Instruments,Support Devices,False,Support Devices,True,,,3032_IM-1407-1001.dcm.png
3033,reference_corpus,normal,,True,No Finding,True,,,3033_IM-1408-1001.dcm.png
3034,reference_corpus,Arthritis/cervical vertebrae/multiple,,False,,False,,Arthritis,3034_IM-1408-1001.dcm.png
3037,reference_corpus,normal,,True,No Finding,True,,,3037_IM-1410-1001.dcm.png
3038,reference_corpus,Calcified Granuloma/lung/upper lobe/left;Deformity/lumbar vertebrae/anterior/multiple/acute/mild,,False,,False,,Calcified Granuloma;Deformity,3038_IM-1411-1001.dcm.png
3039,reference_corpus,normal,,True,No Finding,True,,,3039_IM-1412-1001.dcm.png
3040,reference_corpus,Thoracic Vertebrae/degenerative/mild;Spinal Fusion/cervical vertebrae/anterior;Spinal Fusion/thoracic vertebrae/anterior,,False,,False,,Spinal Fusion;Thoracic Vertebrae,3040_IM-1414-12012.dcm.png
3041,reference_corpus,normal,,True,No Finding,True,,,3041_IM-1415-1001.dcm.png
3042,reference_corpus,Implanted Medical Device/thorax/left,Support Devices,False,Support Devices,True,,,
3043,reference_corpus,Costophrenic Angle/right/blunted/mild,,False,,False,,Costophrenic Angle,3043_IM-1417-2001.dcm.png
3046,reference_corpus,Opacity/lung/hilum/left/round;Density/lung/hilum/left/round;Technical Quality of Image Unsatisfactory ;Lung/azygos lobe,Lung Opacity,False,Lung Opacity,True,Density,Lung;Technical Quality of Image Unsatisfactory,3046_IM-1418-1001.dcm.png
3050,reference_corpus,normal,,True,No Finding,True,,,3050_IM-1420-1001.dcm.png
3051,reference_corpus,normal,,True,No Finding,True,,,3051_IM-1420-1001.dcm.png
3052,reference_corpus,Density/mediastinum;Spine/degenerative;Osteophyte/spine/multiple,,False,,False,Density,Osteophyte;Spine,3052_IM-1420-1001.dcm.png
3053,reference_corpus,normal,,True,No Finding,True,,,3053_IM-1421-1001.dcm.png
3056,reference_corpus,Pleural Effusion/right/moderate;Opacity/lung/lower lobe/right;Heart/right/obscured;Airspace Disease/lung/lower lobe/right;Hydropneumothorax/right,Lung Opacity;Pleural Effusion,False,Lung Opacity;Pleural Effusion,True,,Heart;Hydropneumothorax,
3058,reference_corpus,Opacity/lung/lingula;Pulmonary Atelectasis/lingula;Infiltrate/lung/lingula,Lung Opacity;Atelectasis,False,Lung Opacity;Atelectasis,True,,,3058_IM-1425-12012.dcm.png
3059,reference_corpus,normal,,True,No Finding,True,,,3059_IM-1425-1001.dcm.png
3061,reference_corpus,Opacity/lung/base/right;Pulmonary Atelectasis/base/right,Lung Opacity;Atelectasis,False,Lung Opacity;Atelectasis,True,,,3061_IM-1427-2001.dcm.png
3062,reference_corpus,Costophrenic Angle/left/blunted/mild,,False,,False,,Costophrenic Angle,3062_IM-1428-1001.dcm.png
3064,reference_corpus,Airspace Disease/lung/lower lobe/right/patchy;Pneumonia/lower lobe/right,Lung Opacity;Pneumonia,False,Lung Opacity;Pneumonia,True,,,3064_IM-1428-1001.dcm.png
3065,reference_corpus,Thoracic Vertebrae/degenerative,,False,,False,,Thoracic Vertebrae,3065_IM-1429-1001.dcm.png
3066,reference_corpus,Emphysema/mild;Cicatrix/lung/lingula;Pulmonary Atelectasis/lingula,Atelectasis,False,Atelectasis,True,,Cicatrix;Emphysema,3066_IM-1430-1001.dcm.png
3067,reference_corpus,normal,,True,No Finding,True,,,3067_IM-1430-1001.dcm.png
3068,reference_corpus,"Lung/hypoinflation;Markings/bronchovascular;Cardiomegaly/borderline;Tube, Inserted/trachea, carina",Cardiomegaly;Support Devices,False,Cardiomegaly;Support Devices,True,,Lung;Markings,
3070,reference_corpus,normal,,True,No Finding,True,,,3070_IM-1432-1001.dcm.png
3071,reference_corpus,normal,,True,No Finding,True,,,3071_IM-1433-1001.dcm.png
3072,reference_corpus,"Catheters, Indwelling/left;Bronchiectasis/bilateral/severe;Cicatrix/lung/bilateral/severe;Cysts/lung/bilateral/severe;Cystic Fibrosis",Support Devices,False,Support Devices,True,,Bronchiectasis;Cicatrix;Cystic Fibrosis;Cysts,3072_IM-1433-1001.dcm.png
3073,reference_corpus,normal,,True,No Finding,True,,,3073_IM-1434-1001.dcm.png
3075,reference_corpus,Cardiomegaly/mild;Lung/hypoinflation,Cardiomegaly,False,Cardiomegaly,True,,Lung,3075_IM-1436-1001.dcm.png
3076,reference_corpus,Lung/hypoinflation;Technical Quality of Image Unsatisfactory ;Markings/bronchovascular;Cardiomegaly/borderline,Cardiomegaly,False,Cardiomegaly,True,,Lung;Markings;Technical Quality of Image Unsatisfactory,3076_IM-1437-4004.dcm.png
3077,reference_corpus,Lymph nodes/left/enlarged,,False,,False,,Lymph nodes,3077_IM-1438-1001.dcm.png
3078,reference_corpus,Pneumonia/lower lobe/right,Pneumonia,False,Pneumonia,True,,,3078_IM-1438-1001.dcm.png
3079,reference_corpus,Thoracic Vertebrae/degenerative/multiple;Arthritis/shoulder/bilateral/mild,,False,,False,,Arthritis;Thoracic Vertebrae,3079_IM-1438-1001.dcm.png
3080,reference_corpus,Cavitation/lung/upper lobe/left;Blister/lung/apex/bilateral;Cicatrix/lung/apex/bilateral;Cavitation/lung/upper lobe/right,,False,,False,,Blister;Cavitation;Cicatrix,3080_IM-1440-1001.dcm.png
3081,reference_corpus,Aorta/tortuous,,False,,False,,Aorta,3081_IM-1440-1001.dcm.png
3082,reference_corpus,Cardiomegaly;Opacity/lung/bilateral/interstitial;Pulmonary Edema/lower lobe/bilateral/interstitial,Cardiomegaly;Lung Opacity;Edema,False,Cardiomegaly;Lung Opacity;Edema,True,,,3082_IM-1441-1001.dcm.png
3083,reference_corpus,normal,,True,No Finding,True,,,3083_IM-1442-7001.dcm.png
3084,reference_corpus,Osteophyte/thoracic vertebrae/degenerative/multiple/mild,,False,,False,,Osteophyte,3084_IM-1443-1001.dcm.png
3085,reference_corpus,No Indexing,,False,,False,,,3085_IM-1444-1001.dcm.png
3086,reference_corpus,Calcified Granuloma/lung/bilateral/multiple;Diaphragm/right/elevated;Thoracic Vertebrae/degenerative;Implanted Medical Device/thoracic vertebrae,Support Devices,False,Support Devices,True,,Calcified Granuloma;Diaphragm;Thoracic Vertebrae,3086_IM-1444-1001.dcm.png
3087,reference_corpus,"Cardiomegaly;Hernia, Hiatal/large;Pulmonary Atelectasis",Cardiomegaly;Atelectasis,False,Cardiomegaly;Atelectasis,True,,"Hernia, Hiatal",3087_IM-1444-1001.dcm.png
3088,reference_corpus,Scoliosis/thoracic vertebrae/left,,False,,False,,Scoliosis,3088_IM-1444-1001.dcm.png
3089,reference_corpus,normal,,True,No Finding,True,,,3089_IM-1444-1001.dcm.png
3092,reference_corpus,Scoliosis/thoracic vertebrae/left;Scoliosis/lumbar vertebrae/left,,False,,False,,Scoliosis,3092_IM-1445-1001.dcm.png
3093,reference_corpus,"Lung/hyperdistention;Blister/lung/upper lobe/bilateral/multiple;Pulmonary Disease, Chronic Obstructive",,False,,False,,"Blister;Lung;Pulmonary Disease, Chronic Obstructive",3093_IM-1446-1001.dcm.png
3094,reference_corpus,Lung/hypoinflation,,False,,False,,Lung,3094_IM-1447-2001.dcm.png
3095,reference_corpus,Cardiomegaly/mild;Opacity/lung/bilateral/interstitial/diffuse,Cardiomegaly;Lung Opacity,False,Cardiomegaly;Lung Opacity,True,,,3095_IM-1448-1001.dcm.png
3096,reference_corpus,Density/right/paratracheal/prominent/mild;Mass/lung/middle lobe/right/round;Airspace Disease/lung/middle lobe/right/mild;Pulmonary Atelectasis/middle lobe/right,Lung Opacity;Lung Lesion;Atelectasis,False,Lung Opacity;Lung Lesion;Atelectasis,True,Density,,3096_IM-1448-1001.dcm.png
3097,reference_corpus,Calcinosis/blood vessels;Calcified Granuloma/lung/lower lobe/right,,False,,False,,Calcified Granuloma;Calcinosis,3097_IM-1449-1001.dcm.png
3098,reference_corpus,normal,,True,No Finding,True,,,3098_IM-1450-1001.dcm.png
3099,reference_corpus,Calcinosis/lung/hilum/left,,False,,False,,Calcinosis,3099_IM-1450-1001.dcm.png
3100,reference_corpus,Lung/hyperdistention;Spine/degenerative,,False,,False,,Lung;Spine,3100_IM-1452-1001.dcm.png
3101,reference_corpus,"Spine/degenerative;Stents/abdomen;Aorta, Thoracic/tortuous;Calcified Granuloma",Support Devices,False,Support Devices,True,,"Aorta, Thoracic;Calcified Granuloma;Spine",3101_IM-1453-1001.dcm.png
3103,reference_corpus,Diaphragmatic Eventration/right;Pulmonary Atelectasis/base/left/mild,Atelectasis,False,Atelectasis,True,,Diaphragmatic Eventration,3103_IM-1454-1001.dcm.png
3104,reference_corpus,normal,,True,No Finding,True,,,3104_IM-1455-1001.dcm.png
3105,reference_corpus,normal,,True,No Finding,True,,,3105_IM-1456-1001.dcm.png
3106,reference_corpus,normal,,True,No Finding,True,,,3106_IM-1456-1001.dcm.png
3108,reference_corpus,Airspace Disease/lung/lower lobe/right;Pneumonia/lower lobe/right,Lung Opacity;Pneumonia,False,Lung Opacity;Pneumonia,True,,,3108_IM-1457-1001.dcm.png
3109,reference_corpus,normal,,True,No Finding,True,,,3109_IM-1458-1001.dcm.png
3110,reference_corpus,Diaphragm/right/elevated;Spine/degenerative/mild,,False,,False,,Diaphragm;Spine,3110_IM-1460-1001.dcm.png
3111,reference_corpus,Cardiomegaly;Opacity/lung/bilateral/interstitial/mild;Pulmonary Edema/mild,Cardiomegaly;Lung Opacity;Edema,False,Cardiomegaly;Lung Opacity;Edema,True,,,3111_IM-1461-1001.dcm.png
3112,reference_corpus,normal,,True,No Finding,True,,,3112_IM-1461-1001.dcm.png
3113,reference_corpus,Atherosclerosis/aorta,,False,,False,,Atherosclerosis,3113_IM-1462-1001.dcm.png
3116,reference_corpus,Cardiac Shadow/enlarged;Opacity/lung/base/bilateral;Pleural Effusion/bilateral/small;Airspace Disease/lung/base/bilateral,Cardiomegaly;Lung Opacity;Pleural Effusion,False,Cardiomegaly;Lung Opacity;Pleural Effusion,True,,,3116_IM-1464-1001.dcm.png
3119,reference_corpus,normal,,True,No Finding,True,,,3119_IM-1466-1001.dcm.png
3120,reference_corpus,"Fractures, Bone/ribs/left/posterior/multiple",Fracture,False,Fracture,True,,,3120_IM-1466-1001.dcm.png
3121,reference_corpus,Calcified Granuloma/lung/middle lobe/right;Thoracic Vertebrae/degenerative,,False,,False,,Calcified Granuloma;Thoracic Vertebrae,3121_IM-1466-1001.dcm.png
3123,reference_corpus,Cardiomegaly/mild;Thickening/pleura/right;Pleural Effusion/right;Granulomatous Disease/mild,Cardiomegaly;Pleural Effusion;Pleural Other,False,Cardiomegaly;Pleural Effusion;Pleural Other,True,,Granulomatous Disease,3123_IM-1468-1001.dcm.png
3125,reference_corpus,normal,,True,No Finding,True,,,3125_IM-1469-1001.dcm.png
3126,reference_corpus,normal,,True,No Finding,True,,,3126_IM-1470-1001.dcm.png
3127,reference_corpus,Epicardial Fat/left/prominent,,False,,False,,Epicardial Fat,3127_IM-1470-1001.dcm.png
3129,reference_corpus,Aorta/tortuous;Thoracic Vertebrae/degenerative/severe;Lumbar Vertebrae/degenerative/severe;Deformity/thoracic vertebrae/anterior/mild;Lung/azygos lobe,,False,,False,,Aorta;Deformity;Lumbar Vertebrae;Lung;Thoracic Vertebrae,3129_IM-1471-3001.dcm.png
3130,reference_corpus,"Cardiomegaly;Atherosclerosis/aorta, thoracic;Consolidation/lung/lower lobe/left/retrocardiac;Density/lung/lower lobe/left/retrocardiac;Opacity/lung/hilum/right/patchy;Airspace Disease/lung/lower lobe/left;Airspace Disease/lung/hilum/right",Cardiomegaly;Lung Opacity;Consolidation,False,Cardiomegaly;Lung Opacity;Consolidation,True,Density,Atherosclerosis,3130_IM-1472-1001.dcm.png
3131,reference_corpus,normal,,True,No Finding,True,,,3131_IM-1473-1001.dcm.png
3132,reference_corpus,normal,,True,No Finding,True,,,3132_IM-1473-1001.dcm.png
3133,reference_corpus,normal,,True,No Finding,True,,,3133_IM-1474-1001.dcm.png
3136,reference_corpus,normal,,True,No Finding,True,,,3136_IM-1475-1001.dcm.png
3138,reference_corpus,normal,,True,No Finding,True,,,3138_IM-1476-1001.dcm.png
3139,reference_corpus,normal,,True,No Finding,True,,,3139_IM-1476-1001.dcm.png
3140,reference_corpus,Opacity/lung/lower lobe/right/streaky;Pulmonary Atelectasis/lower lobe/right,Lung Opacity;Atelectasis,False,Lung Opacity;Atelectasis,True,,,3140_IM-1477-1001.dcm.png
3142,reference_corpus,Cardiomegaly/mild;Aorta/tortuous,Cardiomegaly,False,Cardiomegaly,True,,Aorta,3142_IM-1477-2001.dcm.png
3144,reference_corpus,normal,,True,No Finding,True,,,3144_IM-1478-1001.dcm.png
3145,reference_corpus,normal,,True,No Finding,True,,,3145_IM-1479-1001.dcm.png
3146,reference_corpus,normal,,True,No Finding,True,,,3146_IM-1479-1001.dcm.png
3147,reference_corpus,normal,,True,No Finding,True,,,3147_IM-1480-1001.dcm.png
3150,reference_corpus,Opacity/lung/lower lobe/left;Pulmonary Atelectasis/base/left/focal,Lung Opacity;Atelectasis,False,Lung Opacity;Atelectasis,True,,,3150_IM-1482-3001.dcm.png
3151,reference_corpus,Airspace Disease/lung/lingula,Lung Opacity,False,Lung Opacity,True,,,
3152,reference_corpus,"Lung/hyperdistention;Opacity/lung/bilateral/scattered;Opacity/lung/upper lobe/left/scattered;Cicatrix/lung/upper lobe/left;Aorta, Thoracic/tortuous/mild;Atherosclerosis/aorta, thoracic;Spine/degenerative;Emphysema",Lung Opacity,False,Lung Opacity,True,,"Aorta, Thoracic;Atherosclerosis;Cicatrix;Emphysema;Lung;Spine",3152_IM-1484-1001.dcm.png
3153,reference_corpus,Lung/hyperdistention;Lung/interstitial/prominent/mild;Nipple Shadow/bilateral,,False,,False,,Lung;Nipple Shadow,3153_IM-1485-1001.dcm.png
3154,reference_corpus,Scoliosis/thoracic vertebrae/right/severe;Deformity/ribs/bilateral/chronic;Lung/hypoinflation/chronic;Technical Quality of Image Unsatisfactory ;Airspace Disease/lung/base/bilateral/mild;Pulmonary Atelectasis/base/bilateral/mild,Lung Opacity;Atelectasis,False,Lung Opacity;Atelectasis,True,,Deformity;Lung;Scoliosis;Technical Quality of Image Unsatisfactory,
3156,reference_corpus,normal,,True,No Finding,True,,,3156_IM-1486-1001.dcm.png
3157,reference_corpus,normal,,True,No Finding,True,,,3157_IM-1487-1001.dcm.png
3159,reference_corpus,Cardiomegaly/moderate;Mediastinum/blood vessels/prominent;Pulmonary Congestion/mild;Spondylosis/thoracic vertebrae,Cardiomegaly,False,Cardiomegaly,True,Mediastinum;Pulmonary Congestion,Spondylosis,3159_IM-1487-1001-0001.dcm.png
3160,reference_corpus,Spine/degenerative;Density/thorax/multiple,,False,,False,Density,Spine,
3164,reference_corpus,Stents/abdomen,Support Devices,False,Support Devices,True,,,3164_IM-1489-0001-0002.dcm.png
3165,reference_corpus,"Diaphragm/bilateral/obscured;Opacity/thorax;Fractures, Bone/ribs/right",Lung Opacity;Fracture,False,Lung Opacity;Fracture,True,,Diaphragm,3165_IM-1490-13013.dcm.png
3166,reference_corpus,Density/thorax/round/multiple;Granulomatous Disease/chronic,,False,,False,Density,Granulomatous Disease,3166_IM-1491-2001.dcm.png
3167,reference_corpus,normal,,True,No Finding,True,,,3167_IM-1491-1001.dcm.png
3168,reference_corpus,"Deformity/ribs/left/chronic;Fractures, Bone/ribs/left/healed",Fracture,False,Fracture,True,,Deformity,3168_IM-1492-1001.dcm.png
3169,reference_corpus,"Lung/hyperdistention;Lung, Hyperlucent;Diaphragm/bilateral/flattened;Thickening/pleura/apex/bilateral/mild;Granuloma/multiple;Heart/small",Pleural Other,False,Pleural Other,True,,"Diaphragm;Granuloma;Heart;Lung;Lung, Hyperlucent",3169_IM-1492-2001.dcm.png
3170,reference_corpus,Aorta/tortuous;Sclerosis/thoracic vertebrae,,False,,False,,Aorta;Sclerosis,3170_IM-1494-1001.dcm.png
3171,reference_corpus,No Indexing,,False,,False,,,3171_IM-1494-1001.dcm.png
3173,reference_corpus,normal,,True,No Finding,True,,,3173_IM-1495-2002.dcm.png
3175,reference_corpus,Heart/left/obscured;Thickening/pleura/left;Opacity/lung/lingula/round,Lung Opacity;Pleural Other,False,Lung Opacity;Pleural Other,True,,Heart,3175_IM-1497-1001.dcm.png
3176,reference_corpus,normal,,True,No Finding,True,,,3176_IM-1497-1001.dcm.png
3179,reference_corpus,Diaphragmatic Eventration/right/anterior,,False,,False,,Diaphragmatic Eventration,3179_IM-1499-1001.dcm.png
3181,reference_corpus,normal,,True,No Finding,True,,,3181_IM-1500-1001.dcm.png
3182,reference_corpus,Nodule/lung/hilum/right;Mass/lung/hilum/right;Contrast Media/esophagus,Lung Lesion,False,Lung Lesion,True,,Contrast Media,3182_IM-1501-0001-0001.dcm.png
3184,reference_corpus,Aorta/tortuous/mild;Osteophyte/thoracic vertebrae/multiple,,False,,False,,Aorta;Osteophyte,3184_IM-1503-1001.dcm.png
3185,reference_corpus,normal,,True,No Finding,True,,,3185_IM-1503-1001.dcm.png
3186,reference_corpus,Lung/hypoinflation,,False,,False,,Lung,3186_IM-1503-1001.dcm.png
3187,reference_corpus,Cardiomegaly/mild;Pulmonary Congestion/mild;Pleural Effusion/bilateral/small;Heart Failure,Cardiomegaly;Pleural Effusion,False,Cardiomegaly;Pleural Effusion,True,Pulmonary Congestion,Heart Failure,3187_IM-1503-1001.dcm.png
3188,reference_corpus,"Cardiac Shadow/enlarged/borderline;Mediastinum/prominent/mild;Catheters, Indwelling",Cardiomegaly;Support Devices,False,Cardiomegaly;Support Devices,True,Mediastinum,,3188_IM-1504-1001.dcm.png
3189,reference_corpus,Lung/hypoinflation,,False,,False,,Lung,3189_IM-1505-1001.dcm.png
3190,reference_corpus,Density/lung/hilum/right;Pulmonary Atelectasis/upper lobe/right/mild,Atelectasis,False,Atelectasis,True,Density,,3190_IM-1505-1001.dcm.png
3193,reference_corpus,Lung/hyperdistention/mild,,False,,False,,Lung,3193_IM-1505-1001.dcm.png
3194,reference_corpus,normal,,True,No Finding,True,,,3194_IM-1505-1001.dcm.png
3197,reference_corpus,Calcified Granuloma/bilateral/multiple;Cicatrix/lung/base/left,,False,,False,,Calcified Granuloma;Cicatrix,3197_IM-1508-1001.dcm.png
3199,reference_corpus,normal,,True,No Finding,True,,,3199_IM-1510-1001.dcm.png
3200,reference_corpus,normal,,True,No Finding,True,,,3200_IM-1512-1001.dcm.png
3201,reference_corpus,Lung/hypoinflation,,False,,False,,Lung,3201_IM-1513-1001.dcm.png
3204,reference_corpus,Atherosclerosis/aorta,,False,,False,,Atherosclerosis,3204_IM-1513-1001.dcm.png
3205,reference_corpus,normal,,True,No Finding,True,,,3205_IM-1513-1001.dcm.png
3208,reference_corpus,normal,,True,No Finding,True,,,3208_IM-1515-1001.dcm.png
3209,reference_corpus,normal,,True,No Finding,True,,,3209_IM-1515-1001.dcm.png
3210,reference_corpus,normal,,True,No Finding,True,,,3210_IM-1517-1001.dcm.png
3211,reference_corpus,Atherosclerosis/aorta;Kyphosis;Arthritis;Pleural Effusion/bilateral/small,Pleural Effusion,False,Pleural Effusion,True,,Arthritis;Atherosclerosis;Kyphosis,3211_IM-1517-1001-0002.dcm.png
3212,reference_corpus,normal,,True,No Finding,True,,,3212_IM-1517-1001.dcm.png
3217,reference_corpus,Cavitation/lung/apex/right;Deformity/lung/apex/right/irregular,,False,,False,,Cavitation;Deformity,
3218,reference_corpus,normal,,True,No Finding,True,,,3218_IM-1520-1001.dcm.png
3219,reference_corpus,Aorta/tortuous/mild;Lung/hyperdistention;Opacity/lung/hilum/left;Opacity/lung/base/bilateral;Density/lung/left/multiple;Nodule/lung/left/multiple;Implanted Medical Device/abdomen/right,Lung Opacity;Lung Lesion;Support Devices,False,Lung Opacity;Lung Lesion;Support Devices,True,Density,Aorta;Lung,3219_IM-1520-1001.dcm.png
3220,reference_corpus,normal,,True,No Finding,True,,,3220_IM-1522-1001.dcm.png
3222,reference_corpus,normal,,True,No Finding,True,,,3222_IM-1522-1001.dcm.png
3223,reference_corpus,normal,,True,No Finding,True,,,3223_IM-1523-1001.dcm.png
3224,reference_corpus,normal,,True,No Finding,True,,,3224_IM-1524-1001.dcm.png
3225,reference_corpus,normal,,True,No Finding,True,,,3225_IM-1525-1001.dcm.png
3227,reference_corpus,normal,,True,No Finding,True,,,3227_IM-1525-1001.dcm.png
3228,reference_corpus,Cicatrix/lung/apex/bilateral;Calcified Granuloma/lung/lower lobe/left/small,,False,,False,,Calcified Granuloma;Cicatrix,3228_IM-1526-1001.dcm.png
3229,reference_corpus,Lung/hypoinflation/mild,,False,,False,,Lung,3229_IM-1526-1001.dcm.png
3230,reference_corpus,Lung/hypoinflation;Technical Quality of Image Unsatisfactory ;Opacity/lung/base/right;Pulmonary Atelectasis/base/right;Thoracic Vertebrae/degenerative/mild,Lung Opacity;Atelectasis,False,Lung Opacity;Atelectasis,True,,Lung;Technical Quality of Image Unsatisfactory;Thoracic Vertebrae,3230_IM-1527-2001.dcm.png
3231,reference_corpus,"Aorta, Thoracic/tortuous;Thickening/right/paratracheal;Lung/hilum/lymph nodes/bilateral/enlarged;Pulmonary Artery/enlarged",,False,,False,Thickening,"Aorta, Thoracic;Lung;Pulmonary Artery",3231_IM-1528-1001.dcm.png
3233,reference_corpus,Lung/hyperdistention/mild;Diaphragm/bilateral/flattened;Emphysema;Cicatrix/lung/base/left/mild;Pulmonary Atelectasis/base/left/mild,Atelectasis,False,Atelectasis,True,,Cicatrix;Diaphragm;Emphysema;Lung,3233_IM-1530-1001.dcm.png
3236,reference_corpus,normal,,True,No Finding,True,,,3236_IM-1533-1001.dcm.png
3238,reference_corpus,Aorta/tortuous/mild;Atherosclerosis/aorta;Lung/hypoinflation/mild;Markings/lung/upper lobe/right;Markings/lung/lower lobe/right;Diaphragmatic Eventration/left/mild;Opacity/thorax/scattered,Lung Opacity,False,Lung Opacity,True,,Aorta;Atherosclerosis;Diaphragmatic Eventration;Lung;Markings,3238_IM-1534-1001.dcm.png
3239,reference_corpus,normal,,True,No Finding,True,,,3239_IM-1534-1001.dcm.png
3240,reference_corpus,Lung/hyperdistention;Diaphragm/bilateral/flattened;Lung/blood vessels/blunted;Spondylosis/thoracic vertebrae;Emphysema,,False,,False,,Diaphragm;Emphysema;Lung;Spondylosis,3240_IM-1534-1001.dcm.png
3241,reference_corpus,Pulmonary Atelectasis/base/left,Atelectasis,False,Atelectasis,True,,,3241_IM-1534-1001.dcm.png
3242,reference_corpus,Thoracic Vertebrae/degenerative/multiple,,False,,False,,Thoracic Vertebrae,3242_IM-1534-1001.dcm.png
3243,reference_corpus,Opacity/lung/bilateral/interstitial/diffuse/reticular/round/severe,Lung Opacity,False,Lung Opacity,True,,,3243_IM-1535-0001-0001.dcm.png
3244,reference_corpus,Mediastinum/right/paratracheal/prominent;Opacity/lung/base/bilateral/streaky/mild;Lung/hypoinflation;Airspace Disease/lung/base/bilateral/streaky/mild;Pulmonary Atelectasis,Lung Opacity;Atelectasis,False,Lung Opacity;Atelectasis,True,Mediastinum,Lung,3244_IM-1536-1001.dcm.png
3245,reference_corpus,Pulmonary Edema/bilateral/interstitial/moderate;Cardiomegaly;Pleural Effusion/bilateral;Heart Failure/moderate;Calcinosis/mediastinum/lymph nodes/right/large/chronic,Cardiomegaly;Edema;Pleural Effusion,False,Cardiomegaly;Edema;Pleural Effusion,True,,Calcinosis;Heart Failure,3245_IM-1537-1001.dcm.png
3247,reference_corpus,normal,,True,No Finding,True,,,3247_IM-1538-1001.dcm.png
3248,reference_corpus,"Cardiomegaly/borderline;Atherosclerosis/aorta;Pleural Effusion/bilateral/small;Airspace Disease/lung/base/bilateral;Catheters, Indwelling/right;Abdomen/enlarged/mild",Cardiomegaly;Lung Opacity;Pleural Effusion;Support Devices,False,Cardiomegaly;Lung Opacity;Pleural Effusion;Support Devices,True,,Abdomen;Atherosclerosis,3248_IM-1538-1001.dcm.png
3249,reference_corpus,Pleural Effusion/bilateral;Pulmonary Atelectasis/base/bilateral;Markings/lung/base/bilateral;Pulmonary Edema/interstitial/mild,Edema;Atelectasis;Pleural Effusion,False,Edema;Atelectasis;Pleural Effusion,True,,Markings,3249_IM-1539-1001.dcm.png
3250,reference_corpus,"Aorta/tortuous;Hernia, Hiatal/moderate;Osteophyte/thoracic vertebrae/multiple;Hyperostosis, Diffuse Idiopathic Skeletal",,False,,False,,"Aorta;Hernia, Hiatal;Hyperostosis, Diffuse Idiopathic Skeletal;Osteophyte",3250_IM-1540-1001-0002.dcm.png
3252,reference_corpus,normal,,True,No Finding,True,,,3252_IM-1542-1001.dcm.png
3254,reference_corpus,normal,,True,No Finding,True,,,3254_IM-1543-1001.dcm.png
3255,reference_corpus,No Indexing,,False,,False,,,
3256,reference_corpus,Cardiomegaly/mild;Pleural Effusion/bilateral/small;Opacity/lung/base/left;Thoracic Vertebrae/degenerative/mild;Pulmonary Atelectasis/base/left,Cardiomegaly;Lung Opacity;Atelectasis;Pleural Effusion,False,Cardiomegaly;Lung Opacity;Atelectasis;Pleural Effusion,True,,Thoracic Vertebrae,3256_IM-1543-1001.dcm.png
3257,reference_corpus,Spondylosis/thoracic vertebrae,,False,,False,,Spondylosis,3257_IM-1544-1001.dcm.png
3258,reference_corpus,normal,,True,No Finding,True,,,3258_IM-1544-1001.dcm.png
3259,reference_corpus,Calcified Granuloma/lung/apex/right/large;Opacity/lung/apex/bilateral/patchy/mild;Scoliosis;Arthritis/spine,Lung Opacity,False,Lung Opacity,True,,Arthritis;Calcified Granuloma;Scoliosis,3259_IM-1545-1001.dcm.png
3260,reference_corpus,Cardiomegaly;Pericardial Effusion;Opacity/lung/base/right;Pleural Effusion/base/right;Pulmonary Atelectasis/base/right;Airspace Disease/lung/base/right;Technical Quality of Image Unsatisfactory ,Cardiomegaly;Lung Opacity;Atelectasis;Pleural Effusion,False,Cardiomegaly;Lung Opacity;Atelectasis;Pleural Effusion,True,,Pericardial Effusion;Technical Quality of Image Unsatisfactory,3260_IM-1547-1001.dcm.png
3262,reference_corpus,normal,,True,No Finding,True,,,3262_IM-1548-1001.dcm.png
3263,reference_corpus,normal,,True,No Finding,True,,,3263_IM-1549-1001.dcm.png
3265,reference_corpus,normal,,True,No Finding,True,,,3265_IM-1551-1001.dcm.png
3266,reference_corpus,normal,,True,No Finding,True,,,3266_IM-1551-1001.dcm.png
3268,reference_corpus,normal,,True,No Finding,True,,,3268_IM-1551-1001.dcm.png
3269,reference_corpus,normal,,True,No Finding,True,,,3269_IM-1552-1001.dcm.png
3270,reference_corpus,Spine/degenerative,,False,,False,,Spine,3270_IM-1552-1001.dcm.png
3271,reference_corpus,normal,,True,No Finding,True,,,3271_IM-1552-1001.dcm.png
3272,reference_corpus,"Opacity/lung/lower lobe/bilateral;Fractures, Bone/ribs/right/multiple/healed;Thickening/pleura/right;Lung/hypoinflation;Pulmonary Atelectasis/base/bilateral/focal",Lung Opacity;Atelectasis;Pleural Other;Fracture,False,Lung Opacity;Atelectasis;Pleural Other;Fracture,True,,Lung,3272_IM-1553-1001.dcm.png
3273,reference_corpus,"Cardiomegaly;Aorta, Thoracic/tortuous/mild",Cardiomegaly,False,Cardiomegaly,True,,"Aorta, Thoracic",3273_IM-1554-1001.dcm.png
3274,reference_corpus,Lung/hypoinflation/severe;Pulmonary Atelectasis/bilateral/patchy,Atelectasis,False,Atelectasis,True,,Lung,3274_IM-1555-0001-0001.dcm.png
3275,reference_corpus,Spine/degenerative/mild,,False,,False,,Spine,3275_IM-1556-1002001.dcm.png
3277,reference_corpus,Calcinosis/lung/hilum/lymph nodes/left;Calcified Granuloma/lung/lower lobe/left,,False,,False,,Calcified Granuloma;Calcinosis,3277_IM-1558-1001.dcm.png
3278,reference_corpus,Funnel Chest/mild,,False,,False,,Funnel Chest,3278_IM-1559-0001.dcm.png
3280,reference_corpus,Opacity/lung/middle lobe/right,Lung Opacity,False,Lung Opacity,True,,,3280_IM-1561-2001.dcm.png
3282,reference_corpus,Lung/bilateral/hypoinflation,,False,,False,,Lung,3282_IM-1563-2001.dcm.png
3283,reference_corpus,normal,,True,No Finding,True,,,3283_IM-1564-1001.dcm.png
3284,reference_corpus,normal,,True,No Finding,True,,,3284_IM-1565-20001.dcm.png
3286,reference_corpus,"Lung/hypoinflation;Cardiomegaly;Opacity/lung/lingula;Hypertension, Pulmonary;Pulmonary Atelectasis/lingula/focal;Pulmonary Congestion",Cardiomegaly;Lung Opacity;Atelectasis,False,Cardiomegaly;Lung Opacity;Atelectasis,True,Pulmonary Congestion,"Hypertension, Pulmonary;Lung",3286_IM-1567-1001.dcm.png
3287,reference_corpus,Density/lung/middle lobe/right/round;Aorta/obscured;Density/lung/base/left/retrocardiac,,False,,False,Density,Aorta,3287_IM-1568-2002.dcm.png
3288,reference_corpus,normal,,True,No Finding,True,,,3288_IM-1569-1001.dcm.png
3291,reference_corpus,normal,,True,No Finding,True,,,3291_IM-1572-1001.dcm.png
3292,reference_corpus,Opacity/lung/middle lobe/right;Opacity/lung/lower lobe/right,Lung Opacity,False,Lung Opacity,True,,,3292_IM-1572-1001.dcm.png
3294,reference_corpus,"Aorta, Thoracic/tortuous;Calcified Granuloma/lung/middle lobe/right",,False,,False,,"Aorta, Thoracic;Calcified Granuloma",3294_IM-1573-1001.dcm.png
3297,reference_corpus,Emphysema/mild,,False,,False,,Emphysema,3297_IM-1575-1001.dcm.png
3298,reference_corpus,normal,,True,No Finding,True,,,3298_IM-1575-1001.dcm.png
3300,reference_corpus,Aorta/tortuous;Scoliosis/thoracic vertebrae;Thoracic Vertebrae/degenerative;Stents/abdomen/right,Support Devices,False,Support Devices,True,,Aorta;Scoliosis;Thoracic Vertebrae,3300_IM-1578-1001.dcm.png
3304,reference_corpus,Scoliosis/thoracic vertebrae/left,,False,,False,,Scoliosis,3304_IM-1581-1001.dcm.png
3305,reference_corpus,"Catheters, Indwelling/right;Cardiac Shadow/enlarged;Opacity/lung/base/bilateral/streaky;Diaphragm/right/elevated/mild;Spine/degenerative;Surgical Instruments/bilateral;Pulmonary Atelectasis/base/bilateral",Cardiomegaly;Lung Opacity;Atelectasis;Support Devices,False,Cardiomegaly;Lung Opacity;Atelectasis;Support Devices,True,,Diaphragm;Spine,3305_IM-1581-4001.dcm.png
3306,reference_corpus,Cardiomegaly/mild;Atherosclerosis/aorta,Cardiomegaly,False,Cardiomegaly,True,,Atherosclerosis,
3309,reference_corpus,normal,,True,No Finding,True,,,3309_IM-1583-1001.dcm.png
3310,reference_corpus,No Indexing,,False,,False,,,3310_IM-1585-1001.dcm.png
3311,reference_corpus,normal,,True,No Finding,True,,,3311_IM-1586-1001.dcm.png
3312,reference_corpus,Infiltrate/lung/middle lobe/right/patchy;Pneumonia/middle lobe/right;Aorta/tortuous,Lung Opacity;Pneumonia,False,Lung Opacity;Pneumonia,True,,Aorta,3312_IM-1586-1001.dcm.png
3313,reference_corpus,Spine/degenerative,,False,,False,,Spine,3313_IM-1586-1001.dcm.png
3314,reference_corpus,normal,,True,No Finding,True,,,3314_IM-1586-1001.dcm.png
3315,reference_corpus,normal,,True,No Finding,True,,,3315_IM-1586-1001.dcm.png
3317,reference_corpus,normal,,True,No Finding,True,,,3317_IM-1587-1001.dcm.png
3318,reference_corpus,Granulomatous Disease,,False,,False,,Granulomatous Disease,3318_IM-1587-1001.dcm.png
3319,reference_corpus,Thoracic Vertebrae/degenerative/multiple,,False,,False,,Thoracic Vertebrae,3319_IM-1588-1001.dcm.png
3320,reference_corpus,normal,,True,No Finding,True,,,3320_IM-1588-1001.dcm.png
3321,reference_corpus,normal,,True,No Finding,True,,,3321_IM-1588-1001.dcm.png
3325,reference_corpus,normal,,True,No Finding,True,,,3325_IM-1591-1001.dcm.png
3326,reference_corpus,Technical Quality of Image Unsatisfactory ;Lung/hypoinflation;Cardiomegaly/mild;Markings/bronchovascular,Cardiomegaly,False,Cardiomegaly,True,,Lung;Markings;Technical Quality of Image Unsatisfactory,3326_IM-1592-4004.dcm.png
3328,reference_corpus,Cardiomegaly/mild;Pleural Effusion/bilateral/small,Cardiomegaly;Pleural Effusion,False,Cardiomegaly;Pleural Effusion,True,,,3328_IM-1594-1001.dcm.png
3329,reference_corpus,normal,,True,No Finding,True,,,3329_IM-1594-1001.dcm.png
3330,reference_corpus,normal,,True,No Finding,True,,,3330_IM-1594-1001.dcm.png
3332,reference_corpus,Lung/hypoinflation,,False,,False,,Lung,3332_IM-1596-1001.dcm.png
3333,reference_corpus,normal,,True,No Finding,True,,,3333_IM-1597-1001.dcm.png
3334,reference_corpus,"Infiltrate/lung/base/bilateral;Pulmonary Atelectasis/base/bilateral;Catheters, Indwelling/left",Lung Opacity;Atelectasis;Support Devices,False,Lung Opacity;Atelectasis;Support Devices,True,,,3334_IM-1598-1001.dcm.png
3335,reference_corpus,Thoracic Vertebrae/degenerative,,False,,False,,Thoracic Vertebrae,3335_IM-1598-1001.dcm.png
3338,reference_corpus,normal,,True,No Finding,True,,,3338_IM-1599-2001.dcm.png
3340,reference_corpus,Atherosclerosis/aorta;Density/lung/base/left/multiple/mild;Lung/hyperdistention,,False,,False,Density,Atherosclerosis;Lung,3340_IM-1601-1001.dcm.png
3341,reference_corpus,normal,,True,No Finding,True,,,3341_IM-1602-1001.dcm.png
3344,reference_corpus,Opacity/thoracic vertebrae,Lung Opacity,False,Lung Opacity,True,,,3344_IM-1603-1001.dcm.png
3345,reference_corpus,normal,,True,No Finding,True,,,3345_IM-1603-1001.dcm.png
3346,reference_corpus,normal,,True,No Finding,True,,,3346_IM-1604-1001.dcm.png
3348,reference_corpus,Cardiomegaly;Calcinosis/lung/base/left,Cardiomegaly,False,Cardiomegaly,True,,Calcinosis,3348_IM-1605-1001.dcm.png
3350,reference_corpus,normal,,True,No Finding,True,,,3350_IM-1607-0001-0001.dcm.png
3352,reference_corpus,normal,,True,No Finding,True,,,3352_IM-1608-1001.dcm.png
3354,reference_corpus,Lung/hyperdistention;Diaphragm/bilateral/flattened;Pulmonary Emphysema,,False,,False,,Diaphragm;Lung;Pulmonary Emphysema,3354_IM-1609-1001.dcm.png
3355,reference_corpus,Lung/hyperdistention,,False,,False,,Lung,3355_IM-1609-1001.dcm.png
3357,reference_corpus,No Indexing,,False,,False,,,3357_IM-1610-1001.dcm.png
3359,reference_corpus,normal,,True,No Finding,True,,,3359_IM-1612-3001.dcm.png
3361,reference_corpus,normal,,True,No Finding,True,,,3361_IM-1614-1001.dcm.png
3364,reference_corpus,Cardiomegaly/borderline;Aorta/tortuous;Calcinosis/aorta;Diaphragm/right/elevated;Lung/hilum/bilateral/prominent,Cardiomegaly,False,Cardiomegaly,True,,Aorta;Calcinosis;Diaphragm;Lung,3364_IM-1617-2001.dcm.png
3365,reference_corpus,normal,,True,No Finding,True,,,3365_IM-1618-1001.dcm.png
3368,reference_corpus,Lung/hypoinflation;Markings/bronchovascular/mild,,False,,False,,Lung;Markings,3368_IM-1620-0001-0002.dcm.png
3372,reference_corpus,Cardiomegaly;Pulmonary Edema/interstitial/mild,Cardiomegaly;Edema,False,Cardiomegaly;Edema,True,,,3372_IM-1623-1001.dcm.png
3373,reference_corpus,normal,,True,No Finding,True,,,3373_IM-1623-1001.dcm.png
3375,reference_corpus,Thoracic Vertebrae/degenerative,,False,,False,,Thoracic Vertebrae,3375_IM-1624-1001.dcm.png
3377,reference_corpus,normal,,True,No Finding,True,,,3377_IM-1626-1002001.dcm.png
3380,reference_corpus,Spine/degenerative/mild,,False,,False,,Spine,3380_IM-1628-1001.dcm.png
3381,reference_corpus,normal,,True,No Finding,True,,,3381_IM-1628-1001.dcm.png
3384,reference_corpus,normal,,True,No Finding,True,,,3384_IM-1631-1001.dcm.png
3385,reference_corpus,normal,,True,No Finding,True,,,3385_IM-1632-1001.dcm.png
3387,reference_corpus,Opacity/lung/base/right;Airspace Disease/lung/base/right/mild;Airspace Disease/lung/middle lobe/right/mild,Lung Opacity,False,Lung Opacity,True,,,3387_IM-1633-1001.dcm.png
3390,reference_corpus,normal,,True,No Finding,True,,,3390_IM-1636-1001.dcm.png
3391,reference_corpus,Granuloma/lung/lingula,,False,,False,,Granuloma,3391_IM-1637-2001.dcm.png
3392,reference_corpus,normal,,True,No Finding,True,,,3392_IM-1637-1001.dcm.png
3393,reference_corpus,Nodule/lung/lingula;Aorta/tortuous/mild,Lung Lesion,False,Lung Lesion,True,,Aorta,3393_IM-1637-1001.dcm.png
3394,reference_corpus,Cicatrix/lung/base/left;Spondylosis/thoracic vertebrae,,False,,False,,Cicatrix;Spondylosis,3394_IM-1638-1001.dcm.png
3395,reference_corpus,normal,,True,No Finding,True,,,3395_IM-1639-0001-0001.dcm.png
3396,reference_corpus,Pleural Effusion/left;Cicatrix/lung/base/right,Pleural Effusion,False,Pleural Effusion,True,,Cicatrix,3396_IM-1640-1001.dcm.png
3399,reference_corpus,Infiltrate/lung/lower lobe/left/patchy/streaky;Pulmonary Atelectasis/lower lobe/left/focal;Pneumonia/lower lobe/left,Lung Opacity;Pneumonia;Atelectasis,False,Lung Opacity;Pneumonia;Atelectasis,True,,,
3400,reference_corpus,normal,,True,No Finding,True,,,3400_IM-1644-1001.dcm.png
3401,reference_corpus,Calcified Granuloma/bilateral/multiple;Calcinosis/lymph nodes/bilateral/multiple;Foreign Bodies/thorax/left/posterior,,False,,False,,Calcified Granuloma;Calcinosis;Foreign Bodies,3401_IM-1645-1001.dcm.png
3403,reference_corpus,normal,,True,No Finding,True,,,3403_IM-1647-1001.dcm.png
3404,reference_corpus,Mastectomy/left,,False,,False,,Mastectomy,3404_IM-1647-1001.dcm.png
3406,reference_corpus,Calcified Granuloma/lung/lingula,,False,,False,,Calcified Granuloma,3406_IM-1647-1001.dcm.png
3407,reference_corpus,Calcified Granuloma/multiple;Thoracic Vertebrae/degenerative,,False,,False,,Calcified Granuloma;Thoracic Vertebrae,3407_IM-1647-1001.dcm.png
3408,reference_corpus,"Fractures, Bone/ribs/bilateral/multiple/healed",Fracture,False,Fracture,True,,,3408_IM-1648-1001.dcm.png
3410,reference_corpus,"Lung/hyperdistention;Calcinosis/lung/hilum/left;Granuloma/left/small;Pulmonary Disease, Chronic Obstructive",,False,,False,,"Calcinosis;Granuloma;Lung;Pulmonary Disease, Chronic Obstructive",3410_IM-1648-1001.dcm.png
3413,reference_corpus,normal,,True,No Finding,True,,,3413_IM-1650-1001.dcm.png
3414,reference_corpus,Cardiomegaly/mild;Lung/hypoinflation;Markings/bronchovascular;Pulmonary Atelectasis/base/bilateral/patchy,Cardiomegaly;Atelectasis,False,Cardiomegaly;Atelectasis,True,,Lung;Markings,3414_IM-1650-1001.dcm.png
3415,reference_corpus,Thoracic Vertebrae/degenerative/mild;Pulmonary Atelectasis/base/bilateral/mild;Mediastinum/prominent,Atelectasis,False,Atelectasis,True,Mediastinum,Thoracic Vertebrae,3415_IM-1650-1001.dcm.png
3416,reference_corpus,Pulmonary Atelectasis/base/left/patchy;Nodule/lung/upper lobe/left/focal;Calcinosis/lung/upper lobe/left,Lung Lesion;Atelectasis,False,Lung Lesion;Atelectasis,True,,Calcinosis,3416_IM-1651-0001-0001.dcm.png
3417,reference_corpus,"Lung/hyperdistention;Pulmonary Disease, Chronic Obstructive;Cardiomegaly/mild;Thoracic Vertebrae/degenerative/mild;Atherosclerosis/aorta",Cardiomegaly,False,Cardiomegaly,True,,"Atherosclerosis;Lung;Pulmonary Disease, Chronic Obstructive;Thoracic Vertebrae",3417_IM-1652-1001.dcm.png
3418,reference_corpus,Markings/lung/interstitial/prominent;Bronchiolitis,,False,,False,,Bronchiolitis;Markings,3418_IM-1653-1001.dcm.png
3419,reference_corpus,"Aorta, Thoracic/tortuous/mild;Scoliosis/thoracic vertebrae;Scoliosis/lumbar vertebrae;Kyphosis/thoracic vertebrae/mild;Kyphosis/lumbar vertebrae/mild",,False,,False,,"Aorta, Thoracic;Kyphosis;Scoliosis",3419_IM-1654-12012.dcm.png
3420,reference_corpus,normal,,True,No Finding,True,,,3420_IM-1656-1001.dcm.png
3421,reference_corpus,"Aorta, Thoracic/tortuous/mild;Diaphragm/right/elevated/mild",,False,,False,,"Aorta, Thoracic;Diaphragm",3421_IM-1656-1001.dcm.png
3422,reference_corpus,normal,,True,No Finding,True,,,3422_IM-1656-1001.dcm.png
3423,reference_corpus,Aorta/tortuous;Thoracic Vertebrae/degenerative,,False,,False,,Aorta;Thoracic Vertebrae,3423_IM-1656-1001.dcm.png
3424,reference_corpus,Calcified Granuloma/lung/lower lobe/left/multiple,,False,,False,,Calcified Granuloma,3424_IM-1656-1001.dcm.png
3427,reference_corpus,normal,,True,No Finding,True,,,3427_IM-1657-1001.dcm.png
3428,reference_corpus,Calcinosis/ribs/right/anterior/prominent;Aorta/tortuous;Osteophyte/thoracic vertebrae/multiple,,False,,False,,Aorta;Calcinosis;Osteophyte,3428_IM-1657-1001.dcm.png
3430,reference_corpus,"Cardiomegaly/moderate;Pulmonary Congestion;Catheters, Indwelling",Cardiomegaly;Support Devices,False,Cardiomegaly;Support Devices,True,Pulmonary Congestion,,3430_IM-1659-4004.dcm.png
3431,reference_corpus,normal,,True,No Finding,True,,,3431_IM-1660-1001.dcm.png
3432,reference_corpus,Cardiomegaly;Lung/hilum/prominent;Opacity/lung/interstitial;Opacity/lung/hilum/prominent,Cardiomegaly;Lung Opacity,False,Cardiomegaly;Lung Opacity,True,,Lung,3432_IM-1661-1001.dcm.png
3433,reference_corpus,normal,,True,No Finding,True,,,3433_IM-1662-1001.dcm.png
3436,reference_corpus,Lung/hyperdistention;Calcified Granuloma,,False,,False,,Calcified Granuloma;Lung,3436_IM-1663-1001.dcm.png
3437,reference_corpus,Cicatrix/pleura/apex/bilateral/mild,,False,,False,,Cicatrix,3437_IM-1663-1001.dcm.png
3438,reference_corpus,normal,,True,No Finding,True,,,3438_IM-1664-1001.dcm.png
3440,reference_corpus,Scoliosis/thoracic vertebrae/right/mild,,False,,False,,Scoliosis,3440_IM-1665-1001.dcm.png
3441,reference_corpus,normal,,True,No Finding,True,,,3441_IM-1666-1001.dcm.png
3444,reference_corpus,Technical Quality of Image Unsatisfactory ,,False,,False,,Technical Quality of Image Unsatisfactory,3444_IM-1667-1001.dcm.png
3445,reference_corpus,normal,,True,No Finding,True,,,3445_IM-1668-1001.dcm.png
3446,reference_corpus,normal,,True,No Finding,True,,,3446_IM-1669-1001.dcm.png
3449,reference_corpus,Medical Device,Support Devices,False,Support Devices,True,,,3449_IM-1672-1001.dcm.png
3451,reference_corpus,Calcinosis/lymph nodes;Pleural Effusion/right/small;Thickening/pleura/right;Deformity/ribs/right/multiple/healed;Costophrenic Angle/right/blunted,Pleural Effusion;Pleural Other,False,Pleural Effusion;Pleural Other,True,,Calcinosis;Costophrenic Angle;Deformity,3451_IM-1674-1001.dcm.png
3452,reference_corpus,normal,,True,No Finding,True,,,3452_IM-1675-1001.dcm.png
3453,reference_corpus,normal,,True,No Finding,True,,,3453_IM-1676-0001-0001.dcm.png
3454,reference_corpus,"Catheters, Indwelling",Support Devices,False,Support Devices,True,,,3454_IM-1677-3001.dcm.png
3457,reference_corpus,Osteophyte/thoracic vertebrae/degenerative/mild,,False,,False,,Osteophyte,3457_IM-1678-1001.dcm.png
3458,reference_corpus,normal,,True,No Finding,True,,,3458_IM-1678-1001.dcm.png
3462,reference_corpus,"Density/retrocardiac/small;Catheters, Indwelling/left",Support Devices,False,Support Devices,True,Density,,3462_IM-1683-1001.dcm.png
3464,reference_corpus,No Indexing,,False,,False,,,3464_IM-1683-1001.dcm.png
3466,reference_corpus,Opacity/lung/hilum/streaky;Thickening/bronchi;Airspace Disease/lung/mild,Lung Opacity,False,Lung Opacity,True,Thickening,,3466_IM-1683-1001.dcm.png
3468,reference_corpus,Atherosclerosis/aorta;Lung/hyperdistention;Opacity/lung/apex/bilateral;Spine/degenerative/mild;Emphysema,Lung Opacity,False,Lung Opacity,True,,Atherosclerosis;Emphysema;Lung;Spine,3468_IM-1684-0001-0003.dcm.png
3469,reference_corpus,"Lung/hyperdistention;Opacity/lung/streaky;Cicatrix/lung;Catheters, Indwelling",Lung Opacity;Support Devices,False,Lung Opacity;Support Devices,True,,Cicatrix;Lung,3469_IM-1685-1001.dcm.png
3470,reference_corpus,Technical Quality of Image Unsatisfactory ;Thoracic Vertebrae/degenerative/mild,,False,,False,,Technical Quality of Image Unsatisfactory;Thoracic Vertebrae,3470_IM-1686-1001.dcm.png
3471,reference_corpus,"Lucency/round;Thoracic Vertebrae/degenerative;Hernia, Hiatal/small",,False,,False,,"Hernia, Hiatal;Lucency;Thoracic Vertebrae",3471_IM-1687-2002.dcm.png
3472,reference_corpus,normal,,True,No Finding,True,,,3472_IM-1688-1001.dcm.png
3473,reference_corpus,normal,,True,No Finding,True,,,3473_IM-1688-2002.dcm.png
3475,reference_corpus,normal,,True,No Finding,True,,,3475_IM-1688-1001.dcm.png
3479,reference_corpus,Cardiomegaly;Consolidation/lung/hilum/diffuse;Consolidation/pulmonary alveoli;Costophrenic Angle/bilateral/blunted;Heart Failure;Pulmonary Edema/pulmonary alveoli;Pleural Effusion,Cardiomegaly;Edema;Consolidation;Pleural Effusion,False,Cardiomegaly;Edema;Consolidation;Pleural Effusion,True,,Costophrenic Angle;Heart Failure,3479_IM-1690-1001.dcm.png
3480,reference_corpus,Surgical Instruments/abdomen,Support Devices,False,Support Devices,True,,,3480_IM-1691-1001.dcm.png
3483,reference_corpus,normal,,True,No Finding,True,,,3483_IM-1692-1001.dcm.png
3485,reference_corpus,Lung/hyperdistention;Pulmonary Emphysema;Calcinosis/lymph nodes;Calcified Granuloma,,False,,False,,Calcified Granuloma;Calcinosis;Lung;Pulmonary Emphysema,3485_IM-1694-2002.dcm.png
3487,reference_corpus,normal,,True,No Finding,True,,,3487_IM-1696-1001.dcm.png
3488,reference_corpus,Spine/degenerative,,False,,False,,Spine,3488_IM-1696-4004.dcm.png
3489,reference_corpus,normal,,True,No Finding,True,,,3489_IM-1696-1001.dcm.png
3491,reference_corpus,"Aorta, Thoracic/prominent;Calcinosis/aorta;Lung/azygos lobe;Spine/degenerative",,False,,False,,"Aorta, Thoracic;Calcinosis;Lung;Spine",3491_IM-1698-1001.dcm.png
3493,reference_corpus,Lung/hypoinflation/mild,,False,,False,,Lung,3493_IM-1698-1001.dcm.png
3494,reference_corpus,Lung/hypoinflation;Markings/bronchovascular,,False,,False,,Lung;Markings,3494_IM-1699-1001.dcm.png
3495,reference_corpus,normal,,True,No Finding,True,,,3495_IM-1700-1001.dcm.png
3496,reference_corpus,normal,,True,No Finding,True,,,
3497,reference_corpus,Calcified Granuloma/bilateral/multiple,,False,,False,,Calcified Granuloma,
3500,reference_corpus,normal,,True,No Finding,True,,,3500_IM-1706-1001.dcm.png
3501,reference_corpus,normal,,True,No Finding,True,,,3501_IM-1706-1001.dcm.png
3502,reference_corpus,Surgical Instruments/thorax;Cardiomegaly;Pulmonary Congestion;Diaphragm/left/elevated,Cardiomegaly;Support Devices,False,Cardiomegaly;Support Devices,True,Pulmonary Congestion,Diaphragm,3502_IM-1707-1001.dcm.png
3503,reference_corpus,normal,,True,No Finding,True,,,3503_IM-1707-3001.dcm.png
3506,reference_corpus,No Indexing,,False,,False,,,3506_IM-1708-1001.dcm.png
3507,reference_corpus,Scoliosis/thoracic vertebrae/right/mild,,False,,False,,Scoliosis,3507_IM-1709-4004.dcm.png
3509,reference_corpus,Pleural Effusion/right/small;Pulmonary Atelectasis/base/right/scattered;Surgical Instruments,Atelectasis;Pleural Effusion;Support Devices,False,Atelectasis;Pleural Effusion;Support Devices,True,,,3509_IM-1711-0001-0001.dcm.png
3510,reference_corpus,Cardiomegaly/mild;Markings/bronchovascular;Technical Quality of Image Unsatisfactory ,Cardiomegaly,False,Cardiomegaly,True,,Markings;Technical Quality of Image Unsatisfactory,3510_IM-1713-4004.dcm.png
3512,reference_corpus,Spondylosis/thoracic vertebrae,,False,,False,,Spondylosis,3512_IM-1714-1001.dcm.png
3513,reference_corpus,normal,,True,No Finding,True,,,3513_IM-1715-1001.dcm.png
3514,reference_corpus,Density/costophrenic angle/left,,False,,False,Density,,3514_IM-1715-2001.dcm.png
3515,reference_corpus,Calcified Granuloma/lung/lower lobe/left/small,,False,,False,,Calcified Granuloma,3515_IM-1715-1001.dcm.png
3516,reference_corpus,Costophrenic Angle/bilateral/blunted/mild,,False,,False,,Costophrenic Angle,3516_IM-1715-1001.dcm.png
3517,reference_corpus,"Atherosclerosis/aorta;Catheters, Indwelling/right;Implanted Medical Device",Support Devices,False,Support Devices,True,,Atherosclerosis,
3518,reference_corpus,Osteophyte/thoracic vertebrae/degenerative/multiple,,False,,False,,Osteophyte,3518_IM-1717-1001.dcm.png
3519,reference_corpus,Opacity/lung/lower lobe/left/large;Pleural Effusion/left/large;Technical Quality of Image Unsatisfactory ;Cardiac Shadow/obscured/severe,Lung Opacity;Pleural Effusion,False,Lung Opacity;Pleural Effusion,True,Cardiac Shadow,Technical Quality of Image Unsatisfactory,3519_IM-1717-1001.dcm.png
3521,reference_corpus,Bullous Emphysema/lung/apex/bilateral;Thoracic Vertebrae/degenerative,,False,,False,,Bullous Emphysema;Thoracic Vertebrae,3521_IM-1719-4001.dcm.png
3522,reference_corpus,normal,,True,No Finding,True,,,3522_IM-1720-1001.dcm.png
3523,reference_corpus,Surgical Instruments/right;Deformity/breast,Support Devices,False,Support Devices,True,,Deformity,3523_IM-1721-1001.dcm.png
3524,reference_corpus,normal,,True,No Finding,True,,,3524_IM-1721-1001.dcm.png
3526,reference_corpus,"Lung/hypoinflation;Aorta, Thoracic/tortuous/mild;Surgical Instruments/abdomen",Support Devices,False,Support Devices,True,,"Aorta, Thoracic;Lung",3526_IM-1723-1001.dcm.png
3527,reference_corpus,normal,,True,No Finding,True,,,3527_IM-1724-1001.dcm.png
3530,reference_corpus,Cardiomegaly/mild;Osteophyte/thoracic vertebrae/degenerative/mild,Cardiomegaly,False,Cardiomegaly,True,,Osteophyte,3530_IM-1726-1001.dcm.png
3532,reference_corpus,No Indexing,,False,,False,,,3532_IM-1726-2001.dcm.png
3533,reference_corpus,Lung/bilateral/hyperdistention/mild,,False,,False,,Lung,3533_IM-1726-1001.dcm.png
3534,reference_corpus,Mediastinum/right/paratracheal/prominent,,False,,False,Mediastinum,,3534_IM-1727-1001.dcm.png
3535,reference_corpus,normal,,True,No Finding,True,,,3535_IM-1728-0001-0002.dcm.png
3536,reference_corpus,Cardiomegaly;Airspace Disease/lung/base/pulmonary alveoli/right;Pulmonary Atelectasis/base/left;Pleural Effusion/right;Costophrenic Angle/right/posterior/blunted;Thoracic Vertebrae/degenerative/multiple;Lumbar Vertebrae/degenerative/multiple,Cardiomegaly;Lung Opacity;Atelectasis;Pleural Effusion,False,Cardiomegaly;Lung Opacity;Atelectasis;Pleural Effusion,True,,Costophrenic Angle;Lumbar Vertebrae;Thoracic Vertebrae,3536_IM-1729-4004.dcm.png
3537,reference_corpus,No Indexing,,False,,False,,,3537_IM-1730-1001.dcm.png
3540,reference_corpus,Lung/hyperdistention,,False,,False,,Lung,3540_IM-1732-1001.dcm.png
3541,reference_corpus,Lung/hypoinflation/mild;Opacity/lung/lower lobe/bilateral;Pulmonary Atelectasis/lower lobe/bilateral/focal/round,Lung Opacity;Atelectasis,False,Lung Opacity;Atelectasis,True,,Lung,3541_IM-1733-0001-0002.dcm.png
3544,reference_corpus,Opacity/lung/base/right;Pulmonary Atelectasis/base/right;Markings/lung/base/right/bronchovascular,Lung Opacity;Atelectasis,False,Lung Opacity;Atelectasis,True,,Markings,3544_IM-1736-1001.dcm.png
3545,reference_corpus,"Opacity/lung/base/bilateral/interstitial;Lung/hypoinflation;Calcinosis/aorta, thoracic",Lung Opacity,False,Lung Opacity,True,,Calcinosis;Lung,3545_IM-1737-2002.dcm.png
3546,reference_corpus,Cardiomegaly;Lung/bilateral/interstitial/prominent;Opacity/retrocardiac/patchy,Cardiomegaly;Lung Opacity,False,Cardiomegaly;Lung Opacity,True,,Lung,3546_IM-1738-4004.dcm.png
3548,reference_corpus,normal,,True,No Finding,True,,,3548_IM-1739-1001.dcm.png
3549,reference_corpus,normal,,True,No Finding,True,,,3549_IM-1739-1001-0001.dcm.png
3550,reference_corpus,Aorta/tortuous/prominent;Thoracic Vertebrae/degenerative/mild,,False,,False,,Aorta;Thoracic Vertebrae,3550_IM-1740-1001.dcm.png
3551,reference_corpus,Nodule/lung/lower lobe/left;Density/lung/lower lobe/left;Technical Quality of Image Unsatisfactory ,Lung Lesion,False,Lung Lesion,True,Density,Technical Quality of Image Unsatisfactory,3551_IM-1740-12012.dcm.png
3552,reference_corpus,normal,,True,No Finding,True,,,3552_IM-1741-1001.dcm.png
3553,reference_corpus,normal,,True,No Finding,True,,,3553_IM-1741-1001.dcm.png
3556,reference_corpus,Atherosclerosis/aorta,,False,,False,,Atherosclerosis,3556_IM-1741-1001-0001.dcm.png
3557,reference_corpus,"Catheters, Indwelling/left;Tube, Inserted;Pleural Effusion/bilateral/small",Pleural Effusion;Support Devices,False,Pleural Effusion;Support Devices,True,,,3557_IM-1742-0001-0002.dcm.png
3561,reference_corpus,normal,,True,No Finding,True,,,3561_IM-1746-1001.dcm.png
3563,reference_corpus,normal,,True,No Finding,True,,,3563_IM-1748-2002.dcm.png
3564,reference_corpus,"Surgical Instruments/mediastinum;Density/retrocardiac;Hernia, Hiatal;Lung/hypoinflation/mild",Support Devices,False,Support Devices,True,Density,"Hernia, Hiatal;Lung",3564_IM-1749-0001-0001.dcm.png
3568,reference_corpus,Calcinosis/lymph nodes/right/paratracheal,,False,,False,,Calcinosis,3568_IM-1753-1001.dcm.png
3571,reference_corpus,Diaphragm/right/elevated;Thoracic Vertebrae/degenerative,,False,,False,,Diaphragm;Thoracic Vertebrae,3571_IM-1754-3001.dcm.png
3572,reference_corpus,Markings/lung/hilum/bilateral/prominent/mild,,False,,False,,Markings,3572_IM-1755-84853001.dcm.png
3573,reference_corpus,"Aorta, Thoracic/tortuous/mild;Calcinosis/aorta, thoracic/mild;Thoracic Vertebrae/degenerative/mild;Scoliosis/lumbar vertebrae/left/mild;Scoliosis/thoracic vertebrae/left/mild",,False,,False,,"Aorta, Thoracic;Calcinosis;Scoliosis;Thoracic Vertebrae",3573_IM-1756-1001.dcm.png
3575,reference_corpus,Granuloma/lung/lingula;Calcinosis/lung/hilum/lymph nodes/left,,False,,False,,Calcinosis;Granuloma,3575_IM-1757-1001.dcm.png
3576,reference_corpus,normal,,True,No Finding,True,,,3576_IM-1757-1001.dcm.png
3577,reference_corpus,normal,,True,No Finding,True,,,3577_IM-1758-1001.dcm.png
3578,reference_corpus,No Indexing,,False,,False,,,3578_IM-1758-2001.dcm.png
3579,reference_corpus,No Indexing,,False,,False,,,3579_IM-1759-1001.dcm.png
3580,reference_corpus,normal,,True,No Finding,True,,,3580_IM-1760-1001.dcm.png
3582,reference_corpus,normal,,True,No Finding,True,,,3582_IM-1761-1001.dcm.png
3583,reference_corpus,Spine/degenerative/mild,,False,,False,,Spine,3583_IM-1762-1001.dcm.png
3584,reference_corpus,Lung/hypoinflation;Airspace Disease/lung/base/right/focal;Airspace Disease/lung/base/left/mild;Pulmonary Atelectasis/base/left,Lung Opacity;Atelectasis,False,Lung Opacity;Atelectasis,True,,Lung,
3585,reference_corpus,normal,,True,No Finding,True,,,3585_IM-1763-1001.dcm.png
3586,reference_corpus,Cardiomegaly/mild,Cardiomegaly,False,Cardiomegaly,True,,,3586_IM-1764-1001.dcm.png
3587,reference_corpus,normal,,True,No Finding,True,,,3587_IM-1765-1001.dcm.png
3588,reference_corpus,normal,,True,No Finding,True,,,3588_IM-1766-1001.dcm.png
3594,reference_corpus,normal,,True,No Finding,True,,,3594_IM-1772-1001.dcm.png
3595,reference_corpus,"Cardiomegaly;Markings/lung/interstitial/prominent;Pleural Effusion/base/left/small;Catheters, Indwelling",Cardiomegaly;Pleural Effusion;Support Devices,False,Cardiomegaly;Pleural Effusion;Support Devices,True,,Markings,3595_IM-1773-0001-0001.dcm.png
3596,reference_corpus,"Catheters, Indwelling/thorax/right;Calcified Granuloma/multiple",Support Devices,False,Support Devices,True,,Calcified Granuloma,3596_IM-1774-1001.dcm.png
3598,reference_corpus,normal,,True,No Finding,True,,,3598_IM-1775-1001.dcm.png
3599,reference_corpus,Aorta/tortuous;Thoracic Vertebrae/degenerative/mild,,False,,False,,Aorta;Thoracic Vertebrae,3599_IM-1775-1001.dcm.png
3600,reference_corpus,Cicatrix/lung/base/right;Calcinosis/abdomen/multiple,,False,,False,,Calcinosis;Cicatrix,3600_IM-1776-4004.dcm.png
3601,reference_corpus,"Hernia, Hiatal/large;Bone Diseases, Metabolic/spine;Spine/degenerative;Calcinosis/blood vessels;Shoulder/right/degenerative",,False,,False,,"Bone Diseases, Metabolic;Calcinosis;Hernia, Hiatal;Shoulder;Spine",3601_IM-1777-2002.dcm.png
3602,reference_corpus,Calcified Granuloma/lung/bilateral/multiple;Calcified Granuloma/lung/hilum/multiple,,False,,False,,Calcified Granuloma,3602_IM-1778-1001.dcm.png
3603,reference_corpus,normal,,True,No Finding,True,,,3603_IM-1779-1001.dcm.png
3604,reference_corpus,normal,,True,No Finding,True,,,3604_IM-1780-0001-0001.dcm.png
3605,reference_corpus,normal,,True,No Finding,True,,,3605_IM-1781-1001.dcm.png
3606,reference_corpus,normal,,True,No Finding,True,,,3606_IM-1781-1001.dcm.png
3607,reference_corpus,Opacity/lung/base/left;Cicatrix/lung/base/left;Pulmonary Atelectasis/base/left;Spine/degenerative,Lung Opacity;Atelectasis,False,Lung Opacity;Atelectasis,True,,Cicatrix;Spine,3607_IM-1781-1001.dcm.png
3609,reference_corpus,Cardiomegaly/borderline,Cardiomegaly,False,Cardiomegaly,True,,,3609_IM-1782-2001.dcm.png
3613,reference_corpus,Calcified Granuloma/lung/bilateral/multiple,,False,,False,,Calcified Granuloma,3613_IM-1786-2002.dcm.png
3615,reference_corpus,"Tube, Inserted/trachea, carina",Support Devices,False,Support Devices,True,,,3615_IM-1788-1001.dcm.png
3616,reference_corpus,Atherosclerosis/aorta;Emphysema;Markings/lung/interstitial,,False,,False,,Atherosclerosis;Emphysema;Markings,3616_IM-1789-2002.dcm.png
3617,reference_corpus,normal,,True,No Finding,True,,,3617_IM-1789-1001.dcm.png
3619,reference_corpus,normal,,True,No Finding,True,,,3619_IM-1791-1001.dcm.png
3621,reference_corpus,Lung/hypoinflation,,False,,False,,Lung,3621_IM-1792-3001.dcm.png
3623,reference_corpus,Calcinosis/lymph nodes,,False,,False,,Calcinosis,3623_IM-1793-1001.dcm.png
3625,reference_corpus,normal,,True,No Finding,True,,,3625_IM-1794-1001.dcm.png
3626,reference_corpus,Pleural Effusion/bilateral;Thickening/pleura/bilateral/mild,Pleural Effusion;Pleural Other,False,Pleural Effusion;Pleural Other,True,,,3626_IM-1794-1001.dcm.png
3627,reference_corpus,Thoracic Vertebrae/scattered/degenerative;Diaphragm/right/elevated;Pulmonary Atelectasis/base/bilateral;Lung/hilum/lymph nodes/bilateral,Atelectasis,False,Atelectasis,True,,Diaphragm;Lung;Thoracic Vertebrae,
3628,reference_corpus,Thoracic Vertebrae/degenerative/multiple,,False,,False,,Thoracic Vertebrae,3628_IM-1796-1001.dcm.png
3631,reference_corpus,"Technical Quality of Image Unsatisfactory ;Catheters, Indwelling;Tube, Inserted;Mediastinum/prominent",Support Devices,False,Support Devices,True,Mediastinum,Technical Quality of Image Unsatisfactory,3631_IM-1798-4004.dcm.png
3633,reference_corpus,Thoracic Vertebrae/degenerative;Lung/hypoinflation,,False,,False,,Lung;Thoracic Vertebrae,3633_IM-1800-1001.dcm.png
3634,reference_corpus,normal,,True,No Finding,True,,,3634_IM-1801-1001.dcm.png
3635,reference_corpus,Spine/degenerative,,False,,False,,Spine,3635_IM-1802-1001.dcm.png
3636,reference_corpus,Lung/hyperdistention/mild;Cicatrix/lung/base/bilateral;Opacity/lung/bilateral/interstitial/prominent/chronic;Emphysema,Lung Opacity,False,Lung Opacity,True,,Cicatrix;Emphysema;Lung,3636_IM-1803-1001.dcm.png
3638,reference_corpus,Cardiomegaly,Cardiomegaly,False,Cardiomegaly,True,,,3638_IM-1804-1001.dcm.png
3640,reference_corpus,Calcified Granuloma/lung/apex/right;Calcified Granuloma/lung/base/left;Calcinosis/lung/hilum/lymph nodes,,False,,False,,Calcified Granuloma;Calcinosis,3640_IM-1804-1001.dcm.png
3642,reference_corpus,Thoracic Vertebrae/degenerative/mild;Aorta/tortuous,,False,,False,,Aorta;Thoracic Vertebrae,3642_IM-1806-1001.dcm.png
3644,reference_corpus,"Aorta, Thoracic/tortuous;Calcinosis/trachea, carina/lymph nodes;Heart Ventricles/left/enlarged",,False,,False,,"Aorta, Thoracic;Calcinosis;Heart Ventricles",3644_IM-1807-1001.dcm.png
3646,reference_corpus,normal,,True,No Finding,True,,,3646_IM-1808-0001-0002.dcm.png
3647,reference_corpus,normal,,True,No Finding,True,,,3647_IM-1809-1001.dcm.png
3648,reference_corpus,normal,,True,No Finding,True,,,3648_IM-1810-3001.dcm.png
3651,reference_corpus,Costophrenic Angle/bilateral/blunted;Cicatrix/costophrenic angle,,False,,False,,Cicatrix;Costophrenic Angle,3651_IM-1813-1001.dcm.png
3652,reference_corpus,Calcified Granuloma/lung/hilum/right/multiple;Scoliosis/thoracic vertebrae/right/mild,,False,,False,,Calcified Granuloma;Scoliosis,3652_IM-1814-1001.dcm.png
3654,reference_corpus,Opacity/lung/upper lobe/right/round,Lung Opacity,False,Lung Opacity,True,,,3654_IM-1816-1001.dcm.png
3656,reference_corpus,Cardiomegaly/borderline;Lung/hypoinflation;Density/thorax/round;Granulomatous Disease/chronic;Thoracic Vertebrae/degenerative/mild,Cardiomegaly,False,Cardiomegaly,True,Density,Granulomatous Disease;Lung;Thoracic Vertebrae,3656_IM-1817-1001.dcm.png
3657,reference_corpus,Pulmonary Congestion/hilum/bilateral;Lung/hyperdistention;Diaphragm/bilateral/flattened,,False,,False,Pulmonary Congestion,Diaphragm;Lung,3657_IM-1818-1001.dcm.png
3658,reference_corpus,Thickening/pleura/apex/bilateral/round;Cicatrix/pleura/apex/bilateral/round;Nodule/pleura/apex/bilateral/round;Deformity/spine,Lung Lesion;Pleural Other,False,Lung Lesion;Pleural Other,True,,Cicatrix;Deformity,3658_IM-1819-1001.dcm.png
3661,reference_corpus,normal,,True,No Finding,True,,,3661_IM-1821-1001.dcm.png
3662,reference_corpus,Calcinosis/lung/hilum/lymph nodes/bilateral;Calcified Granuloma/lung/left;Thoracic Vertebrae/degenerative,,False,,False,,Calcified Granuloma;Calcinosis;Thoracic Vertebrae,3662_IM-1821-1001.dcm.png
3664,reference_corpus,normal,,True,No Finding,True,,,3664_IM-1822-1001.dcm.png
3668,reference_corpus,Infiltrate/lung/lingula/round,Lung Opacity,False,Lung Opacity,True,,,3668_IM-1825-1001.dcm.png
3669,reference_corpus,Emphysema,,False,,False,,Emphysema,3669_IM-1826-1001.dcm.png
3670,reference_corpus,Thickening/pleura/apex/bilateral/mild;Spinal Fusion/cervical vertebrae/anterior;Spine/degenerative,Pleural Other,False,Pleural Other,True,,Spinal Fusion;Spine,3670_IM-1826-1001.dcm.png
3673,reference_corpus,Calcinosis/aorta;Calcinosis/lymph nodes/small;Emphysema;Opacity/lung/upper lobe/hilum/left;Opacity/lung/lingula,Lung Opacity,False,Lung Opacity,True,,Calcinosis;Emphysema,3673_IM-1828-1001.dcm.png
3674,reference_corpus,normal,,True,No Finding,True,,,3674_IM-1829-0001-0001.dcm.png
3675,reference_corpus,normal,,True,No Finding,True,,,3675_IM-1829-0001-0001.dcm.png
3677,reference_corpus,Aorta/tortuous,,False,,False,,Aorta,3677_IM-1830-2001.dcm.png
3678,reference_corpus,Costophrenic Angle/bilateral/blunted/mild;Markings/lung/interstitial/prominent/mild,,False,,False,,Costophrenic Angle;Markings,3678_IM-1831-1001.dcm.png
3679,reference_corpus,normal,,True,No Finding,True,,,3679_IM-1831-1001.dcm.png
3680,reference_corpus,Opacity/lung/base/bilateral/streaky;Pulmonary Atelectasis/base/bilateral;Opacity/lung/middle lobe/right;Calcified Granuloma/scattered/multiple,Lung Opacity;Atelectasis,False,Lung Opacity;Atelectasis,True,,Calcified Granuloma,3680_IM-1832-1001.dcm.png
3682,reference_corpus,Lung/hypoinflation,,False,,False,,Lung,3682_IM-1834-1001.dcm.png
3684,reference_corpus,Scoliosis/thoracic vertebrae/right/mild;Cardiomegaly/mild;Lung/blood vessels/left/prominent/mild;Lung/azygos lobe,Cardiomegaly,False,Cardiomegaly,True,,Lung;Scoliosis,3684_IM-1836-1001.dcm.png
3685,reference_corpus,"Calcinosis/aorta, thoracic;Shift/trachea/right/mild;Thoracic Vertebrae/degenerative/severe",,False,,False,,Calcinosis;Shift;Thoracic Vertebrae,3685_IM-1836-1001.dcm.png
3686,reference_corpus,"Cardiomegaly;Airspace Disease/lung/base/right;Catheters, Indwelling/left",Cardiomegaly;Lung Opacity;Support Devices,False,Cardiomegaly;Lung Opacity;Support Devices,True,,,3686_IM-1837-0001-0001.dcm.png
3687,reference_corpus,"Pulmonary Atelectasis/base/left/patchy/mild;Infiltrate/lung/base/left/mild;Catheters, Indwelling;Spinal Fusion/cervical vertebrae",Lung Opacity;Atelectasis;Support Devices,False,Lung Opacity;Atelectasis;Support Devices,True,,Spinal Fusion,3687_IM-1838-2001.dcm.png
3688,reference_corpus,"Catheters, Indwelling/left;Opacity/lung/base/bilateral;Pleural Effusion/base/bilateral;Pulmonary Atelectasis/base/bilateral;Lung/interstitial/prominent",Lung Opacity;Atelectasis;Pleural Effusion;Support Devices,False,Lung Opacity;Atelectasis;Pleural Effusion;Support Devices,True,,Lung,3688_IM-1839-0001-0001.dcm.png
3689,reference_corpus,Calcinosis/aorta;Calcified Granuloma/lung/lower lobe/right/anterior;Thoracic Vertebrae/degenerative;Stents/coronary vessels,Support Devices,False,Support Devices,True,,Calcified Granuloma;Calcinosis;Thoracic Vertebrae,3689_IM-1840-1001.dcm.png
3690,reference_corpus,Cardiomegaly;Aorta/tortuous;Lung/hypoinflation,Cardiomegaly,False,Cardiomegaly,True,,Aorta;Lung,3690_IM-1841-1001.dcm.png
3691,reference_corpus,Atherosclerosis/aorta;Thoracic Vertebrae/degenerative,,False,,False,,Atherosclerosis;Thoracic Vertebrae,3691_IM-1842-1001.dcm.png
3694,reference_corpus,Pneumothorax/apex/left/small,Pneumothorax,False,Pneumothorax,True,,,3694_IM-1845-1001.dcm.png
3696,reference_corpus,Granuloma/lung/middle lobe/right,,False,,False,,Granuloma,3696_IM-1846-1001.dcm.png
3697,reference_corpus,Pulmonary Fibrosis/right/severe;Shift/trachea/right;Cicatrix/pleura/apex/left;Cicatrix/lung/apex/left,,False,,False,,Cicatrix;Pulmonary Fibrosis;Shift,3697_IM-1846-1001.dcm.png
3698,reference_corpus,normal,,True,No Finding,True,,,3698_IM-1846-1001.dcm.png
3703,reference_corpus,normal,,True,No Finding,True,,,3703_IM-1850-1001.dcm.png
3704,reference_corpus,normal,,True,No Finding,True,,,3704_IM-1851-1001.dcm.png
3705,reference_corpus,Atherosclerosis/aorta;Arthritis,,False,,False,,Arthritis;Atherosclerosis,3705_IM-1851-1001-0001.dcm.png
3706,reference_corpus,Surgical Instruments/mediastinum,Support Devices,False,Support Devices,True,,,3706_IM-1851-1001.dcm.png
3707,reference_corpus,No Indexing,,False,,False,,,3707_IM-1851-1001.dcm.png
3712,reference_corpus,"Bone Diseases, Metabolic",,False,,False,,"Bone Diseases, Metabolic",3712_IM-1854-1001.dcm.png
3714,reference_corpus,Lung/hypoinflation/mild,,False,,False,,Lung,3714_IM-1856-1001.dcm.png
3715,reference_corpus,Infiltrate/lung/lingula/focal/round/small;Calcinosis/lung/right;Calcinosis/mediastinum;Granulomatous Disease;Surgical Instruments/abdomen/right,Lung Opacity;Support Devices,False,Lung Opacity;Support Devices,True,,Calcinosis;Granulomatous Disease,3715_IM-1856-1001.dcm.png
3716,reference_corpus,Foreign Bodies/breast/bilateral,,False,,False,,Foreign Bodies,3716_IM-1856-1001.dcm.png
3717,reference_corpus,Lung/hypoinflation,,False,,False,,Lung,3717_IM-1856-1001.dcm.png
3719,reference_corpus,normal,,True,No Finding,True,,,3719_IM-1857-1001.dcm.png
3721,reference_corpus,Opacity/lung/base/left/streaky;Pulmonary Atelectasis/lower lobe/left,Lung Opacity;Atelectasis,False,Lung Opacity;Atelectasis,True,,,3721_IM-1859-1001.dcm.png
3723,reference_corpus,normal,,True,No Finding,True,,,3723_IM-1860-1001.dcm.png
3725,reference_corpus,Calcified Granuloma/lung/upper lobe/right,,False,,False,,Calcified Granuloma,3725_IM-1861-1001.dcm.png
3727,reference_corpus,"Lung/hypoinflation;Catheters, Indwelling/left",Support Devices,False,Support Devices,True,,Lung,3727_IM-1863-1001.dcm.png
3728,reference_corpus,normal,,True,No Finding,True,,,3728_IM-1864-1001.dcm.png
3729,reference_corpus,normal,,True,No Finding,True,,,3729_IM-1864-1001.dcm.png
3730,reference_corpus,Infiltrate/lung/left/interstitial,Lung Opacity,False,Lung Opacity,True,,,3730_IM-1864-1001.dcm.png
3731,reference_corpus,normal,,True,No Finding,True,,,3731_IM-1865-1001.dcm.png
3733,reference_corpus,Cardiomegaly;Costophrenic Angle/right/blunted;Cicatrix/pleura/right;Granuloma/lung/upper lobe/left;Kyphosis/thoracic vertebrae;Osteophyte/thoracic vertebrae/anterior/multiple;Aorta/tortuous,Cardiomegaly,False,Cardiomegaly,True,,Aorta;Cicatrix;Costophrenic Angle;Granuloma;Kyphosis;Osteophyte,3733_IM-1866-1001.dcm.png
3734,reference_corpus,normal,,True,No Finding,True,,,3734_IM-1866-1001.dcm.png
3736,reference_corpus,Thoracic Vertebrae/degenerative/mild,,False,,False,,Thoracic Vertebrae,
3737,reference_corpus,normal,,True,No Finding,True,,,3737_IM-1867-2001.dcm.png
3738,reference_corpus,normal,,True,No Finding,True,,,3738_IM-1867-1001.dcm.png
3739,reference_corpus,Granuloma/lung/upper lobe/left;Costophrenic Angle/right/blunted/chronic,,False,,False,,Costophrenic Angle;Granuloma,3739_IM-1868-1001.dcm.png
3740,reference_corpus,Opacity/lung/lower lobe/right/diffuse;Pneumonia/lower lobe/right,Lung Opacity;Pneumonia,False,Lung Opacity;Pneumonia,True,,,3740_IM-1868-1001.dcm.png
3742,reference_corpus,Granulomatous Disease,,False,,False,,Granulomatous Disease,3742_IM-1869-1002001.dcm.png
3743,reference_corpus,No Indexing,,False,,False,,,3743_IM-1870-1001.dcm.png
3744,reference_corpus,normal,,True,No Finding,True,,,3744_IM-1871-0001-0001.dcm.png
3745,reference_corpus,normal,,True,No Finding,True,,,3745_IM-1872-1001.dcm.png
3747,reference_corpus,normal,,True,No Finding,True,,,3747_IM-1873-1001.dcm.png
3748,reference_corpus,Pulmonary Atelectasis/base/left/mild;Cicatrix/lung/base/left/mild,Atelectasis,False,Atelectasis,True,,Cicatrix,3748_IM-1874-1001.dcm.png
3749,reference_corpus,normal,,True,No Finding,True,,,3749_IM-1874-1001.dcm.png
3750,reference_corpus,Cardiomegaly;Pleural Effusion/right/small;Lung/blood vessels/enlarged;Pulmonary Congestion;Lung/interstitial/prominent;Pulmonary Edema/interstitial,Cardiomegaly;Edema;Pleural Effusion,False,Cardiomegaly;Edema;Pleural Effusion,True,Pulmonary Congestion,Lung,3750_IM-1874-1001.dcm.png
3751,reference_corpus,No Indexing,,False,,False,,,3751_IM-1875-1001.dcm.png
3752,reference_corpus,Mediastinum/prominent;Cardiomegaly/mild,Cardiomegaly,False,Cardiomegaly,True,Mediastinum,,3752_IM-1876-6001.dcm.png
3753,reference_corpus,Pulmonary Atelectasis/base/left/mild;Nodule/lung/middle lobe/right/multiple/small;Nodule/lung/upper lobe/left/multiple/small,Lung Lesion;Atelectasis,False,Lung Lesion;Atelectasis,True,,,3753_IM-1877-1001.dcm.png
3754,reference_corpus,normal,,True,No Finding,True,,,3754_IM-1878-2001.dcm.png
3757,reference_corpus,"Aorta, Thoracic/tortuous/mild",,False,,False,,"Aorta, Thoracic",3757_IM-1881-12012.dcm.png
3758,reference_corpus,Spinal Fusion/cervical vertebrae/anterior,,False,,False,,Spinal Fusion,3758_IM-1882-1001.dcm.png
3760,reference_corpus,"Aorta, Thoracic/tortuous;Thoracic Vertebrae/degenerative/moderate",,False,,False,,"Aorta, Thoracic;Thoracic Vertebrae",3760_IM-1883-1001.dcm.png
3761,reference_corpus,Cardiomegaly/mild;Aorta/tortuous;Thoracic Vertebrae/degenerative/mild,Cardiomegaly,False,Cardiomegaly,True,,Aorta;Thoracic Vertebrae,3761_IM-1883-1001.dcm.png
3762,reference_corpus,Calcinosis/coronary vessels/left,,False,,False,,Calcinosis,3762_IM-1883-1001.dcm.png
3763,reference_corpus,normal,,True,No Finding,True,,,3763_IM-1883-1001.dcm.png
3764,reference_corpus,normal,,True,No Finding,True,,,3764_IM-1884-1001.dcm.png
3765,reference_corpus,normal,,True,No Finding,True,,,3765_IM-1884-1001.dcm.png
3768,reference_corpus,Cardiomegaly/mild;Kyphosis/thoracic vertebrae/severe,Cardiomegaly,False,Cardiomegaly,True,,Kyphosis,3768_IM-1887-1001.dcm.png
3769,reference_corpus,"Lung/hypoinflation;Opacity/lung/hilum/bilateral;Scoliosis/thoracic vertebrae/right;Tube, Inserted/trachea",Lung Opacity;Support Devices,False,Lung Opacity;Support Devices,True,,Lung;Scoliosis,3769_IM-1888-4001.dcm.png
3770,reference_corpus,Spine/degenerative,,False,,False,,Spine,3770_IM-1890-1001.dcm.png
3771,reference_corpus,normal,,True,No Finding,True,,,3771_IM-1890-1001.dcm.png
3772,reference_corpus,Calcified Granuloma;Spine/degenerative,,False,,False,,Calcified Granuloma;Spine,3772_IM-1891-1001.dcm.png
3773,reference_corpus,normal,,True,No Finding,True,,,3773_IM-1891-1001.dcm.png
3775,reference_corpus,normal,,True,No Finding,True,,,3775_IM-1893-1001.dcm.png
3776,reference_corpus,Calcinosis/lung/hilum/lymph nodes/right,,False,,False,,Calcinosis,3776_IM-1893-1001.dcm.png
3777,reference_corpus,Lung/hypoinflation;Thoracic Vertebrae/degenerative/mild;Surgical Instruments/abdomen/right,Support Devices,False,Support Devices,True,,Lung;Thoracic Vertebrae,3777_IM-1894-1001.dcm.png
3778,reference_corpus,normal,,True,No Finding,True,,,3778_IM-1894-1001.dcm.png
3781,reference_corpus,normal,,True,No Finding,True,,,3781_IM-1897-1001.dcm.png
3783,reference_corpus,normal,,True,No Finding,True,,,3783_IM-1898-1001.dcm.png
3784,reference_corpus,Lung/hypoinflation;Technical Quality of Image Unsatisfactory ,,False,,False,,Lung;Technical Quality of Image Unsatisfactory,3784_IM-1898-2001.dcm.png
3786,reference_corpus,Consolidation/lung/upper lobe/left;Consolidation/lung/lower lobe/bilateral;Cardiomegaly/mild;Pneumonia/focal/multiple,Cardiomegaly;Consolidation;Pneumonia,False,Cardiomegaly;Consolidation;Pneumonia,True,,,
3792,reference_corpus,normal,,True,No Finding,True,,,3792_IM-1906-1001.dcm.png
3794,reference_corpus,Opacity/ribs/left/anterior/round,Lung Opacity,False,Lung Opacity,True,,,3794_IM-1908-1001.dcm.png
3795,reference_corpus,Scoliosis/thoracic vertebrae/right/moderate,,False,,False,,Scoliosis,3795_IM-1909-1001.dcm.png
3797,reference_corpus,Opacity/lung/lower lobe/left;Pulmonary Atelectasis/lower lobe/left,Lung Opacity;Atelectasis,False,Lung Opacity;Atelectasis,True,,,3797_IM-1910-0001-0002.dcm.png
3798,reference_corpus,Opacity/lung/lower lobe/right/patchy;Airspace Disease/lung/base/right,Lung Opacity,False,Lung Opacity,True,,,3798_IM-1911-1001.dcm.png
3799,reference_corpus,Pulmonary Atelectasis/base/left/mild;Thoracic Vertebrae/degenerative;Granuloma/lung/lower lobe/left,Atelectasis,False,Atelectasis,True,,Granuloma;Thoracic Vertebrae,3799_IM-1911-4001.dcm.png
3801,reference_corpus,Surgical Instruments/mediastinum;Cardiomegaly;Aorta/tortuous;Markings/lung/interstitial/prominent;Pulmonary Edema/interstitial;Spine/degenerative/multiple,Cardiomegaly;Edema;Support Devices,False,Cardiomegaly;Edema;Support Devices,True,,Aorta;Markings;Spine,3801_IM-1912-1001.dcm.png
3802,reference_corpus,Aorta/tortuous;Atherosclerosis/aorta;Medical Device/thorax/left;Density/lung/base/left/mild;Spine/degenerative;Technical Quality of Image Unsatisfactory ,Support Devices,False,Support Devices,True,Density,Aorta;Atherosclerosis;Spine;Technical Quality of Image Unsatisfactory,3802_IM-1912-1001-0002.dcm.png
3803,reference_corpus,Aorta/tortuous;Atherosclerosis/aorta;Lung/hyperdistention;Diaphragm/bilateral/flattened;Thoracic Vertebrae/degenerative;Emphysema,,False,,False,,Aorta;Atherosclerosis;Diaphragm;Emphysema;Lung;Thoracic Vertebrae,3803_IM-1913-3001.dcm.png
3806,reference_corpus,Scoliosis/thoracic vertebrae/moderate;Scoliosis/lumbar vertebrae/moderate;Technical Quality of Image Unsatisfactory ,,False,,False,,Scoliosis;Technical Quality of Image Unsatisfactory,3806_IM-1916-2001.dcm.png
3807,reference_corpus,Pneumonectomy/lung/upper lobe/left;Diaphragm/left/elevated,,False,,False,,Diaphragm;Pneumonectomy,3807_IM-1917-1001.dcm.png
3811,reference_corpus,Cardiomegaly/mild;Opacity/lung/base/bilateral/reticular/multiple/mild;Pulmonary Edema;Pulmonary Congestion/mild,Cardiomegaly;Lung Opacity;Edema,False,Cardiomegaly;Lung Opacity;Edema,True,Pulmonary Congestion,,3811_IM-1921-1001.dcm.png
3812,reference_corpus,Atherosclerosis/aorta;Lucency/lung/apex/bilateral;Cicatrix/lung/apex/bilateral;Emphysema,,False,,False,,Atherosclerosis;Cicatrix;Emphysema;Lucency,3812_IM-1922-2001.dcm.png
3813,reference_corpus,Opacity/lung/base/left,Lung Opacity,False,Lung Opacity,True,,,3813_IM-1922-1001.dcm.png
3816,reference_corpus,Spine/degenerative,,False,,False,,Spine,3816_IM-1925-1001.dcm.png
3818,reference_corpus,normal,,True,No Finding,True,,,3818_IM-1925-1001.dcm.png
3819,reference_corpus,Medical Device;Cardiac Shadow/enlarged/severe;Calcinosis/aorta;Cardiomegaly/severe;Pericardial Effusion/severe,Cardiomegaly;Support Devices,False,Cardiomegaly;Support Devices,True,,Calcinosis;Pericardial Effusion,3819_IM-1926-1001.dcm.png
3824,reference_corpus,Opacity/lung/base/bilateral/patchy;Pneumonia/base/bilateral/patchy;Lung/hypoinflation,Lung Opacity;Pneumonia,False,Lung Opacity;Pneumonia,True,,Lung,3824_IM-1931-1001.dcm.png
3825,reference_corpus,Spinal Fusion/cervical vertebrae;Spinal Fusion/thoracic vertebrae;Calcified Granuloma/lung/bilateral/multiple;Spine/degenerative,,False,,False,,Calcified Granuloma;Spinal Fusion;Spine,3825_IM-1931-1001.dcm.png
3827,reference_corpus,normal,,True,No Finding,True,,,3827_IM-1932-1001.dcm.png
3829,reference_corpus,Cardiomegaly/moderate;Blood Vessels/lung/prominent;Markings/lung/interstitial;Airspace Disease/lung/base/left;Pulmonary Atelectasis/base/left;Infiltrate/lung/base/left;Pulmonary Congestion,Cardiomegaly;Lung Opacity;Atelectasis,False,Cardiomegaly;Lung Opacity;Atelectasis,True,Pulmonary Congestion,Blood Vessels;Markings,3829_IM-1932-1001.dcm.png
3831,reference_corpus,normal,,True,No Finding,True,,,3831_IM-1934-1001.dcm.png
3832,reference_corpus,Calcinosis/mediastinum/lymph nodes,,False,,False,,Calcinosis,3832_IM-1935-1002001.dcm.png
3833,reference_corpus,"Costophrenic Angle/right/blunted;Thickening/pleura/right;Sclerosis/pleura/right;Calcified Granuloma/lung/bilateral/multiple;Calcinosis/lung/lymph nodes/bilateral/multiple;Pulmonary Disease, Chronic Obstructive;Pulmonary Emphysema;Opacity/lung/apex/left",Lung Opacity;Pleural Other,False,Lung Opacity;Pleural Other,True,,"Calcified Granuloma;Calcinosis;Costophrenic Angle;Pulmonary Disease, Chronic Obstructive;Pulmonary Emphysema;Sclerosis",3833_IM-1936-1001.dcm.png
3834,reference_corpus,Scoliosis/thoracic vertebrae,,False,,False,,Scoliosis,3834_IM-1937-1001.dcm.png
3836,reference_corpus,normal,,True,No Finding,True,,,3836_IM-1939-1001.dcm.png
3838,reference_corpus,Implanted Medical Device;Surgical Instruments/thorax,Support Devices,False,Support Devices,True,,,
3839,reference_corpus,Cardiomegaly/borderline;Calcinosis/lymph nodes/small;Implanted Medical Device/left;Diaphragm/right/elevated;Pulmonary Atelectasis/streaky,Cardiomegaly;Atelectasis;Support Devices,False,Cardiomegaly;Atelectasis;Support Devices,True,,Calcinosis;Diaphragm,
3840,reference_corpus,Thoracic Vertebrae/degenerative;Cardiomegaly;Mediastinum/prominent;Pulmonary Congestion;Lung/bilateral/hypoinflation/mild;Opacity/lung/base/bilateral;Opacity/lung/hilum/left;Pleural Effusion/bilateral;Airspace Disease/lung/bilateral,Cardiomegaly;Lung Opacity;Pleural Effusion,False,Cardiomegaly;Lung Opacity;Pleural Effusion,True,Mediastinum;Pulmonary Congestion,Lung;Thoracic Vertebrae,3840_IM-1941-2001.dcm.png
3841,reference_corpus,Thoracic Vertebrae/degenerative/mild,,False,,False,,Thoracic Vertebrae,3841_IM-1942-1001.dcm.png
3842,reference_corpus,Lung/hypoinflation,,False,,False,,Lung,3842_IM-1943-1001.dcm.png
3843,reference_corpus,"Catheters, Indwelling/right;Thoracic Vertebrae/degenerative/mild",Support Devices,False,Support Devices,True,,Thoracic Vertebrae,3843_IM-1944-1001.dcm.png
3845,reference_corpus,normal,,True,No Finding,True,,,3845_IM-1945-1001.dcm.png
3846,reference_corpus,Pleural Effusion/left/moderate;Density/lung/base/right/streaky/mild;Pulmonary Atelectasis/base/right;Scoliosis/thoracic vertebrae/right,Atelectasis;Pleural Effusion,False,Atelectasis;Pleural Effusion,True,Density,Scoliosis,3846_IM-1946-1001.dcm.png
3850,reference_corpus,Nipple Shadow/bilateral;Pulmonary Fibrosis/apex/right/mild,,False,,False,,Nipple Shadow;Pulmonary Fibrosis,3850_IM-1948-1001.dcm.png
3851,reference_corpus,Density/lung/round/multiple;Granulomatous Disease/chronic,,False,,False,Density,Granulomatous Disease,3851_IM-1948-1001.dcm.png
3853,reference_corpus,Cardiomegaly/mild;Calcinosis/aorta/severe;Pulmonary Artery/enlarged;Pulmonary Congestion;Diaphragm/right/elevated;Pleural Effusion/right/small;Pleural Effusion/left,Cardiomegaly;Pleural Effusion,False,Cardiomegaly;Pleural Effusion,True,Pulmonary Congestion,Calcinosis;Diaphragm;Pulmonary Artery,3853_IM-1950-1001.dcm.png
3854,reference_corpus,Medical Device,Support Devices,False,Support Devices,True,,,3854_IM-1950-1001.dcm.png
3855,reference_corpus,Nodule/lung/upper lobe/bilateral/multiple;Nodule/lung/lower lobe/bilateral/multiple;Diaphragm/left/elevated/mild,Lung Lesion,False,Lung Lesion,True,,Diaphragm,3855_IM-1950-1001.dcm.png
3856,reference_corpus,normal,,True,No Finding,True,,,3856_IM-1951-1001.dcm.png
3857,reference_corpus,normal,,True,No Finding,True,,,3857_IM-1952-1001.dcm.png
3858,reference_corpus,"Aorta, Thoracic/tortuous/mild;Calcinosis/ribs/multiple;Fractures, Bone/clavicle/left/healed",Fracture,False,Fracture,True,,"Aorta, Thoracic;Calcinosis",3858_IM-1953-4004.dcm.png
3860,reference_corpus,normal,,True,No Finding,True,,,3860_IM-1954-2001.dcm.png
3861,reference_corpus,normal,,True,No Finding,True,,,3861_IM-1955-1001.dcm.png
3863,reference_corpus,Cardiac Shadow/enlarged;Cardiomegaly,Cardiomegaly,False,Cardiomegaly,True,,,3863_IM-1957-1001.dcm.png
3865,reference_corpus,Deformity/ribs/bilateral/multiple,,False,,False,,Deformity,3865_IM-1958-1001.dcm.png
3867,reference_corpus,normal,,True,No Finding,True,,,3867_IM-1960-1001.dcm.png
3868,reference_corpus,Aorta/tortuous/mild,,False,,False,,Aorta,3868_IM-1961-1001.dcm.png
3869,reference_corpus,Surgical Instruments/thorax;Cardiomegaly/mild,Cardiomegaly;Support Devices,False,Cardiomegaly;Support Devices,True,,,3869_IM-1962-1001.dcm.png
3870,reference_corpus,"Opacity/lung/lower lobe/bilateral;Pleural Effusion/bilateral;Catheters, Indwelling/left",Lung Opacity;Pleural Effusion;Support Devices,False,Lung Opacity;Pleural Effusion;Support Devices,True,,,3870_IM-1963-4001.dcm.png
3871,reference_corpus,normal,,True,No Finding,True,,,3871_IM-1964-1001.dcm.png
3872,reference_corpus,Spondylosis/thoracic vertebrae,,False,,False,,Spondylosis,3872_IM-1964-1001.dcm.png
3874,reference_corpus,Calcinosis/aorta/mild;Atherosclerosis/aorta;Lung/hypoinflation;Markings/bronchovascular;Spine/degenerative/moderate,,False,,False,,Atherosclerosis;Calcinosis;Lung;Markings;Spine,3874_IM-1966-1001.dcm.png
3876,reference_corpus,Deformity/thoracic vertebrae/mild,,False,,False,,Deformity,3876_IM-1967-1001.dcm.png
3877,reference_corpus,"Atherosclerosis/aorta, thoracic;Opacity/lung/lingula/round;Pleural Effusion/bilateral/posterior;Pulmonary Congestion/mild",Lung Opacity;Pleural Effusion,False,Lung Opacity;Pleural Effusion,True,Pulmonary Congestion,Atherosclerosis,3877_IM-1967-1001.dcm.png
3878,reference_corpus,Cardiomegaly/mild;Infiltrate/lung/lower lobe/right;Spondylosis/thoracic vertebrae,Cardiomegaly;Lung Opacity,False,Cardiomegaly;Lung Opacity,True,,Spondylosis,3878_IM-1968-1001.dcm.png
3881,reference_corpus,"Diaphragm/right/elevated;Spine/degenerative;Catheters, Indwelling/right",Support Devices,False,Support Devices,True,,Diaphragm;Spine,3881_IM-1969-1001.dcm.png
3882,reference_corpus,Diaphragmatic Eventration/left;Lung/hypoinflation,,False,,False,,Diaphragmatic Eventration;Lung,3882_IM-1970-1001.dcm.png
3884,reference_corpus,Opacity/lung/bilateral/interstitial/diffuse;Pulmonary Congestion;Pulmonary Edema/interstitial,Lung Opacity;Edema,False,Lung Opacity;Edema,True,Pulmonary Congestion,,3884_IM-1971-1001.dcm.png
3886,reference_corpus,Calcinosis/abdomen/left/severe,,False,,False,,Calcinosis,3886_IM-1971-1001.dcm.png
3887,reference_corpus,Deformity/heart/right;Deformity/mediastinum/right,,False,,False,,Deformity,3887_IM-1972-1001.dcm.png
3889,reference_corpus,normal,,True,No Finding,True,,,3889_IM-1973-1001.dcm.png
3890,reference_corpus,normal,,True,No Finding,True,,,3890_IM-1973-1001.dcm.png
3891,reference_corpus,Airspace Disease/lung/base/left;Pleural Effusion/base/left/small;Pneumothorax/right/small;Pulmonary Atelectasis/base/right;Medical Device/right,Lung Opacity;Atelectasis;Pneumothorax;Pleural Effusion;Support Devices,False,Lung Opacity;Atelectasis;Pneumothorax;Pleural Effusion;Support Devices,True,,,3891_IM-1973-1001.dcm.png
3892,reference_corpus,"Opacity/lung/base/bilateral/patchy;Catheters, Indwelling/left;Lung/hypoinflation;Kyphosis/thoracic vertebrae;Deformity/thoracic vertebrae/multiple/mild;Thoracic Vertebrae/degenerative/moderate;Fractures, Bone/ribs/bilateral/multiple/healed;Consolidation/lung/base/left/moderate;Opacity/lung/base/right/mild;Deformity/lumbar vertebrae",Lung Opacity;Consolidation;Fracture;Support Devices,False,Lung Opacity;Consolidation;Fracture;Support Devices,True,,Deformity;Kyphosis;Lung;Thoracic Vertebrae,3892_IM-1974-0001-0001.dcm.png
3893,reference_corpus,Lung/hypoinflation/mild,,False,,False,,Lung,3893_IM-1975-3001.dcm.png
3894,reference_corpus,normal,,True,No Finding,True,,,3894_IM-1976-1001.dcm.png
3895,reference_corpus,Opacity/lung/lower lobe/left/scattered/multiple;Lung/hilum/bilateral/prominent;Pulmonary Artery/bilateral/enlarged;Pneumonia/lower lobe/left,Lung Opacity;Pneumonia,False,Lung Opacity;Pneumonia,True,,Lung;Pulmonary Artery,3895_IM-1977-1001.dcm.png
3896,reference_corpus,Lung/hypoinflation,,False,,False,,Lung,
3897,reference_corpus,normal,,True,No Finding,True,,,3897_IM-1978-1001.dcm.png
3899,reference_corpus,Lung/hyperdistention/mild;Lung/base/right/obscured,,False,,False,,Lung,3899_IM-1978-1001.dcm.png
3901,reference_corpus,Opacity/lung/base/bilateral;Lung/hypoinflation;Costophrenic Angle/bilateral/blunted;Pulmonary Atelectasis/base/bilateral,Lung Opacity;Atelectasis,False,Lung Opacity;Atelectasis,True,,Costophrenic Angle;Lung,3901_IM-1980-1001.dcm.png
3902,reference_corpus,No Indexing,,False,,False,,,3902_IM-1981-1001.dcm.png
3907,reference_corpus,Cardiac Shadow/enlarged/mild;Lung/hypoinflation;Markings/bronchovascular;Opacity/lung/base/right/scattered/multiple;Pulmonary Atelectasis/base/right/focal;Opacity/lung/lower lobe/left/scattered/multiple;Thoracic Vertebrae/degenerative;Cardiomegaly/mild;Opacity/lung/retrocardiac/scattered/multiple,Cardiomegaly;Lung Opacity;Atelectasis,False,Cardiomegaly;Lung Opacity;Atelectasis,True,,Lung;Markings;Thoracic Vertebrae,3907_IM-1985-1001.dcm.png
3908,reference_corpus,Spondylosis/thoracic vertebrae/multiple,,False,,False,,Spondylosis,3908_IM-1985-1001.dcm.png
3909,reference_corpus,"Catheters, Indwelling/right;Granulomatous Disease/right",Support Devices,False,Support Devices,True,,Granulomatous Disease,3909_IM-1986-1001.dcm.png
3910,reference_corpus,Lung/hypoinflation;Spine/degenerative/multiple,,False,,False,,Lung;Spine,3910_IM-1987-1001.dcm.png
3911,reference_corpus,normal,,True,No Finding,True,,,3911_IM-1987-1001.dcm.png
3912,reference_corpus,Technical Quality of Image Unsatisfactory ;Costophrenic Angle/obscured;Costophrenic Angle/sulcus/posterior/obscured;Cardiomegaly/mild,Cardiomegaly,False,Cardiomegaly,True,,Costophrenic Angle;Technical Quality of Image Unsatisfactory,3912_IM-1988-2001-0001.dcm.png
3913,reference_corpus,normal,,True,No Finding,True,,,3913_IM-1989-84584001.dcm.png
3914,reference_corpus,normal,,True,No Finding,True,,,
3915,reference_corpus,"Catheters, Indwelling/thorax/left;Cardiac Shadow/enlarged/mild;Pulmonary Congestion/mild;Lung Diseases, Interstitial/mild;Cardiomegaly",Cardiomegaly;Support Devices,False,Cardiomegaly;Support Devices,True,Pulmonary Congestion,"Lung Diseases, Interstitial",3915_IM-1990-1001.dcm.png
3916,reference_corpus,normal,,True,No Finding,True,,,3916_IM-1991-1001.dcm.png
3917,reference_corpus,Cardiomegaly/mild,Cardiomegaly,False,Cardiomegaly,True,,,3917_IM-1992-1001.dcm.png
3918,reference_corpus,Lung/hyperdistention;Diaphragm/bilateral/posterior/flattened/mild,,False,,False,,Diaphragm;Lung,3918_IM-1992-1001.dcm.png
3919,reference_corpus,Cardiomegaly/mild;Technical Quality of Image Unsatisfactory ,Cardiomegaly,False,Cardiomegaly,True,,Technical Quality of Image Unsatisfactory,3919_IM-1992-1001.dcm.png
3921,reference_corpus,"Catheters, Indwelling/left",Support Devices,False,Support Devices,True,,,3921_IM-1995-2001.dcm.png
3922,reference_corpus,normal,,True,No Finding,True,,,3922_IM-1996-0001-0002.dcm.png
3923,reference_corpus,normal,,True,No Finding,True,,,3923_IM-1997-2002.dcm.png
3925,reference_corpus,Calcinosis/lung/hilum/lymph nodes/right;Calcinosis/mediastinum/lymph nodes;Atherosclerosis/aorta;Arthritis,,False,,False,,Arthritis;Atherosclerosis;Calcinosis,3925_IM-1999-1002001.dcm.png
3926,reference_corpus,Cardiomegaly;Mediastinum/prominent/mild;Aorta/tortuous;Lung/hypoinflation;Pulmonary Atelectasis/base/bilateral;Markings/bilateral/bronchovascular,Cardiomegaly;Atelectasis,False,Cardiomegaly;Atelectasis,True,Mediastinum,Aorta;Lung;Markings,3926_IM-2000-4004.dcm.png
3927,reference_corpus,Stents/aorta,Support Devices,False,Support Devices,True,,,3927_IM-2000-1001.dcm.png
3928,reference_corpus,Calcinosis/aorta;Granulomatous Disease;Spondylosis/thoracic vertebrae,,False,,False,,Calcinosis;Granulomatous Disease;Spondylosis,3928_IM-2000-1001.dcm.png
3929,reference_corpus,Implanted Medical Device/thorax/left;Cardiac Shadow/enlarged/mild;Thoracic Vertebrae/degenerative/mild,Cardiomegaly;Support Devices,False,Cardiomegaly;Support Devices,True,,Thoracic Vertebrae,
3930,reference_corpus,"Lung/hyperdistention;Pulmonary Disease, Chronic Obstructive",,False,,False,,"Lung;Pulmonary Disease, Chronic Obstructive",3930_IM-2003-1001.dcm.png
3931,reference_corpus,normal,,True,No Finding,True,,,3931_IM-2003-3001.dcm.png
3932,reference_corpus,No Indexing,,False,,False,,,3932_IM-2004-1002.dcm.png
3933,reference_corpus,No Indexing,,False,,False,,,3933_IM-2004-1001.dcm.png
3934,reference_corpus,"Lung Diseases, Interstitial/bilateral/mild",,False,,False,,"Lung Diseases, Interstitial",3934_IM-2005-0001.dcm.png
3935,reference_corpus,"Catheters, Indwelling/left;Costophrenic Angle/right/blunted;Opacity/scattered/multiple;Cicatrix/scattered/multiple;Shoulder/right/degenerative",Lung Opacity;Support Devices,False,Lung Opacity;Support Devices,True,,Cicatrix;Costophrenic Angle;Shoulder,3935_IM-2006-1001.dcm.png
3936,reference_corpus,normal,,True,No Finding,True,,,3936_IM-2007-1001.dcm.png
3937,reference_corpus,Spine/degenerative/mild,,False,,False,,Spine,3937_IM-2008-1001.dcm.png
3938,reference_corpus,normal,,True,No Finding,True,,,3938_IM-2009-1001.dcm.png
3940,reference_corpus,Implanted Medical Device/heart;Cicatrix/lung/lingula,Support Devices,False,Support Devices,True,,Cicatrix,3940_IM-2011-1001.dcm.png
3941,reference_corpus,Cardiomegaly;Scoliosis/thoracic vertebrae/left,Cardiomegaly,False,Cardiomegaly,True,,Scoliosis,3941_IM-2012-0001-0002.dcm.png
3942,reference_corpus,Scoliosis/lumbar vertebrae/right/moderate;Scoliosis/thoracic vertebrae/right/moderate;Kyphosis/thoracic vertebrae/mild,,False,,False,,Kyphosis;Scoliosis,3942_IM-2013-1001.dcm.png
3943,reference_corpus,Calcinosis/lung/hilum/left,,False,,False,,Calcinosis,3943_IM-2013-1001.dcm.png
3944,reference_corpus,"Catheters, Indwelling/right",Support Devices,False,Support Devices,True,,,3944_IM-2014-1001.dcm.png
3945,reference_corpus,Pneumothorax/left;Pulmonary Atelectasis/lower lobe/left;Pulmonary Atelectasis/upper lobe/left;Pleural Effusion/left/small;Hemothorax/left/small,Atelectasis;Pneumothorax;Pleural Effusion,False,Atelectasis;Pneumothorax;Pleural Effusion,True,,Hemothorax,3945_IM-2014-1001.dcm.png
3946,reference_corpus,normal,,True,No Finding,True,,,3946_IM-2015-1001.dcm.png
3947,reference_corpus,"Catheters, Indwelling/left",Support Devices,False,Support Devices,True,,,3947_IM-2016-1001.dcm.png
3948,reference_corpus,normal,,True,No Finding,True,,,3948_IM-2017-1001.dcm.png
3949,reference_corpus,Cardiomegaly/mild;Nodule/lung/lower lobe/left;Density/lung/lower lobe/left,Cardiomegaly;Lung Lesion,False,Cardiomegaly;Lung Lesion,True,Density,,3949_IM-2018-4004.dcm.png
3950,reference_corpus,"Catheters, Indwelling;Ribs/right/posterior/enlarged/mild",Support Devices,False,Support Devices,True,,Ribs,
3954,reference_corpus,normal,,True,No Finding,True,,,3954_IM-2021-1001.dcm.png
3959,reference_corpus,No Indexing,,False,,False,,,3959_IM-2023-1001.dcm.png
3963,reference_corpus,Surgical Instruments/breast/left;Surgical Instruments/left,Support Devices,False,Support Devices,True,,,
3964,reference_corpus,Lung/hyperdistention;Pulmonary Emphysema;Cicatrix/lung/apex/bilateral,,False,,False,,Cicatrix;Lung;Pulmonary Emphysema,3964_IM-2028-1001.dcm.png
3965,reference_corpus,No Indexing,,False,,False,,,3965_IM-2028-1001-0001.dcm.png
3967,reference_corpus,Spine/degenerative/mild,,False,,False,,Spine,3967_IM-2028-1001.dcm.png
3969,reference_corpus,"Lung/hyperdistention;Spine/degenerative;Bone Diseases, Metabolic/spine",,False,,False,,"Bone Diseases, Metabolic;Lung;Spine",3969_IM-2030-1001.dcm.png
3970,reference_corpus,normal,,True,No Finding,True,,,3970_IM-2031-1001.dcm.png
3971,reference_corpus,normal,,True,No Finding,True,,,3971_IM-2031-1001.dcm.png
3974,reference_corpus,Lung/hyperdistention;Pulmonary Emphysema;Airspace Disease/lung/middle lobe/right/patchy;Spine/degenerative,Lung Opacity,False,Lung Opacity,True,,Lung;Pulmonary Emphysema;Spine,3974_IM-2034-2002.dcm.png
3975,reference_corpus,No Indexing,,False,,False,,,3975_IM-2035-1001.dcm.png
3977,reference_corpus,"Aorta, Thoracic/tortuous;Calcified Granuloma/lung/lower lobe/left",,False,,False,,"Aorta, Thoracic;Calcified Granuloma",3977_IM-2036-1001.dcm.png
3978,reference_corpus,normal,,True,No Finding,True,,,3978_IM-2037-0001-0001.dcm.png
3981,reference_corpus,normal,,True,No Finding,True,,,3981_IM-2039-1001.dcm.png
3983,reference_corpus,Opacity/lung/base/left;Pulmonary Atelectasis/base/right,Lung Opacity;Atelectasis,False,Lung Opacity;Atelectasis,True,,,3983_IM-2039-1001.dcm.png
3984,reference_corpus,"Aorta, Thoracic/tortuous;Calcinosis/lung/hilum/lymph nodes;Calcinosis/mediastinum/lymph nodes",,False,,False,,"Aorta, Thoracic;Calcinosis",3984_IM-2040-1001.dcm.png
3988,reference_corpus,Opacity/lung/lingula/streaky;Opacity/lung/base/left/streaky;Diaphragm/left/elevated;Calcified Granuloma/thorax/right/small,Lung Opacity,False,Lung Opacity,True,,Calcified Granuloma;Diaphragm,3988_IM-2041-1001.dcm.png
3989,reference_corpus,Diaphragmatic Eventration/right,,False,,False,,Diaphragmatic Eventration,3989_IM-2042-1001.dcm.png
3992,reference_corpus,Pulmonary Congestion,,False,,False,Pulmonary Congestion,,3992_IM-2044-1001.dcm.png
3993,reference_corpus,Cardiomegaly/mild;Diaphragm/left/elevated,Cardiomegaly,False,Cardiomegaly,True,,Diaphragm,3993_IM-2044-1001.dcm.png
3994,reference_corpus,Cardiomegaly/mild;Pulmonary Congestion;Heart Failure/mild,Cardiomegaly,False,Cardiomegaly,True,Pulmonary Congestion,Heart Failure,3994_IM-2045-2001.dcm.png
3996,reference_corpus,Spine/degenerative,,False,,False,,Spine,3996_IM-2047-1001.dcm.png
3997,reference_corpus,Opacity/lung/upper lobe/right/round/small;Granuloma/lung/upper lobe/right/round/small,Lung Opacity,False,Lung Opacity,True,,Granuloma,3997_IM-2048-1001.dcm.png
3999,reference_corpus,normal,,True,No Finding,True,,,3999_IM-2049-1001.dcm.png
20,validation,normal,,True,No Finding,True,,,20_IM-0653-1001.dcm.png
23,validation,normal,,True,No Finding,True,,,23_IM-0879-1001.dcm.png
32,validation,Costophrenic Angle/right/blunted/mild,,False,,False,,Costophrenic Angle,32_IM-1511-1001.dcm.png
33,validation,Surgical Instruments/left,Support Devices,False,Support Devices,True,,,33_IM-1576-13013.dcm.png
50,validation,Cardiomegaly;Spine/degenerative;Lung/hypoinflation,Cardiomegaly,False,Cardiomegaly,True,,Lung;Spine,50_IM-2118-2001.dcm.png
54,validation,"Pulmonary Atelectasis/base/right/mild;Aorta, Thoracic/tortuous;Calcified Granuloma/scattered",Atelectasis,False,Atelectasis,True,,"Aorta, Thoracic;Calcified Granuloma",54_IM-2145-1001.dcm.png
61,validation,Calcinosis/lymph nodes/right/paratracheal,,False,,False,,Calcinosis,61_IM-2197-1001.dcm.png
66,validation,normal,,True,No Finding,True,,,66_IM-2236-1001.dcm.png
70,validation,Granulomatous Disease,,False,,False,,Granulomatous Disease,70_IM-2264-3001.dcm.png
72,validation,normal,,True,No Finding,True,,,72_IM-2280-1001.dcm.png
73,validation,Pleural Effusion/bilateral/small;Pulmonary Atelectasis/base/left;Emphysema,Atelectasis;Pleural Effusion,False,Atelectasis;Pleural Effusion,True,,Emphysema,73_IM-2289-1001.dcm.png
78,validation,Pulmonary Atelectasis/base/left/mild,Atelectasis,False,Atelectasis,True,,,78_IM-2322-1001.dcm.png
80,validation,normal,,True,No Finding,True,,,80_IM-2333-1001.dcm.png
88,validation,Cardiomegaly/mild;Markings/lung/interstitial/diffuse/mild;Spine/degenerative;Heart Failure/mild,Cardiomegaly,False,Cardiomegaly,True,,Heart Failure;Markings;Spine,
92,validation,Markings/bronchovascular,,False,,False,,Markings,92_IM-2422-4004.dcm.png
113,validation,Opacity/lung/right;Density/lung/right;Nodule/lung/right,Lung Opacity;Lung Lesion,False,Lung Opacity;Lung Lesion,True,Density,,113_IM-0086-1001.dcm.png
116,validation,Calcified Granuloma/lung/base/left/small,,False,,False,,Calcified Granuloma,116_IM-0107-1001.dcm.png
117,validation,normal,,True,No Finding,True,,,117_IM-0114-2002.dcm.png
120,validation,Lung/bilateral/hypoinflation;Markings/bronchovascular;Thoracic Vertebrae/degenerative,,False,,False,,Lung;Markings;Thoracic Vertebrae,120_IM-0133-1001.dcm.png
122,validation,Cicatrix/lung/lingula/mild,,False,,False,,Cicatrix,122_IM-0147-0001-0001.dcm.png
128,validation,Granulomatous Disease;Lung/hyperdistention;Diaphragm/flattened;Markings/lung/lower lobe/interstitial/prominent;Atherosclerosis;Thoracic Vertebrae/degenerative,,False,,False,,Atherosclerosis;Diaphragm;Granulomatous Disease;Lung;Markings;Thoracic Vertebrae,128_IM-0186-82592001.dcm.png
137,validation,"Opacity/lung/left;Aorta, Thoracic/tortuous;Opacity/retrocardiac;Pulmonary Atelectasis/focal;Cicatrix/lung/left",Lung Opacity;Atelectasis,False,Lung Opacity;Atelectasis,True,,"Aorta, Thoracic;Cicatrix",
144,validation,Lung/hypoinflation;Airspace Disease/lung/base/bilateral/patchy/mild;Pulmonary Atelectasis,Lung Opacity;Atelectasis,False,Lung Opacity;Atelectasis,True,,Lung,144_IM-0283-1001.dcm.png
152,validation,"Cardiomegaly/mild;Aorta/tortuous;Deformity/ribs/bilateral/chronic;Fractures, Bone/ribs/bilateral/multiple/healed",Cardiomegaly;Fracture,False,Cardiomegaly;Fracture,True,,Aorta;Deformity,152_IM-0335-2001.dcm.png
160,validation,Opacity/retrocardiac/mild;Infiltrate/lung/lower lobe/right/patchy;Infiltrate/lung/base/left,Lung Opacity,False,Lung Opacity,True,,,160_IM-0390-1001.dcm.png
187,validation,Aorta/tortuous;Granulomatous Disease,,False,,False,,Aorta;Granulomatous Disease,187_IM-0563-1001.dcm.png
188,validation,Pleural Effusion/left/moderate;Pulmonary Atelectasis/base/left;Airspace Disease/lung/base/left,Lung Opacity;Atelectasis;Pleural Effusion,False,Lung Opacity;Atelectasis;Pleural Effusion,True,,,188_IM-0569-1001.dcm.png
189,validation,Opacity/lung/apex/right/focal;Opacity/lung/base/left/mild;Spine/degenerative;Cicatrix/lung/base/left/mild;Pulmonary Atelectasis/base/left/mild,Lung Opacity;Atelectasis,False,Lung Opacity;Atelectasis,True,,Cicatrix;Spine,189_IM-0578-1001.dcm.png
192,validation,Lung/hypoinflation;Thoracic Vertebrae/degenerative/mild,,False,,False,,Lung;Thoracic Vertebrae,192_IM-0598-1001.dcm.png
193,validation,Thoracic Vertebrae/degenerative,,False,,False,,Thoracic Vertebrae,193_IM-0601-1001.dcm.png
195,validation,normal,,True,No Finding,True,,,195_IM-0618-1002.dcm.png
197,validation,Lung/hyperdistention;Calcified Granuloma/lung/lower lobe/right/small,,False,,False,,Calcified Granuloma;Lung,197_IM-0631-1001.dcm.png
209,validation,Aorta/tortuous/mild;Calcinosis/aorta/mild,,False,,False,,Aorta;Calcinosis,209_IM-0721-1001.dcm.png
210,validation,Surgical Instruments/thorax;Cicatrix/lung/base/left/small,Support Devices,False,Support Devices,True,,Cicatrix,210_IM-0730-1001.dcm.png
218,validation,"Calcinosis/aorta;Opacity/lung/bilateral;Lung/hyperdistention;Pulmonary Disease, Chronic Obstructive",Lung Opacity,False,Lung Opacity,True,,"Calcinosis;Lung;Pulmonary Disease, Chronic Obstructive",218_IM-0792-4004.dcm.png
220,validation,"Catheters, Indwelling;Nodule/lung/bilateral/multiple;Nodule/lung/lingula/prominent",Lung Lesion;Support Devices,False,Lung Lesion;Support Devices,True,,,220_IM-0811-1001.dcm.png
222,validation,normal,,True,No Finding,True,,,222_IM-0823-1001.dcm.png
229,validation,Calcinosis/mediastinum;Nodule/lung/upper lobe/right,Lung Lesion,False,Lung Lesion,True,,Calcinosis,229_IM-0873-1001.dcm.png
239,validation,normal,,True,No Finding,True,,,239_IM-0944-1001.dcm.png
249,validation,Mass/lung/middle lobe/right,Lung Lesion,False,Lung Lesion,True,,,249_IM-1016-1001.dcm.png
251,validation,Lung/hyperdistention/mild;Granulomatous Disease,,False,,False,,Granulomatous Disease;Lung,251_IM-1032-1001.dcm.png
266,validation,Cardiomegaly/mild;Atherosclerosis/aorta,Cardiomegaly,False,Cardiomegaly,True,,Atherosclerosis,266_IM-1141-4004.dcm.png
268,validation,Opacity/lung/upper lobe/right;Pneumonia/upper lobe/right,Lung Opacity;Pneumonia,False,Lung Opacity;Pneumonia,True,,,268_IM-1153-1001.dcm.png
278,validation,Opacity;Granulomatous Disease;Nodule,Lung Opacity;Lung Lesion,False,Lung Opacity;Lung Lesion,True,,Granulomatous Disease,278_IM-1218-1001.dcm.png
290,validation,Surgical Instruments/shoulder/right;Surgical Instruments/thorax/bilateral;Surgical Instruments/cervical vertebrae,Support Devices,False,Support Devices,True,,,290_IM-1303-1001.dcm.png
294,validation,Emphysema,,False,,False,,Emphysema,294_IM-1340-3001.dcm.png
297,validation,Lung/hypoinflation;Markings/bronchovascular/mild;Opacity/lung/base/left/mild;Diaphragm/left/obscured;Thoracic Vertebrae/degenerative;Lung/hypoinflation;Pulmonary Atelectasis/base/left/mild,Lung Opacity;Atelectasis,False,Lung Opacity;Atelectasis,True,,Diaphragm;Lung;Markings;Thoracic Vertebrae,297_IM-1361-4004.dcm.png
298,validation,normal,,True,No Finding,True,,,298_IM-1369-1001.dcm.png
310,validation,normal,,True,No Finding,True,,,310_IM-1451-0001-0001.dcm.png
316,validation,Granuloma/lung/apex/right,,False,,False,,Granuloma,316_IM-1487-1001.dcm.png
317,validation,normal,,True,No Finding,True,,,317_IM-1493-1001.dcm.png
325,validation,normal,,True,No Finding,True,,,325_IM-1539-1001.dcm.png
332,validation,Opacity/lung/lower lobe/left/streaky;Opacity/retrocardiac/streaky,Lung Opacity,False,Lung Opacity,True,,,332_IM-1588-1001.dcm.png
335,validation,"Catheters, Indwelling/left",Support Devices,False,Support Devices,True,,,335_IM-1606-1001.dcm.png
337,validation,Opacity/sulcus/posterior/mild;Markings/sulcus/left;Granuloma/lung;Aorta/tortuous;Calcinosis/aorta;Osteophyte/thoracic vertebrae/multiple/small,Lung Opacity,False,Lung Opacity,True,,Aorta;Calcinosis;Granuloma;Markings;Osteophyte,337_IM-1622-1001.dcm.png
338,validation,normal,,True,No Finding,True,,,338_IM-1628-1001.dcm.png
368,validation,normal,,True,No Finding,True,,,368_IM-1832-1001.dcm.png
373,validation,normal,,True,No Finding,True,,,373_IM-1864-1001.dcm.png
376,validation,No Indexing,,False,,False,,,376_IM-1883-1001.dcm.png
382,validation,Bullous Emphysema/lung/upper lobe/bilateral/severe;Bronchiectasis/upper lobe/bilateral;Opacity/lung/upper lobe/left/prominent,Lung Opacity,False,Lung Opacity,True,,Bronchiectasis;Bullous Emphysema,382_IM-1927-1001.dcm.png
383,validation,Osteophyte/thoracic vertebrae/anterior/multiple,,False,,False,,Osteophyte,383_IM-1932-1001.dcm.png
388,validation,Cardiomegaly;Aorta/tortuous;Calcinosis/aorta;Mastectomy/right,Cardiomegaly,False,Cardiomegaly,True,,Aorta;Calcinosis;Mastectomy,388_IM-1968-1001.dcm.png
392,validation,"Catheters, Indwelling",Support Devices,False,Support Devices,True,,,392_IM-1993-1001.dcm.png
399,validation,Spine/degenerative,,False,,False,,Spine,399_IM-2043-1001.dcm.png
400,validation,Calcified Granuloma/lung/base/right/small,,False,,False,,Calcified Granuloma,400_IM-2050-1001.dcm.png
404,validation,Foreign Bodies/abdomen;Technical Quality of Image Unsatisfactory ,,False,,False,,Foreign Bodies;Technical Quality of Image Unsatisfactory,404_IM-2052-1001.dcm.png
406,validation,Calcinosis/lung/hilum/right;Granulomatous Disease/chronic;Nodule/lung/hilum/right,Lung Lesion,False,Lung Lesion,True,,Calcinosis;Granulomatous Disease,406_IM-2054-1001.dcm.png
407,validation,normal,,True,No Finding,True,,,407_IM-2054-1001.dcm.png
419,validation,normal,,True,No Finding,True,,,419_IM-2062-1001.dcm.png
424,validation,Foreign Bodies,,False,,False,,Foreign Bodies,
427,validation,normal,,True,No Finding,True,,,427_IM-2070-1001.dcm.png
430,validation,normal,,True,No Finding,True,,,430_IM-2071-1001.dcm.png
436,validation,"Calcinosis/aorta;Hernia, Hiatal/retrocardiac/large;Cardiomegaly/borderline",Cardiomegaly,False,Cardiomegaly,True,,"Calcinosis;Hernia, Hiatal",436_IM-2076-1001-0002.dcm.png
438,validation,normal,,True,No Finding,True,,,438_IM-2078-1001.dcm.png
441,validation,Calcified Granuloma/lung/scattered/multiple;Granulomatous Disease;Nodule/lung/scattered/multiple;Calcinosis/lung/scattered/multiple,Lung Lesion,False,Lung Lesion,True,,Calcified Granuloma;Calcinosis;Granulomatous Disease,441_IM-2078-1001.dcm.png
443,validation,Thoracic Vertebrae/degenerative,,False,,False,,Thoracic Vertebrae,443_IM-2078-1001.dcm.png
450,validation,normal,,True,No Finding,True,,,450_IM-2082-1001.dcm.png
458,validation,No Indexing,,False,,False,,,458_IM-2089-1001.dcm.png
466,validation,Aorta/tortuous/mild;Scoliosis/lumbar vertebrae/left/mild,,False,,False,,Aorta;Scoliosis,466_IM-2094-2002.dcm.png
481,validation,"Catheters, Indwelling/left;Atherosclerosis/aorta;Lung/hyperdistention;Calcinosis/bronchi/diffuse;Bone Diseases, Metabolic;Cervical Vertebrae/degenerative;Pulmonary Disease, Chronic Obstructive",Support Devices,False,Support Devices,True,,"Atherosclerosis;Bone Diseases, Metabolic;Calcinosis;Cervical Vertebrae;Lung;Pulmonary Disease, Chronic Obstructive",481_IM-2105-1001.dcm.png
483,validation,Diaphragm/flattened;Markings/lung/interstitial/prominent;Atherosclerosis/aorta;Lung/hyperdistention;Cardiomegaly/borderline,Cardiomegaly,False,Cardiomegaly,True,,Atherosclerosis;Diaphragm;Lung;Markings,483_IM-2107-1001.dcm.png
499,validation,normal,,True,No Finding,True,,,499_IM-2116-1001.dcm.png
501,validation,Opacity/lung/posterior/streaky/mild,Lung Opacity,False,Lung Opacity,True,,,501_IM-2120-1001.dcm.png
504,validation,Opacity/lung/base/left;Cicatrix/lung/base/left;Pulmonary Atelectasis/base/left;Calcified Granuloma/lung/base/left/round;Spine/degenerative,Lung Opacity;Atelectasis,False,Lung Opacity;Atelectasis,True,,Calcified Granuloma;Cicatrix;Spine,504_IM-2122-1001.dcm.png
505,validation,normal,,True,No Finding,True,,,505_IM-2123-1001.dcm.png
508,validation,normal,,True,No Finding,True,,,508_IM-2125-1001.dcm.png
514,validation,normal,,True,No Finding,True,,,514_IM-2129-2001.dcm.png
522,validation,"Lung/hyperdistention;Cicatrix/cardiophrenic angle/left/small;Atherosclerosis/aorta;Arthritis;Pulmonary Atelectasis;Cicatrix/lung/base/left/small;Pulmonary Disease, Chronic Obstructive",Atelectasis,False,Atelectasis,True,,"Arthritis;Atherosclerosis;Cicatrix;Lung;Pulmonary Disease, Chronic Obstructive",522_IM-2133-1002001.dcm.png
524,validation,"Implanted Medical Device/right;Catheters, Indwelling/right;Lung/hypoinflation;Opacity/lung/base/bilateral;Opacity/lung/middle lobe/right",Lung Opacity;Support Devices,False,Lung Opacity;Support Devices,True,,Lung,
530,validation,Cardiomegaly/mild,Cardiomegaly,False,Cardiomegaly,True,,,530_IM-2139-1001.dcm.png
533,validation,"Mediastinum/prominent;Aorta, Thoracic/tortuous;Scoliosis/thoracic vertebrae",,False,,False,Mediastinum,"Aorta, Thoracic;Scoliosis",533_IM-2140-1001.dcm.png
542,validation,normal,,True,No Finding,True,,,
546,validation,Pleural Effusion/bilateral/small,Pleural Effusion,False,Pleural Effusion,True,,,546_IM-2150-1001.dcm.png
548,validation,Cicatrix/lung/apex/right,,False,,False,,Cicatrix,548_IM-2152-1001.dcm.png
569,validation,Diaphragm/left/elevated;Density/lung/base/right;Opacity/lung/base/left;Surgical Instruments/mediastinum;Density/pleura/right/severe;Sutures/mediastinum,Lung Opacity;Support Devices,False,Lung Opacity;Support Devices,True,Density,Diaphragm;Sutures,569_IM-2169-0001-0002.dcm.png
573,validation,Surgical Instruments;Pulmonary Emphysema/severe;Opacity/lung/base/bilateral/streaky,Lung Opacity;Support Devices,False,Lung Opacity;Support Devices,True,,Pulmonary Emphysema,573_IM-2171-12012.dcm.png
578,validation,Granulomatous Disease,,False,,False,,Granulomatous Disease,578_IM-2176-1001.dcm.png
579,validation,normal,,True,No Finding,True,,,579_IM-2176-1001.dcm.png
580,validation,Atherosclerosis/aorta,,False,,False,,Atherosclerosis,580_IM-2177-2002.dcm.png
582,validation,normal,,True,No Finding,True,,,582_IM-2179-1001.dcm.png
583,validation,"Calcinosis/lung/hilum/lymph nodes/right;Calcinosis/trachea, carina/lymph nodes;Granulomatous Disease",,False,,False,,Calcinosis;Granulomatous Disease,583_IM-2180-1001.dcm.png
584,validation,normal,,True,No Finding,True,,,584_IM-2181-1001.dcm.png
586,validation,Cardiomegaly/moderate;Opacity/lung/lingula;Pulmonary Atelectasis/lingula;Opacity/lung/base/left;Pulmonary Atelectasis/base/left;Opacity/lung/middle lobe/right;Spine/degenerative/mild;Atherosclerosis/severe,Cardiomegaly;Lung Opacity;Atelectasis,False,Cardiomegaly;Lung Opacity;Atelectasis,True,,Atherosclerosis;Spine,586_IM-2182-1001.dcm.png
601,validation,"Catheters, Indwelling/right;Lung/hypoinflation;Markings/bronchovascular;Opacity/lung/base/bilateral/patchy;Mediastinum/prominent;Airspace Disease/lung/lower lobe/bilateral",Lung Opacity;Support Devices,False,Lung Opacity;Support Devices,True,Mediastinum,Lung;Markings,601_IM-2192-1001.dcm.png
603,validation,Calcinosis/lung/hilum/right,,False,,False,,Calcinosis,603_IM-2193-1001.dcm.png
608,validation,"Fractures, Bone/ribs/right/healed",Fracture,False,Fracture,True,,,608_IM-2196-1001.dcm.png
618,validation,normal,,True,No Finding,True,,,618_IM-2201-1001.dcm.png
633,validation,Spine/degenerative/multiple,,False,,False,,Spine,633_IM-2213-1001.dcm.png
648,validation,Calcified Granuloma/lung/lower lobe/right;Lung/hypoinflation/mild,,False,,False,,Calcified Granuloma;Lung,648_IM-2226-4004.dcm.png
660,validation,Calcinosis/lung/hilum/lymph nodes,,False,,False,,Calcinosis,660_IM-2237-0001-0002.dcm.png
661,validation,Medical Device/spine;Thoracic Vertebrae/degenerative,Support Devices,False,Support Devices,True,,Thoracic Vertebrae,661_IM-2238-2002.dcm.png
665,validation,Cardiomegaly,Cardiomegaly,False,Cardiomegaly,True,,,665_IM-2240-1001.dcm.png
668,validation,normal,,True,No Finding,True,,,668_IM-2242-1001.dcm.png
672,validation,Pulmonary Congestion;Pulmonary Edema/interstitial/diffuse;Cardiomegaly;Lung/hypoinflation,Cardiomegaly;Edema,False,Cardiomegaly;Edema,True,Pulmonary Congestion,Lung,672_IM-2246-1001.dcm.png
683,validation,normal,,True,No Finding,True,,,683_IM-2254-1001.dcm.png
687,validation,Lung/hypoinflation;Markings/bronchovascular;Thoracic Vertebrae/degenerative/mild,,False,,False,,Lung;Markings;Thoracic Vertebrae,687_IM-2255-1001.dcm.png
688,validation,Opacity/lung/base/left;Diaphragm/left/elevated;Thickening/pleura;Pulmonary Atelectasis/base/left;Airspace Disease/lung/base/left,Lung Opacity;Atelectasis;Pleural Other,False,Lung Opacity;Atelectasis;Pleural Other,True,,Diaphragm,688_IM-2256-1001.dcm.png
689,validation,Nodule/lung/lower lobe/left/multiple;Nodule/lung/hilum/right;Nodule/lung/right/multiple,Lung Lesion,False,Lung Lesion,True,,,689_IM-2257-1001.dcm.png
691,validation,normal,,True,No Finding,True,,,691_IM-2258-1001.dcm.png
699,validation,Cardiomegaly;Cardiac Shadow/enlarged;Opacity/lung/interstitial;Markings/lung/base/bilateral/interstitial;Markings/lung/middle lobe/bilateral/interstitial,Cardiomegaly;Lung Opacity,False,Cardiomegaly;Lung Opacity,True,,Markings,699_IM-2263-1001.dcm.png
703,validation,Lung/hyperdistention,,False,,False,,Lung,703_IM-2267-1001.dcm.png
709,validation,"Calcinosis/aorta;Fractures, Bone/shoulder/right;Dislocations/shoulder/right;Bone Diseases, Metabolic;Scoliosis",Fracture,False,Fracture,True,,"Bone Diseases, Metabolic;Calcinosis;Dislocations;Scoliosis",709_IM-2272-3001.dcm.png
716,validation,Cardiomegaly/mild;Calcinosis/lung/hilum/lymph nodes,Cardiomegaly,False,Cardiomegaly,True,,Calcinosis,716_IM-2278-0001-0001.dcm.png
718,validation,Scoliosis/mild,,False,,False,,Scoliosis,718_IM-2280-1001.dcm.png
725,validation,normal,,True,No Finding,True,,,725_IM-2285-1001.dcm.png
731,validation,normal,,True,No Finding,True,,,731_IM-2291-1001.dcm.png
732,validation,Lung/hyperdistention;Spine/degenerative/mild,,False,,False,,Lung;Spine,732_IM-2292-1001-0002.dcm.png
733,validation,"Catheters, Indwelling/right;Lung, Hyperlucent/upper lobe/right",Support Devices,False,Support Devices,True,,"Lung, Hyperlucent",733_IM-2293-0001-0002.dcm.png
739,validation,normal,,True,No Finding,True,,,739_IM-2296-1001.dcm.png
744,validation,Density/lung/apex/right;Opacity/lung/apex/right,Lung Opacity,False,Lung Opacity,True,Density,,744_IM-2299-1001.dcm.png
755,validation,Osteophyte/thoracic vertebrae/multiple,,False,,False,,Osteophyte,755_IM-2306-1001.dcm.png
756,validation,normal,,True,No Finding,True,,,756_IM-2307-1001.dcm.png
758,validation,normal,,True,No Finding,True,,,758_IM-2309-1001.dcm.png
760,validation,"Lung/hyperdistention/mild;Lung, Hyperlucent;Pulmonary Disease, Chronic Obstructive;Opacity/lung/left;Pulmonary Atelectasis/left;Aorta, Thoracic/tortuous/mild;Atherosclerosis/aorta, thoracic;Thoracic Vertebrae/degenerative/multiple;Lumbar Vertebrae/degenerative/multiple",Lung Opacity;Atelectasis,False,Lung Opacity;Atelectasis,True,,"Aorta, Thoracic;Atherosclerosis;Lumbar Vertebrae;Lung;Lung, Hyperlucent;Pulmonary Disease, Chronic Obstructive;Thoracic Vertebrae",760_IM-2310-1001.dcm.png
766,validation,normal,,True,No Finding,True,,,766_IM-2311-1001.dcm.png
793,validation,normal,,True,No Finding,True,,,793_IM-2330-1001.dcm.png
808,validation,Lung/hypoinflation;Cicatrix/lung/base/right/mild;Pulmonary Atelectasis/base/right;Pneumonia/lower lobe/left;Airspace Disease/lung/lower lobe/left;Spine/degenerative,Lung Opacity;Pneumonia;Atelectasis,False,Lung Opacity;Pneumonia;Atelectasis,True,,Cicatrix;Lung;Spine,808_IM-2341-2001.dcm.png
809,validation,"Aorta, Thoracic/tortuous",,False,,False,,"Aorta, Thoracic",809_IM-2342-1001.dcm.png
810,validation,Calcified Granuloma/scattered;Spine/degenerative,,False,,False,,Calcified Granuloma;Spine,810_IM-2343-1001.dcm.png
821,validation,Calcified Granuloma/lung/upper lobe/right;Lung/hypoinflation,,False,,False,,Calcified Granuloma;Lung,821_IM-2351-1001.dcm.png
834,validation,Spine/degenerative/mild,,False,,False,,Spine,834_IM-2359-1001.dcm.png
836,validation,Calcified Granuloma/lung/base/left,,False,,False,,Calcified Granuloma,836_IM-2360-2001.dcm.png
841,validation,"Catheters, Indwelling/left;Lung/hyperdistention/mild;Deformity/ribs/left",Support Devices,False,Support Devices,True,,Deformity;Lung,841_IM-2365-1001.dcm.png
844,validation,normal,,True,No Finding,True,,,844_IM-2367-1001.dcm.png
846,validation,Granuloma,,False,,False,,Granuloma,846_IM-2368-0001-0001.dcm.png
847,validation,Cardiomegaly/mild;Lung/hypoinflation;Markings/bronchovascular,Cardiomegaly,False,Cardiomegaly,True,,Lung;Markings,847_IM-2369-1001.dcm.png
854,validation,"Fractures, Bone/clavicle/left/healed;Fractures, Bone/ribs/left/anterior/multiple;Fractures, Bone/thoracic vertebrae",Fracture,False,Fracture,True,,,854_IM-2376-1001.dcm.png
866,validation,normal,,True,No Finding,True,,,
867,validation,"Aorta/tortuous/mild;Diaphragm/flattened;Lung, Hyperlucent/apex;Markings/lung/interstitial/irregular;Epicardial Fat/left/prominent;Implanted Medical Device/heart atria",Support Devices,False,Support Devices,True,,"Aorta;Diaphragm;Epicardial Fat;Lung, Hyperlucent;Markings",867_IM-2387-1001.dcm.png
868,validation,Lung/hyperdistention;Implanted Medical Device/aortic valve;Calcinosis/lung/hilum/lymph nodes/right;Opacity/lung/lower lobe/right,Lung Opacity;Support Devices,False,Lung Opacity;Support Devices,True,,Calcinosis;Lung,868_IM-2388-1001.dcm.png
875,validation,No Indexing,,False,,False,,,875_IM-2392-1001.dcm.png
882,validation,normal,,True,No Finding,True,,,882_IM-2397-0001-0002.dcm.png
885,validation,Implanted Medical Device/left;Surgical Instruments/mediastinum,Support Devices,False,Support Devices,True,,,
890,validation,Granulomatous Disease,,False,,False,,Granulomatous Disease,890_IM-2403-1001.dcm.png
904,validation,"Catheters, Indwelling/left;Surgical Instruments;Nodule/pleura/left",Lung Lesion;Support Devices,False,Lung Lesion;Support Devices,True,,,
906,validation,Cardiomegaly/mild,Cardiomegaly,False,Cardiomegaly,True,,,906_IM-2411-1001.dcm.png
912,validation,normal,,True,No Finding,True,,,912_IM-2417-1001.dcm.png
914,validation,Calcified Granuloma/lung/middle lobe,,False,,False,,Calcified Granuloma,914_IM-2417-1001.dcm.png
929,validation,"Opacity/lung/lower lobe/right;Pulmonary Disease, Chronic Obstructive;Pulmonary Atelectasis/base/right/focal",Lung Opacity;Atelectasis,False,Lung Opacity;Atelectasis,True,,"Pulmonary Disease, Chronic Obstructive",929_IM-2427-1001.dcm.png
933,validation,No Indexing,,False,,False,,,933_IM-2431-1001.dcm.png
937,validation,normal,,True,No Finding,True,,,937_IM-2433-1001.dcm.png
940,validation,normal,,True,No Finding,True,,,940_IM-2437-2001.dcm.png
941,validation,normal,,True,No Finding,True,,,941_IM-2438-1001.dcm.png
942,validation,Calcinosis/blood vessels,,False,,False,,Calcinosis,942_IM-2438-1001.dcm.png
955,validation,"Catheters, Indwelling/right;Markings/lung/upper lobe/right/interstitial/prominent",Support Devices,False,Support Devices,True,,Markings,955_IM-2449-1001.dcm.png
959,validation,Airspace Disease/lung/lower lobe/right/patchy/mild,Lung Opacity,False,Lung Opacity,True,,,959_IM-2449-2001.dcm.png
961,validation,Opacity/lung/lingula/posterior;Thoracic Vertebrae/degenerative,Lung Opacity,False,Lung Opacity,True,,Thoracic Vertebrae,961_IM-2452-84646001.dcm.png
962,validation,normal,,True,No Finding,True,,,962_IM-2453-1002001.dcm.png
963,validation,Spine/degenerative/mild,,False,,False,,Spine,963_IM-2454-1001.dcm.png
972,validation,Opacity/lung/base/right/reticular/multiple;Lung/hypoinflation;Pulmonary Atelectasis/base/right,Lung Opacity;Atelectasis,False,Lung Opacity;Atelectasis,True,,Lung,972_IM-2461-1001-0001.dcm.png
980,validation,normal,,True,No Finding,True,,,980_IM-2468-1001.dcm.png
981,validation,Cardiomegaly/mild,Cardiomegaly,False,Cardiomegaly,True,,,981_IM-2469-1001.dcm.png
984,validation,Lung/hypoinflation;Markings/bronchovascular;Opacity/lung/base/bilateral/scattered;Pulmonary Atelectasis/base/bilateral/mild,Lung Opacity;Atelectasis,False,Lung Opacity;Atelectasis,True,,Lung;Markings,984_IM-2471-1001.dcm.png
997,validation,Calcinosis/mediastinum;Thoracic Vertebrae/degenerative,,False,,False,,Calcinosis;Thoracic Vertebrae,997_IM-2479-1001.dcm.png
1014,validation,Cardiomegaly/mild;Calcinosis/aorta,Cardiomegaly,False,Cardiomegaly,True,,Calcinosis,1014_IM-0013-1001.dcm.png
1029,validation,Scoliosis,,False,,False,,Scoliosis,1029_IM-0022-1001.dcm.png
1045,validation,Deformity/ribs/right/chronic,,False,,False,,Deformity,1045_IM-0036-1001.dcm.png
1049,validation,normal,,True,No Finding,True,,,1049_IM-0036-1001.dcm.png
1055,validation,normal,,True,No Finding,True,,,1055_IM-0040-1001.dcm.png
1064,validation,Diaphragm/right/elevated;Opacity/lung/base/right;Airspace Disease/lung/base/right;Pulmonary Atelectasis/base/right,Lung Opacity;Atelectasis,False,Lung Opacity;Atelectasis,True,,Diaphragm,1064_IM-0045-1001.dcm.png
1079,validation,Lung/hypoinflation;Pulmonary Atelectasis/base/right/mild,Atelectasis,False,Atelectasis,True,,Lung,1079_IM-0056-1001.dcm.png
1085,validation,Lung/hypoinflation;Opacity/lung/upper lobe/left/streaky/mild;Cicatrix/lung/upper lobe/left;Pulmonary Atelectasis/upper lobe/left,Lung Opacity;Atelectasis,False,Lung Opacity;Atelectasis,True,,Cicatrix;Lung,1085_IM-0059-1001.dcm.png
1110,validation,Granulomatous Disease;Calcinosis/bilateral/scattered,,False,,False,,Calcinosis;Granulomatous Disease,1110_IM-0076-1001.dcm.png
1125,validation,Cardiomegaly/borderline;Calcinosis/aorta;Lung/hyperdistention;Markings/lung/interstitial/chronic;Emphysema;Opacity/lung/base/bilateral/streaky;Pulmonary Congestion,Cardiomegaly;Lung Opacity,False,Cardiomegaly;Lung Opacity,True,Pulmonary Congestion,Calcinosis;Emphysema;Lung;Markings,1125_IM-0082-2001.dcm.png
1143,validation,Thickening/bronchovascular;Lung/hyperdistention/mild;Lung/hilum/enlarged,,False,,False,Thickening,Lung,1143_IM-0096-1001.dcm.png
1150,validation,No Indexing,,False,,False,,,1150_IM-0102-1003.dcm.png
1159,validation,normal,,True,No Finding,True,,,1159_IM-0107-1001.dcm.png
1162,validation,normal,,True,No Finding,True,,,1162_IM-0108-1001.dcm.png
1180,validation,"Aorta, Thoracic/tortuous/mild;Spine/degenerative",,False,,False,,"Aorta, Thoracic;Spine",1180_IM-0123-1001.dcm.png
1191,validation,normal,,True,No Finding,True,,,1191_IM-0128-1001.dcm.png
1197,validation,Pulmonary Congestion/bilateral,,False,,False,Pulmonary Congestion,,1197_IM-0131-1001.dcm.png
1206,validation,normal,,True,No Finding,True,,,1206_IM-0139-1001.dcm.png
1214,validation,Cicatrix/lung/lingula/focal;Pulmonary Atelectasis/lingula,Atelectasis,False,Atelectasis,True,,Cicatrix,1214_IM-0144-1001.dcm.png
1226,validation,Consolidation/lung/lower lobe/right/posterior/focal;Pneumonia/lower lobe/right,Consolidation;Pneumonia,False,Consolidation;Pneumonia,True,,,1226_IM-0150-1001.dcm.png
1234,validation,"Cardiac Shadow/enlarged;Atherosclerosis/aorta, thoracic;Cicatrix/lung/lingula;Pulmonary Atelectasis/lingula/mild;Costophrenic Angle/left/blunted;Cardiomegaly;Surgical Instruments",Cardiomegaly;Atelectasis;Support Devices,False,Cardiomegaly;Atelectasis;Support Devices,True,,Atherosclerosis;Cicatrix;Costophrenic Angle,1234_IM-0157-4004.dcm.png
1239,validation,normal,,True,No Finding,True,,,1239_IM-0160-1001.dcm.png
1248,validation,Thoracic Vertebrae/degenerative,,False,,False,,Thoracic Vertebrae,1248_IM-0168-1001.dcm.png
1260,validation,normal,,True,No Finding,True,,,1260_IM-0176-1001.dcm.png
1263,validation,normal,,True,No Finding,True,,,1263_IM-0179-1001.dcm.png
1277,validation,Pulmonary Atelectasis/middle lobe/right/mild,Atelectasis,False,Atelectasis,True,,,1277_IM-0185-1001.dcm.png
1285,validation,Nodule/lung/hilum/right/prominent;Lung/hypoinflation;Markings/lung/mild;Deformity/clavicle/left,Lung Lesion,False,Lung Lesion,True,,Deformity;Lung;Markings,1285_IM-0188-0001.dcm.png
1288,validation,Epicardial Fat/bilateral/prominent;Opacity/lung/lingula/patchy/mild;Airspace Disease/lung/lingula/patchy/mild,Lung Opacity,False,Lung Opacity,True,,Epicardial Fat,1288_IM-0189-1001.dcm.png
1294,validation,normal,,True,No Finding,True,,,1294_IM-0193-1001.dcm.png
1306,validation,Lung/hypoinflation;Scoliosis,,False,,False,,Lung;Scoliosis,1306_IM-0200-2001.dcm.png
1312,validation,normal,,True,No Finding,True,,,
1314,validation,normal,,True,No Finding,True,,,1314_IM-0204-1001.dcm.png
1328,validation,Calcified Granuloma/lung/left,,False,,False,,Calcified Granuloma,
1334,validation,normal,,True,No Finding,True,,,1334_IM-0214-1001.dcm.png
1337,validation,Lung/hypoinflation;Technical Quality of Image Unsatisfactory ,,False,,False,,Lung;Technical Quality of Image Unsatisfactory,1337_IM-0216-2001.dcm.png
1357,validation,Cardiomegaly;Calcified Granuloma/lung/base/right,Cardiomegaly,False,Cardiomegaly,True,,Calcified Granuloma,
1361,validation,Cardiomegaly/mild;Aorta/tortuous;Opacity/right/paratracheal;Scoliosis/thoracic vertebrae/right/mild;Osteophyte/thoracic vertebrae/degenerative;Spondylosis/thoracic vertebrae,Cardiomegaly;Lung Opacity,False,Cardiomegaly;Lung Opacity,True,,Aorta;Osteophyte;Scoliosis;Spondylosis,1361_IM-0235-1001.dcm.png
1365,validation,"Fractures, Bone/ribs/right/healed;Density/bilateral/round/small",Fracture,False,Fracture,True,Density,,1365_IM-0237-1001.dcm.png
1376,validation,Granulomatous Disease;Spine/degenerative,,False,,False,,Granulomatous Disease;Spine,1376_IM-0242-1001.dcm.png
1380,validation,normal,,True,No Finding,True,,,1380_IM-0245-1001.dcm.png
1394,validation,Nodule/thorax/left,Lung Lesion,False,Lung Lesion,True,,,1394_IM-0251-1001.dcm.png
1397,validation,normal,,True,No Finding,True,,,1397_IM-0253-1001.dcm.png
1406,validation,Lung/hyperdistention,,False,,False,,Lung,1406_IM-0259-1001.dcm.png
1417,validation,"Lung, Hyperlucent/apex/bilateral;Lucency/lung/apex/bilateral;Cicatrix/lung/upper lobe/left",,False,,False,,"Cicatrix;Lucency;Lung, Hyperlucent",1417_IM-0266-1001.dcm.png
1422,validation,Opacity/lung/upper lobe/right;Opacity/lung/upper lobe/left/patchy;Consolidation/lung/upper lobe/bilateral;Pneumonia,Lung Opacity;Consolidation;Pneumonia,False,Lung Opacity;Consolidation;Pneumonia,True,,,1422_IM-0269-1001.dcm.png
1423,validation,Calcinosis/breast implants;Calcinosis/aorta;Cardiomegaly/borderline,Cardiomegaly,False,Cardiomegaly,True,,Calcinosis,1423_IM-0270-1001.dcm.png
1431,validation,normal,,True,No Finding,True,,,1431_IM-0278-1001.dcm.png
1435,validation,normal,,True,No Finding,True,,,1435_IM-0280-1001.dcm.png
1451,validation,Calcified Granuloma/lung/lower lobe/left;Pulmonary Atelectasis/right/mild;Emphysema/mild,Atelectasis,False,Atelectasis,True,,Calcified Granuloma;Emphysema,1451_IM-0291-1001.dcm.png
1456,validation,normal,,True,No Finding,True,,,1456_IM-0294-1001.dcm.png
1466,validation,normal,,True,No Finding,True,,,1466_IM-0302-1001.dcm.png
1469,validation,normal,,True,No Finding,True,,,1469_IM-0303-1001.dcm.png
1473,validation,normal,,True,No Finding,True,,,1473_IM-0306-1001.dcm.png
1487,validation,No Indexing,,False,,False,,,1487_IM-0314-1001.dcm.png
1491,validation,Lung/hypoinflation;Calcified Granuloma/lung/apex/right;Density/lung/apex/right;Calcinosis/lung/apex/right,,False,,False,Density,Calcified Granuloma;Calcinosis;Lung,1491_IM-0317-1001.dcm.png
1502,validation,normal,,True,No Finding,True,,,1502_IM-0328-1001.dcm.png
1503,validation,normal,,True,No Finding,True,,,1503_IM-0329-5001.dcm.png
1510,validation,normal,,True,No Finding,True,,,1510_IM-0331-1001.dcm.png
1518,validation,normal,,True,No Finding,True,,,1518_IM-0335-1003.dcm.png
1529,validation,Density/right/paratracheal;Atherosclerosis/aorta;Spine/degenerative/mild;Surgical Instruments/breast/left;Diaphragmatic Eventration/mild,Support Devices,False,Support Devices,True,Density,Atherosclerosis;Diaphragmatic Eventration;Spine,1529_IM-0342-0001-0001.dcm.png
1531,validation,Aorta/tortuous;Calcinosis/lung/lower lobe/left;Calcinosis/lung/hilum/left;Granulomatous Disease,,False,,False,,Aorta;Calcinosis;Granulomatous Disease,1531_IM-0344-1001.dcm.png
1537,validation,normal,,True,No Finding,True,,,1537_IM-0348-1001.dcm.png
1545,validation,normal,,True,No Finding,True,,,1545_IM-0355-2002.dcm.png
1546,validation,No Indexing,,False,,False,,,1546_IM-0356-3001.dcm.png
1547,validation,Epicardial Fat/left/prominent,,False,,False,,Epicardial Fat,1547_IM-0357-1001.dcm.png
1556,validation,Aorta/tortuous;Opacity/lung/base/left/multiple;Infiltrate/lung/base/left/interstitial;Infiltrate/lung/base/pulmonary alveoli/left,Lung Opacity,False,Lung Opacity,True,,Aorta,1556_IM-0363-1001.dcm.png
1558,validation,Lung/hypoinflation,,False,,False,,Lung,1558_IM-0365-1001.dcm.png
1567,validation,Opacity/lung/lingula,Lung Opacity,False,Lung Opacity,True,,,1567_IM-0370-1001.dcm.png
1571,validation,"Pleural Effusion/base/left;Density/lung/lingula;Mass/lung/lingula;Hernia, Hiatal;Pulmonary Atelectasis/right;Bone Diseases, Metabolic/spine;Deformity/spine;Surgical Instruments/multiple",Lung Lesion;Atelectasis;Pleural Effusion;Support Devices,False,Lung Lesion;Atelectasis;Pleural Effusion;Support Devices,True,Density,"Bone Diseases, Metabolic;Deformity;Hernia, Hiatal",
1581,validation,Nodule/lung/upper lobe/right/multiple,Lung Lesion,False,Lung Lesion,True,,,1581_IM-0378-1001.dcm.png
1582,validation,normal,,True,No Finding,True,,,1582_IM-0378-1001.dcm.png
1584,validation,Thoracic Vertebrae/degenerative,,False,,False,,Thoracic Vertebrae,1584_IM-0379-1001.dcm.png
1595,validation,Cardiomegaly;Opacity/lung/middle lobe/right;Cicatrix/lung/middle lobe/right,Cardiomegaly;Lung Opacity,False,Cardiomegaly;Lung Opacity,True,,Cicatrix,1595_IM-0386-2001.dcm.png
1616,validation,normal,,True,No Finding,True,,,1616_IM-0399-1001.dcm.png
1622,validation,normal,,True,No Finding,True,,,1622_IM-0404-1001.dcm.png
1623,validation,normal,,True,No Finding,True,,,1623_IM-0405-4004.dcm.png
1629,validation,normal,,True,No Finding,True,,,
1631,validation,Opacity/lung/upper lobe/left/round/multiple/small;Nodule/lung/upper lobe/left/multiple/small;Calcinosis/mediastinum/lymph nodes;Calcinosis/lung/hilum/lymph nodes;Granulomatous Disease;Spine/degenerative/mild;Opacity/ribs/left/round/multiple/small,Lung Opacity;Lung Lesion,False,Lung Opacity;Lung Lesion,True,,Calcinosis;Granulomatous Disease;Spine,1631_IM-0412-0001-0001.dcm.png
1647,validation,normal,,True,No Finding,True,,,1647_IM-0424-2001.dcm.png
1651,validation,Calcified Granuloma/lung/upper lobe/right,,False,,False,,Calcified Granuloma,1651_IM-0427-1001.dcm.png
1655,validation,normal,,True,No Finding,True,,,1655_IM-0431-1001.dcm.png
1661,validation,normal,,True,No Finding,True,,,1661_IM-0437-1001.dcm.png
1662,validation,Markings/lung/interstitial/prominent;Markings/lung/upper lobe/right/interstitial/focal,,False,,False,,Markings,1662_IM-0438-1001.dcm.png
1669,validation,Calcinosis/aorta;Calcified Granuloma/lung/lower lobe/left,,False,,False,,Calcified Granuloma;Calcinosis,1669_IM-0441-1001.dcm.png
1672,validation,normal,,True,No Finding,True,,,1672_IM-0443-4001.dcm.png
1682,validation,Mediastinum/paratracheal/enlarged ,,False,,False,Mediastinum,,1682_IM-0449-1001.dcm.png
1703,validation,Lung/hypoinflation/mild;Thoracic Vertebrae/degenerative/mild,,False,,False,,Lung;Thoracic Vertebrae,1703_IM-0463-1001.dcm.png
1707,validation,normal,,True,No Finding,True,,,1707_IM-0466-1001.dcm.png
1731,validation,Lung/bilateral/hypoinflation,,False,,False,,Lung,1731_IM-0481-2001.dcm.png
1735,validation,Surgical Instruments/mediastinum;Costophrenic Angle/right/blunted;Lung/hyperdistention,Support Devices,False,Support Devices,True,,Costophrenic Angle;Lung,1735_IM-0484-1001.dcm.png
1736,validation,Lung/hypoinflation/mild,,False,,False,,Lung,1736_IM-0484-1001.dcm.png
1748,validation,normal,,True,No Finding,True,,,1748_IM-0490-1001.dcm.png
1751,validation,normal,,True,No Finding,True,,,1751_IM-0494-1001.dcm.png
1753,validation,Cardiomegaly;Lung/hypoinflation,Cardiomegaly,False,Cardiomegaly,True,,Lung,1753_IM-0494-1001.dcm.png
1785,validation,Calcified Granuloma/paratracheal;Cicatrix/lung/upper lobe/right/streaky/mild,,False,,False,,Calcified Granuloma;Cicatrix,1785_IM-0512-1001.dcm.png
1787,validation,Granulomatous Disease/mild,,False,,False,,Granulomatous Disease,1787_IM-0513-1001.dcm.png
1789,validation,Diaphragm/right/elevated,,False,,False,,Diaphragm,1789_IM-0513-1001.dcm.png
1791,validation,Technical Quality of Image Unsatisfactory ;Lung/hyperdistention/mild;Calcified Granuloma/lung/base/right/large;Thoracic Vertebrae/degenerative/multiple/mild,,False,,False,,Calcified Granuloma;Lung;Technical Quality of Image Unsatisfactory;Thoracic Vertebrae,1791_IM-0515-1001.dcm.png
1793,validation,normal,,True,No Finding,True,,,
1797,validation,Osteophyte/thoracic vertebrae/multiple/small,,False,,False,,Osteophyte,1797_IM-0517-1001.dcm.png
1798,validation,Calcified Granuloma/lung/lingula;Granuloma/lung/hilum/left/multiple,,False,,False,,Calcified Granuloma;Granuloma,1798_IM-0518-1001.dcm.png
1819,validation,Cardiomegaly;Pulmonary Congestion;Pulmonary Atelectasis/base/left/patchy;Airspace Disease/lung/base/left,Cardiomegaly;Lung Opacity;Atelectasis,False,Cardiomegaly;Lung Opacity;Atelectasis,True,Pulmonary Congestion,,1819_IM-0530-1001-0001.dcm.png
1820,validation,Diaphragmatic Eventration/right,,False,,False,,Diaphragmatic Eventration,1820_IM-0532-1001.dcm.png
1826,validation,normal,,True,No Finding,True,,,1826_IM-0535-0001.dcm.png
1832,validation,Cardiomegaly;Opacity/lung/base/left/streaky;Pulmonary Atelectasis;Infiltrate/lung,Cardiomegaly;Lung Opacity;Atelectasis,False,Cardiomegaly;Lung Opacity;Atelectasis,True,,,1832_IM-0538-1001.dcm.png
1833,validation,Pulmonary Atelectasis/base/left;Cicatrix/lung/base/left/mild;Calcified Granuloma/lung/lower lobe/right/posterior/multiple,Atelectasis,False,Atelectasis,True,,Calcified Granuloma;Cicatrix,1833_IM-0539-1001.dcm.png
1837,validation,normal,,True,No Finding,True,,,1837_IM-0541-1001.dcm.png
1847,validation,Calcified Granuloma/mediastinum/large;Calcified Granuloma/lung/hilum/right/large,,False,,False,,Calcified Granuloma,1847_IM-0550-1001.dcm.png
1872,validation,Osteophyte/thoracic vertebrae/anterior/multiple,,False,,False,,Osteophyte,1872_IM-0565-1001.dcm.png
1881,validation,Atherosclerosis/aorta,,False,,False,,Atherosclerosis,1881_IM-0570-3001.dcm.png
1882,validation,normal,,True,No Finding,True,,,1882_IM-0571-1001.dcm.png
1904,validation,Osteophyte/thoracic vertebrae/degenerative,,False,,False,,Osteophyte,1904_IM-0586-1001.dcm.png
1907,validation,normal,,True,No Finding,True,,,1907_IM-0589-1001.dcm.png
1914,validation,Opacity/lung/bilateral/interstitial/diffuse,Lung Opacity,False,Lung Opacity,True,,,1914_IM-0595-1001.dcm.png
1918,validation,Opacity/lung/hilum/left/round;Surgical Instruments/thorax;Lung/hilum/left/prominent,Lung Opacity;Support Devices,False,Lung Opacity;Support Devices,True,,Lung,1918_IM-0597-2001.dcm.png
1937,validation,normal,,True,No Finding,True,,,1937_IM-0607-1001.dcm.png
1939,validation,Opacity/costophrenic angle/left,Lung Opacity,False,Lung Opacity,True,,,1939_IM-0609-1001.dcm.png
1941,validation,"Implanted Medical Device/right;Cardiomegaly;Calcinosis/aorta, thoracic;Opacity/lung/interstitial/mild;Opacity/retrocardiac",Cardiomegaly;Lung Opacity;Support Devices,False,Cardiomegaly;Lung Opacity;Support Devices,True,,Calcinosis,
1943,validation,Calcified Granuloma/bilateral/scattered/multiple;Granulomatous Disease,,False,,False,,Calcified Granuloma;Granulomatous Disease,1943_IM-0612-1001.dcm.png
1944,validation,Calcinosis/lung/upper lobe/right;Density/lung/upper lobe/right;Lung/azygos lobe,,False,,False,Density,Calcinosis;Lung,1944_IM-0613-1001.dcm.png
1945,validation,"Scoliosis/severe;Tube, Inserted/trachea;Catheters, Indwelling/left;Opacity/retrocardiac;Pulmonary Atelectasis;Thorax/left/small;Markings/bronchovascular;Tube, Inserted/right;Catheters, Indwelling",Lung Opacity;Atelectasis;Support Devices,False,Lung Opacity;Atelectasis;Support Devices,True,,Markings;Scoliosis;Thorax,
1947,validation,Nodule/lung/base/right;Density/lung/base/right,Lung Lesion,False,Lung Lesion,True,Density,,1947_IM-0616-1001.dcm.png
1948,validation,normal,,True,No Finding,True,,,1948_IM-0616-1001.dcm.png
1960,validation,normal,,True,No Finding,True,,,1960_IM-0627-1002001.dcm.png
1976,validation,Infiltrate/lung/upper lobe/pulmonary alveoli/right/patchy;Opacity/lung/left/round;Nipple Shadow/lung/left,Lung Opacity,False,Lung Opacity,True,,Nipple Shadow,1976_IM-0635-1001-0001.dcm.png
1980,validation,normal,,True,No Finding,True,,,1980_IM-0637-1001.dcm.png
1988,validation,Lung/hypoinflation;Nodule/lung/base/left/reticular;Opacity/lung/upper lobe/right;Pulmonary Fibrosis/upper lobe/right,Lung Opacity;Lung Lesion,False,Lung Opacity;Lung Lesion,True,,Lung;Pulmonary Fibrosis,1988_IM-0645-1001.dcm.png
2003,validation,Cardiomegaly/borderline;Calcinosis/aorta,Cardiomegaly,False,Cardiomegaly,True,,Calcinosis,2003_IM-0654-2001.dcm.png
2006,validation,Cardiomegaly/mild;Calcified Granuloma/lung/base/right;Spine/degenerative/mild;Markings/lung/interstitial/chronic,Cardiomegaly,False,Cardiomegaly,True,,Calcified Granuloma;Markings;Spine,2006_IM-0656-1001.dcm.png
2025,validation,normal,,True,No Finding,True,,,
2026,validation,normal,,True,No Finding,True,,,2026_IM-0671-1001.dcm.png
2033,validation,"Aorta, Thoracic/tortuous/mild;Thoracic Vertebrae/degenerative/mild",,False,,False,,"Aorta, Thoracic;Thoracic Vertebrae",2033_IM-0678-1001.dcm.png
2038,validation,normal,,True,No Finding,True,,,2038_IM-0682-1001.dcm.png
2049,validation,Lung/hyperdistention;Calcinosis/aorta;Aorta/tortuous/mild;Deformity/clavicle/left,,False,,False,,Aorta;Calcinosis;Deformity;Lung,2049_IM-0688-2001.dcm.png
2058,validation,Lung/hypoinflation/mild,,False,,False,,Lung,2058_IM-0696-1001.dcm.png
2062,validation,"Catheters, Indwelling/right;Lung/hypoinflation;Airspace Disease/lung/lower lobe/left;Pulmonary Atelectasis/lower lobe/left",Lung Opacity;Atelectasis;Support Devices,False,Lung Opacity;Atelectasis;Support Devices,True,,Lung,2062_IM-0699-0001-0001.dcm.png
2066,validation,Cardiomegaly/mild;Aorta/tortuous;Opacity/lung/lower lobe/right;Pulmonary Atelectasis/lower lobe/right,Cardiomegaly;Lung Opacity;Atelectasis,False,Cardiomegaly;Lung Opacity;Atelectasis,True,,Aorta,2066_IM-0701-1001.dcm.png
2069,validation,normal,,True,No Finding,True,,,2069_IM-0702-1001.dcm.png
2074,validation,"Lung/hypoinflation;Aorta, Thoracic/tortuous;Pleural Effusion/bilateral/small;Opacity/lung/base/bilateral;Deformity/thoracic vertebrae/anterior;Pulmonary Atelectasis/bilateral;Opacity/mediastinum/right",Lung Opacity;Atelectasis;Pleural Effusion,False,Lung Opacity;Atelectasis;Pleural Effusion,True,,"Aorta, Thoracic;Deformity;Lung",2074_IM-0708-1001.dcm.png
2075,validation,normal,,True,No Finding,True,,,2075_IM-0708-1001.dcm.png
2094,validation,Epicardial Fat/prominent;Granuloma/thoracic vertebrae,,False,,False,,Epicardial Fat;Granuloma,2094_IM-0724-1001.dcm.png
2096,validation,normal,,True,No Finding,True,,,2096_IM-0726-1001.dcm.png
2100,validation,Atherosclerosis/aorta,,False,,False,,Atherosclerosis,2100_IM-0731-1001.dcm.png
2116,validation,"Fractures, Bone/ribs/bilateral/multiple/healed",Fracture,False,Fracture,True,,,2116_IM-0745-1001.dcm.png
2138,validation,"Aorta, Thoracic/tortuous;Granulomatous Disease;Fractures, Bone/ribs/healed;Opacity/lung/lingula/focal",Lung Opacity;Fracture,False,Lung Opacity;Fracture,True,,"Aorta, Thoracic;Granulomatous Disease",2138_IM-0760-1001.dcm.png
2140,validation,"Calcinosis/lung/hilum/lymph nodes/left;Fractures, Bone/thoracic vertebrae;Fractures, Bone/lumbar vertebrae;Spinal Fusion/thoracic vertebrae;Spinal Fusion/lumbar vertebrae",Fracture,False,Fracture,True,,Calcinosis;Spinal Fusion,2140_IM-0762-1001.dcm.png
2148,validation,normal,,True,No Finding,True,,,2148_IM-0767-3001.dcm.png
2153,validation,Diaphragm/left/elevated,,False,,False,,Diaphragm,2153_IM-0773-1001.dcm.png
2157,validation,normal,,True,No Finding,True,,,2157_IM-0775-1001.dcm.png
2160,validation,normal,,True,No Finding,True,,,2160_IM-0778-1001.dcm.png
2170,validation,normal,,True,No Finding,True,,,2170_IM-0786-1001.dcm.png
2173,validation,Thoracic Vertebrae/degenerative,,False,,False,,Thoracic Vertebrae,2173_IM-0786-1001.dcm.png
2177,validation,Cardiac Shadow/enlarged;Lung/hypoinflation;Opacity/lung/base/bilateral;Pulmonary Atelectasis/base/bilateral,Cardiomegaly;Lung Opacity;Atelectasis,False,Cardiomegaly;Lung Opacity;Atelectasis,True,,Lung,2177_IM-0789-4001.dcm.png
2186,validation,Lung/hypoinflation,,False,,False,,Lung,2186_IM-0796-1001.dcm.png
2191,validation,Cardiomegaly/borderline;Opacity/lung/base/left/retrocardiac;Airspace Disease/lung/base/left,Cardiomegaly;Lung Opacity,False,Cardiomegaly;Lung Opacity,True,,,2191_IM-0801-1001.dcm.png
2204,validation,No Indexing,,False,,False,,,2204_IM-0813-1001.dcm.png
2207,validation,"Aorta, Thoracic/tortuous;Airspace Disease/lung/base/right/patchy;Thoracic Vertebrae/degenerative/mild;Pneumonia/lower lobe/right",Lung Opacity;Pneumonia,False,Lung Opacity;Pneumonia,True,,"Aorta, Thoracic;Thoracic Vertebrae",2207_IM-0815-1001.dcm.png
2212,validation,normal,,True,No Finding,True,,,2212_IM-0819-1001.dcm.png
2223,validation,normal,,True,No Finding,True,,,2223_IM-0827-1001.dcm.png
2228,validation,normal,,True,No Finding,True,,,2228_IM-0831-1001.dcm.png
2233,validation,Lung/hyperdistention;Diaphragm/bilateral/flattened;Markings/lung/interstitial/scattered/irregular/chronic,,False,,False,,Diaphragm;Lung;Markings,2233_IM-0832-1001.dcm.png
2235,validation,Lung/hypoinflation,,False,,False,,Lung,2235_IM-0833-1001.dcm.png
2236,validation,normal,,True,No Finding,True,,,2236_IM-0833-1001.dcm.png
2238,validation,normal,,True,No Finding,True,,,2238_IM-0835-1001.dcm.png
2239,validation,Medical Device;Lung/interstitial/prominent;Opacity/lung/base/patchy;Airspace Disease/lung/base/patchy,Lung Opacity;Support Devices,False,Lung Opacity;Support Devices,True,,Lung,2239_IM-0836-1001.dcm.png
2244,validation,normal,,True,No Finding,True,,,2244_IM-0841-2002.dcm.png
2253,validation,"Lung/hyperdistention;Breast Implants/bilateral;Pulmonary Disease, Chronic Obstructive",,False,,False,,"Breast Implants;Lung;Pulmonary Disease, Chronic Obstructive",2253_IM-0845-1002001.dcm.png
2270,validation,Scoliosis/thoracic vertebrae/right,,False,,False,,Scoliosis,2270_IM-0859-1001.dcm.png
2277,validation,normal,,True,No Finding,True,,,2277_IM-0864-1001.dcm.png
2290,validation,normal,,True,No Finding,True,,,2290_IM-0874-1001.dcm.png
2298,validation,Spine/degenerative/chronic,,False,,False,,Spine,
2310,validation,normal,,True,No Finding,True,,,2310_IM-0885-1001.dcm.png
2313,validation,normal,,True,No Finding,True,,,2313_IM-0888-1002001.dcm.png
2326,validation,Cardiomegaly/mild;Diaphragmatic Eventration/right,Cardiomegaly,False,Cardiomegaly,True,,Diaphragmatic Eventration,2326_IM-0897-1001.dcm.png
2328,validation,"Aorta, Thoracic/tortuous;Calcinosis/aorta;Bone Diseases, Metabolic",,False,,False,,"Aorta, Thoracic;Bone Diseases, Metabolic;Calcinosis",2328_IM-0898-1001.dcm.png
2329,validation,normal,,True,No Finding,True,,,
2344,validation,Lung/hypoinflation/mild;Deformity/breast/right;Cicatrix/breast/right,,False,,False,,Cicatrix;Deformity;Lung,2344_IM-0909-1001.dcm.png
2356,validation,Lung/hypoinflation,,False,,False,,Lung,2356_IM-0920-1001.dcm.png
2363,validation,Opacity/lung/base/right;Pneumonia/middle lobe/right;Pneumonia/lower lobe/right,Lung Opacity;Pneumonia,False,Lung Opacity;Pneumonia,True,,,2363_IM-0926-1001.dcm.png
2365,validation,normal,,True,No Finding,True,,,2365_IM-0927-3001.dcm.png
2366,validation,Calcified Granuloma/lung/lower lobe/left;Calcinosis/lung/hilum/lymph nodes/left,,False,,False,,Calcified Granuloma;Calcinosis,2366_IM-0928-1001.dcm.png
2368,validation,Thoracic Vertebrae/degenerative/mild,,False,,False,,Thoracic Vertebrae,2368_IM-0928-1001.dcm.png
2377,validation,normal,,True,No Finding,True,,,2377_IM-0937-1001.dcm.png
2380,validation,Diaphragm/left/elevated;Diaphragmatic Eventration/right,,False,,False,,Diaphragm;Diaphragmatic Eventration,2380_IM-0940-1001.dcm.png
2388,validation,normal,,True,No Finding,True,,,2388_IM-0944-1001.dcm.png
2396,validation,Opacity/lung/lower lobe/bilateral/prominent;Airspace Disease/lung/lower lobe/bilateral;Pulmonary Edema/lower lobe/bilateral,Lung Opacity;Edema,False,Lung Opacity;Edema,True,,,2396_IM-0945-1001.dcm.png
2415,validation,Cardiomegaly/mild;Lung/hypoinflation;Diaphragm/left/elevated/mild;Opacity/lung/base/left/patchy;Markings/prominent;Technical Quality of Image Unsatisfactory ;Emphysema,Cardiomegaly;Lung Opacity,False,Cardiomegaly;Lung Opacity,True,,Diaphragm;Emphysema;Lung;Markings;Technical Quality of Image Unsatisfactory,2415_IM-0961-1001.dcm.png
2416,validation,Cardiomegaly/mild,Cardiomegaly,False,Cardiomegaly,True,,,2416_IM-0961-1001.dcm.png
2424,validation,Arthritis,,False,,False,,Arthritis,2424_IM-0966-1001.dcm.png
2453,validation,normal,,True,No Finding,True,,,2453_IM-0988-1001.dcm.png
2475,validation,Cardiomegaly/mild;Aorta/tortuous,Cardiomegaly,False,Cardiomegaly,True,,Aorta,2475_IM-1004-1001.dcm.png
2493,validation,normal,,True,No Finding,True,,,2493_IM-1019-8001.dcm.png
2498,validation,No Indexing,,False,,False,,,2498_IM-1022-1001.dcm.png
2503,validation,Atherosclerosis/aorta;Arthritis,,False,,False,,Arthritis;Atherosclerosis,2503_IM-1028-1001.dcm.png
2513,validation,"Hernia, Hiatal/retrocardiac/large;Pulmonary Atelectasis/base/left",Atelectasis,False,Atelectasis,True,,"Hernia, Hiatal",2513_IM-1035-1001.dcm.png
2515,validation,normal,,True,No Finding,True,,,2515_IM-1036-1001.dcm.png
2517,validation,normal,,True,No Finding,True,,,2517_IM-1036-1001.dcm.png
2533,validation,normal,,True,No Finding,True,,,2533_IM-1047-1001.dcm.png
2542,validation,normal,,True,No Finding,True,,,2542_IM-1053-1001.dcm.png
2545,validation,normal,,True,No Finding,True,,,2545_IM-1054-1001.dcm.png
2546,validation,"Aorta, Thoracic/tortuous",,False,,False,,"Aorta, Thoracic",2546_IM-1055-1001.dcm.png
2550,validation,No Indexing,,False,,False,,,
2564,validation,normal,,True,No Finding,True,,,2564_IM-1067-1001.dcm.png
2571,validation,Spine/degenerative,,False,,False,,Spine,
2575,validation,Spine/degenerative,,False,,False,,Spine,2575_IM-1075-1001.dcm.png
2591,validation,normal,,True,No Finding,True,,,2591_IM-1083-1001.dcm.png
2594,validation,Aorta/tortuous;Lung/hypoinflation;Diaphragm/right/elevated/mild;Opacity/lung/lower lobe/right/streaky;Infiltrate/lung/lower lobe/right/streaky;Pulmonary Atelectasis/lower lobe/right,Lung Opacity;Atelectasis,False,Lung Opacity;Atelectasis,True,,Aorta;Diaphragm;Lung,2594_IM-1085-1001.dcm.png
2596,validation,normal,,True,No Finding,True,,,2596_IM-1086-1001.dcm.png
2605,validation,normal,,True,No Finding,True,,,2605_IM-1095-1001.dcm.png
2612,validation,normal,,True,No Finding,True,,,2612_IM-1103-1001.dcm.png
2616,validation,"Costophrenic Angle/sulcus/right/blunted;Pleural Effusion/right/small;Hernia, Hiatal",Pleural Effusion,False,Pleural Effusion,True,,"Costophrenic Angle;Hernia, Hiatal",2616_IM-1106-1001.dcm.png
2622,validation,"Tube, Inserted/trachea, carina",Support Devices,False,Support Devices,True,,,2622_IM-1110-1001.dcm.png
2624,validation,Deformity/lumbar vertebrae/anterior/mild,,False,,False,,Deformity,2624_IM-1111-1001.dcm.png
2629,validation,normal,,True,No Finding,True,,,2629_IM-1116-1001.dcm.png
2634,validation,Thoracic Vertebrae/degenerative/moderate,,False,,False,,Thoracic Vertebrae,
2644,validation,Cardiomegaly/mild;Kyphosis/thoracic vertebrae;Density/heart/small;Calcinosis/lung/hilum/lymph nodes/right;Nodule/lung/lingula,Cardiomegaly;Lung Lesion,False,Cardiomegaly;Lung Lesion,True,Density,Calcinosis;Kyphosis,2644_IM-1130-1001.dcm.png
2691,validation,Technical Quality of Image Unsatisfactory ;Lung/hypoinflation;Cardiomegaly/mild;Calcinosis/aorta;Aorta/tortuous;Calcinosis/mediastinum;Markings/bronchovascular,Cardiomegaly,False,Cardiomegaly,True,,Aorta;Calcinosis;Lung;Markings;Technical Quality of Image Unsatisfactory,2691_IM-1163-4004.dcm.png
2697,validation,normal,,True,No Finding,True,,,2697_IM-1167-1001.dcm.png
2698,validation,normal,,True,No Finding,True,,,2698_IM-1167-1001.dcm.png
2705,validation,Calcinosis/aorta,,False,,False,,Calcinosis,2705_IM-1171-1001.dcm.png
2709,validation,Opacity/lung/base/left,Lung Opacity,False,Lung Opacity,True,,,2709_IM-1175-1001.dcm.png
2720,validation,normal,,True,No Finding,True,,,2720_IM-1182-1001.dcm.png
2723,validation,Pulmonary Atelectasis/base/left;Thoracic Vertebrae/degenerative/mild,Atelectasis,False,Atelectasis,True,,Thoracic Vertebrae,2723_IM-1185-1001.dcm.png
2725,validation,Emphysema;Deformity/ribs/right/multiple;Spondylosis/thoracic vertebrae,,False,,False,,Deformity;Emphysema;Spondylosis,2725_IM-1186-1001.dcm.png
2729,validation,Diaphragm/left/elevated;Cicatrix/costophrenic angle/left;Foreign Bodies/thoracic vertebrae;Foreign Bodies/lung/lower lobe/left;Foreign Bodies/lung/upper lobe/left;Thoracic Vertebrae/degenerative/mild,,False,,False,,Cicatrix;Diaphragm;Foreign Bodies;Thoracic Vertebrae,2729_IM-1187-1001.dcm.png
2737,validation,Diaphragm/left/elevated/mild;Pulmonary Atelectasis/base/left,Atelectasis,False,Atelectasis,True,,Diaphragm,2737_IM-1191-4004.dcm.png
2743,validation,Thoracic Vertebrae/degenerative;Calcinosis/aorta,,False,,False,,Calcinosis;Thoracic Vertebrae,2743_IM-1197-1001.dcm.png
2747,validation,Pleural Effusion/bilateral/small,Pleural Effusion,False,Pleural Effusion,True,,,2747_IM-1198-1001.dcm.png
2750,validation,Opacity/lung/middle lobe/right/round;Lucency/lung/middle lobe/right/round;Opacity/lung/upper lobe/left/round,Lung Opacity,False,Lung Opacity,True,,Lucency,2750_IM-1200-1001.dcm.png
2753,validation,Calcinosis/mediastinum/lymph nodes,,False,,False,,Calcinosis,2753_IM-1203-1001.dcm.png
2758,validation,normal,,True,No Finding,True,,,2758_IM-1206-1001.dcm.png
2762,validation,Granulomatous Disease,,False,,False,,Granulomatous Disease,2762_IM-1208-1001.dcm.png
2765,validation,normal,,True,No Finding,True,,,2765_IM-1210-1001.dcm.png
2778,validation,"Catheters, Indwelling/right",Support Devices,False,Support Devices,True,,,2778_IM-1218-1001.dcm.png
2817,validation,"Technical Quality of Image Unsatisfactory ;Markings/lung/interstitial/chronic;Opacity/lung/middle lobe/right;Cicatrix/lung/middle lobe/right;Pleural Effusion/middle lobe/right/small;Thickening/pleura/middle lobe/right/small;Lung, Hyperlucent;Emphysema",Lung Opacity;Pleural Effusion;Pleural Other,False,Lung Opacity;Pleural Effusion;Pleural Other,True,,"Cicatrix;Emphysema;Lung, Hyperlucent;Markings;Technical Quality of Image Unsatisfactory",2817_IM-1241-1001.dcm.png
2831,validation,"Pneumothorax;Pleural Effusion/small;Tube, Inserted/abdomen;Surgical Instruments/abdomen;Foreign Bodies/lumbar vertebrae",Pneumothorax;Pleural Effusion;Support Devices,False,Pneumothorax;Pleural Effusion;Support Devices,True,,Foreign Bodies,2831_IM-1249-1001.dcm.png
2832,validation,"Cardiomegaly;Atherosclerosis/aorta, thoracic;Thoracic Vertebrae/degenerative/chronic",Cardiomegaly,False,Cardiomegaly,True,,Atherosclerosis;Thoracic Vertebrae,2832_IM-1249-1001.dcm.png
2833,validation,normal,,True,No Finding,True,,,2833_IM-1249-1001.dcm.png
2841,validation,normal,,True,No Finding,True,,,
2852,validation,normal,,True,No Finding,True,,,2852_IM-1261-3001.dcm.png
2858,validation,Aorta/tortuous;Granulomatous Disease;Osteophyte/thoracic vertebrae/mild,,False,,False,,Aorta;Granulomatous Disease;Osteophyte,2858_IM-1265-1001.dcm.png
2860,validation,Thoracic Vertebrae/scattered/degenerative;Surgical Instruments/abdomen/right;Spinal Fusion/cervical vertebrae/anterior;Aorta/tortuous,Support Devices,False,Support Devices,True,,Aorta;Spinal Fusion;Thoracic Vertebrae,2860_IM-1268-1001.dcm.png
2866,validation,normal,,True,No Finding,True,,,2866_IM-1273-1001.dcm.png
2870,validation,normal,,True,No Finding,True,,,2870_IM-1276-1001.dcm.png
2884,validation,Surgical Instruments/mediastinum;Stents/coronary vessels/left,Support Devices,False,Support Devices,True,,,2884_IM-1286-1001.dcm.png
2894,validation,"Tube, Inserted/trachea;Catheters, Indwelling/right;Catheters, Indwelling/left;Surgical Instruments/neck",Support Devices,False,Support Devices,True,,,2894_IM-1296-4001-0001.dcm.png
2897,validation,No Indexing,,False,,False,,,2897_IM-1299-1001.dcm.png
2898,validation,normal,,True,No Finding,True,,,2898_IM-1300-0001-0001.dcm.png
2902,validation,normal,,True,No Finding,True,,,2902_IM-1306-4001.dcm.png
2910,validation,normal,,True,No Finding,True,,,2910_IM-1314-1001.dcm.png
2916,validation,normal,,True,No Finding,True,,,2916_IM-1318-1001.dcm.png
2933,validation,normal,,True,No Finding,True,,,2933_IM-1336-1001.dcm.png
2936,validation,"Cardiomegaly/mild;Hernia, Hiatal/moderate;Spine/degenerative/mild",Cardiomegaly,False,Cardiomegaly,True,,"Hernia, Hiatal;Spine",2936_IM-1338-1002001.dcm.png
2955,validation,Cardiomegaly/moderate;Technical Quality of Image Unsatisfactory ;Aorta/tortuous;Diaphragmatic Eventration/right;Pulmonary Congestion,Cardiomegaly,False,Cardiomegaly,True,Pulmonary Congestion,Aorta;Diaphragmatic Eventration;Technical Quality of Image Unsatisfactory,2955_IM-1352-4004.dcm.png
2957,validation,Cardiomegaly/mild;Pulmonary Congestion;Diaphragm/right/elevated/mild;Airspace Disease/lung/base/right;Pulmonary Atelectasis/base/right;Opacity/lung/base/left/streaky;Costophrenic Angle/bilateral/blunted;Diaphragmatic Eventration/right,Cardiomegaly;Lung Opacity;Atelectasis,False,Cardiomegaly;Lung Opacity;Atelectasis,True,Pulmonary Congestion,Costophrenic Angle;Diaphragm;Diaphragmatic Eventration,2957_IM-1354-1003.dcm.png
2964,validation,normal,,True,No Finding,True,,,2964_IM-1357-2001.dcm.png
2977,validation,Aorta/tortuous/mild,,False,,False,,Aorta,2977_IM-1366-1001.dcm.png
3004,validation,Calcified Granuloma/scattered/multiple;Opacity/lung/base/bilateral;Pulmonary Atelectasis/base/bilateral;Cicatrix/lung/base/bilateral,Lung Opacity;Atelectasis,False,Lung Opacity;Atelectasis,True,,Calcified Granuloma;Cicatrix,3004_IM-1388-1001.dcm.png
3010,validation,normal,,True,No Finding,True,,,3010_IM-1389-1001.dcm.png
3022,validation,Cavitation/lung/bilateral/multiple;Mass/lung/bilateral/multiple;Nodule/lung/bilateral/multiple,Lung Lesion,False,Lung Lesion,True,,Cavitation,3022_IM-1397-1001.dcm.png
3025,validation,normal,,True,No Finding,True,,,3025_IM-1400-1001.dcm.png
3045,validation,normal,,True,No Finding,True,,,3045_IM-1418-1001.dcm.png
3048,validation,normal,,True,No Finding,True,,,
3049,validation,normal,,True,No Finding,True,,,3049_IM-1420-1001.dcm.png
3060,validation,normal,,True,No Finding,True,,,3060_IM-1426-1003.dcm.png
3069,validation,Airspace Disease/lung/upper lobe/right;Pneumonia/upper lobe/right,Lung Opacity;Pneumonia,False,Lung Opacity;Pneumonia,True,,,3069_IM-1432-1001.dcm.png
3074,validation,Granulomatous Disease;Opacity/lung/middle lobe/right/patchy;Spine/degenerative,Lung Opacity,False,Lung Opacity,True,,Granulomatous Disease;Spine,3074_IM-1435-1001.dcm.png
3114,validation,normal,,True,No Finding,True,,,3114_IM-1462-1001.dcm.png
3115,validation,normal,,True,No Finding,True,,,3115_IM-1463-1001.dcm.png
3117,validation,normal,,True,No Finding,True,,,3117_IM-1465-1001.dcm.png
3124,validation,Pulmonary Artery/enlarged/severe,,False,,False,,Pulmonary Artery,3124_IM-1468-1001.dcm.png
3128,validation,Calcinosis/lung/hilum/lymph nodes/left;Granulomatous Disease,,False,,False,,Calcinosis;Granulomatous Disease,3128_IM-1471-1001.dcm.png
3134,validation,normal,,True,No Finding,True,,,3134_IM-1474-1001.dcm.png
3135,validation,normal,,True,No Finding,True,,,3135_IM-1474-1001.dcm.png
3148,validation,Cardiomegaly/mild;Pleural Effusion/left/small;Lung/hypoinflation/mild,Cardiomegaly;Pleural Effusion,False,Cardiomegaly;Pleural Effusion,True,,Lung,3148_IM-1480-1001.dcm.png
3149,validation,Lung/hyperdistention,,False,,False,,Lung,3149_IM-1480-1001.dcm.png
3158,validation,Cardiomegaly;Opacity/lung/base/left/scattered;Cicatrix/lung/base/left;Pulmonary Atelectasis/base/left;Diaphragm/left/elevated;Scoliosis/lumbar vertebrae;Deformity/ribs/left,Cardiomegaly;Lung Opacity;Atelectasis,False,Cardiomegaly;Lung Opacity;Atelectasis,True,,Cicatrix;Deformity;Diaphragm;Scoliosis,3158_IM-1487-1001.dcm.png
3162,validation,Cicatrix/lung/middle lobe/right,,False,,False,,Cicatrix,3162_IM-1487-1001.dcm.png
3178,validation,Calcinosis/mitral valve;Density/mitral valve;Aorta/tortuous;Atherosclerosis/aorta;Lung/hyperdistention/mild;Cicatrix/lung/base/left,,False,,False,Density,Aorta;Atherosclerosis;Calcinosis;Cicatrix;Lung,3178_IM-1498-1001.dcm.png
3180,validation,normal,,True,No Finding,True,,,3180_IM-1500-3001.dcm.png
3183,validation,normal,,True,No Finding,True,,,3183_IM-1502-1001.dcm.png
3191,validation,"Cardiomegaly/borderline;Calcinosis/aorta, thoracic;Aorta, Thoracic/enlarged;Emphysema;Spondylosis/mild",Cardiomegaly,False,Cardiomegaly,True,,"Aorta, Thoracic;Calcinosis;Emphysema;Spondylosis",3191_IM-1505-1001.dcm.png
3192,validation,"Lung/hilum/left/prominent/mild;Lucency/thorax/scattered/multiple;Emphysema;Calcified Granuloma/bilateral/scattered/multiple;Hernia, Hiatal/large",,False,,False,,"Calcified Granuloma;Emphysema;Hernia, Hiatal;Lucency;Lung",3192_IM-1505-1001.dcm.png
3195,validation,"Opacity/lung/base/left;Catheters, Indwelling/left;Airspace Disease/lung/base/left",Lung Opacity;Support Devices,False,Lung Opacity;Support Devices,True,,,3195_IM-1506-0001-0002.dcm.png
3207,validation,Cardiac Shadow/enlarged;Cardiomegaly,Cardiomegaly,False,Cardiomegaly,True,,,3207_IM-1514-1001.dcm.png
3214,validation,Cardiomegaly;Pericardial Effusion/large;Pleural Effusion/right/small,Cardiomegaly;Pleural Effusion,False,Cardiomegaly;Pleural Effusion,True,,Pericardial Effusion,3214_IM-1519-1001.dcm.png
3216,validation,normal,,True,No Finding,True,,,3216_IM-1520-1001.dcm.png
3221,validation,normal,,True,No Finding,True,,,3221_IM-1522-1002.dcm.png
3246,validation,Pulmonary Artery/prominent;Spondylosis/thoracic vertebrae,,False,,False,,Pulmonary Artery;Spondylosis,3246_IM-1538-1001.dcm.png
3253,validation,normal,,True,No Finding,True,,,3253_IM-1542-1001.dcm.png
3279,validation,normal,,True,No Finding,True,,,3279_IM-1560-1001.dcm.png
3281,validation,Nodule/lung/upper lobe/right;Granuloma/lung/upper lobe/right,Lung Lesion,False,Lung Lesion,True,,Granuloma,3281_IM-1562-1001.dcm.png
3285,validation,normal,,True,No Finding,True,,,3285_IM-1566-1001.dcm.png
3290,validation,normal,,True,No Finding,True,,,3290_IM-1572-1001.dcm.png
3302,validation,Lung/hypoinflation/mild,,False,,False,,Lung,3302_IM-1579-1001.dcm.png
3316,validation,Emphysema;Cicatrix/pleura/base/bilateral,,False,,False,,Cicatrix;Emphysema,3316_IM-1586-1001.dcm.png
3322,validation,Calcified Granuloma/lung/apex/right/small,,False,,False,,Calcified Granuloma,3322_IM-1588-1001.dcm.png
3337,validation,Calcinosis/pleura/base/right,,False,,False,,Calcinosis,3337_IM-1598-1001.dcm.png
3347,validation,Implanted Medical Device;Lung/hypoinflation,Support Devices,False,Support Devices,True,,Lung,3347_IM-1605-4004.dcm.png
3349,validation,Lung/hyperdistention;Pulmonary Emphysema;Pectus Carinatum;Calcified Granuloma;Calcinosis/blood vessels,,False,,False,,Calcified Granuloma;Calcinosis;Lung;Pectus Carinatum;Pulmonary Emphysema,3349_IM-1606-1001.dcm.png
3356,validation,Calcified Granuloma/lung/middle lobe/right,,False,,False,,Calcified Granuloma,3356_IM-1610-1001.dcm.png
3358,validation,normal,,True,No Finding,True,,,3358_IM-1611-1001.dcm.png
3363,validation,Opacity/lung/base/bilateral/multiple;Foreign Bodies/thorax/left/posterior;Foreign Bodies/neck/right;Foreign Bodies/costophrenic angle/left,Lung Opacity,False,Lung Opacity,True,,Foreign Bodies,3363_IM-1616-1001.dcm.png
3366,validation,No Indexing,,False,,False,,,3366_IM-1618-1001.dcm.png
3369,validation,Pneumothorax/right/large;Shift/mediastinum/left;Opacity/lung/lower lobe/right/severe;Pulmonary Atelectasis/lower lobe/right/severe,Lung Opacity;Atelectasis;Pneumothorax,False,Lung Opacity;Atelectasis;Pneumothorax,True,,Shift,3369_IM-1621-1001.dcm.png
3370,validation,normal,,True,No Finding,True,,,3370_IM-1622-2001.dcm.png
3374,validation,Nodule/lung/lower lobe/left,Lung Lesion,False,Lung Lesion,True,,,3374_IM-1624-1001.dcm.png
3378,validation,"Pneumothorax/apex/right/moderate;Fractures, Bone/ribs/right/multiple",Pneumothorax;Fracture,False,Pneumothorax;Fracture,True,,,3378_IM-1627-1001.dcm.png
3379,validation,Cardiomegaly/borderline;Airspace Disease/lung/retrocardiac/mild,Cardiomegaly;Lung Opacity,False,Cardiomegaly;Lung Opacity,True,,,3379_IM-1627-2001.dcm.png
3383,validation,Calcified Granuloma/lung/middle lobe/right;Calcified Granuloma/lung/hilum/right,,False,,False,,Calcified Granuloma,3383_IM-1630-1001.dcm.png
3386,validation,normal,,True,No Finding,True,,,3386_IM-1633-1001.dcm.png
3388,validation,Calcinosis/lung/upper lobe/left;Granuloma/lung/upper lobe/left,,False,,False,,Calcinosis;Granuloma,3388_IM-1633-1001.dcm.png
3402,validation,Calcified Granuloma/bilateral/scattered/multiple,,False,,False,,Calcified Granuloma,3402_IM-1646-1001.dcm.png
3405,validation,Spine/degenerative/mild,,False,,False,,Spine,3405_IM-1647-1001.dcm.png
3409,validation,normal,,True,No Finding,True,,,
3434,validation,normal,,True,No Finding,True,,,3434_IM-1662-1001.dcm.png
3435,validation,Cardiomegaly;Scoliosis/thoracic vertebrae;Calcinosis/abdomen/left,Cardiomegaly,False,Cardiomegaly,True,,Calcinosis;Scoliosis,3435_IM-1662-1001.dcm.png
3450,validation,normal,,True,No Finding,True,,,3450_IM-1673-1001.dcm.png
3455,validation,Pulmonary Congestion;Opacity/lung/bilateral/interstitial/diffuse;Opacity/pulmonary alveoli/bilateral/diffuse;Opacity/lung/base/left;Cardiomegaly;Pulmonary Edema;Pulmonary Atelectasis/base/left;Airspace Disease/lung/base/left,Cardiomegaly;Lung Opacity;Edema;Atelectasis,False,Cardiomegaly;Lung Opacity;Edema;Atelectasis,True,Pulmonary Congestion,,3455_IM-1677-1001.dcm.png
3456,validation,Lung/hypoinflation,,False,,False,,Lung,3456_IM-1678-1001.dcm.png
3460,validation,normal,,True,No Finding,True,,,3460_IM-1681-1001.dcm.png
3465,validation,normal,,True,No Finding,True,,,3465_IM-1683-1001.dcm.png
3467,validation,"Calcinosis/aorta, thoracic",,False,,False,,Calcinosis,3467_IM-1684-0001-0001.dcm.png
3477,validation,normal,,True,No Finding,True,,,3477_IM-1690-3001.dcm.png
3481,validation,Lung/hyperdistention;Spine/degenerative,,False,,False,,Lung;Spine,3481_IM-1692-1001.dcm.png
3486,validation,Spine/degenerative/chronic/mild,,False,,False,,Spine,3486_IM-1695-1001.dcm.png
3508,validation,Pleural Effusion/left;Pleural Effusion/right/focal/multiple;Cicatrix/lung/apex/bilateral;Thickening/pleura/bilateral;Deformity/lung/hilum/right;Shift/mediastinum/right;Thickening/pleura/apex/right;Pulmonary Atelectasis/apex/right;Volume Loss/lung/right,Atelectasis;Pleural Effusion;Pleural Other,False,Atelectasis;Pleural Effusion;Pleural Other,True,,Cicatrix;Deformity;Shift;Volume Loss,3508_IM-1710-1001.dcm.png
3528,validation,normal,,True,No Finding,True,,,3528_IM-1725-2002.dcm.png
3531,validation,"Aorta, Thoracic/tortuous/mild",,False,,False,,"Aorta, Thoracic",3531_IM-1726-1001.dcm.png
3539,validation,normal,,True,No Finding,True,,,3539_IM-1731-1001.dcm.png
3542,validation,normal,,True,No Finding,True,,,3542_IM-1734-1001.dcm.png
3547,validation,Thoracic Vertebrae/degenerative,,False,,False,,Thoracic Vertebrae,3547_IM-1739-1001.dcm.png
3559,validation,Scoliosis/thoracic vertebrae/left/mild;Nodule/lung/right,Lung Lesion,False,Lung Lesion,True,,Scoliosis,3559_IM-1744-1001.dcm.png
3562,validation,Granulomatous Disease;Lung/hypoinflation;Markings/bronchovascular;Pulmonary Atelectasis/base/bilateral/patchy;Spine/degenerative,Atelectasis,False,Atelectasis,True,,Granulomatous Disease;Lung;Markings;Spine,3562_IM-1747-2001.dcm.png
3565,validation,Opacity/lung/middle lobe/right/severe;Consolidation/lung/middle lobe/right;Pneumonia/middle lobe/right,Lung Opacity;Consolidation;Pneumonia,False,Lung Opacity;Consolidation;Pneumonia,True,,,3565_IM-1750-1001.dcm.png
3567,validation,Implanted Medical Device;Airspace Disease/lung/lower lobe/right;Pleural Effusion/right/small;Pneumonia/lower lobe/right,Lung Opacity;Pneumonia;Pleural Effusion;Support Devices,False,Lung Opacity;Pneumonia;Pleural Effusion;Support Devices,True,,,
3589,validation,Lung/hypoinflation/mild;Opacity/lung/base/left/streaky,Lung Opacity,False,Lung Opacity,True,,Lung,3589_IM-1767-1001.dcm.png
3593,validation,normal,,True,No Finding,True,,,3593_IM-1772-1001.dcm.png
3597,validation,"Catheters, Indwelling/left;Thoracic Vertebrae/degenerative",Support Devices,False,Support Devices,True,,Thoracic Vertebrae,3597_IM-1775-1001.dcm.png
3608,validation,Cardiomegaly,Cardiomegaly,False,Cardiomegaly,True,,,3608_IM-1781-1001.dcm.png
3610,validation,normal,,True,No Finding,True,,,3610_IM-1783-1001.dcm.png
3611,validation,Calcinosis/aorta;Aorta/tortuous;Scoliosis/thoracic vertebrae/right;Scoliosis/lumbar vertebrae/right;Diaphragm/left/flattened;Airspace Disease/lung/base/right/mild;Consolidation/lung/base/right/mild;Deformity/thoracic vertebrae/multiple,Lung Opacity;Consolidation,False,Lung Opacity;Consolidation,True,,Aorta;Calcinosis;Deformity;Diaphragm;Scoliosis,3611_IM-1784-0001-0001.dcm.png
3618,validation,Pulmonary Emphysema,,False,,False,,Pulmonary Emphysema,3618_IM-1790-82420001.dcm.png
3624,validation,normal,,True,No Finding,True,,,3624_IM-1794-1001.dcm.png
3630,validation,Calcinosis/aorta;Calcified Granuloma/lung/left,,False,,False,,Calcified Granuloma;Calcinosis,3630_IM-1798-4004.dcm.png
3632,validation,Calcinosis/aorta;Opacity/lung/base/left;Pulmonary Atelectasis/base/left;Pleural Effusion/left/small;Thickening/pleura/apex/bilateral,Lung Opacity;Atelectasis;Pleural Effusion;Pleural Other,False,Lung Opacity;Atelectasis;Pleural Effusion;Pleural Other,True,,Calcinosis,3632_IM-1799-2001.dcm.png
3639,validation,normal,,True,No Finding,True,,,3639_IM-1804-1002001.dcm.png
3641,validation,Surgical Instruments/mediastinum;Cicatrix/lung/base/left;Deformity/lung/base/left;Deformity/ribs/left/chronic,Support Devices,False,Support Devices,True,,Cicatrix;Deformity,3641_IM-1805-1001.dcm.png
3643,validation,No Indexing,,False,,False,,,3643_IM-1806-1001.dcm.png
3655,validation,Nodule/lung/upper lobe/right;Osteophyte/spine,Lung Lesion,False,Lung Lesion,True,,Osteophyte,3655_IM-1817-1001.dcm.png
3659,validation,Calcified Granuloma,,False,,False,,Calcified Granuloma,3659_IM-1819-1001.dcm.png
3665,validation,normal,,True,No Finding,True,,,3665_IM-1823-1001.dcm.png
3667,validation,Density/lung/upper lobe/left/irregular;Calcinosis/ribs;Thoracic Vertebrae/degenerative;Implanted Medical Device/thorax/left,Support Devices,False,Support Devices,True,Density,Calcinosis;Thoracic Vertebrae,3667_IM-1824-2001.dcm.png
3672,validation,Implanted Medical Device/aortic valve;Calcinosis/aorta;Pulmonary Edema/interstitial/mild;Cardiomegaly/mild,Cardiomegaly;Edema;Support Devices,False,Cardiomegaly;Edema;Support Devices,True,,Calcinosis,3672_IM-1828-1001.dcm.png
3683,validation,Medical Device/breast/bilateral,Support Devices,False,Support Devices,True,,,3683_IM-1835-3001.dcm.png
3692,validation,normal,,True,No Finding,True,,,3692_IM-1843-1001.dcm.png
3693,validation,normal,,True,No Finding,True,,,3693_IM-1844-1001.dcm.png
3695,validation,Pulmonary Congestion/mild,,False,,False,Pulmonary Congestion,,3695_IM-1845-1001.dcm.png
3701,validation,normal,,True,No Finding,True,,,3701_IM-1848-1001.dcm.png
3702,validation,Lung/hyperdistention;Diaphragm/bilateral/flattened;Spine/degenerative;Deformity/clavicle/right,,False,,False,,Deformity;Diaphragm;Lung;Spine,3702_IM-1849-22001.dcm.png
3708,validation,Lung/hypoinflation;Markings/bronchovascular;Thoracic Vertebrae/right/degenerative/mild,,False,,False,,Lung;Markings;Thoracic Vertebrae,3708_IM-1852-1001.dcm.png
3713,validation,No Indexing,,False,,False,,,3713_IM-1855-1001.dcm.png
3720,validation,normal,,True,No Finding,True,,,3720_IM-1859-1001.dcm.png
3726,validation,normal,,True,No Finding,True,,,3726_IM-1862-1001.dcm.png
3755,validation,Osteophyte/thoracic vertebrae/multiple;Osteophyte/lumbar vertebrae/multiple,,False,,False,,Osteophyte,3755_IM-1879-1001.dcm.png
3756,validation,Opacity/lung/base/left;Cicatrix/lung/base/left,Lung Opacity,False,Lung Opacity,True,,Cicatrix,3756_IM-1880-1001.dcm.png
3785,validation,Opacity/lung/hilum/multiple/prominent/mild;Markings/bronchovascular,Lung Opacity,False,Lung Opacity,True,,Markings,3785_IM-1898-2001.dcm.png
3787,validation,normal,,True,No Finding,True,,,3787_IM-1900-1001.dcm.png
3790,validation,Lung/hypoinflation;Diaphragm/right/elevated;Opacity/lung/base/right/patchy;Calcinosis/aorta;Granuloma/thorax/multiple;Costophrenic Angle/bilateral/blunted;Thoracic Vertebrae/degenerative;Airspace Disease/lung/lower lobe/right,Lung Opacity,False,Lung Opacity,True,,Calcinosis;Costophrenic Angle;Diaphragm;Granuloma;Lung;Thoracic Vertebrae,3790_IM-1904-0001-0002.dcm.png
3793,validation,Thoracic Vertebrae/scattered/degenerative;Aorta/tortuous;Markings/lung/interstitial/chronic;Opacity/lung/base/left;Airspace Disease/lung/base/left,Lung Opacity,False,Lung Opacity,True,,Aorta;Markings;Thoracic Vertebrae,3793_IM-1907-1001.dcm.png
3804,validation,"Aorta, Thoracic/tortuous;Atherosclerosis/aorta, thoracic;Cysts/humerus/left;Deformity/humerus/left;Thoracic Vertebrae/degenerative/multiple;Calcified Granuloma/thorax",,False,,False,,"Aorta, Thoracic;Atherosclerosis;Calcified Granuloma;Cysts;Deformity;Thoracic Vertebrae",3804_IM-1914-1001.dcm.png
3809,validation,normal,,True,No Finding,True,,,3809_IM-1919-1002001.dcm.png
3814,validation,normal,,True,No Finding,True,,,3814_IM-1923-1001.dcm.png
3817,validation,normal,,True,No Finding,True,,,3817_IM-1925-1001.dcm.png
3821,validation,No Indexing,,False,,False,,,3821_IM-1929-1001.dcm.png
3822,validation,Granuloma/lung/multiple,,False,,False,,Granuloma,3822_IM-1930-1001.dcm.png
3828,validation,No Indexing,,False,,False,,,3828_IM-1932-1001.dcm.png
3830,validation,normal,,True,No Finding,True,,,3830_IM-1933-1001.dcm.png
3837,validation,normal,,True,No Finding,True,,,3837_IM-1939-1001.dcm.png
3847,validation,"Lung/bilateral/hyperdistention;Pneumothorax/apex/right/small;Pulmonary Disease, Chronic Obstructive",Pneumothorax,False,Pneumothorax,True,,"Lung;Pulmonary Disease, Chronic Obstructive",3847_IM-1946-1001.dcm.png
3849,validation,Thoracic Vertebrae/degenerative,,False,,False,,Thoracic Vertebrae,3849_IM-1947-1001.dcm.png
3852,validation,Diaphragmatic Eventration/right;Thoracic Vertebrae/degenerative/mild,,False,,False,,Diaphragmatic Eventration;Thoracic Vertebrae,3852_IM-1949-4004.dcm.png
3862,validation,Heart Ventricles/left/enlarged;Aorta/tortuous,,False,,False,,Aorta;Heart Ventricles,3862_IM-1956-2001.dcm.png
3866,validation,Airspace Disease/lung/middle lobe/right/patchy;Opacity/lung/lingula/small;Airspace Disease/lung/lingula/patchy;Pneumonia/multilobar,Lung Opacity;Pneumonia,False,Lung Opacity;Pneumonia,True,,,3866_IM-1959-0001-0001.dcm.png
3875,validation,Markings/lung/lower lobe/left/interstitial;Lung/hypoinflation;Infiltrate/lung/lower lobe/left/interstitial;Pulmonary Fibrosis/lower lobe/left/interstitial,Lung Opacity,False,Lung Opacity,True,,Lung;Markings;Pulmonary Fibrosis,3875_IM-1967-1001.dcm.png
3879,validation,normal,,True,No Finding,True,,,3879_IM-1968-1001.dcm.png
3880,validation,Cardiomegaly;Opacity/lung/interstitial/prominent/mild;Pulmonary Edema/interstitial/mild,Cardiomegaly;Lung Opacity;Edema,False,Cardiomegaly;Lung Opacity;Edema,True,,,3880_IM-1968-1001.dcm.png
3883,validation,normal,,True,No Finding,True,,,3883_IM-1971-1001.dcm.png
3888,validation,No Indexing,,False,,False,,,3888_IM-1972-2001.dcm.png
3900,validation,normal,,True,No Finding,True,,,3900_IM-1980-1001.dcm.png
3905,validation,Cardiomegaly,Cardiomegaly,False,Cardiomegaly,True,,,3905_IM-1984-1001.dcm.png
3906,validation,normal,,True,No Finding,True,,,
3939,validation,normal,,True,No Finding,True,,,3939_IM-2010-1001.dcm.png
3951,validation,Opacity/lung/apex/right;Mass/lung/apex/right,Lung Opacity;Lung Lesion,False,Lung Opacity;Lung Lesion,True,,,3951_IM-2019-1001.dcm.png
3953,validation,normal,,True,No Finding,True,,,3953_IM-2021-1001.dcm.png
3956,validation,Lung/hypoinflation,,False,,False,,Lung,3956_IM-2021-1001.dcm.png
3960,validation,Spondylosis/thoracic vertebrae;Osteophyte/thoracic vertebrae/anterior/multiple/large,,False,,False,,Osteophyte;Spondylosis,3960_IM-2025-1002.dcm.png
3966,validation,Thoracic Vertebrae/degenerative/mild,,False,,False,,Thoracic Vertebrae,3966_IM-2028-1001.dcm.png
3968,validation,Pneumonia/lower lobe/left,Pneumonia,False,Pneumonia,True,,,3968_IM-2029-1001.dcm.png
3972,validation,Lung/hilum/lymph nodes/bilateral/enlarged;Opacity/lung/bilateral/interstitial;Sarcoidosis,Lung Opacity,False,Lung Opacity,True,,Lung;Sarcoidosis,3972_IM-2032-1001.dcm.png
3973,validation,normal,,True,No Finding,True,,,3973_IM-2033-1001.dcm.png
3976,validation,normal,,True,No Finding,True,,,3976_IM-2035-1001.dcm.png
3980,validation,Cardiomegaly/moderate;Pleural Effusion/left/small;Thickening/pleura/left;Opacity/lung/base/bilateral/patchy/streaky;Costophrenic Angle/left/blunted/mild;Diaphragmatic Eventration/right,Cardiomegaly;Lung Opacity;Pleural Effusion;Pleural Other,False,Cardiomegaly;Lung Opacity;Pleural Effusion;Pleural Other,True,,Costophrenic Angle;Diaphragmatic Eventration,3980_IM-2039-1001.dcm.png
3982,validation,normal,,True,No Finding,True,,,3982_IM-2039-1001.dcm.png
