retriever,policy,uid,query,query_status,query_n_findings,query_words,in_primary_set,exact_match_possible,retrieved,jaccard_truth@1,jaccard_query@1,ndcg@1,hit@1,rr@1,union_coverage@1,zero_overlap_rate@1,duplicate_text_rate@1,mean_pairwise_cosine@1,jaccard_truth@3,jaccard_query@3,ndcg@3,hit@3,rr@3,union_coverage@3,zero_overlap_rate@3,duplicate_text_rate@3,mean_pairwise_cosine@3,jaccard_truth@5,jaccard_query@5,ndcg@5,hit@5,rr@5,union_coverage@5,zero_overlap_rate@5,duplicate_text_rate@5,mean_pairwise_cosine@5,jaccard_truth@10,jaccard_query@10,ndcg@10,hit@10,rr@10,union_coverage@10,zero_overlap_rate@10,duplicate_text_rate@10,mean_pairwise_cosine@10
dense_minilm,oracle,20,no acute abnormality,oracle,1,3,True,True,10,1,1,1,1,1,1,0,0,,1,1,1,1,1,1,0,0.66666666666666674,0.9999997615814209,1,1,1,1,1,1,0,0.80000000000000004,0.99999982118606567,1,1,1,1,1,1,0,0.90000000000000002,0.994659423828125
dense_minilm,oracle,23,no acute abnormality,oracle,1,3,True,True,10,1,1,1,1,1,1,0,0,,1,1,1,1,1,1,0,0.66666666666666674,0.9999997615814209,1,1,1,1,1,1,0,0.80000000000000004,0.99999982118606567,1,1,1,1,1,1,0,0.90000000000000002,0.994659423828125
dense_minilm,oracle,33,support device,oracle,1,2,True,True,10,0.5,0.5,0.5,0,0,1,0,0,,0.5,0.5,0.53072127397724345,1,0.5,1,0.33333333333333331,0,0.36459830403327942,0.69999999999999996,0.69999999999999996,0.66083979472638388,1,0.5,1,0.20000000000000001,0,0.38849782943725586,0.55000000000000004,0.55000000000000004,0.58060200011180185,1,0.5,1,0.40000000000000002,0,0.46512973308563232
dense_minilm,oracle,50,cardiomegaly,oracle,1,1,True,True,10,1,1,1,1,1,1,0,0,,1,1,1,1,1,1,0,0,0.73525112867355347,0.90000000000000002,0.90000000000000002,0.92696582507864678,1,1,1,0,0,0.73118877410888672,0.84999999999999998,0.84999999999999998,0.87672472227620712,1,1,1,0,0,0.66543298959732056
dense_minilm,oracle,54,atelectasis,oracle,1,1,True,True,10,0.5,0.5,0.5,0,0,1,0,0,,0.66666666666666663,0.66666666666666663,0.61731968150568906,1,0.33333333333333331,1,0,0,0.69927710294723511,0.80000000000000004,0.80000000000000004,0.72342676499592806,1,0.33333333333333331,1,0,0,0.66594600677490234,0.54500000000000004,0.54500000000000004,0.57541752890903164,1,0.33333333333333331,1,0.10000000000000001,0,0.6276324987411499
dense_minilm,oracle,66,no acute abnormality,oracle,1,3,True,True,10,1,1,1,1,1,1,0,0,,1,1,1,1,1,1,0,0.66666666666666674,0.9999997615814209,1,1,1,1,1,1,0,0.80000000000000004,0.99999982118606567,1,1,1,1,1,1,0,0.90000000000000002,0.994659423828125
dense_minilm,oracle,72,no acute abnormality,oracle,1,3,True,True,10,1,1,1,1,1,1,0,0,,1,1,1,1,1,1,0,0.66666666666666674,0.9999997615814209,1,1,1,1,1,1,0,0.80000000000000004,0.99999982118606567,1,1,1,1,1,1,0,0.90000000000000002,0.994659423828125
dense_minilm,oracle,73,atelectasis pleural effusion,oracle,2,3,True,True,10,0.33333333333333331,0.33333333333333331,0.33333333333333331,0,0,0.5,0,0,,0.44444444444444442,0.44444444444444442,0.45250815297345071,1,0.5,1,0.33333333333333331,0,0.7622038722038269,0.5,0.5,0.53719374319878543,1,0.5,1,0.20000000000000001,0,0.74953365325927734,0.39999999999999997,0.39999999999999997,0.51384564767819263,1,0.5,1,0.29999999999999999,0,0.72617983818054199
dense_minilm,oracle,78,atelectasis,oracle,1,1,True,True,10,0.5,0.5,0.5,0,0,1,0,0,,0.66666666666666663,0.66666666666666663,0.61731968150568906,1,0.33333333333333331,1,0,0,0.69927710294723511,0.80000000000000004,0.80000000000000004,0.72342676499592806,1,0.33333333333333331,1,0,0,0.66594600677490234,0.54500000000000004,0.54500000000000004,0.57541752890903164,1,0.33333333333333331,1,0.10000000000000001,0,0.6276324987411499
dense_minilm,oracle,80,no acute abnormality,oracle,1,3,True,True,10,1,1,1,1,1,1,0,0,,1,1,1,1,1,1,0,0.66666666666666674,0.9999997615814209,1,1,1,1,1,1,0,0.80000000000000004,0.99999982118606567,1,1,1,1,1,1,0,0.90000000000000002,0.994659423828125
dense_minilm,oracle,88,cardiomegaly,oracle,1,1,False,True,10,1,1,1,1,1,1,0,0,,1,1,1,1,1,1,0,0,0.73525112867355347,0.90000000000000002,0.90000000000000002,0.92696582507864678,1,1,1,0,0,0.73118877410888672,0.84999999999999998,0.84999999999999998,0.87672472227620712,1,1,1,0,0,0.66543298959732056
dense_minilm,oracle,113,lung opacity lung lesion,oracle,2,4,True,True,10,0.5,0.5,0.5,0,0,0.5,0,0,,0.39999999999999997,0.39999999999999997,0.41117542671024038,0,0,0.5,0,0,0.78673309087753296,0.44000000000000006,0.44000000000000006,0.43580412057964169,0,0,0.5,0,0,0.72698044776916504,0.41166666666666674,0.41166666666666674,0.44503831191821452,0,0,0.5,0,0,0.71934425830841064
dense_minilm,oracle,117,no acute abnormality,oracle,1,3,True,True,10,1,1,1,1,1,1,0,0,,1,1,1,1,1,1,0,0.66666666666666674,0.9999997615814209,1,1,1,1,1,1,0,0.80000000000000004,0.99999982118606567,1,1,1,1,1,1,0,0.90000000000000002,0.994659423828125
dense_minilm,oracle,137,lung opacity atelectasis,oracle,2,3,False,True,10,1,1,1,1,1,1,0,0,,0.83333333333333337,0.83333333333333337,0.85195904451706728,1,1,1,0,0,0.82129663228988647,0.69999999999999996,0.69999999999999996,0.75437015395521212,1,1,1,0,0,0.81704270839691162,0.76666666666666672,0.76666666666666672,0.78670790180669814,1,1,1,0,0,0.75676828622817993
dense_minilm,oracle,144,lung opacity atelectasis,oracle,2,3,True,True,10,1,1,1,1,1,1,0,0,,0.83333333333333337,0.83333333333333337,0.85195904451706728,1,1,1,0,0,0.82129663228988647,0.69999999999999996,0.69999999999999996,0.75437015395521212,1,1,1,0,0,0.81704270839691162,0.76666666666666672,0.76666666666666672,0.78670790180669814,1,1,1,0,0,0.75676828622817993
dense_minilm,oracle,152,cardiomegaly fracture,oracle,2,2,True,True,10,0.5,0.5,0.5,0,0,0.5,0,0,,0.66666666666666663,0.66666666666666663,0.61731968150568906,1,0.33333333333333331,1,0,0,0.758922278881073,0.59999999999999998,0.59999999999999998,0.584790051318404,1,0.33333333333333331,1,0,0,0.6388317346572876,0.41666666666666669,0.41666666666666669,0.5319914576299527,1,0.33333333333333331,1,0.20000000000000001,0,0.60697108507156372
dense_minilm,oracle,160,lung opacity,oracle,1,2,True,True,10,1,1,1,1,1,1,0,0,,0.58333333333333337,0.58333333333333337,0.66061888526991186,1,1,1,0,0,0.81683164834976196,0.65000000000000002,0.65000000000000002,0.6816860752093471,1,1,1,0,0,0.76443135738372803,0.64166666666666661,0.64166666666666661,0.66307265529242776,1,1,1,0,0,0.74234282970428467
dense_minilm,oracle,188,lung opacity atelectasis pleural effusion,oracle,3,5,True,True,10,0.75,0.75,0.75,0,0,1,0,0,,0.69444444444444431,0.69444444444444431,0.70577322716856294,0,0,1,0,0,0.78352206945419312,0.71666666666666656,0.71666666666666656,0.72175195413497972,1,0.25,1,0,0,0.77087897062301636,0.55833333333333335,0.55833333333333335,0.61729335440920408,1,0.25,1,0,0,0.75835418701171875
dense_minilm,oracle,189,lung opacity atelectasis,oracle,2,3,True,True,10,1,1,1,1,1,1,0,0,,0.83333333333333337,0.83333333333333337,0.85195904451706728,1,1,1,0,0,0.82129663228988647,0.69999999999999996,0.69999999999999996,0.75437015395521212,1,1,1,0,0,0.81704270839691162,0.76666666666666672,0.76666666666666672,0.78670790180669814,1,1,1,0,0,0.75676828622817993
dense_minilm,oracle,195,no acute abnormality,oracle,1,3,True,True,10,1,1,1,1,1,1,0,0,,1,1,1,1,1,1,0,0.66666666666666674,0.9999997615814209,1,1,1,1,1,1,0,0.80000000000000004,0.99999982118606567,1,1,1,1,1,1,0,0.90000000000000002,0.994659423828125
dense_minilm,oracle,210,support device,oracle,1,2,False,True,10,0.5,0.5,0.5,0,0,1,0,0,,0.5,0.5,0.53072127397724345,1,0.5,1,0.33333333333333331,0,0.36459830403327942,0.69999999999999996,0.69999999999999996,0.66083979472638388,1,0.5,1,0.20000000000000001,0,0.38849782943725586,0.55000000000000004,0.55000000000000004,0.58060200011180185,1,0.5,1,0.40000000000000002,0,0.46512973308563232
dense_minilm,oracle,218,lung opacity,oracle,1,2,False,True,10,1,1,1,1,1,1,0,0,,0.58333333333333337,0.58333333333333337,0.66061888526991186,1,1,1,0,0,0.81683164834976196,0.65000000000000002,0.65000000000000002,0.6816860752093471,1,1,1,0,0,0.76443135738372803,0.64166666666666661,0.64166666666666661,0.66307265529242776,1,1,1,0,0,0.74234282970428467
dense_minilm,oracle,220,lung lesion support device,oracle,2,4,True,True,10,0.5,0.5,0.5,0,0,0.5,0,0,,0.27777777777777773,0.27777777777777773,0.33333333333333326,0,0,0.5,0.33333333333333331,0,0.58968758583068848,0.36666666666666664,0.36666666666666664,0.39690418605808253,0,0,0.5,0.20000000000000001,0,0.64218348264694214,0.28666666666666668,0.28666666666666668,0.38966035526308318,0,0,1,0.29999999999999999,0,0.62469387054443359
dense_minilm,oracle,222,no acute abnormality,oracle,1,3,True,True,10,1,1,1,1,1,1,0,0,,1,1,1,1,1,1,0,0.66666666666666674,0.9999997615814209,1,1,1,1,1,1,0,0.80000000000000004,0.99999982118606567,1,1,1,1,1,1,0,0.90000000000000002,0.994659423828125
dense_minilm,oracle,229,lung lesion,oracle,1,2,True,True,10,0,0,0,0,0,0,1,0,,0.33333333333333331,0.33333333333333331,0.29608191096586522,1,0.5,1,0.66666666666666663,0,0.73330259323120117,0.20000000000000001,0.20000000000000001,0.21398626473452756,1,0.5,1,0.80000000000000004,0,0.70415800809860229,0.10000000000000001,0.10000000000000001,0.13886244387355456,1,0.5,1,0.90000000000000002,0,0.68368875980377197
dense_minilm,oracle,239,no acute abnormality,oracle,1,3,False,True,10,1,1,1,1,1,1,0,0,,1,1,1,1,1,1,0,0.66666666666666674,0.9999997615814209,1,1,1,1,1,1,0,0.80000000000000004,0.99999982118606567,1,1,1,1,1,1,0,0.90000000000000002,0.994659423828125
dense_minilm,oracle,249,lung lesion,oracle,1,2,True,True,10,0,0,0,0,0,0,1,0,,0.33333333333333331,0.33333333333333331,0.29608191096586522,1,0.5,1,0.66666666666666663,0,0.73330259323120117,0.20000000000000001,0.20000000000000001,0.21398626473452756,1,0.5,1,0.80000000000000004,0,0.70415800809860229,0.10000000000000001,0.10000000000000001,0.13886244387355456,1,0.5,1,0.90000000000000002,0,0.68368875980377197
dense_minilm,oracle,266,cardiomegaly,oracle,1,1,True,True,10,1,1,1,1,1,1,0,0,,1,1,1,1,1,1,0,0,0.73525112867355347,0.90000000000000002,0.90000000000000002,0.92696582507864678,1,1,1,0,0,0.73118877410888672,0.84999999999999998,0.84999999999999998,0.87672472227620712,1,1,1,0,0,0.66543298959732056
dense_minilm,oracle,268,lung opacity pneumonia,oracle,2,3,True,True,10,0.5,0.5,0.5,0,0,0.5,0,0,,0.66666666666666663,0.66666666666666663,0.61731968150568906,1,0.33333333333333331,1,0,0,0.72065275907516479,0.69999999999999996,0.69999999999999996,0.65039259007457495,1,0.33333333333333331,1,0,0,0.71195524930953979,0.45000000000000001,0.45000000000000001,0.49794138360027163,1,0.33333333333333331,1,0.29999999999999999,0.099999999999999978,0.72357916831970215
dense_minilm,oracle,278,lung opacity lung lesion,oracle,2,4,True,True,10,0.5,0.5,0.5,0,0,0.5,0,0,,0.39999999999999997,0.39999999999999997,0.41117542671024038,0,0,0.5,0,0,0.78673309087753296,0.44000000000000006,0.44000000000000006,0.43580412057964169,0,0,0.5,0,0,0.72698044776916504,0.41166666666666674,0.41166666666666674,0.44503831191821452,0,0,0.5,0,0,0.71934425830841064
dense_minilm,oracle,290,support device,oracle,1,2,True,True,10,0.5,0.5,0.5,0,0,1,0,0,,0.5,0.5,0.53072127397724345,1,0.5,1,0.33333333333333331,0,0.36459830403327942,0.69999999999999996,0.69999999999999996,0.66083979472638388,1,0.5,1,0.20000000000000001,0,0.38849782943725586,0.55000000000000004,0.55000000000000004,0.58060200011180185,1,0.5,1,0.40000000000000002,0,0.46512973308563232
dense_minilm,oracle,297,lung opacity atelectasis,oracle,2,3,False,True,10,1,1,1,1,1,1,0,0,,0.83333333333333337,0.83333333333333337,0.85195904451706728,1,1,1,0,0,0.82129663228988647,0.69999999999999996,0.69999999999999996,0.75437015395521212,1,1,1,0,0,0.81704270839691162,0.76666666666666672,0.76666666666666672,0.78670790180669814,1,1,1,0,0,0.75676828622817993
dense_minilm,oracle,298,no acute abnormality,oracle,1,3,True,True,10,1,1,1,1,1,1,0,0,,1,1,1,1,1,1,0,0.66666666666666674,0.9999997615814209,1,1,1,1,1,1,0,0.80000000000000004,0.99999982118606567,1,1,1,1,1,1,0,0.90000000000000002,0.994659423828125
dense_minilm,oracle,310,no acute abnormality,oracle,1,3,True,True,10,1,1,1,1,1,1,0,0,,1,1,1,1,1,1,0,0.66666666666666674,0.9999997615814209,1,1,1,1,1,1,0,0.80000000000000004,0.99999982118606567,1,1,1,1,1,1,0,0.90000000000000002,0.994659423828125
dense_minilm,oracle,317,no acute abnormality,oracle,1,3,True,True,10,1,1,1,1,1,1,0,0,,1,1,1,1,1,1,0,0.66666666666666674,0.9999997615814209,1,1,1,1,1,1,0,0.80000000000000004,0.99999982118606567,1,1,1,1,1,1,0,0.90000000000000002,0.994659423828125
dense_minilm,oracle,325,no acute abnormality,oracle,1,3,True,True,10,1,1,1,1,1,1,0,0,,1,1,1,1,1,1,0,0.66666666666666674,0.9999997615814209,1,1,1,1,1,1,0,0.80000000000000004,0.99999982118606567,1,1,1,1,1,1,0,0.90000000000000002,0.994659423828125
dense_minilm,oracle,332,lung opacity,oracle,1,2,True,True,10,1,1,1,1,1,1,0,0,,0.58333333333333337,0.58333333333333337,0.66061888526991186,1,1,1,0,0,0.81683164834976196,0.65000000000000002,0.65000000000000002,0.6816860752093471,1,1,1,0,0,0.76443135738372803,0.64166666666666661,0.64166666666666661,0.66307265529242776,1,1,1,0,0,0.74234282970428467
dense_minilm,oracle,335,support device,oracle,1,2,True,True,10,0.5,0.5,0.5,0,0,1,0,0,,0.5,0.5,0.53072127397724345,1,0.5,1,0.33333333333333331,0,0.36459830403327942,0.69999999999999996,0.69999999999999996,0.66083979472638388,1,0.5,1,0.20000000000000001,0,0.38849782943725586,0.55000000000000004,0.55000000000000004,0.58060200011180185,1,0.5,1,0.40000000000000002,0,0.46512973308563232
dense_minilm,oracle,337,lung opacity,oracle,1,2,False,True,10,1,1,1,1,1,1,0,0,,0.58333333333333337,0.58333333333333337,0.66061888526991186,1,1,1,0,0,0.81683164834976196,0.65000000000000002,0.65000000000000002,0.6816860752093471,1,1,1,0,0,0.76443135738372803,0.64166666666666661,0.64166666666666661,0.66307265529242776,1,1,1,0,0,0.74234282970428467
dense_minilm,oracle,338,no acute abnormality,oracle,1,3,True,True,10,1,1,1,1,1,1,0,0,,1,1,1,1,1,1,0,0.66666666666666674,0.9999997615814209,1,1,1,1,1,1,0,0.80000000000000004,0.99999982118606567,1,1,1,1,1,1,0,0.90000000000000002,0.994659423828125
dense_minilm,oracle,368,no acute abnormality,oracle,1,3,True,True,10,1,1,1,1,1,1,0,0,,1,1,1,1,1,1,0,0.66666666666666674,0.9999997615814209,1,1,1,1,1,1,0,0.80000000000000004,0.99999982118606567,1,1,1,1,1,1,0,0.90000000000000002,0.994659423828125
dense_minilm,oracle,373,no acute abnormality,oracle,1,3,True,True,10,1,1,1,1,1,1,0,0,,1,1,1,1,1,1,0,0.66666666666666674,0.9999997615814209,1,1,1,1,1,1,0,0.80000000000000004,0.99999982118606567,1,1,1,1,1,1,0,0.90000000000000002,0.994659423828125
dense_minilm,oracle,382,lung opacity,oracle,1,2,True,True,10,1,1,1,1,1,1,0,0,,0.58333333333333337,0.58333333333333337,0.66061888526991186,1,1,1,0,0,0.81683164834976196,0.65000000000000002,0.65000000000000002,0.6816860752093471,1,1,1,0,0,0.76443135738372803,0.64166666666666661,0.64166666666666661,0.66307265529242776,1,1,1,0,0,0.74234282970428467
dense_minilm,oracle,388,cardiomegaly,oracle,1,1,False,True,10,1,1,1,1,1,1,0,0,,1,1,1,1,1,1,0,0,0.73525112867355347,0.90000000000000002,0.90000000000000002,0.92696582507864678,1,1,1,0,0,0.73118877410888672,0.84999999999999998,0.84999999999999998,0.87672472227620712,1,1,1,0,0,0.66543298959732056
dense_minilm,oracle,392,support device,oracle,1,2,True,True,10,0.5,0.5,0.5,0,0,1,0,0,,0.5,0.5,0.53072127397724345,1,0.5,1,0.33333333333333331,0,0.36459830403327942,0.69999999999999996,0.69999999999999996,0.66083979472638388,1,0.5,1,0.20000000000000001,0,0.38849782943725586,0.55000000000000004,0.55000000000000004,0.58060200011180185,1,0.5,1,0.40000000000000002,0,0.46512973308563232
dense_minilm,oracle,406,lung lesion,oracle,1,2,True,True,10,0,0,0,0,0,0,1,0,,0.33333333333333331,0.33333333333333331,0.29608191096586522,1,0.5,1,0.66666666666666663,0,0.73330259323120117,0.20000000000000001,0.20000000000000001,0.21398626473452756,1,0.5,1,0.80000000000000004,0,0.70415800809860229,0.10000000000000001,0.10000000000000001,0.13886244387355456,1,0.5,1,0.90000000000000002,0,0.68368875980377197
dense_minilm,oracle,407,no acute abnormality,oracle,1,3,True,True,10,1,1,1,1,1,1,0,0,,1,1,1,1,1,1,0,0.66666666666666674,0.9999997615814209,1,1,1,1,1,1,0,0.80000000000000004,0.99999982118606567,1,1,1,1,1,1,0,0.90000000000000002,0.994659423828125
dense_minilm,oracle,419,no acute abnormality,oracle,1,3,True,True,10,1,1,1,1,1,1,0,0,,1,1,1,1,1,1,0,0.66666666666666674,0.9999997615814209,1,1,1,1,1,1,0,0.80000000000000004,0.99999982118606567,1,1,1,1,1,1,0,0.90000000000000002,0.994659423828125
dense_minilm,oracle,427,no acute abnormality,oracle,1,3,True,True,10,1,1,1,1,1,1,0,0,,1,1,1,1,1,1,0,0.66666666666666674,0.9999997615814209,1,1,1,1,1,1,0,0.80000000000000004,0.99999982118606567,1,1,1,1,1,1,0,0.90000000000000002,0.994659423828125
dense_minilm,oracle,430,no acute abnormality,oracle,1,3,False,True,10,1,1,1,1,1,1,0,0,,1,1,1,1,1,1,0,0.66666666666666674,0.9999997615814209,1,1,1,1,1,1,0,0.80000000000000004,0.99999982118606567,1,1,1,1,1,1,0,0.90000000000000002,0.994659423828125
dense_minilm,oracle,436,cardiomegaly,oracle,1,1,True,True,10,1,1,1,1,1,1,0,0,,1,1,1,1,1,1,0,0,0.73525112867355347,0.90000000000000002,0.90000000000000002,0.92696582507864678,1,1,1,0,0,0.73118877410888672,0.84999999999999998,0.84999999999999998,0.87672472227620712,1,1,1,0,0,0.66543298959732056
dense_minilm,oracle,438,no acute abnormality,oracle,1,3,True,True,10,1,1,1,1,1,1,0,0,,1,1,1,1,1,1,0,0.66666666666666674,0.9999997615814209,1,1,1,1,1,1,0,0.80000000000000004,0.99999982118606567,1,1,1,1,1,1,0,0.90000000000000002,0.994659423828125
dense_minilm,oracle,441,lung lesion,oracle,1,2,True,True,10,0,0,0,0,0,0,1,0,,0.33333333333333331,0.33333333333333331,0.29608191096586522,1,0.5,1,0.66666666666666663,0,0.73330259323120117,0.20000000000000001,0.20000000000000001,0.21398626473452756,1,0.5,1,0.80000000000000004,0,0.70415800809860229,0.10000000000000001,0.10000000000000001,0.13886244387355456,1,0.5,1,0.90000000000000002,0,0.68368875980377197
dense_minilm,oracle,450,no acute abnormality,oracle,1,3,True,True,10,1,1,1,1,1,1,0,0,,1,1,1,1,1,1,0,0.66666666666666674,0.9999997615814209,1,1,1,1,1,1,0,0.80000000000000004,0.99999982118606567,1,1,1,1,1,1,0,0.90000000000000002,0.994659423828125
dense_minilm,oracle,481,support device,oracle,1,2,True,True,10,0.5,0.5,0.5,0,0,1,0,0,,0.5,0.5,0.53072127397724345,1,0.5,1,0.33333333333333331,0,0.36459830403327942,0.69999999999999996,0.69999999999999996,0.66083979472638388,1,0.5,1,0.20000000000000001,0,0.38849782943725586,0.55000000000000004,0.55000000000000004,0.58060200011180185,1,0.5,1,0.40000000000000002,0,0.46512973308563232
dense_minilm,oracle,483,cardiomegaly,oracle,1,1,True,True,10,1,1,1,1,1,1,0,0,,1,1,1,1,1,1,0,0,0.73525112867355347,0.90000000000000002,0.90000000000000002,0.92696582507864678,1,1,1,0,0,0.73118877410888672,0.84999999999999998,0.84999999999999998,0.87672472227620712,1,1,1,0,0,0.66543298959732056
dense_minilm,oracle,499,no acute abnormality,oracle,1,3,True,True,10,1,1,1,1,1,1,0,0,,1,1,1,1,1,1,0,0.66666666666666674,0.9999997615814209,1,1,1,1,1,1,0,0.80000000000000004,0.99999982118606567,1,1,1,1,1,1,0,0.90000000000000002,0.994659423828125
dense_minilm,oracle,501,lung opacity,oracle,1,2,True,True,10,1,1,1,1,1,1,0,0,,0.58333333333333337,0.58333333333333337,0.66061888526991186,1,1,1,0,0,0.81683164834976196,0.65000000000000002,0.65000000000000002,0.6816860752093471,1,1,1,0,0,0.76443135738372803,0.64166666666666661,0.64166666666666661,0.66307265529242776,1,1,1,0,0,0.74234282970428467
dense_minilm,oracle,504,lung opacity atelectasis,oracle,2,3,True,True,10,1,1,1,1,1,1,0,0,,0.83333333333333337,0.83333333333333337,0.85195904451706728,1,1,1,0,0,0.82129663228988647,0.69999999999999996,0.69999999999999996,0.75437015395521212,1,1,1,0,0,0.81704270839691162,0.76666666666666672,0.76666666666666672,0.78670790180669814,1,1,1,0,0,0.75676828622817993
dense_minilm,oracle,505,no acute abnormality,oracle,1,3,True,True,10,1,1,1,1,1,1,0,0,,1,1,1,1,1,1,0,0.66666666666666674,0.9999997615814209,1,1,1,1,1,1,0,0.80000000000000004,0.99999982118606567,1,1,1,1,1,1,0,0.90000000000000002,0.994659423828125
dense_minilm,oracle,508,no acute abnormality,oracle,1,3,True,True,10,1,1,1,1,1,1,0,0,,1,1,1,1,1,1,0,0.66666666666666674,0.9999997615814209,1,1,1,1,1,1,0,0.80000000000000004,0.99999982118606567,1,1,1,1,1,1,0,0.90000000000000002,0.994659423828125
dense_minilm,oracle,514,no acute abnormality,oracle,1,3,True,True,10,1,1,1,1,1,1,0,0,,1,1,1,1,1,1,0,0.66666666666666674,0.9999997615814209,1,1,1,1,1,1,0,0.80000000000000004,0.99999982118606567,1,1,1,1,1,1,0,0.90000000000000002,0.994659423828125
dense_minilm,oracle,522,atelectasis,oracle,1,1,True,True,10,0.5,0.5,0.5,0,0,1,0,0,,0.66666666666666663,0.66666666666666663,0.61731968150568906,1,0.33333333333333331,1,0,0,0.69927710294723511,0.80000000000000004,0.80000000000000004,0.72342676499592806,1,0.33333333333333331,1,0,0,0.66594600677490234,0.54500000000000004,0.54500000000000004,0.57541752890903164,1,0.33333333333333331,1,0.10000000000000001,0,0.6276324987411499
dense_minilm,oracle,524,lung opacity support device,oracle,2,4,False,True,10,0.20000000000000001,0.20000000000000001,0.20000000000000001,0,0,0.5,0,0,,0.34444444444444439,0.34444444444444439,0.32010982169127666,0,0,0.5,0,0,0.78584080934524536,0.40666666666666662,0.40666666666666662,0.36998858797844714,0,0,0.5,0,0,0.75712043046951294,0.35333333333333333,0.35333333333333333,0.34506571110495504,0,0,0.5,0,0,0.73922991752624512
dense_minilm,oracle,530,cardiomegaly,oracle,1,1,True,True,10,1,1,1,1,1,1,0,0,,1,1,1,1,1,1,0,0,0.73525112867355347,0.90000000000000002,0.90000000000000002,0.92696582507864678,1,1,1,0,0,0.73118877410888672,0.84999999999999998,0.84999999999999998,0.87672472227620712,1,1,1,0,0,0.66543298959732056
dense_minilm,oracle,542,no acute abnormality,oracle,1,3,False,True,10,1,1,1,1,1,1,0,0,,1,1,1,1,1,1,0,0.66666666666666674,0.9999997615814209,1,1,1,1,1,1,0,0.80000000000000004,0.99999982118606567,1,1,1,1,1,1,0,0.90000000000000002,0.994659423828125
dense_minilm,oracle,546,pleural effusion,oracle,1,2,True,True,10,0,0,0,0,0,0,1,0,,0.5,0.5,0.41340159247155434,1,0.5,1,0.33333333333333331,0,0.69165629148483276,0.40000000000000002,0.40000000000000002,0.36437885480910248,1,0.5,1,0.40000000000000002,0,0.6825869083404541,0.25,0.25,0.29000473971208957,1,0.5,1,0.59999999999999998,0,0.64989537000656128
dense_minilm,oracle,569,lung opacity support device,oracle,2,4,True,True,10,0.20000000000000001,0.20000000000000001,0.20000000000000001,0,0,0.5,0,0,,0.34444444444444439,0.34444444444444439,0.32010982169127666,0,0,0.5,0,0,0.78584080934524536,0.40666666666666662,0.40666666666666662,0.36998858797844714,0,0,0.5,0,0,0.75712043046951294,0.35333333333333333,0.35333333333333333,0.34506571110495504,0,0,0.5,0,0,0.73922991752624512
dense_minilm,oracle,573,lung opacity support device,oracle,2,4,True,True,10,0.20000000000000001,0.20000000000000001,0.20000000000000001,0,0,0.5,0,0,,0.34444444444444439,0.34444444444444439,0.32010982169127666,0,0,0.5,0,0,0.78584080934524536,0.40666666666666662,0.40666666666666662,0.36998858797844714,0,0,0.5,0,0,0.75712043046951294,0.35333333333333333,0.35333333333333333,0.34506571110495504,0,0,0.5,0,0,0.73922991752624512
dense_minilm,oracle,579,no acute abnormality,oracle,1,3,True,True,10,1,1,1,1,1,1,0,0,,1,1,1,1,1,1,0,0.66666666666666674,0.9999997615814209,1,1,1,1,1,1,0,0.80000000000000004,0.99999982118606567,1,1,1,1,1,1,0,0.90000000000000002,0.994659423828125
dense_minilm,oracle,582,no acute abnormality,oracle,1,3,True,True,10,1,1,1,1,1,1,0,0,,1,1,1,1,1,1,0,0.66666666666666674,0.9999997615814209,1,1,1,1,1,1,0,0.80000000000000004,0.99999982118606567,1,1,1,1,1,1,0,0.90000000000000002,0.994659423828125
dense_minilm,oracle,584,no acute abnormality,oracle,1,3,True,True,10,1,1,1,1,1,1,0,0,,1,1,1,1,1,1,0,0.66666666666666674,0.9999997615814209,1,1,1,1,1,1,0,0.80000000000000004,0.99999982118606567,1,1,1,1,1,1,0,0.90000000000000002,0.994659423828125
dense_minilm,oracle,586,cardiomegaly lung opacity atelectasis,oracle,3,4,True,True,10,0.33333333333333331,0.33333333333333331,0.33333333333333331,0,0,0.33333333333333331,0,0,,0.66666666666666663,0.66666666666666663,0.60893439498103619,1,0.5,1,0,0,0.79198664426803589,0.66666666666666663,0.66666666666666663,0.62494201982030373,1,0.5,1,0,0,0.75475406646728516,0.68166666666666664,0.68166666666666664,0.65167880598702044,1,0.5,1,0,0,0.73176372051239014
dense_minilm,oracle,601,lung opacity support device,oracle,2,4,True,True,10,0.20000000000000001,0.20000000000000001,0.20000000000000001,0,0,0.5,0,0,,0.34444444444444439,0.34444444444444439,0.32010982169127666,0,0,0.5,0,0,0.78584080934524536,0.40666666666666662,0.40666666666666662,0.36998858797844714,0,0,0.5,0,0,0.75712043046951294,0.35333333333333333,0.35333333333333333,0.34506571110495504,0,0,0.5,0,0,0.73922991752624512
dense_minilm,oracle,608,fracture,oracle,1,1,True,True,10,0,0,0,0,0,0,1,0,,0.33333333333333331,0.33333333333333331,0.23463936301137822,1,0.33333333333333331,1,0.66666666666666663,0,0.54505807161331177,0.40000000000000002,0.40000000000000002,0.31564845247951451,1,0.33333333333333331,1,0.59999999999999998,0,0.60689628124237061,0.23333333333333334,0.23333333333333334,0.22797798816418333,1,0.33333333333333331,1,0.69999999999999996,0,0.59575396776199341
dense_minilm,oracle,618,no acute abnormality,oracle,1,3,True,True,10,1,1,1,1,1,1,0,0,,1,1,1,1,1,1,0,0.66666666666666674,0.9999997615814209,1,1,1,1,1,1,0,0.80000000000000004,0.99999982118606567,1,1,1,1,1,1,0,0.90000000000000002,0.994659423828125
dense_minilm,oracle,661,support device,oracle,1,2,True,True,10,0.5,0.5,0.5,0,0,1,0,0,,0.5,0.5,0.53072127397724345,1,0.5,1,0.33333333333333331,0,0.36459830403327942,0.69999999999999996,0.69999999999999996,0.66083979472638388,1,0.5,1,0.20000000000000001,0,0.38849782943725586,0.55000000000000004,0.55000000000000004,0.58060200011180185,1,0.5,1,0.40000000000000002,0,0.46512973308563232
dense_minilm,oracle,665,cardiomegaly,oracle,1,1,True,True,10,1,1,1,1,1,1,0,0,,1,1,1,1,1,1,0,0,0.73525112867355347,0.90000000000000002,0.90000000000000002,0.92696582507864678,1,1,1,0,0,0.73118877410888672,0.84999999999999998,0.84999999999999998,0.87672472227620712,1,1,1,0,0,0.66543298959732056
dense_minilm,oracle,668,no acute abnormality,oracle,1,3,True,True,10,1,1,1,1,1,1,0,0,,1,1,1,1,1,1,0,0.66666666666666674,0.9999997615814209,1,1,1,1,1,1,0,0.80000000000000004,0.99999982118606567,1,1,1,1,1,1,0,0.90000000000000002,0.994659423828125
dense_minilm,oracle,672,cardiomegaly pulmonary edema,oracle,2,3,True,True,10,1,1,1,1,1,1,0,0,,0.83333333333333337,0.83333333333333337,0.88268031849431083,1,1,1,0,0,0.71467524766921997,0.66666666666666674,0.66666666666666674,0.78922238341551754,1,1,1,0,0,0.70156466960906982,0.53333333333333333,0.53333333333333333,0.7402268079494263,1,1,1,0.10000000000000001,0,0.70101463794708252
dense_minilm,oracle,683,no acute abnormality,oracle,1,3,True,True,10,1,1,1,1,1,1,0,0,,1,1,1,1,1,1,0,0.66666666666666674,0.9999997615814209,1,1,1,1,1,1,0,0.80000000000000004,0.99999982118606567,1,1,1,1,1,1,0,0.90000000000000002,0.994659423828125
dense_minilm,oracle,688,lung opacity atelectasis pleural abnormality,oracle,3,5,True,True,10,0.75,0.75,0.75,0,0,1,0,0,,0.69444444444444431,0.69444444444444431,0.74975365731024468,0,0,1,0,0,0.78352206945419312,0.64999999999999991,0.64999999999999991,0.76432792540894556,0,0,1,0,0,0.75210916996002197,0.57499999999999996,0.57499999999999996,0.76174458398114375,0,0,1,0,0,0.75880569219589233
dense_minilm,oracle,689,lung lesion,oracle,1,2,True,True,10,0,0,0,0,0,0,1,0,,0.33333333333333331,0.33333333333333331,0.29608191096586522,1,0.5,1,0.66666666666666663,0,0.73330259323120117,0.20000000000000001,0.20000000000000001,0.21398626473452756,1,0.5,1,0.80000000000000004,0,0.70415800809860229,0.10000000000000001,0.10000000000000001,0.13886244387355456,1,0.5,1,0.90000000000000002,0,0.68368875980377197
dense_minilm,oracle,691,no acute abnormality,oracle,1,3,True,True,10,1,1,1,1,1,1,0,0,,1,1,1,1,1,1,0,0.66666666666666674,0.9999997615814209,1,1,1,1,1,1,0,0.80000000000000004,0.99999982118606567,1,1,1,1,1,1,0,0.90000000000000002,0.994659423828125
dense_minilm,oracle,699,cardiomegaly lung opacity,oracle,2,3,False,True,10,0.5,0.5,0.5,0,0,0.5,0,0,,0.38888888888888884,0.38888888888888884,0.43202730365528835,0,0,1,0.33333333333333331,0,0.78275126218795776,0.39999999999999997,0.39999999999999997,0.42652960116356614,0,0,1,0.20000000000000001,0,0.77294862270355225,0.31666666666666665,0.31666666666666665,0.35232949653523293,0,0,1,0.40000000000000002,0,0.77073025703430176
dense_minilm,oracle,709,fracture,oracle,1,1,True,True,10,0,0,0,0,0,0,1,0,,0.33333333333333331,0.33333333333333331,0.23463936301137822,1,0.33333333333333331,1,0.66666666666666663,0,0.54505807161331177,0.40000000000000002,0.40000000000000002,0.31564845247951451,1,0.33333333333333331,1,0.59999999999999998,0,0.60689628124237061,0.23333333333333334,0.23333333333333334,0.22797798816418333,1,0.33333333333333331,1,0.69999999999999996,0,0.59575396776199341
dense_minilm,oracle,716,cardiomegaly,oracle,1,1,True,True,10,1,1,1,1,1,1,0,0,,1,1,1,1,1,1,0,0,0.73525112867355347,0.90000000000000002,0.90000000000000002,0.92696582507864678,1,1,1,0,0,0.73118877410888672,0.84999999999999998,0.84999999999999998,0.87672472227620712,1,1,1,0,0,0.66543298959732056
dense_minilm,oracle,725,no acute abnormality,oracle,1,3,True,True,10,1,1,1,1,1,1,0,0,,1,1,1,1,1,1,0,0.66666666666666674,0.9999997615814209,1,1,1,1,1,1,0,0.80000000000000004,0.99999982118606567,1,1,1,1,1,1,0,0.90000000000000002,0.994659423828125
dense_minilm,oracle,731,no acute abnormality,oracle,1,3,True,True,10,1,1,1,1,1,1,0,0,,1,1,1,1,1,1,0,0.66666666666666674,0.9999997615814209,1,1,1,1,1,1,0,0.80000000000000004,0.99999982118606567,1,1,1,1,1,1,0,0.90000000000000002,0.994659423828125
dense_minilm,oracle,733,support device,oracle,1,2,True,True,10,0.5,0.5,0.5,0,0,1,0,0,,0.5,0.5,0.53072127397724345,1,0.5,1,0.33333333333333331,0,0.36459830403327942,0.69999999999999996,0.69999999999999996,0.66083979472638388,1,0.5,1,0.20000000000000001,0,0.38849782943725586,0.55000000000000004,0.55000000000000004,0.58060200011180185,1,0.5,1,0.40000000000000002,0,0.46512973308563232
dense_minilm,oracle,739,no acute abnormality,oracle,1,3,True,True,10,1,1,1,1,1,1,0,0,,1,1,1,1,1,1,0,0.66666666666666674,0.9999997615814209,1,1,1,1,1,1,0,0.80000000000000004,0.99999982118606567,1,1,1,1,1,1,0,0.90000000000000002,0.994659423828125
dense_minilm,oracle,744,lung opacity,oracle,1,2,True,True,10,1,1,1,1,1,1,0,0,,0.58333333333333337,0.58333333333333337,0.66061888526991186,1,1,1,0,0,0.81683164834976196,0.65000000000000002,0.65000000000000002,0.6816860752093471,1,1,1,0,0,0.76443135738372803,0.64166666666666661,0.64166666666666661,0.66307265529242776,1,1,1,0,0,0.74234282970428467
dense_minilm,oracle,756,no acute abnormality,oracle,1,3,True,True,10,1,1,1,1,1,1,0,0,,1,1,1,1,1,1,0,0.66666666666666674,0.9999997615814209,1,1,1,1,1,1,0,0.80000000000000004,0.99999982118606567,1,1,1,1,1,1,0,0.90000000000000002,0.994659423828125
dense_minilm,oracle,758,no acute abnormality,oracle,1,3,True,True,10,1,1,1,1,1,1,0,0,,1,1,1,1,1,1,0,0.66666666666666674,0.9999997615814209,1,1,1,1,1,1,0,0.80000000000000004,0.99999982118606567,1,1,1,1,1,1,0,0.90000000000000002,0.994659423828125
dense_minilm,oracle,760,lung opacity atelectasis,oracle,2,3,True,True,10,1,1,1,1,1,1,0,0,,0.83333333333333337,0.83333333333333337,0.85195904451706728,1,1,1,0,0,0.82129663228988647,0.69999999999999996,0.69999999999999996,0.75437015395521212,1,1,1,0,0,0.81704270839691162,0.76666666666666672,0.76666666666666672,0.78670790180669814,1,1,1,0,0,0.75676828622817993
dense_minilm,oracle,766,no acute abnormality,oracle,1,3,True,True,10,1,1,1,1,1,1,0,0,,1,1,1,1,1,1,0,0.66666666666666674,0.9999997615814209,1,1,1,1,1,1,0,0.80000000000000004,0.99999982118606567,1,1,1,1,1,1,0,0.90000000000000002,0.994659423828125
dense_minilm,oracle,793,no acute abnormality,oracle,1,3,True,True,10,1,1,1,1,1,1,0,0,,1,1,1,1,1,1,0,0.66666666666666674,0.9999997615814209,1,1,1,1,1,1,0,0.80000000000000004,0.99999982118606567,1,1,1,1,1,1,0,0.90000000000000002,0.994659423828125
dense_minilm,oracle,808,lung opacity pneumonia atelectasis,oracle,3,4,True,True,10,0.33333333333333331,0.33333333333333331,0.33333333333333331,0,0,0.33333333333333331,0,0,,0.44444444444444442,0.44444444444444442,0.49811772160557677,0,0,0.66666666666666663,0,0,0.78855293989181519,0.46666666666666667,0.46666666666666667,0.55853210851111634,0,0,1,0,0,0.72217541933059692,0.54833333333333345,0.54833333333333345,0.67623588265596779,0,0,1,0,0,0.71738672256469727
dense_minilm,oracle,841,support device,oracle,1,2,True,True,10,0.5,0.5,0.5,0,0,1,0,0,,0.5,0.5,0.53072127397724345,1,0.5,1,0.33333333333333331,0,0.36459830403327942,0.69999999999999996,0.69999999999999996,0.66083979472638388,1,0.5,1,0.20000000000000001,0,0.38849782943725586,0.55000000000000004,0.55000000000000004,0.58060200011180185,1,0.5,1,0.40000000000000002,0,0.46512973308563232
dense_minilm,oracle,844,no acute abnormality,oracle,1,3,True,True,10,1,1,1,1,1,1,0,0,,1,1,1,1,1,1,0,0.66666666666666674,0.9999997615814209,1,1,1,1,1,1,0,0.80000000000000004,0.99999982118606567,1,1,1,1,1,1,0,0.90000000000000002,0.994659423828125
dense_minilm,oracle,847,cardiomegaly,oracle,1,1,True,True,10,1,1,1,1,1,1,0,0,,1,1,1,1,1,1,0,0,0.73525112867355347,0.90000000000000002,0.90000000000000002,0.92696582507864678,1,1,1,0,0,0.73118877410888672,0.84999999999999998,0.84999999999999998,0.87672472227620712,1,1,1,0,0,0.66543298959732056
dense_minilm,oracle,854,fracture,oracle,1,1,False,True,10,0,0,0,0,0,0,1,0,,0.33333333333333331,0.33333333333333331,0.23463936301137822,1,0.33333333333333331,1,0.66666666666666663,0,0.54505807161331177,0.40000000000000002,0.40000000000000002,0.31564845247951451,1,0.33333333333333331,1,0.59999999999999998,0,0.60689628124237061,0.23333333333333334,0.23333333333333334,0.22797798816418333,1,0.33333333333333331,1,0.69999999999999996,0,0.59575396776199341
dense_minilm,oracle,866,no acute abnormality,oracle,1,3,False,True,10,1,1,1,1,1,1,0,0,,1,1,1,1,1,1,0,0.66666666666666674,0.9999997615814209,1,1,1,1,1,1,0,0.80000000000000004,0.99999982118606567,1,1,1,1,1,1,0,0.90000000000000002,0.994659423828125
dense_minilm,oracle,867,support device,oracle,1,2,True,True,10,0.5,0.5,0.5,0,0,1,0,0,,0.5,0.5,0.53072127397724345,1,0.5,1,0.33333333333333331,0,0.36459830403327942,0.69999999999999996,0.69999999999999996,0.66083979472638388,1,0.5,1,0.20000000000000001,0,0.38849782943725586,0.55000000000000004,0.55000000000000004,0.58060200011180185,1,0.5,1,0.40000000000000002,0,0.46512973308563232
dense_minilm,oracle,868,lung opacity support device,oracle,2,4,True,True,10,0.20000000000000001,0.20000000000000001,0.20000000000000001,0,0,0.5,0,0,,0.34444444444444439,0.34444444444444439,0.32010982169127666,0,0,0.5,0,0,0.78584080934524536,0.40666666666666662,0.40666666666666662,0.36998858797844714,0,0,0.5,0,0,0.75712043046951294,0.35333333333333333,0.35333333333333333,0.34506571110495504,0,0,0.5,0,0,0.73922991752624512
dense_minilm,oracle,882,no acute abnormality,oracle,1,3,True,True,10,1,1,1,1,1,1,0,0,,1,1,1,1,1,1,0,0.66666666666666674,0.9999997615814209,1,1,1,1,1,1,0,0.80000000000000004,0.99999982118606567,1,1,1,1,1,1,0,0.90000000000000002,0.994659423828125
dense_minilm,oracle,885,support device,oracle,1,2,False,True,10,0.5,0.5,0.5,0,0,1,0,0,,0.5,0.5,0.53072127397724345,1,0.5,1,0.33333333333333331,0,0.36459830403327942,0.69999999999999996,0.69999999999999996,0.66083979472638388,1,0.5,1,0.20000000000000001,0,0.38849782943725586,0.55000000000000004,0.55000000000000004,0.58060200011180185,1,0.5,1,0.40000000000000002,0,0.46512973308563232
dense_minilm,oracle,904,lung lesion support device,oracle,2,4,False,True,10,0.5,0.5,0.5,0,0,0.5,0,0,,0.27777777777777773,0.27777777777777773,0.33333333333333326,0,0,0.5,0.33333333333333331,0,0.58968758583068848,0.36666666666666664,0.36666666666666664,0.39690418605808253,0,0,0.5,0.20000000000000001,0,0.64218348264694214,0.28666666666666668,0.28666666666666668,0.38966035526308318,0,0,1,0.29999999999999999,0,0.62469387054443359
dense_minilm,oracle,906,cardiomegaly,oracle,1,1,True,True,10,1,1,1,1,1,1,0,0,,1,1,1,1,1,1,0,0,0.73525112867355347,0.90000000000000002,0.90000000000000002,0.92696582507864678,1,1,1,0,0,0.73118877410888672,0.84999999999999998,0.84999999999999998,0.87672472227620712,1,1,1,0,0,0.66543298959732056
dense_minilm,oracle,912,no acute abnormality,oracle,1,3,True,True,10,1,1,1,1,1,1,0,0,,1,1,1,1,1,1,0,0.66666666666666674,0.9999997615814209,1,1,1,1,1,1,0,0.80000000000000004,0.99999982118606567,1,1,1,1,1,1,0,0.90000000000000002,0.994659423828125
dense_minilm,oracle,929,lung opacity atelectasis,oracle,2,3,True,True,10,1,1,1,1,1,1,0,0,,0.83333333333333337,0.83333333333333337,0.85195904451706728,1,1,1,0,0,0.82129663228988647,0.69999999999999996,0.69999999999999996,0.75437015395521212,1,1,1,0,0,0.81704270839691162,0.76666666666666672,0.76666666666666672,0.78670790180669814,1,1,1,0,0,0.75676828622817993
dense_minilm,oracle,937,no acute abnormality,oracle,1,3,True,True,10,1,1,1,1,1,1,0,0,,1,1,1,1,1,1,0,0.66666666666666674,0.9999997615814209,1,1,1,1,1,1,0,0.80000000000000004,0.99999982118606567,1,1,1,1,1,1,0,0.90000000000000002,0.994659423828125
dense_minilm,oracle,940,no acute abnormality,oracle,1,3,True,True,10,1,1,1,1,1,1,0,0,,1,1,1,1,1,1,0,0.66666666666666674,0.9999997615814209,1,1,1,1,1,1,0,0.80000000000000004,0.99999982118606567,1,1,1,1,1,1,0,0.90000000000000002,0.994659423828125
dense_minilm,oracle,941,no acute abnormality,oracle,1,3,True,True,10,1,1,1,1,1,1,0,0,,1,1,1,1,1,1,0,0.66666666666666674,0.9999997615814209,1,1,1,1,1,1,0,0.80000000000000004,0.99999982118606567,1,1,1,1,1,1,0,0.90000000000000002,0.994659423828125
dense_minilm,oracle,955,support device,oracle,1,2,True,True,10,0.5,0.5,0.5,0,0,1,0,0,,0.5,0.5,0.53072127397724345,1,0.5,1,0.33333333333333331,0,0.36459830403327942,0.69999999999999996,0.69999999999999996,0.66083979472638388,1,0.5,1,0.20000000000000001,0,0.38849782943725586,0.55000000000000004,0.55000000000000004,0.58060200011180185,1,0.5,1,0.40000000000000002,0,0.46512973308563232
dense_minilm,oracle,959,lung opacity,oracle,1,2,True,True,10,1,1,1,1,1,1,0,0,,0.58333333333333337,0.58333333333333337,0.66061888526991186,1,1,1,0,0,0.81683164834976196,0.65000000000000002,0.65000000000000002,0.6816860752093471,1,1,1,0,0,0.76443135738372803,0.64166666666666661,0.64166666666666661,0.66307265529242776,1,1,1,0,0,0.74234282970428467
dense_minilm,oracle,961,lung opacity,oracle,1,2,True,True,10,1,1,1,1,1,1,0,0,,0.58333333333333337,0.58333333333333337,0.66061888526991186,1,1,1,0,0,0.81683164834976196,0.65000000000000002,0.65000000000000002,0.6816860752093471,1,1,1,0,0,0.76443135738372803,0.64166666666666661,0.64166666666666661,0.66307265529242776,1,1,1,0,0,0.74234282970428467
dense_minilm,oracle,962,no acute abnormality,oracle,1,3,True,True,10,1,1,1,1,1,1,0,0,,1,1,1,1,1,1,0,0.66666666666666674,0.9999997615814209,1,1,1,1,1,1,0,0.80000000000000004,0.99999982118606567,1,1,1,1,1,1,0,0.90000000000000002,0.994659423828125
dense_minilm,oracle,972,lung opacity atelectasis,oracle,2,3,True,True,10,1,1,1,1,1,1,0,0,,0.83333333333333337,0.83333333333333337,0.85195904451706728,1,1,1,0,0,0.82129663228988647,0.69999999999999996,0.69999999999999996,0.75437015395521212,1,1,1,0,0,0.81704270839691162,0.76666666666666672,0.76666666666666672,0.78670790180669814,1,1,1,0,0,0.75676828622817993
dense_minilm,oracle,980,no acute abnormality,oracle,1,3,True,True,10,1,1,1,1,1,1,0,0,,1,1,1,1,1,1,0,0.66666666666666674,0.9999997615814209,1,1,1,1,1,1,0,0.80000000000000004,0.99999982118606567,1,1,1,1,1,1,0,0.90000000000000002,0.994659423828125
dense_minilm,oracle,981,cardiomegaly,oracle,1,1,True,True,10,1,1,1,1,1,1,0,0,,1,1,1,1,1,1,0,0,0.73525112867355347,0.90000000000000002,0.90000000000000002,0.92696582507864678,1,1,1,0,0,0.73118877410888672,0.84999999999999998,0.84999999999999998,0.87672472227620712,1,1,1,0,0,0.66543298959732056
dense_minilm,oracle,984,lung opacity atelectasis,oracle,2,3,True,True,10,1,1,1,1,1,1,0,0,,0.83333333333333337,0.83333333333333337,0.85195904451706728,1,1,1,0,0,0.82129663228988647,0.69999999999999996,0.69999999999999996,0.75437015395521212,1,1,1,0,0,0.81704270839691162,0.76666666666666672,0.76666666666666672,0.78670790180669814,1,1,1,0,0,0.75676828622817993
dense_minilm,oracle,1014,cardiomegaly,oracle,1,1,False,True,10,1,1,1,1,1,1,0,0,,1,1,1,1,1,1,0,0,0.73525112867355347,0.90000000000000002,0.90000000000000002,0.92696582507864678,1,1,1,0,0,0.73118877410888672,0.84999999999999998,0.84999999999999998,0.87672472227620712,1,1,1,0,0,0.66543298959732056
dense_minilm,oracle,1049,no acute abnormality,oracle,1,3,True,True,10,1,1,1,1,1,1,0,0,,1,1,1,1,1,1,0,0.66666666666666674,0.9999997615814209,1,1,1,1,1,1,0,0.80000000000000004,0.99999982118606567,1,1,1,1,1,1,0,0.90000000000000002,0.994659423828125
dense_minilm,oracle,1055,no acute abnormality,oracle,1,3,True,True,10,1,1,1,1,1,1,0,0,,1,1,1,1,1,1,0,0.66666666666666674,0.9999997615814209,1,1,1,1,1,1,0,0.80000000000000004,0.99999982118606567,1,1,1,1,1,1,0,0.90000000000000002,0.994659423828125
dense_minilm,oracle,1064,lung opacity atelectasis,oracle,2,3,True,True,10,1,1,1,1,1,1,0,0,,0.83333333333333337,0.83333333333333337,0.85195904451706728,1,1,1,0,0,0.82129663228988647,0.69999999999999996,0.69999999999999996,0.75437015395521212,1,1,1,0,0,0.81704270839691162,0.76666666666666672,0.76666666666666672,0.78670790180669814,1,1,1,0,0,0.75676828622817993
dense_minilm,oracle,1079,atelectasis,oracle,1,1,True,True,10,0.5,0.5,0.5,0,0,1,0,0,,0.66666666666666663,0.66666666666666663,0.61731968150568906,1,0.33333333333333331,1,0,0,0.69927710294723511,0.80000000000000004,0.80000000000000004,0.72342676499592806,1,0.33333333333333331,1,0,0,0.66594600677490234,0.54500000000000004,0.54500000000000004,0.57541752890903164,1,0.33333333333333331,1,0.10000000000000001,0,0.6276324987411499
dense_minilm,oracle,1085,lung opacity atelectasis,oracle,2,3,True,True,10,1,1,1,1,1,1,0,0,,0.83333333333333337,0.83333333333333337,0.85195904451706728,1,1,1,0,0,0.82129663228988647,0.69999999999999996,0.69999999999999996,0.75437015395521212,1,1,1,0,0,0.81704270839691162,0.76666666666666672,0.76666666666666672,0.78670790180669814,1,1,1,0,0,0.75676828622817993
dense_minilm,oracle,1125,cardiomegaly lung opacity,oracle,2,3,True,True,10,0.5,0.5,0.5,0,0,0.5,0,0,,0.38888888888888884,0.38888888888888884,0.43202730365528835,0,0,1,0.33333333333333331,0,0.78275126218795776,0.39999999999999997,0.39999999999999997,0.42652960116356614,0,0,1,0.20000000000000001,0,0.77294862270355225,0.31666666666666665,0.31666666666666665,0.35232949653523293,0,0,1,0.40000000000000002,0,0.77073025703430176
dense_minilm,oracle,1159,no acute abnormality,oracle,1,3,True,True,10,1,1,1,1,1,1,0,0,,1,1,1,1,1,1,0,0.66666666666666674,0.9999997615814209,1,1,1,1,1,1,0,0.80000000000000004,0.99999982118606567,1,1,1,1,1,1,0,0.90000000000000002,0.994659423828125
dense_minilm,oracle,1162,no acute abnormality,oracle,1,3,True,True,10,1,1,1,1,1,1,0,0,,1,1,1,1,1,1,0,0.66666666666666674,0.9999997615814209,1,1,1,1,1,1,0,0.80000000000000004,0.99999982118606567,1,1,1,1,1,1,0,0.90000000000000002,0.994659423828125
dense_minilm,oracle,1191,no acute abnormality,oracle,1,3,True,True,10,1,1,1,1,1,1,0,0,,1,1,1,1,1,1,0,0.66666666666666674,0.9999997615814209,1,1,1,1,1,1,0,0.80000000000000004,0.99999982118606567,1,1,1,1,1,1,0,0.90000000000000002,0.994659423828125
dense_minilm,oracle,1206,no acute abnormality,oracle,1,3,True,True,10,1,1,1,1,1,1,0,0,,1,1,1,1,1,1,0,0.66666666666666674,0.9999997615814209,1,1,1,1,1,1,0,0.80000000000000004,0.99999982118606567,1,1,1,1,1,1,0,0.90000000000000002,0.994659423828125
dense_minilm,oracle,1214,atelectasis,oracle,1,1,True,True,10,0.5,0.5,0.5,0,0,1,0,0,,0.66666666666666663,0.66666666666666663,0.61731968150568906,1,0.33333333333333331,1,0,0,0.69927710294723511,0.80000000000000004,0.80000000000000004,0.72342676499592806,1,0.33333333333333331,1,0,0,0.66594600677490234,0.54500000000000004,0.54500000000000004,0.57541752890903164,1,0.33333333333333331,1,0.10000000000000001,0,0.6276324987411499
dense_minilm,oracle,1226,consolidation pneumonia,oracle,2,2,True,True,10,0.66666666666666663,0.66666666666666663,0.66666666666666663,0,0,1,0,0,,0.44444444444444442,0.44444444444444442,0.6199062332840658,0,0,1,0.33333333333333331,0,0.77464979887008667,0.36666666666666664,0.36666666666666664,0.5829610061356133,0,0,1,0.40000000000000002,0,0.69877874851226807,0.22333333333333333,0.22333333333333333,0.48924227836934969,0,0,1,0.59999999999999998,0,0.73702424764633179
dense_minilm,oracle,1234,cardiomegaly atelectasis support device,oracle,3,4,True,True,10,0.66666666666666663,0.66666666666666663,0.66666666666666663,0,0,0.66666666666666663,0,0,,0.57777777777777783,0.57777777777777783,0.58771149040910253,0,0,0.66666666666666663,0,0,0.69802969694137573,0.51333333333333342,0.51333333333333342,0.55988898122108222,0,0,0.66666666666666663,0,0,0.71093666553497314,0.44000000000000006,0.44000000000000006,0.55055668384455159,0,0,1,0,0,0.59407347440719604
dense_minilm,oracle,1239,no acute abnormality,oracle,1,3,True,True,10,1,1,1,1,1,1,0,0,,1,1,1,1,1,1,0,0.66666666666666674,0.9999997615814209,1,1,1,1,1,1,0,0.80000000000000004,0.99999982118606567,1,1,1,1,1,1,0,0.90000000000000002,0.994659423828125
dense_minilm,oracle,1260,no acute abnormality,oracle,1,3,True,True,10,1,1,1,1,1,1,0,0,,1,1,1,1,1,1,0,0.66666666666666674,0.9999997615814209,1,1,1,1,1,1,0,0.80000000000000004,0.99999982118606567,1,1,1,1,1,1,0,0.90000000000000002,0.994659423828125
dense_minilm,oracle,1263,no acute abnormality,oracle,1,3,True,True,10,1,1,1,1,1,1,0,0,,1,1,1,1,1,1,0,0.66666666666666674,0.9999997615814209,1,1,1,1,1,1,0,0.80000000000000004,0.99999982118606567,1,1,1,1,1,1,0,0.90000000000000002,0.994659423828125
dense_minilm,oracle,1277,atelectasis,oracle,1,1,True,True,10,0.5,0.5,0.5,0,0,1,0,0,,0.66666666666666663,0.66666666666666663,0.61731968150568906,1,0.33333333333333331,1,0,0,0.69927710294723511,0.80000000000000004,0.80000000000000004,0.72342676499592806,1,0.33333333333333331,1,0,0,0.66594600677490234,0.54500000000000004,0.54500000000000004,0.57541752890903164,1,0.33333333333333331,1,0.10000000000000001,0,0.6276324987411499
dense_minilm,oracle,1285,lung lesion,oracle,1,2,True,True,10,0,0,0,0,0,0,1,0,,0.33333333333333331,0.33333333333333331,0.29608191096586522,1,0.5,1,0.66666666666666663,0,0.73330259323120117,0.20000000000000001,0.20000000000000001,0.21398626473452756,1,0.5,1,0.80000000000000004,0,0.70415800809860229,0.10000000000000001,0.10000000000000001,0.13886244387355456,1,0.5,1,0.90000000000000002,0,0.68368875980377197
dense_minilm,oracle,1288,lung opacity,oracle,1,2,True,True,10,1,1,1,1,1,1,0,0,,0.58333333333333337,0.58333333333333337,0.66061888526991186,1,1,1,0,0,0.81683164834976196,0.65000000000000002,0.65000000000000002,0.6816860752093471,1,1,1,0,0,0.76443135738372803,0.64166666666666661,0.64166666666666661,0.66307265529242776,1,1,1,0,0,0.74234282970428467
dense_minilm,oracle,1294,no acute abnormality,oracle,1,3,True,True,10,1,1,1,1,1,1,0,0,,1,1,1,1,1,1,0,0.66666666666666674,0.9999997615814209,1,1,1,1,1,1,0,0.80000000000000004,0.99999982118606567,1,1,1,1,1,1,0,0.90000000000000002,0.994659423828125
dense_minilm,oracle,1312,no acute abnormality,oracle,1,3,False,True,10,1,1,1,1,1,1,0,0,,1,1,1,1,1,1,0,0.66666666666666674,0.9999997615814209,1,1,1,1,1,1,0,0.80000000000000004,0.99999982118606567,1,1,1,1,1,1,0,0.90000000000000002,0.994659423828125
dense_minilm,oracle,1314,no acute abnormality,oracle,1,3,True,True,10,1,1,1,1,1,1,0,0,,1,1,1,1,1,1,0,0.66666666666666674,0.9999997615814209,1,1,1,1,1,1,0,0.80000000000000004,0.99999982118606567,1,1,1,1,1,1,0,0.90000000000000002,0.994659423828125
dense_minilm,oracle,1334,no acute abnormality,oracle,1,3,True,True,10,1,1,1,1,1,1,0,0,,1,1,1,1,1,1,0,0.66666666666666674,0.9999997615814209,1,1,1,1,1,1,0,0.80000000000000004,0.99999982118606567,1,1,1,1,1,1,0,0.90000000000000002,0.994659423828125
dense_minilm,oracle,1357,cardiomegaly,oracle,1,1,False,True,10,1,1,1,1,1,1,0,0,,1,1,1,1,1,1,0,0,0.73525112867355347,0.90000000000000002,0.90000000000000002,0.92696582507864678,1,1,1,0,0,0.73118877410888672,0.84999999999999998,0.84999999999999998,0.87672472227620712,1,1,1,0,0,0.66543298959732056
dense_minilm,oracle,1361,cardiomegaly lung opacity,oracle,2,3,True,True,10,0.5,0.5,0.5,0,0,0.5,0,0,,0.38888888888888884,0.38888888888888884,0.43202730365528835,0,0,1,0.33333333333333331,0,0.78275126218795776,0.39999999999999997,0.39999999999999997,0.42652960116356614,0,0,1,0.20000000000000001,0,0.77294862270355225,0.31666666666666665,0.31666666666666665,0.35232949653523293,0,0,1,0.40000000000000002,0,0.77073025703430176
dense_minilm,oracle,1365,fracture,oracle,1,1,True,True,10,0,0,0,0,0,0,1,0,,0.33333333333333331,0.33333333333333331,0.23463936301137822,1,0.33333333333333331,1,0.66666666666666663,0,0.54505807161331177,0.40000000000000002,0.40000000000000002,0.31564845247951451,1,0.33333333333333331,1,0.59999999999999998,0,0.60689628124237061,0.23333333333333334,0.23333333333333334,0.22797798816418333,1,0.33333333333333331,1,0.69999999999999996,0,0.59575396776199341
dense_minilm,oracle,1380,no acute abnormality,oracle,1,3,True,True,10,1,1,1,1,1,1,0,0,,1,1,1,1,1,1,0,0.66666666666666674,0.9999997615814209,1,1,1,1,1,1,0,0.80000000000000004,0.99999982118606567,1,1,1,1,1,1,0,0.90000000000000002,0.994659423828125
dense_minilm,oracle,1394,lung lesion,oracle,1,2,True,True,10,0,0,0,0,0,0,1,0,,0.33333333333333331,0.33333333333333331,0.29608191096586522,1,0.5,1,0.66666666666666663,0,0.73330259323120117,0.20000000000000001,0.20000000000000001,0.21398626473452756,1,0.5,1,0.80000000000000004,0,0.70415800809860229,0.10000000000000001,0.10000000000000001,0.13886244387355456,1,0.5,1,0.90000000000000002,0,0.68368875980377197
dense_minilm,oracle,1397,no acute abnormality,oracle,1,3,True,True,10,1,1,1,1,1,1,0,0,,1,1,1,1,1,1,0,0.66666666666666674,0.9999997615814209,1,1,1,1,1,1,0,0.80000000000000004,0.99999982118606567,1,1,1,1,1,1,0,0.90000000000000002,0.994659423828125
dense_minilm,oracle,1422,lung opacity consolidation pneumonia,oracle,3,4,True,True,10,0.33333333333333331,0.33333333333333331,0.33333333333333331,0,0,0.33333333333333331,0,0,,0.44444444444444442,0.44444444444444442,0.43719207163780588,0,0,0.66666666666666663,0,0,0.72065275907516479,0.41333333333333339,0.41333333333333339,0.461866540992104,0,0,1,0,0,0.71390914916992188,0.34666666666666668,0.34666666666666668,0.45432851968207161,0,0,1,0.20000000000000001,0,0.69532173871994019
dense_minilm,oracle,1423,cardiomegaly,oracle,1,1,False,True,10,1,1,1,1,1,1,0,0,,1,1,1,1,1,1,0,0,0.73525112867355347,0.90000000000000002,0.90000000000000002,0.92696582507864678,1,1,1,0,0,0.73118877410888672,0.84999999999999998,0.84999999999999998,0.87672472227620712,1,1,1,0,0,0.66543298959732056
dense_minilm,oracle,1431,no acute abnormality,oracle,1,3,True,True,10,1,1,1,1,1,1,0,0,,1,1,1,1,1,1,0,0.66666666666666674,0.9999997615814209,1,1,1,1,1,1,0,0.80000000000000004,0.99999982118606567,1,1,1,1,1,1,0,0.90000000000000002,0.994659423828125
dense_minilm,oracle,1435,no acute abnormality,oracle,1,3,True,True,10,1,1,1,1,1,1,0,0,,1,1,1,1,1,1,0,0.66666666666666674,0.9999997615814209,1,1,1,1,1,1,0,0.80000000000000004,0.99999982118606567,1,1,1,1,1,1,0,0.90000000000000002,0.994659423828125
dense_minilm,oracle,1451,atelectasis,oracle,1,1,True,True,10,0.5,0.5,0.5,0,0,1,0,0,,0.66666666666666663,0.66666666666666663,0.61731968150568906,1,0.33333333333333331,1,0,0,0.69927710294723511,0.80000000000000004,0.80000000000000004,0.72342676499592806,1,0.33333333333333331,1,0,0,0.66594600677490234,0.54500000000000004,0.54500000000000004,0.57541752890903164,1,0.33333333333333331,1,0.10000000000000001,0,0.6276324987411499
dense_minilm,oracle,1456,no acute abnormality,oracle,1,3,True,True,10,1,1,1,1,1,1,0,0,,1,1,1,1,1,1,0,0.66666666666666674,0.9999997615814209,1,1,1,1,1,1,0,0.80000000000000004,0.99999982118606567,1,1,1,1,1,1,0,0.90000000000000002,0.994659423828125
dense_minilm,oracle,1466,no acute abnormality,oracle,1,3,True,True,10,1,1,1,1,1,1,0,0,,1,1,1,1,1,1,0,0.66666666666666674,0.9999997615814209,1,1,1,1,1,1,0,0.80000000000000004,0.99999982118606567,1,1,1,1,1,1,0,0.90000000000000002,0.994659423828125
dense_minilm,oracle,1469,no acute abnormality,oracle,1,3,False,True,10,1,1,1,1,1,1,0,0,,1,1,1,1,1,1,0,0.66666666666666674,0.9999997615814209,1,1,1,1,1,1,0,0.80000000000000004,0.99999982118606567,1,1,1,1,1,1,0,0.90000000000000002,0.994659423828125
dense_minilm,oracle,1473,no acute abnormality,oracle,1,3,True,True,10,1,1,1,1,1,1,0,0,,1,1,1,1,1,1,0,0.66666666666666674,0.9999997615814209,1,1,1,1,1,1,0,0.80000000000000004,0.99999982118606567,1,1,1,1,1,1,0,0.90000000000000002,0.994659423828125
dense_minilm,oracle,1502,no acute abnormality,oracle,1,3,True,True,10,1,1,1,1,1,1,0,0,,1,1,1,1,1,1,0,0.66666666666666674,0.9999997615814209,1,1,1,1,1,1,0,0.80000000000000004,0.99999982118606567,1,1,1,1,1,1,0,0.90000000000000002,0.994659423828125
dense_minilm,oracle,1503,no acute abnormality,oracle,1,3,True,True,10,1,1,1,1,1,1,0,0,,1,1,1,1,1,1,0,0.66666666666666674,0.9999997615814209,1,1,1,1,1,1,0,0.80000000000000004,0.99999982118606567,1,1,1,1,1,1,0,0.90000000000000002,0.994659423828125
dense_minilm,oracle,1510,no acute abnormality,oracle,1,3,True,True,10,1,1,1,1,1,1,0,0,,1,1,1,1,1,1,0,0.66666666666666674,0.9999997615814209,1,1,1,1,1,1,0,0.80000000000000004,0.99999982118606567,1,1,1,1,1,1,0,0.90000000000000002,0.994659423828125
dense_minilm,oracle,1518,no acute abnormality,oracle,1,3,True,True,10,1,1,1,1,1,1,0,0,,1,1,1,1,1,1,0,0.66666666666666674,0.9999997615814209,1,1,1,1,1,1,0,0.80000000000000004,0.99999982118606567,1,1,1,1,1,1,0,0.90000000000000002,0.994659423828125
dense_minilm,oracle,1529,support device,oracle,1,2,True,True,10,0.5,0.5,0.5,0,0,1,0,0,,0.5,0.5,0.53072127397724345,1,0.5,1,0.33333333333333331,0,0.36459830403327942,0.69999999999999996,0.69999999999999996,0.66083979472638388,1,0.5,1,0.20000000000000001,0,0.38849782943725586,0.55000000000000004,0.55000000000000004,0.58060200011180185,1,0.5,1,0.40000000000000002,0,0.46512973308563232
dense_minilm,oracle,1537,no acute abnormality,oracle,1,3,True,True,10,1,1,1,1,1,1,0,0,,1,1,1,1,1,1,0,0.66666666666666674,0.9999997615814209,1,1,1,1,1,1,0,0.80000000000000004,0.99999982118606567,1,1,1,1,1,1,0,0.90000000000000002,0.994659423828125
dense_minilm,oracle,1545,no acute abnormality,oracle,1,3,True,True,10,1,1,1,1,1,1,0,0,,1,1,1,1,1,1,0,0.66666666666666674,0.9999997615814209,1,1,1,1,1,1,0,0.80000000000000004,0.99999982118606567,1,1,1,1,1,1,0,0.90000000000000002,0.994659423828125
dense_minilm,oracle,1556,lung opacity,oracle,1,2,True,True,10,1,1,1,1,1,1,0,0,,0.58333333333333337,0.58333333333333337,0.66061888526991186,1,1,1,0,0,0.81683164834976196,0.65000000000000002,0.65000000000000002,0.6816860752093471,1,1,1,0,0,0.76443135738372803,0.64166666666666661,0.64166666666666661,0.66307265529242776,1,1,1,0,0,0.74234282970428467
dense_minilm,oracle,1567,lung opacity,oracle,1,2,True,True,10,1,1,1,1,1,1,0,0,,0.58333333333333337,0.58333333333333337,0.66061888526991186,1,1,1,0,0,0.81683164834976196,0.65000000000000002,0.65000000000000002,0.6816860752093471,1,1,1,0,0,0.76443135738372803,0.64166666666666661,0.64166666666666661,0.66307265529242776,1,1,1,0,0,0.74234282970428467
dense_minilm,oracle,1571,lung lesion atelectasis pleural effusion support device,oracle,4,7,False,False,10,0.25,0.25,0.33333333333333331,,,0.25,0,0,,0.21666666666666667,0.21666666666666667,0.32981406704336297,,,0.5,0.33333333333333331,0,0.72024744749069214,0.27999999999999997,0.27999999999999997,0.39899760927095784,,,0.5,0.20000000000000001,0,0.72391384840011597,0.24000000000000005,0.24000000000000005,0.39900300021003909,,,0.75,0.20000000000000001,0,0.72555625438690186
dense_minilm,oracle,1581,lung lesion,oracle,1,2,True,True,10,0,0,0,0,0,0,1,0,,0.33333333333333331,0.33333333333333331,0.29608191096586522,1,0.5,1,0.66666666666666663,0,0.73330259323120117,0.20000000000000001,0.20000000000000001,0.21398626473452756,1,0.5,1,0.80000000000000004,0,0.70415800809860229,0.10000000000000001,0.10000000000000001,0.13886244387355456,1,0.5,1,0.90000000000000002,0,0.68368875980377197
dense_minilm,oracle,1582,no acute abnormality,oracle,1,3,True,True,10,1,1,1,1,1,1,0,0,,1,1,1,1,1,1,0,0.66666666666666674,0.9999997615814209,1,1,1,1,1,1,0,0.80000000000000004,0.99999982118606567,1,1,1,1,1,1,0,0.90000000000000002,0.994659423828125
dense_minilm,oracle,1595,cardiomegaly lung opacity,oracle,2,3,True,True,10,0.5,0.5,0.5,0,0,0.5,0,0,,0.38888888888888884,0.38888888888888884,0.43202730365528835,0,0,1,0.33333333333333331,0,0.78275126218795776,0.39999999999999997,0.39999999999999997,0.42652960116356614,0,0,1,0.20000000000000001,0,0.77294862270355225,0.31666666666666665,0.31666666666666665,0.35232949653523293,0,0,1,0.40000000000000002,0,0.77073025703430176
dense_minilm,oracle,1616,no acute abnormality,oracle,1,3,True,True,10,1,1,1,1,1,1,0,0,,1,1,1,1,1,1,0,0.66666666666666674,0.9999997615814209,1,1,1,1,1,1,0,0.80000000000000004,0.99999982118606567,1,1,1,1,1,1,0,0.90000000000000002,0.994659423828125
dense_minilm,oracle,1622,no acute abnormality,oracle,1,3,True,True,10,1,1,1,1,1,1,0,0,,1,1,1,1,1,1,0,0.66666666666666674,0.9999997615814209,1,1,1,1,1,1,0,0.80000000000000004,0.99999982118606567,1,1,1,1,1,1,0,0.90000000000000002,0.994659423828125
dense_minilm,oracle,1623,no acute abnormality,oracle,1,3,True,True,10,1,1,1,1,1,1,0,0,,1,1,1,1,1,1,0,0.66666666666666674,0.9999997615814209,1,1,1,1,1,1,0,0.80000000000000004,0.99999982118606567,1,1,1,1,1,1,0,0.90000000000000002,0.994659423828125
dense_minilm,oracle,1629,no acute abnormality,oracle,1,3,False,True,10,1,1,1,1,1,1,0,0,,1,1,1,1,1,1,0,0.66666666666666674,0.9999997615814209,1,1,1,1,1,1,0,0.80000000000000004,0.99999982118606567,1,1,1,1,1,1,0,0.90000000000000002,0.994659423828125
dense_minilm,oracle,1631,lung opacity lung lesion,oracle,2,4,True,True,10,0.5,0.5,0.5,0,0,0.5,0,0,,0.39999999999999997,0.39999999999999997,0.41117542671024038,0,0,0.5,0,0,0.78673309087753296,0.44000000000000006,0.44000000000000006,0.43580412057964169,0,0,0.5,0,0,0.72698044776916504,0.41166666666666674,0.41166666666666674,0.44503831191821452,0,0,0.5,0,0,0.71934425830841064
dense_minilm,oracle,1647,no acute abnormality,oracle,1,3,True,True,10,1,1,1,1,1,1,0,0,,1,1,1,1,1,1,0,0.66666666666666674,0.9999997615814209,1,1,1,1,1,1,0,0.80000000000000004,0.99999982118606567,1,1,1,1,1,1,0,0.90000000000000002,0.994659423828125
dense_minilm,oracle,1655,no acute abnormality,oracle,1,3,True,True,10,1,1,1,1,1,1,0,0,,1,1,1,1,1,1,0,0.66666666666666674,0.9999997615814209,1,1,1,1,1,1,0,0.80000000000000004,0.99999982118606567,1,1,1,1,1,1,0,0.90000000000000002,0.994659423828125
dense_minilm,oracle,1661,no acute abnormality,oracle,1,3,True,True,10,1,1,1,1,1,1,0,0,,1,1,1,1,1,1,0,0.66666666666666674,0.9999997615814209,1,1,1,1,1,1,0,0.80000000000000004,0.99999982118606567,1,1,1,1,1,1,0,0.90000000000000002,0.994659423828125
dense_minilm,oracle,1672,no acute abnormality,oracle,1,3,True,True,10,1,1,1,1,1,1,0,0,,1,1,1,1,1,1,0,0.66666666666666674,0.9999997615814209,1,1,1,1,1,1,0,0.80000000000000004,0.99999982118606567,1,1,1,1,1,1,0,0.90000000000000002,0.994659423828125
dense_minilm,oracle,1707,no acute abnormality,oracle,1,3,True,True,10,1,1,1,1,1,1,0,0,,1,1,1,1,1,1,0,0.66666666666666674,0.9999997615814209,1,1,1,1,1,1,0,0.80000000000000004,0.99999982118606567,1,1,1,1,1,1,0,0.90000000000000002,0.994659423828125
dense_minilm,oracle,1735,support device,oracle,1,2,True,True,10,0.5,0.5,0.5,0,0,1,0,0,,0.5,0.5,0.53072127397724345,1,0.5,1,0.33333333333333331,0,0.36459830403327942,0.69999999999999996,0.69999999999999996,0.66083979472638388,1,0.5,1,0.20000000000000001,0,0.38849782943725586,0.55000000000000004,0.55000000000000004,0.58060200011180185,1,0.5,1,0.40000000000000002,0,0.46512973308563232
dense_minilm,oracle,1748,no acute abnormality,oracle,1,3,True,True,10,1,1,1,1,1,1,0,0,,1,1,1,1,1,1,0,0.66666666666666674,0.9999997615814209,1,1,1,1,1,1,0,0.80000000000000004,0.99999982118606567,1,1,1,1,1,1,0,0.90000000000000002,0.994659423828125
dense_minilm,oracle,1751,no acute abnormality,oracle,1,3,True,True,10,1,1,1,1,1,1,0,0,,1,1,1,1,1,1,0,0.66666666666666674,0.9999997615814209,1,1,1,1,1,1,0,0.80000000000000004,0.99999982118606567,1,1,1,1,1,1,0,0.90000000000000002,0.994659423828125
dense_minilm,oracle,1753,cardiomegaly,oracle,1,1,True,True,10,1,1,1,1,1,1,0,0,,1,1,1,1,1,1,0,0,0.73525112867355347,0.90000000000000002,0.90000000000000002,0.92696582507864678,1,1,1,0,0,0.73118877410888672,0.84999999999999998,0.84999999999999998,0.87672472227620712,1,1,1,0,0,0.66543298959732056
dense_minilm,oracle,1793,no acute abnormality,oracle,1,3,False,True,10,1,1,1,1,1,1,0,0,,1,1,1,1,1,1,0,0.66666666666666674,0.9999997615814209,1,1,1,1,1,1,0,0.80000000000000004,0.99999982118606567,1,1,1,1,1,1,0,0.90000000000000002,0.994659423828125
dense_minilm,oracle,1819,cardiomegaly lung opacity atelectasis,oracle,3,4,True,True,10,0.33333333333333331,0.33333333333333331,0.33333333333333331,0,0,0.33333333333333331,0,0,,0.66666666666666663,0.66666666666666663,0.60893439498103619,1,0.5,1,0,0,0.79198664426803589,0.66666666666666663,0.66666666666666663,0.62494201982030373,1,0.5,1,0,0,0.75475406646728516,0.68166666666666664,0.68166666666666664,0.65167880598702044,1,0.5,1,0,0,0.73176372051239014
dense_minilm,oracle,1826,no acute abnormality,oracle,1,3,True,True,10,1,1,1,1,1,1,0,0,,1,1,1,1,1,1,0,0.66666666666666674,0.9999997615814209,1,1,1,1,1,1,0,0.80000000000000004,0.99999982118606567,1,1,1,1,1,1,0,0.90000000000000002,0.994659423828125
dense_minilm,oracle,1832,cardiomegaly lung opacity atelectasis,oracle,3,4,True,True,10,0.33333333333333331,0.33333333333333331,0.33333333333333331,0,0,0.33333333333333331,0,0,,0.66666666666666663,0.66666666666666663,0.60893439498103619,1,0.5,1,0,0,0.79198664426803589,0.66666666666666663,0.66666666666666663,0.62494201982030373,1,0.5,1,0,0,0.75475406646728516,0.68166666666666664,0.68166666666666664,0.65167880598702044,1,0.5,1,0,0,0.73176372051239014
dense_minilm,oracle,1833,atelectasis,oracle,1,1,True,True,10,0.5,0.5,0.5,0,0,1,0,0,,0.66666666666666663,0.66666666666666663,0.61731968150568906,1,0.33333333333333331,1,0,0,0.69927710294723511,0.80000000000000004,0.80000000000000004,0.72342676499592806,1,0.33333333333333331,1,0,0,0.66594600677490234,0.54500000000000004,0.54500000000000004,0.57541752890903164,1,0.33333333333333331,1,0.10000000000000001,0,0.6276324987411499
dense_minilm,oracle,1837,no acute abnormality,oracle,1,3,True,True,10,1,1,1,1,1,1,0,0,,1,1,1,1,1,1,0,0.66666666666666674,0.9999997615814209,1,1,1,1,1,1,0,0.80000000000000004,0.99999982118606567,1,1,1,1,1,1,0,0.90000000000000002,0.994659423828125
dense_minilm,oracle,1882,no acute abnormality,oracle,1,3,True,True,10,1,1,1,1,1,1,0,0,,1,1,1,1,1,1,0,0.66666666666666674,0.9999997615814209,1,1,1,1,1,1,0,0.80000000000000004,0.99999982118606567,1,1,1,1,1,1,0,0.90000000000000002,0.994659423828125
dense_minilm,oracle,1907,no acute abnormality,oracle,1,3,True,True,10,1,1,1,1,1,1,0,0,,1,1,1,1,1,1,0,0.66666666666666674,0.9999997615814209,1,1,1,1,1,1,0,0.80000000000000004,0.99999982118606567,1,1,1,1,1,1,0,0.90000000000000002,0.994659423828125
dense_minilm,oracle,1914,lung opacity,oracle,1,2,True,True,10,1,1,1,1,1,1,0,0,,0.58333333333333337,0.58333333333333337,0.66061888526991186,1,1,1,0,0,0.81683164834976196,0.65000000000000002,0.65000000000000002,0.6816860752093471,1,1,1,0,0,0.76443135738372803,0.64166666666666661,0.64166666666666661,0.66307265529242776,1,1,1,0,0,0.74234282970428467
dense_minilm,oracle,1918,lung opacity support device,oracle,2,4,True,True,10,0.20000000000000001,0.20000000000000001,0.20000000000000001,0,0,0.5,0,0,,0.34444444444444439,0.34444444444444439,0.32010982169127666,0,0,0.5,0,0,0.78584080934524536,0.40666666666666662,0.40666666666666662,0.36998858797844714,0,0,0.5,0,0,0.75712043046951294,0.35333333333333333,0.35333333333333333,0.34506571110495504,0,0,0.5,0,0,0.73922991752624512
dense_minilm,oracle,1937,no acute abnormality,oracle,1,3,True,True,10,1,1,1,1,1,1,0,0,,1,1,1,1,1,1,0,0.66666666666666674,0.9999997615814209,1,1,1,1,1,1,0,0.80000000000000004,0.99999982118606567,1,1,1,1,1,1,0,0.90000000000000002,0.994659423828125
dense_minilm,oracle,1939,lung opacity,oracle,1,2,False,True,10,1,1,1,1,1,1,0,0,,0.58333333333333337,0.58333333333333337,0.66061888526991186,1,1,1,0,0,0.81683164834976196,0.65000000000000002,0.65000000000000002,0.6816860752093471,1,1,1,0,0,0.76443135738372803,0.64166666666666661,0.64166666666666661,0.66307265529242776,1,1,1,0,0,0.74234282970428467
dense_minilm,oracle,1941,cardiomegaly lung opacity support device,oracle,3,5,False,True,10,0.33333333333333331,0.33333333333333331,0.33333333333333331,0,0,0.33333333333333331,0,0,,0.41666666666666669,0.41666666666666669,0.38687296175663721,0,0,0.66666666666666663,0,0,0.72928410768508911,0.28333333333333333,0.28333333333333333,0.32658653676754879,0,0,0.66666666666666663,0.20000000000000001,0,0.73391115665435791,0.32500000000000001,0.32500000000000001,0.37970422213310606,0,0,0.66666666666666663,0.10000000000000001,0,0.7220844030380249
dense_minilm,oracle,1945,lung opacity atelectasis support device,oracle,3,5,False,True,10,0.66666666666666663,0.66666666666666663,0.66666666666666663,0,0,0.66666666666666663,0,0,,0.57777777777777783,0.57777777777777783,0.60409616986363235,0,0,0.66666666666666663,0,0,0.82129669189453125,0.54666666666666663,0.54666666666666663,0.57771028012607062,0,0,0.66666666666666663,0,0,0.78729897737503052,0.55666666666666675,0.55666666666666675,0.60295681031059511,0,0,0.66666666666666663,0,0,0.7383083701133728
dense_minilm,oracle,1947,lung lesion,oracle,1,2,True,True,10,0,0,0,0,0,0,1,0,,0.33333333333333331,0.33333333333333331,0.29608191096586522,1,0.5,1,0.66666666666666663,0,0.73330259323120117,0.20000000000000001,0.20000000000000001,0.21398626473452756,1,0.5,1,0.80000000000000004,0,0.70415800809860229,0.10000000000000001,0.10000000000000001,0.13886244387355456,1,0.5,1,0.90000000000000002,0,0.68368875980377197
dense_minilm,oracle,1948,no acute abnormality,oracle,1,3,True,True,10,1,1,1,1,1,1,0,0,,1,1,1,1,1,1,0,0.66666666666666674,0.9999997615814209,1,1,1,1,1,1,0,0.80000000000000004,0.99999982118606567,1,1,1,1,1,1,0,0.90000000000000002,0.994659423828125
dense_minilm,oracle,1960,no acute abnormality,oracle,1,3,True,True,10,1,1,1,1,1,1,0,0,,1,1,1,1,1,1,0,0.66666666666666674,0.9999997615814209,1,1,1,1,1,1,0,0.80000000000000004,0.99999982118606567,1,1,1,1,1,1,0,0.90000000000000002,0.994659423828125
dense_minilm,oracle,1976,lung opacity,oracle,1,2,True,True,10,1,1,1,1,1,1,0,0,,0.58333333333333337,0.58333333333333337,0.66061888526991186,1,1,1,0,0,0.81683164834976196,0.65000000000000002,0.65000000000000002,0.6816860752093471,1,1,1,0,0,0.76443135738372803,0.64166666666666661,0.64166666666666661,0.66307265529242776,1,1,1,0,0,0.74234282970428467
dense_minilm,oracle,1980,no acute abnormality,oracle,1,3,True,True,10,1,1,1,1,1,1,0,0,,1,1,1,1,1,1,0,0.66666666666666674,0.9999997615814209,1,1,1,1,1,1,0,0.80000000000000004,0.99999982118606567,1,1,1,1,1,1,0,0.90000000000000002,0.994659423828125
dense_minilm,oracle,1988,lung opacity lung lesion,oracle,2,4,True,True,10,0.5,0.5,0.5,0,0,0.5,0,0,,0.39999999999999997,0.39999999999999997,0.41117542671024038,0,0,0.5,0,0,0.78673309087753296,0.44000000000000006,0.44000000000000006,0.43580412057964169,0,0,0.5,0,0,0.72698044776916504,0.41166666666666674,0.41166666666666674,0.44503831191821452,0,0,0.5,0,0,0.71934425830841064
dense_minilm,oracle,2003,cardiomegaly,oracle,1,1,True,True,10,1,1,1,1,1,1,0,0,,1,1,1,1,1,1,0,0,0.73525112867355347,0.90000000000000002,0.90000000000000002,0.92696582507864678,1,1,1,0,0,0.73118877410888672,0.84999999999999998,0.84999999999999998,0.87672472227620712,1,1,1,0,0,0.66543298959732056
dense_minilm,oracle,2006,cardiomegaly,oracle,1,1,True,True,10,1,1,1,1,1,1,0,0,,1,1,1,1,1,1,0,0,0.73525112867355347,0.90000000000000002,0.90000000000000002,0.92696582507864678,1,1,1,0,0,0.73118877410888672,0.84999999999999998,0.84999999999999998,0.87672472227620712,1,1,1,0,0,0.66543298959732056
dense_minilm,oracle,2025,no acute abnormality,oracle,1,3,False,True,10,1,1,1,1,1,1,0,0,,1,1,1,1,1,1,0,0.66666666666666674,0.9999997615814209,1,1,1,1,1,1,0,0.80000000000000004,0.99999982118606567,1,1,1,1,1,1,0,0.90000000000000002,0.994659423828125
dense_minilm,oracle,2026,no acute abnormality,oracle,1,3,True,True,10,1,1,1,1,1,1,0,0,,1,1,1,1,1,1,0,0.66666666666666674,0.9999997615814209,1,1,1,1,1,1,0,0.80000000000000004,0.99999982118606567,1,1,1,1,1,1,0,0.90000000000000002,0.994659423828125
dense_minilm,oracle,2038,no acute abnormality,oracle,1,3,True,True,10,1,1,1,1,1,1,0,0,,1,1,1,1,1,1,0,0.66666666666666674,0.9999997615814209,1,1,1,1,1,1,0,0.80000000000000004,0.99999982118606567,1,1,1,1,1,1,0,0.90000000000000002,0.994659423828125
dense_minilm,oracle,2062,lung opacity atelectasis support device,oracle,3,5,True,True,10,0.66666666666666663,0.66666666666666663,0.66666666666666663,0,0,0.66666666666666663,0,0,,0.57777777777777783,0.57777777777777783,0.60409616986363235,0,0,0.66666666666666663,0,0,0.82129669189453125,0.54666666666666663,0.54666666666666663,0.57771028012607062,0,0,0.66666666666666663,0,0,0.78729897737503052,0.55666666666666675,0.55666666666666675,0.60295681031059511,0,0,0.66666666666666663,0,0,0.7383083701133728
dense_minilm,oracle,2066,cardiomegaly lung opacity atelectasis,oracle,3,4,True,True,10,0.33333333333333331,0.33333333333333331,0.33333333333333331,0,0,0.33333333333333331,0,0,,0.66666666666666663,0.66666666666666663,0.60893439498103619,1,0.5,1,0,0,0.79198664426803589,0.66666666666666663,0.66666666666666663,0.62494201982030373,1,0.5,1,0,0,0.75475406646728516,0.68166666666666664,0.68166666666666664,0.65167880598702044,1,0.5,1,0,0,0.73176372051239014
dense_minilm,oracle,2069,no acute abnormality,oracle,1,3,True,True,10,1,1,1,1,1,1,0,0,,1,1,1,1,1,1,0,0.66666666666666674,0.9999997615814209,1,1,1,1,1,1,0,0.80000000000000004,0.99999982118606567,1,1,1,1,1,1,0,0.90000000000000002,0.994659423828125
dense_minilm,oracle,2074,lung opacity atelectasis pleural effusion,oracle,3,5,True,True,10,0.75,0.75,0.75,0,0,1,0,0,,0.69444444444444431,0.69444444444444431,0.70577322716856294,0,0,1,0,0,0.78352206945419312,0.71666666666666656,0.71666666666666656,0.72175195413497972,1,0.25,1,0,0,0.77087897062301636,0.55833333333333335,0.55833333333333335,0.61729335440920408,1,0.25,1,0,0,0.75835418701171875
dense_minilm,oracle,2075,no acute abnormality,oracle,1,3,True,True,10,1,1,1,1,1,1,0,0,,1,1,1,1,1,1,0,0.66666666666666674,0.9999997615814209,1,1,1,1,1,1,0,0.80000000000000004,0.99999982118606567,1,1,1,1,1,1,0,0.90000000000000002,0.994659423828125
dense_minilm,oracle,2096,no acute abnormality,oracle,1,3,True,True,10,1,1,1,1,1,1,0,0,,1,1,1,1,1,1,0,0.66666666666666674,0.9999997615814209,1,1,1,1,1,1,0,0.80000000000000004,0.99999982118606567,1,1,1,1,1,1,0,0.90000000000000002,0.994659423828125
dense_minilm,oracle,2116,fracture,oracle,1,1,True,True,10,0,0,0,0,0,0,1,0,,0.33333333333333331,0.33333333333333331,0.23463936301137822,1,0.33333333333333331,1,0.66666666666666663,0,0.54505807161331177,0.40000000000000002,0.40000000000000002,0.31564845247951451,1,0.33333333333333331,1,0.59999999999999998,0,0.60689628124237061,0.23333333333333334,0.23333333333333334,0.22797798816418333,1,0.33333333333333331,1,0.69999999999999996,0,0.59575396776199341
dense_minilm,oracle,2138,lung opacity fracture,oracle,2,3,True,True,10,0.5,0.5,0.5,0,0,0.5,0,0,,0.39999999999999997,0.39999999999999997,0.41117542671024038,0,0,1,0,0,0.70242613554000854,0.39000000000000001,0.39000000000000001,0.44404332251041845,0,0,1,0,0,0.72175633907318115,0.41166666666666663,0.41166666666666663,0.51569742681152575,0,0,1,0,0,0.73003643751144409
dense_minilm,oracle,2140,fracture,oracle,1,1,True,True,10,0,0,0,0,0,0,1,0,,0.33333333333333331,0.33333333333333331,0.23463936301137822,1,0.33333333333333331,1,0.66666666666666663,0,0.54505807161331177,0.40000000000000002,0.40000000000000002,0.31564845247951451,1,0.33333333333333331,1,0.59999999999999998,0,0.60689628124237061,0.23333333333333334,0.23333333333333334,0.22797798816418333,1,0.33333333333333331,1,0.69999999999999996,0,0.59575396776199341
dense_minilm,oracle,2148,no acute abnormality,oracle,1,3,True,True,10,1,1,1,1,1,1,0,0,,1,1,1,1,1,1,0,0.66666666666666674,0.9999997615814209,1,1,1,1,1,1,0,0.80000000000000004,0.99999982118606567,1,1,1,1,1,1,0,0.90000000000000002,0.994659423828125
dense_minilm,oracle,2157,no acute abnormality,oracle,1,3,True,True,10,1,1,1,1,1,1,0,0,,1,1,1,1,1,1,0,0.66666666666666674,0.9999997615814209,1,1,1,1,1,1,0,0.80000000000000004,0.99999982118606567,1,1,1,1,1,1,0,0.90000000000000002,0.994659423828125
dense_minilm,oracle,2160,no acute abnormality,oracle,1,3,True,True,10,1,1,1,1,1,1,0,0,,1,1,1,1,1,1,0,0.66666666666666674,0.9999997615814209,1,1,1,1,1,1,0,0.80000000000000004,0.99999982118606567,1,1,1,1,1,1,0,0.90000000000000002,0.994659423828125
dense_minilm,oracle,2170,no acute abnormality,oracle,1,3,True,True,10,1,1,1,1,1,1,0,0,,1,1,1,1,1,1,0,0.66666666666666674,0.9999997615814209,1,1,1,1,1,1,0,0.80000000000000004,0.99999982118606567,1,1,1,1,1,1,0,0.90000000000000002,0.994659423828125
dense_minilm,oracle,2177,cardiomegaly lung opacity atelectasis,oracle,3,4,False,True,10,0.33333333333333331,0.33333333333333331,0.33333333333333331,0,0,0.33333333333333331,0,0,,0.66666666666666663,0.66666666666666663,0.60893439498103619,1,0.5,1,0,0,0.79198664426803589,0.66666666666666663,0.66666666666666663,0.62494201982030373,1,0.5,1,0,0,0.75475406646728516,0.68166666666666664,0.68166666666666664,0.65167880598702044,1,0.5,1,0,0,0.73176372051239014
dense_minilm,oracle,2191,cardiomegaly lung opacity,oracle,2,3,True,True,10,0.5,0.5,0.5,0,0,0.5,0,0,,0.38888888888888884,0.38888888888888884,0.43202730365528835,0,0,1,0.33333333333333331,0,0.78275126218795776,0.39999999999999997,0.39999999999999997,0.42652960116356614,0,0,1,0.20000000000000001,0,0.77294862270355225,0.31666666666666665,0.31666666666666665,0.35232949653523293,0,0,1,0.40000000000000002,0,0.77073025703430176
dense_minilm,oracle,2207,lung opacity pneumonia,oracle,2,3,True,True,10,0.5,0.5,0.5,0,0,0.5,0,0,,0.66666666666666663,0.66666666666666663,0.61731968150568906,1,0.33333333333333331,1,0,0,0.72065275907516479,0.69999999999999996,0.69999999999999996,0.65039259007457495,1,0.33333333333333331,1,0,0,0.71195524930953979,0.45000000000000001,0.45000000000000001,0.49794138360027163,1,0.33333333333333331,1,0.29999999999999999,0.099999999999999978,0.72357916831970215
dense_minilm,oracle,2212,no acute abnormality,oracle,1,3,True,True,10,1,1,1,1,1,1,0,0,,1,1,1,1,1,1,0,0.66666666666666674,0.9999997615814209,1,1,1,1,1,1,0,0.80000000000000004,0.99999982118606567,1,1,1,1,1,1,0,0.90000000000000002,0.994659423828125
dense_minilm,oracle,2223,no acute abnormality,oracle,1,3,True,True,10,1,1,1,1,1,1,0,0,,1,1,1,1,1,1,0,0.66666666666666674,0.9999997615814209,1,1,1,1,1,1,0,0.80000000000000004,0.99999982118606567,1,1,1,1,1,1,0,0.90000000000000002,0.994659423828125
dense_minilm,oracle,2228,no acute abnormality,oracle,1,3,True,True,10,1,1,1,1,1,1,0,0,,1,1,1,1,1,1,0,0.66666666666666674,0.9999997615814209,1,1,1,1,1,1,0,0.80000000000000004,0.99999982118606567,1,1,1,1,1,1,0,0.90000000000000002,0.994659423828125
dense_minilm,oracle,2236,no acute abnormality,oracle,1,3,True,True,10,1,1,1,1,1,1,0,0,,1,1,1,1,1,1,0,0.66666666666666674,0.9999997615814209,1,1,1,1,1,1,0,0.80000000000000004,0.99999982118606567,1,1,1,1,1,1,0,0.90000000000000002,0.994659423828125
dense_minilm,oracle,2238,no acute abnormality,oracle,1,3,True,True,10,1,1,1,1,1,1,0,0,,1,1,1,1,1,1,0,0.66666666666666674,0.9999997615814209,1,1,1,1,1,1,0,0.80000000000000004,0.99999982118606567,1,1,1,1,1,1,0,0.90000000000000002,0.994659423828125
dense_minilm,oracle,2239,lung opacity support device,oracle,2,4,True,True,10,0.20000000000000001,0.20000000000000001,0.20000000000000001,0,0,0.5,0,0,,0.34444444444444439,0.34444444444444439,0.32010982169127666,0,0,0.5,0,0,0.78584080934524536,0.40666666666666662,0.40666666666666662,0.36998858797844714,0,0,0.5,0,0,0.75712043046951294,0.35333333333333333,0.35333333333333333,0.34506571110495504,0,0,0.5,0,0,0.73922991752624512
dense_minilm,oracle,2244,no acute abnormality,oracle,1,3,True,True,10,1,1,1,1,1,1,0,0,,1,1,1,1,1,1,0,0.66666666666666674,0.9999997615814209,1,1,1,1,1,1,0,0.80000000000000004,0.99999982118606567,1,1,1,1,1,1,0,0.90000000000000002,0.994659423828125
dense_minilm,oracle,2277,no acute abnormality,oracle,1,3,True,True,10,1,1,1,1,1,1,0,0,,1,1,1,1,1,1,0,0.66666666666666674,0.9999997615814209,1,1,1,1,1,1,0,0.80000000000000004,0.99999982118606567,1,1,1,1,1,1,0,0.90000000000000002,0.994659423828125
dense_minilm,oracle,2290,no acute abnormality,oracle,1,3,True,True,10,1,1,1,1,1,1,0,0,,1,1,1,1,1,1,0,0.66666666666666674,0.9999997615814209,1,1,1,1,1,1,0,0.80000000000000004,0.99999982118606567,1,1,1,1,1,1,0,0.90000000000000002,0.994659423828125
dense_minilm,oracle,2310,no acute abnormality,oracle,1,3,True,True,10,1,1,1,1,1,1,0,0,,1,1,1,1,1,1,0,0.66666666666666674,0.9999997615814209,1,1,1,1,1,1,0,0.80000000000000004,0.99999982118606567,1,1,1,1,1,1,0,0.90000000000000002,0.994659423828125
dense_minilm,oracle,2313,no acute abnormality,oracle,1,3,True,True,10,1,1,1,1,1,1,0,0,,1,1,1,1,1,1,0,0.66666666666666674,0.9999997615814209,1,1,1,1,1,1,0,0.80000000000000004,0.99999982118606567,1,1,1,1,1,1,0,0.90000000000000002,0.994659423828125
dense_minilm,oracle,2326,cardiomegaly,oracle,1,1,True,True,10,1,1,1,1,1,1,0,0,,1,1,1,1,1,1,0,0,0.73525112867355347,0.90000000000000002,0.90000000000000002,0.92696582507864678,1,1,1,0,0,0.73118877410888672,0.84999999999999998,0.84999999999999998,0.87672472227620712,1,1,1,0,0,0.66543298959732056
dense_minilm,oracle,2329,no acute abnormality,oracle,1,3,False,True,10,1,1,1,1,1,1,0,0,,1,1,1,1,1,1,0,0.66666666666666674,0.9999997615814209,1,1,1,1,1,1,0,0.80000000000000004,0.99999982118606567,1,1,1,1,1,1,0,0.90000000000000002,0.994659423828125
dense_minilm,oracle,2363,lung opacity pneumonia,oracle,2,3,True,True,10,0.5,0.5,0.5,0,0,0.5,0,0,,0.66666666666666663,0.66666666666666663,0.61731968150568906,1,0.33333333333333331,1,0,0,0.72065275907516479,0.69999999999999996,0.69999999999999996,0.65039259007457495,1,0.33333333333333331,1,0,0,0.71195524930953979,0.45000000000000001,0.45000000000000001,0.49794138360027163,1,0.33333333333333331,1,0.29999999999999999,0.099999999999999978,0.72357916831970215
dense_minilm,oracle,2365,no acute abnormality,oracle,1,3,True,True,10,1,1,1,1,1,1,0,0,,1,1,1,1,1,1,0,0.66666666666666674,0.9999997615814209,1,1,1,1,1,1,0,0.80000000000000004,0.99999982118606567,1,1,1,1,1,1,0,0.90000000000000002,0.994659423828125
dense_minilm,oracle,2377,no acute abnormality,oracle,1,3,True,True,10,1,1,1,1,1,1,0,0,,1,1,1,1,1,1,0,0.66666666666666674,0.9999997615814209,1,1,1,1,1,1,0,0.80000000000000004,0.99999982118606567,1,1,1,1,1,1,0,0.90000000000000002,0.994659423828125
dense_minilm,oracle,2388,no acute abnormality,oracle,1,3,True,True,10,1,1,1,1,1,1,0,0,,1,1,1,1,1,1,0,0.66666666666666674,0.9999997615814209,1,1,1,1,1,1,0,0.80000000000000004,0.99999982118606567,1,1,1,1,1,1,0,0.90000000000000002,0.994659423828125
dense_minilm,oracle,2396,lung opacity pulmonary edema,oracle,2,4,True,True,10,0.25,0.25,0.25,0,0,0.5,0,0,,0.41666666666666669,0.41666666666666669,0.41515053773713506,0,0,0.5,0,0,0.76966482400894165,0.45000000000000001,0.45000000000000001,0.48788029228922958,0,0,1,0,0,0.76393336057662964,0.39000000000000001,0.39000000000000001,0.48617378282835266,0,0,1,0,0,0.73280501365661621
dense_minilm,oracle,2415,cardiomegaly lung opacity,oracle,2,3,True,True,10,0.5,0.5,0.5,0,0,0.5,0,0,,0.38888888888888884,0.38888888888888884,0.43202730365528835,0,0,1,0.33333333333333331,0,0.78275126218795776,0.39999999999999997,0.39999999999999997,0.42652960116356614,0,0,1,0.20000000000000001,0,0.77294862270355225,0.31666666666666665,0.31666666666666665,0.35232949653523293,0,0,1,0.40000000000000002,0,0.77073025703430176
dense_minilm,oracle,2416,cardiomegaly,oracle,1,1,False,True,10,1,1,1,1,1,1,0,0,,1,1,1,1,1,1,0,0,0.73525112867355347,0.90000000000000002,0.90000000000000002,0.92696582507864678,1,1,1,0,0,0.73118877410888672,0.84999999999999998,0.84999999999999998,0.87672472227620712,1,1,1,0,0,0.66543298959732056
dense_minilm,oracle,2453,no acute abnormality,oracle,1,3,True,True,10,1,1,1,1,1,1,0,0,,1,1,1,1,1,1,0,0.66666666666666674,0.9999997615814209,1,1,1,1,1,1,0,0.80000000000000004,0.99999982118606567,1,1,1,1,1,1,0,0.90000000000000002,0.994659423828125
dense_minilm,oracle,2475,cardiomegaly,oracle,1,1,True,True,10,1,1,1,1,1,1,0,0,,1,1,1,1,1,1,0,0,0.73525112867355347,0.90000000000000002,0.90000000000000002,0.92696582507864678,1,1,1,0,0,0.73118877410888672,0.84999999999999998,0.84999999999999998,0.87672472227620712,1,1,1,0,0,0.66543298959732056
dense_minilm,oracle,2493,no acute abnormality,oracle,1,3,True,True,10,1,1,1,1,1,1,0,0,,1,1,1,1,1,1,0,0.66666666666666674,0.9999997615814209,1,1,1,1,1,1,0,0.80000000000000004,0.99999982118606567,1,1,1,1,1,1,0,0.90000000000000002,0.994659423828125
dense_minilm,oracle,2513,atelectasis,oracle,1,1,True,True,10,0.5,0.5,0.5,0,0,1,0,0,,0.66666666666666663,0.66666666666666663,0.61731968150568906,1,0.33333333333333331,1,0,0,0.69927710294723511,0.80000000000000004,0.80000000000000004,0.72342676499592806,1,0.33333333333333331,1,0,0,0.66594600677490234,0.54500000000000004,0.54500000000000004,0.57541752890903164,1,0.33333333333333331,1,0.10000000000000001,0,0.6276324987411499
dense_minilm,oracle,2515,no acute abnormality,oracle,1,3,False,True,10,1,1,1,1,1,1,0,0,,1,1,1,1,1,1,0,0.66666666666666674,0.9999997615814209,1,1,1,1,1,1,0,0.80000000000000004,0.99999982118606567,1,1,1,1,1,1,0,0.90000000000000002,0.994659423828125
dense_minilm,oracle,2517,no acute abnormality,oracle,1,3,True,True,10,1,1,1,1,1,1,0,0,,1,1,1,1,1,1,0,0.66666666666666674,0.9999997615814209,1,1,1,1,1,1,0,0.80000000000000004,0.99999982118606567,1,1,1,1,1,1,0,0.90000000000000002,0.994659423828125
dense_minilm,oracle,2533,no acute abnormality,oracle,1,3,True,True,10,1,1,1,1,1,1,0,0,,1,1,1,1,1,1,0,0.66666666666666674,0.9999997615814209,1,1,1,1,1,1,0,0.80000000000000004,0.99999982118606567,1,1,1,1,1,1,0,0.90000000000000002,0.994659423828125
dense_minilm,oracle,2542,no acute abnormality,oracle,1,3,False,True,10,1,1,1,1,1,1,0,0,,1,1,1,1,1,1,0,0.66666666666666674,0.9999997615814209,1,1,1,1,1,1,0,0.80000000000000004,0.99999982118606567,1,1,1,1,1,1,0,0.90000000000000002,0.994659423828125
dense_minilm,oracle,2545,no acute abnormality,oracle,1,3,True,True,10,1,1,1,1,1,1,0,0,,1,1,1,1,1,1,0,0.66666666666666674,0.9999997615814209,1,1,1,1,1,1,0,0.80000000000000004,0.99999982118606567,1,1,1,1,1,1,0,0.90000000000000002,0.994659423828125
dense_minilm,oracle,2564,no acute abnormality,oracle,1,3,True,True,10,1,1,1,1,1,1,0,0,,1,1,1,1,1,1,0,0.66666666666666674,0.9999997615814209,1,1,1,1,1,1,0,0.80000000000000004,0.99999982118606567,1,1,1,1,1,1,0,0.90000000000000002,0.994659423828125
dense_minilm,oracle,2591,no acute abnormality,oracle,1,3,True,True,10,1,1,1,1,1,1,0,0,,1,1,1,1,1,1,0,0.66666666666666674,0.9999997615814209,1,1,1,1,1,1,0,0.80000000000000004,0.99999982118606567,1,1,1,1,1,1,0,0.90000000000000002,0.994659423828125
dense_minilm,oracle,2594,lung opacity atelectasis,oracle,2,3,True,True,10,1,1,1,1,1,1,0,0,,0.83333333333333337,0.83333333333333337,0.85195904451706728,1,1,1,0,0,0.82129663228988647,0.69999999999999996,0.69999999999999996,0.75437015395521212,1,1,1,0,0,0.81704270839691162,0.76666666666666672,0.76666666666666672,0.78670790180669814,1,1,1,0,0,0.75676828622817993
dense_minilm,oracle,2596,no acute abnormality,oracle,1,3,True,True,10,1,1,1,1,1,1,0,0,,1,1,1,1,1,1,0,0.66666666666666674,0.9999997615814209,1,1,1,1,1,1,0,0.80000000000000004,0.99999982118606567,1,1,1,1,1,1,0,0.90000000000000002,0.994659423828125
dense_minilm,oracle,2605,no acute abnormality,oracle,1,3,True,True,10,1,1,1,1,1,1,0,0,,1,1,1,1,1,1,0,0.66666666666666674,0.9999997615814209,1,1,1,1,1,1,0,0.80000000000000004,0.99999982118606567,1,1,1,1,1,1,0,0.90000000000000002,0.994659423828125
dense_minilm,oracle,2612,no acute abnormality,oracle,1,3,True,True,10,1,1,1,1,1,1,0,0,,1,1,1,1,1,1,0,0.66666666666666674,0.9999997615814209,1,1,1,1,1,1,0,0.80000000000000004,0.99999982118606567,1,1,1,1,1,1,0,0.90000000000000002,0.994659423828125
dense_minilm,oracle,2616,pleural effusion,oracle,1,2,True,True,10,0,0,0,0,0,0,1,0,,0.5,0.5,0.41340159247155434,1,0.5,1,0.33333333333333331,0,0.69165629148483276,0.40000000000000002,0.40000000000000002,0.36437885480910248,1,0.5,1,0.40000000000000002,0,0.6825869083404541,0.25,0.25,0.29000473971208957,1,0.5,1,0.59999999999999998,0,0.64989537000656128
dense_minilm,oracle,2622,support device,oracle,1,2,True,True,10,0.5,0.5,0.5,0,0,1,0,0,,0.5,0.5,0.53072127397724345,1,0.5,1,0.33333333333333331,0,0.36459830403327942,0.69999999999999996,0.69999999999999996,0.66083979472638388,1,0.5,1,0.20000000000000001,0,0.38849782943725586,0.55000000000000004,0.55000000000000004,0.58060200011180185,1,0.5,1,0.40000000000000002,0,0.46512973308563232
dense_minilm,oracle,2629,no acute abnormality,oracle,1,3,True,True,10,1,1,1,1,1,1,0,0,,1,1,1,1,1,1,0,0.66666666666666674,0.9999997615814209,1,1,1,1,1,1,0,0.80000000000000004,0.99999982118606567,1,1,1,1,1,1,0,0.90000000000000002,0.994659423828125
dense_minilm,oracle,2644,cardiomegaly lung lesion,oracle,2,3,True,True,10,0.5,0.5,0.5,0,0,0.5,0,0,,0.33333333333333331,0.33333333333333331,0.35195904451706733,0,0,0.5,0.33333333333333331,0,0.65851002931594849,0.40000000000000002,0.40000000000000002,0.39300686763273618,0,0,0.5,0.20000000000000001,0,0.66938626766204834,0.38666666666666666,0.38666666666666666,0.46630297878455046,0,0,0.5,0.10000000000000001,0,0.67690223455429077
dense_minilm,oracle,2691,cardiomegaly,oracle,1,1,True,True,10,1,1,1,1,1,1,0,0,,1,1,1,1,1,1,0,0,0.73525112867355347,0.90000000000000002,0.90000000000000002,0.92696582507864678,1,1,1,0,0,0.73118877410888672,0.84999999999999998,0.84999999999999998,0.87672472227620712,1,1,1,0,0,0.66543298959732056
dense_minilm,oracle,2697,no acute abnormality,oracle,1,3,True,True,10,1,1,1,1,1,1,0,0,,1,1,1,1,1,1,0,0.66666666666666674,0.9999997615814209,1,1,1,1,1,1,0,0.80000000000000004,0.99999982118606567,1,1,1,1,1,1,0,0.90000000000000002,0.994659423828125
dense_minilm,oracle,2698,no acute abnormality,oracle,1,3,True,True,10,1,1,1,1,1,1,0,0,,1,1,1,1,1,1,0,0.66666666666666674,0.9999997615814209,1,1,1,1,1,1,0,0.80000000000000004,0.99999982118606567,1,1,1,1,1,1,0,0.90000000000000002,0.994659423828125
dense_minilm,oracle,2709,lung opacity,oracle,1,2,True,True,10,1,1,1,1,1,1,0,0,,0.58333333333333337,0.58333333333333337,0.66061888526991186,1,1,1,0,0,0.81683164834976196,0.65000000000000002,0.65000000000000002,0.6816860752093471,1,1,1,0,0,0.76443135738372803,0.64166666666666661,0.64166666666666661,0.66307265529242776,1,1,1,0,0,0.74234282970428467
dense_minilm,oracle,2720,no acute abnormality,oracle,1,3,True,True,10,1,1,1,1,1,1,0,0,,1,1,1,1,1,1,0,0.66666666666666674,0.9999997615814209,1,1,1,1,1,1,0,0.80000000000000004,0.99999982118606567,1,1,1,1,1,1,0,0.90000000000000002,0.994659423828125
dense_minilm,oracle,2723,atelectasis,oracle,1,1,True,True,10,0.5,0.5,0.5,0,0,1,0,0,,0.66666666666666663,0.66666666666666663,0.61731968150568906,1,0.33333333333333331,1,0,0,0.69927710294723511,0.80000000000000004,0.80000000000000004,0.72342676499592806,1,0.33333333333333331,1,0,0,0.66594600677490234,0.54500000000000004,0.54500000000000004,0.57541752890903164,1,0.33333333333333331,1,0.10000000000000001,0,0.6276324987411499
dense_minilm,oracle,2737,atelectasis,oracle,1,1,True,True,10,0.5,0.5,0.5,0,0,1,0,0,,0.66666666666666663,0.66666666666666663,0.61731968150568906,1,0.33333333333333331,1,0,0,0.69927710294723511,0.80000000000000004,0.80000000000000004,0.72342676499592806,1,0.33333333333333331,1,0,0,0.66594600677490234,0.54500000000000004,0.54500000000000004,0.57541752890903164,1,0.33333333333333331,1,0.10000000000000001,0,0.6276324987411499
dense_minilm,oracle,2747,pleural effusion,oracle,1,2,True,True,10,0,0,0,0,0,0,1,0,,0.5,0.5,0.41340159247155434,1,0.5,1,0.33333333333333331,0,0.69165629148483276,0.40000000000000002,0.40000000000000002,0.36437885480910248,1,0.5,1,0.40000000000000002,0,0.6825869083404541,0.25,0.25,0.29000473971208957,1,0.5,1,0.59999999999999998,0,0.64989537000656128
dense_minilm,oracle,2750,lung opacity,oracle,1,2,False,True,10,1,1,1,1,1,1,0,0,,0.58333333333333337,0.58333333333333337,0.66061888526991186,1,1,1,0,0,0.81683164834976196,0.65000000000000002,0.65000000000000002,0.6816860752093471,1,1,1,0,0,0.76443135738372803,0.64166666666666661,0.64166666666666661,0.66307265529242776,1,1,1,0,0,0.74234282970428467
dense_minilm,oracle,2758,no acute abnormality,oracle,1,3,True,True,10,1,1,1,1,1,1,0,0,,1,1,1,1,1,1,0,0.66666666666666674,0.9999997615814209,1,1,1,1,1,1,0,0.80000000000000004,0.99999982118606567,1,1,1,1,1,1,0,0.90000000000000002,0.994659423828125
dense_minilm,oracle,2765,no acute abnormality,oracle,1,3,True,True,10,1,1,1,1,1,1,0,0,,1,1,1,1,1,1,0,0.66666666666666674,0.9999997615814209,1,1,1,1,1,1,0,0.80000000000000004,0.99999982118606567,1,1,1,1,1,1,0,0.90000000000000002,0.994659423828125
dense_minilm,oracle,2778,support device,oracle,1,2,True,True,10,0.5,0.5,0.5,0,0,1,0,0,,0.5,0.5,0.53072127397724345,1,0.5,1,0.33333333333333331,0,0.36459830403327942,0.69999999999999996,0.69999999999999996,0.66083979472638388,1,0.5,1,0.20000000000000001,0,0.38849782943725586,0.55000000000000004,0.55000000000000004,0.58060200011180185,1,0.5,1,0.40000000000000002,0,0.46512973308563232
dense_minilm,oracle,2817,lung opacity pleural effusion pleural abnormality,oracle,3,6,True,False,10,0.75,0.75,1,,,1,0,0,,0.58333333333333337,0.58333333333333337,0.86016192379824641,,,1,0,0,0.81204575300216675,0.48333333333333328,0.48333333333333328,0.77148949868695804,,,1,0.20000000000000001,0,0.77240252494812012,0.35999999999999999,0.35999999999999999,0.62614595804296924,,,1,0.20000000000000001,0,0.75713807344436646
dense_minilm,oracle,2831,pneumothorax pleural effusion support device,oracle,3,5,True,False,10,0,0,0,,,0,1,0,,0.1111111111111111,0.1111111111111111,0.14804095548293261,,,0.33333333333333331,0.66666666666666663,0,0.75116652250289917,0.13333333333333333,0.13333333333333333,0.18002730728861699,,,0.33333333333333331,0.59999999999999998,0,0.764534592628479,0.19999999999999998,0.19999999999999998,0.2748033703764366,,,0.66666666666666663,0.40000000000000002,0,0.70574313402175903
dense_minilm,oracle,2832,cardiomegaly,oracle,1,1,True,True,10,1,1,1,1,1,1,0,0,,1,1,1,1,1,1,0,0,0.73525112867355347,0.90000000000000002,0.90000000000000002,0.92696582507864678,1,1,1,0,0,0.73118877410888672,0.84999999999999998,0.84999999999999998,0.87672472227620712,1,1,1,0,0,0.66543298959732056
dense_minilm,oracle,2833,no acute abnormality,oracle,1,3,True,True,10,1,1,1,1,1,1,0,0,,1,1,1,1,1,1,0,0.66666666666666674,0.9999997615814209,1,1,1,1,1,1,0,0.80000000000000004,0.99999982118606567,1,1,1,1,1,1,0,0.90000000000000002,0.994659423828125
dense_minilm,oracle,2841,no acute abnormality,oracle,1,3,False,True,10,1,1,1,1,1,1,0,0,,1,1,1,1,1,1,0,0.66666666666666674,0.9999997615814209,1,1,1,1,1,1,0,0.80000000000000004,0.99999982118606567,1,1,1,1,1,1,0,0.90000000000000002,0.994659423828125
dense_minilm,oracle,2852,no acute abnormality,oracle,1,3,True,True,10,1,1,1,1,1,1,0,0,,1,1,1,1,1,1,0,0.66666666666666674,0.9999997615814209,1,1,1,1,1,1,0,0.80000000000000004,0.99999982118606567,1,1,1,1,1,1,0,0.90000000000000002,0.994659423828125
dense_minilm,oracle,2860,support device,oracle,1,2,True,True,10,0.5,0.5,0.5,0,0,1,0,0,,0.5,0.5,0.53072127397724345,1,0.5,1,0.33333333333333331,0,0.36459830403327942,0.69999999999999996,0.69999999999999996,0.66083979472638388,1,0.5,1,0.20000000000000001,0,0.38849782943725586,0.55000000000000004,0.55000000000000004,0.58060200011180185,1,0.5,1,0.40000000000000002,0,0.46512973308563232
dense_minilm,oracle,2866,no acute abnormality,oracle,1,3,True,True,10,1,1,1,1,1,1,0,0,,1,1,1,1,1,1,0,0.66666666666666674,0.9999997615814209,1,1,1,1,1,1,0,0.80000000000000004,0.99999982118606567,1,1,1,1,1,1,0,0.90000000000000002,0.994659423828125
dense_minilm,oracle,2870,no acute abnormality,oracle,1,3,True,True,10,1,1,1,1,1,1,0,0,,1,1,1,1,1,1,0,0.66666666666666674,0.9999997615814209,1,1,1,1,1,1,0,0.80000000000000004,0.99999982118606567,1,1,1,1,1,1,0,0.90000000000000002,0.994659423828125
dense_minilm,oracle,2884,support device,oracle,1,2,True,True,10,0.5,0.5,0.5,0,0,1,0,0,,0.5,0.5,0.53072127397724345,1,0.5,1,0.33333333333333331,0,0.36459830403327942,0.69999999999999996,0.69999999999999996,0.66083979472638388,1,0.5,1,0.20000000000000001,0,0.38849782943725586,0.55000000000000004,0.55000000000000004,0.58060200011180185,1,0.5,1,0.40000000000000002,0,0.46512973308563232
dense_minilm,oracle,2894,support device,oracle,1,2,True,True,10,0.5,0.5,0.5,0,0,1,0,0,,0.5,0.5,0.53072127397724345,1,0.5,1,0.33333333333333331,0,0.36459830403327942,0.69999999999999996,0.69999999999999996,0.66083979472638388,1,0.5,1,0.20000000000000001,0,0.38849782943725586,0.55000000000000004,0.55000000000000004,0.58060200011180185,1,0.5,1,0.40000000000000002,0,0.46512973308563232
dense_minilm,oracle,2898,no acute abnormality,oracle,1,3,True,True,10,1,1,1,1,1,1,0,0,,1,1,1,1,1,1,0,0.66666666666666674,0.9999997615814209,1,1,1,1,1,1,0,0.80000000000000004,0.99999982118606567,1,1,1,1,1,1,0,0.90000000000000002,0.994659423828125
dense_minilm,oracle,2902,no acute abnormality,oracle,1,3,True,True,10,1,1,1,1,1,1,0,0,,1,1,1,1,1,1,0,0.66666666666666674,0.9999997615814209,1,1,1,1,1,1,0,0.80000000000000004,0.99999982118606567,1,1,1,1,1,1,0,0.90000000000000002,0.994659423828125
dense_minilm,oracle,2910,no acute abnormality,oracle,1,3,True,True,10,1,1,1,1,1,1,0,0,,1,1,1,1,1,1,0,0.66666666666666674,0.9999997615814209,1,1,1,1,1,1,0,0.80000000000000004,0.99999982118606567,1,1,1,1,1,1,0,0.90000000000000002,0.994659423828125
dense_minilm,oracle,2916,no acute abnormality,oracle,1,3,True,True,10,1,1,1,1,1,1,0,0,,1,1,1,1,1,1,0,0.66666666666666674,0.9999997615814209,1,1,1,1,1,1,0,0.80000000000000004,0.99999982118606567,1,1,1,1,1,1,0,0.90000000000000002,0.994659423828125
dense_minilm,oracle,2933,no acute abnormality,oracle,1,3,False,True,10,1,1,1,1,1,1,0,0,,1,1,1,1,1,1,0,0.66666666666666674,0.9999997615814209,1,1,1,1,1,1,0,0.80000000000000004,0.99999982118606567,1,1,1,1,1,1,0,0.90000000000000002,0.994659423828125
dense_minilm,oracle,2936,cardiomegaly,oracle,1,1,True,True,10,1,1,1,1,1,1,0,0,,1,1,1,1,1,1,0,0,0.73525112867355347,0.90000000000000002,0.90000000000000002,0.92696582507864678,1,1,1,0,0,0.73118877410888672,0.84999999999999998,0.84999999999999998,0.87672472227620712,1,1,1,0,0,0.66543298959732056
dense_minilm,oracle,2955,cardiomegaly,oracle,1,1,True,True,10,1,1,1,1,1,1,0,0,,1,1,1,1,1,1,0,0,0.73525112867355347,0.90000000000000002,0.90000000000000002,0.92696582507864678,1,1,1,0,0,0.73118877410888672,0.84999999999999998,0.84999999999999998,0.87672472227620712,1,1,1,0,0,0.66543298959732056
dense_minilm,oracle,2957,cardiomegaly lung opacity atelectasis,oracle,3,4,True,True,10,0.33333333333333331,0.33333333333333331,0.33333333333333331,0,0,0.33333333333333331,0,0,,0.66666666666666663,0.66666666666666663,0.60893439498103619,1,0.5,1,0,0,0.79198664426803589,0.66666666666666663,0.66666666666666663,0.62494201982030373,1,0.5,1,0,0,0.75475406646728516,0.68166666666666664,0.68166666666666664,0.65167880598702044,1,0.5,1,0,0,0.73176372051239014
dense_minilm,oracle,2964,no acute abnormality,oracle,1,3,True,True,10,1,1,1,1,1,1,0,0,,1,1,1,1,1,1,0,0.66666666666666674,0.9999997615814209,1,1,1,1,1,1,0,0.80000000000000004,0.99999982118606567,1,1,1,1,1,1,0,0.90000000000000002,0.994659423828125
dense_minilm,oracle,3004,lung opacity atelectasis,oracle,2,3,True,True,10,1,1,1,1,1,1,0,0,,0.83333333333333337,0.83333333333333337,0.85195904451706728,1,1,1,0,0,0.82129663228988647,0.69999999999999996,0.69999999999999996,0.75437015395521212,1,1,1,0,0,0.81704270839691162,0.76666666666666672,0.76666666666666672,0.78670790180669814,1,1,1,0,0,0.75676828622817993
dense_minilm,oracle,3010,no acute abnormality,oracle,1,3,True,True,10,1,1,1,1,1,1,0,0,,1,1,1,1,1,1,0,0.66666666666666674,0.9999997615814209,1,1,1,1,1,1,0,0.80000000000000004,0.99999982118606567,1,1,1,1,1,1,0,0.90000000000000002,0.994659423828125
dense_minilm,oracle,3022,lung lesion,oracle,1,2,True,True,10,0,0,0,0,0,0,1,0,,0.33333333333333331,0.33333333333333331,0.29608191096586522,1,0.5,1,0.66666666666666663,0,0.73330259323120117,0.20000000000000001,0.20000000000000001,0.21398626473452756,1,0.5,1,0.80000000000000004,0,0.70415800809860229,0.10000000000000001,0.10000000000000001,0.13886244387355456,1,0.5,1,0.90000000000000002,0,0.68368875980377197
dense_minilm,oracle,3025,no acute abnormality,oracle,1,3,True,True,10,1,1,1,1,1,1,0,0,,1,1,1,1,1,1,0,0.66666666666666674,0.9999997615814209,1,1,1,1,1,1,0,0.80000000000000004,0.99999982118606567,1,1,1,1,1,1,0,0.90000000000000002,0.994659423828125
dense_minilm,oracle,3045,no acute abnormality,oracle,1,3,True,True,10,1,1,1,1,1,1,0,0,,1,1,1,1,1,1,0,0.66666666666666674,0.9999997615814209,1,1,1,1,1,1,0,0.80000000000000004,0.99999982118606567,1,1,1,1,1,1,0,0.90000000000000002,0.994659423828125
dense_minilm,oracle,3048,no acute abnormality,oracle,1,3,False,True,10,1,1,1,1,1,1,0,0,,1,1,1,1,1,1,0,0.66666666666666674,0.9999997615814209,1,1,1,1,1,1,0,0.80000000000000004,0.99999982118606567,1,1,1,1,1,1,0,0.90000000000000002,0.994659423828125
dense_minilm,oracle,3049,no acute abnormality,oracle,1,3,True,True,10,1,1,1,1,1,1,0,0,,1,1,1,1,1,1,0,0.66666666666666674,0.9999997615814209,1,1,1,1,1,1,0,0.80000000000000004,0.99999982118606567,1,1,1,1,1,1,0,0.90000000000000002,0.994659423828125
dense_minilm,oracle,3060,no acute abnormality,oracle,1,3,True,True,10,1,1,1,1,1,1,0,0,,1,1,1,1,1,1,0,0.66666666666666674,0.9999997615814209,1,1,1,1,1,1,0,0.80000000000000004,0.99999982118606567,1,1,1,1,1,1,0,0.90000000000000002,0.994659423828125
dense_minilm,oracle,3069,lung opacity pneumonia,oracle,2,3,True,True,10,0.5,0.5,0.5,0,0,0.5,0,0,,0.66666666666666663,0.66666666666666663,0.61731968150568906,1,0.33333333333333331,1,0,0,0.72065275907516479,0.69999999999999996,0.69999999999999996,0.65039259007457495,1,0.33333333333333331,1,0,0,0.71195524930953979,0.45000000000000001,0.45000000000000001,0.49794138360027163,1,0.33333333333333331,1,0.29999999999999999,0.099999999999999978,0.72357916831970215
dense_minilm,oracle,3074,lung opacity,oracle,1,2,False,True,10,1,1,1,1,1,1,0,0,,0.58333333333333337,0.58333333333333337,0.66061888526991186,1,1,1,0,0,0.81683164834976196,0.65000000000000002,0.65000000000000002,0.6816860752093471,1,1,1,0,0,0.76443135738372803,0.64166666666666661,0.64166666666666661,0.66307265529242776,1,1,1,0,0,0.74234282970428467
dense_minilm,oracle,3114,no acute abnormality,oracle,1,3,False,True,10,1,1,1,1,1,1,0,0,,1,1,1,1,1,1,0,0.66666666666666674,0.9999997615814209,1,1,1,1,1,1,0,0.80000000000000004,0.99999982118606567,1,1,1,1,1,1,0,0.90000000000000002,0.994659423828125
dense_minilm,oracle,3115,no acute abnormality,oracle,1,3,True,True,10,1,1,1,1,1,1,0,0,,1,1,1,1,1,1,0,0.66666666666666674,0.9999997615814209,1,1,1,1,1,1,0,0.80000000000000004,0.99999982118606567,1,1,1,1,1,1,0,0.90000000000000002,0.994659423828125
dense_minilm,oracle,3117,no acute abnormality,oracle,1,3,True,True,10,1,1,1,1,1,1,0,0,,1,1,1,1,1,1,0,0.66666666666666674,0.9999997615814209,1,1,1,1,1,1,0,0.80000000000000004,0.99999982118606567,1,1,1,1,1,1,0,0.90000000000000002,0.994659423828125
dense_minilm,oracle,3134,no acute abnormality,oracle,1,3,True,True,10,1,1,1,1,1,1,0,0,,1,1,1,1,1,1,0,0.66666666666666674,0.9999997615814209,1,1,1,1,1,1,0,0.80000000000000004,0.99999982118606567,1,1,1,1,1,1,0,0.90000000000000002,0.994659423828125
dense_minilm,oracle,3135,no acute abnormality,oracle,1,3,True,True,10,1,1,1,1,1,1,0,0,,1,1,1,1,1,1,0,0.66666666666666674,0.9999997615814209,1,1,1,1,1,1,0,0.80000000000000004,0.99999982118606567,1,1,1,1,1,1,0,0.90000000000000002,0.994659423828125
dense_minilm,oracle,3148,cardiomegaly pleural effusion,oracle,2,3,True,True,10,0.5,0.5,0.5,0,0,0.5,0,0,,0.66666666666666663,0.66666666666666663,0.64804095548293261,1,0.5,1,0,0,0.71774762868881226,0.56666666666666665,0.56666666666666665,0.58512561944854014,1,0.5,1,0,0,0.72117769718170166,0.5,0.5,0.56926057182437528,1,0.5,1,0,0,0.70096039772033691
dense_minilm,oracle,3158,cardiomegaly lung opacity atelectasis,oracle,3,4,True,True,10,0.33333333333333331,0.33333333333333331,0.33333333333333331,0,0,0.33333333333333331,0,0,,0.66666666666666663,0.66666666666666663,0.60893439498103619,1,0.5,1,0,0,0.79198664426803589,0.66666666666666663,0.66666666666666663,0.62494201982030373,1,0.5,1,0,0,0.75475406646728516,0.68166666666666664,0.68166666666666664,0.65167880598702044,1,0.5,1,0,0,0.73176372051239014
dense_minilm,oracle,3180,no acute abnormality,oracle,1,3,True,True,10,1,1,1,1,1,1,0,0,,1,1,1,1,1,1,0,0.66666666666666674,0.9999997615814209,1,1,1,1,1,1,0,0.80000000000000004,0.99999982118606567,1,1,1,1,1,1,0,0.90000000000000002,0.994659423828125
dense_minilm,oracle,3183,no acute abnormality,oracle,1,3,True,True,10,1,1,1,1,1,1,0,0,,1,1,1,1,1,1,0,0.66666666666666674,0.9999997615814209,1,1,1,1,1,1,0,0.80000000000000004,0.99999982118606567,1,1,1,1,1,1,0,0.90000000000000002,0.994659423828125
dense_minilm,oracle,3191,cardiomegaly,oracle,1,1,True,True,10,1,1,1,1,1,1,0,0,,1,1,1,1,1,1,0,0,0.73525112867355347,0.90000000000000002,0.90000000000000002,0.92696582507864678,1,1,1,0,0,0.73118877410888672,0.84999999999999998,0.84999999999999998,0.87672472227620712,1,1,1,0,0,0.66543298959732056
dense_minilm,oracle,3195,lung opacity support device,oracle,2,4,True,True,10,0.20000000000000001,0.20000000000000001,0.20000000000000001,0,0,0.5,0,0,,0.34444444444444439,0.34444444444444439,0.32010982169127666,0,0,0.5,0,0,0.78584080934524536,0.40666666666666662,0.40666666666666662,0.36998858797844714,0,0,0.5,0,0,0.75712043046951294,0.35333333333333333,0.35333333333333333,0.34506571110495504,0,0,0.5,0,0,0.73922991752624512
dense_minilm,oracle,3207,cardiomegaly,oracle,1,1,True,True,10,1,1,1,1,1,1,0,0,,1,1,1,1,1,1,0,0,0.73525112867355347,0.90000000000000002,0.90000000000000002,0.92696582507864678,1,1,1,0,0,0.73118877410888672,0.84999999999999998,0.84999999999999998,0.87672472227620712,1,1,1,0,0,0.66543298959732056
dense_minilm,oracle,3214,cardiomegaly pleural effusion,oracle,2,3,True,True,10,0.5,0.5,0.5,0,0,0.5,0,0,,0.66666666666666663,0.66666666666666663,0.64804095548293261,1,0.5,1,0,0,0.71774762868881226,0.56666666666666665,0.56666666666666665,0.58512561944854014,1,0.5,1,0,0,0.72117769718170166,0.5,0.5,0.56926057182437528,1,0.5,1,0,0,0.70096039772033691
dense_minilm,oracle,3216,no acute abnormality,oracle,1,3,True,True,10,1,1,1,1,1,1,0,0,,1,1,1,1,1,1,0,0.66666666666666674,0.9999997615814209,1,1,1,1,1,1,0,0.80000000000000004,0.99999982118606567,1,1,1,1,1,1,0,0.90000000000000002,0.994659423828125
dense_minilm,oracle,3221,no acute abnormality,oracle,1,3,True,True,10,1,1,1,1,1,1,0,0,,1,1,1,1,1,1,0,0.66666666666666674,0.9999997615814209,1,1,1,1,1,1,0,0.80000000000000004,0.99999982118606567,1,1,1,1,1,1,0,0.90000000000000002,0.994659423828125
dense_minilm,oracle,3253,no acute abnormality,oracle,1,3,True,True,10,1,1,1,1,1,1,0,0,,1,1,1,1,1,1,0,0.66666666666666674,0.9999997615814209,1,1,1,1,1,1,0,0.80000000000000004,0.99999982118606567,1,1,1,1,1,1,0,0.90000000000000002,0.994659423828125
dense_minilm,oracle,3279,no acute abnormality,oracle,1,3,True,True,10,1,1,1,1,1,1,0,0,,1,1,1,1,1,1,0,0.66666666666666674,0.9999997615814209,1,1,1,1,1,1,0,0.80000000000000004,0.99999982118606567,1,1,1,1,1,1,0,0.90000000000000002,0.994659423828125
dense_minilm,oracle,3281,lung lesion,oracle,1,2,True,True,10,0,0,0,0,0,0,1,0,,0.33333333333333331,0.33333333333333331,0.29608191096586522,1,0.5,1,0.66666666666666663,0,0.73330259323120117,0.20000000000000001,0.20000000000000001,0.21398626473452756,1,0.5,1,0.80000000000000004,0,0.70415800809860229,0.10000000000000001,0.10000000000000001,0.13886244387355456,1,0.5,1,0.90000000000000002,0,0.68368875980377197
dense_minilm,oracle,3285,no acute abnormality,oracle,1,3,True,True,10,1,1,1,1,1,1,0,0,,1,1,1,1,1,1,0,0.66666666666666674,0.9999997615814209,1,1,1,1,1,1,0,0.80000000000000004,0.99999982118606567,1,1,1,1,1,1,0,0.90000000000000002,0.994659423828125
dense_minilm,oracle,3290,no acute abnormality,oracle,1,3,True,True,10,1,1,1,1,1,1,0,0,,1,1,1,1,1,1,0,0.66666666666666674,0.9999997615814209,1,1,1,1,1,1,0,0.80000000000000004,0.99999982118606567,1,1,1,1,1,1,0,0.90000000000000002,0.994659423828125
dense_minilm,oracle,3347,support device,oracle,1,2,True,True,10,0.5,0.5,0.5,0,0,1,0,0,,0.5,0.5,0.53072127397724345,1,0.5,1,0.33333333333333331,0,0.36459830403327942,0.69999999999999996,0.69999999999999996,0.66083979472638388,1,0.5,1,0.20000000000000001,0,0.38849782943725586,0.55000000000000004,0.55000000000000004,0.58060200011180185,1,0.5,1,0.40000000000000002,0,0.46512973308563232
dense_minilm,oracle,3358,no acute abnormality,oracle,1,3,True,True,10,1,1,1,1,1,1,0,0,,1,1,1,1,1,1,0,0.66666666666666674,0.9999997615814209,1,1,1,1,1,1,0,0.80000000000000004,0.99999982118606567,1,1,1,1,1,1,0,0.90000000000000002,0.994659423828125
dense_minilm,oracle,3363,lung opacity,oracle,1,2,True,True,10,1,1,1,1,1,1,0,0,,0.58333333333333337,0.58333333333333337,0.66061888526991186,1,1,1,0,0,0.81683164834976196,0.65000000000000002,0.65000000000000002,0.6816860752093471,1,1,1,0,0,0.76443135738372803,0.64166666666666661,0.64166666666666661,0.66307265529242776,1,1,1,0,0,0.74234282970428467
dense_minilm,oracle,3369,lung opacity atelectasis pneumothorax,oracle,3,4,True,False,10,0.66666666666666663,0.66666666666666663,0.88888888888888884,,,0.66666666666666663,0,0,,0.66666666666666663,0.66666666666666663,0.94459047326180834,,,0.66666666666666663,0,0,0.82032138109207153,0.56666666666666665,0.56666666666666665,0.86136287269343059,,,0.66666666666666663,0,0,0.80985033512115479,0.48166666666666663,0.48166666666666663,0.76884162228387465,,,0.66666666666666663,0,0,0.76538032293319702
dense_minilm,oracle,3370,no acute abnormality,oracle,1,3,True,True,10,1,1,1,1,1,1,0,0,,1,1,1,1,1,1,0,0.66666666666666674,0.9999997615814209,1,1,1,1,1,1,0,0.80000000000000004,0.99999982118606567,1,1,1,1,1,1,0,0.90000000000000002,0.994659423828125
dense_minilm,oracle,3374,lung lesion,oracle,1,2,True,True,10,0,0,0,0,0,0,1,0,,0.33333333333333331,0.33333333333333331,0.29608191096586522,1,0.5,1,0.66666666666666663,0,0.73330259323120117,0.20000000000000001,0.20000000000000001,0.21398626473452756,1,0.5,1,0.80000000000000004,0,0.70415800809860229,0.10000000000000001,0.10000000000000001,0.13886244387355456,1,0.5,1,0.90000000000000002,0,0.68368875980377197
dense_minilm,oracle,3378,pneumothorax fracture,oracle,2,2,True,False,10,0,0,0,,,0,1,0,,0,0,0,,,0,1,0,0.90671700239181519,0.080000000000000002,0.080000000000000002,0.088623474626673235,,,1,0.80000000000000004,0,0.73231488466262817,0.13999999999999999,0.13999999999999999,0.18641424530845335,,,1,0.69999999999999996,0,0.7003512978553772
dense_minilm,oracle,3379,cardiomegaly lung opacity,oracle,2,3,True,True,10,0.5,0.5,0.5,0,0,0.5,0,0,,0.38888888888888884,0.38888888888888884,0.43202730365528835,0,0,1,0.33333333333333331,0,0.78275126218795776,0.39999999999999997,0.39999999999999997,0.42652960116356614,0,0,1,0.20000000000000001,0,0.77294862270355225,0.31666666666666665,0.31666666666666665,0.35232949653523293,0,0,1,0.40000000000000002,0,0.77073025703430176
dense_minilm,oracle,3386,no acute abnormality,oracle,1,3,True,True,10,1,1,1,1,1,1,0,0,,1,1,1,1,1,1,0,0.66666666666666674,0.9999997615814209,1,1,1,1,1,1,0,0.80000000000000004,0.99999982118606567,1,1,1,1,1,1,0,0.90000000000000002,0.994659423828125
dense_minilm,oracle,3409,no acute abnormality,oracle,1,3,False,True,10,1,1,1,1,1,1,0,0,,1,1,1,1,1,1,0,0.66666666666666674,0.9999997615814209,1,1,1,1,1,1,0,0.80000000000000004,0.99999982118606567,1,1,1,1,1,1,0,0.90000000000000002,0.994659423828125
dense_minilm,oracle,3434,no acute abnormality,oracle,1,3,True,True,10,1,1,1,1,1,1,0,0,,1,1,1,1,1,1,0,0.66666666666666674,0.9999997615814209,1,1,1,1,1,1,0,0.80000000000000004,0.99999982118606567,1,1,1,1,1,1,0,0.90000000000000002,0.994659423828125
dense_minilm,oracle,3435,cardiomegaly,oracle,1,1,True,True,10,1,1,1,1,1,1,0,0,,1,1,1,1,1,1,0,0,0.73525112867355347,0.90000000000000002,0.90000000000000002,0.92696582507864678,1,1,1,0,0,0.73118877410888672,0.84999999999999998,0.84999999999999998,0.87672472227620712,1,1,1,0,0,0.66543298959732056
dense_minilm,oracle,3450,no acute abnormality,oracle,1,3,True,True,10,1,1,1,1,1,1,0,0,,1,1,1,1,1,1,0,0.66666666666666674,0.9999997615814209,1,1,1,1,1,1,0,0.80000000000000004,0.99999982118606567,1,1,1,1,1,1,0,0.90000000000000002,0.994659423828125
dense_minilm,oracle,3455,cardiomegaly lung opacity pulmonary edema atelectasis,oracle,4,6,True,False,10,0.75,0.75,1,,,0.75,0,0,,0.5,0.5,0.74487978767045948,,,0.75,0,0,0.80647808313369751,0.52000000000000002,0.52000000000000002,0.74068737788058148,,,1,0,0,0.74943345785140991,0.55499999999999994,0.55499999999999994,0.75895755460970571,,,1,0,0,0.72579395771026611
dense_minilm,oracle,3460,no acute abnormality,oracle,1,3,False,True,10,1,1,1,1,1,1,0,0,,1,1,1,1,1,1,0,0.66666666666666674,0.9999997615814209,1,1,1,1,1,1,0,0.80000000000000004,0.99999982118606567,1,1,1,1,1,1,0,0.90000000000000002,0.994659423828125
dense_minilm,oracle,3465,no acute abnormality,oracle,1,3,True,True,10,1,1,1,1,1,1,0,0,,1,1,1,1,1,1,0,0.66666666666666674,0.9999997615814209,1,1,1,1,1,1,0,0.80000000000000004,0.99999982118606567,1,1,1,1,1,1,0,0.90000000000000002,0.994659423828125
dense_minilm,oracle,3477,no acute abnormality,oracle,1,3,True,True,10,1,1,1,1,1,1,0,0,,1,1,1,1,1,1,0,0.66666666666666674,0.9999997615814209,1,1,1,1,1,1,0,0.80000000000000004,0.99999982118606567,1,1,1,1,1,1,0,0.90000000000000002,0.994659423828125
dense_minilm,oracle,3508,atelectasis pleural effusion pleural abnormality,oracle,3,5,True,False,10,0.25,0.25,0.33333333333333331,,,0.33333333333333331,0,0,,0.47222222222222215,0.47222222222222215,0.61213331283265782,,,0.66666666666666663,0,0,0.79921084642410278,0.34999999999999998,0.34999999999999998,0.5122424266253951,,,0.66666666666666663,0.20000000000000001,0,0.74953383207321167,0.29999999999999993,0.29999999999999993,0.46635062179919129,,,0.66666666666666663,0.20000000000000001,0,0.7183566689491272
dense_minilm,oracle,3528,no acute abnormality,oracle,1,3,True,True,10,1,1,1,1,1,1,0,0,,1,1,1,1,1,1,0,0.66666666666666674,0.9999997615814209,1,1,1,1,1,1,0,0.80000000000000004,0.99999982118606567,1,1,1,1,1,1,0,0.90000000000000002,0.994659423828125
dense_minilm,oracle,3539,no acute abnormality,oracle,1,3,True,True,10,1,1,1,1,1,1,0,0,,1,1,1,1,1,1,0,0.66666666666666674,0.9999997615814209,1,1,1,1,1,1,0,0.80000000000000004,0.99999982118606567,1,1,1,1,1,1,0,0.90000000000000002,0.994659423828125
dense_minilm,oracle,3542,no acute abnormality,oracle,1,3,True,True,10,1,1,1,1,1,1,0,0,,1,1,1,1,1,1,0,0.66666666666666674,0.9999997615814209,1,1,1,1,1,1,0,0.80000000000000004,0.99999982118606567,1,1,1,1,1,1,0,0.90000000000000002,0.994659423828125
dense_minilm,oracle,3559,lung lesion,oracle,1,2,True,True,10,0,0,0,0,0,0,1,0,,0.33333333333333331,0.33333333333333331,0.29608191096586522,1,0.5,1,0.66666666666666663,0,0.73330259323120117,0.20000000000000001,0.20000000000000001,0.21398626473452756,1,0.5,1,0.80000000000000004,0,0.70415800809860229,0.10000000000000001,0.10000000000000001,0.13886244387355456,1,0.5,1,0.90000000000000002,0,0.68368875980377197
dense_minilm,oracle,3562,atelectasis,oracle,1,1,True,True,10,0.5,0.5,0.5,0,0,1,0,0,,0.66666666666666663,0.66666666666666663,0.61731968150568906,1,0.33333333333333331,1,0,0,0.69927710294723511,0.80000000000000004,0.80000000000000004,0.72342676499592806,1,0.33333333333333331,1,0,0,0.66594600677490234,0.54500000000000004,0.54500000000000004,0.57541752890903164,1,0.33333333333333331,1,0.10000000000000001,0,0.6276324987411499
dense_minilm,oracle,3565,lung opacity consolidation pneumonia,oracle,3,4,True,True,10,0.33333333333333331,0.33333333333333331,0.33333333333333331,0,0,0.33333333333333331,0,0,,0.44444444444444442,0.44444444444444442,0.43719207163780588,0,0,0.66666666666666663,0,0,0.72065275907516479,0.41333333333333339,0.41333333333333339,0.461866540992104,0,0,1,0,0,0.71390914916992188,0.34666666666666668,0.34666666666666668,0.45432851968207161,0,0,1,0.20000000000000001,0,0.69532173871994019
dense_minilm,oracle,3567,lung opacity pneumonia pleural effusion support device,oracle,4,7,False,False,10,0.33333333333333331,0.33333333333333331,0.44444444444444442,,,0.5,0,0,,0.3611111111111111,0.3611111111111111,0.46368853500632123,,,0.5,0,0,0.77849549055099487,0.33666666666666661,0.33666666666666661,0.46415459343593674,,,1,0.20000000000000001,0,0.69920575618743896,0.24333333333333335,0.24333333333333335,0.3919980745746286,,,1,0.40000000000000002,0.30000000000000004,0.7445184588432312
dense_minilm,oracle,3589,lung opacity,oracle,1,2,True,True,10,1,1,1,1,1,1,0,0,,0.58333333333333337,0.58333333333333337,0.66061888526991186,1,1,1,0,0,0.81683164834976196,0.65000000000000002,0.65000000000000002,0.6816860752093471,1,1,1,0,0,0.76443135738372803,0.64166666666666661,0.64166666666666661,0.66307265529242776,1,1,1,0,0,0.74234282970428467
dense_minilm,oracle,3593,no acute abnormality,oracle,1,3,True,True,10,1,1,1,1,1,1,0,0,,1,1,1,1,1,1,0,0.66666666666666674,0.9999997615814209,1,1,1,1,1,1,0,0.80000000000000004,0.99999982118606567,1,1,1,1,1,1,0,0.90000000000000002,0.994659423828125
dense_minilm,oracle,3597,support device,oracle,1,2,True,True,10,0.5,0.5,0.5,0,0,1,0,0,,0.5,0.5,0.53072127397724345,1,0.5,1,0.33333333333333331,0,0.36459830403327942,0.69999999999999996,0.69999999999999996,0.66083979472638388,1,0.5,1,0.20000000000000001,0,0.38849782943725586,0.55000000000000004,0.55000000000000004,0.58060200011180185,1,0.5,1,0.40000000000000002,0,0.46512973308563232
dense_minilm,oracle,3608,cardiomegaly,oracle,1,1,True,True,10,1,1,1,1,1,1,0,0,,1,1,1,1,1,1,0,0,0.73525112867355347,0.90000000000000002,0.90000000000000002,0.92696582507864678,1,1,1,0,0,0.73118877410888672,0.84999999999999998,0.84999999999999998,0.87672472227620712,1,1,1,0,0,0.66543298959732056
dense_minilm,oracle,3610,no acute abnormality,oracle,1,3,True,True,10,1,1,1,1,1,1,0,0,,1,1,1,1,1,1,0,0.66666666666666674,0.9999997615814209,1,1,1,1,1,1,0,0.80000000000000004,0.99999982118606567,1,1,1,1,1,1,0,0.90000000000000002,0.994659423828125
dense_minilm,oracle,3611,lung opacity consolidation,oracle,2,3,True,True,10,0.20000000000000001,0.20000000000000001,0.20000000000000001,0,0,0.5,0,0,,0.39999999999999997,0.39999999999999997,0.35921638219317303,0,0,1,0,0,0.70046395063400269,0.39000000000000001,0.39000000000000001,0.40266695089197091,0,0,1,0,0,0.72219830751419067,0.24500000000000002,0.24500000000000002,0.34016836638987047,0,0,1,0.40000000000000002,0.30000000000000004,0.67687308788299561
dense_minilm,oracle,3624,no acute abnormality,oracle,1,3,True,True,10,1,1,1,1,1,1,0,0,,1,1,1,1,1,1,0,0.66666666666666674,0.9999997615814209,1,1,1,1,1,1,0,0.80000000000000004,0.99999982118606567,1,1,1,1,1,1,0,0.90000000000000002,0.994659423828125
dense_minilm,oracle,3632,lung opacity atelectasis pleural effusion pleural abnormality,oracle,4,7,True,True,10,0.5,0.5,0.5,0,0,0.5,0,0,,0.66666666666666663,0.66666666666666663,0.73463721570592599,1,0.5,1,0,0,0.78352206945419312,0.59999999999999998,0.59999999999999998,0.72231417218499316,1,0.5,1,0,0,0.76975154876708984,0.46500000000000002,0.46500000000000002,0.63110743677227354,1,0.5,1,0,0,0.77065002918243408
dense_minilm,oracle,3639,no acute abnormality,oracle,1,3,True,True,10,1,1,1,1,1,1,0,0,,1,1,1,1,1,1,0,0.66666666666666674,0.9999997615814209,1,1,1,1,1,1,0,0.80000000000000004,0.99999982118606567,1,1,1,1,1,1,0,0.90000000000000002,0.994659423828125
dense_minilm,oracle,3641,support device,oracle,1,2,False,True,10,0.5,0.5,0.5,0,0,1,0,0,,0.5,0.5,0.53072127397724345,1,0.5,1,0.33333333333333331,0,0.36459830403327942,0.69999999999999996,0.69999999999999996,0.66083979472638388,1,0.5,1,0.20000000000000001,0,0.38849782943725586,0.55000000000000004,0.55000000000000004,0.58060200011180185,1,0.5,1,0.40000000000000002,0,0.46512973308563232
dense_minilm,oracle,3655,lung lesion,oracle,1,2,True,True,10,0,0,0,0,0,0,1,0,,0.33333333333333331,0.33333333333333331,0.29608191096586522,1,0.5,1,0.66666666666666663,0,0.73330259323120117,0.20000000000000001,0.20000000000000001,0.21398626473452756,1,0.5,1,0.80000000000000004,0,0.70415800809860229,0.10000000000000001,0.10000000000000001,0.13886244387355456,1,0.5,1,0.90000000000000002,0,0.68368875980377197
dense_minilm,oracle,3665,no acute abnormality,oracle,1,3,True,True,10,1,1,1,1,1,1,0,0,,1,1,1,1,1,1,0,0.66666666666666674,0.9999997615814209,1,1,1,1,1,1,0,0.80000000000000004,0.99999982118606567,1,1,1,1,1,1,0,0.90000000000000002,0.994659423828125
dense_minilm,oracle,3667,support device,oracle,1,2,True,True,10,0.5,0.5,0.5,0,0,1,0,0,,0.5,0.5,0.53072127397724345,1,0.5,1,0.33333333333333331,0,0.36459830403327942,0.69999999999999996,0.69999999999999996,0.66083979472638388,1,0.5,1,0.20000000000000001,0,0.38849782943725586,0.55000000000000004,0.55000000000000004,0.58060200011180185,1,0.5,1,0.40000000000000002,0,0.46512973308563232
dense_minilm,oracle,3672,cardiomegaly pulmonary edema support device,oracle,3,5,True,True,10,1,1,1,1,1,1,0,0,,0.77777777777777768,0.77777777777777768,0.87438414327561176,1,1,1,0,0,0.69526141881942749,0.66666666666666663,0.66666666666666663,0.84494578841901291,1,1,1,0,0,0.64215195178985596,0.50833333333333319,0.50833333333333319,0.7497912227529393,1,1,1,0,0,0.64425796270370483
dense_minilm,oracle,3683,support device,oracle,1,2,True,True,10,0.5,0.5,0.5,0,0,1,0,0,,0.5,0.5,0.53072127397724345,1,0.5,1,0.33333333333333331,0,0.36459830403327942,0.69999999999999996,0.69999999999999996,0.66083979472638388,1,0.5,1,0.20000000000000001,0,0.38849782943725586,0.55000000000000004,0.55000000000000004,0.58060200011180185,1,0.5,1,0.40000000000000002,0,0.46512973308563232
dense_minilm,oracle,3692,no acute abnormality,oracle,1,3,True,True,10,1,1,1,1,1,1,0,0,,1,1,1,1,1,1,0,0.66666666666666674,0.9999997615814209,1,1,1,1,1,1,0,0.80000000000000004,0.99999982118606567,1,1,1,1,1,1,0,0.90000000000000002,0.994659423828125
dense_minilm,oracle,3693,no acute abnormality,oracle,1,3,False,True,10,1,1,1,1,1,1,0,0,,1,1,1,1,1,1,0,0.66666666666666674,0.9999997615814209,1,1,1,1,1,1,0,0.80000000000000004,0.99999982118606567,1,1,1,1,1,1,0,0.90000000000000002,0.994659423828125
dense_minilm,oracle,3701,no acute abnormality,oracle,1,3,True,True,10,1,1,1,1,1,1,0,0,,1,1,1,1,1,1,0,0.66666666666666674,0.9999997615814209,1,1,1,1,1,1,0,0.80000000000000004,0.99999982118606567,1,1,1,1,1,1,0,0.90000000000000002,0.994659423828125
dense_minilm,oracle,3720,no acute abnormality,oracle,1,3,True,True,10,1,1,1,1,1,1,0,0,,1,1,1,1,1,1,0,0.66666666666666674,0.9999997615814209,1,1,1,1,1,1,0,0.80000000000000004,0.99999982118606567,1,1,1,1,1,1,0,0.90000000000000002,0.994659423828125
dense_minilm,oracle,3726,no acute abnormality,oracle,1,3,True,True,10,1,1,1,1,1,1,0,0,,1,1,1,1,1,1,0,0.66666666666666674,0.9999997615814209,1,1,1,1,1,1,0,0.80000000000000004,0.99999982118606567,1,1,1,1,1,1,0,0.90000000000000002,0.994659423828125
dense_minilm,oracle,3756,lung opacity,oracle,1,2,True,True,10,1,1,1,1,1,1,0,0,,0.58333333333333337,0.58333333333333337,0.66061888526991186,1,1,1,0,0,0.81683164834976196,0.65000000000000002,0.65000000000000002,0.6816860752093471,1,1,1,0,0,0.76443135738372803,0.64166666666666661,0.64166666666666661,0.66307265529242776,1,1,1,0,0,0.74234282970428467
dense_minilm,oracle,3785,lung opacity,oracle,1,2,True,True,10,1,1,1,1,1,1,0,0,,0.58333333333333337,0.58333333333333337,0.66061888526991186,1,1,1,0,0,0.81683164834976196,0.65000000000000002,0.65000000000000002,0.6816860752093471,1,1,1,0,0,0.76443135738372803,0.64166666666666661,0.64166666666666661,0.66307265529242776,1,1,1,0,0,0.74234282970428467
dense_minilm,oracle,3787,no acute abnormality,oracle,1,3,True,True,10,1,1,1,1,1,1,0,0,,1,1,1,1,1,1,0,0.66666666666666674,0.9999997615814209,1,1,1,1,1,1,0,0.80000000000000004,0.99999982118606567,1,1,1,1,1,1,0,0.90000000000000002,0.994659423828125
dense_minilm,oracle,3790,lung opacity,oracle,1,2,True,True,10,1,1,1,1,1,1,0,0,,0.58333333333333337,0.58333333333333337,0.66061888526991186,1,1,1,0,0,0.81683164834976196,0.65000000000000002,0.65000000000000002,0.6816860752093471,1,1,1,0,0,0.76443135738372803,0.64166666666666661,0.64166666666666661,0.66307265529242776,1,1,1,0,0,0.74234282970428467
dense_minilm,oracle,3793,lung opacity,oracle,1,2,True,True,10,1,1,1,1,1,1,0,0,,0.58333333333333337,0.58333333333333337,0.66061888526991186,1,1,1,0,0,0.81683164834976196,0.65000000000000002,0.65000000000000002,0.6816860752093471,1,1,1,0,0,0.76443135738372803,0.64166666666666661,0.64166666666666661,0.66307265529242776,1,1,1,0,0,0.74234282970428467
dense_minilm,oracle,3809,no acute abnormality,oracle,1,3,True,True,10,1,1,1,1,1,1,0,0,,1,1,1,1,1,1,0,0.66666666666666674,0.9999997615814209,1,1,1,1,1,1,0,0.80000000000000004,0.99999982118606567,1,1,1,1,1,1,0,0.90000000000000002,0.994659423828125
dense_minilm,oracle,3814,no acute abnormality,oracle,1,3,True,True,10,1,1,1,1,1,1,0,0,,1,1,1,1,1,1,0,0.66666666666666674,0.9999997615814209,1,1,1,1,1,1,0,0.80000000000000004,0.99999982118606567,1,1,1,1,1,1,0,0.90000000000000002,0.994659423828125
dense_minilm,oracle,3817,no acute abnormality,oracle,1,3,True,True,10,1,1,1,1,1,1,0,0,,1,1,1,1,1,1,0,0.66666666666666674,0.9999997615814209,1,1,1,1,1,1,0,0.80000000000000004,0.99999982118606567,1,1,1,1,1,1,0,0.90000000000000002,0.994659423828125
dense_minilm,oracle,3830,no acute abnormality,oracle,1,3,True,True,10,1,1,1,1,1,1,0,0,,1,1,1,1,1,1,0,0.66666666666666674,0.9999997615814209,1,1,1,1,1,1,0,0.80000000000000004,0.99999982118606567,1,1,1,1,1,1,0,0.90000000000000002,0.994659423828125
dense_minilm,oracle,3837,no acute abnormality,oracle,1,3,True,True,10,1,1,1,1,1,1,0,0,,1,1,1,1,1,1,0,0.66666666666666674,0.9999997615814209,1,1,1,1,1,1,0,0.80000000000000004,0.99999982118606567,1,1,1,1,1,1,0,0.90000000000000002,0.994659423828125
dense_minilm,oracle,3847,pneumothorax,oracle,1,1,True,True,10,0,0,0,0,0,0,1,0,,0,0,0,0,0,0,1,0,0.78878802061080933,0,0,0,0,0,0,1,0,0.81083452701568604,0.25,0.25,0.21211866216499442,1,0.125,1,0.69999999999999996,0,0.72649687528610229
dense_minilm,oracle,3866,lung opacity pneumonia,oracle,2,3,True,True,10,0.5,0.5,0.5,0,0,0.5,0,0,,0.66666666666666663,0.66666666666666663,0.61731968150568906,1,0.33333333333333331,1,0,0,0.72065275907516479,0.69999999999999996,0.69999999999999996,0.65039259007457495,1,0.33333333333333331,1,0,0,0.71195524930953979,0.45000000000000001,0.45000000000000001,0.49794138360027163,1,0.33333333333333331,1,0.29999999999999999,0.099999999999999978,0.72357916831970215
dense_minilm,oracle,3875,lung opacity,oracle,1,2,True,True,10,1,1,1,1,1,1,0,0,,0.58333333333333337,0.58333333333333337,0.66061888526991186,1,1,1,0,0,0.81683164834976196,0.65000000000000002,0.65000000000000002,0.6816860752093471,1,1,1,0,0,0.76443135738372803,0.64166666666666661,0.64166666666666661,0.66307265529242776,1,1,1,0,0,0.74234282970428467
dense_minilm,oracle,3879,no acute abnormality,oracle,1,3,True,True,10,1,1,1,1,1,1,0,0,,1,1,1,1,1,1,0,0.66666666666666674,0.9999997615814209,1,1,1,1,1,1,0,0.80000000000000004,0.99999982118606567,1,1,1,1,1,1,0,0.90000000000000002,0.994659423828125
dense_minilm,oracle,3880,cardiomegaly lung opacity pulmonary edema,oracle,3,5,True,True,10,0.5,0.5,0.5,0,0,0.66666666666666663,0,0,,0.75,0.75,0.69134015924715531,1,0.33333333333333331,1,0,0,0.7736019492149353,0.80000000000000004,0.80000000000000004,0.74412206180147455,1,0.33333333333333331,1,0,0,0.78112298250198364,0.6333333333333333,0.6333333333333333,0.67316320463956725,1,0.33333333333333331,1,0,0,0.74192988872528076
dense_minilm,oracle,3883,no acute abnormality,oracle,1,3,True,True,10,1,1,1,1,1,1,0,0,,1,1,1,1,1,1,0,0.66666666666666674,0.9999997615814209,1,1,1,1,1,1,0,0.80000000000000004,0.99999982118606567,1,1,1,1,1,1,0,0.90000000000000002,0.994659423828125
dense_minilm,oracle,3900,no acute abnormality,oracle,1,3,True,True,10,1,1,1,1,1,1,0,0,,1,1,1,1,1,1,0,0.66666666666666674,0.9999997615814209,1,1,1,1,1,1,0,0.80000000000000004,0.99999982118606567,1,1,1,1,1,1,0,0.90000000000000002,0.994659423828125
dense_minilm,oracle,3905,cardiomegaly,oracle,1,1,True,True,10,1,1,1,1,1,1,0,0,,1,1,1,1,1,1,0,0,0.73525112867355347,0.90000000000000002,0.90000000000000002,0.92696582507864678,1,1,1,0,0,0.73118877410888672,0.84999999999999998,0.84999999999999998,0.87672472227620712,1,1,1,0,0,0.66543298959732056
dense_minilm,oracle,3906,no acute abnormality,oracle,1,3,False,True,10,1,1,1,1,1,1,0,0,,1,1,1,1,1,1,0,0.66666666666666674,0.9999997615814209,1,1,1,1,1,1,0,0.80000000000000004,0.99999982118606567,1,1,1,1,1,1,0,0.90000000000000002,0.994659423828125
dense_minilm,oracle,3939,no acute abnormality,oracle,1,3,True,True,10,1,1,1,1,1,1,0,0,,1,1,1,1,1,1,0,0.66666666666666674,0.9999997615814209,1,1,1,1,1,1,0,0.80000000000000004,0.99999982118606567,1,1,1,1,1,1,0,0.90000000000000002,0.994659423828125
dense_minilm,oracle,3951,lung opacity lung lesion,oracle,2,4,True,True,10,0.5,0.5,0.5,0,0,0.5,0,0,,0.39999999999999997,0.39999999999999997,0.41117542671024038,0,0,0.5,0,0,0.78673309087753296,0.44000000000000006,0.44000000000000006,0.43580412057964169,0,0,0.5,0,0,0.72698044776916504,0.41166666666666674,0.41166666666666674,0.44503831191821452,0,0,0.5,0,0,0.71934425830841064
dense_minilm,oracle,3953,no acute abnormality,oracle,1,3,True,True,10,1,1,1,1,1,1,0,0,,1,1,1,1,1,1,0,0.66666666666666674,0.9999997615814209,1,1,1,1,1,1,0,0.80000000000000004,0.99999982118606567,1,1,1,1,1,1,0,0.90000000000000002,0.994659423828125
dense_minilm,oracle,3968,pneumonia,oracle,1,1,True,True,10,0,0,0,0,0,0,1,0,,0.33333333333333331,0.33333333333333331,0.33543504342651048,1,0.5,1,0.66666666666666663,0,0.79625701904296875,0.20000000000000001,0.20000000000000001,0.27555194421992352,1,0.5,1,0.80000000000000004,0,0.78606843948364258,0.10000000000000001,0.10000000000000001,0.20436662668128652,1,0.5,1,0.90000000000000002,0,0.78300249576568604
dense_minilm,oracle,3972,lung opacity,oracle,1,2,True,True,10,1,1,1,1,1,1,0,0,,0.58333333333333337,0.58333333333333337,0.66061888526991186,1,1,1,0,0,0.81683164834976196,0.65000000000000002,0.65000000000000002,0.6816860752093471,1,1,1,0,0,0.76443135738372803,0.64166666666666661,0.64166666666666661,0.66307265529242776,1,1,1,0,0,0.74234282970428467
dense_minilm,oracle,3973,no acute abnormality,oracle,1,3,True,True,10,1,1,1,1,1,1,0,0,,1,1,1,1,1,1,0,0.66666666666666674,0.9999997615814209,1,1,1,1,1,1,0,0.80000000000000004,0.99999982118606567,1,1,1,1,1,1,0,0.90000000000000002,0.994659423828125
dense_minilm,oracle,3976,no acute abnormality,oracle,1,3,True,True,10,1,1,1,1,1,1,0,0,,1,1,1,1,1,1,0,0.66666666666666674,0.9999997615814209,1,1,1,1,1,1,0,0.80000000000000004,0.99999982118606567,1,1,1,1,1,1,0,0.90000000000000002,0.994659423828125
dense_minilm,oracle,3980,cardiomegaly lung opacity pleural effusion pleural abnormality,oracle,4,7,True,False,10,0,0,0,,,0,1,0,,0.33333333333333331,0.33333333333333331,0.35102462964525816,,,0.75,0.33333333333333331,0,0.75074499845504761,0.20000000000000001,0.20000000000000001,0.25584686158760872,,,0.75,0.59999999999999998,0,0.80476808547973633,0.16499999999999998,0.16499999999999998,0.24168375252081542,,,0.75,0.59999999999999998,0.099999999999999978,0.80381560325622559
dense_minilm,oracle,3982,no acute abnormality,oracle,1,3,True,True,10,1,1,1,1,1,1,0,0,,1,1,1,1,1,1,0,0.66666666666666674,0.9999997615814209,1,1,1,1,1,1,0,0.80000000000000004,0.99999982118606567,1,1,1,1,1,1,0,0.90000000000000002,0.994659423828125
dense_minilm,classifier_all_positive,20,no acute abnormality,no_finding,1,3,True,True,10,1,1,1,1,1,1,0,0,,1,1,1,1,1,1,0,0.66666666666666674,0.9999997615814209,1,1,1,1,1,1,0,0.80000000000000004,0.99999982118606567,1,1,1,1,1,1,0,0.90000000000000002,0.994659423828125
dense_minilm,classifier_all_positive,23,no acute abnormality,no_finding,1,3,True,True,10,1,1,1,1,1,1,0,0,,1,1,1,1,1,1,0,0.66666666666666674,0.9999997615814209,1,1,1,1,1,1,0,0.80000000000000004,0.99999982118606567,1,1,1,1,1,1,0,0.90000000000000002,0.994659423828125
dense_minilm,classifier_all_positive,33,no acute abnormality,no_finding,1,3,True,True,10,0,1,0,0,0,0,1,0,,0,1,0,0,0,0,1,0.66666666666666674,0.9999997615814209,0,1,0,0,0,0,1,0.80000000000000004,0.99999982118606567,0,1,0,0,0,0,1,0.90000000000000002,0.994659423828125
dense_minilm,classifier_all_positive,50,cardiomegaly pulmonary edema,findings,2,3,True,True,10,0.5,1,0.5,0,0,1,0,0,,0.66666666666666663,0.83333333333333337,0.61731968150568906,1,0.33333333333333331,1,0,0,0.71467524766921997,0.59999999999999998,0.66666666666666674,0.59222168748358639,1,0.33333333333333331,1,0.20000000000000001,0,0.70156466960906982,0.5083333333333333,0.53333333333333333,0.52553298938161963,1,0.33333333333333331,1,0.20000000000000001,0,0.70101463794708252
dense_minilm,classifier_all_positive,54,no acute abnormality,no_finding,1,3,True,True,10,0,1,0,0,0,0,1,0,,0,1,0,0,0,0,1,0.66666666666666674,0.9999997615814209,0,1,0,0,0,0,1,0.80000000000000004,0.99999982118606567,0,1,0,0,0,0,1,0.90000000000000002,0.994659423828125
dense_minilm,classifier_all_positive,66,no acute abnormality,no_finding,1,3,True,True,10,1,1,1,1,1,1,0,0,,1,1,1,1,1,1,0,0.66666666666666674,0.9999997615814209,1,1,1,1,1,1,0,0.80000000000000004,0.99999982118606567,1,1,1,1,1,1,0,0.90000000000000002,0.994659423828125
dense_minilm,classifier_all_positive,72,no acute abnormality,no_finding,1,3,True,True,10,1,1,1,1,1,1,0,0,,1,1,1,1,1,1,0,0.66666666666666674,0.9999997615814209,1,1,1,1,1,1,0,0.80000000000000004,0.99999982118606567,1,1,1,1,1,1,0,0.90000000000000002,0.994659423828125
dense_minilm,classifier_all_positive,73,pleural effusion,findings,1,2,True,True,10,0,0,0,0,0,0,1,0,,0.5,0.5,0.38268031849431083,1,0.33333333333333331,1,0.33333333333333331,0,0.69165629148483276,0.36666666666666664,0.40000000000000002,0.35292738983741623,1,0.33333333333333331,1,0.40000000000000002,0,0.6825869083404541,0.21666666666666665,0.25,0.28068271714959486,1,0.33333333333333331,1,0.59999999999999998,0,0.64989537000656128
dense_minilm,classifier_all_positive,78,lung opacity atelectasis pleural effusion,findings,3,5,True,True,10,0.25,0.75,0.25,0,0,1,0,0,,0.41666666666666669,0.69444444444444431,0.38268031849431083,0,0,1,0,0,0.78352206945419312,0.3833333333333333,0.71666666666666656,0.36899771078908794,0,0,1,0,0,0.77087897062301636,0.24166666666666664,0.55833333333333335,0.2725813774834025,0,0,1,0.40000000000000002,0,0.75835418701171875
dense_minilm,classifier_all_positive,80,no acute abnormality,no_finding,1,3,True,True,10,1,1,1,1,1,1,0,0,,1,1,1,1,1,1,0,0.66666666666666674,0.9999997615814209,1,1,1,1,1,1,0,0.80000000000000004,0.99999982118606567,1,1,1,1,1,1,0,0.90000000000000002,0.994659423828125
dense_minilm,classifier_all_positive,113,no acute abnormality,no_finding,1,3,True,True,10,0,1,0,0,0,0,1,0,,0,1,0,0,0,0,1,0.66666666666666674,0.9999997615814209,0,1,0,0,0,0,1,0.80000000000000004,0.99999982118606567,0,1,0,0,0,0,1,0.90000000000000002,0.994659423828125
dense_minilm,classifier_all_positive,117,no acute abnormality,no_finding,1,3,True,True,10,1,1,1,1,1,1,0,0,,1,1,1,1,1,1,0,0.66666666666666674,0.9999997615814209,1,1,1,1,1,1,0,0.80000000000000004,0.99999982118606567,1,1,1,1,1,1,0,0.90000000000000002,0.994659423828125
dense_minilm,classifier_all_positive,144,enlarged cardiomediastinum,findings,1,2,True,True,10,0.33333333333333331,0,0.33333333333333331,0,0,0.5,0,0,,0.22222222222222221,0,0.23463936301137822,0,0,1,0.33333333333333331,0,0.78161144256591797,0.13333333333333333,0,0.16958010263680806,0,0,1,0.59999999999999998,0,0.77280634641647339,0.066666666666666666,0,0.1100458831490401,0,0,1,0.80000000000000004,0,0.73854231834411621
dense_minilm,classifier_all_positive,152,enlarged cardiomediastinum lung lesion fracture,findings,3,5,True,True,10,0,0,0,0,0,0,1,0,,0.27777777777777773,0.1111111111111111,0.21601365182764418,0,0,1,0.33333333333333331,0,0.75133353471755981,0.26666666666666666,0.13333333333333333,0.22915298115126645,0,0,1,0.40000000000000002,0,0.77902114391326904,0.30833333333333329,0.14499999999999999,0.31246551913925708,1,0.10000000000000001,1,0.40000000000000002,0,0.78173303604125977
dense_minilm,classifier_all_positive,160,lung opacity pneumonia pleural effusion,findings,3,5,True,True,10,1,0.33333333333333331,1,1,1,1,0,0,,0.66666666666666663,0.55555555555555547,0.73463936301137822,1,1,1,0,0,0.76682472229003906,0.55000000000000004,0.54666666666666663,0.63677883325872264,1,1,1,0,0,0.77708494663238525,0.27500000000000002,0.27333333333333332,0.41322589140455818,1,1,1,0.5,0.30000000000000004,0.7937195897102356
dense_minilm,classifier_all_positive,188,cardiomegaly lung opacity consolidation pleural effusion,findings,4,6,True,True,10,0,0.25,0,0,0,0,1,0,,0.22222222222222221,0.32777777777777778,0.18714751598482898,0,0,0.66666666666666663,0.33333333333333331,0,0.76450824737548828,0.18333333333333332,0.34666666666666668,0.16805775218481722,0,0,0.66666666666666663,0.40000000000000002,0,0.71814250946044922,0.22666666666666666,0.3066666666666667,0.20114733481919284,0,0,1,0.40000000000000002,0,0.71960008144378662
dense_minilm,classifier_all_positive,189,no acute abnormality,no_finding,1,3,True,True,10,0,1,0,0,0,0,1,0,,0,1,0,0,0,0,1,0.66666666666666674,0.9999997615814209,0,1,0,0,0,0,1,0.80000000000000004,0.99999982118606567,0,1,0,0,0,0,1,0.90000000000000002,0.994659423828125
dense_minilm,classifier_all_positive,195,pneumonia,findings,1,1,True,True,10,1,0,1,1,1,1,0,0,,0.33333333333333331,0.33333333333333331,0.46927872602275644,1,1,1,0.66666666666666663,0,0.79625701904296875,0.20000000000000001,0.20000000000000001,0.33916020527361612,1,1,1,0.80000000000000004,0,0.78606843948364258,0.20000000000000001,0.10000000000000001,0.28371255449703192,1,1,1,0.80000000000000004,0,0.78300249576568604
dense_minilm,classifier_all_positive,210,,empty,0,0,False,True,0,,,,,,,,,,,,,,,,,,,,,,,,,,,,,,,,,,,,
dense_minilm,classifier_all_positive,218,,empty,0,0,False,True,0,,,,,,,,,,,,,,,,,,,,,,,,,,,,,,,,,,,,
dense_minilm,classifier_all_positive,220,lung opacity lung lesion consolidation pneumonia pleural abnormality,findings,5,8,True,True,10,0,0.20000000000000001,0,0,0,0,1,0,,0.066666666666666666,0.16190476190476191,0.059216382193173052,0,0,0.5,0.66666666666666663,0,0.75850558280944824,0.040000000000000001,0.21714285714285714,0.044754596375743159,0,0,0.5,0.80000000000000004,0,0.76489275693893433,0.02,0.2223809523809524,0.034322993395422531,0,0,0.5,0.90000000000000002,0,0.69052249193191528
dense_minilm,classifier_all_positive,222,no acute abnormality,no_finding,1,3,True,True,10,1,1,1,1,1,1,0,0,,1,1,1,1,1,1,0,0.66666666666666674,0.9999997615814209,1,1,1,1,1,1,0,0.80000000000000004,0.99999982118606567,1,1,1,1,1,1,0,0.90000000000000002,0.994659423828125
dense_minilm,classifier_all_positive,229,no acute abnormality,no_finding,1,3,True,True,10,0,1,0,0,0,0,1,0,,0,1,0,0,0,0,1,0.66666666666666674,0.9999997615814209,0,1,0,0,0,0,1,0.80000000000000004,0.99999982118606567,0,1,0,0,0,0,1,0.90000000000000002,0.994659423828125
dense_minilm,classifier_all_positive,239,,empty,0,0,False,True,0,,,,,,,,,,,,,,,,,,,,,,,,,,,,,,,,,,,,
dense_minilm,classifier_all_positive,249,lung opacity lung lesion,findings,2,4,True,True,10,0,0.5,0,0,0,0,1,0,,0,0.39999999999999997,0,0,0,0,1,0,0.78673309087753296,0,0.44000000000000006,0,0,0,0,1,0,0.72698044776916504,0,0.41166666666666674,0,0,0,0,1,0,0.71934425830841064
dense_minilm,classifier_all_positive,266,enlarged cardiomediastinum cardiomegaly,findings,2,3,True,True,10,0.5,0.33333333333333331,0.5,0,0,1,0,0,,0.33333333333333331,0.22222222222222221,0.35195904451706733,0,0,1,0.33333333333333331,0,0.78161144256591797,0.59999999999999998,0.33333333333333331,0.53164358131026035,1,0.25,1,0.20000000000000001,0,0.75046312808990479,0.42499999999999999,0.23666666666666664,0.42959551071396102,1,0.25,1,0.40000000000000002,0,0.70256322622299194
dense_minilm,classifier_all_positive,268,lung opacity consolidation pneumonia,findings,3,4,True,True,10,0.5,0.33333333333333331,0.5,0,0,0.5,0,0,,0.66666666666666663,0.44444444444444442,0.61731968150568906,1,0.33333333333333331,1,0,0,0.72065275907516479,0.54000000000000004,0.41333333333333339,0.54096954636559214,1,0.33333333333333331,1,0,0,0.71390914916992188,0.37333333333333335,0.34666666666666668,0.4265575754205857,1,0.33333333333333331,1,0.20000000000000001,0,0.69532173871994019
dense_minilm,classifier_all_positive,278,no acute abnormality,no_finding,1,3,True,True,10,0,1,0,0,0,0,1,0,,0,1,0,0,0,0,1,0.66666666666666674,0.9999997615814209,0,1,0,0,0,0,1,0.80000000000000004,0.99999982118606567,0,1,0,0,0,0,1,0.90000000000000002,0.994659423828125
dense_minilm,classifier_all_positive,290,no acute abnormality,no_finding,1,3,True,True,10,0,1,0,0,0,0,1,0,,0,1,0,0,0,0,1,0.66666666666666674,0.9999997615814209,0,1,0,0,0,0,1,0.80000000000000004,0.99999982118606567,0,1,0,0,0,0,1,0.90000000000000002,0.994659423828125
dense_minilm,classifier_all_positive,297,,empty,0,0,False,True,0,,,,,,,,,,,,,,,,,,,,,,,,,,,,,,,,,,,,
dense_minilm,classifier_all_positive,298,no acute abnormality,no_finding,1,3,True,True,10,1,1,1,1,1,1,0,0,,1,1,1,1,1,1,0,0.66666666666666674,0.9999997615814209,1,1,1,1,1,1,0,0.80000000000000004,0.99999982118606567,1,1,1,1,1,1,0,0.90000000000000002,0.994659423828125
dense_minilm,classifier_all_positive,310,no acute abnormality,no_finding,1,3,True,True,10,1,1,1,1,1,1,0,0,,1,1,1,1,1,1,0,0.66666666666666674,0.9999997615814209,1,1,1,1,1,1,0,0.80000000000000004,0.99999982118606567,1,1,1,1,1,1,0,0.90000000000000002,0.994659423828125
dense_minilm,classifier_all_positive,317,fracture,findings,1,1,True,True,10,0,0,0,0,0,0,1,0,,0,0.33333333333333331,0,0,0,0,1,0,0.54505807161331177,0,0.40000000000000002,0,0,0,0,1,0,0.60689628124237061,0.29999999999999999,0.23333333333333334,0.21801641453242443,1,0.16666666666666666,1,0.69999999999999996,0,0.59575396776199341
dense_minilm,classifier_all_positive,325,no acute abnormality,no_finding,1,3,True,True,10,1,1,1,1,1,1,0,0,,1,1,1,1,1,1,0,0.66666666666666674,0.9999997615814209,1,1,1,1,1,1,0,0.80000000000000004,0.99999982118606567,1,1,1,1,1,1,0,0.90000000000000002,0.994659423828125
dense_minilm,classifier_all_positive,332,no acute abnormality,no_finding,1,3,True,True,10,0,1,0,0,0,0,1,0,,0,1,0,0,0,0,1,0.66666666666666674,0.9999997615814209,0,1,0,0,0,0,1,0.80000000000000004,0.99999982118606567,0,1,0,0,0,0,1,0.90000000000000002,0.994659423828125
dense_minilm,classifier_all_positive,335,support device,findings,1,2,True,True,10,0.5,0.5,0.5,0,0,1,0,0,,0.5,0.5,0.53072127397724345,1,0.5,1,0.33333333333333331,0,0.36459830403327942,0.69999999999999996,0.69999999999999996,0.66083979472638388,1,0.5,1,0.20000000000000001,0,0.38849782943725586,0.55000000000000004,0.55000000000000004,0.58060200011180185,1,0.5,1,0.40000000000000002,0,0.46512973308563232
dense_minilm,classifier_all_positive,337,,empty,0,0,False,True,0,,,,,,,,,,,,,,,,,,,,,,,,,,,,,,,,,,,,
dense_minilm,classifier_all_positive,338,no acute abnormality,no_finding,1,3,True,True,10,1,1,1,1,1,1,0,0,,1,1,1,1,1,1,0,0.66666666666666674,0.9999997615814209,1,1,1,1,1,1,0,0.80000000000000004,0.99999982118606567,1,1,1,1,1,1,0,0.90000000000000002,0.994659423828125
dense_minilm,classifier_all_positive,368,no acute abnormality,no_finding,1,3,True,True,10,1,1,1,1,1,1,0,0,,1,1,1,1,1,1,0,0.66666666666666674,0.9999997615814209,1,1,1,1,1,1,0,0.80000000000000004,0.99999982118606567,1,1,1,1,1,1,0,0.90000000000000002,0.994659423828125
dense_minilm,classifier_all_positive,373,no acute abnormality,no_finding,1,3,True,True,10,1,1,1,1,1,1,0,0,,1,1,1,1,1,1,0,0.66666666666666674,0.9999997615814209,1,1,1,1,1,1,0,0.80000000000000004,0.99999982118606567,1,1,1,1,1,1,0,0.90000000000000002,0.994659423828125
dense_minilm,classifier_all_positive,382,lung opacity lung lesion pneumothorax,findings,3,5,True,True,10,0.5,0.25,0.5,0,0,1,0,0,,0.44444444444444442,0.23333333333333331,0.45065301483902237,0,0,1,0,0,0.7642701268196106,0.46666666666666662,0.32333333333333336,0.46433562254424537,0,0,1,0,0,0.76568728685379028,0.40833333333333333,0.23666666666666666,0.42888851558267643,1,0.16666666666666666,1,0.20000000000000001,0,0.72869008779525757
dense_minilm,classifier_all_positive,388,,empty,0,0,False,True,0,,,,,,,,,,,,,,,,,,,,,,,,,,,,,,,,,,,,
dense_minilm,classifier_all_positive,392,support device,findings,1,2,True,True,10,0.5,0.5,0.5,0,0,1,0,0,,0.5,0.5,0.53072127397724345,1,0.5,1,0.33333333333333331,0,0.36459830403327942,0.69999999999999996,0.69999999999999996,0.66083979472638388,1,0.5,1,0.20000000000000001,0,0.38849782943725586,0.55000000000000004,0.55000000000000004,0.58060200011180185,1,0.5,1,0.40000000000000002,0,0.46512973308563232
dense_minilm,classifier_all_positive,406,no acute abnormality,no_finding,1,3,True,True,10,0,1,0,0,0,0,1,0,,0,1,0,0,0,0,1,0.66666666666666674,0.9999997615814209,0,1,0,0,0,0,1,0.80000000000000004,0.99999982118606567,0,1,0,0,0,0,1,0.90000000000000002,0.994659423828125
dense_minilm,classifier_all_positive,407,support device,findings,1,2,True,True,10,0,0.5,0,0,0,0,1,0,,0,0.5,0,0,0,0,1,0,0.36459830403327942,0,0.69999999999999996,0,0,0,0,1,0,0.38849782943725586,0.10000000000000001,0.55000000000000004,0.063620788198951728,1,0.10000000000000001,1,0.90000000000000002,0,0.46512973308563232
dense_minilm,classifier_all_positive,419,no acute abnormality,no_finding,1,3,True,True,10,1,1,1,1,1,1,0,0,,1,1,1,1,1,1,0,0.66666666666666674,0.9999997615814209,1,1,1,1,1,1,0,0.80000000000000004,0.99999982118606567,1,1,1,1,1,1,0,0.90000000000000002,0.994659423828125
dense_minilm,classifier_all_positive,427,no acute abnormality,no_finding,1,3,True,True,10,1,1,1,1,1,1,0,0,,1,1,1,1,1,1,0,0.66666666666666674,0.9999997615814209,1,1,1,1,1,1,0,0.80000000000000004,0.99999982118606567,1,1,1,1,1,1,0,0.90000000000000002,0.994659423828125
dense_minilm,classifier_all_positive,430,,empty,0,0,False,True,0,,,,,,,,,,,,,,,,,,,,,,,,,,,,,,,,,,,,
dense_minilm,classifier_all_positive,436,lung opacity consolidation pneumonia atelectasis pleural effusion fracture,findings,6,8,True,True,10,0,0.16666666666666666,0,0,0,0,1,0,,0,0.25396825396825395,0,0,0,0,1,0,0.76978808641433716,0,0.31904761904761902,0,0,0,0,1,0,0.7690083384513855,0.033333333333333333,0.38095238095238093,0.021206929399650572,0,0,1,0.90000000000000002,0,0.74053257703781128
dense_minilm,classifier_all_positive,438,no acute abnormality,no_finding,1,3,True,True,10,1,1,1,1,1,1,0,0,,1,1,1,1,1,1,0,0.66666666666666674,0.9999997615814209,1,1,1,1,1,1,0,0.80000000000000004,0.99999982118606567,1,1,1,1,1,1,0,0.90000000000000002,0.994659423828125
dense_minilm,classifier_all_positive,441,fracture,findings,1,1,True,True,10,0,0,0,0,0,0,1,0,,0,0.33333333333333331,0,0,0,0,1,0,0.54505807161331177,0,0.40000000000000002,0,0,0,0,1,0,0.60689628124237061,0,0.23333333333333334,0,0,0,0,1,0,0.59575396776199341
dense_minilm,classifier_all_positive,450,no acute abnormality,no_finding,1,3,True,True,10,1,1,1,1,1,1,0,0,,1,1,1,1,1,1,0,0.66666666666666674,0.9999997615814209,1,1,1,1,1,1,0,0.80000000000000004,0.99999982118606567,1,1,1,1,1,1,0,0.90000000000000002,0.994659423828125
dense_minilm,classifier_all_positive,481,enlarged cardiomediastinum support device,findings,2,4,True,True,10,0,0,0,0,0,0,1,0,,0.33333333333333331,0.16666666666666666,0.23463936301137822,1,0.33333333333333331,1,0.66666666666666663,0,0.71933221817016602,0.45000000000000001,0.23999999999999999,0.34844972185759998,1,0.33333333333333331,1,0.40000000000000002,0,0.70504933595657349,0.52500000000000002,0.27000000000000002,0.44731343994380879,1,0.33333333333333331,1,0.40000000000000002,0,0.70484095811843872
dense_minilm,classifier_all_positive,483,atelectasis,findings,1,1,True,True,10,0,0.5,0,0,0,0,1,0,,0.16666666666666666,0.66666666666666663,0.14804095548293261,0,0,1,0.66666666666666663,0,0.69927710294723511,0.10000000000000001,0.80000000000000004,0.10699313236726378,0,0,1,0.80000000000000004,0,0.66594600677490234,0.14499999999999999,0.54500000000000004,0.1326402967879565,0,0,1,0.59999999999999998,0,0.6276324987411499
dense_minilm,classifier_all_positive,499,fracture,findings,1,1,True,True,10,0,0,0,0,0,0,1,0,,0,0.33333333333333331,0,0,0,0,1,0,0.54505807161331177,0,0.40000000000000002,0,0,0,0,1,0,0.60689628124237061,0.29999999999999999,0.23333333333333334,0.21801641453242443,1,0.16666666666666666,1,0.69999999999999996,0,0.59575396776199341
dense_minilm,classifier_all_positive,501,pneumonia,findings,1,1,True,True,10,0,0,0,0,0,0,1,0,,0,0.33333333333333331,0,0,0,0,1,0,0.79625701904296875,0,0.20000000000000001,0,0,0,0,1,0,0.78606843948364258,0,0.10000000000000001,0,0,0,0,1,0,0.78300249576568604
dense_minilm,classifier_all_positive,504,lung opacity atelectasis fracture,findings,3,4,True,True,10,1,0.66666666666666663,1,1,1,1,0,0,,0.83333333333333337,0.57777777777777783,0.88268031849431083,1,1,1,0,0,0.78061991930007935,0.80000000000000004,0.55999999999999994,0.84960740992542505,1,1,1,0,0,0.75228005647659302,0.80000000000000004,0.58833333333333337,0.83139597101585605,1,1,1,0,0,0.73412185907363892
dense_minilm,classifier_all_positive,505,lung opacity pleural abnormality fracture,findings,3,5,True,True,10,0,0.40000000000000002,0,0,0,0,1,0,,0,0.32777777777777778,0,0,0,0,1,0,0.77849549055099487,0.20000000000000001,0.24666666666666667,0.14606834984270645,1,0.25,1,0.80000000000000004,0,0.75179630517959595,0.20000000000000001,0.28166666666666662,0.16421958630632805,1,0.25,1,0.80000000000000004,0,0.68767350912094116
dense_minilm,classifier_all_positive,508,no acute abnormality,no_finding,1,3,True,True,10,1,1,1,1,1,1,0,0,,1,1,1,1,1,1,0,0.66666666666666674,0.9999997615814209,1,1,1,1,1,1,0,0.80000000000000004,0.99999982118606567,1,1,1,1,1,1,0,0.90000000000000002,0.994659423828125
dense_minilm,classifier_all_positive,514,no acute abnormality,no_finding,1,3,True,True,10,1,1,1,1,1,1,0,0,,1,1,1,1,1,1,0,0.66666666666666674,0.9999997615814209,1,1,1,1,1,1,0,0.80000000000000004,0.99999982118606567,1,1,1,1,1,1,0,0.90000000000000002,0.994659423828125
dense_minilm,classifier_all_positive,522,fracture,findings,1,1,True,True,10,0,0,0,0,0,0,1,0,,0,0.33333333333333331,0,0,0,0,1,0,0.54505807161331177,0,0.40000000000000002,0,0,0,0,1,0,0.60689628124237061,0.033333333333333333,0.23333333333333334,0.023143740645592423,0,0,1,0.90000000000000002,0,0.59575396776199341
dense_minilm,classifier_all_positive,530,cardiomegaly,findings,1,1,True,True,10,1,1,1,1,1,1,0,0,,1,1,1,1,1,1,0,0,0.73525112867355347,0.90000000000000002,0.90000000000000002,0.92696582507864678,1,1,1,0,0,0.73118877410888672,0.84999999999999998,0.84999999999999998,0.87672472227620712,1,1,1,0,0,0.66543298959732056
dense_minilm,classifier_all_positive,546,cardiomegaly lung opacity pleural effusion,findings,3,5,True,True,10,0,0.5,0,0,0,0,1,0,,0,0.29999999999999999,0,0,0,0,1,0,0.75074499845504761,0,0.27999999999999997,0,0,0,0,1,0,0.74667054414749146,0.025000000000000001,0.24833333333333335,0.019614710930155439,0,0,1,0.90000000000000002,0,0.77857369184494019
dense_minilm,classifier_all_positive,569,lung opacity atelectasis pneumothorax pleural effusion pleural abnormality fracture support device,findings,7,11,True,True,10,0.20000000000000001,0.5714285714285714,0.20000000000000001,0,0,0.5,0,0,,0.28888888888888892,0.38095238095238093,0.27076283653029909,0,0,0.5,0,0,0.81527930498123169,0.33999999999999997,0.31428571428571422,0.31245669760396894,0,0,0.5,0,0,0.80686652660369873,0.27833333333333332,0.2857142857142857,0.28218828593907125,0,0,0.5,0.20000000000000001,0,0.71636104583740234
dense_minilm,classifier_all_positive,573,lung opacity,findings,1,2,True,True,10,0.5,1,0.5,0,0,0.5,0,0,,0.34444444444444439,0.58333333333333337,0.37206886620834401,0,0,0.5,0,0,0.81683164834976196,0.37333333333333329,0.65000000000000002,0.38319604516638928,0,0,0.5,0,0,0.76443135738372803,0.37,0.64166666666666661,0.37664138815614678,0,0,0.5,0,0,0.74234282970428467
dense_minilm,classifier_all_positive,579,no acute abnormality,no_finding,1,3,True,True,10,1,1,1,1,1,1,0,0,,1,1,1,1,1,1,0,0.66666666666666674,0.9999997615814209,1,1,1,1,1,1,0,0.80000000000000004,0.99999982118606567,1,1,1,1,1,1,0,0.90000000000000002,0.994659423828125
dense_minilm,classifier_all_positive,582,no acute abnormality,no_finding,1,3,True,True,10,1,1,1,1,1,1,0,0,,1,1,1,1,1,1,0,0.66666666666666674,0.9999997615814209,1,1,1,1,1,1,0,0.80000000000000004,0.99999982118606567,1,1,1,1,1,1,0,0.90000000000000002,0.994659423828125
dense_minilm,classifier_all_positive,584,no acute abnormality,no_finding,1,3,True,True,10,1,1,1,1,1,1,0,0,,1,1,1,1,1,1,0,0.66666666666666674,0.9999997615814209,1,1,1,1,1,1,0,0.80000000000000004,0.99999982118606567,1,1,1,1,1,1,0,0.90000000000000002,0.994659423828125
dense_minilm,classifier_all_positive,586,cardiomegaly lung opacity consolidation pneumonia,findings,4,5,True,True,10,0.25,0.5,0.25,0,0,0.33333333333333331,0,0,,0.44444444444444442,0.45000000000000001,0.39199317408617784,0,0,1,0,0,0.78193998336791992,0.33333333333333331,0.32000000000000001,0.33199333315508806,0,0,1,0.20000000000000001,0,0.70181667804718018,0.19999999999999998,0.185,0.23752569783546493,0,0,1,0.5,0.30000000000000004,0.74812817573547363
dense_minilm,classifier_all_positive,601,lung opacity consolidation pneumonia support device,findings,4,6,True,True,10,0.20000000000000001,0.59999999999999998,0.20000000000000001,0,0,0.5,0,0,,0.24444444444444446,0.41428571428571431,0.2312852484015171,0,0,1,0,0,0.63609856367111206,0.34666666666666668,0.34857142857142859,0.30579270855808888,0,0,1,0,0,0.70602303743362427,0.32666666666666666,0.30761904761904763,0.30267003454812186,0,0,1,0.10000000000000001,0,0.69105631113052368
dense_minilm,classifier_all_positive,608,fracture,findings,1,1,True,True,10,0,0,0,0,0,0,1,0,,0.33333333333333331,0.33333333333333331,0.23463936301137822,1,0.33333333333333331,1,0.66666666666666663,0,0.54505807161331177,0.40000000000000002,0.40000000000000002,0.31564845247951451,1,0.33333333333333331,1,0.59999999999999998,0,0.60689628124237061,0.23333333333333334,0.23333333333333334,0.22797798816418333,1,0.33333333333333331,1,0.69999999999999996,0,0.59575396776199341
dense_minilm,classifier_all_positive,618,no acute abnormality,no_finding,1,3,True,True,10,1,1,1,1,1,1,0,0,,1,1,1,1,1,1,0,0.66666666666666674,0.9999997615814209,1,1,1,1,1,1,0,0.80000000000000004,0.99999982118606567,1,1,1,1,1,1,0,0.90000000000000002,0.994659423828125
dense_minilm,classifier_all_positive,661,pleural effusion,findings,1,2,True,True,10,0,0,0,0,0,0,1,0,,0,0.5,0,0,0,0,1,0,0.69165629148483276,0,0.40000000000000002,0,0,0,0,1,0,0.6825869083404541,0,0.25,0,0,0,0,1,0,0.64989537000656128
dense_minilm,classifier_all_positive,665,cardiomegaly,findings,1,1,True,True,10,1,1,1,1,1,1,0,0,,1,1,1,1,1,1,0,0,0.73525112867355347,0.90000000000000002,0.90000000000000002,0.92696582507864678,1,1,1,0,0,0.73118877410888672,0.84999999999999998,0.84999999999999998,0.87672472227620712,1,1,1,0,0,0.66543298959732056
dense_minilm,classifier_all_positive,668,atelectasis,findings,1,1,True,True,10,0,0.5,0,0,0,0,1,0,,0,0.66666666666666663,0,0,0,0,1,0,0.69927710294723511,0,0.80000000000000004,0,0,0,0,1,0,0.66594600677490234,0,0.54500000000000004,0,0,0,0,1,0,0.6276324987411499
dense_minilm,classifier_all_positive,672,lung opacity consolidation pneumonia pleural effusion,findings,4,6,True,True,10,0,0.25,0,0,0,0,1,0,,0,0.39444444444444443,0,0,0,0,1,0,0.73634880781173706,0.040000000000000001,0.40333333333333332,0.027441155131138078,0,0,0.5,0.80000000000000004,0,0.75478017330169678,0.02,0.37666666666666665,0.019925930484528741,0,0,0.5,0.90000000000000002,0,0.72508078813552856
dense_minilm,classifier_all_positive,683,fracture,findings,1,1,True,True,10,0,0,0,0,0,0,1,0,,0,0.33333333333333331,0,0,0,0,1,0,0.54505807161331177,0,0.40000000000000002,0,0,0,0,1,0,0.60689628124237061,0.29999999999999999,0.23333333333333334,0.21801641453242443,1,0.16666666666666666,1,0.69999999999999996,0,0.59575396776199341
dense_minilm,classifier_all_positive,688,lung opacity pneumonia atelectasis,findings,3,4,True,True,10,0.33333333333333331,0.33333333333333331,0.33333333333333331,0,0,0.33333333333333331,0,0,,0.44444444444444442,0.44444444444444442,0.45894919005772122,0,0,0.66666666666666663,0,0,0.78855293989181519,0.3833333333333333,0.46666666666666667,0.44735675141185832,0,0,0.66666666666666663,0,0,0.72217541933059692,0.50666666666666671,0.54833333333333345,0.59291836924710906,0,0,1,0,0,0.71738672256469727
dense_minilm,classifier_all_positive,689,lung opacity lung lesion,findings,2,4,True,True,10,0,0.5,0,0,0,0,1,0,,0,0.39999999999999997,0,0,0,0,1,0,0.78673309087753296,0,0.44000000000000006,0,0,0,0,1,0,0.72698044776916504,0,0.41166666666666674,0,0,0,0,1,0,0.71934425830841064
dense_minilm,classifier_all_positive,691,fracture,findings,1,1,True,True,10,0,0,0,0,0,0,1,0,,0,0.33333333333333331,0,0,0,0,1,0,0.54505807161331177,0,0.40000000000000002,0,0,0,0,1,0,0.60689628124237061,0.29999999999999999,0.23333333333333334,0.21801641453242443,1,0.16666666666666666,1,0.69999999999999996,0,0.59575396776199341
dense_minilm,classifier_all_positive,699,,empty,0,0,False,True,0,,,,,,,,,,,,,,,,,,,,,,,,,,,,,,,,,,,,
dense_minilm,classifier_all_positive,709,fracture,findings,1,1,True,True,10,0,0,0,0,0,0,1,0,,0.33333333333333331,0.33333333333333331,0.23463936301137822,1,0.33333333333333331,1,0.66666666666666663,0,0.54505807161331177,0.40000000000000002,0.40000000000000002,0.31564845247951451,1,0.33333333333333331,1,0.59999999999999998,0,0.60689628124237061,0.23333333333333334,0.23333333333333334,0.22797798816418333,1,0.33333333333333331,1,0.69999999999999996,0,0.59575396776199341
dense_minilm,classifier_all_positive,716,cardiomegaly pneumonia,findings,2,2,True,True,10,0.5,0.33333333333333331,0.5,0,0,1,0,0,,0.16666666666666666,0.1111111111111111,0.23463936301137822,0,0,1,0.66666666666666663,0,0.70460313558578491,0.40000000000000002,0.23333333333333331,0.37381935507050307,1,0.20000000000000001,1,0.40000000000000002,0,0.65957510471343994,0.45000000000000001,0.25,0.42457746150091152,1,0.20000000000000001,1,0.40000000000000002,0,0.68914467096328735
dense_minilm,classifier_all_positive,725,fracture,findings,1,1,True,True,10,0,0,0,0,0,0,1,0,,0,0.33333333333333331,0,0,0,0,1,0,0.54505807161331177,0,0.40000000000000002,0,0,0,0,1,0,0.60689628124237061,0.29999999999999999,0.23333333333333334,0.21801641453242443,1,0.16666666666666666,1,0.69999999999999996,0,0.59575396776199341
dense_minilm,classifier_all_positive,731,no acute abnormality,no_finding,1,3,True,True,10,1,1,1,1,1,1,0,0,,1,1,1,1,1,1,0,0.66666666666666674,0.9999997615814209,1,1,1,1,1,1,0,0.80000000000000004,0.99999982118606567,1,1,1,1,1,1,0,0.90000000000000002,0.994659423828125
dense_minilm,classifier_all_positive,733,support device,findings,1,2,True,True,10,0.5,0.5,0.5,0,0,1,0,0,,0.5,0.5,0.53072127397724345,1,0.5,1,0.33333333333333331,0,0.36459830403327942,0.69999999999999996,0.69999999999999996,0.66083979472638388,1,0.5,1,0.20000000000000001,0,0.38849782943725586,0.55000000000000004,0.55000000000000004,0.58060200011180185,1,0.5,1,0.40000000000000002,0,0.46512973308563232
dense_minilm,classifier_all_positive,739,no acute abnormality,no_finding,1,3,True,True,10,1,1,1,1,1,1,0,0,,1,1,1,1,1,1,0,0.66666666666666674,0.9999997615814209,1,1,1,1,1,1,0,0.80000000000000004,0.99999982118606567,1,1,1,1,1,1,0,0.90000000000000002,0.994659423828125
dense_minilm,classifier_all_positive,744,pneumothorax support device,findings,2,3,True,True,10,0,0,0,0,0,0,1,0,,0.16666666666666666,0.1111111111111111,0.11731968150568911,0,0,1,0.66666666666666663,0,0.66625469923019409,0.10000000000000001,0.26666666666666666,0.084790051318404031,0,0,1,0.80000000000000004,0,0.65369033813476562,0.083333333333333329,0.2583333333333333,0.078166682220112471,0,0,1,0.80000000000000004,0,0.67026418447494507
dense_minilm,classifier_all_positive,756,fracture,findings,1,1,True,True,10,0,0,0,0,0,0,1,0,,0,0.33333333333333331,0,0,0,0,1,0,0.54505807161331177,0,0.40000000000000002,0,0,0,0,1,0,0.60689628124237061,0.29999999999999999,0.23333333333333334,0.21801641453242443,1,0.16666666666666666,1,0.69999999999999996,0,0.59575396776199341
dense_minilm,classifier_all_positive,758,fracture,findings,1,1,True,True,10,0,0,0,0,0,0,1,0,,0,0.33333333333333331,0,0,0,0,1,0,0.54505807161331177,0,0.40000000000000002,0,0,0,0,1,0,0.60689628124237061,0.29999999999999999,0.23333333333333334,0.21801641453242443,1,0.16666666666666666,1,0.69999999999999996,0,0.59575396776199341
dense_minilm,classifier_all_positive,760,lung opacity pneumonia fracture,findings,3,4,True,True,10,0.5,0.33333333333333331,0.5,0,0,0.5,0,0,,0.44444444444444442,0.44444444444444442,0.46089343949810357,0,0,0.5,0,0,0.72065275907516479,0.36666666666666664,0.33333333333333331,0.39870247463917874,0,0,0.5,0.20000000000000001,0,0.68984699249267578,0.31666666666666665,0.30666666666666664,0.3562609533006017,0,0,1,0.29999999999999999,0,0.69850760698318481
dense_minilm,classifier_all_positive,766,no acute abnormality,no_finding,1,3,True,True,10,1,1,1,1,1,1,0,0,,1,1,1,1,1,1,0,0.66666666666666674,0.9999997615814209,1,1,1,1,1,1,0,0.80000000000000004,0.99999982118606567,1,1,1,1,1,1,0,0.90000000000000002,0.994659423828125
dense_minilm,classifier_all_positive,793,no acute abnormality,no_finding,1,3,True,True,10,1,1,1,1,1,1,0,0,,1,1,1,1,1,1,0,0.66666666666666674,0.9999997615814209,1,1,1,1,1,1,0,0.80000000000000004,0.99999982118606567,1,1,1,1,1,1,0,0.90000000000000002,0.994659423828125
dense_minilm,classifier_all_positive,808,lung opacity consolidation pneumonia atelectasis,findings,4,5,True,True,10,0.33333333333333331,0.25,0.33333333333333331,0,0,0.33333333333333331,0,0,,0.46666666666666662,0.3611111111111111,0.49726214866102753,0,0,0.66666666666666663,0,0,0.81064891815185547,0.47999999999999998,0.36666666666666664,0.55176749615228071,0,0,0.66666666666666663,0,0,0.77549207210540771,0.5066666666666666,0.44833333333333336,0.62771979083820617,0,0,1,0,0,0.71007531881332397
dense_minilm,classifier_all_positive,841,no acute abnormality,no_finding,1,3,True,True,10,0,1,0,0,0,0,1,0,,0,1,0,0,0,0,1,0.66666666666666674,0.9999997615814209,0,1,0,0,0,0,1,0.80000000000000004,0.99999982118606567,0,1,0,0,0,0,1,0.90000000000000002,0.994659423828125
dense_minilm,classifier_all_positive,844,no acute abnormality,no_finding,1,3,True,True,10,1,1,1,1,1,1,0,0,,1,1,1,1,1,1,0,0.66666666666666674,0.9999997615814209,1,1,1,1,1,1,0,0.80000000000000004,0.99999982118606567,1,1,1,1,1,1,0,0.90000000000000002,0.994659423828125
dense_minilm,classifier_all_positive,847,lung opacity atelectasis fracture,findings,3,4,True,True,10,0,0.66666666666666663,0,0,0,0,1,0,,0,0.57777777777777783,0,0,0,0,1,0,0.78061991930007935,0,0.55999999999999994,0,0,0,0,1,0,0.75228005647659302,0,0.58833333333333337,0,0,0,0,1,0,0.73412185907363892
dense_minilm,classifier_all_positive,854,,empty,0,0,False,True,0,,,,,,,,,,,,,,,,,,,,,,,,,,,,,,,,,,,,
dense_minilm,classifier_all_positive,867,fracture,findings,1,1,True,True,10,0,0,0,0,0,0,1,0,,0.33333333333333331,0.33333333333333331,0.29608191096586522,1,0.5,1,0.66666666666666663,0,0.54505807161331177,0.20000000000000001,0.40000000000000002,0.21398626473452756,1,0.5,1,0.80000000000000004,0,0.60689628124237061,0.10000000000000001,0.23333333333333334,0.13886244387355456,1,0.5,1,0.90000000000000002,0,0.59575396776199341
dense_minilm,classifier_all_positive,868,lung lesion,findings,1,2,True,True,10,0,0,0,0,0,0,1,0,,0.083333333333333329,0.33333333333333331,0.058659840752844555,0,0,0.5,0.66666666666666663,0,0.73330259323120117,0.050000000000000003,0.20000000000000001,0.042395025659202015,0,0,0.5,0.80000000000000004,0,0.70415800809860229,0.074999999999999997,0.10000000000000001,0.066710605276597695,0,0,0.5,0.80000000000000004,0,0.68368875980377197
dense_minilm,classifier_all_positive,882,no acute abnormality,no_finding,1,3,True,True,10,1,1,1,1,1,1,0,0,,1,1,1,1,1,1,0,0.66666666666666674,0.9999997615814209,1,1,1,1,1,1,0,0.80000000000000004,0.99999982118606567,1,1,1,1,1,1,0,0.90000000000000002,0.994659423828125
dense_minilm,classifier_all_positive,906,no acute abnormality,no_finding,1,3,True,True,10,0,1,0,0,0,0,1,0,,0,1,0,0,0,0,1,0.66666666666666674,0.9999997615814209,0,1,0,0,0,0,1,0.80000000000000004,0.99999982118606567,0,1,0,0,0,0,1,0.90000000000000002,0.994659423828125
dense_minilm,classifier_all_positive,912,no acute abnormality,no_finding,1,3,True,True,10,1,1,1,1,1,1,0,0,,1,1,1,1,1,1,0,0.66666666666666674,0.9999997615814209,1,1,1,1,1,1,0,0.80000000000000004,0.99999982118606567,1,1,1,1,1,1,0,0.90000000000000002,0.994659423828125
dense_minilm,classifier_all_positive,929,lung lesion fracture,findings,2,3,True,True,10,0,0,0,0,0,0,1,0,,0,0,0,0,0,0,1,0,0.77028614282608032,0.066666666666666666,0.16666666666666666,0.043735025837447261,0,0,0.5,0.80000000000000004,0,0.67399537563323975,0.098333333333333342,0.22500000000000001,0.072717083852181841,0,0,1,0.69999999999999996,0,0.67898303270339966
dense_minilm,classifier_all_positive,937,no acute abnormality,no_finding,1,3,True,True,10,1,1,1,1,1,1,0,0,,1,1,1,1,1,1,0,0.66666666666666674,0.9999997615814209,1,1,1,1,1,1,0,0.80000000000000004,0.99999982118606567,1,1,1,1,1,1,0,0.90000000000000002,0.994659423828125
dense_minilm,classifier_all_positive,940,no acute abnormality,no_finding,1,3,True,True,10,1,1,1,1,1,1,0,0,,1,1,1,1,1,1,0,0.66666666666666674,0.9999997615814209,1,1,1,1,1,1,0,0.80000000000000004,0.99999982118606567,1,1,1,1,1,1,0,0.90000000000000002,0.994659423828125
dense_minilm,classifier_all_positive,941,fracture,findings,1,1,True,True,10,0,0,0,0,0,0,1,0,,0,0.33333333333333331,0,0,0,0,1,0,0.54505807161331177,0,0.40000000000000002,0,0,0,0,1,0,0.60689628124237061,0.29999999999999999,0.23333333333333334,0.21801641453242443,1,0.16666666666666666,1,0.69999999999999996,0,0.59575396776199341
dense_minilm,classifier_all_positive,955,lung opacity consolidation pneumonia,findings,3,4,True,True,10,0,0.33333333333333331,0,0,0,0,1,0,,0,0.44444444444444442,0,0,0,0,1,0,0.72065275907516479,0,0.41333333333333339,0,0,0,0,1,0,0.71390914916992188,0.025000000000000001,0.34666666666666668,0.019599567244668836,0,0,1,0.90000000000000002,0,0.69532173871994019
dense_minilm,classifier_all_positive,959,lung opacity,findings,1,2,True,True,10,1,1,1,1,1,1,0,0,,0.58333333333333337,0.58333333333333337,0.66061888526991186,1,1,1,0,0,0.81683164834976196,0.65000000000000002,0.65000000000000002,0.6816860752093471,1,1,1,0,0,0.76443135738372803,0.64166666666666661,0.64166666666666661,0.66307265529242776,1,1,1,0,0,0.74234282970428467
dense_minilm,classifier_all_positive,961,no acute abnormality,no_finding,1,3,True,True,10,0,1,0,0,0,0,1,0,,0,1,0,0,0,0,1,0.66666666666666674,0.9999997615814209,0,1,0,0,0,0,1,0.80000000000000004,0.99999982118606567,0,1,0,0,0,0,1,0.90000000000000002,0.994659423828125
dense_minilm,classifier_all_positive,962,no acute abnormality,no_finding,1,3,True,True,10,1,1,1,1,1,1,0,0,,1,1,1,1,1,1,0,0.66666666666666674,0.9999997615814209,1,1,1,1,1,1,0,0.80000000000000004,0.99999982118606567,1,1,1,1,1,1,0,0.90000000000000002,0.994659423828125
dense_minilm,classifier_all_positive,972,enlarged cardiomediastinum lung lesion,findings,2,4,True,True,10,0.33333333333333331,0,0.33333333333333331,0,0,0.5,0,0,,0.27777777777777773,0,0.27374592351327454,0,0,0.5,0.33333333333333331,0,0.79078054428100586,0.16666666666666666,0,0.19784345307627604,0,0,0.5,0.59999999999999998,0,0.75525778532028198,0.083333333333333329,0,0.12838686367388011,0,0,0.5,0.80000000000000004,0,0.79350423812866211
dense_minilm,classifier_all_positive,980,no acute abnormality,no_finding,1,3,True,True,10,1,1,1,1,1,1,0,0,,1,1,1,1,1,1,0,0.66666666666666674,0.9999997615814209,1,1,1,1,1,1,0,0.80000000000000004,0.99999982118606567,1,1,1,1,1,1,0,0.90000000000000002,0.994659423828125
dense_minilm,classifier_all_positive,981,enlarged cardiomediastinum cardiomegaly,findings,2,3,True,True,10,0.5,0.33333333333333331,0.5,0,0,1,0,0,,0.33333333333333331,0.22222222222222221,0.35195904451706733,0,0,1,0.33333333333333331,0,0.78161144256591797,0.59999999999999998,0.33333333333333331,0.53164358131026035,1,0.25,1,0.20000000000000001,0,0.75046312808990479,0.42499999999999999,0.23666666666666664,0.42959551071396102,1,0.25,1,0.40000000000000002,0,0.70256322622299194
dense_minilm,classifier_all_positive,984,no acute abnormality,no_finding,1,3,True,True,10,0,1,0,0,0,0,1,0,,0,1,0,0,0,0,1,0.66666666666666674,0.9999997615814209,0,1,0,0,0,0,1,0.80000000000000004,0.99999982118606567,0,1,0,0,0,0,1,0.90000000000000002,0.994659423828125
dense_minilm,classifier_all_positive,1014,,empty,0,0,False,True,0,,,,,,,,,,,,,,,,,,,,,,,,,,,,,,,,,,,,
dense_minilm,classifier_all_positive,1049,support device,findings,1,2,True,True,10,0,0.5,0,0,0,0,1,0,,0,0.5,0,0,0,0,1,0,0.36459830403327942,0,0.69999999999999996,0,0,0,0,1,0,0.38849782943725586,0.10000000000000001,0.55000000000000004,0.063620788198951728,1,0.10000000000000001,1,0.90000000000000002,0,0.46512973308563232
dense_minilm,classifier_all_positive,1055,no acute abnormality,no_finding,1,3,True,True,10,1,1,1,1,1,1,0,0,,1,1,1,1,1,1,0,0.66666666666666674,0.9999997615814209,1,1,1,1,1,1,0,0.80000000000000004,0.99999982118606567,1,1,1,1,1,1,0,0.90000000000000002,0.994659423828125
dense_minilm,classifier_all_positive,1064,lung opacity consolidation atelectasis pleural effusion fracture,findings,5,7,True,True,10,0.66666666666666663,0.59999999999999998,0.66666666666666663,0,0,1,0,0,,0.55555555555555547,0.43333333333333335,0.57821312100379263,0,0,1,0,0,0.74693059921264648,0.73333333333333328,0.42000000000000004,0.69516341455646025,1,0.25,1,0,0,0.76975142955780029,0.71666666666666656,0.38333333333333336,0.69891968829542783,1,0.25,1,0,0,0.74256891012191772
dense_minilm,classifier_all_positive,1079,atelectasis,findings,1,1,True,True,10,0.5,0.5,0.5,0,0,1,0,0,,0.66666666666666663,0.66666666666666663,0.61731968150568906,1,0.33333333333333331,1,0,0,0.69927710294723511,0.80000000000000004,0.80000000000000004,0.72342676499592806,1,0.33333333333333331,1,0,0,0.66594600677490234,0.54500000000000004,0.54500000000000004,0.57541752890903164,1,0.33333333333333331,1,0.10000000000000001,0,0.6276324987411499
dense_minilm,classifier_all_positive,1085,no acute abnormality,no_finding,1,3,True,True,10,0,1,0,0,0,0,1,0,,0,1,0,0,0,0,1,0.66666666666666674,0.9999997615814209,0,1,0,0,0,0,1,0.80000000000000004,0.99999982118606567,0,1,0,0,0,0,1,0.90000000000000002,0.994659423828125
dense_minilm,classifier_all_positive,1125,lung opacity,findings,1,2,True,True,10,0.5,1,0.5,0,0,0.5,0,0,,0.34444444444444439,0.58333333333333337,0.37206886620834401,0,0,0.5,0,0,0.81683164834976196,0.37333333333333329,0.65000000000000002,0.38319604516638928,0,0,0.5,0,0,0.76443135738372803,0.45333333333333325,0.64166666666666661,0.43823700937091864,0,0,1,0,0,0.74234282970428467
dense_minilm,classifier_all_positive,1159,support device,findings,1,2,True,True,10,0,0.5,0,0,0,0,1,0,,0,0.5,0,0,0,0,1,0,0.36459830403327942,0,0.69999999999999996,0,0,0,0,1,0,0.38849782943725586,0.10000000000000001,0.55000000000000004,0.063620788198951728,1,0.10000000000000001,1,0.90000000000000002,0,0.46512973308563232
dense_minilm,classifier_all_positive,1162,no acute abnormality,no_finding,1,3,True,True,10,1,1,1,1,1,1,0,0,,1,1,1,1,1,1,0,0.66666666666666674,0.9999997615814209,1,1,1,1,1,1,0,0.80000000000000004,0.99999982118606567,1,1,1,1,1,1,0,0.90000000000000002,0.994659423828125
dense_minilm,classifier_all_positive,1191,no acute abnormality,no_finding,1,3,True,True,10,1,1,1,1,1,1,0,0,,1,1,1,1,1,1,0,0.66666666666666674,0.9999997615814209,1,1,1,1,1,1,0,0.80000000000000004,0.99999982118606567,1,1,1,1,1,1,0,0.90000000000000002,0.994659423828125
dense_minilm,classifier_all_positive,1206,fracture,findings,1,1,True,True,10,0,0,0,0,0,0,1,0,,0,0.33333333333333331,0,0,0,0,1,0,0.54505807161331177,0,0.40000000000000002,0,0,0,0,1,0,0.60689628124237061,0.29999999999999999,0.23333333333333334,0.21801641453242443,1,0.16666666666666666,1,0.69999999999999996,0,0.59575396776199341
dense_minilm,classifier_all_positive,1214,lung opacity consolidation pneumonia,findings,3,4,True,True,10,0,0.33333333333333331,0,0,0,0,1,0,,0,0.44444444444444442,0,0,0,0,1,0,0.72065275907516479,0.050000000000000003,0.41333333333333339,0.036517087460676612,0,0,1,0.80000000000000004,0,0.71390914916992188,0.025000000000000001,0.34666666666666668,0.023697091092387698,0,0,1,0.90000000000000002,0,0.69532173871994019
dense_minilm,classifier_all_positive,1226,no acute abnormality,no_finding,1,3,True,True,10,0,1,0,0,0,0,1,0,,0,1,0,0,0,0,1,0.66666666666666674,0.9999997615814209,0,1,0,0,0,0,1,0.80000000000000004,0.99999982118606567,0,1,0,0,0,0,1,0.90000000000000002,0.994659423828125
dense_minilm,classifier_all_positive,1234,cardiomegaly,findings,1,1,True,True,10,0.33333333333333331,1,0.33333333333333331,0,0,0.33333333333333331,0,0,,0.33333333333333331,1,0.33333333333333326,0,0,0.33333333333333331,0,0,0.73525112867355347,0.31666666666666665,0.90000000000000002,0.33205272161589033,0,0,0.33333333333333331,0,0,0.73118877410888672,0.34999999999999998,0.84999999999999998,0.3978848313491381,0,0,0.66666666666666663,0,0,0.66543298959732056
dense_minilm,classifier_all_positive,1239,no acute abnormality,no_finding,1,3,True,True,10,1,1,1,1,1,1,0,0,,1,1,1,1,1,1,0,0.66666666666666674,0.9999997615814209,1,1,1,1,1,1,0,0.80000000000000004,0.99999982118606567,1,1,1,1,1,1,0,0.90000000000000002,0.994659423828125
dense_minilm,classifier_all_positive,1260,no acute abnormality,no_finding,1,3,True,True,10,1,1,1,1,1,1,0,0,,1,1,1,1,1,1,0,0.66666666666666674,0.9999997615814209,1,1,1,1,1,1,0,0.80000000000000004,0.99999982118606567,1,1,1,1,1,1,0,0.90000000000000002,0.994659423828125
dense_minilm,classifier_all_positive,1263,no acute abnormality,no_finding,1,3,True,True,10,1,1,1,1,1,1,0,0,,1,1,1,1,1,1,0,0.66666666666666674,0.9999997615814209,1,1,1,1,1,1,0,0.80000000000000004,0.99999982118606567,1,1,1,1,1,1,0,0.90000000000000002,0.994659423828125
dense_minilm,classifier_all_positive,1277,fracture,findings,1,1,True,True,10,0,0,0,0,0,0,1,0,,0,0.33333333333333331,0,0,0,0,1,0,0.54505807161331177,0,0.40000000000000002,0,0,0,0,1,0,0.60689628124237061,0.033333333333333333,0.23333333333333334,0.023143740645592423,0,0,1,0.90000000000000002,0,0.59575396776199341
dense_minilm,classifier_all_positive,1285,pleural effusion,findings,1,2,True,True,10,0,0,0,0,0,0,1,0,,0,0.5,0,0,0,0,1,0,0.69165629148483276,0,0.40000000000000002,0,0,0,0,1,0,0.6825869083404541,0,0.25,0,0,0,0,1,0,0.64989537000656128
dense_minilm,classifier_all_positive,1288,atelectasis,findings,1,1,True,True,10,0.5,0.5,0.5,0,0,1,0,0,,0.16666666666666666,0.66666666666666663,0.23463936301137822,0,0,1,0.66666666666666663,0,0.69927710294723511,0.10000000000000001,0.80000000000000004,0.16958010263680806,0,0,1,0.80000000000000004,0,0.66594600677490234,0.19500000000000001,0.54500000000000004,0.21245409248955696,0,0,1,0.5,0,0.6276324987411499
dense_minilm,classifier_all_positive,1294,no acute abnormality,no_finding,1,3,True,True,10,1,1,1,1,1,1,0,0,,1,1,1,1,1,1,0,0.66666666666666674,0.9999997615814209,1,1,1,1,1,1,0,0.80000000000000004,0.99999982118606567,1,1,1,1,1,1,0,0.90000000000000002,0.994659423828125
dense_minilm,classifier_all_positive,1314,no acute abnormality,no_finding,1,3,True,True,10,1,1,1,1,1,1,0,0,,1,1,1,1,1,1,0,0.66666666666666674,0.9999997615814209,1,1,1,1,1,1,0,0.80000000000000004,0.99999982118606567,1,1,1,1,1,1,0,0.90000000000000002,0.994659423828125
dense_minilm,classifier_all_positive,1334,fracture,findings,1,1,True,True,10,0,0,0,0,0,0,1,0,,0,0.33333333333333331,0,0,0,0,1,0,0.54505807161331177,0,0.40000000000000002,0,0,0,0,1,0,0.60689628124237061,0.29999999999999999,0.23333333333333334,0.21801641453242443,1,0.16666666666666666,1,0.69999999999999996,0,0.59575396776199341
dense_minilm,classifier_all_positive,1361,no acute abnormality,no_finding,1,3,True,True,10,0,1,0,0,0,0,1,0,,0,1,0,0,0,0,1,0.66666666666666674,0.9999997615814209,0,1,0,0,0,0,1,0.80000000000000004,0.99999982118606567,0,1,0,0,0,0,1,0.90000000000000002,0.994659423828125
dense_minilm,classifier_all_positive,1365,no acute abnormality,no_finding,1,3,True,True,10,0,1,0,0,0,0,1,0,,0,1,0,0,0,0,1,0.66666666666666674,0.9999997615814209,0,1,0,0,0,0,1,0.80000000000000004,0.99999982118606567,0,1,0,0,0,0,1,0.90000000000000002,0.994659423828125
dense_minilm,classifier_all_positive,1380,no acute abnormality,no_finding,1,3,True,True,10,1,1,1,1,1,1,0,0,,1,1,1,1,1,1,0,0.66666666666666674,0.9999997615814209,1,1,1,1,1,1,0,0.80000000000000004,0.99999982118606567,1,1,1,1,1,1,0,0.90000000000000002,0.994659423828125
dense_minilm,classifier_all_positive,1394,pneumonia,findings,1,1,True,True,10,0,0,0,0,0,0,1,0,,0,0.33333333333333331,0,0,0,0,1,0,0.79625701904296875,0,0.20000000000000001,0,0,0,0,1,0,0.78606843948364258,0,0.10000000000000001,0,0,0,0,1,0,0.78300249576568604
dense_minilm,classifier_all_positive,1397,no acute abnormality,no_finding,1,3,True,True,10,1,1,1,1,1,1,0,0,,1,1,1,1,1,1,0,0.66666666666666674,0.9999997615814209,1,1,1,1,1,1,0,0.80000000000000004,0.99999982118606567,1,1,1,1,1,1,0,0.90000000000000002,0.994659423828125
dense_minilm,classifier_all_positive,1422,lung opacity lung lesion consolidation pneumonia,findings,4,6,True,True,10,0.33333333333333331,0.25,0.33333333333333331,0,0,0.33333333333333331,0,0,,0.44444444444444442,0.33333333333333331,0.43719207163780588,0,0,0.66666666666666663,0,0,0.72065275907516479,0.42666666666666664,0.33333333333333331,0.47197657604500975,0,0,1,0,0,0.69377106428146362,0.38,0.29166666666666663,0.47513280541766922,0,0,1,0.10000000000000001,0,0.70507937669754028
dense_minilm,classifier_all_positive,1423,,empty,0,0,False,True,0,,,,,,,,,,,,,,,,,,,,,,,,,,,,,,,,,,,,
dense_minilm,classifier_all_positive,1431,no acute abnormality,no_finding,1,3,True,True,10,1,1,1,1,1,1,0,0,,1,1,1,1,1,1,0,0.66666666666666674,0.9999997615814209,1,1,1,1,1,1,0,0.80000000000000004,0.99999982118606567,1,1,1,1,1,1,0,0.90000000000000002,0.994659423828125
dense_minilm,classifier_all_positive,1435,no acute abnormality,no_finding,1,3,True,True,10,1,1,1,1,1,1,0,0,,1,1,1,1,1,1,0,0.66666666666666674,0.9999997615814209,1,1,1,1,1,1,0,0.80000000000000004,0.99999982118606567,1,1,1,1,1,1,0,0.90000000000000002,0.994659423828125
dense_minilm,classifier_all_positive,1451,lung opacity fracture,findings,2,3,True,True,10,0,0.5,0,0,0,0,1,0,,0.16666666666666666,0.39999999999999997,0.13268031849431086,0,0,1,0.33333333333333331,0,0.70242613554000854,0.16666666666666666,0.39000000000000001,0.13962661768028117,0,0,1,0.40000000000000002,0,0.72175633907318115,0.13333333333333333,0.41166666666666663,0.12532373193791096,0,0,1,0.59999999999999998,0,0.73003643751144409
dense_minilm,classifier_all_positive,1456,fracture,findings,1,1,True,True,10,0,0,0,0,0,0,1,0,,0,0.33333333333333331,0,0,0,0,1,0,0.54505807161331177,0,0.40000000000000002,0,0,0,0,1,0,0.60689628124237061,0.29999999999999999,0.23333333333333334,0.21801641453242443,1,0.16666666666666666,1,0.69999999999999996,0,0.59575396776199341
dense_minilm,classifier_all_positive,1466,no acute abnormality,no_finding,1,3,True,True,10,1,1,1,1,1,1,0,0,,1,1,1,1,1,1,0,0.66666666666666674,0.9999997615814209,1,1,1,1,1,1,0,0.80000000000000004,0.99999982118606567,1,1,1,1,1,1,0,0.90000000000000002,0.994659423828125
dense_minilm,classifier_all_positive,1469,,empty,0,0,False,True,0,,,,,,,,,,,,,,,,,,,,,,,,,,,,,,,,,,,,
dense_minilm,classifier_all_positive,1473,no acute abnormality,no_finding,1,3,True,True,10,1,1,1,1,1,1,0,0,,1,1,1,1,1,1,0,0.66666666666666674,0.9999997615814209,1,1,1,1,1,1,0,0.80000000000000004,0.99999982118606567,1,1,1,1,1,1,0,0.90000000000000002,0.994659423828125
dense_minilm,classifier_all_positive,1502,no acute abnormality,no_finding,1,3,True,True,10,1,1,1,1,1,1,0,0,,1,1,1,1,1,1,0,0.66666666666666674,0.9999997615814209,1,1,1,1,1,1,0,0.80000000000000004,0.99999982118606567,1,1,1,1,1,1,0,0.90000000000000002,0.994659423828125
dense_minilm,classifier_all_positive,1503,no acute abnormality,no_finding,1,3,True,True,10,1,1,1,1,1,1,0,0,,1,1,1,1,1,1,0,0.66666666666666674,0.9999997615814209,1,1,1,1,1,1,0,0.80000000000000004,0.99999982118606567,1,1,1,1,1,1,0,0.90000000000000002,0.994659423828125
dense_minilm,classifier_all_positive,1510,no acute abnormality,no_finding,1,3,True,True,10,1,1,1,1,1,1,0,0,,1,1,1,1,1,1,0,0.66666666666666674,0.9999997615814209,1,1,1,1,1,1,0,0.80000000000000004,0.99999982118606567,1,1,1,1,1,1,0,0.90000000000000002,0.994659423828125
dense_minilm,classifier_all_positive,1518,enlarged cardiomediastinum cardiomegaly,findings,2,3,True,True,10,0,0.33333333333333331,0,0,0,0,1,0,,0,0.22222222222222221,0,0,0,0,1,0,0.78161144256591797,0,0.33333333333333331,0,0,0,0,1,0,0.75046312808990479,0,0.23666666666666664,0,0,0,0,1,0,0.70256322622299194
dense_minilm,classifier_all_positive,1529,atelectasis,findings,1,1,True,True,10,0,0.5,0,0,0,0,1,0,,0,0.66666666666666663,0,0,0,0,1,0,0.69927710294723511,0,0.80000000000000004,0,0,0,0,1,0,0.66594600677490234,0.02,0.54500000000000004,0.012724157639790346,0,0,1,0.90000000000000002,0,0.6276324987411499
dense_minilm,classifier_all_positive,1537,no acute abnormality,no_finding,1,3,True,True,10,1,1,1,1,1,1,0,0,,1,1,1,1,1,1,0,0.66666666666666674,0.9999997615814209,1,1,1,1,1,1,0,0.80000000000000004,0.99999982118606567,1,1,1,1,1,1,0,0.90000000000000002,0.994659423828125
dense_minilm,classifier_all_positive,1545,fracture,findings,1,1,True,True,10,0,0,0,0,0,0,1,0,,0,0.33333333333333331,0,0,0,0,1,0,0.54505807161331177,0,0.40000000000000002,0,0,0,0,1,0,0.60689628124237061,0.29999999999999999,0.23333333333333334,0.21801641453242443,1,0.16666666666666666,1,0.69999999999999996,0,0.59575396776199341
dense_minilm,classifier_all_positive,1556,lung opacity consolidation atelectasis pleural effusion,findings,4,6,True,True,10,0.25,0.59999999999999998,0.25,0,0,1,0,0,,0.52777777777777779,0.53333333333333333,0.45065301483902237,1,0.33333333333333331,1,0,0,0.74693059921264648,0.48333333333333328,0.5,0.4424681096255218,1,0.33333333333333331,1,0,0,0.77563208341598511,0.41666666666666663,0.43499999999999994,0.40399783252562305,1,0.33333333333333331,1,0.20000000000000001,0,0.72477775812149048
dense_minilm,classifier_all_positive,1567,no acute abnormality,no_finding,1,3,True,True,10,0,1,0,0,0,0,1,0,,0,1,0,0,0,0,1,0.66666666666666674,0.9999997615814209,0,1,0,0,0,0,1,0.80000000000000004,0.99999982118606567,0,1,0,0,0,0,1,0.90000000000000002,0.994659423828125
dense_minilm,classifier_all_positive,1581,no acute abnormality,no_finding,1,3,True,True,10,0,1,0,0,0,0,1,0,,0,1,0,0,0,0,1,0.66666666666666674,0.9999997615814209,0,1,0,0,0,0,1,0.80000000000000004,0.99999982118606567,0,1,0,0,0,0,1,0.90000000000000002,0.994659423828125
dense_minilm,classifier_all_positive,1582,no acute abnormality,no_finding,1,3,True,True,10,1,1,1,1,1,1,0,0,,1,1,1,1,1,1,0,0.66666666666666674,0.9999997615814209,1,1,1,1,1,1,0,0.80000000000000004,0.99999982118606567,1,1,1,1,1,1,0,0.90000000000000002,0.994659423828125
dense_minilm,classifier_all_positive,1595,enlarged cardiomediastinum cardiomegaly lung opacity pulmonary edema,findings,4,7,True,True,10,0.66666666666666663,0.40000000000000002,0.66666666666666663,0,0,1,0,0,,0.44444444444444442,0.3666666666666667,0.4897595753409188,0,0,1,0,0,0.78213804960250854,0.5,0.49000000000000005,0.51694369795749784,0,0,1,0,0,0.74597108364105225,0.54166666666666674,0.53000000000000003,0.5363848965096859,1,0.1111111111111111,1,0,0,0.74342691898345947
dense_minilm,classifier_all_positive,1616,no acute abnormality,no_finding,1,3,True,True,10,1,1,1,1,1,1,0,0,,1,1,1,1,1,1,0,0.66666666666666674,0.9999997615814209,1,1,1,1,1,1,0,0.80000000000000004,0.99999982118606567,1,1,1,1,1,1,0,0.90000000000000002,0.994659423828125
dense_minilm,classifier_all_positive,1622,no acute abnormality,no_finding,1,3,True,True,10,1,1,1,1,1,1,0,0,,1,1,1,1,1,1,0,0.66666666666666674,0.9999997615814209,1,1,1,1,1,1,0,0.80000000000000004,0.99999982118606567,1,1,1,1,1,1,0,0.90000000000000002,0.994659423828125
dense_minilm,classifier_all_positive,1623,no acute abnormality,no_finding,1,3,True,True,10,1,1,1,1,1,1,0,0,,1,1,1,1,1,1,0,0.66666666666666674,0.9999997615814209,1,1,1,1,1,1,0,0.80000000000000004,0.99999982118606567,1,1,1,1,1,1,0,0.90000000000000002,0.994659423828125
dense_minilm,classifier_all_positive,1631,no acute abnormality,no_finding,1,3,True,True,10,0,1,0,0,0,0,1,0,,0,1,0,0,0,0,1,0.66666666666666674,0.9999997615814209,0,1,0,0,0,0,1,0.80000000000000004,0.99999982118606567,0,1,0,0,0,0,1,0.90000000000000002,0.994659423828125
dense_minilm,classifier_all_positive,1647,fracture,findings,1,1,True,True,10,0,0,0,0,0,0,1,0,,0,0.33333333333333331,0,0,0,0,1,0,0.54505807161331177,0,0.40000000000000002,0,0,0,0,1,0,0.60689628124237061,0.29999999999999999,0.23333333333333334,0.21801641453242443,1,0.16666666666666666,1,0.69999999999999996,0,0.59575396776199341
dense_minilm,classifier_all_positive,1655,no acute abnormality,no_finding,1,3,True,True,10,1,1,1,1,1,1,0,0,,1,1,1,1,1,1,0,0.66666666666666674,0.9999997615814209,1,1,1,1,1,1,0,0.80000000000000004,0.99999982118606567,1,1,1,1,1,1,0,0.90000000000000002,0.994659423828125
dense_minilm,classifier_all_positive,1661,fracture,findings,1,1,True,True,10,0,0,0,0,0,0,1,0,,0,0.33333333333333331,0,0,0,0,1,0,0.54505807161331177,0,0.40000000000000002,0,0,0,0,1,0,0.60689628124237061,0.29999999999999999,0.23333333333333334,0.21801641453242443,1,0.16666666666666666,1,0.69999999999999996,0,0.59575396776199341
dense_minilm,classifier_all_positive,1672,no acute abnormality,no_finding,1,3,True,True,10,1,1,1,1,1,1,0,0,,1,1,1,1,1,1,0,0.66666666666666674,0.9999997615814209,1,1,1,1,1,1,0,0.80000000000000004,0.99999982118606567,1,1,1,1,1,1,0,0.90000000000000002,0.994659423828125
dense_minilm,classifier_all_positive,1707,no acute abnormality,no_finding,1,3,True,True,10,1,1,1,1,1,1,0,0,,1,1,1,1,1,1,0,0.66666666666666674,0.9999997615814209,1,1,1,1,1,1,0,0.80000000000000004,0.99999982118606567,1,1,1,1,1,1,0,0.90000000000000002,0.994659423828125
dense_minilm,classifier_all_positive,1735,pleural effusion fracture,findings,2,3,True,True,10,0,0,0,0,0,0,1,0,,0,0,0,0,0,0,1,0,0.90671700239181519,0,0.13333333333333333,0,0,0,0,1,0,0.7471548318862915,0.083333333333333329,0.17499999999999999,0.063653775189124365,0,0,1,0.80000000000000004,0,0.66392433643341064
dense_minilm,classifier_all_positive,1748,no acute abnormality,no_finding,1,3,True,True,10,1,1,1,1,1,1,0,0,,1,1,1,1,1,1,0,0.66666666666666674,0.9999997615814209,1,1,1,1,1,1,0,0.80000000000000004,0.99999982118606567,1,1,1,1,1,1,0,0.90000000000000002,0.994659423828125
dense_minilm,classifier_all_positive,1751,no acute abnormality,no_finding,1,3,True,True,10,1,1,1,1,1,1,0,0,,1,1,1,1,1,1,0,0.66666666666666674,0.9999997615814209,1,1,1,1,1,1,0,0.80000000000000004,0.99999982118606567,1,1,1,1,1,1,0,0.90000000000000002,0.994659423828125
dense_minilm,classifier_all_positive,1753,cardiomegaly lung opacity pulmonary edema,findings,3,5,True,True,10,0.33333333333333331,0.5,0.33333333333333331,0,0,1,0,0,,0.30555555555555552,0.75,0.30865984075284453,0,0,1,0,0,0.7736019492149353,0.29999999999999993,0.80000000000000004,0.30456738814609419,0,0,1,0,0,0.78112298250198364,0.375,0.6333333333333333,0.35166982090035726,1,0.125,1,0.20000000000000001,0,0.74192988872528076
dense_minilm,classifier_all_positive,1819,enlarged cardiomediastinum cardiomegaly lung opacity pulmonary edema atelectasis,findings,5,8,True,True,10,1,0.59999999999999998,1,1,1,1,0,0,,0.77777777777777768,0.46666666666666662,0.823092908674252,1,1,1,0,0,0.80155342817306519,0.66666666666666663,0.39999999999999997,0.73598504258709141,1,1,1,0,0,0.77677804231643677,0.52833333333333332,0.37428571428571428,0.61720543629658509,1,1,1,0,0,0.74205279350280762
dense_minilm,classifier_all_positive,1826,no acute abnormality,no_finding,1,3,True,True,10,1,1,1,1,1,1,0,0,,1,1,1,1,1,1,0,0.66666666666666674,0.9999997615814209,1,1,1,1,1,1,0,0.80000000000000004,0.99999982118606567,1,1,1,1,1,1,0,0.90000000000000002,0.994659423828125
dense_minilm,classifier_all_positive,1832,cardiomegaly lung opacity pulmonary edema pleural effusion,findings,4,7,True,True,10,1,0.40000000000000002,1,1,1,1,0,0,,0.6333333333333333,0.71666666666666667,0.71117542671024037,1,1,1,0,0,0.77360200881958008,0.52666666666666662,0.59999999999999998,0.61614774447013299,1,1,1,0,0,0.74988639354705811,0.46333333333333326,0.42000000000000004,0.54131517537867191,1,1,1,0,0,0.72976809740066528
dense_minilm,classifier_all_positive,1833,no acute abnormality,no_finding,1,3,True,True,10,0,1,0,0,0,0,1,0,,0,1,0,0,0,0,1,0.66666666666666674,0.9999997615814209,0,1,0,0,0,0,1,0.80000000000000004,0.99999982118606567,0,1,0,0,0,0,1,0.90000000000000002,0.994659423828125
dense_minilm,classifier_all_positive,1837,no acute abnormality,no_finding,1,3,True,True,10,1,1,1,1,1,1,0,0,,1,1,1,1,1,1,0,0.66666666666666674,0.9999997615814209,1,1,1,1,1,1,0,0.80000000000000004,0.99999982118606567,1,1,1,1,1,1,0,0.90000000000000002,0.994659423828125
dense_minilm,classifier_all_positive,1882,no acute abnormality,no_finding,1,3,True,True,10,1,1,1,1,1,1,0,0,,1,1,1,1,1,1,0,0.66666666666666674,0.9999997615814209,1,1,1,1,1,1,0,0.80000000000000004,0.99999982118606567,1,1,1,1,1,1,0,0.90000000000000002,0.994659423828125
dense_minilm,classifier_all_positive,1907,cardiomegaly,findings,1,1,True,True,10,0,1,0,0,0,0,1,0,,0,1,0,0,0,0,1,0,0.73525112867355347,0,0.90000000000000002,0,0,0,0,1,0,0.73118877410888672,0,0.84999999999999998,0,0,0,0,1,0,0.66543298959732056
dense_minilm,classifier_all_positive,1914,no acute abnormality,no_finding,1,3,True,True,10,0,1,0,0,0,0,1,0,,0,1,0,0,0,0,1,0.66666666666666674,0.9999997615814209,0,1,0,0,0,0,1,0.80000000000000004,0.99999982118606567,0,1,0,0,0,0,1,0.90000000000000002,0.994659423828125
dense_minilm,classifier_all_positive,1918,enlarged cardiomediastinum,findings,1,2,True,True,10,0,0,0,0,0,0,1,0,,0.1111111111111111,0,0.07821312100379274,0,0,0.5,0.66666666666666663,0,0.78161144256591797,0.066666666666666666,0,0.05652670087893602,0,0,0.5,0.80000000000000004,0,0.77280634641647339,0.083333333333333329,0,0.071397572018068678,0,0,1,0.80000000000000004,0,0.73854231834411621
dense_minilm,classifier_all_positive,1937,no acute abnormality,no_finding,1,3,True,True,10,1,1,1,1,1,1,0,0,,1,1,1,1,1,1,0,0.66666666666666674,0.9999997615814209,1,1,1,1,1,1,0,0.80000000000000004,0.99999982118606567,1,1,1,1,1,1,0,0.90000000000000002,0.994659423828125
dense_minilm,classifier_all_positive,1939,,empty,0,0,False,True,0,,,,,,,,,,,,,,,,,,,,,,,,,,,,,,,,,,,,
dense_minilm,classifier_all_positive,1947,fracture,findings,1,1,True,True,10,0,0,0,0,0,0,1,0,,0,0.33333333333333331,0,0,0,0,1,0,0.54505807161331177,0,0.40000000000000002,0,0,0,0,1,0,0.60689628124237061,0,0.23333333333333334,0,0,0,0,1,0,0.59575396776199341
dense_minilm,classifier_all_positive,1948,no acute abnormality,no_finding,1,3,True,True,10,1,1,1,1,1,1,0,0,,1,1,1,1,1,1,0,0.66666666666666674,0.9999997615814209,1,1,1,1,1,1,0,0.80000000000000004,0.99999982118606567,1,1,1,1,1,1,0,0.90000000000000002,0.994659423828125
dense_minilm,classifier_all_positive,1960,no acute abnormality,no_finding,1,3,True,True,10,1,1,1,1,1,1,0,0,,1,1,1,1,1,1,0,0.66666666666666674,0.9999997615814209,1,1,1,1,1,1,0,0.80000000000000004,0.99999982118606567,1,1,1,1,1,1,0,0.90000000000000002,0.994659423828125
dense_minilm,classifier_all_positive,1976,lung opacity consolidation pneumonia,findings,3,4,True,True,10,1,0.33333333333333331,1,1,1,1,0,0,,0.83333333333333337,0.44444444444444442,0.88268031849431083,1,1,1,0,0,0.72065275907516479,0.75,0.41333333333333339,0.80565868629956605,1,1,1,0,0,0.71390914916992188,0.52500000000000002,0.34666666666666668,0.63089689354791223,1,1,1,0.29999999999999999,0,0.69532173871994019
dense_minilm,classifier_all_positive,1980,no acute abnormality,no_finding,1,3,True,True,10,1,1,1,1,1,1,0,0,,1,1,1,1,1,1,0,0.66666666666666674,0.9999997615814209,1,1,1,1,1,1,0,0.80000000000000004,0.99999982118606567,1,1,1,1,1,1,0,0.90000000000000002,0.994659423828125
dense_minilm,classifier_all_positive,1988,lung opacity pulmonary edema pneumonia,findings,3,5,True,True,10,0.5,0.33333333333333331,0.5,0,0,0.5,0,0,,0.44444444444444442,0.44444444444444442,0.45065301483902237,0,0,0.5,0,0,0.72065258026123047,0.36666666666666664,0.33333333333333331,0.39873308378807448,0,0,0.5,0.20000000000000001,0,0.70171260833740234,0.20833333333333331,0.18666666666666665,0.29490626290360233,0,0,0.5,0.5,0.30000000000000004,0.74216079711914062
dense_minilm,classifier_all_positive,2003,no acute abnormality,no_finding,1,3,True,True,10,0,1,0,0,0,0,1,0,,0,1,0,0,0,0,1,0.66666666666666674,0.9999997615814209,0,1,0,0,0,0,1,0.80000000000000004,0.99999982118606567,0,1,0,0,0,0,1,0.90000000000000002,0.994659423828125
dense_minilm,classifier_all_positive,2006,fracture,findings,1,1,True,True,10,0,0,0,0,0,0,1,0,,0,0.33333333333333331,0,0,0,0,1,0,0.54505807161331177,0,0.40000000000000002,0,0,0,0,1,0,0.60689628124237061,0,0.23333333333333334,0,0,0,0,1,0,0.59575396776199341
dense_minilm,classifier_all_positive,2026,no acute abnormality,no_finding,1,3,True,True,10,1,1,1,1,1,1,0,0,,1,1,1,1,1,1,0,0.66666666666666674,0.9999997615814209,1,1,1,1,1,1,0,0.80000000000000004,0.99999982118606567,1,1,1,1,1,1,0,0.90000000000000002,0.994659423828125
dense_minilm,classifier_all_positive,2038,no acute abnormality,no_finding,1,3,True,True,10,1,1,1,1,1,1,0,0,,1,1,1,1,1,1,0,0.66666666666666674,0.9999997615814209,1,1,1,1,1,1,0,0.80000000000000004,0.99999982118606567,1,1,1,1,1,1,0,0.90000000000000002,0.994659423828125
dense_minilm,classifier_all_positive,2062,lung opacity consolidation pneumonia,findings,3,4,True,True,10,0.33333333333333331,0.33333333333333331,0.33333333333333331,0,0,0.33333333333333331,0,0,,0.30555555555555552,0.44444444444444442,0.3137800530823851,0,0,0.33333333333333331,0,0,0.72065275907516479,0.32999999999999996,0.41333333333333339,0.3289395481031131,0,0,0.66666666666666663,0,0,0.71390914916992188,0.23999999999999999,0.34666666666666668,0.28240958096454416,0,0,1,0.20000000000000001,0,0.69532173871994019
dense_minilm,classifier_all_positive,2066,enlarged cardiomediastinum cardiomegaly,findings,2,3,True,True,10,0.66666666666666663,0.33333333333333331,0.66666666666666663,0,0,0.66666666666666663,0,0,,0.44444444444444442,0.22222222222222221,0.46927872602275644,0,0,1,0.33333333333333331,0,0.78161144256591797,0.39999999999999997,0.33333333333333331,0.43158468105863224,0,0,1,0.20000000000000001,0,0.75046312808990479,0.30833333333333335,0.23666666666666664,0.35717660969445386,0,0,1,0.40000000000000002,0,0.70256322622299194
dense_minilm,classifier_all_positive,2069,no acute abnormality,no_finding,1,3,True,True,10,1,1,1,1,1,1,0,0,,1,1,1,1,1,1,0,0.66666666666666674,0.9999997615814209,1,1,1,1,1,1,0,0.80000000000000004,0.99999982118606567,1,1,1,1,1,1,0,0.90000000000000002,0.994659423828125
dense_minilm,classifier_all_positive,2074,enlarged cardiomediastinum pleural effusion,findings,2,4,True,True,10,0.25,0,0.25,0,0,0.33333333333333331,0,0,,0.30555555555555552,0,0.27374592351327454,0,0,0.66666666666666663,0.33333333333333331,0,0.81174355745315552,0.23333333333333331,0,0.23064472245436149,0,0,0.66666666666666663,0.40000000000000002,0,0.75303113460540771,0.11666666666666665,0,0.15209169140572126,0,0,0.66666666666666663,0.69999999999999996,0,0.73290818929672241
dense_minilm,classifier_all_positive,2075,no acute abnormality,no_finding,1,3,True,True,10,1,1,1,1,1,1,0,0,,1,1,1,1,1,1,0,0.66666666666666674,0.9999997615814209,1,1,1,1,1,1,0,0.80000000000000004,0.99999982118606567,1,1,1,1,1,1,0,0.90000000000000002,0.994659423828125
dense_minilm,classifier_all_positive,2096,no acute abnormality,no_finding,1,3,True,True,10,1,1,1,1,1,1,0,0,,1,1,1,1,1,1,0,0.66666666666666674,0.9999997615814209,1,1,1,1,1,1,0,0.80000000000000004,0.99999982118606567,1,1,1,1,1,1,0,0.90000000000000002,0.994659423828125
dense_minilm,classifier_all_positive,2116,lung lesion,findings,1,2,True,True,10,0,0,0,0,0,0,1,0,,0,0.33333333333333331,0,0,0,0,1,0,0.73330259323120117,0,0.20000000000000001,0,0,0,0,1,0,0.70415800809860229,0,0.10000000000000001,0,0,0,0,1,0,0.68368875980377197
dense_minilm,classifier_all_positive,2138,lung opacity lung lesion fracture,findings,3,5,True,True,10,0.5,0.33333333333333331,0.5,0,0,0.5,0,0,,0.5,0.33333333333333331,0.5,0,0,0.5,0,0,0.69800567626953125,0.44000000000000006,0.31333333333333335,0.50263529907526405,0,0,1,0,0,0.70647001266479492,0.38666666666666666,0.27999999999999997,0.51763795141958935,0,0,1,0,0,0.70390838384628296
dense_minilm,classifier_all_positive,2140,no acute abnormality,no_finding,1,3,True,True,10,0,1,0,0,0,0,1,0,,0,1,0,0,0,0,1,0.66666666666666674,0.9999997615814209,0,1,0,0,0,0,1,0.80000000000000004,0.99999982118606567,0,1,0,0,0,0,1,0.90000000000000002,0.994659423828125
dense_minilm,classifier_all_positive,2148,no acute abnormality,no_finding,1,3,True,True,10,1,1,1,1,1,1,0,0,,1,1,1,1,1,1,0,0.66666666666666674,0.9999997615814209,1,1,1,1,1,1,0,0.80000000000000004,0.99999982118606567,1,1,1,1,1,1,0,0.90000000000000002,0.994659423828125
dense_minilm,classifier_all_positive,2157,pleural abnormality,findings,1,2,True,True,10,0,0,0,0,0,0,1,0,,0.33333333333333331,0.33333333333333331,0.29608191096586522,1,0.5,1,0.66666666666666663,0,0.66722136735916138,0.40000000000000002,0.20000000000000001,0.36005461457723403,1,0.5,1,0.59999999999999998,0,0.71983468532562256,0.29999999999999999,0.20000000000000001,0.29990503169749444,1,0.5,1,0.69999999999999996,0,0.66045898199081421
dense_minilm,classifier_all_positive,2160,fracture,findings,1,1,True,True,10,0,0,0,0,0,0,1,0,,0,0.33333333333333331,0,0,0,0,1,0,0.54505807161331177,0,0.40000000000000002,0,0,0,0,1,0,0.60689628124237061,0.29999999999999999,0.23333333333333334,0.21801641453242443,1,0.16666666666666666,1,0.69999999999999996,0,0.59575396776199341
dense_minilm,classifier_all_positive,2170,no acute abnormality,no_finding,1,3,True,True,10,1,1,1,1,1,1,0,0,,1,1,1,1,1,1,0,0.66666666666666674,0.9999997615814209,1,1,1,1,1,1,0,0.80000000000000004,0.99999982118606567,1,1,1,1,1,1,0,0.90000000000000002,0.994659423828125
dense_minilm,classifier_all_positive,2177,,empty,0,0,False,True,0,,,,,,,,,,,,,,,,,,,,,,,,,,,,,,,,,,,,
dense_minilm,classifier_all_positive,2191,no acute abnormality,no_finding,1,3,True,True,10,0,1,0,0,0,0,1,0,,0,1,0,0,0,0,1,0.66666666666666674,0.9999997615814209,0,1,0,0,0,0,1,0.80000000000000004,0.99999982118606567,0,1,0,0,0,0,1,0.90000000000000002,0.994659423828125
dense_minilm,classifier_all_positive,2207,fracture,findings,1,1,True,True,10,0,0,0,0,0,0,1,0,,0,0.33333333333333331,0,0,0,0,1,0,0.54505807161331177,0,0.40000000000000002,0,0,0,0,1,0,0.60689628124237061,0.074999999999999997,0.23333333333333334,0.049168199583670184,0,0,0.5,0.80000000000000004,0,0.59575396776199341
dense_minilm,classifier_all_positive,2212,no acute abnormality,no_finding,1,3,True,True,10,1,1,1,1,1,1,0,0,,1,1,1,1,1,1,0,0.66666666666666674,0.9999997615814209,1,1,1,1,1,1,0,0.80000000000000004,0.99999982118606567,1,1,1,1,1,1,0,0.90000000000000002,0.994659423828125
dense_minilm,classifier_all_positive,2223,pulmonary edema,findings,1,2,True,True,10,0,0,0,0,0,0,1,0,,0,0.1111111111111111,0,0,0,0,1,0,0.79405808448791504,0,0.066666666666666666,0,0,0,0,1,0,0.80476474761962891,0.20000000000000001,0.083333333333333329,0.13568544539116631,1,0.125,1,0.80000000000000004,0.19999999999999996,0.83528363704681396
dense_minilm,classifier_all_positive,2228,no acute abnormality,no_finding,1,3,True,True,10,1,1,1,1,1,1,0,0,,1,1,1,1,1,1,0,0.66666666666666674,0.9999997615814209,1,1,1,1,1,1,0,0.80000000000000004,0.99999982118606567,1,1,1,1,1,1,0,0.90000000000000002,0.994659423828125
dense_minilm,classifier_all_positive,2236,no acute abnormality,no_finding,1,3,True,True,10,1,1,1,1,1,1,0,0,,1,1,1,1,1,1,0,0.66666666666666674,0.9999997615814209,1,1,1,1,1,1,0,0.80000000000000004,0.99999982118606567,1,1,1,1,1,1,0,0.90000000000000002,0.994659423828125
dense_minilm,classifier_all_positive,2238,fracture,findings,1,1,True,True,10,0,0,0,0,0,0,1,0,,0,0.33333333333333331,0,0,0,0,1,0,0.54505807161331177,0,0.40000000000000002,0,0,0,0,1,0,0.60689628124237061,0.29999999999999999,0.23333333333333334,0.21801641453242443,1,0.16666666666666666,1,0.69999999999999996,0,0.59575396776199341
dense_minilm,classifier_all_positive,2239,lung opacity pneumonia,findings,2,3,True,True,10,0.5,0.5,0.5,0,0,0.5,0,0,,0.44444444444444442,0.66666666666666663,0.46089343949810357,0,0,0.5,0,0,0.72065275907516479,0.43333333333333329,0.69999999999999996,0.44986913664180833,0,0,0.5,0,0,0.71195524930953979,0.31666666666666665,0.45000000000000001,0.36781538307316414,0,0,0.5,0.29999999999999999,0.099999999999999978,0.72357916831970215
dense_minilm,classifier_all_positive,2244,no acute abnormality,no_finding,1,3,True,True,10,1,1,1,1,1,1,0,0,,1,1,1,1,1,1,0,0.66666666666666674,0.9999997615814209,1,1,1,1,1,1,0,0.80000000000000004,0.99999982118606567,1,1,1,1,1,1,0,0.90000000000000002,0.994659423828125
dense_minilm,classifier_all_positive,2277,no acute abnormality,no_finding,1,3,True,True,10,1,1,1,1,1,1,0,0,,1,1,1,1,1,1,0,0.66666666666666674,0.9999997615814209,1,1,1,1,1,1,0,0.80000000000000004,0.99999982118606567,1,1,1,1,1,1,0,0.90000000000000002,0.994659423828125
dense_minilm,classifier_all_positive,2290,no acute abnormality,no_finding,1,3,True,True,10,1,1,1,1,1,1,0,0,,1,1,1,1,1,1,0,0.66666666666666674,0.9999997615814209,1,1,1,1,1,1,0,0.80000000000000004,0.99999982118606567,1,1,1,1,1,1,0,0.90000000000000002,0.994659423828125
dense_minilm,classifier_all_positive,2310,no acute abnormality,no_finding,1,3,True,True,10,1,1,1,1,1,1,0,0,,1,1,1,1,1,1,0,0.66666666666666674,0.9999997615814209,1,1,1,1,1,1,0,0.80000000000000004,0.99999982118606567,1,1,1,1,1,1,0,0.90000000000000002,0.994659423828125
dense_minilm,classifier_all_positive,2313,enlarged cardiomediastinum,findings,1,2,True,True,10,0,0,0,0,0,0,1,0,,0,0,0,0,0,0,1,0,0.78161144256591797,0.20000000000000001,0,0.13120507751234178,1,0.20000000000000001,1,0.80000000000000004,0,0.77280634641647339,0.20000000000000001,0,0.14876390584057272,1,0.20000000000000001,1,0.80000000000000004,0,0.73854231834411621
dense_minilm,classifier_all_positive,2326,no acute abnormality,no_finding,1,3,True,True,10,0,1,0,0,0,0,1,0,,0,1,0,0,0,0,1,0.66666666666666674,0.9999997615814209,0,1,0,0,0,0,1,0.80000000000000004,0.99999982118606567,0,1,0,0,0,0,1,0.90000000000000002,0.994659423828125
dense_minilm,classifier_all_positive,2363,lung opacity consolidation pneumonia pleural effusion,findings,4,6,True,True,10,0.5,0.25,0.5,0,0,0.5,0,0,,0.29999999999999999,0.39444444444444443,0.34078361780682692,0,0,1,0,0,0.73634880781173706,0.28666666666666663,0.40333333333333332,0.32122384156111233,0,0,1,0,0,0.75478017330169678,0.49333333333333335,0.37666666666666665,0.46118431903921325,1,0.16666666666666666,1,0.10000000000000001,0,0.72508078813552856
dense_minilm,classifier_all_positive,2365,no acute abnormality,no_finding,1,3,True,True,10,1,1,1,1,1,1,0,0,,1,1,1,1,1,1,0,0.66666666666666674,0.9999997615814209,1,1,1,1,1,1,0,0.80000000000000004,0.99999982118606567,1,1,1,1,1,1,0,0.90000000000000002,0.994659423828125
dense_minilm,classifier_all_positive,2377,no acute abnormality,no_finding,1,3,True,True,10,1,1,1,1,1,1,0,0,,1,1,1,1,1,1,0,0.66666666666666674,0.9999997615814209,1,1,1,1,1,1,0,0.80000000000000004,0.99999982118606567,1,1,1,1,1,1,0,0.90000000000000002,0.994659423828125
dense_minilm,classifier_all_positive,2388,no acute abnormality,no_finding,1,3,True,True,10,1,1,1,1,1,1,0,0,,1,1,1,1,1,1,0,0.66666666666666674,0.9999997615814209,1,1,1,1,1,1,0,0.80000000000000004,0.99999982118606567,1,1,1,1,1,1,0,0.90000000000000002,0.994659423828125
dense_minilm,classifier_all_positive,2396,lung opacity,findings,1,2,True,True,10,0.5,1,0.5,0,0,0.5,0,0,,0.34444444444444439,0.58333333333333337,0.40363870943087587,0,0,0.5,0,0,0.81683164834976196,0.37333333333333329,0.65000000000000002,0.4502632923740959,0,0,0.5,0,0,0.76443135738372803,0.37,0.64166666666666661,0.47899368270748593,0,0,0.5,0,0,0.74234282970428467
dense_minilm,classifier_all_positive,2415,lung opacity consolidation atelectasis pleural effusion pleural abnormality,findings,5,8,True,True,10,0.25,0.59999999999999998,0.25,0,0,0.5,0,0,,0.31666666666666665,0.53333333333333333,0.29385574520455127,0,0,0.5,0,0,0.74693059921264648,0.38999999999999996,0.46666666666666667,0.34853685720617694,0,0,1,0,0,0.77563220262527466,0.3783333333333333,0.38333333333333336,0.35196244492929935,0,0,1,0.10000000000000001,0,0.7370150089263916
dense_minilm,classifier_all_positive,2416,,empty,0,0,False,True,0,,,,,,,,,,,,,,,,,,,,,,,,,,,,,,,,,,,,
dense_minilm,classifier_all_positive,2453,pneumonia,findings,1,1,True,True,10,1,0,1,1,1,1,0,0,,0.33333333333333331,0.33333333333333331,0.46927872602275644,1,1,1,0.66666666666666663,0,0.79625701904296875,0.20000000000000001,0.20000000000000001,0.33916020527361612,1,1,1,0.80000000000000004,0,0.78606843948364258,0.20000000000000001,0.10000000000000001,0.28371255449703192,1,1,1,0.80000000000000004,0,0.78300249576568604
dense_minilm,classifier_all_positive,2475,enlarged cardiomediastinum,findings,1,2,True,True,10,0.5,0,0.5,0,0,1,0,0,,0.33333333333333331,0,0.35195904451706733,0,0,1,0.33333333333333331,0,0.78161144256591797,0.20000000000000001,0,0.25437015395521206,0,0,1,0.59999999999999998,0,0.77280634641647339,0.40000000000000002,0,0.38308523925598459,1,0.16666666666666666,1,0.5,0,0.73854231834411621
dense_minilm,classifier_all_positive,2493,enlarged cardiomediastinum fracture,findings,2,3,True,True,10,1,0,1,1,1,1,0,0,,0.33333333333333331,0,0.46927872602275644,1,1,1,0.66666666666666663,0,0.75922751426696777,0.20000000000000001,0.16666666666666666,0.33916020527361612,1,1,1,0.80000000000000004,0,0.74958693981170654,0.29999999999999999,0.083333333333333329,0.349966777951421,1,1,1,0.69999999999999996,0.099999999999999978,0.76509052515029907
dense_minilm,classifier_all_positive,2513,lung opacity atelectasis pleural effusion,findings,3,5,True,True,10,0.25,0.75,0.25,0,0,1,0,0,,0.41666666666666669,0.69444444444444431,0.38268031849431083,0,0,1,0,0,0.78352206945419312,0.3833333333333333,0.71666666666666656,0.36899771078908794,0,0,1,0,0,0.77087897062301636,0.24166666666666664,0.55833333333333335,0.2725813774834025,0,0,1,0.40000000000000002,0,0.75835418701171875
dense_minilm,classifier_all_positive,2515,,empty,0,0,False,True,0,,,,,,,,,,,,,,,,,,,,,,,,,,,,,,,,,,,,
dense_minilm,classifier_all_positive,2517,no acute abnormality,no_finding,1,3,True,True,10,1,1,1,1,1,1,0,0,,1,1,1,1,1,1,0,0.66666666666666674,0.9999997615814209,1,1,1,1,1,1,0,0.80000000000000004,0.99999982118606567,1,1,1,1,1,1,0,0.90000000000000002,0.994659423828125
dense_minilm,classifier_all_positive,2533,fracture,findings,1,1,True,True,10,0,0,0,0,0,0,1,0,,0,0.33333333333333331,0,0,0,0,1,0,0.54505807161331177,0,0.40000000000000002,0,0,0,0,1,0,0.60689628124237061,0.29999999999999999,0.23333333333333334,0.21801641453242443,1,0.16666666666666666,1,0.69999999999999996,0,0.59575396776199341
dense_minilm,classifier_all_positive,2542,,empty,0,0,False,True,0,,,,,,,,,,,,,,,,,,,,,,,,,,,,,,,,,,,,
dense_minilm,classifier_all_positive,2545,no acute abnormality,no_finding,1,3,True,True,10,1,1,1,1,1,1,0,0,,1,1,1,1,1,1,0,0.66666666666666674,0.9999997615814209,1,1,1,1,1,1,0,0.80000000000000004,0.99999982118606567,1,1,1,1,1,1,0,0.90000000000000002,0.994659423828125
dense_minilm,classifier_all_positive,2564,no acute abnormality,no_finding,1,3,True,True,10,1,1,1,1,1,1,0,0,,1,1,1,1,1,1,0,0.66666666666666674,0.9999997615814209,1,1,1,1,1,1,0,0.80000000000000004,0.99999982118606567,1,1,1,1,1,1,0,0.90000000000000002,0.994659423828125
dense_minilm,classifier_all_positive,2591,no acute abnormality,no_finding,1,3,True,True,10,1,1,1,1,1,1,0,0,,1,1,1,1,1,1,0,0.66666666666666674,0.9999997615814209,1,1,1,1,1,1,0,0.80000000000000004,0.99999982118606567,1,1,1,1,1,1,0,0.90000000000000002,0.994659423828125
dense_minilm,classifier_all_positive,2594,enlarged cardiomediastinum fracture,findings,2,3,True,True,10,0,0,0,0,0,0,1,0,,0.1111111111111111,0,0.098693970321955066,0,0,0.5,0.66666666666666663,0,0.75922751426696777,0.066666666666666666,0.16666666666666666,0.071328754911509182,0,0,0.5,0.80000000000000004,0,0.74958693981170654,0.033333333333333333,0.083333333333333329,0.046287481291184845,0,0,0.5,0.90000000000000002,0.099999999999999978,0.76509052515029907
dense_minilm,classifier_all_positive,2596,no acute abnormality,no_finding,1,3,True,True,10,1,1,1,1,1,1,0,0,,1,1,1,1,1,1,0,0.66666666666666674,0.9999997615814209,1,1,1,1,1,1,0,0.80000000000000004,0.99999982118606567,1,1,1,1,1,1,0,0.90000000000000002,0.994659423828125
dense_minilm,classifier_all_positive,2605,lung opacity pleural effusion,findings,2,4,True,True,10,0,0.5,0,0,0,0,1,0,,0,0.66666666666666663,0,0,0,0,1,0,0.77849549055099487,0,0.66666666666666674,0,0,0,0,1,0,0.79865354299545288,0.20000000000000001,0.42833333333333334,0.14782949091545264,1,0.16666666666666666,1,0.80000000000000004,0,0.75607317686080933
dense_minilm,classifier_all_positive,2612,no acute abnormality,no_finding,1,3,True,True,10,1,1,1,1,1,1,0,0,,1,1,1,1,1,1,0,0.66666666666666674,0.9999997615814209,1,1,1,1,1,1,0,0.80000000000000004,0.99999982118606567,1,1,1,1,1,1,0,0.90000000000000002,0.994659423828125
dense_minilm,classifier_all_positive,2616,pleural effusion pleural abnormality,findings,2,4,True,True,10,0,0,0,0,0,0,1,0,,0.16666666666666666,0.1111111111111111,0.14804095548293261,0,0,1,0.66666666666666663,0,0.66308528184890747,0.10000000000000001,0.066666666666666666,0.10699313236726378,0,0,1,0.80000000000000004,0,0.73799896240234375,0.14999999999999999,0.10000000000000001,0.14539908065165089,0,0,1,0.69999999999999996,0,0.70688366889953613
dense_minilm,classifier_all_positive,2622,pleural abnormality,findings,1,2,True,True,10,0,0,0,0,0,0,1,0,,0,0.33333333333333331,0,0,0,0,1,0,0.66722136735916138,0,0.20000000000000001,0,0,0,0,1,0,0.71983468532562256,0,0.20000000000000001,0,0,0,0,1,0,0.66045898199081421
dense_minilm,classifier_all_positive,2629,fracture,findings,1,1,True,True,10,0,0,0,0,0,0,1,0,,0,0.33333333333333331,0,0,0,0,1,0,0.54505807161331177,0,0.40000000000000002,0,0,0,0,1,0,0.60689628124237061,0.29999999999999999,0.23333333333333334,0.21801641453242443,1,0.16666666666666666,1,0.69999999999999996,0,0.59575396776199341
dense_minilm,classifier_all_positive,2644,enlarged cardiomediastinum cardiomegaly,findings,2,3,True,True,10,0.33333333333333331,0.33333333333333331,0.33333333333333331,0,0,0.5,0,0,,0.22222222222222221,0.22222222222222221,0.23463936301137822,0,0,0.5,0.33333333333333331,0,0.78161144256591797,0.33333333333333331,0.33333333333333331,0.30821681631433218,0,0,0.5,0.20000000000000001,0,0.75046312808990479,0.26999999999999996,0.23666666666666664,0.3322688227045279,0,0,1,0.29999999999999999,0,0.70256322622299194
dense_minilm,classifier_all_positive,2691,enlarged cardiomediastinum,findings,1,2,True,True,10,0.5,0,0.5,0,0,1,0,0,,0.33333333333333331,0,0.35195904451706733,0,0,1,0.33333333333333331,0,0.78161144256591797,0.20000000000000001,0,0.25437015395521206,0,0,1,0.59999999999999998,0,0.77280634641647339,0.40000000000000002,0,0.38308523925598459,1,0.16666666666666666,1,0.5,0,0.73854231834411621
dense_minilm,classifier_all_positive,2697,cardiomegaly,findings,1,1,True,True,10,0,1,0,0,0,0,1,0,,0,1,0,0,0,0,1,0,0.73525112867355347,0,0.90000000000000002,0,0,0,0,1,0,0.73118877410888672,0,0.84999999999999998,0,0,0,0,1,0,0.66543298959732056
dense_minilm,classifier_all_positive,2698,no acute abnormality,no_finding,1,3,True,True,10,1,1,1,1,1,1,0,0,,1,1,1,1,1,1,0,0.66666666666666674,0.9999997615814209,1,1,1,1,1,1,0,0.80000000000000004,0.99999982118606567,1,1,1,1,1,1,0,0.90000000000000002,0.994659423828125
dense_minilm,classifier_all_positive,2709,no acute abnormality,no_finding,1,3,True,True,10,0,1,0,0,0,0,1,0,,0,1,0,0,0,0,1,0.66666666666666674,0.9999997615814209,0,1,0,0,0,0,1,0.80000000000000004,0.99999982118606567,0,1,0,0,0,0,1,0.90000000000000002,0.994659423828125
dense_minilm,classifier_all_positive,2720,no acute abnormality,no_finding,1,3,True,True,10,1,1,1,1,1,1,0,0,,1,1,1,1,1,1,0,0.66666666666666674,0.9999997615814209,1,1,1,1,1,1,0,0.80000000000000004,0.99999982118606567,1,1,1,1,1,1,0,0.90000000000000002,0.994659423828125
dense_minilm,classifier_all_positive,2723,no acute abnormality,no_finding,1,3,True,True,10,0,1,0,0,0,0,1,0,,0,1,0,0,0,0,1,0.66666666666666674,0.9999997615814209,0,1,0,0,0,0,1,0.80000000000000004,0.99999982118606567,0,1,0,0,0,0,1,0.90000000000000002,0.994659423828125
dense_minilm,classifier_all_positive,2737,fracture,findings,1,1,True,True,10,0,0,0,0,0,0,1,0,,0,0.33333333333333331,0,0,0,0,1,0,0.54505807161331177,0,0.40000000000000002,0,0,0,0,1,0,0.60689628124237061,0.033333333333333333,0.23333333333333334,0.023143740645592423,0,0,1,0.90000000000000002,0,0.59575396776199341
dense_minilm,classifier_all_positive,2747,atelectasis,findings,1,1,True,True,10,0,0.5,0,0,0,0,1,0,,0,0.66666666666666663,0,0,0,0,1,0,0.69927710294723511,0,0.80000000000000004,0,0,0,0,1,0,0.66594600677490234,0.025000000000000001,0.54500000000000004,0.018563257100307519,0,0,1,0.90000000000000002,0,0.6276324987411499
dense_minilm,classifier_all_positive,2750,,empty,0,0,False,True,0,,,,,,,,,,,,,,,,,,,,,,,,,,,,,,,,,,,,
dense_minilm,classifier_all_positive,2758,no acute abnormality,no_finding,1,3,True,True,10,1,1,1,1,1,1,0,0,,1,1,1,1,1,1,0,0.66666666666666674,0.9999997615814209,1,1,1,1,1,1,0,0.80000000000000004,0.99999982118606567,1,1,1,1,1,1,0,0.90000000000000002,0.994659423828125
dense_minilm,classifier_all_positive,2765,fracture,findings,1,1,True,True,10,0,0,0,0,0,0,1,0,,0,0.33333333333333331,0,0,0,0,1,0,0.54505807161331177,0,0.40000000000000002,0,0,0,0,1,0,0.60689628124237061,0.29999999999999999,0.23333333333333334,0.21801641453242443,1,0.16666666666666666,1,0.69999999999999996,0,0.59575396776199341
dense_minilm,classifier_all_positive,2778,support device,findings,1,2,True,True,10,0.5,0.5,0.5,0,0,1,0,0,,0.5,0.5,0.53072127397724345,1,0.5,1,0.33333333333333331,0,0.36459830403327942,0.69999999999999996,0.69999999999999996,0.66083979472638388,1,0.5,1,0.20000000000000001,0,0.38849782943725586,0.55000000000000004,0.55000000000000004,0.58060200011180185,1,0.5,1,0.40000000000000002,0,0.46512973308563232
dense_minilm,classifier_all_positive,2817,lung opacity pneumonia pleural abnormality,findings,3,5,True,False,10,0.33333333333333331,0.33333333333333331,0.44444444444444442,,,0.33333333333333331,0,0,,0.27777777777777773,0.55555555555555547,0.40963095421136986,,,0.33333333333333331,0,0,0.83148664236068726,0.23333333333333331,0.39999999999999997,0.37073437210430216,,,0.66666666666666663,0.20000000000000001,0,0.78335458040237427,0.25,0.29833333333333328,0.37428405169248269,,,1,0.29999999999999999,0,0.75752353668212891
dense_minilm,classifier_all_positive,2831,pleural effusion,findings,1,2,True,False,10,0,0,0,,,0,1,0,,0.19444444444444442,0.5,0.23603071661219946,,,0.33333333333333331,0.33333333333333331,0,0.69165629148483276,0.16666666666666666,0.40000000000000002,0.21978757492319498,,,0.33333333333333331,0.40000000000000002,0,0.6825869083404541,0.10833333333333332,0.25,0.17888966663776734,,,0.33333333333333331,0.59999999999999998,0,0.64989537000656128
dense_minilm,classifier_all_positive,2832,no acute abnormality,no_finding,1,3,True,True,10,0,1,0,0,0,0,1,0,,0,1,0,0,0,0,1,0.66666666666666674,0.9999997615814209,0,1,0,0,0,0,1,0.80000000000000004,0.99999982118606567,0,1,0,0,0,0,1,0.90000000000000002,0.994659423828125
dense_minilm,classifier_all_positive,2833,pneumothorax,findings,1,1,True,True,10,0,0,0,0,0,0,1,0,,0.66666666666666663,0,0.53072127397724345,1,0.5,1,0.33333333333333331,0,0.78878802061080933,0.59999999999999998,0,0.51477144488367743,1,0.5,1,0.40000000000000002,0,0.81083452701568604,0.40000000000000002,0.25,0.39767223286316739,1,0.5,1,0.59999999999999998,0,0.72649687528610229
dense_minilm,classifier_all_positive,2852,no acute abnormality,no_finding,1,3,True,True,10,1,1,1,1,1,1,0,0,,1,1,1,1,1,1,0,0.66666666666666674,0.9999997615814209,1,1,1,1,1,1,0,0.80000000000000004,0.99999982118606567,1,1,1,1,1,1,0,0.90000000000000002,0.994659423828125
dense_minilm,classifier_all_positive,2860,no acute abnormality,no_finding,1,3,True,True,10,0,1,0,0,0,0,1,0,,0,1,0,0,0,0,1,0.66666666666666674,0.9999997615814209,0,1,0,0,0,0,1,0.80000000000000004,0.99999982118606567,0,1,0,0,0,0,1,0.90000000000000002,0.994659423828125
dense_minilm,classifier_all_positive,2866,no acute abnormality,no_finding,1,3,True,True,10,1,1,1,1,1,1,0,0,,1,1,1,1,1,1,0,0.66666666666666674,0.9999997615814209,1,1,1,1,1,1,0,0.80000000000000004,0.99999982118606567,1,1,1,1,1,1,0,0.90000000000000002,0.994659423828125
dense_minilm,classifier_all_positive,2870,no acute abnormality,no_finding,1,3,True,True,10,1,1,1,1,1,1,0,0,,1,1,1,1,1,1,0,0.66666666666666674,0.9999997615814209,1,1,1,1,1,1,0,0.80000000000000004,0.99999982118606567,1,1,1,1,1,1,0,0.90000000000000002,0.994659423828125
dense_minilm,classifier_all_positive,2884,cardiomegaly,findings,1,1,True,True,10,0,1,0,0,0,0,1,0,,0,1,0,0,0,0,1,0,0.73525112867355347,0,0.90000000000000002,0,0,0,0,1,0,0.73118877410888672,0.050000000000000003,0.84999999999999998,0.039199134489337671,0,0,1,0.90000000000000002,0,0.66543298959732056
dense_minilm,classifier_all_positive,2894,support device,findings,1,2,True,True,10,0.5,0.5,0.5,0,0,1,0,0,,0.5,0.5,0.53072127397724345,1,0.5,1,0.33333333333333331,0,0.36459830403327942,0.69999999999999996,0.69999999999999996,0.66083979472638388,1,0.5,1,0.20000000000000001,0,0.38849782943725586,0.55000000000000004,0.55000000000000004,0.58060200011180185,1,0.5,1,0.40000000000000002,0,0.46512973308563232
dense_minilm,classifier_all_positive,2898,no acute abnormality,no_finding,1,3,True,True,10,1,1,1,1,1,1,0,0,,1,1,1,1,1,1,0,0.66666666666666674,0.9999997615814209,1,1,1,1,1,1,0,0.80000000000000004,0.99999982118606567,1,1,1,1,1,1,0,0.90000000000000002,0.994659423828125
dense_minilm,classifier_all_positive,2902,pleural effusion pleural abnormality,findings,2,4,True,True,10,1,0,1,1,1,1,0,0,,0.33333333333333331,0.1111111111111111,0.46927872602275644,1,1,1,0.66666666666666663,0,0.66308528184890747,0.59999999999999998,0.066666666666666666,0.61643363262866435,1,1,1,0.40000000000000002,0,0.73799896240234375,0.5,0.10000000000000001,0.55178543938728741,1,1,1,0.5,0,0.70688366889953613
dense_minilm,classifier_all_positive,2910,no acute abnormality,no_finding,1,3,True,True,10,1,1,1,1,1,1,0,0,,1,1,1,1,1,1,0,0.66666666666666674,0.9999997615814209,1,1,1,1,1,1,0,0.80000000000000004,0.99999982118606567,1,1,1,1,1,1,0,0.90000000000000002,0.994659423828125
dense_minilm,classifier_all_positive,2916,no acute abnormality,no_finding,1,3,True,True,10,1,1,1,1,1,1,0,0,,1,1,1,1,1,1,0,0.66666666666666674,0.9999997615814209,1,1,1,1,1,1,0,0.80000000000000004,0.99999982118606567,1,1,1,1,1,1,0,0.90000000000000002,0.994659423828125
dense_minilm,classifier_all_positive,2933,,empty,0,0,False,True,0,,,,,,,,,,,,,,,,,,,,,,,,,,,,,,,,,,,,
dense_minilm,classifier_all_positive,2936,enlarged cardiomediastinum cardiomegaly,findings,2,3,True,True,10,0.5,0.33333333333333331,0.5,0,0,1,0,0,,0.33333333333333331,0.22222222222222221,0.35195904451706733,0,0,1,0.33333333333333331,0,0.78161144256591797,0.59999999999999998,0.33333333333333331,0.53164358131026035,1,0.25,1,0.20000000000000001,0,0.75046312808990479,0.42499999999999999,0.23666666666666664,0.42959551071396102,1,0.25,1,0.40000000000000002,0,0.70256322622299194
dense_minilm,classifier_all_positive,2955,enlarged cardiomediastinum cardiomegaly pulmonary edema,findings,3,5,True,True,10,0.33333333333333331,0.5,0.33333333333333331,0,0,1,0,0,,0.27777777777777773,0.47222222222222215,0.30446719749051809,0,0,1,0.33333333333333331,0,0.69075006246566772,0.23333333333333331,0.3833333333333333,0.26873598407270466,0,0,1,0.40000000000000002,0,0.72025316953659058,0.46666666666666662,0.31666666666666665,0.42712329099346735,1,0.16666666666666666,1,0.29999999999999999,0,0.72508502006530762
dense_minilm,classifier_all_positive,2957,lung opacity lung lesion pneumonia atelectasis,findings,4,6,True,True,10,0.33333333333333331,0.25,0.33333333333333331,0,0,0.33333333333333331,0,0,,0.44444444444444442,0.33333333333333331,0.4320273036552883,0,0,0.66666666666666663,0,0,0.78855293989181519,0.3833333333333333,0.34999999999999998,0.39372833178548061,0,0,0.66666666666666663,0,0,0.72217535972595215,0.46500000000000002,0.3833333333333333,0.44655741683132449,0,0,0.66666666666666663,0,0,0.74772506952285767
dense_minilm,classifier_all_positive,2964,no acute abnormality,no_finding,1,3,True,True,10,1,1,1,1,1,1,0,0,,1,1,1,1,1,1,0,0.66666666666666674,0.9999997615814209,1,1,1,1,1,1,0,0.80000000000000004,0.99999982118606567,1,1,1,1,1,1,0,0.90000000000000002,0.994659423828125
dense_minilm,classifier_all_positive,3004,lung opacity pleural abnormality,findings,2,4,True,True,10,0.5,0.5,0.5,0,0,1,0,0,,0.44444444444444442,0.44444444444444442,0.46089343949810357,0,0,1,0,0,0.81204575300216675,0.36666666666666664,0.36666666666666664,0.40613411080436107,0,0,1,0.20000000000000001,0,0.77389729022979736,0.26666666666666666,0.26666666666666666,0.32113500074725404,0,0,1,0.40000000000000002,0,0.77653026580810547
dense_minilm,classifier_all_positive,3010,no acute abnormality,no_finding,1,3,True,True,10,1,1,1,1,1,1,0,0,,1,1,1,1,1,1,0,0.66666666666666674,0.9999997615814209,1,1,1,1,1,1,0,0.80000000000000004,0.99999982118606567,1,1,1,1,1,1,0,0.90000000000000002,0.994659423828125
dense_minilm,classifier_all_positive,3022,lung opacity lung lesion consolidation pneumonia,findings,4,6,True,True,10,0,0.25,0,0,0,0,1,0,,0,0.33333333333333331,0,0,0,0,1,0,0.72065275907516479,0,0.33333333333333331,0,0,0,0,1,0,0.69377106428146362,0,0.29166666666666663,0,0,0,0,1,0,0.70507937669754028
dense_minilm,classifier_all_positive,3025,fracture,findings,1,1,True,True,10,0,0,0,0,0,0,1,0,,0,0.33333333333333331,0,0,0,0,1,0,0.54505807161331177,0,0.40000000000000002,0,0,0,0,1,0,0.60689628124237061,0.29999999999999999,0.23333333333333334,0.21801641453242443,1,0.16666666666666666,1,0.69999999999999996,0,0.59575396776199341
dense_minilm,classifier_all_positive,3045,no acute abnormality,no_finding,1,3,True,True,10,1,1,1,1,1,1,0,0,,1,1,1,1,1,1,0,0.66666666666666674,0.9999997615814209,1,1,1,1,1,1,0,0.80000000000000004,0.99999982118606567,1,1,1,1,1,1,0,0.90000000000000002,0.994659423828125
dense_minilm,classifier_all_positive,3049,fracture,findings,1,1,True,True,10,0,0,0,0,0,0,1,0,,0,0.33333333333333331,0,0,0,0,1,0,0.54505807161331177,0,0.40000000000000002,0,0,0,0,1,0,0.60689628124237061,0.29999999999999999,0.23333333333333334,0.21801641453242443,1,0.16666666666666666,1,0.69999999999999996,0,0.59575396776199341
dense_minilm,classifier_all_positive,3060,no acute abnormality,no_finding,1,3,True,True,10,1,1,1,1,1,1,0,0,,1,1,1,1,1,1,0,0.66666666666666674,0.9999997615814209,1,1,1,1,1,1,0,0.80000000000000004,0.99999982118606567,1,1,1,1,1,1,0,0.90000000000000002,0.994659423828125
dense_minilm,classifier_all_positive,3069,lung lesion consolidation pneumonia,findings,3,4,True,True,10,0.20000000000000001,0.40000000000000002,0.20000000000000001,0,0,0.5,0,0,,0.14999999999999999,0.29999999999999999,0.16787622294601762,0,0,0.5,0.33333333333333331,0,0.71800976991653442,0.089999999999999997,0.17999999999999999,0.12132860723835512,0,0,0.5,0.59999999999999998,0,0.72043401002883911,0.25166666666666665,0.20666666666666669,0.22784536417810425,0,0,1,0.40000000000000002,0,0.70335924625396729
dense_minilm,classifier_all_positive,3074,,empty,0,0,False,True,0,,,,,,,,,,,,,,,,,,,,,,,,,,,,,,,,,,,,
dense_minilm,classifier_all_positive,3114,,empty,0,0,False,True,0,,,,,,,,,,,,,,,,,,,,,,,,,,,,,,,,,,,,
dense_minilm,classifier_all_positive,3115,no acute abnormality,no_finding,1,3,True,True,10,1,1,1,1,1,1,0,0,,1,1,1,1,1,1,0,0.66666666666666674,0.9999997615814209,1,1,1,1,1,1,0,0.80000000000000004,0.99999982118606567,1,1,1,1,1,1,0,0.90000000000000002,0.994659423828125
dense_minilm,classifier_all_positive,3117,no acute abnormality,no_finding,1,3,True,True,10,1,1,1,1,1,1,0,0,,1,1,1,1,1,1,0,0.66666666666666674,0.9999997615814209,1,1,1,1,1,1,0,0.80000000000000004,0.99999982118606567,1,1,1,1,1,1,0,0.90000000000000002,0.994659423828125
dense_minilm,classifier_all_positive,3134,no acute abnormality,no_finding,1,3,True,True,10,1,1,1,1,1,1,0,0,,1,1,1,1,1,1,0,0.66666666666666674,0.9999997615814209,1,1,1,1,1,1,0,0.80000000000000004,0.99999982118606567,1,1,1,1,1,1,0,0.90000000000000002,0.994659423828125
dense_minilm,classifier_all_positive,3135,fracture,findings,1,1,True,True,10,0,0,0,0,0,0,1,0,,0,0.33333333333333331,0,0,0,0,1,0,0.54505807161331177,0,0.40000000000000002,0,0,0,0,1,0,0.60689628124237061,0.29999999999999999,0.23333333333333334,0.21801641453242443,1,0.16666666666666666,1,0.69999999999999996,0,0.59575396776199341
dense_minilm,classifier_all_positive,3148,enlarged cardiomediastinum atelectasis pleural effusion,findings,3,5,True,True,10,0.33333333333333331,0,0.33333333333333331,0,0,0.5,0,0,,0.1111111111111111,0.083333333333333329,0.15642624200758548,0,0,0.5,0.66666666666666663,0,0.81174367666244507,0.26666666666666666,0.20000000000000001,0.24921290338033536,0,0,1,0.40000000000000002,0,0.72625112533569336,0.19166666666666665,0.19500000000000001,0.21788147581786091,0,0,1,0.5,0,0.70254278182983398
dense_minilm,classifier_all_positive,3158,pleural effusion,findings,1,2,True,True,10,0,0,0,0,0,0,1,0,,0.083333333333333329,0.5,0.058659840752844555,0,0,0.33333333333333331,0.66666666666666663,0,0.69165629148483276,0.16666666666666666,0.40000000000000002,0.12388574498485627,0,0,0.66666666666666663,0.40000000000000002,0,0.6825869083404541,0.14166666666666666,0.25,0.1222058178381632,0,0,1,0.5,0,0.64989537000656128
dense_minilm,classifier_all_positive,3180,no acute abnormality,no_finding,1,3,True,True,10,1,1,1,1,1,1,0,0,,1,1,1,1,1,1,0,0.66666666666666674,0.9999997615814209,1,1,1,1,1,1,0,0.80000000000000004,0.99999982118606567,1,1,1,1,1,1,0,0.90000000000000002,0.994659423828125
dense_minilm,classifier_all_positive,3183,no acute abnormality,no_finding,1,3,True,True,10,1,1,1,1,1,1,0,0,,1,1,1,1,1,1,0,0.66666666666666674,0.9999997615814209,1,1,1,1,1,1,0,0.80000000000000004,0.99999982118606567,1,1,1,1,1,1,0,0.90000000000000002,0.994659423828125
dense_minilm,classifier_all_positive,3191,enlarged cardiomediastinum cardiomegaly pleural abnormality,findings,3,5,True,True,10,0.5,0.25,0.5,0,0,1,0,0,,0.33333333333333331,0.16666666666666666,0.35195904451706733,0,0,1,0.33333333333333331,0,0.78874188661575317,0.20000000000000001,0.14999999999999999,0.25437015395521206,0,0,1,0.59999999999999998,0,0.76016557216644287,0.10000000000000001,0.074999999999999997,0.16506882472356016,0,0,1,0.80000000000000004,0.099999999999999978,0.77612882852554321
dense_minilm,classifier_all_positive,3195,lung opacity pulmonary edema atelectasis pleural effusion,findings,4,7,True,True,10,0.33333333333333331,0.5,0.33333333333333331,0,0,0.5,0,0,,0.3611111111111111,0.3833333333333333,0.3477664012547409,0,0,0.5,0,0,0.80920737981796265,0.41666666666666663,0.32999999999999996,0.38997673293743212,0,0,0.5,0,0,0.82344925403594971,0.38333333333333336,0.38499999999999995,0.37416129948884153,0,0,0.5,0,0,0.77369534969329834
dense_minilm,classifier_all_positive,3207,cardiomegaly,findings,1,1,True,True,10,1,1,1,1,1,1,0,0,,1,1,1,1,1,1,0,0,0.73525112867355347,0.90000000000000002,0.90000000000000002,0.92696582507864678,1,1,1,0,0,0.73118877410888672,0.84999999999999998,0.84999999999999998,0.87672472227620712,1,1,1,0,0,0.66543298959732056
dense_minilm,classifier_all_positive,3214,cardiomegaly,findings,1,1,True,True,10,0.5,1,0.5,0,0,0.5,0,0,,0.5,1,0.5,0,0,0.5,0,0,0.73525112867355347,0.59999999999999998,0.90000000000000002,0.57303417492135322,1,0.25,1,0,0,0.73118877410888672,0.51666666666666661,0.84999999999999998,0.55925480671994321,1,0.25,1,0,0,0.66543298959732056
dense_minilm,classifier_all_positive,3216,no acute abnormality,no_finding,1,3,True,True,10,1,1,1,1,1,1,0,0,,1,1,1,1,1,1,0,0.66666666666666674,0.9999997615814209,1,1,1,1,1,1,0,0.80000000000000004,0.99999982118606567,1,1,1,1,1,1,0,0.90000000000000002,0.994659423828125
dense_minilm,classifier_all_positive,3221,no acute abnormality,no_finding,1,3,True,True,10,1,1,1,1,1,1,0,0,,1,1,1,1,1,1,0,0.66666666666666674,0.9999997615814209,1,1,1,1,1,1,0,0.80000000000000004,0.99999982118606567,1,1,1,1,1,1,0,0.90000000000000002,0.994659423828125
dense_minilm,classifier_all_positive,3253,fracture,findings,1,1,True,True,10,0,0,0,0,0,0,1,0,,0,0.33333333333333331,0,0,0,0,1,0,0.54505807161331177,0,0.40000000000000002,0,0,0,0,1,0,0.60689628124237061,0.29999999999999999,0.23333333333333334,0.21801641453242443,1,0.16666666666666666,1,0.69999999999999996,0,0.59575396776199341
dense_minilm,classifier_all_positive,3279,no acute abnormality,no_finding,1,3,True,True,10,1,1,1,1,1,1,0,0,,1,1,1,1,1,1,0,0.66666666666666674,0.9999997615814209,1,1,1,1,1,1,0,0.80000000000000004,0.99999982118606567,1,1,1,1,1,1,0,0.90000000000000002,0.994659423828125
dense_minilm,classifier_all_positive,3281,no acute abnormality,no_finding,1,3,True,True,10,0,1,0,0,0,0,1,0,,0,1,0,0,0,0,1,0.66666666666666674,0.9999997615814209,0,1,0,0,0,0,1,0.80000000000000004,0.99999982118606567,0,1,0,0,0,0,1,0.90000000000000002,0.994659423828125
dense_minilm,classifier_all_positive,3285,no acute abnormality,no_finding,1,3,True,True,10,1,1,1,1,1,1,0,0,,1,1,1,1,1,1,0,0.66666666666666674,0.9999997615814209,1,1,1,1,1,1,0,0.80000000000000004,0.99999982118606567,1,1,1,1,1,1,0,0.90000000000000002,0.994659423828125
dense_minilm,classifier_all_positive,3290,fracture,findings,1,1,True,True,10,0,0,0,0,0,0,1,0,,0,0.33333333333333331,0,0,0,0,1,0,0.54505807161331177,0,0.40000000000000002,0,0,0,0,1,0,0.60689628124237061,0.29999999999999999,0.23333333333333334,0.21801641453242443,1,0.16666666666666666,1,0.69999999999999996,0,0.59575396776199341
dense_minilm,classifier_all_positive,3347,fracture,findings,1,1,True,True,10,0,0,0,0,0,0,1,0,,0.33333333333333331,0.33333333333333331,0.29608191096586522,1,0.5,1,0.66666666666666663,0,0.54505807161331177,0.20000000000000001,0.40000000000000002,0.21398626473452756,1,0.5,1,0.80000000000000004,0,0.60689628124237061,0.10000000000000001,0.23333333333333334,0.13886244387355456,1,0.5,1,0.90000000000000002,0,0.59575396776199341
dense_minilm,classifier_all_positive,3358,no acute abnormality,no_finding,1,3,True,True,10,1,1,1,1,1,1,0,0,,1,1,1,1,1,1,0,0.66666666666666674,0.9999997615814209,1,1,1,1,1,1,0,0.80000000000000004,0.99999982118606567,1,1,1,1,1,1,0,0.90000000000000002,0.994659423828125
dense_minilm,classifier_all_positive,3363,no acute abnormality,no_finding,1,3,True,True,10,0,1,0,0,0,0,1,0,,0,1,0,0,0,0,1,0.66666666666666674,0.9999997615814209,0,1,0,0,0,0,1,0.80000000000000004,0.99999982118606567,0,1,0,0,0,0,1,0.90000000000000002,0.994659423828125
dense_minilm,classifier_all_positive,3369,pneumothorax fracture,findings,2,2,True,False,10,0,0,0,,,0,1,0,,0,0,0,,,0,1,0,0.90671700239181519,0.12,0.080000000000000002,0.113281977421594,,,1,0.80000000000000004,0,0.73231488466262817,0.14666666666666667,0.13999999999999999,0.17022033024939687,,,1,0.69999999999999996,0,0.7003512978553772
dense_minilm,classifier_all_positive,3370,no acute abnormality,no_finding,1,3,True,True,10,1,1,1,1,1,1,0,0,,1,1,1,1,1,1,0,0.66666666666666674,0.9999997615814209,1,1,1,1,1,1,0,0.80000000000000004,0.99999982118606567,1,1,1,1,1,1,0,0.90000000000000002,0.994659423828125
dense_minilm,classifier_all_positive,3374,no acute abnormality,no_finding,1,3,True,True,10,0,1,0,0,0,0,1,0,,0,1,0,0,0,0,1,0.66666666666666674,0.9999997615814209,0,1,0,0,0,0,1,0.80000000000000004,0.99999982118606567,0,1,0,0,0,0,1,0.90000000000000002,0.994659423828125
dense_minilm,classifier_all_positive,3378,fracture,findings,1,1,True,False,10,0,0,0,,,0,1,0,,0.16666666666666666,0.33333333333333331,0.18694572894805078,,,0.5,0.66666666666666663,0,0.54505807161331177,0.20000000000000001,0.40000000000000002,0.26650895633817573,,,0.5,0.59999999999999998,0,0.60689628124237061,0.125,0.23333333333333334,0.21395039363284959,,,0.5,0.69999999999999996,0,0.59575396776199341
dense_minilm,classifier_all_positive,3379,enlarged cardiomediastinum,findings,1,2,True,True,10,0.33333333333333331,0,0.33333333333333331,0,0,0.5,0,0,,0.44444444444444442,0,0.39106560501896365,1,0.33333333333333331,1,0.33333333333333331,0,0.78161144256591797,0.26666666666666666,0,0.2826335043946801,1,0.33333333333333331,1,0.59999999999999998,0,0.77280634641647339,0.28333333333333333,0,0.29241801251461236,1,0.33333333333333331,1,0.5,0,0.73854231834411621
dense_minilm,classifier_all_positive,3386,no acute abnormality,no_finding,1,3,True,True,10,1,1,1,1,1,1,0,0,,1,1,1,1,1,1,0,0.66666666666666674,0.9999997615814209,1,1,1,1,1,1,0,0.80000000000000004,0.99999982118606567,1,1,1,1,1,1,0,0.90000000000000002,0.994659423828125
dense_minilm,classifier_all_positive,3434,lung opacity pneumonia pleural abnormality,findings,3,5,True,True,10,0,0.33333333333333331,0,0,0,0,1,0,,0,0.55555555555555547,0,0,0,0,1,0,0.83148664236068726,0,0.39999999999999997,0,0,0,0,1,0,0.78335458040237427,0.10000000000000001,0.29833333333333328,0.078398268978675342,1,0.16666666666666666,1,0.90000000000000002,0,0.75752353668212891
dense_minilm,classifier_all_positive,3435,enlarged cardiomediastinum,findings,1,2,True,True,10,0.5,0,0.5,0,0,1,0,0,,0.33333333333333331,0,0.35195904451706733,0,0,1,0.33333333333333331,0,0.78161144256591797,0.20000000000000001,0,0.25437015395521206,0,0,1,0.59999999999999998,0,0.77280634641647339,0.40000000000000002,0,0.38308523925598459,1,0.16666666666666666,1,0.5,0,0.73854231834411621
dense_minilm,classifier_all_positive,3450,no acute abnormality,no_finding,1,3,True,True,10,1,1,1,1,1,1,0,0,,1,1,1,1,1,1,0,0.66666666666666674,0.9999997615814209,1,1,1,1,1,1,0,0.80000000000000004,0.99999982118606567,1,1,1,1,1,1,0,0.90000000000000002,0.994659423828125
dense_minilm,classifier_all_positive,3455,lung opacity pulmonary edema,findings,2,4,True,False,10,0.75,0.25,1,,,0.75,0,0,,0.41666666666666669,0.41666666666666669,0.64618581734850433,,,0.75,0,0,0.76966482400894165,0.42000000000000004,0.45000000000000001,0.62066917302150348,,,1,0,0,0.76393336057662964,0.42833333333333334,0.39000000000000001,0.60981606951028777,,,1,0,0,0.73280501365661621
dense_minilm,classifier_all_positive,3460,,empty,0,0,False,True,0,,,,,,,,,,,,,,,,,,,,,,,,,,,,,,,,,,,,
dense_minilm,classifier_all_positive,3465,no acute abnormality,no_finding,1,3,True,True,10,1,1,1,1,1,1,0,0,,1,1,1,1,1,1,0,0.66666666666666674,0.9999997615814209,1,1,1,1,1,1,0,0.80000000000000004,0.99999982118606567,1,1,1,1,1,1,0,0.90000000000000002,0.994659423828125
dense_minilm,classifier_all_positive,3477,no acute abnormality,no_finding,1,3,True,True,10,1,1,1,1,1,1,0,0,,1,1,1,1,1,1,0,0.66666666666666674,0.9999997615814209,1,1,1,1,1,1,0,0.80000000000000004,0.99999982118606567,1,1,1,1,1,1,0,0.90000000000000002,0.994659423828125
dense_minilm,classifier_all_positive,3508,enlarged cardiomediastinum lung opacity lung lesion pleural effusion pleural abnormality,findings,5,10,True,False,10,0,0.20000000000000001,0,,,0,1,0,,0.066666666666666666,0.18095238095238098,0.08390284572105218,,,0.33333333333333331,0.66666666666666663,0,0.77863281965255737,0.040000000000000001,0.14190476190476192,0.061584982506762573,,,0.33333333333333331,0.80000000000000004,0,0.75002741813659668,0.036666666666666667,0.099523809523809528,0.057794225909059548,,,0.66666666666666663,0.80000000000000004,0.099999999999999978,0.78017371892929077
dense_minilm,classifier_all_positive,3528,no acute abnormality,no_finding,1,3,True,True,10,1,1,1,1,1,1,0,0,,1,1,1,1,1,1,0,0.66666666666666674,0.9999997615814209,1,1,1,1,1,1,0,0.80000000000000004,0.99999982118606567,1,1,1,1,1,1,0,0.90000000000000002,0.994659423828125
dense_minilm,classifier_all_positive,3539,no acute abnormality,no_finding,1,3,True,True,10,1,1,1,1,1,1,0,0,,1,1,1,1,1,1,0,0.66666666666666674,0.9999997615814209,1,1,1,1,1,1,0,0.80000000000000004,0.99999982118606567,1,1,1,1,1,1,0,0.90000000000000002,0.994659423828125
dense_minilm,classifier_all_positive,3542,no acute abnormality,no_finding,1,3,True,True,10,1,1,1,1,1,1,0,0,,1,1,1,1,1,1,0,0.66666666666666674,0.9999997615814209,1,1,1,1,1,1,0,0.80000000000000004,0.99999982118606567,1,1,1,1,1,1,0,0.90000000000000002,0.994659423828125
dense_minilm,classifier_all_positive,3559,fracture,findings,1,1,True,True,10,0,0,0,0,0,0,1,0,,0,0.33333333333333331,0,0,0,0,1,0,0.54505807161331177,0,0.40000000000000002,0,0,0,0,1,0,0.60689628124237061,0,0.23333333333333334,0,0,0,0,1,0,0.59575396776199341
dense_minilm,classifier_all_positive,3562,enlarged cardiomediastinum fracture,findings,2,3,True,True,10,0,0,0,0,0,0,1,0,,0.16666666666666666,0,0.14804095548293261,0,0,1,0.66666666666666663,0,0.75922751426696777,0.10000000000000001,0.16666666666666666,0.10699313236726378,0,0,1,0.80000000000000004,0,0.74958693981170654,0.050000000000000003,0.083333333333333329,0.069431221936777282,0,0,1,0.90000000000000002,0.099999999999999978,0.76509052515029907
dense_minilm,classifier_all_positive,3565,lung opacity consolidation pneumonia,findings,3,4,True,True,10,0.33333333333333331,0.33333333333333331,0.33333333333333331,0,0,0.33333333333333331,0,0,,0.44444444444444442,0.44444444444444442,0.43719207163780588,0,0,0.66666666666666663,0,0,0.72065275907516479,0.41333333333333339,0.41333333333333339,0.461866540992104,0,0,1,0,0,0.71390914916992188,0.34666666666666668,0.34666666666666668,0.45432851968207161,0,0,1,0.20000000000000001,0,0.69532173871994019
dense_minilm,classifier_all_positive,3589,pneumonia atelectasis,findings,2,2,True,True,10,0.5,0.33333333333333331,0.5,0,0,1,0,0,,0.39999999999999997,0.35555555555555557,0.41117542671024038,0,0,1,0,0,0.68197435140609741,0.28999999999999998,0.41333333333333327,0.32996867628020304,0,0,1,0.20000000000000001,0,0.68543887138366699,0.19,0.35999999999999999,0.24457689315962902,0,0,1,0.40000000000000002,0,0.65270859003067017
dense_minilm,classifier_all_positive,3593,no acute abnormality,no_finding,1,3,True,True,10,1,1,1,1,1,1,0,0,,1,1,1,1,1,1,0,0.66666666666666674,0.9999997615814209,1,1,1,1,1,1,0,0.80000000000000004,0.99999982118606567,1,1,1,1,1,1,0,0.90000000000000002,0.994659423828125
dense_minilm,classifier_all_positive,3597,lung lesion pneumonia,findings,2,3,True,True,10,0,0,0,0,0,0,1,0,,0,0,0,0,0,0,1,0,0.78826874494552612,0,0.10000000000000001,0,0,0,0,1,0,0.7642396092414856,0,0.050000000000000003,0,0,0,0,1,0,0.781441330909729
dense_minilm,classifier_all_positive,3608,cardiomegaly pulmonary edema,findings,2,3,True,True,10,0.5,1,0.5,0,0,1,0,0,,0.66666666666666663,0.83333333333333337,0.61731968150568906,1,0.33333333333333331,1,0,0,0.71467524766921997,0.59999999999999998,0.66666666666666674,0.59222168748358639,1,0.33333333333333331,1,0.20000000000000001,0,0.70156466960906982,0.5083333333333333,0.53333333333333333,0.52553298938161963,1,0.33333333333333331,1,0.20000000000000001,0,0.70101463794708252
dense_minilm,classifier_all_positive,3610,no acute abnormality,no_finding,1,3,True,True,10,1,1,1,1,1,1,0,0,,1,1,1,1,1,1,0,0.66666666666666674,0.9999997615814209,1,1,1,1,1,1,0,0.80000000000000004,0.99999982118606567,1,1,1,1,1,1,0,0.90000000000000002,0.994659423828125
dense_minilm,classifier_all_positive,3611,enlarged cardiomediastinum cardiomegaly lung opacity pleural effusion pleural abnormality fracture,findings,6,10,True,True,10,0,0,0,0,0,0,1,0,,0.066666666666666666,0.14285714285714285,0.046927872602275648,0,0,0.5,0.66666666666666663,0,0.69109159708023071,0.13999999999999999,0.15238095238095237,0.10965319869066764,0,0,0.5,0.59999999999999998,0,0.68821293115615845,0.10333333333333332,0.12619047619047619,0.10559826124041444,0,0,0.5,0.69999999999999996,0.19999999999999996,0.72926688194274902
dense_minilm,classifier_all_positive,3624,no acute abnormality,no_finding,1,3,True,True,10,1,1,1,1,1,1,0,0,,1,1,1,1,1,1,0,0.66666666666666674,0.9999997615814209,1,1,1,1,1,1,0,0.80000000000000004,0.99999982118606567,1,1,1,1,1,1,0,0.90000000000000002,0.994659423828125
dense_minilm,classifier_all_positive,3632,fracture,findings,1,1,True,True,10,0,0,0,0,0,0,1,0,,0,0.33333333333333331,0,0,0,0,1,0,0.54505807161331177,0,0.40000000000000002,0,0,0,0,1,0,0.60689628124237061,0.065000000000000002,0.23333333333333334,0.053792501649327619,0,0,0.5,0.80000000000000004,0,0.59575396776199341
dense_minilm,classifier_all_positive,3639,no acute abnormality,no_finding,1,3,True,True,10,1,1,1,1,1,1,0,0,,1,1,1,1,1,1,0,0.66666666666666674,0.9999997615814209,1,1,1,1,1,1,0,0.80000000000000004,0.99999982118606567,1,1,1,1,1,1,0,0.90000000000000002,0.994659423828125
dense_minilm,classifier_all_positive,3641,,empty,0,0,False,True,0,,,,,,,,,,,,,,,,,,,,,,,,,,,,,,,,,,,,
dense_minilm,classifier_all_positive,3655,no acute abnormality,no_finding,1,3,True,True,10,0,1,0,0,0,0,1,0,,0,1,0,0,0,0,1,0.66666666666666674,0.9999997615814209,0,1,0,0,0,0,1,0.80000000000000004,0.99999982118606567,0,1,0,0,0,0,1,0.90000000000000002,0.994659423828125
dense_minilm,classifier_all_positive,3665,no acute abnormality,no_finding,1,3,True,True,10,1,1,1,1,1,1,0,0,,1,1,1,1,1,1,0,0.66666666666666674,0.9999997615814209,1,1,1,1,1,1,0,0.80000000000000004,0.99999982118606567,1,1,1,1,1,1,0,0.90000000000000002,0.994659423828125
dense_minilm,classifier_all_positive,3667,support device,findings,1,2,True,True,10,0.5,0.5,0.5,0,0,1,0,0,,0.5,0.5,0.53072127397724345,1,0.5,1,0.33333333333333331,0,0.36459830403327942,0.69999999999999996,0.69999999999999996,0.66083979472638388,1,0.5,1,0.20000000000000001,0,0.38849782943725586,0.55000000000000004,0.55000000000000004,0.58060200011180185,1,0.5,1,0.40000000000000002,0,0.46512973308563232
dense_minilm,classifier_all_positive,3672,cardiomegaly pulmonary edema pleural effusion,findings,3,5,True,True,10,0.25,0.66666666666666663,0.25,0,0,0.33333333333333331,0,0,,0.30555555555555552,0.44444444444444442,0.31256158567243875,0,0,0.33333333333333331,0,0,0.77761656045913696,0.3166666666666666,0.40000000000000002,0.35833494573849106,0,0,0.66666666666666663,0.20000000000000001,0,0.71838974952697754,0.26500000000000001,0.34166666666666667,0.35174194400426384,0,0,0.66666666666666663,0.29999999999999999,0.099999999999999978,0.7230449914932251
dense_minilm,classifier_all_positive,3683,no acute abnormality,no_finding,1,3,True,True,10,0,1,0,0,0,0,1,0,,0,1,0,0,0,0,1,0.66666666666666674,0.9999997615814209,0,1,0,0,0,0,1,0.80000000000000004,0.99999982118606567,0,1,0,0,0,0,1,0.90000000000000002,0.994659423828125
dense_minilm,classifier_all_positive,3692,no acute abnormality,no_finding,1,3,True,True,10,1,1,1,1,1,1,0,0,,1,1,1,1,1,1,0,0.66666666666666674,0.9999997615814209,1,1,1,1,1,1,0,0.80000000000000004,0.99999982118606567,1,1,1,1,1,1,0,0.90000000000000002,0.994659423828125
dense_minilm,classifier_all_positive,3693,,empty,0,0,False,True,0,,,,,,,,,,,,,,,,,,,,,,,,,,,,,,,,,,,,
dense_minilm,classifier_all_positive,3701,no acute abnormality,no_finding,1,3,True,True,10,1,1,1,1,1,1,0,0,,1,1,1,1,1,1,0,0.66666666666666674,0.9999997615814209,1,1,1,1,1,1,0,0.80000000000000004,0.99999982118606567,1,1,1,1,1,1,0,0.90000000000000002,0.994659423828125
dense_minilm,classifier_all_positive,3720,no acute abnormality,no_finding,1,3,True,True,10,1,1,1,1,1,1,0,0,,1,1,1,1,1,1,0,0.66666666666666674,0.9999997615814209,1,1,1,1,1,1,0,0.80000000000000004,0.99999982118606567,1,1,1,1,1,1,0,0.90000000000000002,0.994659423828125
dense_minilm,classifier_all_positive,3726,no acute abnormality,no_finding,1,3,True,True,10,1,1,1,1,1,1,0,0,,1,1,1,1,1,1,0,0.66666666666666674,0.9999997615814209,1,1,1,1,1,1,0,0.80000000000000004,0.99999982118606567,1,1,1,1,1,1,0,0.90000000000000002,0.994659423828125
dense_minilm,classifier_all_positive,3756,lung opacity atelectasis,findings,2,3,True,True,10,0.5,1,0.5,0,0,1,0,0,,0.41666666666666669,0.83333333333333337,0.42597952225853364,0,0,1,0,0,0.82129663228988647,0.65000000000000002,0.69999999999999996,0.5851401474938922,1,0.25,1,0,0,0.81704270839691162,0.60833333333333328,0.76666666666666672,0.57601815356094166,1,0.25,1,0,0,0.75676828622817993
dense_minilm,classifier_all_positive,3785,no acute abnormality,no_finding,1,3,True,True,10,0,1,0,0,0,0,1,0,,0,1,0,0,0,0,1,0.66666666666666674,0.9999997615814209,0,1,0,0,0,0,1,0.80000000000000004,0.99999982118606567,0,1,0,0,0,0,1,0.90000000000000002,0.994659423828125
dense_minilm,classifier_all_positive,3787,no acute abnormality,no_finding,1,3,True,True,10,1,1,1,1,1,1,0,0,,1,1,1,1,1,1,0,0.66666666666666674,0.9999997615814209,1,1,1,1,1,1,0,0.80000000000000004,0.99999982118606567,1,1,1,1,1,1,0,0.90000000000000002,0.994659423828125
dense_minilm,classifier_all_positive,3790,lung opacity atelectasis pleural effusion fracture,findings,4,6,True,True,10,0.5,0.5,0.5,0,0,1,0,0,,0.41666666666666669,0.53333333333333333,0.42597952225853364,0,0,1,0,0,0.78352206945419312,0.51666666666666661,0.52000000000000002,0.48776124759875461,1,0.20000000000000001,1,0,0,0.76975154876708984,0.49166666666666659,0.47499999999999998,0.47693116747888176,1,0.20000000000000001,1,0.10000000000000001,0,0.73438167572021484
dense_minilm,classifier_all_positive,3793,lung opacity pneumonia atelectasis fracture,findings,4,5,True,True,10,1,0.25,1,1,1,1,0,0,,0.58333333333333337,0.45000000000000001,0.67597952225853364,1,1,1,0,0,0.71034091711044312,0.45000000000000001,0.47000000000000003,0.55415090205625284,1,1,1,0.20000000000000001,0,0.6949237585067749,0.47499999999999998,0.45333333333333331,0.5393534383133497,1,1,1,0.10000000000000001,0,0.70858299732208252
dense_minilm,classifier_all_positive,3809,no acute abnormality,no_finding,1,3,True,True,10,1,1,1,1,1,1,0,0,,1,1,1,1,1,1,0,0.66666666666666674,0.9999997615814209,1,1,1,1,1,1,0,0.80000000000000004,0.99999982118606567,1,1,1,1,1,1,0,0.90000000000000002,0.994659423828125
dense_minilm,classifier_all_positive,3814,fracture,findings,1,1,True,True,10,0,0,0,0,0,0,1,0,,0,0.33333333333333331,0,0,0,0,1,0,0.54505807161331177,0,0.40000000000000002,0,0,0,0,1,0,0.60689628124237061,0.29999999999999999,0.23333333333333334,0.21801641453242443,1,0.16666666666666666,1,0.69999999999999996,0,0.59575396776199341
dense_minilm,classifier_all_positive,3817,enlarged cardiomediastinum,findings,1,2,True,True,10,0,0,0,0,0,0,1,0,,0,0,0,0,0,0,1,0,0.78161144256591797,0.20000000000000001,0,0.13120507751234178,1,0.20000000000000001,1,0.80000000000000004,0,0.77280634641647339,0.20000000000000001,0,0.14876390584057272,1,0.20000000000000001,1,0.80000000000000004,0,0.73854231834411621
dense_minilm,classifier_all_positive,3830,no acute abnormality,no_finding,1,3,True,True,10,1,1,1,1,1,1,0,0,,1,1,1,1,1,1,0,0.66666666666666674,0.9999997615814209,1,1,1,1,1,1,0,0.80000000000000004,0.99999982118606567,1,1,1,1,1,1,0,0.90000000000000002,0.994659423828125
dense_minilm,classifier_all_positive,3837,no acute abnormality,no_finding,1,3,True,True,10,1,1,1,1,1,1,0,0,,1,1,1,1,1,1,0,0.66666666666666674,0.9999997615814209,1,1,1,1,1,1,0,0.80000000000000004,0.99999982118606567,1,1,1,1,1,1,0,0.90000000000000002,0.994659423828125
dense_minilm,classifier_all_positive,3847,pneumothorax pleural effusion,findings,2,3,True,True,10,0,0,0,0,0,0,1,0,,0.33333333333333331,0.16666666666666666,0.29608191096586522,1,0.5,1,0.66666666666666663,0,0.82439446449279785,0.20000000000000001,0.10000000000000001,0.21398626473452756,1,0.5,1,0.80000000000000004,0,0.79251879453659058,0.13333333333333333,0.20000000000000001,0.19649837136091391,1,0.5,1,0.80000000000000004,0,0.75092214345932007
dense_minilm,classifier_all_positive,3866,lung opacity consolidation pneumonia,findings,3,4,True,True,10,0.5,0.33333333333333331,0.5,0,0,0.5,0,0,,0.66666666666666663,0.44444444444444442,0.61731968150568906,1,0.33333333333333331,1,0,0,0.72065275907516479,0.54000000000000004,0.41333333333333339,0.54096954636559214,1,0.33333333333333331,1,0,0,0.71390914916992188,0.37333333333333335,0.34666666666666668,0.4265575754205857,1,0.33333333333333331,1,0.20000000000000001,0,0.69532173871994019
dense_minilm,classifier_all_positive,3875,lung opacity pneumonia,findings,2,3,True,True,10,1,0.5,1,1,1,1,0,0,,0.83333333333333337,0.66666666666666663,0.88268031849431083,1,1,1,0,0,0.72065275907516479,0.80000000000000004,0.69999999999999996,0.84960740992542505,1,1,1,0,0,0.71195524930953979,0.59999999999999998,0.45000000000000001,0.70309926601455153,1,1,1,0.29999999999999999,0.099999999999999978,0.72357916831970215
dense_minilm,classifier_all_positive,3879,pneumonia,findings,1,1,True,True,10,1,0,1,1,1,1,0,0,,0.33333333333333331,0.33333333333333331,0.46927872602275644,1,1,1,0.66666666666666663,0,0.79625701904296875,0.20000000000000001,0.20000000000000001,0.33916020527361612,1,1,1,0.80000000000000004,0,0.78606843948364258,0.20000000000000001,0.10000000000000001,0.28371255449703192,1,1,1,0.80000000000000004,0,0.78300249576568604
dense_minilm,classifier_all_positive,3880,cardiomegaly,findings,1,1,True,True,10,0.33333333333333331,1,0.33333333333333331,0,0,0.33333333333333331,0,0,,0.33333333333333331,1,0.33333333333333326,0,0,0.33333333333333331,0,0,0.73525112867355347,0.31666666666666665,0.90000000000000002,0.32116097084644107,0,0,0.33333333333333331,0,0,0.73118877410888672,0.34999999999999998,0.84999999999999998,0.3548782074184309,0,0,0.66666666666666663,0,0,0.66543298959732056
dense_minilm,classifier_all_positive,3883,no acute abnormality,no_finding,1,3,True,True,10,1,1,1,1,1,1,0,0,,1,1,1,1,1,1,0,0.66666666666666674,0.9999997615814209,1,1,1,1,1,1,0,0.80000000000000004,0.99999982118606567,1,1,1,1,1,1,0,0.90000000000000002,0.994659423828125
dense_minilm,classifier_all_positive,3900,no acute abnormality,no_finding,1,3,True,True,10,1,1,1,1,1,1,0,0,,1,1,1,1,1,1,0,0.66666666666666674,0.9999997615814209,1,1,1,1,1,1,0,0.80000000000000004,0.99999982118606567,1,1,1,1,1,1,0,0.90000000000000002,0.994659423828125
dense_minilm,classifier_all_positive,3905,cardiomegaly pulmonary edema,findings,2,3,True,True,10,0.5,1,0.5,0,0,1,0,0,,0.66666666666666663,0.83333333333333337,0.61731968150568906,1,0.33333333333333331,1,0,0,0.71467524766921997,0.59999999999999998,0.66666666666666674,0.59222168748358639,1,0.33333333333333331,1,0.20000000000000001,0,0.70156466960906982,0.5083333333333333,0.53333333333333333,0.52553298938161963,1,0.33333333333333331,1,0.20000000000000001,0,0.70101463794708252
dense_minilm,classifier_all_positive,3939,no acute abnormality,no_finding,1,3,True,True,10,1,1,1,1,1,1,0,0,,1,1,1,1,1,1,0,0.66666666666666674,0.9999997615814209,1,1,1,1,1,1,0,0.80000000000000004,0.99999982118606567,1,1,1,1,1,1,0,0.90000000000000002,0.994659423828125
dense_minilm,classifier_all_positive,3951,lung lesion consolidation pneumonia,findings,3,4,True,True,10,0,0.40000000000000002,0,0,0,0,1,0,,0,0.29999999999999999,0,0,0,0,1,0,0.71800976991653442,0,0.17999999999999999,0,0,0,0,1,0,0.72043401002883911,0.09166666666666666,0.20666666666666669,0.071644740809965649,0,0,0.5,0.69999999999999996,0,0.70335924625396729
dense_minilm,classifier_all_positive,3953,fracture,findings,1,1,True,True,10,0,0,0,0,0,0,1,0,,0,0.33333333333333331,0,0,0,0,1,0,0.54505807161331177,0,0.40000000000000002,0,0,0,0,1,0,0.60689628124237061,0.29999999999999999,0.23333333333333334,0.21801641453242443,1,0.16666666666666666,1,0.69999999999999996,0,0.59575396776199341
dense_minilm,classifier_all_positive,3968,fracture,findings,1,1,True,True,10,0,0,0,0,0,0,1,0,,0,0.33333333333333331,0,0,0,0,1,0,0.54505807161331177,0,0.40000000000000002,0,0,0,0,1,0,0.60689628124237061,0,0.23333333333333334,0,0,0,0,1,0,0.59575396776199341
dense_minilm,classifier_all_positive,3972,lung opacity pneumonia pleural abnormality,findings,3,5,True,True,10,1,0.33333333333333331,1,1,1,1,0,0,,0.66666666666666663,0.55555555555555547,0.73463936301137822,1,1,1,0,0,0.83148664236068726,0.40000000000000002,0.39999999999999997,0.53094338895928395,1,1,1,0.40000000000000002,0,0.78335458040237427,0.375,0.29833333333333328,0.46656430984557284,1,1,1,0.40000000000000002,0,0.75752353668212891
dense_minilm,classifier_all_positive,3973,enlarged cardiomediastinum fracture,findings,2,3,True,True,10,1,0,1,1,1,1,0,0,,0.33333333333333331,0,0.46927872602275644,1,1,1,0.66666666666666663,0,0.75922751426696777,0.20000000000000001,0.16666666666666666,0.33916020527361612,1,1,1,0.80000000000000004,0,0.74958693981170654,0.29999999999999999,0.083333333333333329,0.349966777951421,1,1,1,0.69999999999999996,0.099999999999999978,0.76509052515029907
dense_minilm,classifier_all_positive,3976,no acute abnormality,no_finding,1,3,True,True,10,1,1,1,1,1,1,0,0,,1,1,1,1,1,1,0,0.66666666666666674,0.9999997615814209,1,1,1,1,1,1,0,0.80000000000000004,0.99999982118606567,1,1,1,1,1,1,0,0.90000000000000002,0.994659423828125
dense_minilm,classifier_all_positive,3980,lung opacity consolidation atelectasis pleural effusion,findings,4,6,True,False,10,0.59999999999999998,0.59999999999999998,0.74999999999999989,,,0.75,0,0,,0.41666666666666669,0.53333333333333333,0.59299447488948143,,,0.75,0,0,0.74693059921264648,0.37,0.5,0.53872747942042964,,,1,0,0,0.77563208341598511,0.26333333333333331,0.43499999999999994,0.45287177368388121,,,1,0.20000000000000001,0,0.72477775812149048
dense_minilm,classifier_all_positive,3982,no acute abnormality,no_finding,1,3,True,True,10,1,1,1,1,1,1,0,0,,1,1,1,1,1,1,0,0.66666666666666674,0.9999997615814209,1,1,1,1,1,1,0,0.80000000000000004,0.99999982118606567,1,1,1,1,1,1,0,0.90000000000000002,0.994659423828125
dense_minilm,classifier_gated,20,no acute abnormality,no_finding,1,3,True,True,10,1,1,1,1,1,1,0,0,,1,1,1,1,1,1,0,0.66666666666666674,0.9999997615814209,1,1,1,1,1,1,0,0.80000000000000004,0.99999982118606567,1,1,1,1,1,1,0,0.90000000000000002,0.994659423828125
dense_minilm,classifier_gated,23,no acute abnormality,no_finding,1,3,True,True,10,1,1,1,1,1,1,0,0,,1,1,1,1,1,1,0,0.66666666666666674,0.9999997615814209,1,1,1,1,1,1,0,0.80000000000000004,0.99999982118606567,1,1,1,1,1,1,0,0.90000000000000002,0.994659423828125
dense_minilm,classifier_gated,33,no acute abnormality,no_finding,1,3,True,True,10,0,1,0,0,0,0,1,0,,0,1,0,0,0,0,1,0.66666666666666674,0.9999997615814209,0,1,0,0,0,0,1,0.80000000000000004,0.99999982118606567,0,1,0,0,0,0,1,0.90000000000000002,0.994659423828125
dense_minilm,classifier_gated,50,pulmonary edema,findings,1,2,True,True,10,0,0,0,0,0,0,1,0,,0.1111111111111111,0.1111111111111111,0.07821312100379274,0,0,1,0.66666666666666663,0,0.79405808448791504,0.26666666666666666,0.066666666666666666,0.20259505072164247,1,0.25,1,0.59999999999999998,0,0.80476474761962891,0.23333333333333331,0.083333333333333329,0.19509111361818254,1,0.25,1,0.69999999999999996,0.19999999999999996,0.83528363704681396
dense_minilm,classifier_gated,54,no acute abnormality,no_finding,1,3,True,True,10,0,1,0,0,0,0,1,0,,0,1,0,0,0,0,1,0.66666666666666674,0.9999997615814209,0,1,0,0,0,0,1,0.80000000000000004,0.99999982118606567,0,1,0,0,0,0,1,0.90000000000000002,0.994659423828125
dense_minilm,classifier_gated,66,no acute abnormality,no_finding,1,3,True,True,10,1,1,1,1,1,1,0,0,,1,1,1,1,1,1,0,0.66666666666666674,0.9999997615814209,1,1,1,1,1,1,0,0.80000000000000004,0.99999982118606567,1,1,1,1,1,1,0,0.90000000000000002,0.994659423828125
dense_minilm,classifier_gated,72,no acute abnormality,no_finding,1,3,True,True,10,1,1,1,1,1,1,0,0,,1,1,1,1,1,1,0,0.66666666666666674,0.9999997615814209,1,1,1,1,1,1,0,0.80000000000000004,0.99999982118606567,1,1,1,1,1,1,0,0.90000000000000002,0.994659423828125
dense_minilm,classifier_gated,73,pleural effusion,findings,1,2,True,True,10,0,0,0,0,0,0,1,0,,0.5,0.5,0.38268031849431083,1,0.33333333333333331,1,0.33333333333333331,0,0.69165629148483276,0.36666666666666664,0.40000000000000002,0.35292738983741623,1,0.33333333333333331,1,0.40000000000000002,0,0.6825869083404541,0.21666666666666665,0.25,0.28068271714959486,1,0.33333333333333331,1,0.59999999999999998,0,0.64989537000656128
dense_minilm,classifier_gated,78,atelectasis pleural effusion,findings,2,3,True,True,10,0.5,0.33333333333333331,0.5,0,0,1,0,0,,0.33333333333333331,0.44444444444444442,0.38268031849431083,0,0,1,0.33333333333333331,0,0.7622038722038269,0.46666666666666667,0.5,0.46637661068422553,1,0.25,1,0.20000000000000001,0,0.74953365325927734,0.41666666666666663,0.39999999999999997,0.43784512976776885,1,0.25,1,0.29999999999999999,0,0.72617983818054199
dense_minilm,classifier_gated,80,no acute abnormality,no_finding,1,3,True,True,10,1,1,1,1,1,1,0,0,,1,1,1,1,1,1,0,0.66666666666666674,0.9999997615814209,1,1,1,1,1,1,0,0.80000000000000004,0.99999982118606567,1,1,1,1,1,1,0,0.90000000000000002,0.994659423828125
dense_minilm,classifier_gated,113,no acute abnormality,no_finding,1,3,True,True,10,0,1,0,0,0,0,1,0,,0,1,0,0,0,0,1,0.66666666666666674,0.9999997615814209,0,1,0,0,0,0,1,0.80000000000000004,0.99999982118606567,0,1,0,0,0,0,1,0.90000000000000002,0.994659423828125
dense_minilm,classifier_gated,117,no acute abnormality,no_finding,1,3,True,True,10,1,1,1,1,1,1,0,0,,1,1,1,1,1,1,0,0.66666666666666674,0.9999997615814209,1,1,1,1,1,1,0,0.80000000000000004,0.99999982118606567,1,1,1,1,1,1,0,0.90000000000000002,0.994659423828125
dense_minilm,classifier_gated,144,enlarged cardiomediastinum,fallback_strongest_positive,1,2,True,True,10,0.33333333333333331,0,0.33333333333333331,0,0,0.5,0,0,,0.22222222222222221,0,0.23463936301137822,0,0,1,0.33333333333333331,0,0.78161144256591797,0.13333333333333333,0,0.16958010263680806,0,0,1,0.59999999999999998,0,0.77280634641647339,0.066666666666666666,0,0.1100458831490401,0,0,1,0.80000000000000004,0,0.73854231834411621
dense_minilm,classifier_gated,152,enlarged cardiomediastinum fracture,findings,2,3,True,True,10,0,0,0,0,0,0,1,0,,0.1111111111111111,0,0.098693970321955066,0,0,0.5,0.66666666666666663,0,0.75922751426696777,0.36666666666666664,0.16666666666666666,0.28299964351038648,1,0.25,1,0.40000000000000002,0,0.74958693981170654,0.18333333333333332,0.083333333333333329,0.21263733164391713,1,0.25,1,0.69999999999999996,0.099999999999999978,0.76509052515029907
dense_minilm,classifier_gated,160,lung opacity,findings,1,2,True,True,10,1,1,1,1,1,1,0,0,,0.58333333333333337,0.58333333333333337,0.66061888526991186,1,1,1,0,0,0.81683164834976196,0.65000000000000002,0.65000000000000002,0.6816860752093471,1,1,1,0,0,0.76443135738372803,0.64166666666666661,0.64166666666666661,0.66307265529242776,1,1,1,0,0,0.74234282970428467
dense_minilm,classifier_gated,188,cardiomegaly pleural effusion,findings,2,3,True,True,10,0,0.5,0,0,0,0,1,0,,0.083333333333333329,0.66666666666666663,0.074020477741466306,0,0,0.33333333333333331,0.66666666666666663,0,0.71774762868881226,0.10000000000000001,0.56666666666666665,0.086297835561717343,0,0,0.66666666666666663,0.59999999999999998,0,0.72117769718170166,0.050000000000000003,0.5,0.056906499466214844,0,0,0.66666666666666663,0.80000000000000004,0,0.70096039772033691
dense_minilm,classifier_gated,189,no acute abnormality,no_finding,1,3,True,True,10,0,1,0,0,0,0,1,0,,0,1,0,0,0,0,1,0.66666666666666674,0.9999997615814209,0,1,0,0,0,0,1,0.80000000000000004,0.99999982118606567,0,1,0,0,0,0,1,0.90000000000000002,0.994659423828125
dense_minilm,classifier_gated,195,pneumonia,fallback_strongest_positive,1,1,True,True,10,1,0,1,1,1,1,0,0,,0.33333333333333331,0.33333333333333331,0.46927872602275644,1,1,1,0.66666666666666663,0,0.79625701904296875,0.20000000000000001,0.20000000000000001,0.33916020527361612,1,1,1,0.80000000000000004,0,0.78606843948364258,0.20000000000000001,0.10000000000000001,0.28371255449703192,1,1,1,0.80000000000000004,0,0.78300249576568604
dense_minilm,classifier_gated,210,,empty,0,0,False,True,0,,,,,,,,,,,,,,,,,,,,,,,,,,,,,,,,,,,,
dense_minilm,classifier_gated,218,,empty,0,0,False,True,0,,,,,,,,,,,,,,,,,,,,,,,,,,,,,,,,,,,,
dense_minilm,classifier_gated,220,lung opacity pneumonia pleural abnormality,findings,3,5,True,True,10,0,0.33333333333333331,0,0,0,0,1,0,,0,0.55555555555555547,0,0,0,0,1,0,0.83148664236068726,0,0.39999999999999997,0,0,0,0,1,0,0.78335458040237427,0,0.29833333333333328,0,0,0,0,1,0,0.75752353668212891
dense_minilm,classifier_gated,222,no acute abnormality,no_finding,1,3,True,True,10,1,1,1,1,1,1,0,0,,1,1,1,1,1,1,0,0.66666666666666674,0.9999997615814209,1,1,1,1,1,1,0,0.80000000000000004,0.99999982118606567,1,1,1,1,1,1,0,0.90000000000000002,0.994659423828125
dense_minilm,classifier_gated,229,no acute abnormality,no_finding,1,3,True,True,10,0,1,0,0,0,0,1,0,,0,1,0,0,0,0,1,0.66666666666666674,0.9999997615814209,0,1,0,0,0,0,1,0.80000000000000004,0.99999982118606567,0,1,0,0,0,0,1,0.90000000000000002,0.994659423828125
dense_minilm,classifier_gated,239,,empty,0,0,False,True,0,,,,,,,,,,,,,,,,,,,,,,,,,,,,,,,,,,,,
dense_minilm,classifier_gated,249,lung lesion,findings,1,2,True,True,10,0,0,0,0,0,0,1,0,,0.33333333333333331,0.33333333333333331,0.29608191096586522,1,0.5,1,0.66666666666666663,0,0.73330259323120117,0.20000000000000001,0.20000000000000001,0.21398626473452756,1,0.5,1,0.80000000000000004,0,0.70415800809860229,0.10000000000000001,0.10000000000000001,0.13886244387355456,1,0.5,1,0.90000000000000002,0,0.68368875980377197
dense_minilm,classifier_gated,266,cardiomegaly,findings,1,1,True,True,10,1,1,1,1,1,1,0,0,,1,1,1,1,1,1,0,0,0.73525112867355347,0.90000000000000002,0.90000000000000002,0.92696582507864678,1,1,1,0,0,0.73118877410888672,0.84999999999999998,0.84999999999999998,0.87672472227620712,1,1,1,0,0,0.66543298959732056
dense_minilm,classifier_gated,268,consolidation pneumonia,findings,2,2,True,True,10,0.25,0.66666666666666663,0.25,0,0,0.5,0,0,,0.30555555555555552,0.44444444444444442,0.31470762214959924,0,0,1,0.33333333333333331,0,0.77464979887008667,0.22333333333333333,0.36666666666666664,0.25666123110996364,0,0,1,0.40000000000000002,0,0.69877874851226807,0.15166666666666667,0.22333333333333333,0.19791488462227003,0,0,1,0.59999999999999998,0,0.73702424764633179
dense_minilm,classifier_gated,278,no acute abnormality,no_finding,1,3,True,True,10,0,1,0,0,0,0,1,0,,0,1,0,0,0,0,1,0.66666666666666674,0.9999997615814209,0,1,0,0,0,0,1,0.80000000000000004,0.99999982118606567,0,1,0,0,0,0,1,0.90000000000000002,0.994659423828125
dense_minilm,classifier_gated,290,no acute abnormality,no_finding,1,3,True,True,10,0,1,0,0,0,0,1,0,,0,1,0,0,0,0,1,0.66666666666666674,0.9999997615814209,0,1,0,0,0,0,1,0.80000000000000004,0.99999982118606567,0,1,0,0,0,0,1,0.90000000000000002,0.994659423828125
dense_minilm,classifier_gated,297,,empty,0,0,False,True,0,,,,,,,,,,,,,,,,,,,,,,,,,,,,,,,,,,,,
dense_minilm,classifier_gated,298,no acute abnormality,no_finding,1,3,True,True,10,1,1,1,1,1,1,0,0,,1,1,1,1,1,1,0,0.66666666666666674,0.9999997615814209,1,1,1,1,1,1,0,0.80000000000000004,0.99999982118606567,1,1,1,1,1,1,0,0.90000000000000002,0.994659423828125
dense_minilm,classifier_gated,310,no acute abnormality,no_finding,1,3,True,True,10,1,1,1,1,1,1,0,0,,1,1,1,1,1,1,0,0.66666666666666674,0.9999997615814209,1,1,1,1,1,1,0,0.80000000000000004,0.99999982118606567,1,1,1,1,1,1,0,0.90000000000000002,0.994659423828125
dense_minilm,classifier_gated,317,fracture,fallback_strongest_positive,1,1,True,True,10,0,0,0,0,0,0,1,0,,0,0.33333333333333331,0,0,0,0,1,0,0.54505807161331177,0,0.40000000000000002,0,0,0,0,1,0,0.60689628124237061,0.29999999999999999,0.23333333333333334,0.21801641453242443,1,0.16666666666666666,1,0.69999999999999996,0,0.59575396776199341
dense_minilm,classifier_gated,325,no acute abnormality,no_finding,1,3,True,True,10,1,1,1,1,1,1,0,0,,1,1,1,1,1,1,0,0.66666666666666674,0.9999997615814209,1,1,1,1,1,1,0,0.80000000000000004,0.99999982118606567,1,1,1,1,1,1,0,0.90000000000000002,0.994659423828125
dense_minilm,classifier_gated,332,no acute abnormality,no_finding,1,3,True,True,10,0,1,0,0,0,0,1,0,,0,1,0,0,0,0,1,0.66666666666666674,0.9999997615814209,0,1,0,0,0,0,1,0.80000000000000004,0.99999982118606567,0,1,0,0,0,0,1,0.90000000000000002,0.994659423828125
dense_minilm,classifier_gated,335,support device,findings,1,2,True,True,10,0.5,0.5,0.5,0,0,1,0,0,,0.5,0.5,0.53072127397724345,1,0.5,1,0.33333333333333331,0,0.36459830403327942,0.69999999999999996,0.69999999999999996,0.66083979472638388,1,0.5,1,0.20000000000000001,0,0.38849782943725586,0.55000000000000004,0.55000000000000004,0.58060200011180185,1,0.5,1,0.40000000000000002,0,0.46512973308563232
dense_minilm,classifier_gated,337,,empty,0,0,False,True,0,,,,,,,,,,,,,,,,,,,,,,,,,,,,,,,,,,,,
dense_minilm,classifier_gated,338,no acute abnormality,no_finding,1,3,True,True,10,1,1,1,1,1,1,0,0,,1,1,1,1,1,1,0,0.66666666666666674,0.9999997615814209,1,1,1,1,1,1,0,0.80000000000000004,0.99999982118606567,1,1,1,1,1,1,0,0.90000000000000002,0.994659423828125
dense_minilm,classifier_gated,368,no acute abnormality,no_finding,1,3,True,True,10,1,1,1,1,1,1,0,0,,1,1,1,1,1,1,0,0.66666666666666674,0.9999997615814209,1,1,1,1,1,1,0,0.80000000000000004,0.99999982118606567,1,1,1,1,1,1,0,0.90000000000000002,0.994659423828125
dense_minilm,classifier_gated,373,no acute abnormality,no_finding,1,3,True,True,10,1,1,1,1,1,1,0,0,,1,1,1,1,1,1,0,0.66666666666666674,0.9999997615814209,1,1,1,1,1,1,0,0.80000000000000004,0.99999982118606567,1,1,1,1,1,1,0,0.90000000000000002,0.994659423828125
dense_minilm,classifier_gated,382,lung opacity pneumothorax,findings,2,3,True,True,10,0.33333333333333331,0.25,0.33333333333333331,0,0,1,0,0,,0.44444444444444442,0.30555555555555552,0.4217868789962072,0,0,1,0,0,0.7642701268196106,0.46666666666666662,0.28333333333333333,0.43604166295588165,1,0.20000000000000001,1,0.20000000000000001,0,0.75165766477584839,0.40833333333333333,0.26166666666666666,0.40932721600268496,1,0.20000000000000001,1,0.20000000000000001,0,0.74941438436508179
dense_minilm,classifier_gated,388,,empty,0,0,False,True,0,,,,,,,,,,,,,,,,,,,,,,,,,,,,,,,,,,,,
dense_minilm,classifier_gated,392,support device,findings,1,2,True,True,10,0.5,0.5,0.5,0,0,1,0,0,,0.5,0.5,0.53072127397724345,1,0.5,1,0.33333333333333331,0,0.36459830403327942,0.69999999999999996,0.69999999999999996,0.66083979472638388,1,0.5,1,0.20000000000000001,0,0.38849782943725586,0.55000000000000004,0.55000000000000004,0.58060200011180185,1,0.5,1,0.40000000000000002,0,0.46512973308563232
dense_minilm,classifier_gated,406,no acute abnormality,no_finding,1,3,True,True,10,0,1,0,0,0,0,1,0,,0,1,0,0,0,0,1,0.66666666666666674,0.9999997615814209,0,1,0,0,0,0,1,0.80000000000000004,0.99999982118606567,0,1,0,0,0,0,1,0.90000000000000002,0.994659423828125
dense_minilm,classifier_gated,407,no acute abnormality,no_finding,1,3,True,True,10,1,1,1,1,1,1,0,0,,1,1,1,1,1,1,0,0.66666666666666674,0.9999997615814209,1,1,1,1,1,1,0,0.80000000000000004,0.99999982118606567,1,1,1,1,1,1,0,0.90000000000000002,0.994659423828125
dense_minilm,classifier_gated,419,no acute abnormality,no_finding,1,3,True,True,10,1,1,1,1,1,1,0,0,,1,1,1,1,1,1,0,0.66666666666666674,0.9999997615814209,1,1,1,1,1,1,0,0.80000000000000004,0.99999982118606567,1,1,1,1,1,1,0,0.90000000000000002,0.994659423828125
dense_minilm,classifier_gated,427,no acute abnormality,no_finding,1,3,True,True,10,1,1,1,1,1,1,0,0,,1,1,1,1,1,1,0,0.66666666666666674,0.9999997615814209,1,1,1,1,1,1,0,0.80000000000000004,0.99999982118606567,1,1,1,1,1,1,0,0.90000000000000002,0.994659423828125
dense_minilm,classifier_gated,430,,empty,0,0,False,True,0,,,,,,,,,,,,,,,,,,,,,,,,,,,,,,,,,,,,
dense_minilm,classifier_gated,436,lung opacity consolidation,findings,2,3,True,True,10,0,0.20000000000000001,0,0,0,0,1,0,,0.083333333333333329,0.39999999999999997,0.058659840752844555,0,0,1,0.66666666666666663,0,0.70046395063400269,0.11666666666666665,0.39000000000000001,0.086130051496649263,0,0,1,0.59999999999999998,0,0.72219830751419067,0.058333333333333327,0.24500000000000002,0.055892510001133683,0,0,1,0.80000000000000004,0.30000000000000004,0.67687308788299561
dense_minilm,classifier_gated,438,no acute abnormality,no_finding,1,3,True,True,10,1,1,1,1,1,1,0,0,,1,1,1,1,1,1,0,0.66666666666666674,0.9999997615814209,1,1,1,1,1,1,0,0.80000000000000004,0.99999982118606567,1,1,1,1,1,1,0,0.90000000000000002,0.994659423828125
dense_minilm,classifier_gated,441,fracture,fallback_strongest_positive,1,1,True,True,10,0,0,0,0,0,0,1,0,,0,0.33333333333333331,0,0,0,0,1,0,0.54505807161331177,0,0.40000000000000002,0,0,0,0,1,0,0.60689628124237061,0,0.23333333333333334,0,0,0,0,1,0,0.59575396776199341
dense_minilm,classifier_gated,450,no acute abnormality,no_finding,1,3,True,True,10,1,1,1,1,1,1,0,0,,1,1,1,1,1,1,0,0.66666666666666674,0.9999997615814209,1,1,1,1,1,1,0,0.80000000000000004,0.99999982118606567,1,1,1,1,1,1,0,0.90000000000000002,0.994659423828125
dense_minilm,classifier_gated,481,support device,findings,1,2,True,True,10,0.5,0.5,0.5,0,0,1,0,0,,0.5,0.5,0.53072127397724345,1,0.5,1,0.33333333333333331,0,0.36459830403327942,0.69999999999999996,0.69999999999999996,0.66083979472638388,1,0.5,1,0.20000000000000001,0,0.38849782943725586,0.55000000000000004,0.55000000000000004,0.58060200011180185,1,0.5,1,0.40000000000000002,0,0.46512973308563232
dense_minilm,classifier_gated,483,atelectasis,fallback_strongest_positive,1,1,True,True,10,0,0.5,0,0,0,0,1,0,,0.16666666666666666,0.66666666666666663,0.14804095548293261,0,0,1,0.66666666666666663,0,0.69927710294723511,0.10000000000000001,0.80000000000000004,0.10699313236726378,0,0,1,0.80000000000000004,0,0.66594600677490234,0.14499999999999999,0.54500000000000004,0.1326402967879565,0,0,1,0.59999999999999998,0,0.6276324987411499
dense_minilm,classifier_gated,499,fracture,fallback_strongest_positive,1,1,True,True,10,0,0,0,0,0,0,1,0,,0,0.33333333333333331,0,0,0,0,1,0,0.54505807161331177,0,0.40000000000000002,0,0,0,0,1,0,0.60689628124237061,0.29999999999999999,0.23333333333333334,0.21801641453242443,1,0.16666666666666666,1,0.69999999999999996,0,0.59575396776199341
dense_minilm,classifier_gated,501,pneumonia,fallback_strongest_positive,1,1,True,True,10,0,0,0,0,0,0,1,0,,0,0.33333333333333331,0,0,0,0,1,0,0.79625701904296875,0,0.20000000000000001,0,0,0,0,1,0,0.78606843948364258,0,0.10000000000000001,0,0,0,0,1,0,0.78300249576568604
dense_minilm,classifier_gated,504,atelectasis,findings,1,1,True,True,10,1,0.5,1,1,1,1,0,0,,0.61111111111111105,0.66666666666666663,0.68529237785040065,1,1,1,0,0,0.69927710294723511,0.56666666666666665,0.80000000000000004,0.63391572518105344,1,1,1,0,0,0.66594600677490234,0.53999999999999992,0.54500000000000004,0.59646950724726533,1,1,1,0,0,0.6276324987411499
dense_minilm,classifier_gated,505,pleural abnormality fracture,findings,2,3,True,True,10,0,0,0,0,0,0,1,0,,0.33333333333333331,0,0.29608191096586522,1,0.5,1,0.66666666666666663,0,0.90671700239181519,0.20000000000000001,0.14999999999999999,0.21398626473452756,1,0.5,1,0.80000000000000004,0,0.74486196041107178,0.20000000000000001,0.20833333333333331,0.20248323207250629,1,0.5,1,0.80000000000000004,0,0.6934511661529541
dense_minilm,classifier_gated,508,no acute abnormality,no_finding,1,3,True,True,10,1,1,1,1,1,1,0,0,,1,1,1,1,1,1,0,0.66666666666666674,0.9999997615814209,1,1,1,1,1,1,0,0.80000000000000004,0.99999982118606567,1,1,1,1,1,1,0,0.90000000000000002,0.994659423828125
dense_minilm,classifier_gated,514,no acute abnormality,no_finding,1,3,True,True,10,1,1,1,1,1,1,0,0,,1,1,1,1,1,1,0,0.66666666666666674,0.9999997615814209,1,1,1,1,1,1,0,0.80000000000000004,0.99999982118606567,1,1,1,1,1,1,0,0.90000000000000002,0.994659423828125
dense_minilm,classifier_gated,522,fracture,findings,1,1,True,True,10,0,0,0,0,0,0,1,0,,0,0.33333333333333331,0,0,0,0,1,0,0.54505807161331177,0,0.40000000000000002,0,0,0,0,1,0,0.60689628124237061,0.033333333333333333,0.23333333333333334,0.023143740645592423,0,0,1,0.90000000000000002,0,0.59575396776199341
dense_minilm,classifier_gated,530,cardiomegaly,fallback_strongest_positive,1,1,True,True,10,1,1,1,1,1,1,0,0,,1,1,1,1,1,1,0,0,0.73525112867355347,0.90000000000000002,0.90000000000000002,0.92696582507864678,1,1,1,0,0,0.73118877410888672,0.84999999999999998,0.84999999999999998,0.87672472227620712,1,1,1,0,0,0.66543298959732056
dense_minilm,classifier_gated,546,cardiomegaly pleural effusion,findings,2,3,True,True,10,0,0.5,0,0,0,0,1,0,,0.16666666666666666,0.66666666666666663,0.14804095548293261,0,0,1,0.66666666666666663,0,0.71774762868881226,0.10000000000000001,0.56666666666666665,0.10699313236726378,0,0,1,0.80000000000000004,0,0.72117769718170166,0.050000000000000003,0.5,0.074253028401230076,0,0,1,0.90000000000000002,0,0.70096039772033691
dense_minilm,classifier_gated,569,pneumothorax pleural abnormality,findings,2,3,True,True,10,0,0,0,0,0,0,1,0,,0,0,0,0,0,0,1,0,0.84738856554031372,0.13333333333333333,0.066666666666666666,0.092424475785016072,0,0,1,0.59999999999999998,0,0.78261566162109375,0.066666666666666666,0.083333333333333329,0.059977160670390599,0,0,1,0.80000000000000004,0,0.76556742191314697
dense_minilm,classifier_gated,573,lung opacity,fallback_strongest_positive,1,2,True,True,10,0.5,1,0.5,0,0,0.5,0,0,,0.34444444444444439,0.58333333333333337,0.37206886620834401,0,0,0.5,0,0,0.81683164834976196,0.37333333333333329,0.65000000000000002,0.38319604516638928,0,0,0.5,0,0,0.76443135738372803,0.37,0.64166666666666661,0.37664138815614678,0,0,0.5,0,0,0.74234282970428467
dense_minilm,classifier_gated,579,no acute abnormality,no_finding,1,3,True,True,10,1,1,1,1,1,1,0,0,,1,1,1,1,1,1,0,0.66666666666666674,0.9999997615814209,1,1,1,1,1,1,0,0.80000000000000004,0.99999982118606567,1,1,1,1,1,1,0,0.90000000000000002,0.994659423828125
dense_minilm,classifier_gated,582,no acute abnormality,no_finding,1,3,True,True,10,1,1,1,1,1,1,0,0,,1,1,1,1,1,1,0,0.66666666666666674,0.9999997615814209,1,1,1,1,1,1,0,0.80000000000000004,0.99999982118606567,1,1,1,1,1,1,0,0.90000000000000002,0.994659423828125
dense_minilm,classifier_gated,584,no acute abnormality,no_finding,1,3,True,True,10,1,1,1,1,1,1,0,0,,1,1,1,1,1,1,0,0.66666666666666674,0.9999997615814209,1,1,1,1,1,1,0,0.80000000000000004,0.99999982118606567,1,1,1,1,1,1,0,0.90000000000000002,0.994659423828125
dense_minilm,classifier_gated,586,cardiomegaly lung opacity consolidation pneumonia,findings,4,5,True,True,10,0.25,0.5,0.25,0,0,0.33333333333333331,0,0,,0.44444444444444442,0.45000000000000001,0.39199317408617784,0,0,1,0,0,0.78193998336791992,0.33333333333333331,0.32000000000000001,0.33199333315508806,0,0,1,0.20000000000000001,0,0.70181667804718018,0.19999999999999998,0.185,0.23752569783546493,0,0,1,0.5,0.30000000000000004,0.74812817573547363
dense_minilm,classifier_gated,601,lung opacity consolidation pneumonia,findings,3,4,True,True,10,0.5,0.33333333333333331,0.5,0,0,0.5,0,0,,0.44444444444444442,0.44444444444444442,0.46089343949810357,0,0,0.5,0,0,0.72065275907516479,0.40666666666666662,0.41333333333333339,0.42791614460772004,0,0,0.5,0,0,0.71390914916992188,0.30666666666666664,0.34666666666666668,0.3531936533212256,0,0,1,0.20000000000000001,0,0.69532173871994019
dense_minilm,classifier_gated,608,fracture,findings,1,1,True,True,10,0,0,0,0,0,0,1,0,,0.33333333333333331,0.33333333333333331,0.23463936301137822,1,0.33333333333333331,1,0.66666666666666663,0,0.54505807161331177,0.40000000000000002,0.40000000000000002,0.31564845247951451,1,0.33333333333333331,1,0.59999999999999998,0,0.60689628124237061,0.23333333333333334,0.23333333333333334,0.22797798816418333,1,0.33333333333333331,1,0.69999999999999996,0,0.59575396776199341
dense_minilm,classifier_gated,618,no acute abnormality,no_finding,1,3,True,True,10,1,1,1,1,1,1,0,0,,1,1,1,1,1,1,0,0.66666666666666674,0.9999997615814209,1,1,1,1,1,1,0,0.80000000000000004,0.99999982118606567,1,1,1,1,1,1,0,0.90000000000000002,0.994659423828125
dense_minilm,classifier_gated,661,pleural effusion,fallback_strongest_positive,1,2,True,True,10,0,0,0,0,0,0,1,0,,0,0.5,0,0,0,0,1,0,0.69165629148483276,0,0.40000000000000002,0,0,0,0,1,0,0.6825869083404541,0,0.25,0,0,0,0,1,0,0.64989537000656128
dense_minilm,classifier_gated,665,cardiomegaly,findings,1,1,True,True,10,1,1,1,1,1,1,0,0,,1,1,1,1,1,1,0,0,0.73525112867355347,0.90000000000000002,0.90000000000000002,0.92696582507864678,1,1,1,0,0,0.73118877410888672,0.84999999999999998,0.84999999999999998,0.87672472227620712,1,1,1,0,0,0.66543298959732056
dense_minilm,classifier_gated,668,atelectasis,findings,1,1,True,True,10,0,0.5,0,0,0,0,1,0,,0,0.66666666666666663,0,0,0,0,1,0,0.69927710294723511,0,0.80000000000000004,0,0,0,0,1,0,0.66594600677490234,0,0.54500000000000004,0,0,0,0,1,0,0.6276324987411499
dense_minilm,classifier_gated,672,lung opacity pneumonia,findings,2,3,True,True,10,0,0.5,0,0,0,0,1,0,,0,0.66666666666666663,0,0,0,0,1,0,0.72065275907516479,0,0.69999999999999996,0,0,0,0,1,0,0.71195524930953979,0,0.45000000000000001,0,0,0,0,1,0.099999999999999978,0.72357916831970215
dense_minilm,classifier_gated,683,fracture,fallback_strongest_positive,1,1,True,True,10,0,0,0,0,0,0,1,0,,0,0.33333333333333331,0,0,0,0,1,0,0.54505807161331177,0,0.40000000000000002,0,0,0,0,1,0,0.60689628124237061,0.29999999999999999,0.23333333333333334,0.21801641453242443,1,0.16666666666666666,1,0.69999999999999996,0,0.59575396776199341
dense_minilm,classifier_gated,688,atelectasis,findings,1,1,True,True,10,0.66666666666666663,0.5,0.66666666666666663,0,0,0.66666666666666663,0,0,,0.41666666666666669,0.66666666666666663,0.49406803501551061,0,0,0.66666666666666663,0,0,0.69927710294723511,0.3833333333333333,0.80000000000000004,0.4884631547836068,0,0,0.66666666666666663,0,0,0.66594600677490234,0.38166666666666671,0.54500000000000004,0.51563161904188692,0,0,0.66666666666666663,0,0,0.6276324987411499
dense_minilm,classifier_gated,689,lung lesion,findings,1,2,True,True,10,0,0,0,0,0,0,1,0,,0.33333333333333331,0.33333333333333331,0.29608191096586522,1,0.5,1,0.66666666666666663,0,0.73330259323120117,0.20000000000000001,0.20000000000000001,0.21398626473452756,1,0.5,1,0.80000000000000004,0,0.70415800809860229,0.10000000000000001,0.10000000000000001,0.13886244387355456,1,0.5,1,0.90000000000000002,0,0.68368875980377197
dense_minilm,classifier_gated,691,fracture,fallback_strongest_positive,1,1,True,True,10,0,0,0,0,0,0,1,0,,0,0.33333333333333331,0,0,0,0,1,0,0.54505807161331177,0,0.40000000000000002,0,0,0,0,1,0,0.60689628124237061,0.29999999999999999,0.23333333333333334,0.21801641453242443,1,0.16666666666666666,1,0.69999999999999996,0,0.59575396776199341
dense_minilm,classifier_gated,699,,empty,0,0,False,True,0,,,,,,,,,,,,,,,,,,,,,,,,,,,,,,,,,,,,
dense_minilm,classifier_gated,709,fracture,findings,1,1,True,True,10,0,0,0,0,0,0,1,0,,0.33333333333333331,0.33333333333333331,0.23463936301137822,1,0.33333333333333331,1,0.66666666666666663,0,0.54505807161331177,0.40000000000000002,0.40000000000000002,0.31564845247951451,1,0.33333333333333331,1,0.59999999999999998,0,0.60689628124237061,0.23333333333333334,0.23333333333333334,0.22797798816418333,1,0.33333333333333331,1,0.69999999999999996,0,0.59575396776199341
dense_minilm,classifier_gated,716,cardiomegaly,findings,1,1,True,True,10,1,1,1,1,1,1,0,0,,1,1,1,1,1,1,0,0,0.73525112867355347,0.90000000000000002,0.90000000000000002,0.92696582507864678,1,1,1,0,0,0.73118877410888672,0.84999999999999998,0.84999999999999998,0.87672472227620712,1,1,1,0,0,0.66543298959732056
dense_minilm,classifier_gated,725,fracture,fallback_strongest_positive,1,1,True,True,10,0,0,0,0,0,0,1,0,,0,0.33333333333333331,0,0,0,0,1,0,0.54505807161331177,0,0.40000000000000002,0,0,0,0,1,0,0.60689628124237061,0.29999999999999999,0.23333333333333334,0.21801641453242443,1,0.16666666666666666,1,0.69999999999999996,0,0.59575396776199341
dense_minilm,classifier_gated,731,no acute abnormality,no_finding,1,3,True,True,10,1,1,1,1,1,1,0,0,,1,1,1,1,1,1,0,0.66666666666666674,0.9999997615814209,1,1,1,1,1,1,0,0.80000000000000004,0.99999982118606567,1,1,1,1,1,1,0,0.90000000000000002,0.994659423828125
dense_minilm,classifier_gated,733,support device,findings,1,2,True,True,10,0.5,0.5,0.5,0,0,1,0,0,,0.5,0.5,0.53072127397724345,1,0.5,1,0.33333333333333331,0,0.36459830403327942,0.69999999999999996,0.69999999999999996,0.66083979472638388,1,0.5,1,0.20000000000000001,0,0.38849782943725586,0.55000000000000004,0.55000000000000004,0.58060200011180185,1,0.5,1,0.40000000000000002,0,0.46512973308563232
dense_minilm,classifier_gated,739,no acute abnormality,no_finding,1,3,True,True,10,1,1,1,1,1,1,0,0,,1,1,1,1,1,1,0,0.66666666666666674,0.9999997615814209,1,1,1,1,1,1,0,0.80000000000000004,0.99999982118606567,1,1,1,1,1,1,0,0.90000000000000002,0.994659423828125
dense_minilm,classifier_gated,744,pneumothorax,findings,1,1,True,True,10,0,0,0,0,0,0,1,0,,0,0,0,0,0,0,1,0,0.78878802061080933,0.10000000000000001,0,0.073034174921353223,0,0,1,0.80000000000000004,0,0.81083452701568604,0.050000000000000003,0.25,0.047394182184775396,0,0,1,0.90000000000000002,0,0.72649687528610229
dense_minilm,classifier_gated,756,fracture,fallback_strongest_positive,1,1,True,True,10,0,0,0,0,0,0,1,0,,0,0.33333333333333331,0,0,0,0,1,0,0.54505807161331177,0,0.40000000000000002,0,0,0,0,1,0,0.60689628124237061,0.29999999999999999,0.23333333333333334,0.21801641453242443,1,0.16666666666666666,1,0.69999999999999996,0,0.59575396776199341
dense_minilm,classifier_gated,758,fracture,fallback_strongest_positive,1,1,True,True,10,0,0,0,0,0,0,1,0,,0,0.33333333333333331,0,0,0,0,1,0,0.54505807161331177,0,0.40000000000000002,0,0,0,0,1,0,0.60689628124237061,0.29999999999999999,0.23333333333333334,0.21801641453242443,1,0.16666666666666666,1,0.69999999999999996,0,0.59575396776199341
dense_minilm,classifier_gated,760,lung opacity,fallback_strongest_positive,1,2,True,True,10,0.5,1,0.5,0,0,0.5,0,0,,0.66666666666666663,0.58333333333333337,0.61731968150568906,1,0.33333333333333331,1,0,0,0.81683164834976196,0.69999999999999996,0.65000000000000002,0.65782422623975734,1,0.33333333333333331,1,0,0,0.76443135738372803,0.61666666666666659,0.64166666666666661,0.61645190754537893,1,0.33333333333333331,1,0,0,0.74234282970428467
dense_minilm,classifier_gated,766,no acute abnormality,no_finding,1,3,True,True,10,1,1,1,1,1,1,0,0,,1,1,1,1,1,1,0,0.66666666666666674,0.9999997615814209,1,1,1,1,1,1,0,0.80000000000000004,0.99999982118606567,1,1,1,1,1,1,0,0.90000000000000002,0.994659423828125
dense_minilm,classifier_gated,793,no acute abnormality,no_finding,1,3,True,True,10,1,1,1,1,1,1,0,0,,1,1,1,1,1,1,0,0.66666666666666674,0.9999997615814209,1,1,1,1,1,1,0,0.80000000000000004,0.99999982118606567,1,1,1,1,1,1,0,0.90000000000000002,0.994659423828125
dense_minilm,classifier_gated,808,lung opacity,findings,1,2,True,True,10,0.33333333333333331,1,0.33333333333333331,0,0,0.33333333333333331,0,0,,0.46666666666666662,0.58333333333333337,0.49726214866102753,0,0,0.66666666666666663,0,0,0.81683164834976196,0.47999999999999998,0.65000000000000002,0.55787137958833977,0,0,0.66666666666666663,0,0,0.76443135738372803,0.43166666666666664,0.64166666666666661,0.5654846542593629,0,0,0.66666666666666663,0,0,0.74234282970428467
dense_minilm,classifier_gated,841,no acute abnormality,no_finding,1,3,True,True,10,0,1,0,0,0,0,1,0,,0,1,0,0,0,0,1,0.66666666666666674,0.9999997615814209,0,1,0,0,0,0,1,0.80000000000000004,0.99999982118606567,0,1,0,0,0,0,1,0.90000000000000002,0.994659423828125
dense_minilm,classifier_gated,844,no acute abnormality,no_finding,1,3,True,True,10,1,1,1,1,1,1,0,0,,1,1,1,1,1,1,0,0.66666666666666674,0.9999997615814209,1,1,1,1,1,1,0,0.80000000000000004,0.99999982118606567,1,1,1,1,1,1,0,0.90000000000000002,0.994659423828125
dense_minilm,classifier_gated,847,lung opacity,fallback_strongest_positive,1,2,True,True,10,0,1,0,0,0,0,1,0,,0,0.58333333333333337,0,0,0,0,1,0,0.81683164834976196,0,0.65000000000000002,0,0,0,0,1,0,0.76443135738372803,0.066666666666666666,0.64166666666666661,0.049276496971817532,0,0,1,0.80000000000000004,0,0.74234282970428467
dense_minilm,classifier_gated,854,,empty,0,0,False,True,0,,,,,,,,,,,,,,,,,,,,,,,,,,,,,,,,,,,,
dense_minilm,classifier_gated,867,fracture,fallback_strongest_positive,1,1,True,True,10,0,0,0,0,0,0,1,0,,0.33333333333333331,0.33333333333333331,0.29608191096586522,1,0.5,1,0.66666666666666663,0,0.54505807161331177,0.20000000000000001,0.40000000000000002,0.21398626473452756,1,0.5,1,0.80000000000000004,0,0.60689628124237061,0.10000000000000001,0.23333333333333334,0.13886244387355456,1,0.5,1,0.90000000000000002,0,0.59575396776199341
dense_minilm,classifier_gated,868,lung lesion,fallback_strongest_positive,1,2,True,True,10,0,0,0,0,0,0,1,0,,0.083333333333333329,0.33333333333333331,0.058659840752844555,0,0,0.5,0.66666666666666663,0,0.73330259323120117,0.050000000000000003,0.20000000000000001,0.042395025659202015,0,0,0.5,0.80000000000000004,0,0.70415800809860229,0.074999999999999997,0.10000000000000001,0.066710605276597695,0,0,0.5,0.80000000000000004,0,0.68368875980377197
dense_minilm,classifier_gated,882,no acute abnormality,no_finding,1,3,True,True,10,1,1,1,1,1,1,0,0,,1,1,1,1,1,1,0,0.66666666666666674,0.9999997615814209,1,1,1,1,1,1,0,0.80000000000000004,0.99999982118606567,1,1,1,1,1,1,0,0.90000000000000002,0.994659423828125
dense_minilm,classifier_gated,906,no acute abnormality,no_finding,1,3,True,True,10,0,1,0,0,0,0,1,0,,0,1,0,0,0,0,1,0.66666666666666674,0.9999997615814209,0,1,0,0,0,0,1,0.80000000000000004,0.99999982118606567,0,1,0,0,0,0,1,0.90000000000000002,0.994659423828125
dense_minilm,classifier_gated,912,no acute abnormality,no_finding,1,3,True,True,10,1,1,1,1,1,1,0,0,,1,1,1,1,1,1,0,0.66666666666666674,0.9999997615814209,1,1,1,1,1,1,0,0.80000000000000004,0.99999982118606567,1,1,1,1,1,1,0,0.90000000000000002,0.994659423828125
dense_minilm,classifier_gated,929,lung lesion fracture,findings,2,3,True,True,10,0,0,0,0,0,0,1,0,,0,0,0,0,0,0,1,0,0.77028614282608032,0.066666666666666666,0.16666666666666666,0.043735025837447261,0,0,0.5,0.80000000000000004,0,0.67399537563323975,0.098333333333333342,0.22500000000000001,0.072717083852181841,0,0,1,0.69999999999999996,0,0.67898303270339966
dense_minilm,classifier_gated,937,no acute abnormality,no_finding,1,3,True,True,10,1,1,1,1,1,1,0,0,,1,1,1,1,1,1,0,0.66666666666666674,0.9999997615814209,1,1,1,1,1,1,0,0.80000000000000004,0.99999982118606567,1,1,1,1,1,1,0,0.90000000000000002,0.994659423828125
dense_minilm,classifier_gated,940,no acute abnormality,no_finding,1,3,True,True,10,1,1,1,1,1,1,0,0,,1,1,1,1,1,1,0,0.66666666666666674,0.9999997615814209,1,1,1,1,1,1,0,0.80000000000000004,0.99999982118606567,1,1,1,1,1,1,0,0.90000000000000002,0.994659423828125
dense_minilm,classifier_gated,941,fracture,findings,1,1,True,True,10,0,0,0,0,0,0,1,0,,0,0.33333333333333331,0,0,0,0,1,0,0.54505807161331177,0,0.40000000000000002,0,0,0,0,1,0,0.60689628124237061,0.29999999999999999,0.23333333333333334,0.21801641453242443,1,0.16666666666666666,1,0.69999999999999996,0,0.59575396776199341
dense_minilm,classifier_gated,955,consolidation pneumonia,findings,2,2,True,True,10,0,0.66666666666666663,0,0,0,0,1,0,,0,0.44444444444444442,0,0,0,0,1,0,0.77464979887008667,0.050000000000000003,0.36666666666666664,0.036517087460676612,0,0,1,0.80000000000000004,0,0.69877874851226807,0.025000000000000001,0.22333333333333333,0.023697091092387698,0,0,1,0.90000000000000002,0,0.73702424764633179
dense_minilm,classifier_gated,959,lung opacity,fallback_strongest_positive,1,2,True,True,10,1,1,1,1,1,1,0,0,,0.58333333333333337,0.58333333333333337,0.66061888526991186,1,1,1,0,0,0.81683164834976196,0.65000000000000002,0.65000000000000002,0.6816860752093471,1,1,1,0,0,0.76443135738372803,0.64166666666666661,0.64166666666666661,0.66307265529242776,1,1,1,0,0,0.74234282970428467
dense_minilm,classifier_gated,961,no acute abnormality,no_finding,1,3,True,True,10,0,1,0,0,0,0,1,0,,0,1,0,0,0,0,1,0.66666666666666674,0.9999997615814209,0,1,0,0,0,0,1,0.80000000000000004,0.99999982118606567,0,1,0,0,0,0,1,0.90000000000000002,0.994659423828125
dense_minilm,classifier_gated,962,no acute abnormality,no_finding,1,3,True,True,10,1,1,1,1,1,1,0,0,,1,1,1,1,1,1,0,0.66666666666666674,0.9999997615814209,1,1,1,1,1,1,0,0.80000000000000004,0.99999982118606567,1,1,1,1,1,1,0,0.90000000000000002,0.994659423828125
dense_minilm,classifier_gated,972,enlarged cardiomediastinum,fallback_strongest_positive,1,2,True,True,10,0.33333333333333331,0,0.33333333333333331,0,0,0.5,0,0,,0.22222222222222221,0,0.23463936301137822,0,0,1,0.33333333333333331,0,0.78161144256591797,0.13333333333333333,0,0.16958010263680806,0,0,1,0.59999999999999998,0,0.77280634641647339,0.066666666666666666,0,0.1100458831490401,0,0,1,0.80000000000000004,0,0.73854231834411621
dense_minilm,classifier_gated,980,no acute abnormality,no_finding,1,3,True,True,10,1,1,1,1,1,1,0,0,,1,1,1,1,1,1,0,0.66666666666666674,0.9999997615814209,1,1,1,1,1,1,0,0.80000000000000004,0.99999982118606567,1,1,1,1,1,1,0,0.90000000000000002,0.994659423828125
dense_minilm,classifier_gated,981,cardiomegaly,findings,1,1,True,True,10,1,1,1,1,1,1,0,0,,1,1,1,1,1,1,0,0,0.73525112867355347,0.90000000000000002,0.90000000000000002,0.92696582507864678,1,1,1,0,0,0.73118877410888672,0.84999999999999998,0.84999999999999998,0.87672472227620712,1,1,1,0,0,0.66543298959732056
dense_minilm,classifier_gated,984,no acute abnormality,no_finding,1,3,True,True,10,0,1,0,0,0,0,1,0,,0,1,0,0,0,0,1,0.66666666666666674,0.9999997615814209,0,1,0,0,0,0,1,0.80000000000000004,0.99999982118606567,0,1,0,0,0,0,1,0.90000000000000002,0.994659423828125
dense_minilm,classifier_gated,1014,,empty,0,0,False,True,0,,,,,,,,,,,,,,,,,,,,,,,,,,,,,,,,,,,,
dense_minilm,classifier_gated,1049,support device,findings,1,2,True,True,10,0,0.5,0,0,0,0,1,0,,0,0.5,0,0,0,0,1,0,0.36459830403327942,0,0.69999999999999996,0,0,0,0,1,0,0.38849782943725586,0.10000000000000001,0.55000000000000004,0.063620788198951728,1,0.10000000000000001,1,0.90000000000000002,0,0.46512973308563232
dense_minilm,classifier_gated,1055,no acute abnormality,no_finding,1,3,True,True,10,1,1,1,1,1,1,0,0,,1,1,1,1,1,1,0,0.66666666666666674,0.9999997615814209,1,1,1,1,1,1,0,0.80000000000000004,0.99999982118606567,1,1,1,1,1,1,0,0.90000000000000002,0.994659423828125
dense_minilm,classifier_gated,1064,pleural effusion,findings,1,2,True,True,10,0,0,0,0,0,0,1,0,,0.1111111111111111,0.5,0.07821312100379274,0,0,0.5,0.66666666666666663,0,0.69165629148483276,0.066666666666666666,0.40000000000000002,0.05652670087893602,0,0,0.5,0.80000000000000004,0,0.6825869083404541,0.11666666666666665,0.25,0.096507662744952483,0,0,1,0.69999999999999996,0,0.64989537000656128
dense_minilm,classifier_gated,1079,atelectasis,fallback_strongest_positive,1,1,True,True,10,0.5,0.5,0.5,0,0,1,0,0,,0.66666666666666663,0.66666666666666663,0.61731968150568906,1,0.33333333333333331,1,0,0,0.69927710294723511,0.80000000000000004,0.80000000000000004,0.72342676499592806,1,0.33333333333333331,1,0,0,0.66594600677490234,0.54500000000000004,0.54500000000000004,0.57541752890903164,1,0.33333333333333331,1,0.10000000000000001,0,0.6276324987411499
dense_minilm,classifier_gated,1085,no acute abnormality,no_finding,1,3,True,True,10,0,1,0,0,0,0,1,0,,0,1,0,0,0,0,1,0.66666666666666674,0.9999997615814209,0,1,0,0,0,0,1,0.80000000000000004,0.99999982118606567,0,1,0,0,0,0,1,0.90000000000000002,0.994659423828125
dense_minilm,classifier_gated,1125,lung opacity,fallback_strongest_positive,1,2,True,True,10,0.5,1,0.5,0,0,0.5,0,0,,0.34444444444444439,0.58333333333333337,0.37206886620834401,0,0,0.5,0,0,0.81683164834976196,0.37333333333333329,0.65000000000000002,0.38319604516638928,0,0,0.5,0,0,0.76443135738372803,0.45333333333333325,0.64166666666666661,0.43823700937091864,0,0,1,0,0,0.74234282970428467
dense_minilm,classifier_gated,1159,no acute abnormality,no_finding,1,3,True,True,10,1,1,1,1,1,1,0,0,,1,1,1,1,1,1,0,0.66666666666666674,0.9999997615814209,1,1,1,1,1,1,0,0.80000000000000004,0.99999982118606567,1,1,1,1,1,1,0,0.90000000000000002,0.994659423828125
dense_minilm,classifier_gated,1162,no acute abnormality,no_finding,1,3,True,True,10,1,1,1,1,1,1,0,0,,1,1,1,1,1,1,0,0.66666666666666674,0.9999997615814209,1,1,1,1,1,1,0,0.80000000000000004,0.99999982118606567,1,1,1,1,1,1,0,0.90000000000000002,0.994659423828125
dense_minilm,classifier_gated,1191,no acute abnormality,no_finding,1,3,True,True,10,1,1,1,1,1,1,0,0,,1,1,1,1,1,1,0,0.66666666666666674,0.9999997615814209,1,1,1,1,1,1,0,0.80000000000000004,0.99999982118606567,1,1,1,1,1,1,0,0.90000000000000002,0.994659423828125
dense_minilm,classifier_gated,1206,fracture,findings,1,1,True,True,10,0,0,0,0,0,0,1,0,,0,0.33333333333333331,0,0,0,0,1,0,0.54505807161331177,0,0.40000000000000002,0,0,0,0,1,0,0.60689628124237061,0.29999999999999999,0.23333333333333334,0.21801641453242443,1,0.16666666666666666,1,0.69999999999999996,0,0.59575396776199341
dense_minilm,classifier_gated,1214,lung opacity pneumonia,findings,2,3,True,True,10,0,0.5,0,0,0,0,1,0,,0,0.66666666666666663,0,0,0,0,1,0,0.72065275907516479,0,0.69999999999999996,0,0,0,0,1,0,0.71195524930953979,0,0.45000000000000001,0,0,0,0,1,0.099999999999999978,0.72357916831970215
dense_minilm,classifier_gated,1226,no acute abnormality,no_finding,1,3,True,True,10,0,1,0,0,0,0,1,0,,0,1,0,0,0,0,1,0.66666666666666674,0.9999997615814209,0,1,0,0,0,0,1,0.80000000000000004,0.99999982118606567,0,1,0,0,0,0,1,0.90000000000000002,0.994659423828125
dense_minilm,classifier_gated,1234,cardiomegaly,fallback_strongest_positive,1,1,True,True,10,0.33333333333333331,1,0.33333333333333331,0,0,0.33333333333333331,0,0,,0.33333333333333331,1,0.33333333333333326,0,0,0.33333333333333331,0,0,0.73525112867355347,0.31666666666666665,0.90000000000000002,0.33205272161589033,0,0,0.33333333333333331,0,0,0.73118877410888672,0.34999999999999998,0.84999999999999998,0.3978848313491381,0,0,0.66666666666666663,0,0,0.66543298959732056
dense_minilm,classifier_gated,1239,no acute abnormality,no_finding,1,3,True,True,10,1,1,1,1,1,1,0,0,,1,1,1,1,1,1,0,0.66666666666666674,0.9999997615814209,1,1,1,1,1,1,0,0.80000000000000004,0.99999982118606567,1,1,1,1,1,1,0,0.90000000000000002,0.994659423828125
dense_minilm,classifier_gated,1260,no acute abnormality,no_finding,1,3,True,True,10,1,1,1,1,1,1,0,0,,1,1,1,1,1,1,0,0.66666666666666674,0.9999997615814209,1,1,1,1,1,1,0,0.80000000000000004,0.99999982118606567,1,1,1,1,1,1,0,0.90000000000000002,0.994659423828125
dense_minilm,classifier_gated,1263,no acute abnormality,no_finding,1,3,True,True,10,1,1,1,1,1,1,0,0,,1,1,1,1,1,1,0,0.66666666666666674,0.9999997615814209,1,1,1,1,1,1,0,0.80000000000000004,0.99999982118606567,1,1,1,1,1,1,0,0.90000000000000002,0.994659423828125
dense_minilm,classifier_gated,1277,fracture,fallback_strongest_positive,1,1,True,True,10,0,0,0,0,0,0,1,0,,0,0.33333333333333331,0,0,0,0,1,0,0.54505807161331177,0,0.40000000000000002,0,0,0,0,1,0,0.60689628124237061,0.033333333333333333,0.23333333333333334,0.023143740645592423,0,0,1,0.90000000000000002,0,0.59575396776199341
dense_minilm,classifier_gated,1285,pleural effusion,fallback_strongest_positive,1,2,True,True,10,0,0,0,0,0,0,1,0,,0,0.5,0,0,0,0,1,0,0.69165629148483276,0,0.40000000000000002,0,0,0,0,1,0,0.6825869083404541,0,0.25,0,0,0,0,1,0,0.64989537000656128
dense_minilm,classifier_gated,1288,atelectasis,fallback_strongest_positive,1,1,True,True,10,0.5,0.5,0.5,0,0,1,0,0,,0.16666666666666666,0.66666666666666663,0.23463936301137822,0,0,1,0.66666666666666663,0,0.69927710294723511,0.10000000000000001,0.80000000000000004,0.16958010263680806,0,0,1,0.80000000000000004,0,0.66594600677490234,0.19500000000000001,0.54500000000000004,0.21245409248955696,0,0,1,0.5,0,0.6276324987411499
dense_minilm,classifier_gated,1294,no acute abnormality,no_finding,1,3,True,True,10,1,1,1,1,1,1,0,0,,1,1,1,1,1,1,0,0.66666666666666674,0.9999997615814209,1,1,1,1,1,1,0,0.80000000000000004,0.99999982118606567,1,1,1,1,1,1,0,0.90000000000000002,0.994659423828125
dense_minilm,classifier_gated,1314,no acute abnormality,no_finding,1,3,True,True,10,1,1,1,1,1,1,0,0,,1,1,1,1,1,1,0,0.66666666666666674,0.9999997615814209,1,1,1,1,1,1,0,0.80000000000000004,0.99999982118606567,1,1,1,1,1,1,0,0.90000000000000002,0.994659423828125
dense_minilm,classifier_gated,1334,fracture,findings,1,1,True,True,10,0,0,0,0,0,0,1,0,,0,0.33333333333333331,0,0,0,0,1,0,0.54505807161331177,0,0.40000000000000002,0,0,0,0,1,0,0.60689628124237061,0.29999999999999999,0.23333333333333334,0.21801641453242443,1,0.16666666666666666,1,0.69999999999999996,0,0.59575396776199341
dense_minilm,classifier_gated,1361,no acute abnormality,no_finding,1,3,True,True,10,0,1,0,0,0,0,1,0,,0,1,0,0,0,0,1,0.66666666666666674,0.9999997615814209,0,1,0,0,0,0,1,0.80000000000000004,0.99999982118606567,0,1,0,0,0,0,1,0.90000000000000002,0.994659423828125
dense_minilm,classifier_gated,1365,no acute abnormality,no_finding,1,3,True,True,10,0,1,0,0,0,0,1,0,,0,1,0,0,0,0,1,0.66666666666666674,0.9999997615814209,0,1,0,0,0,0,1,0.80000000000000004,0.99999982118606567,0,1,0,0,0,0,1,0.90000000000000002,0.994659423828125
dense_minilm,classifier_gated,1380,no acute abnormality,no_finding,1,3,True,True,10,1,1,1,1,1,1,0,0,,1,1,1,1,1,1,0,0.66666666666666674,0.9999997615814209,1,1,1,1,1,1,0,0.80000000000000004,0.99999982118606567,1,1,1,1,1,1,0,0.90000000000000002,0.994659423828125
dense_minilm,classifier_gated,1394,pneumonia,fallback_strongest_positive,1,1,True,True,10,0,0,0,0,0,0,1,0,,0,0.33333333333333331,0,0,0,0,1,0,0.79625701904296875,0,0.20000000000000001,0,0,0,0,1,0,0.78606843948364258,0,0.10000000000000001,0,0,0,0,1,0,0.78300249576568604
dense_minilm,classifier_gated,1397,no acute abnormality,no_finding,1,3,True,True,10,1,1,1,1,1,1,0,0,,1,1,1,1,1,1,0,0.66666666666666674,0.9999997615814209,1,1,1,1,1,1,0,0.80000000000000004,0.99999982118606567,1,1,1,1,1,1,0,0.90000000000000002,0.994659423828125
dense_minilm,classifier_gated,1422,lung lesion consolidation pneumonia,findings,3,4,True,True,10,0.40000000000000002,0.40000000000000002,0.40000000000000002,0,0,0.66666666666666663,0,0,,0.29999999999999999,0.29999999999999999,0.35667494113982773,0,0,0.66666666666666663,0.33333333333333331,0,0.71800976991653442,0.17999999999999999,0.17999999999999999,0.2804700462871853,0,0,0.66666666666666663,0.59999999999999998,0,0.72043401002883911,0.31666666666666665,0.20666666666666669,0.40432643251362321,1,0.16666666666666666,1,0.40000000000000002,0,0.70335924625396729
dense_minilm,classifier_gated,1423,,empty,0,0,False,True,0,,,,,,,,,,,,,,,,,,,,,,,,,,,,,,,,,,,,
dense_minilm,classifier_gated,1431,no acute abnormality,no_finding,1,3,True,True,10,1,1,1,1,1,1,0,0,,1,1,1,1,1,1,0,0.66666666666666674,0.9999997615814209,1,1,1,1,1,1,0,0.80000000000000004,0.99999982118606567,1,1,1,1,1,1,0,0.90000000000000002,0.994659423828125
dense_minilm,classifier_gated,1435,no acute abnormality,no_finding,1,3,True,True,10,1,1,1,1,1,1,0,0,,1,1,1,1,1,1,0,0.66666666666666674,0.9999997615814209,1,1,1,1,1,1,0,0.80000000000000004,0.99999982118606567,1,1,1,1,1,1,0,0.90000000000000002,0.994659423828125
dense_minilm,classifier_gated,1451,lung opacity,fallback_strongest_positive,1,2,True,True,10,0,1,0,0,0,0,1,0,,0.25,0.58333333333333337,0.19134015924715542,0,0,1,0.33333333333333331,0,0.81683164834976196,0.25,0.65000000000000002,0.21132079242338914,0,0,1,0.40000000000000002,0,0.76443135738372803,0.19166666666666665,0.64166666666666661,0.18640923169950163,0,0,1,0.5,0,0.74234282970428467
dense_minilm,classifier_gated,1456,fracture,fallback_strongest_positive,1,1,True,True,10,0,0,0,0,0,0,1,0,,0,0.33333333333333331,0,0,0,0,1,0,0.54505807161331177,0,0.40000000000000002,0,0,0,0,1,0,0.60689628124237061,0.29999999999999999,0.23333333333333334,0.21801641453242443,1,0.16666666666666666,1,0.69999999999999996,0,0.59575396776199341
dense_minilm,classifier_gated,1466,no acute abnormality,no_finding,1,3,True,True,10,1,1,1,1,1,1,0,0,,1,1,1,1,1,1,0,0.66666666666666674,0.9999997615814209,1,1,1,1,1,1,0,0.80000000000000004,0.99999982118606567,1,1,1,1,1,1,0,0.90000000000000002,0.994659423828125
dense_minilm,classifier_gated,1469,,empty,0,0,False,True,0,,,,,,,,,,,,,,,,,,,,,,,,,,,,,,,,,,,,
dense_minilm,classifier_gated,1473,no acute abnormality,no_finding,1,3,True,True,10,1,1,1,1,1,1,0,0,,1,1,1,1,1,1,0,0.66666666666666674,0.9999997615814209,1,1,1,1,1,1,0,0.80000000000000004,0.99999982118606567,1,1,1,1,1,1,0,0.90000000000000002,0.994659423828125
dense_minilm,classifier_gated,1502,no acute abnormality,no_finding,1,3,True,True,10,1,1,1,1,1,1,0,0,,1,1,1,1,1,1,0,0.66666666666666674,0.9999997615814209,1,1,1,1,1,1,0,0.80000000000000004,0.99999982118606567,1,1,1,1,1,1,0,0.90000000000000002,0.994659423828125
dense_minilm,classifier_gated,1503,no acute abnormality,no_finding,1,3,True,True,10,1,1,1,1,1,1,0,0,,1,1,1,1,1,1,0,0.66666666666666674,0.9999997615814209,1,1,1,1,1,1,0,0.80000000000000004,0.99999982118606567,1,1,1,1,1,1,0,0.90000000000000002,0.994659423828125
dense_minilm,classifier_gated,1510,no acute abnormality,no_finding,1,3,True,True,10,1,1,1,1,1,1,0,0,,1,1,1,1,1,1,0,0.66666666666666674,0.9999997615814209,1,1,1,1,1,1,0,0.80000000000000004,0.99999982118606567,1,1,1,1,1,1,0,0.90000000000000002,0.994659423828125
dense_minilm,classifier_gated,1518,cardiomegaly,fallback_strongest_positive,1,1,True,True,10,0,1,0,0,0,0,1,0,,0,1,0,0,0,0,1,0,0.73525112867355347,0,0.90000000000000002,0,0,0,0,1,0,0.73118877410888672,0,0.84999999999999998,0,0,0,0,1,0,0.66543298959732056
dense_minilm,classifier_gated,1529,atelectasis,fallback_strongest_positive,1,1,True,True,10,0,0.5,0,0,0,0,1,0,,0,0.66666666666666663,0,0,0,0,1,0,0.69927710294723511,0,0.80000000000000004,0,0,0,0,1,0,0.66594600677490234,0.02,0.54500000000000004,0.012724157639790346,0,0,1,0.90000000000000002,0,0.6276324987411499
dense_minilm,classifier_gated,1537,no acute abnormality,no_finding,1,3,True,True,10,1,1,1,1,1,1,0,0,,1,1,1,1,1,1,0,0.66666666666666674,0.9999997615814209,1,1,1,1,1,1,0,0.80000000000000004,0.99999982118606567,1,1,1,1,1,1,0,0.90000000000000002,0.994659423828125
dense_minilm,classifier_gated,1545,fracture,findings,1,1,True,True,10,0,0,0,0,0,0,1,0,,0,0.33333333333333331,0,0,0,0,1,0,0.54505807161331177,0,0.40000000000000002,0,0,0,0,1,0,0.60689628124237061,0.29999999999999999,0.23333333333333334,0.21801641453242443,1,0.16666666666666666,1,0.69999999999999996,0,0.59575396776199341
dense_minilm,classifier_gated,1556,lung opacity atelectasis,findings,2,3,True,True,10,0.5,1,0.5,0,0,1,0,0,,0.41666666666666669,0.83333333333333337,0.42597952225853364,0,0,1,0,0,0.82129663228988647,0.65000000000000002,0.69999999999999996,0.5851401474938922,1,0.25,1,0,0,0.81704270839691162,0.60833333333333328,0.76666666666666672,0.57601815356094166,1,0.25,1,0,0,0.75676828622817993
dense_minilm,classifier_gated,1567,no acute abnormality,no_finding,1,3,True,True,10,0,1,0,0,0,0,1,0,,0,1,0,0,0,0,1,0.66666666666666674,0.9999997615814209,0,1,0,0,0,0,1,0.80000000000000004,0.99999982118606567,0,1,0,0,0,0,1,0.90000000000000002,0.994659423828125
dense_minilm,classifier_gated,1581,no acute abnormality,no_finding,1,3,True,True,10,0,1,0,0,0,0,1,0,,0,1,0,0,0,0,1,0.66666666666666674,0.9999997615814209,0,1,0,0,0,0,1,0.80000000000000004,0.99999982118606567,0,1,0,0,0,0,1,0.90000000000000002,0.994659423828125
dense_minilm,classifier_gated,1582,no acute abnormality,no_finding,1,3,True,True,10,1,1,1,1,1,1,0,0,,1,1,1,1,1,1,0,0.66666666666666674,0.9999997615814209,1,1,1,1,1,1,0,0.80000000000000004,0.99999982118606567,1,1,1,1,1,1,0,0.90000000000000002,0.994659423828125
dense_minilm,classifier_gated,1595,lung opacity,fallback_strongest_positive,1,2,True,True,10,0.5,1,0.5,0,0,0.5,0,0,,0.34444444444444439,0.58333333333333337,0.37206886620834401,0,0,0.5,0,0,0.81683164834976196,0.37333333333333329,0.65000000000000002,0.38319604516638928,0,0,0.5,0,0,0.76443135738372803,0.45333333333333325,0.64166666666666661,0.43823700937091864,0,0,1,0,0,0.74234282970428467
dense_minilm,classifier_gated,1616,no acute abnormality,no_finding,1,3,True,True,10,1,1,1,1,1,1,0,0,,1,1,1,1,1,1,0,0.66666666666666674,0.9999997615814209,1,1,1,1,1,1,0,0.80000000000000004,0.99999982118606567,1,1,1,1,1,1,0,0.90000000000000002,0.994659423828125
dense_minilm,classifier_gated,1622,no acute abnormality,no_finding,1,3,True,True,10,1,1,1,1,1,1,0,0,,1,1,1,1,1,1,0,0.66666666666666674,0.9999997615814209,1,1,1,1,1,1,0,0.80000000000000004,0.99999982118606567,1,1,1,1,1,1,0,0.90000000000000002,0.994659423828125
dense_minilm,classifier_gated,1623,no acute abnormality,no_finding,1,3,True,True,10,1,1,1,1,1,1,0,0,,1,1,1,1,1,1,0,0.66666666666666674,0.9999997615814209,1,1,1,1,1,1,0,0.80000000000000004,0.99999982118606567,1,1,1,1,1,1,0,0.90000000000000002,0.994659423828125
dense_minilm,classifier_gated,1631,no acute abnormality,no_finding,1,3,True,True,10,0,1,0,0,0,0,1,0,,0,1,0,0,0,0,1,0.66666666666666674,0.9999997615814209,0,1,0,0,0,0,1,0.80000000000000004,0.99999982118606567,0,1,0,0,0,0,1,0.90000000000000002,0.994659423828125
dense_minilm,classifier_gated,1647,fracture,findings,1,1,True,True,10,0,0,0,0,0,0,1,0,,0,0.33333333333333331,0,0,0,0,1,0,0.54505807161331177,0,0.40000000000000002,0,0,0,0,1,0,0.60689628124237061,0.29999999999999999,0.23333333333333334,0.21801641453242443,1,0.16666666666666666,1,0.69999999999999996,0,0.59575396776199341
dense_minilm,classifier_gated,1655,no acute abnormality,no_finding,1,3,True,True,10,1,1,1,1,1,1,0,0,,1,1,1,1,1,1,0,0.66666666666666674,0.9999997615814209,1,1,1,1,1,1,0,0.80000000000000004,0.99999982118606567,1,1,1,1,1,1,0,0.90000000000000002,0.994659423828125
dense_minilm,classifier_gated,1661,fracture,findings,1,1,True,True,10,0,0,0,0,0,0,1,0,,0,0.33333333333333331,0,0,0,0,1,0,0.54505807161331177,0,0.40000000000000002,0,0,0,0,1,0,0.60689628124237061,0.29999999999999999,0.23333333333333334,0.21801641453242443,1,0.16666666666666666,1,0.69999999999999996,0,0.59575396776199341
dense_minilm,classifier_gated,1672,no acute abnormality,no_finding,1,3,True,True,10,1,1,1,1,1,1,0,0,,1,1,1,1,1,1,0,0.66666666666666674,0.9999997615814209,1,1,1,1,1,1,0,0.80000000000000004,0.99999982118606567,1,1,1,1,1,1,0,0.90000000000000002,0.994659423828125
dense_minilm,classifier_gated,1707,no acute abnormality,no_finding,1,3,True,True,10,1,1,1,1,1,1,0,0,,1,1,1,1,1,1,0,0.66666666666666674,0.9999997615814209,1,1,1,1,1,1,0,0.80000000000000004,0.99999982118606567,1,1,1,1,1,1,0,0.90000000000000002,0.994659423828125
dense_minilm,classifier_gated,1735,fracture,findings,1,1,True,True,10,0,0,0,0,0,0,1,0,,0.33333333333333331,0.33333333333333331,0.29608191096586522,1,0.5,1,0.66666666666666663,0,0.54505807161331177,0.20000000000000001,0.40000000000000002,0.21398626473452756,1,0.5,1,0.80000000000000004,0,0.60689628124237061,0.10000000000000001,0.23333333333333334,0.13886244387355456,1,0.5,1,0.90000000000000002,0,0.59575396776199341
dense_minilm,classifier_gated,1748,no acute abnormality,no_finding,1,3,True,True,10,1,1,1,1,1,1,0,0,,1,1,1,1,1,1,0,0.66666666666666674,0.9999997615814209,1,1,1,1,1,1,0,0.80000000000000004,0.99999982118606567,1,1,1,1,1,1,0,0.90000000000000002,0.994659423828125
dense_minilm,classifier_gated,1751,no acute abnormality,no_finding,1,3,True,True,10,1,1,1,1,1,1,0,0,,1,1,1,1,1,1,0,0.66666666666666674,0.9999997615814209,1,1,1,1,1,1,0,0.80000000000000004,0.99999982118606567,1,1,1,1,1,1,0,0.90000000000000002,0.994659423828125
dense_minilm,classifier_gated,1753,pulmonary edema,fallback_strongest_positive,1,2,True,True,10,0,0,0,0,0,0,1,0,,0.1111111111111111,0.1111111111111111,0.07821312100379274,0,0,1,0.66666666666666663,0,0.79405808448791504,0.26666666666666666,0.066666666666666666,0.20259505072164247,1,0.25,1,0.59999999999999998,0,0.80476474761962891,0.23333333333333331,0.083333333333333329,0.19509111361818254,1,0.25,1,0.69999999999999996,0.19999999999999996,0.83528363704681396
dense_minilm,classifier_gated,1819,cardiomegaly lung opacity pulmonary edema,findings,3,5,True,True,10,1,0.5,1,1,1,1,0,0,,0.6333333333333333,0.75,0.70503117191479159,1,1,1,0,0,0.7736019492149353,0.55999999999999994,0.80000000000000004,0.63506096841212112,1,1,1,0,0,0.78112298250198364,0.47833333333333333,0.6333333333333333,0.54869859134421528,1,1,1,0,0,0.74192988872528076
dense_minilm,classifier_gated,1826,no acute abnormality,no_finding,1,3,True,True,10,1,1,1,1,1,1,0,0,,1,1,1,1,1,1,0,0.66666666666666674,0.9999997615814209,1,1,1,1,1,1,0,0.80000000000000004,0.99999982118606567,1,1,1,1,1,1,0,0.90000000000000002,0.994659423828125
dense_minilm,classifier_gated,1832,cardiomegaly,findings,1,1,True,True,10,0.33333333333333331,1,0.33333333333333331,0,0,0.33333333333333331,0,0,,0.33333333333333331,1,0.33333333333333326,0,0,0.33333333333333331,0,0,0.73525112867355347,0.31666666666666665,0.90000000000000002,0.32116097084644107,0,0,0.33333333333333331,0,0,0.73118877410888672,0.30833333333333335,0.84999999999999998,0.31278745371270122,0,0,0.33333333333333331,0,0,0.66543298959732056
dense_minilm,classifier_gated,1833,no acute abnormality,no_finding,1,3,True,True,10,0,1,0,0,0,0,1,0,,0,1,0,0,0,0,1,0.66666666666666674,0.9999997615814209,0,1,0,0,0,0,1,0.80000000000000004,0.99999982118606567,0,1,0,0,0,0,1,0.90000000000000002,0.994659423828125
dense_minilm,classifier_gated,1837,no acute abnormality,no_finding,1,3,True,True,10,1,1,1,1,1,1,0,0,,1,1,1,1,1,1,0,0.66666666666666674,0.9999997615814209,1,1,1,1,1,1,0,0.80000000000000004,0.99999982118606567,1,1,1,1,1,1,0,0.90000000000000002,0.994659423828125
dense_minilm,classifier_gated,1882,no acute abnormality,no_finding,1,3,True,True,10,1,1,1,1,1,1,0,0,,1,1,1,1,1,1,0,0.66666666666666674,0.9999997615814209,1,1,1,1,1,1,0,0.80000000000000004,0.99999982118606567,1,1,1,1,1,1,0,0.90000000000000002,0.994659423828125
dense_minilm,classifier_gated,1907,cardiomegaly,findings,1,1,True,True,10,0,1,0,0,0,0,1,0,,0,1,0,0,0,0,1,0,0.73525112867355347,0,0.90000000000000002,0,0,0,0,1,0,0.73118877410888672,0,0.84999999999999998,0,0,0,0,1,0,0.66543298959732056
dense_minilm,classifier_gated,1914,no acute abnormality,no_finding,1,3,True,True,10,0,1,0,0,0,0,1,0,,0,1,0,0,0,0,1,0.66666666666666674,0.9999997615814209,0,1,0,0,0,0,1,0.80000000000000004,0.99999982118606567,0,1,0,0,0,0,1,0.90000000000000002,0.994659423828125
dense_minilm,classifier_gated,1918,enlarged cardiomediastinum,fallback_strongest_positive,1,2,True,True,10,0,0,0,0,0,0,1,0,,0.1111111111111111,0,0.07821312100379274,0,0,0.5,0.66666666666666663,0,0.78161144256591797,0.066666666666666666,0,0.05652670087893602,0,0,0.5,0.80000000000000004,0,0.77280634641647339,0.083333333333333329,0,0.071397572018068678,0,0,1,0.80000000000000004,0,0.73854231834411621
dense_minilm,classifier_gated,1937,no acute abnormality,no_finding,1,3,True,True,10,1,1,1,1,1,1,0,0,,1,1,1,1,1,1,0,0.66666666666666674,0.9999997615814209,1,1,1,1,1,1,0,0.80000000000000004,0.99999982118606567,1,1,1,1,1,1,0,0.90000000000000002,0.994659423828125
dense_minilm,classifier_gated,1939,,empty,0,0,False,True,0,,,,,,,,,,,,,,,,,,,,,,,,,,,,,,,,,,,,
dense_minilm,classifier_gated,1947,fracture,findings,1,1,True,True,10,0,0,0,0,0,0,1,0,,0,0.33333333333333331,0,0,0,0,1,0,0.54505807161331177,0,0.40000000000000002,0,0,0,0,1,0,0.60689628124237061,0,0.23333333333333334,0,0,0,0,1,0,0.59575396776199341
dense_minilm,classifier_gated,1948,no acute abnormality,no_finding,1,3,True,True,10,1,1,1,1,1,1,0,0,,1,1,1,1,1,1,0,0.66666666666666674,0.9999997615814209,1,1,1,1,1,1,0,0.80000000000000004,0.99999982118606567,1,1,1,1,1,1,0,0.90000000000000002,0.994659423828125
dense_minilm,classifier_gated,1960,no acute abnormality,no_finding,1,3,True,True,10,1,1,1,1,1,1,0,0,,1,1,1,1,1,1,0,0.66666666666666674,0.9999997615814209,1,1,1,1,1,1,0,0.80000000000000004,0.99999982118606567,1,1,1,1,1,1,0,0.90000000000000002,0.994659423828125
dense_minilm,classifier_gated,1976,lung opacity pneumonia,findings,2,3,True,True,10,1,0.5,1,1,1,1,0,0,,0.83333333333333337,0.66666666666666663,0.88268031849431083,1,1,1,0,0,0.72065275907516479,0.80000000000000004,0.69999999999999996,0.84960740992542505,1,1,1,0,0,0.71195524930953979,0.59999999999999998,0.45000000000000001,0.70309926601455153,1,1,1,0.29999999999999999,0.099999999999999978,0.72357916831970215
dense_minilm,classifier_gated,1980,no acute abnormality,no_finding,1,3,True,True,10,1,1,1,1,1,1,0,0,,1,1,1,1,1,1,0,0.66666666666666674,0.9999997615814209,1,1,1,1,1,1,0,0.80000000000000004,0.99999982118606567,1,1,1,1,1,1,0,0.90000000000000002,0.994659423828125
dense_minilm,classifier_gated,1988,lung opacity,findings,1,2,True,True,10,0.5,1,0.5,0,0,0.5,0,0,,0.34444444444444439,0.58333333333333337,0.37206886620834401,0,0,0.5,0,0,0.81683164834976196,0.37333333333333329,0.65000000000000002,0.38319604516638928,0,0,0.5,0,0,0.76443135738372803,0.37,0.64166666666666661,0.40344438153866896,0,0,0.5,0,0,0.74234282970428467
dense_minilm,classifier_gated,2003,no acute abnormality,no_finding,1,3,True,True,10,0,1,0,0,0,0,1,0,,0,1,0,0,0,0,1,0.66666666666666674,0.9999997615814209,0,1,0,0,0,0,1,0.80000000000000004,0.99999982118606567,0,1,0,0,0,0,1,0.90000000000000002,0.994659423828125
dense_minilm,classifier_gated,2006,fracture,fallback_strongest_positive,1,1,True,True,10,0,0,0,0,0,0,1,0,,0,0.33333333333333331,0,0,0,0,1,0,0.54505807161331177,0,0.40000000000000002,0,0,0,0,1,0,0.60689628124237061,0,0.23333333333333334,0,0,0,0,1,0,0.59575396776199341
dense_minilm,classifier_gated,2026,no acute abnormality,no_finding,1,3,True,True,10,1,1,1,1,1,1,0,0,,1,1,1,1,1,1,0,0.66666666666666674,0.9999997615814209,1,1,1,1,1,1,0,0.80000000000000004,0.99999982118606567,1,1,1,1,1,1,0,0.90000000000000002,0.994659423828125
dense_minilm,classifier_gated,2038,no acute abnormality,no_finding,1,3,True,True,10,1,1,1,1,1,1,0,0,,1,1,1,1,1,1,0,0.66666666666666674,0.9999997615814209,1,1,1,1,1,1,0,0.80000000000000004,0.99999982118606567,1,1,1,1,1,1,0,0.90000000000000002,0.994659423828125
dense_minilm,classifier_gated,2062,lung opacity consolidation pneumonia,findings,3,4,True,True,10,0.33333333333333331,0.33333333333333331,0.33333333333333331,0,0,0.33333333333333331,0,0,,0.30555555555555552,0.44444444444444442,0.3137800530823851,0,0,0.33333333333333331,0,0,0.72065275907516479,0.32999999999999996,0.41333333333333339,0.3289395481031131,0,0,0.66666666666666663,0,0,0.71390914916992188,0.23999999999999999,0.34666666666666668,0.28240958096454416,0,0,1,0.20000000000000001,0,0.69532173871994019
dense_minilm,classifier_gated,2066,cardiomegaly,fallback_strongest_positive,1,1,True,True,10,0.33333333333333331,1,0.33333333333333331,0,0,0.33333333333333331,0,0,,0.33333333333333331,1,0.33333333333333326,0,0,0.33333333333333331,0,0,0.73525112867355347,0.31666666666666665,0.90000000000000002,0.32116097084644107,0,0,0.33333333333333331,0,0,0.73118877410888672,0.30833333333333335,0.84999999999999998,0.31278745371270122,0,0,0.33333333333333331,0,0,0.66543298959732056
dense_minilm,classifier_gated,2069,no acute abnormality,no_finding,1,3,True,True,10,1,1,1,1,1,1,0,0,,1,1,1,1,1,1,0,0.66666666666666674,0.9999997615814209,1,1,1,1,1,1,0,0.80000000000000004,0.99999982118606567,1,1,1,1,1,1,0,0.90000000000000002,0.994659423828125
dense_minilm,classifier_gated,2074,enlarged cardiomediastinum,findings,1,2,True,True,10,0.25,0,0.25,0,0,0.33333333333333331,0,0,,0.16666666666666666,0,0.17597952225853367,0,0,0.66666666666666663,0.33333333333333331,0,0.78161144256591797,0.10000000000000001,0,0.12718507697760603,0,0,0.66666666666666663,0.59999999999999998,0,0.77280634641647339,0.050000000000000003,0,0.083868355075493173,0,0,0.66666666666666663,0.80000000000000004,0,0.73854231834411621
dense_minilm,classifier_gated,2075,no acute abnormality,no_finding,1,3,True,True,10,1,1,1,1,1,1,0,0,,1,1,1,1,1,1,0,0.66666666666666674,0.9999997615814209,1,1,1,1,1,1,0,0.80000000000000004,0.99999982118606567,1,1,1,1,1,1,0,0.90000000000000002,0.994659423828125
dense_minilm,classifier_gated,2096,no acute abnormality,no_finding,1,3,True,True,10,1,1,1,1,1,1,0,0,,1,1,1,1,1,1,0,0.66666666666666674,0.9999997615814209,1,1,1,1,1,1,0,0.80000000000000004,0.99999982118606567,1,1,1,1,1,1,0,0.90000000000000002,0.994659423828125
dense_minilm,classifier_gated,2116,lung lesion,fallback_strongest_positive,1,2,True,True,10,0,0,0,0,0,0,1,0,,0,0.33333333333333331,0,0,0,0,1,0,0.73330259323120117,0,0.20000000000000001,0,0,0,0,1,0,0.70415800809860229,0,0.10000000000000001,0,0,0,0,1,0,0.68368875980377197
dense_minilm,classifier_gated,2138,lung lesion fracture,findings,2,3,True,True,10,0,0,0,0,0,0,1,0,,0,0,0,0,0,0,1,0,0.77028614282608032,0.16666666666666666,0.16666666666666666,0.12866058817507345,0,0,0.5,0.59999999999999998,0,0.67399537563323975,0.22333333333333333,0.22500000000000001,0.21694520314098686,0,0,1,0.5,0,0.67898303270339966
dense_minilm,classifier_gated,2140,no acute abnormality,no_finding,1,3,True,True,10,0,1,0,0,0,0,1,0,,0,1,0,0,0,0,1,0.66666666666666674,0.9999997615814209,0,1,0,0,0,0,1,0.80000000000000004,0.99999982118606567,0,1,0,0,0,0,1,0.90000000000000002,0.994659423828125
dense_minilm,classifier_gated,2148,no acute abnormality,no_finding,1,3,True,True,10,1,1,1,1,1,1,0,0,,1,1,1,1,1,1,0,0.66666666666666674,0.9999997615814209,1,1,1,1,1,1,0,0.80000000000000004,0.99999982118606567,1,1,1,1,1,1,0,0.90000000000000002,0.994659423828125
dense_minilm,classifier_gated,2157,pleural abnormality,findings,1,2,True,True,10,0,0,0,0,0,0,1,0,,0.33333333333333331,0.33333333333333331,0.29608191096586522,1,0.5,1,0.66666666666666663,0,0.66722136735916138,0.40000000000000002,0.20000000000000001,0.36005461457723403,1,0.5,1,0.59999999999999998,0,0.71983468532562256,0.29999999999999999,0.20000000000000001,0.29990503169749444,1,0.5,1,0.69999999999999996,0,0.66045898199081421
dense_minilm,classifier_gated,2160,fracture,findings,1,1,True,True,10,0,0,0,0,0,0,1,0,,0,0.33333333333333331,0,0,0,0,1,0,0.54505807161331177,0,0.40000000000000002,0,0,0,0,1,0,0.60689628124237061,0.29999999999999999,0.23333333333333334,0.21801641453242443,1,0.16666666666666666,1,0.69999999999999996,0,0.59575396776199341
dense_minilm,classifier_gated,2170,no acute abnormality,no_finding,1,3,True,True,10,1,1,1,1,1,1,0,0,,1,1,1,1,1,1,0,0.66666666666666674,0.9999997615814209,1,1,1,1,1,1,0,0.80000000000000004,0.99999982118606567,1,1,1,1,1,1,0,0.90000000000000002,0.994659423828125
dense_minilm,classifier_gated,2177,,empty,0,0,False,True,0,,,,,,,,,,,,,,,,,,,,,,,,,,,,,,,,,,,,
dense_minilm,classifier_gated,2191,no acute abnormality,no_finding,1,3,True,True,10,0,1,0,0,0,0,1,0,,0,1,0,0,0,0,1,0.66666666666666674,0.9999997615814209,0,1,0,0,0,0,1,0.80000000000000004,0.99999982118606567,0,1,0,0,0,0,1,0.90000000000000002,0.994659423828125
dense_minilm,classifier_gated,2207,fracture,findings,1,1,True,True,10,0,0,0,0,0,0,1,0,,0,0.33333333333333331,0,0,0,0,1,0,0.54505807161331177,0,0.40000000000000002,0,0,0,0,1,0,0.60689628124237061,0.074999999999999997,0.23333333333333334,0.049168199583670184,0,0,0.5,0.80000000000000004,0,0.59575396776199341
dense_minilm,classifier_gated,2212,no acute abnormality,no_finding,1,3,True,True,10,1,1,1,1,1,1,0,0,,1,1,1,1,1,1,0,0.66666666666666674,0.9999997615814209,1,1,1,1,1,1,0,0.80000000000000004,0.99999982118606567,1,1,1,1,1,1,0,0.90000000000000002,0.994659423828125
dense_minilm,classifier_gated,2223,pulmonary edema,findings,1,2,True,True,10,0,0,0,0,0,0,1,0,,0,0.1111111111111111,0,0,0,0,1,0,0.79405808448791504,0,0.066666666666666666,0,0,0,0,1,0,0.80476474761962891,0.20000000000000001,0.083333333333333329,0.13568544539116631,1,0.125,1,0.80000000000000004,0.19999999999999996,0.83528363704681396
dense_minilm,classifier_gated,2228,no acute abnormality,no_finding,1,3,True,True,10,1,1,1,1,1,1,0,0,,1,1,1,1,1,1,0,0.66666666666666674,0.9999997615814209,1,1,1,1,1,1,0,0.80000000000000004,0.99999982118606567,1,1,1,1,1,1,0,0.90000000000000002,0.994659423828125
dense_minilm,classifier_gated,2236,no acute abnormality,no_finding,1,3,True,True,10,1,1,1,1,1,1,0,0,,1,1,1,1,1,1,0,0.66666666666666674,0.9999997615814209,1,1,1,1,1,1,0,0.80000000000000004,0.99999982118606567,1,1,1,1,1,1,0,0.90000000000000002,0.994659423828125
dense_minilm,classifier_gated,2238,fracture,fallback_strongest_positive,1,1,True,True,10,0,0,0,0,0,0,1,0,,0,0.33333333333333331,0,0,0,0,1,0,0.54505807161331177,0,0.40000000000000002,0,0,0,0,1,0,0.60689628124237061,0.29999999999999999,0.23333333333333334,0.21801641453242443,1,0.16666666666666666,1,0.69999999999999996,0,0.59575396776199341
dense_minilm,classifier_gated,2239,lung opacity,fallback_strongest_positive,1,2,True,True,10,0.5,1,0.5,0,0,0.5,0,0,,0.34444444444444439,0.58333333333333337,0.37206886620834401,0,0,0.5,0,0,0.81683164834976196,0.37333333333333329,0.65000000000000002,0.38319604516638928,0,0,0.5,0,0,0.76443135738372803,0.37,0.64166666666666661,0.37664138815614678,0,0,0.5,0,0,0.74234282970428467
dense_minilm,classifier_gated,2244,no acute abnormality,no_finding,1,3,True,True,10,1,1,1,1,1,1,0,0,,1,1,1,1,1,1,0,0.66666666666666674,0.9999997615814209,1,1,1,1,1,1,0,0.80000000000000004,0.99999982118606567,1,1,1,1,1,1,0,0.90000000000000002,0.994659423828125
dense_minilm,classifier_gated,2277,no acute abnormality,no_finding,1,3,True,True,10,1,1,1,1,1,1,0,0,,1,1,1,1,1,1,0,0.66666666666666674,0.9999997615814209,1,1,1,1,1,1,0,0.80000000000000004,0.99999982118606567,1,1,1,1,1,1,0,0.90000000000000002,0.994659423828125
dense_minilm,classifier_gated,2290,no acute abnormality,no_finding,1,3,True,True,10,1,1,1,1,1,1,0,0,,1,1,1,1,1,1,0,0.66666666666666674,0.9999997615814209,1,1,1,1,1,1,0,0.80000000000000004,0.99999982118606567,1,1,1,1,1,1,0,0.90000000000000002,0.994659423828125
dense_minilm,classifier_gated,2310,no acute abnormality,no_finding,1,3,True,True,10,1,1,1,1,1,1,0,0,,1,1,1,1,1,1,0,0.66666666666666674,0.9999997615814209,1,1,1,1,1,1,0,0.80000000000000004,0.99999982118606567,1,1,1,1,1,1,0,0.90000000000000002,0.994659423828125
dense_minilm,classifier_gated,2313,enlarged cardiomediastinum,fallback_strongest_positive,1,2,True,True,10,0,0,0,0,0,0,1,0,,0,0,0,0,0,0,1,0,0.78161144256591797,0.20000000000000001,0,0.13120507751234178,1,0.20000000000000001,1,0.80000000000000004,0,0.77280634641647339,0.20000000000000001,0,0.14876390584057272,1,0.20000000000000001,1,0.80000000000000004,0,0.73854231834411621
dense_minilm,classifier_gated,2326,no acute abnormality,no_finding,1,3,True,True,10,0,1,0,0,0,0,1,0,,0,1,0,0,0,0,1,0.66666666666666674,0.9999997615814209,0,1,0,0,0,0,1,0.80000000000000004,0.99999982118606567,0,1,0,0,0,0,1,0.90000000000000002,0.994659423828125
dense_minilm,classifier_gated,2363,lung opacity consolidation pneumonia,findings,3,4,True,True,10,0.5,0.33333333333333331,0.5,0,0,0.5,0,0,,0.66666666666666663,0.44444444444444442,0.61731968150568906,1,0.33333333333333331,1,0,0,0.72065275907516479,0.54000000000000004,0.41333333333333339,0.54096954636559214,1,0.33333333333333331,1,0,0,0.71390914916992188,0.37333333333333335,0.34666666666666668,0.4265575754205857,1,0.33333333333333331,1,0.20000000000000001,0,0.69532173871994019
dense_minilm,classifier_gated,2365,no acute abnormality,no_finding,1,3,True,True,10,1,1,1,1,1,1,0,0,,1,1,1,1,1,1,0,0.66666666666666674,0.9999997615814209,1,1,1,1,1,1,0,0.80000000000000004,0.99999982118606567,1,1,1,1,1,1,0,0.90000000000000002,0.994659423828125
dense_minilm,classifier_gated,2377,no acute abnormality,no_finding,1,3,True,True,10,1,1,1,1,1,1,0,0,,1,1,1,1,1,1,0,0.66666666666666674,0.9999997615814209,1,1,1,1,1,1,0,0.80000000000000004,0.99999982118606567,1,1,1,1,1,1,0,0.90000000000000002,0.994659423828125
dense_minilm,classifier_gated,2388,no acute abnormality,no_finding,1,3,True,True,10,1,1,1,1,1,1,0,0,,1,1,1,1,1,1,0,0.66666666666666674,0.9999997615814209,1,1,1,1,1,1,0,0.80000000000000004,0.99999982118606567,1,1,1,1,1,1,0,0.90000000000000002,0.994659423828125
dense_minilm,classifier_gated,2396,lung opacity,fallback_strongest_positive,1,2,True,True,10,0.5,1,0.5,0,0,0.5,0,0,,0.34444444444444439,0.58333333333333337,0.40363870943087587,0,0,0.5,0,0,0.81683164834976196,0.37333333333333329,0.65000000000000002,0.4502632923740959,0,0,0.5,0,0,0.76443135738372803,0.37,0.64166666666666661,0.47899368270748593,0,0,0.5,0,0,0.74234282970428467
dense_minilm,classifier_gated,2415,lung opacity pleural effusion pleural abnormality,findings,3,6,True,True,10,0.20000000000000001,0.75,0.20000000000000001,0,0,0.5,0,0,,0.34444444444444439,0.58333333333333337,0.32010982169127666,0,0,0.5,0,0,0.81204575300216675,0.27333333333333332,0.48333333333333328,0.28004132424849187,0,0,0.5,0.20000000000000001,0,0.77240252494812012,0.33666666666666667,0.35999999999999999,0.31859223529439401,0,0,1,0.20000000000000001,0,0.75713807344436646
dense_minilm,classifier_gated,2416,,empty,0,0,False,True,0,,,,,,,,,,,,,,,,,,,,,,,,,,,,,,,,,,,,
dense_minilm,classifier_gated,2453,pneumonia,fallback_strongest_positive,1,1,True,True,10,1,0,1,1,1,1,0,0,,0.33333333333333331,0.33333333333333331,0.46927872602275644,1,1,1,0.66666666666666663,0,0.79625701904296875,0.20000000000000001,0.20000000000000001,0.33916020527361612,1,1,1,0.80000000000000004,0,0.78606843948364258,0.20000000000000001,0.10000000000000001,0.28371255449703192,1,1,1,0.80000000000000004,0,0.78300249576568604
dense_minilm,classifier_gated,2475,enlarged cardiomediastinum,fallback_strongest_positive,1,2,True,True,10,0.5,0,0.5,0,0,1,0,0,,0.33333333333333331,0,0.35195904451706733,0,0,1,0.33333333333333331,0,0.78161144256591797,0.20000000000000001,0,0.25437015395521206,0,0,1,0.59999999999999998,0,0.77280634641647339,0.40000000000000002,0,0.38308523925598459,1,0.16666666666666666,1,0.5,0,0.73854231834411621
dense_minilm,classifier_gated,2493,enlarged cardiomediastinum,fallback_strongest_positive,1,2,True,True,10,0,0,0,0,0,0,1,0,,0,0,0,0,0,0,1,0,0.78161144256591797,0.20000000000000001,0,0.13120507751234178,1,0.20000000000000001,1,0.80000000000000004,0,0.77280634641647339,0.20000000000000001,0,0.14876390584057272,1,0.20000000000000001,1,0.80000000000000004,0,0.73854231834411621
dense_minilm,classifier_gated,2513,pleural effusion,findings,1,2,True,True,10,0,0,0,0,0,0,1,0,,0.16666666666666666,0.5,0.11731968150568911,0,0,1,0.66666666666666663,0,0.69165629148483276,0.10000000000000001,0.40000000000000002,0.084790051318404031,0,0,1,0.80000000000000004,0,0.6825869083404541,0.050000000000000003,0.25,0.055022941574520048,0,0,1,0.90000000000000002,0,0.64989537000656128
dense_minilm,classifier_gated,2515,,empty,0,0,False,True,0,,,,,,,,,,,,,,,,,,,,,,,,,,,,,,,,,,,,
dense_minilm,classifier_gated,2517,no acute abnormality,no_finding,1,3,True,True,10,1,1,1,1,1,1,0,0,,1,1,1,1,1,1,0,0.66666666666666674,0.9999997615814209,1,1,1,1,1,1,0,0.80000000000000004,0.99999982118606567,1,1,1,1,1,1,0,0.90000000000000002,0.994659423828125
dense_minilm,classifier_gated,2533,fracture,fallback_strongest_positive,1,1,True,True,10,0,0,0,0,0,0,1,0,,0,0.33333333333333331,0,0,0,0,1,0,0.54505807161331177,0,0.40000000000000002,0,0,0,0,1,0,0.60689628124237061,0.29999999999999999,0.23333333333333334,0.21801641453242443,1,0.16666666666666666,1,0.69999999999999996,0,0.59575396776199341
dense_minilm,classifier_gated,2542,,empty,0,0,False,True,0,,,,,,,,,,,,,,,,,,,,,,,,,,,,,,,,,,,,
dense_minilm,classifier_gated,2545,no acute abnormality,no_finding,1,3,True,True,10,1,1,1,1,1,1,0,0,,1,1,1,1,1,1,0,0.66666666666666674,0.9999997615814209,1,1,1,1,1,1,0,0.80000000000000004,0.99999982118606567,1,1,1,1,1,1,0,0.90000000000000002,0.994659423828125
dense_minilm,classifier_gated,2564,no acute abnormality,no_finding,1,3,True,True,10,1,1,1,1,1,1,0,0,,1,1,1,1,1,1,0,0.66666666666666674,0.9999997615814209,1,1,1,1,1,1,0,0.80000000000000004,0.99999982118606567,1,1,1,1,1,1,0,0.90000000000000002,0.994659423828125
dense_minilm,classifier_gated,2591,no acute abnormality,no_finding,1,3,True,True,10,1,1,1,1,1,1,0,0,,1,1,1,1,1,1,0,0.66666666666666674,0.9999997615814209,1,1,1,1,1,1,0,0.80000000000000004,0.99999982118606567,1,1,1,1,1,1,0,0.90000000000000002,0.994659423828125
dense_minilm,classifier_gated,2594,fracture,fallback_strongest_positive,1,1,True,True,10,0,0,0,0,0,0,1,0,,0,0.33333333333333331,0,0,0,0,1,0,0.54505807161331177,0,0.40000000000000002,0,0,0,0,1,0,0.60689628124237061,0.11666666666666665,0.23333333333333334,0.078097875390660709,0,0,1,0.80000000000000004,0,0.59575396776199341
dense_minilm,classifier_gated,2596,no acute abnormality,no_finding,1,3,True,True,10,1,1,1,1,1,1,0,0,,1,1,1,1,1,1,0,0.66666666666666674,0.9999997615814209,1,1,1,1,1,1,0,0.80000000000000004,0.99999982118606567,1,1,1,1,1,1,0,0.90000000000000002,0.994659423828125
dense_minilm,classifier_gated,2605,pleural effusion,findings,1,2,True,True,10,1,0,1,1,1,1,0,0,,0.33333333333333331,0.5,0.46927872602275644,1,1,1,0.66666666666666663,0,0.69165629148483276,0.20000000000000001,0.40000000000000002,0.33916020527361612,1,1,1,0.80000000000000004,0,0.6825869083404541,0.29999999999999999,0.25,0.36211082347570728,1,1,1,0.69999999999999996,0,0.64989537000656128
dense_minilm,classifier_gated,2612,no acute abnormality,no_finding,1,3,True,True,10,1,1,1,1,1,1,0,0,,1,1,1,1,1,1,0,0.66666666666666674,0.9999997615814209,1,1,1,1,1,1,0,0.80000000000000004,0.99999982118606567,1,1,1,1,1,1,0,0.90000000000000002,0.994659423828125
dense_minilm,classifier_gated,2616,pleural effusion pleural abnormality,findings,2,4,True,True,10,0,0,0,0,0,0,1,0,,0.16666666666666666,0.1111111111111111,0.14804095548293261,0,0,1,0.66666666666666663,0,0.66308528184890747,0.10000000000000001,0.066666666666666666,0.10699313236726378,0,0,1,0.80000000000000004,0,0.73799896240234375,0.14999999999999999,0.10000000000000001,0.14539908065165089,0,0,1,0.69999999999999996,0,0.70688366889953613
dense_minilm,classifier_gated,2622,pleural abnormality,findings,1,2,True,True,10,0,0,0,0,0,0,1,0,,0,0.33333333333333331,0,0,0,0,1,0,0.66722136735916138,0,0.20000000000000001,0,0,0,0,1,0,0.71983468532562256,0,0.20000000000000001,0,0,0,0,1,0,0.66045898199081421
dense_minilm,classifier_gated,2629,fracture,findings,1,1,True,True,10,0,0,0,0,0,0,1,0,,0,0.33333333333333331,0,0,0,0,1,0,0.54505807161331177,0,0.40000000000000002,0,0,0,0,1,0,0.60689628124237061,0.29999999999999999,0.23333333333333334,0.21801641453242443,1,0.16666666666666666,1,0.69999999999999996,0,0.59575396776199341
dense_minilm,classifier_gated,2644,cardiomegaly,fallback_strongest_positive,1,1,True,True,10,0.5,1,0.5,0,0,0.5,0,0,,0.5,1,0.5,0,0,0.5,0,0,0.73525112867355347,0.46666666666666662,0.90000000000000002,0.47565527502621563,0,0,0.5,0,0,0.73118877410888672,0.45000000000000001,0.84999999999999998,0.55661283660770533,0,0,0.5,0,0,0.66543298959732056
dense_minilm,classifier_gated,2691,enlarged cardiomediastinum,fallback_strongest_positive,1,2,True,True,10,0.5,0,0.5,0,0,1,0,0,,0.33333333333333331,0,0.35195904451706733,0,0,1,0.33333333333333331,0,0.78161144256591797,0.20000000000000001,0,0.25437015395521206,0,0,1,0.59999999999999998,0,0.77280634641647339,0.40000000000000002,0,0.38308523925598459,1,0.16666666666666666,1,0.5,0,0.73854231834411621
dense_minilm,classifier_gated,2697,cardiomegaly,fallback_strongest_positive,1,1,True,True,10,0,1,0,0,0,0,1,0,,0,1,0,0,0,0,1,0,0.73525112867355347,0,0.90000000000000002,0,0,0,0,1,0,0.73118877410888672,0,0.84999999999999998,0,0,0,0,1,0,0.66543298959732056
dense_minilm,classifier_gated,2698,no acute abnormality,no_finding,1,3,True,True,10,1,1,1,1,1,1,0,0,,1,1,1,1,1,1,0,0.66666666666666674,0.9999997615814209,1,1,1,1,1,1,0,0.80000000000000004,0.99999982118606567,1,1,1,1,1,1,0,0.90000000000000002,0.994659423828125
dense_minilm,classifier_gated,2709,no acute abnormality,no_finding,1,3,True,True,10,0,1,0,0,0,0,1,0,,0,1,0,0,0,0,1,0.66666666666666674,0.9999997615814209,0,1,0,0,0,0,1,0.80000000000000004,0.99999982118606567,0,1,0,0,0,0,1,0.90000000000000002,0.994659423828125
dense_minilm,classifier_gated,2720,no acute abnormality,no_finding,1,3,True,True,10,1,1,1,1,1,1,0,0,,1,1,1,1,1,1,0,0.66666666666666674,0.9999997615814209,1,1,1,1,1,1,0,0.80000000000000004,0.99999982118606567,1,1,1,1,1,1,0,0.90000000000000002,0.994659423828125
dense_minilm,classifier_gated,2723,no acute abnormality,no_finding,1,3,True,True,10,0,1,0,0,0,0,1,0,,0,1,0,0,0,0,1,0.66666666666666674,0.9999997615814209,0,1,0,0,0,0,1,0.80000000000000004,0.99999982118606567,0,1,0,0,0,0,1,0.90000000000000002,0.994659423828125
dense_minilm,classifier_gated,2737,fracture,fallback_strongest_positive,1,1,True,True,10,0,0,0,0,0,0,1,0,,0,0.33333333333333331,0,0,0,0,1,0,0.54505807161331177,0,0.40000000000000002,0,0,0,0,1,0,0.60689628124237061,0.033333333333333333,0.23333333333333334,0.023143740645592423,0,0,1,0.90000000000000002,0,0.59575396776199341
dense_minilm,classifier_gated,2747,atelectasis,fallback_strongest_positive,1,1,True,True,10,0,0.5,0,0,0,0,1,0,,0,0.66666666666666663,0,0,0,0,1,0,0.69927710294723511,0,0.80000000000000004,0,0,0,0,1,0,0.66594600677490234,0.025000000000000001,0.54500000000000004,0.018563257100307519,0,0,1,0.90000000000000002,0,0.6276324987411499
dense_minilm,classifier_gated,2750,,empty,0,0,False,True,0,,,,,,,,,,,,,,,,,,,,,,,,,,,,,,,,,,,,
dense_minilm,classifier_gated,2758,no acute abnormality,no_finding,1,3,True,True,10,1,1,1,1,1,1,0,0,,1,1,1,1,1,1,0,0.66666666666666674,0.9999997615814209,1,1,1,1,1,1,0,0.80000000000000004,0.99999982118606567,1,1,1,1,1,1,0,0.90000000000000002,0.994659423828125
dense_minilm,classifier_gated,2765,fracture,fallback_strongest_positive,1,1,True,True,10,0,0,0,0,0,0,1,0,,0,0.33333333333333331,0,0,0,0,1,0,0.54505807161331177,0,0.40000000000000002,0,0,0,0,1,0,0.60689628124237061,0.29999999999999999,0.23333333333333334,0.21801641453242443,1,0.16666666666666666,1,0.69999999999999996,0,0.59575396776199341
dense_minilm,classifier_gated,2778,support device,findings,1,2,True,True,10,0.5,0.5,0.5,0,0,1,0,0,,0.5,0.5,0.53072127397724345,1,0.5,1,0.33333333333333331,0,0.36459830403327942,0.69999999999999996,0.69999999999999996,0.66083979472638388,1,0.5,1,0.20000000000000001,0,0.38849782943725586,0.55000000000000004,0.55000000000000004,0.58060200011180185,1,0.5,1,0.40000000000000002,0,0.46512973308563232
dense_minilm,classifier_gated,2817,lung opacity pleural abnormality,findings,2,4,True,False,10,0.75,0.5,1,,,1,0,0,,0.58333333333333337,0.44444444444444442,0.86016192379824641,,,1,0,0,0.81204575300216675,0.41666666666666669,0.36666666666666664,0.70142568110957948,,,1,0.20000000000000001,0,0.77389729022979736,0.30833333333333329,0.26666666666666666,0.56541028951955408,,,1,0.40000000000000002,0,0.77653026580810547
dense_minilm,classifier_gated,2831,pleural effusion,findings,1,2,True,False,10,0,0,0,,,0,1,0,,0.19444444444444442,0.5,0.23603071661219946,,,0.33333333333333331,0.33333333333333331,0,0.69165629148483276,0.16666666666666666,0.40000000000000002,0.21978757492319498,,,0.33333333333333331,0.40000000000000002,0,0.6825869083404541,0.10833333333333332,0.25,0.17888966663776734,,,0.33333333333333331,0.59999999999999998,0,0.64989537000656128
dense_minilm,classifier_gated,2832,no acute abnormality,no_finding,1,3,True,True,10,0,1,0,0,0,0,1,0,,0,1,0,0,0,0,1,0.66666666666666674,0.9999997615814209,0,1,0,0,0,0,1,0.80000000000000004,0.99999982118606567,0,1,0,0,0,0,1,0.90000000000000002,0.994659423828125
dense_minilm,classifier_gated,2833,pneumothorax,fallback_strongest_positive,1,1,True,True,10,0,0,0,0,0,0,1,0,,0.66666666666666663,0,0.53072127397724345,1,0.5,1,0.33333333333333331,0,0.78878802061080933,0.59999999999999998,0,0.51477144488367743,1,0.5,1,0.40000000000000002,0,0.81083452701568604,0.40000000000000002,0.25,0.39767223286316739,1,0.5,1,0.59999999999999998,0,0.72649687528610229
dense_minilm,classifier_gated,2852,no acute abnormality,no_finding,1,3,True,True,10,1,1,1,1,1,1,0,0,,1,1,1,1,1,1,0,0.66666666666666674,0.9999997615814209,1,1,1,1,1,1,0,0.80000000000000004,0.99999982118606567,1,1,1,1,1,1,0,0.90000000000000002,0.994659423828125
dense_minilm,classifier_gated,2860,no acute abnormality,no_finding,1,3,True,True,10,0,1,0,0,0,0,1,0,,0,1,0,0,0,0,1,0.66666666666666674,0.9999997615814209,0,1,0,0,0,0,1,0.80000000000000004,0.99999982118606567,0,1,0,0,0,0,1,0.90000000000000002,0.994659423828125
dense_minilm,classifier_gated,2866,no acute abnormality,no_finding,1,3,True,True,10,1,1,1,1,1,1,0,0,,1,1,1,1,1,1,0,0.66666666666666674,0.9999997615814209,1,1,1,1,1,1,0,0.80000000000000004,0.99999982118606567,1,1,1,1,1,1,0,0.90000000000000002,0.994659423828125
dense_minilm,classifier_gated,2870,no acute abnormality,no_finding,1,3,True,True,10,1,1,1,1,1,1,0,0,,1,1,1,1,1,1,0,0.66666666666666674,0.9999997615814209,1,1,1,1,1,1,0,0.80000000000000004,0.99999982118606567,1,1,1,1,1,1,0,0.90000000000000002,0.994659423828125
dense_minilm,classifier_gated,2884,cardiomegaly,fallback_strongest_positive,1,1,True,True,10,0,1,0,0,0,0,1,0,,0,1,0,0,0,0,1,0,0.73525112867355347,0,0.90000000000000002,0,0,0,0,1,0,0.73118877410888672,0.050000000000000003,0.84999999999999998,0.039199134489337671,0,0,1,0.90000000000000002,0,0.66543298959732056
dense_minilm,classifier_gated,2894,support device,findings,1,2,True,True,10,0.5,0.5,0.5,0,0,1,0,0,,0.5,0.5,0.53072127397724345,1,0.5,1,0.33333333333333331,0,0.36459830403327942,0.69999999999999996,0.69999999999999996,0.66083979472638388,1,0.5,1,0.20000000000000001,0,0.38849782943725586,0.55000000000000004,0.55000000000000004,0.58060200011180185,1,0.5,1,0.40000000000000002,0,0.46512973308563232
dense_minilm,classifier_gated,2898,no acute abnormality,no_finding,1,3,True,True,10,1,1,1,1,1,1,0,0,,1,1,1,1,1,1,0,0.66666666666666674,0.9999997615814209,1,1,1,1,1,1,0,0.80000000000000004,0.99999982118606567,1,1,1,1,1,1,0,0.90000000000000002,0.994659423828125
dense_minilm,classifier_gated,2902,pleural abnormality,findings,1,2,True,True,10,0,0,0,0,0,0,1,0,,0.33333333333333331,0.33333333333333331,0.29608191096586522,1,0.5,1,0.66666666666666663,0,0.66722136735916138,0.40000000000000002,0.20000000000000001,0.36005461457723403,1,0.5,1,0.59999999999999998,0,0.71983468532562256,0.29999999999999999,0.20000000000000001,0.29990503169749444,1,0.5,1,0.69999999999999996,0,0.66045898199081421
dense_minilm,classifier_gated,2910,no acute abnormality,no_finding,1,3,True,True,10,1,1,1,1,1,1,0,0,,1,1,1,1,1,1,0,0.66666666666666674,0.9999997615814209,1,1,1,1,1,1,0,0.80000000000000004,0.99999982118606567,1,1,1,1,1,1,0,0.90000000000000002,0.994659423828125
dense_minilm,classifier_gated,2916,no acute abnormality,no_finding,1,3,True,True,10,1,1,1,1,1,1,0,0,,1,1,1,1,1,1,0,0.66666666666666674,0.9999997615814209,1,1,1,1,1,1,0,0.80000000000000004,0.99999982118606567,1,1,1,1,1,1,0,0.90000000000000002,0.994659423828125
dense_minilm,classifier_gated,2933,,empty,0,0,False,True,0,,,,,,,,,,,,,,,,,,,,,,,,,,,,,,,,,,,,
dense_minilm,classifier_gated,2936,cardiomegaly,fallback_strongest_positive,1,1,True,True,10,1,1,1,1,1,1,0,0,,1,1,1,1,1,1,0,0,0.73525112867355347,0.90000000000000002,0.90000000000000002,0.92696582507864678,1,1,1,0,0,0.73118877410888672,0.84999999999999998,0.84999999999999998,0.87672472227620712,1,1,1,0,0,0.66543298959732056
dense_minilm,classifier_gated,2955,enlarged cardiomediastinum cardiomegaly,findings,2,3,True,True,10,0.5,0.33333333333333331,0.5,0,0,1,0,0,,0.33333333333333331,0.22222222222222221,0.35195904451706733,0,0,1,0.33333333333333331,0,0.78161144256591797,0.59999999999999998,0.33333333333333331,0.53164358131026035,1,0.25,1,0.20000000000000001,0,0.75046312808990479,0.42499999999999999,0.23666666666666664,0.42959551071396102,1,0.25,1,0.40000000000000002,0,0.70256322622299194
dense_minilm,classifier_gated,2957,lung opacity lung lesion,findings,2,4,True,True,10,0.33333333333333331,0.5,0.33333333333333331,0,0,0.33333333333333331,0,0,,0.35555555555555557,0.39999999999999997,0.35307212739772426,0,0,0.66666666666666663,0,0,0.78673309087753296,0.34666666666666662,0.44000000000000006,0.34759908431563513,0,0,0.66666666666666663,0,0,0.72698044776916504,0.43166666666666664,0.41166666666666674,0.41082742322053689,1,0.16666666666666666,1,0,0,0.71934425830841064
dense_minilm,classifier_gated,2964,no acute abnormality,no_finding,1,3,True,True,10,1,1,1,1,1,1,0,0,,1,1,1,1,1,1,0,0.66666666666666674,0.9999997615814209,1,1,1,1,1,1,0,0.80000000000000004,0.99999982118606567,1,1,1,1,1,1,0,0.90000000000000002,0.994659423828125
dense_minilm,classifier_gated,3004,pleural abnormality,findings,1,2,True,True,10,0,0,0,0,0,0,1,0,,0,0.33333333333333331,0,0,0,0,1,0,0.66722136735916138,0,0.20000000000000001,0,0,0,0,1,0,0.71983468532562256,0,0.20000000000000001,0,0,0,0,1,0,0.66045898199081421
dense_minilm,classifier_gated,3010,no acute abnormality,no_finding,1,3,True,True,10,1,1,1,1,1,1,0,0,,1,1,1,1,1,1,0,0.66666666666666674,0.9999997615814209,1,1,1,1,1,1,0,0.80000000000000004,0.99999982118606567,1,1,1,1,1,1,0,0.90000000000000002,0.994659423828125
dense_minilm,classifier_gated,3022,lung opacity lung lesion consolidation pneumonia,findings,4,6,True,True,10,0,0.25,0,0,0,0,1,0,,0,0.33333333333333331,0,0,0,0,1,0,0.72065275907516479,0,0.33333333333333331,0,0,0,0,1,0,0.69377106428146362,0,0.29166666666666663,0,0,0,0,1,0,0.70507937669754028
dense_minilm,classifier_gated,3025,fracture,findings,1,1,True,True,10,0,0,0,0,0,0,1,0,,0,0.33333333333333331,0,0,0,0,1,0,0.54505807161331177,0,0.40000000000000002,0,0,0,0,1,0,0.60689628124237061,0.29999999999999999,0.23333333333333334,0.21801641453242443,1,0.16666666666666666,1,0.69999999999999996,0,0.59575396776199341
dense_minilm,classifier_gated,3045,no acute abnormality,no_finding,1,3,True,True,10,1,1,1,1,1,1,0,0,,1,1,1,1,1,1,0,0.66666666666666674,0.9999997615814209,1,1,1,1,1,1,0,0.80000000000000004,0.99999982118606567,1,1,1,1,1,1,0,0.90000000000000002,0.994659423828125
dense_minilm,classifier_gated,3049,fracture,findings,1,1,True,True,10,0,0,0,0,0,0,1,0,,0,0.33333333333333331,0,0,0,0,1,0,0.54505807161331177,0,0.40000000000000002,0,0,0,0,1,0,0.60689628124237061,0.29999999999999999,0.23333333333333334,0.21801641453242443,1,0.16666666666666666,1,0.69999999999999996,0,0.59575396776199341
dense_minilm,classifier_gated,3060,no acute abnormality,no_finding,1,3,True,True,10,1,1,1,1,1,1,0,0,,1,1,1,1,1,1,0,0.66666666666666674,0.9999997615814209,1,1,1,1,1,1,0,0.80000000000000004,0.99999982118606567,1,1,1,1,1,1,0,0.90000000000000002,0.994659423828125
dense_minilm,classifier_gated,3069,lung lesion,fallback_strongest_positive,1,2,True,True,10,0,0,0,0,0,0,1,0,,0.083333333333333329,0.33333333333333331,0.058659840752844555,0,0,0.5,0.66666666666666663,0,0.73330259323120117,0.050000000000000003,0.20000000000000001,0.042395025659202015,0,0,0.5,0.80000000000000004,0,0.70415800809860229,0.074999999999999997,0.10000000000000001,0.066710605276597695,0,0,0.5,0.80000000000000004,0,0.68368875980377197
dense_minilm,classifier_gated,3074,,empty,0,0,False,True,0,,,,,,,,,,,,,,,,,,,,,,,,,,,,,,,,,,,,
dense_minilm,classifier_gated,3114,,empty,0,0,False,True,0,,,,,,,,,,,,,,,,,,,,,,,,,,,,,,,,,,,,
dense_minilm,classifier_gated,3115,no acute abnormality,no_finding,1,3,True,True,10,1,1,1,1,1,1,0,0,,1,1,1,1,1,1,0,0.66666666666666674,0.9999997615814209,1,1,1,1,1,1,0,0.80000000000000004,0.99999982118606567,1,1,1,1,1,1,0,0.90000000000000002,0.994659423828125
dense_minilm,classifier_gated,3117,no acute abnormality,no_finding,1,3,True,True,10,1,1,1,1,1,1,0,0,,1,1,1,1,1,1,0,0.66666666666666674,0.9999997615814209,1,1,1,1,1,1,0,0.80000000000000004,0.99999982118606567,1,1,1,1,1,1,0,0.90000000000000002,0.994659423828125
dense_minilm,classifier_gated,3134,no acute abnormality,no_finding,1,3,True,True,10,1,1,1,1,1,1,0,0,,1,1,1,1,1,1,0,0.66666666666666674,0.9999997615814209,1,1,1,1,1,1,0,0.80000000000000004,0.99999982118606567,1,1,1,1,1,1,0,0.90000000000000002,0.994659423828125
dense_minilm,classifier_gated,3135,fracture,fallback_strongest_positive,1,1,True,True,10,0,0,0,0,0,0,1,0,,0,0.33333333333333331,0,0,0,0,1,0,0.54505807161331177,0,0.40000000000000002,0,0,0,0,1,0,0.60689628124237061,0.29999999999999999,0.23333333333333334,0.21801641453242443,1,0.16666666666666666,1,0.69999999999999996,0,0.59575396776199341
dense_minilm,classifier_gated,3148,pleural effusion,findings,1,2,True,True,10,0,0,0,0,0,0,1,0,,0.27777777777777773,0.5,0.22625407648672535,0,0,0.5,0.33333333333333331,0,0.69165629148483276,0.46666666666666662,0.40000000000000002,0.36775908567989479,1,0.20000000000000001,1,0.20000000000000001,0,0.6825869083404541,0.26666666666666666,0.25,0.28042432906975573,1,0.20000000000000001,1,0.5,0,0.64989537000656128
dense_minilm,classifier_gated,3158,pleural effusion,fallback_strongest_positive,1,2,True,True,10,0,0,0,0,0,0,1,0,,0.083333333333333329,0.5,0.058659840752844555,0,0,0.33333333333333331,0.66666666666666663,0,0.69165629148483276,0.16666666666666666,0.40000000000000002,0.12388574498485627,0,0,0.66666666666666663,0.40000000000000002,0,0.6825869083404541,0.14166666666666666,0.25,0.1222058178381632,0,0,1,0.5,0,0.64989537000656128
dense_minilm,classifier_gated,3180,no acute abnormality,no_finding,1,3,True,True,10,1,1,1,1,1,1,0,0,,1,1,1,1,1,1,0,0.66666666666666674,0.9999997615814209,1,1,1,1,1,1,0,0.80000000000000004,0.99999982118606567,1,1,1,1,1,1,0,0.90000000000000002,0.994659423828125
dense_minilm,classifier_gated,3183,no acute abnormality,no_finding,1,3,True,True,10,1,1,1,1,1,1,0,0,,1,1,1,1,1,1,0,0.66666666666666674,0.9999997615814209,1,1,1,1,1,1,0,0.80000000000000004,0.99999982118606567,1,1,1,1,1,1,0,0.90000000000000002,0.994659423828125
dense_minilm,classifier_gated,3191,enlarged cardiomediastinum pleural abnormality,findings,2,4,True,True,10,0.5,0,0.5,0,0,1,0,0,,0.33333333333333331,0,0.35195904451706733,0,0,1,0.33333333333333331,0,0.78874188661575317,0.20000000000000001,0,0.25437015395521206,0,0,1,0.59999999999999998,0,0.77719783782958984,0.10000000000000001,0.033333333333333333,0.16506882472356016,0,0,1,0.80000000000000004,0.099999999999999978,0.79619079828262329
dense_minilm,classifier_gated,3195,pulmonary edema pleural effusion,findings,2,4,True,True,10,0,0,0,0,0,0,1,0,,0,0,0,0,0,0,1,0.33333333333333337,0.96208959817886353,0,0,0,0,0,0,1,0.40000000000000002,0.93348044157028198,0,0.14999999999999999,0,0,0,0,1,0.19999999999999996,0.83889049291610718
dense_minilm,classifier_gated,3207,cardiomegaly,findings,1,1,True,True,10,1,1,1,1,1,1,0,0,,1,1,1,1,1,1,0,0,0.73525112867355347,0.90000000000000002,0.90000000000000002,0.92696582507864678,1,1,1,0,0,0.73118877410888672,0.84999999999999998,0.84999999999999998,0.87672472227620712,1,1,1,0,0,0.66543298959732056
dense_minilm,classifier_gated,3214,cardiomegaly,findings,1,1,True,True,10,0.5,1,0.5,0,0,0.5,0,0,,0.5,1,0.5,0,0,0.5,0,0,0.73525112867355347,0.59999999999999998,0.90000000000000002,0.57303417492135322,1,0.25,1,0,0,0.73118877410888672,0.51666666666666661,0.84999999999999998,0.55925480671994321,1,0.25,1,0,0,0.66543298959732056
dense_minilm,classifier_gated,3216,no acute abnormality,no_finding,1,3,True,True,10,1,1,1,1,1,1,0,0,,1,1,1,1,1,1,0,0.66666666666666674,0.9999997615814209,1,1,1,1,1,1,0,0.80000000000000004,0.99999982118606567,1,1,1,1,1,1,0,0.90000000000000002,0.994659423828125
dense_minilm,classifier_gated,3221,no acute abnormality,no_finding,1,3,True,True,10,1,1,1,1,1,1,0,0,,1,1,1,1,1,1,0,0.66666666666666674,0.9999997615814209,1,1,1,1,1,1,0,0.80000000000000004,0.99999982118606567,1,1,1,1,1,1,0,0.90000000000000002,0.994659423828125
dense_minilm,classifier_gated,3253,fracture,fallback_strongest_positive,1,1,True,True,10,0,0,0,0,0,0,1,0,,0,0.33333333333333331,0,0,0,0,1,0,0.54505807161331177,0,0.40000000000000002,0,0,0,0,1,0,0.60689628124237061,0.29999999999999999,0.23333333333333334,0.21801641453242443,1,0.16666666666666666,1,0.69999999999999996,0,0.59575396776199341
dense_minilm,classifier_gated,3279,no acute abnormality,no_finding,1,3,True,True,10,1,1,1,1,1,1,0,0,,1,1,1,1,1,1,0,0.66666666666666674,0.9999997615814209,1,1,1,1,1,1,0,0.80000000000000004,0.99999982118606567,1,1,1,1,1,1,0,0.90000000000000002,0.994659423828125
dense_minilm,classifier_gated,3281,no acute abnormality,no_finding,1,3,True,True,10,0,1,0,0,0,0,1,0,,0,1,0,0,0,0,1,0.66666666666666674,0.9999997615814209,0,1,0,0,0,0,1,0.80000000000000004,0.99999982118606567,0,1,0,0,0,0,1,0.90000000000000002,0.994659423828125
dense_minilm,classifier_gated,3285,no acute abnormality,no_finding,1,3,True,True,10,1,1,1,1,1,1,0,0,,1,1,1,1,1,1,0,0.66666666666666674,0.9999997615814209,1,1,1,1,1,1,0,0.80000000000000004,0.99999982118606567,1,1,1,1,1,1,0,0.90000000000000002,0.994659423828125
dense_minilm,classifier_gated,3290,fracture,fallback_strongest_positive,1,1,True,True,10,0,0,0,0,0,0,1,0,,0,0.33333333333333331,0,0,0,0,1,0,0.54505807161331177,0,0.40000000000000002,0,0,0,0,1,0,0.60689628124237061,0.29999999999999999,0.23333333333333334,0.21801641453242443,1,0.16666666666666666,1,0.69999999999999996,0,0.59575396776199341
dense_minilm,classifier_gated,3347,fracture,fallback_strongest_positive,1,1,True,True,10,0,0,0,0,0,0,1,0,,0.33333333333333331,0.33333333333333331,0.29608191096586522,1,0.5,1,0.66666666666666663,0,0.54505807161331177,0.20000000000000001,0.40000000000000002,0.21398626473452756,1,0.5,1,0.80000000000000004,0,0.60689628124237061,0.10000000000000001,0.23333333333333334,0.13886244387355456,1,0.5,1,0.90000000000000002,0,0.59575396776199341
dense_minilm,classifier_gated,3358,no acute abnormality,no_finding,1,3,True,True,10,1,1,1,1,1,1,0,0,,1,1,1,1,1,1,0,0.66666666666666674,0.9999997615814209,1,1,1,1,1,1,0,0.80000000000000004,0.99999982118606567,1,1,1,1,1,1,0,0.90000000000000002,0.994659423828125
dense_minilm,classifier_gated,3363,no acute abnormality,no_finding,1,3,True,True,10,0,1,0,0,0,0,1,0,,0,1,0,0,0,0,1,0.66666666666666674,0.9999997615814209,0,1,0,0,0,0,1,0.80000000000000004,0.99999982118606567,0,1,0,0,0,0,1,0.90000000000000002,0.994659423828125
dense_minilm,classifier_gated,3369,pneumothorax,findings,1,1,True,False,10,0,0,0,,,0,1,0,,0,0,0,,,0,1,0,0.78878802061080933,0.050000000000000003,0,0.052547863183033963,,,0.33333333333333331,0.80000000000000004,0,0.81083452701568604,0.15833333333333333,0.25,0.17691931767297792,,,1,0.59999999999999998,0,0.72649687528610229
dense_minilm,classifier_gated,3370,no acute abnormality,no_finding,1,3,True,True,10,1,1,1,1,1,1,0,0,,1,1,1,1,1,1,0,0.66666666666666674,0.9999997615814209,1,1,1,1,1,1,0,0.80000000000000004,0.99999982118606567,1,1,1,1,1,1,0,0.90000000000000002,0.994659423828125
dense_minilm,classifier_gated,3374,no acute abnormality,no_finding,1,3,True,True,10,0,1,0,0,0,0,1,0,,0,1,0,0,0,0,1,0.66666666666666674,0.9999997615814209,0,1,0,0,0,0,1,0.80000000000000004,0.99999982118606567,0,1,0,0,0,0,1,0.90000000000000002,0.994659423828125
dense_minilm,classifier_gated,3378,fracture,findings,1,1,True,False,10,0,0,0,,,0,1,0,,0.16666666666666666,0.33333333333333331,0.18694572894805078,,,0.5,0.66666666666666663,0,0.54505807161331177,0.20000000000000001,0.40000000000000002,0.26650895633817573,,,0.5,0.59999999999999998,0,0.60689628124237061,0.125,0.23333333333333334,0.21395039363284959,,,0.5,0.69999999999999996,0,0.59575396776199341
dense_minilm,classifier_gated,3379,enlarged cardiomediastinum,fallback_strongest_positive,1,2,True,True,10,0.33333333333333331,0,0.33333333333333331,0,0,0.5,0,0,,0.44444444444444442,0,0.39106560501896365,1,0.33333333333333331,1,0.33333333333333331,0,0.78161144256591797,0.26666666666666666,0,0.2826335043946801,1,0.33333333333333331,1,0.59999999999999998,0,0.77280634641647339,0.28333333333333333,0,0.29241801251461236,1,0.33333333333333331,1,0.5,0,0.73854231834411621
dense_minilm,classifier_gated,3386,no acute abnormality,no_finding,1,3,True,True,10,1,1,1,1,1,1,0,0,,1,1,1,1,1,1,0,0.66666666666666674,0.9999997615814209,1,1,1,1,1,1,0,0.80000000000000004,0.99999982118606567,1,1,1,1,1,1,0,0.90000000000000002,0.994659423828125
dense_minilm,classifier_gated,3434,lung opacity pleural abnormality,findings,2,4,True,True,10,0,0.5,0,0,0,0,1,0,,0,0.44444444444444442,0,0,0,0,1,0,0.81204575300216675,0.20000000000000001,0.36666666666666664,0.13120507751234178,1,0.20000000000000001,1,0.80000000000000004,0,0.77389729022979736,0.29999999999999999,0.26666666666666666,0.22716217481924805,1,0.20000000000000001,1,0.69999999999999996,0,0.77653026580810547
dense_minilm,classifier_gated,3435,enlarged cardiomediastinum,fallback_strongest_positive,1,2,True,True,10,0.5,0,0.5,0,0,1,0,0,,0.33333333333333331,0,0.35195904451706733,0,0,1,0.33333333333333331,0,0.78161144256591797,0.20000000000000001,0,0.25437015395521206,0,0,1,0.59999999999999998,0,0.77280634641647339,0.40000000000000002,0,0.38308523925598459,1,0.16666666666666666,1,0.5,0,0.73854231834411621
dense_minilm,classifier_gated,3450,no acute abnormality,no_finding,1,3,True,True,10,1,1,1,1,1,1,0,0,,1,1,1,1,1,1,0,0.66666666666666674,0.9999997615814209,1,1,1,1,1,1,0,0.80000000000000004,0.99999982118606567,1,1,1,1,1,1,0,0.90000000000000002,0.994659423828125
dense_minilm,classifier_gated,3455,lung opacity pulmonary edema,findings,2,4,True,False,10,0.75,0.25,1,,,0.75,0,0,,0.41666666666666669,0.41666666666666669,0.64618581734850433,,,0.75,0,0,0.76966482400894165,0.42000000000000004,0.45000000000000001,0.62066917302150348,,,1,0,0,0.76393336057662964,0.42833333333333334,0.39000000000000001,0.60981606951028777,,,1,0,0,0.73280501365661621
dense_minilm,classifier_gated,3460,,empty,0,0,False,True,0,,,,,,,,,,,,,,,,,,,,,,,,,,,,,,,,,,,,
dense_minilm,classifier_gated,3465,no acute abnormality,no_finding,1,3,True,True,10,1,1,1,1,1,1,0,0,,1,1,1,1,1,1,0,0.66666666666666674,0.9999997615814209,1,1,1,1,1,1,0,0.80000000000000004,0.99999982118606567,1,1,1,1,1,1,0,0.90000000000000002,0.994659423828125
dense_minilm,classifier_gated,3477,no acute abnormality,no_finding,1,3,True,True,10,1,1,1,1,1,1,0,0,,1,1,1,1,1,1,0,0.66666666666666674,0.9999997615814209,1,1,1,1,1,1,0,0.80000000000000004,0.99999982118606567,1,1,1,1,1,1,0,0.90000000000000002,0.994659423828125
dense_minilm,classifier_gated,3508,pleural effusion pleural abnormality,findings,2,4,True,False,10,0,0,0,,,0,1,0,,0.22222222222222221,0.1111111111111111,0.27967615240350724,,,0.66666666666666663,0.66666666666666663,0,0.66308528184890747,0.13333333333333333,0.066666666666666666,0.20528327502254187,,,0.66666666666666663,0.80000000000000004,0,0.73799896240234375,0.18333333333333332,0.10000000000000001,0.25167404221354911,,,0.66666666666666663,0.59999999999999998,0,0.70688366889953613
dense_minilm,classifier_gated,3528,no acute abnormality,no_finding,1,3,True,True,10,1,1,1,1,1,1,0,0,,1,1,1,1,1,1,0,0.66666666666666674,0.9999997615814209,1,1,1,1,1,1,0,0.80000000000000004,0.99999982118606567,1,1,1,1,1,1,0,0.90000000000000002,0.994659423828125
dense_minilm,classifier_gated,3539,no acute abnormality,no_finding,1,3,True,True,10,1,1,1,1,1,1,0,0,,1,1,1,1,1,1,0,0.66666666666666674,0.9999997615814209,1,1,1,1,1,1,0,0.80000000000000004,0.99999982118606567,1,1,1,1,1,1,0,0.90000000000000002,0.994659423828125
dense_minilm,classifier_gated,3542,no acute abnormality,no_finding,1,3,True,True,10,1,1,1,1,1,1,0,0,,1,1,1,1,1,1,0,0.66666666666666674,0.9999997615814209,1,1,1,1,1,1,0,0.80000000000000004,0.99999982118606567,1,1,1,1,1,1,0,0.90000000000000002,0.994659423828125
dense_minilm,classifier_gated,3559,fracture,findings,1,1,True,True,10,0,0,0,0,0,0,1,0,,0,0.33333333333333331,0,0,0,0,1,0,0.54505807161331177,0,0.40000000000000002,0,0,0,0,1,0,0.60689628124237061,0,0.23333333333333334,0,0,0,0,1,0,0.59575396776199341
dense_minilm,classifier_gated,3562,enlarged cardiomediastinum fracture,findings,2,3,True,True,10,0,0,0,0,0,0,1,0,,0.16666666666666666,0,0.14804095548293261,0,0,1,0.66666666666666663,0,0.75922751426696777,0.10000000000000001,0.16666666666666666,0.10699313236726378,0,0,1,0.80000000000000004,0,0.74958693981170654,0.050000000000000003,0.083333333333333329,0.069431221936777282,0,0,1,0.90000000000000002,0.099999999999999978,0.76509052515029907
dense_minilm,classifier_gated,3565,consolidation pneumonia,findings,2,2,True,True,10,0.5,0.66666666666666663,0.5,0,0,0.66666666666666663,0,0,,0.5,0.44444444444444442,0.56379329912121479,1,0.5,1,0.33333333333333331,0,0.77464979887008667,0.38,0.36666666666666664,0.51086878177007466,1,0.5,1,0.40000000000000002,0,0.69877874851226807,0.25,0.22333333333333333,0.41969507898827901,1,0.5,1,0.59999999999999998,0,0.73702424764633179
dense_minilm,classifier_gated,3589,pneumonia atelectasis,findings,2,2,True,True,10,0.5,0.33333333333333331,0.5,0,0,1,0,0,,0.39999999999999997,0.35555555555555557,0.41117542671024038,0,0,1,0,0,0.68197435140609741,0.28999999999999998,0.41333333333333327,0.32996867628020304,0,0,1,0.20000000000000001,0,0.68543887138366699,0.19,0.35999999999999999,0.24457689315962902,0,0,1,0.40000000000000002,0,0.65270859003067017
dense_minilm,classifier_gated,3593,no acute abnormality,no_finding,1,3,True,True,10,1,1,1,1,1,1,0,0,,1,1,1,1,1,1,0,0.66666666666666674,0.9999997615814209,1,1,1,1,1,1,0,0.80000000000000004,0.99999982118606567,1,1,1,1,1,1,0,0.90000000000000002,0.994659423828125
dense_minilm,classifier_gated,3597,lung lesion,findings,1,2,True,True,10,0,0,0,0,0,0,1,0,,0,0.33333333333333331,0,0,0,0,1,0,0.73330259323120117,0,0.20000000000000001,0,0,0,0,1,0,0.70415800809860229,0,0.10000000000000001,0,0,0,0,1,0,0.68368875980377197
dense_minilm,classifier_gated,3608,cardiomegaly pulmonary edema,findings,2,3,True,True,10,0.5,1,0.5,0,0,1,0,0,,0.66666666666666663,0.83333333333333337,0.61731968150568906,1,0.33333333333333331,1,0,0,0.71467524766921997,0.59999999999999998,0.66666666666666674,0.59222168748358639,1,0.33333333333333331,1,0.20000000000000001,0,0.70156466960906982,0.5083333333333333,0.53333333333333333,0.52553298938161963,1,0.33333333333333331,1,0.20000000000000001,0,0.70101463794708252
dense_minilm,classifier_gated,3610,no acute abnormality,no_finding,1,3,True,True,10,1,1,1,1,1,1,0,0,,1,1,1,1,1,1,0,0.66666666666666674,0.9999997615814209,1,1,1,1,1,1,0,0.80000000000000004,0.99999982118606567,1,1,1,1,1,1,0,0.90000000000000002,0.994659423828125
dense_minilm,classifier_gated,3611,cardiomegaly pleural abnormality,findings,2,3,True,True,10,0,0.5,0,0,0,0,1,0,,0,0.44444444444444442,0,0,0,0,1,0,0.7695763111114502,0,0.36666666666666664,0,0,0,0,1,0,0.69492626190185547,0,0.36666666666666664,0,0,0,0,1,0,0.67131245136260986
dense_minilm,classifier_gated,3624,no acute abnormality,no_finding,1,3,True,True,10,1,1,1,1,1,1,0,0,,1,1,1,1,1,1,0,0.66666666666666674,0.9999997615814209,1,1,1,1,1,1,0,0.80000000000000004,0.99999982118606567,1,1,1,1,1,1,0,0.90000000000000002,0.994659423828125
dense_minilm,classifier_gated,3632,fracture,fallback_strongest_positive,1,1,True,True,10,0,0,0,0,0,0,1,0,,0,0.33333333333333331,0,0,0,0,1,0,0.54505807161331177,0,0.40000000000000002,0,0,0,0,1,0,0.60689628124237061,0.065000000000000002,0.23333333333333334,0.053792501649327619,0,0,0.5,0.80000000000000004,0,0.59575396776199341
dense_minilm,classifier_gated,3639,no acute abnormality,no_finding,1,3,True,True,10,1,1,1,1,1,1,0,0,,1,1,1,1,1,1,0,0.66666666666666674,0.9999997615814209,1,1,1,1,1,1,0,0.80000000000000004,0.99999982118606567,1,1,1,1,1,1,0,0.90000000000000002,0.994659423828125
dense_minilm,classifier_gated,3641,,empty,0,0,False,True,0,,,,,,,,,,,,,,,,,,,,,,,,,,,,,,,,,,,,
dense_minilm,classifier_gated,3655,no acute abnormality,no_finding,1,3,True,True,10,0,1,0,0,0,0,1,0,,0,1,0,0,0,0,1,0.66666666666666674,0.9999997615814209,0,1,0,0,0,0,1,0.80000000000000004,0.99999982118606567,0,1,0,0,0,0,1,0.90000000000000002,0.994659423828125
dense_minilm,classifier_gated,3665,no acute abnormality,no_finding,1,3,True,True,10,1,1,1,1,1,1,0,0,,1,1,1,1,1,1,0,0.66666666666666674,0.9999997615814209,1,1,1,1,1,1,0,0.80000000000000004,0.99999982118606567,1,1,1,1,1,1,0,0.90000000000000002,0.994659423828125
dense_minilm,classifier_gated,3667,support device,findings,1,2,True,True,10,0.5,0.5,0.5,0,0,1,0,0,,0.5,0.5,0.53072127397724345,1,0.5,1,0.33333333333333331,0,0.36459830403327942,0.69999999999999996,0.69999999999999996,0.66083979472638388,1,0.5,1,0.20000000000000001,0,0.38849782943725586,0.55000000000000004,0.55000000000000004,0.58060200011180185,1,0.5,1,0.40000000000000002,0,0.46512973308563232
dense_minilm,classifier_gated,3672,pulmonary edema,findings,1,2,True,True,10,0,0,0,0,0,0,1,0,,0.16666666666666666,0.1111111111111111,0.12463048596536717,0,0,0.66666666666666663,0.66666666666666663,0,0.79405808448791504,0.16666666666666666,0.066666666666666666,0.15427936885862067,0,0,0.66666666666666663,0.59999999999999998,0,0.80476474761962891,0.14166666666666666,0.083333333333333329,0.15860312674368687,0,0,0.66666666666666663,0.59999999999999998,0.19999999999999996,0.83528363704681396
dense_minilm,classifier_gated,3683,no acute abnormality,no_finding,1,3,True,True,10,0,1,0,0,0,0,1,0,,0,1,0,0,0,0,1,0.66666666666666674,0.9999997615814209,0,1,0,0,0,0,1,0.80000000000000004,0.99999982118606567,0,1,0,0,0,0,1,0.90000000000000002,0.994659423828125
dense_minilm,classifier_gated,3692,no acute abnormality,no_finding,1,3,True,True,10,1,1,1,1,1,1,0,0,,1,1,1,1,1,1,0,0.66666666666666674,0.9999997615814209,1,1,1,1,1,1,0,0.80000000000000004,0.99999982118606567,1,1,1,1,1,1,0,0.90000000000000002,0.994659423828125
dense_minilm,classifier_gated,3693,,empty,0,0,False,True,0,,,,,,,,,,,,,,,,,,,,,,,,,,,,,,,,,,,,
dense_minilm,classifier_gated,3701,no acute abnormality,no_finding,1,3,True,True,10,1,1,1,1,1,1,0,0,,1,1,1,1,1,1,0,0.66666666666666674,0.9999997615814209,1,1,1,1,1,1,0,0.80000000000000004,0.99999982118606567,1,1,1,1,1,1,0,0.90000000000000002,0.994659423828125
dense_minilm,classifier_gated,3720,no acute abnormality,no_finding,1,3,True,True,10,1,1,1,1,1,1,0,0,,1,1,1,1,1,1,0,0.66666666666666674,0.9999997615814209,1,1,1,1,1,1,0,0.80000000000000004,0.99999982118606567,1,1,1,1,1,1,0,0.90000000000000002,0.994659423828125
dense_minilm,classifier_gated,3726,no acute abnormality,no_finding,1,3,True,True,10,1,1,1,1,1,1,0,0,,1,1,1,1,1,1,0,0.66666666666666674,0.9999997615814209,1,1,1,1,1,1,0,0.80000000000000004,0.99999982118606567,1,1,1,1,1,1,0,0.90000000000000002,0.994659423828125
dense_minilm,classifier_gated,3756,atelectasis,findings,1,1,True,True,10,0.5,0.5,0.5,0,0,1,0,0,,0.16666666666666666,0.66666666666666663,0.23463936301137822,0,0,1,0.66666666666666663,0,0.69927710294723511,0.10000000000000001,0.80000000000000004,0.16958010263680806,0,0,1,0.80000000000000004,0,0.66594600677490234,0.19500000000000001,0.54500000000000004,0.21245409248955696,0,0,1,0.5,0,0.6276324987411499
dense_minilm,classifier_gated,3785,no acute abnormality,no_finding,1,3,True,True,10,0,1,0,0,0,0,1,0,,0,1,0,0,0,0,1,0.66666666666666674,0.9999997615814209,0,1,0,0,0,0,1,0.80000000000000004,0.99999982118606567,0,1,0,0,0,0,1,0.90000000000000002,0.994659423828125
dense_minilm,classifier_gated,3787,no acute abnormality,no_finding,1,3,True,True,10,1,1,1,1,1,1,0,0,,1,1,1,1,1,1,0,0.66666666666666674,0.9999997615814209,1,1,1,1,1,1,0,0.80000000000000004,0.99999982118606567,1,1,1,1,1,1,0,0.90000000000000002,0.994659423828125
dense_minilm,classifier_gated,3790,atelectasis pleural effusion fracture,findings,3,4,True,True,10,0.5,0.25,0.5,0,0,1,0,0,,0.33333333333333331,0.30555555555555552,0.35195904451706733,0,0,1,0.33333333333333331,0,0.66508424282073975,0.29999999999999999,0.31666666666666665,0.32740432887656534,0,0,1,0.40000000000000002,0,0.67182916402816772,0.18333333333333332,0.26666666666666666,0.23859576323456069,0,0,1,0.59999999999999998,0,0.63368624448776245
dense_minilm,classifier_gated,3793,lung opacity,findings,1,2,True,True,10,1,1,1,1,1,1,0,0,,0.58333333333333337,0.58333333333333337,0.66061888526991186,1,1,1,0,0,0.81683164834976196,0.65000000000000002,0.65000000000000002,0.6816860752093471,1,1,1,0,0,0.76443135738372803,0.64166666666666661,0.64166666666666661,0.66307265529242776,1,1,1,0,0,0.74234282970428467
dense_minilm,classifier_gated,3809,no acute abnormality,no_finding,1,3,True,True,10,1,1,1,1,1,1,0,0,,1,1,1,1,1,1,0,0.66666666666666674,0.9999997615814209,1,1,1,1,1,1,0,0.80000000000000004,0.99999982118606567,1,1,1,1,1,1,0,0.90000000000000002,0.994659423828125
dense_minilm,classifier_gated,3814,fracture,fallback_strongest_positive,1,1,True,True,10,0,0,0,0,0,0,1,0,,0,0.33333333333333331,0,0,0,0,1,0,0.54505807161331177,0,0.40000000000000002,0,0,0,0,1,0,0.60689628124237061,0.29999999999999999,0.23333333333333334,0.21801641453242443,1,0.16666666666666666,1,0.69999999999999996,0,0.59575396776199341
dense_minilm,classifier_gated,3817,enlarged cardiomediastinum,fallback_strongest_positive,1,2,True,True,10,0,0,0,0,0,0,1,0,,0,0,0,0,0,0,1,0,0.78161144256591797,0.20000000000000001,0,0.13120507751234178,1,0.20000000000000001,1,0.80000000000000004,0,0.77280634641647339,0.20000000000000001,0,0.14876390584057272,1,0.20000000000000001,1,0.80000000000000004,0,0.73854231834411621
dense_minilm,classifier_gated,3830,no acute abnormality,no_finding,1,3,True,True,10,1,1,1,1,1,1,0,0,,1,1,1,1,1,1,0,0.66666666666666674,0.9999997615814209,1,1,1,1,1,1,0,0.80000000000000004,0.99999982118606567,1,1,1,1,1,1,0,0.90000000000000002,0.994659423828125
dense_minilm,classifier_gated,3837,no acute abnormality,no_finding,1,3,True,True,10,1,1,1,1,1,1,0,0,,1,1,1,1,1,1,0,0.66666666666666674,0.9999997615814209,1,1,1,1,1,1,0,0.80000000000000004,0.99999982118606567,1,1,1,1,1,1,0,0.90000000000000002,0.994659423828125
dense_minilm,classifier_gated,3847,pneumothorax pleural effusion,findings,2,3,True,True,10,0,0,0,0,0,0,1,0,,0.33333333333333331,0.16666666666666666,0.29608191096586522,1,0.5,1,0.66666666666666663,0,0.82439446449279785,0.20000000000000001,0.10000000000000001,0.21398626473452756,1,0.5,1,0.80000000000000004,0,0.79251879453659058,0.13333333333333333,0.20000000000000001,0.19649837136091391,1,0.5,1,0.80000000000000004,0,0.75092214345932007
dense_minilm,classifier_gated,3866,lung opacity consolidation pneumonia,findings,3,4,True,True,10,0.5,0.33333333333333331,0.5,0,0,0.5,0,0,,0.66666666666666663,0.44444444444444442,0.61731968150568906,1,0.33333333333333331,1,0,0,0.72065275907516479,0.54000000000000004,0.41333333333333339,0.54096954636559214,1,0.33333333333333331,1,0,0,0.71390914916992188,0.37333333333333335,0.34666666666666668,0.4265575754205857,1,0.33333333333333331,1,0.20000000000000001,0,0.69532173871994019
dense_minilm,classifier_gated,3875,lung opacity,fallback_strongest_positive,1,2,True,True,10,1,1,1,1,1,1,0,0,,0.58333333333333337,0.58333333333333337,0.66061888526991186,1,1,1,0,0,0.81683164834976196,0.65000000000000002,0.65000000000000002,0.6816860752093471,1,1,1,0,0,0.76443135738372803,0.64166666666666661,0.64166666666666661,0.66307265529242776,1,1,1,0,0,0.74234282970428467
dense_minilm,classifier_gated,3879,pneumonia,fallback_strongest_positive,1,1,True,True,10,1,0,1,1,1,1,0,0,,0.33333333333333331,0.33333333333333331,0.46927872602275644,1,1,1,0.66666666666666663,0,0.79625701904296875,0.20000000000000001,0.20000000000000001,0.33916020527361612,1,1,1,0.80000000000000004,0,0.78606843948364258,0.20000000000000001,0.10000000000000001,0.28371255449703192,1,1,1,0.80000000000000004,0,0.78300249576568604
dense_minilm,classifier_gated,3880,cardiomegaly,findings,1,1,True,True,10,0.33333333333333331,1,0.33333333333333331,0,0,0.33333333333333331,0,0,,0.33333333333333331,1,0.33333333333333326,0,0,0.33333333333333331,0,0,0.73525112867355347,0.31666666666666665,0.90000000000000002,0.32116097084644107,0,0,0.33333333333333331,0,0,0.73118877410888672,0.34999999999999998,0.84999999999999998,0.3548782074184309,0,0,0.66666666666666663,0,0,0.66543298959732056
dense_minilm,classifier_gated,3883,no acute abnormality,no_finding,1,3,True,True,10,1,1,1,1,1,1,0,0,,1,1,1,1,1,1,0,0.66666666666666674,0.9999997615814209,1,1,1,1,1,1,0,0.80000000000000004,0.99999982118606567,1,1,1,1,1,1,0,0.90000000000000002,0.994659423828125
dense_minilm,classifier_gated,3900,no acute abnormality,no_finding,1,3,True,True,10,1,1,1,1,1,1,0,0,,1,1,1,1,1,1,0,0.66666666666666674,0.9999997615814209,1,1,1,1,1,1,0,0.80000000000000004,0.99999982118606567,1,1,1,1,1,1,0,0.90000000000000002,0.994659423828125
dense_minilm,classifier_gated,3905,cardiomegaly,findings,1,1,True,True,10,1,1,1,1,1,1,0,0,,1,1,1,1,1,1,0,0,0.73525112867355347,0.90000000000000002,0.90000000000000002,0.92696582507864678,1,1,1,0,0,0.73118877410888672,0.84999999999999998,0.84999999999999998,0.87672472227620712,1,1,1,0,0,0.66543298959732056
dense_minilm,classifier_gated,3939,no acute abnormality,no_finding,1,3,True,True,10,1,1,1,1,1,1,0,0,,1,1,1,1,1,1,0,0.66666666666666674,0.9999997615814209,1,1,1,1,1,1,0,0.80000000000000004,0.99999982118606567,1,1,1,1,1,1,0,0.90000000000000002,0.994659423828125
dense_minilm,classifier_gated,3951,lung lesion,findings,1,2,True,True,10,0,0,0,0,0,0,1,0,,0.25,0.33333333333333331,0.20670079623577717,0,0,1,0.33333333333333331,0,0.73330259323120117,0.14999999999999999,0.20000000000000001,0.14938815802646579,0,0,1,0.59999999999999998,0,0.70415800809860229,0.125,0.10000000000000001,0.14583011057423539,0,0,1,0.69999999999999996,0,0.68368875980377197
dense_minilm,classifier_gated,3953,fracture,fallback_strongest_positive,1,1,True,True,10,0,0,0,0,0,0,1,0,,0,0.33333333333333331,0,0,0,0,1,0,0.54505807161331177,0,0.40000000000000002,0,0,0,0,1,0,0.60689628124237061,0.29999999999999999,0.23333333333333334,0.21801641453242443,1,0.16666666666666666,1,0.69999999999999996,0,0.59575396776199341
dense_minilm,classifier_gated,3968,fracture,fallback_strongest_positive,1,1,True,True,10,0,0,0,0,0,0,1,0,,0,0.33333333333333331,0,0,0,0,1,0,0.54505807161331177,0,0.40000000000000002,0,0,0,0,1,0,0.60689628124237061,0,0.23333333333333334,0,0,0,0,1,0,0.59575396776199341
dense_minilm,classifier_gated,3972,lung opacity pneumonia pleural abnormality,findings,3,5,True,True,10,1,0.33333333333333331,1,1,1,1,0,0,,0.66666666666666663,0.55555555555555547,0.73463936301137822,1,1,1,0,0,0.83148664236068726,0.40000000000000002,0.39999999999999997,0.53094338895928395,1,1,1,0.40000000000000002,0,0.78335458040237427,0.375,0.29833333333333328,0.46656430984557284,1,1,1,0.40000000000000002,0,0.75752353668212891
dense_minilm,classifier_gated,3973,fracture,findings,1,1,True,True,10,0,0,0,0,0,0,1,0,,0,0.33333333333333331,0,0,0,0,1,0,0.54505807161331177,0,0.40000000000000002,0,0,0,0,1,0,0.60689628124237061,0.29999999999999999,0.23333333333333334,0.21801641453242443,1,0.16666666666666666,1,0.69999999999999996,0,0.59575396776199341
dense_minilm,classifier_gated,3976,no acute abnormality,no_finding,1,3,True,True,10,1,1,1,1,1,1,0,0,,1,1,1,1,1,1,0,0.66666666666666674,0.9999997615814209,1,1,1,1,1,1,0,0.80000000000000004,0.99999982118606567,1,1,1,1,1,1,0,0.90000000000000002,0.994659423828125
dense_minilm,classifier_gated,3980,lung opacity pleural effusion,findings,2,4,True,False,10,0.59999999999999998,0.5,0.74999999999999989,,,0.75,0,0,,0.45000000000000001,0.66666666666666663,0.61141492533232877,,,0.75,0,0,0.77849549055099487,0.41000000000000003,0.66666666666666674,0.57507441761823574,,,0.75,0,0,0.79865354299545288,0.33000000000000002,0.42833333333333334,0.5227655573565867,,,1,0.20000000000000001,0,0.75607317686080933
dense_minilm,classifier_gated,3982,no acute abnormality,no_finding,1,3,True,True,10,1,1,1,1,1,1,0,0,,1,1,1,1,1,1,0,0.66666666666666674,0.9999997615814209,1,1,1,1,1,1,0,0.80000000000000004,0.99999982118606567,1,1,1,1,1,1,0,0.90000000000000002,0.994659423828125
lexical_bm25,oracle,20,no acute abnormality,oracle,1,3,True,True,10,1,1,1,1,1,1,0,0,,1,1,1,1,1,1,0,0.66666666666666674,0.99999982118606567,1,1,1,1,1,1,0,0.40000000000000002,0.71556150913238525,1,1,1,1,1,1,0,0.69999999999999996,0.75394916534423828
lexical_bm25,oracle,23,no acute abnormality,oracle,1,3,True,True,10,1,1,1,1,1,1,0,0,,1,1,1,1,1,1,0,0.66666666666666674,0.99999982118606567,1,1,1,1,1,1,0,0.40000000000000002,0.71556150913238525,1,1,1,1,1,1,0,0.69999999999999996,0.75394916534423828
lexical_bm25,oracle,33,support device,oracle,1,2,True,True,10,1,1,1,1,1,1,0,0,,1,1,1,1,1,1,0,0,0.45086362957954407,1,1,1,1,1,1,0,0,0.55285274982452393,0.72499999999999998,0.72499999999999998,0.81318000494387221,1,1,1,0.10000000000000001,0,0.51251065731048584
lexical_bm25,oracle,50,cardiomegaly,oracle,1,1,True,True,10,1,1,1,1,1,1,0,0,,0.77777777777777768,0.77777777777777768,0.80261205935608981,1,1,1,0,0,0.73306912183761597,0.86666666666666659,0.86666666666666659,0.85734249017698161,1,1,1,0,0,0.71242028474807739,0.88333333333333319,0.88333333333333319,0.87074307636795034,1,1,1,0,0,0.70612478256225586
lexical_bm25,oracle,54,atelectasis,oracle,1,1,True,True,10,0.33333333333333331,0.33333333333333331,0.33333333333333331,0,0,1,0,0,,0.44444444444444442,0.44444444444444442,0.4217868789962072,0,0,1,0,0,0.6185038685798645,0.56666666666666665,0.56666666666666665,0.51650747404241726,1,0.25,1,0,0,0.61692237854003906,0.68333333333333335,0.68333333333333335,0.61840371077358891,1,0.25,1,0,0,0.6786266565322876
lexical_bm25,oracle,66,no acute abnormality,oracle,1,3,True,True,10,1,1,1,1,1,1,0,0,,1,1,1,1,1,1,0,0.66666666666666674,0.99999982118606567,1,1,1,1,1,1,0,0.40000000000000002,0.71556150913238525,1,1,1,1,1,1,0,0.69999999999999996,0.75394916534423828
lexical_bm25,oracle,72,no acute abnormality,oracle,1,3,True,True,10,1,1,1,1,1,1,0,0,,1,1,1,1,1,1,0,0.66666666666666674,0.99999982118606567,1,1,1,1,1,1,0,0.40000000000000002,0.71556150913238525,1,1,1,1,1,1,0,0.69999999999999996,0.75394916534423828
lexical_bm25,oracle,73,atelectasis pleural effusion,oracle,2,3,True,True,10,0.5,0.5,0.5,0,0,0.5,0,0,,0.44444444444444442,0.44444444444444442,0.46089343949810357,0,0,0.5,0,0,0.67926740646362305,0.43333333333333329,0.43333333333333329,0.49568231473730723,0,0,0.5,0,0,0.63952523469924927,0.43333333333333329,0.43333333333333329,0.54090789518785654,0,0,1,0,0,0.65950894355773926
lexical_bm25,oracle,78,atelectasis,oracle,1,1,True,True,10,0.33333333333333331,0.33333333333333331,0.33333333333333331,0,0,1,0,0,,0.44444444444444442,0.44444444444444442,0.4217868789962072,0,0,1,0,0,0.6185038685798645,0.56666666666666665,0.56666666666666665,0.51650747404241726,1,0.25,1,0,0,0.61692237854003906,0.68333333333333335,0.68333333333333335,0.61840371077358891,1,0.25,1,0,0,0.6786266565322876
lexical_bm25,oracle,80,no acute abnormality,oracle,1,3,True,True,10,1,1,1,1,1,1,0,0,,1,1,1,1,1,1,0,0.66666666666666674,0.99999982118606567,1,1,1,1,1,1,0,0.40000000000000002,0.71556150913238525,1,1,1,1,1,1,0,0.69999999999999996,0.75394916534423828
lexical_bm25,oracle,88,cardiomegaly,oracle,1,1,False,True,10,1,1,1,1,1,1,0,0,,0.77777777777777768,0.77777777777777768,0.80261205935608981,1,1,1,0,0,0.73306912183761597,0.86666666666666659,0.86666666666666659,0.85734249017698161,1,1,1,0,0,0.71242028474807739,0.88333333333333319,0.88333333333333319,0.87074307636795034,1,1,1,0,0,0.70612478256225586
lexical_bm25,oracle,113,lung opacity lung lesion,oracle,2,4,True,True,10,0,0,0,0,0,0,1,0,,0.1111111111111111,0.1111111111111111,0.07821312100379274,0,0,0.5,0.66666666666666663,0,0.60584896802902222,0.16666666666666666,0.16666666666666666,0.1221292396351069,0,0,0.5,0.59999999999999998,0,0.58565264940261841,0.26666666666666666,0.26666666666666666,0.22263569481862497,0,0,0.5,0.40000000000000002,0,0.58885878324508667
lexical_bm25,oracle,117,no acute abnormality,oracle,1,3,True,True,10,1,1,1,1,1,1,0,0,,1,1,1,1,1,1,0,0.66666666666666674,0.99999982118606567,1,1,1,1,1,1,0,0.40000000000000002,0.71556150913238525,1,1,1,1,1,1,0,0.69999999999999996,0.75394916534423828
lexical_bm25,oracle,137,lung opacity atelectasis,oracle,2,3,False,True,10,1,1,1,1,1,1,0,0,,0.66666666666666663,0.66666666666666663,0.73463936301137822,1,1,1,0,0,0.69733595848083496,0.80000000000000004,0.80000000000000004,0.80821681631433218,1,1,1,0,0,0.68134927749633789,0.76666666666666661,0.76666666666666661,0.77652100030409277,1,1,1,0,0,0.71335035562515259
lexical_bm25,oracle,144,lung opacity atelectasis,oracle,2,3,True,True,10,1,1,1,1,1,1,0,0,,0.66666666666666663,0.66666666666666663,0.73463936301137822,1,1,1,0,0,0.69733595848083496,0.80000000000000004,0.80000000000000004,0.80821681631433218,1,1,1,0,0,0.68134927749633789,0.76666666666666661,0.76666666666666661,0.77652100030409277,1,1,1,0,0,0.71335035562515259
lexical_bm25,oracle,152,cardiomegaly fracture,oracle,2,2,True,True,10,1,1,1,1,1,1,0,0,,0.83333333333333337,0.83333333333333337,0.85195904451706728,1,1,1,0,0,0.5545995831489563,0.80000000000000004,0.80000000000000004,0.81997269271138296,1,1,1,0,0,0.57290470600128174,0.57499999999999996,0.57499999999999996,0.75845760160118425,1,1,1,0.10000000000000001,0,0.54724967479705811
lexical_bm25,oracle,160,lung opacity,oracle,1,2,True,True,10,0,0,0,0,0,0,1,0,,0.5,0.5,0.41340159247155434,1,0.5,1,0.33333333333333331,0,0.71375292539596558,0.69999999999999996,0.69999999999999996,0.57604974340797988,1,0.5,1,0.20000000000000001,0,0.72270810604095459,0.51666666666666661,0.51666666666666661,0.49298963354937758,1,0.5,1,0.20000000000000001,0,0.71254485845565796
lexical_bm25,oracle,188,lung opacity atelectasis pleural effusion,oracle,3,5,True,True,10,0.66666666666666663,0.66666666666666663,0.66666666666666663,0,0,0.66666666666666663,0,0,,0.55555555555555547,0.55555555555555547,0.56797269634471148,0,0,0.66666666666666663,0,0,0.65204757452011108,0.46666666666666662,0.46666666666666662,0.50291343597014138,0,0,0.66666666666666663,0,0,0.64988726377487183,0.45000000000000001,0.45000000000000001,0.48144560385453289,0,0,0.66666666666666663,0.10000000000000001,0,0.70465308427810669
lexical_bm25,oracle,189,lung opacity atelectasis,oracle,2,3,True,True,10,1,1,1,1,1,1,0,0,,0.66666666666666663,0.66666666666666663,0.73463936301137822,1,1,1,0,0,0.69733595848083496,0.80000000000000004,0.80000000000000004,0.80821681631433218,1,1,1,0,0,0.68134927749633789,0.76666666666666661,0.76666666666666661,0.77652100030409277,1,1,1,0,0,0.71335035562515259
lexical_bm25,oracle,195,no acute abnormality,oracle,1,3,True,True,10,1,1,1,1,1,1,0,0,,1,1,1,1,1,1,0,0.66666666666666674,0.99999982118606567,1,1,1,1,1,1,0,0.40000000000000002,0.71556150913238525,1,1,1,1,1,1,0,0.69999999999999996,0.75394916534423828
lexical_bm25,oracle,210,support device,oracle,1,2,False,True,10,1,1,1,1,1,1,0,0,,1,1,1,1,1,1,0,0,0.45086362957954407,1,1,1,1,1,1,0,0,0.55285274982452393,0.72499999999999998,0.72499999999999998,0.81318000494387221,1,1,1,0.10000000000000001,0,0.51251065731048584
lexical_bm25,oracle,218,lung opacity,oracle,1,2,False,True,10,0,0,0,0,0,0,1,0,,0.5,0.5,0.41340159247155434,1,0.5,1,0.33333333333333331,0,0.71375292539596558,0.69999999999999996,0.69999999999999996,0.57604974340797988,1,0.5,1,0.20000000000000001,0,0.72270810604095459,0.51666666666666661,0.51666666666666661,0.49298963354937758,1,0.5,1,0.20000000000000001,0,0.71254485845565796
lexical_bm25,oracle,220,lung lesion support device,oracle,2,4,True,True,10,0.5,0.5,0.5,0,0,0.5,0,0,,0.33333333333333331,0.33333333333333331,0.35195904451706733,0,0,0.5,0.33333333333333331,0,0.59153246879577637,0.29999999999999999,0.29999999999999999,0.33460672654208468,0,0,0.5,0.40000000000000002,0,0.4684443473815918,0.30333333333333334,0.30333333333333334,0.38980040604272576,0,0,0.5,0.29999999999999999,0,0.52937775850296021
lexical_bm25,oracle,222,no acute abnormality,oracle,1,3,True,True,10,1,1,1,1,1,1,0,0,,1,1,1,1,1,1,0,0.66666666666666674,0.99999982118606567,1,1,1,1,1,1,0,0.40000000000000002,0.71556150913238525,1,1,1,1,1,1,0,0.69999999999999996,0.75394916534423828
lexical_bm25,oracle,229,lung lesion,oracle,1,2,True,True,10,0,0,0,0,0,0,1,0,,0,0,0,0,0,0,1,0,0.51725125312805176,0.20000000000000001,0.20000000000000001,0.14606834984270645,1,0.25,1,0.80000000000000004,0,0.54078376293182373,0.11666666666666667,0.11666666666666667,0.106360234692347,1,0.25,1,0.80000000000000004,0,0.57630133628845215
lexical_bm25,oracle,239,no acute abnormality,oracle,1,3,False,True,10,1,1,1,1,1,1,0,0,,1,1,1,1,1,1,0,0.66666666666666674,0.99999982118606567,1,1,1,1,1,1,0,0.40000000000000002,0.71556150913238525,1,1,1,1,1,1,0,0.69999999999999996,0.75394916534423828
lexical_bm25,oracle,249,lung lesion,oracle,1,2,True,True,10,0,0,0,0,0,0,1,0,,0,0,0,0,0,0,1,0,0.51725125312805176,0.20000000000000001,0.20000000000000001,0.14606834984270645,1,0.25,1,0.80000000000000004,0,0.54078376293182373,0.11666666666666667,0.11666666666666667,0.106360234692347,1,0.25,1,0.80000000000000004,0,0.57630133628845215
lexical_bm25,oracle,266,cardiomegaly,oracle,1,1,True,True,10,1,1,1,1,1,1,0,0,,0.77777777777777768,0.77777777777777768,0.80261205935608981,1,1,1,0,0,0.73306912183761597,0.86666666666666659,0.86666666666666659,0.85734249017698161,1,1,1,0,0,0.71242028474807739,0.88333333333333319,0.88333333333333319,0.87074307636795034,1,1,1,0,0,0.70612478256225586
lexical_bm25,oracle,268,lung opacity pneumonia,oracle,2,3,True,True,10,0.5,0.5,0.5,0,0,0.5,0,0,,0.33333333333333331,0.33333333333333331,0.38268031849431083,0,0,0.5,0.33333333333333331,0,0.69373434782028198,0.40000000000000002,0.40000000000000002,0.415209948681596,0,0,0.5,0.20000000000000001,0,0.71400034427642822,0.48333333333333339,0.48333333333333339,0.46771143203051579,1,0.14285714285714285,1,0.20000000000000001,0,0.71051746606826782
lexical_bm25,oracle,278,lung opacity lung lesion,oracle,2,4,True,True,10,0,0,0,0,0,0,1,0,,0.1111111111111111,0.1111111111111111,0.07821312100379274,0,0,0.5,0.66666666666666663,0,0.60584896802902222,0.16666666666666666,0.16666666666666666,0.1221292396351069,0,0,0.5,0.59999999999999998,0,0.58565264940261841,0.26666666666666666,0.26666666666666666,0.22263569481862497,0,0,0.5,0.40000000000000002,0,0.58885878324508667
lexical_bm25,oracle,290,support device,oracle,1,2,True,True,10,1,1,1,1,1,1,0,0,,1,1,1,1,1,1,0,0,0.45086362957954407,1,1,1,1,1,1,0,0,0.55285274982452393,0.72499999999999998,0.72499999999999998,0.81318000494387221,1,1,1,0.10000000000000001,0,0.51251065731048584
lexical_bm25,oracle,297,lung opacity atelectasis,oracle,2,3,False,True,10,1,1,1,1,1,1,0,0,,0.66666666666666663,0.66666666666666663,0.73463936301137822,1,1,1,0,0,0.69733595848083496,0.80000000000000004,0.80000000000000004,0.80821681631433218,1,1,1,0,0,0.68134927749633789,0.76666666666666661,0.76666666666666661,0.77652100030409277,1,1,1,0,0,0.71335035562515259
lexical_bm25,oracle,298,no acute abnormality,oracle,1,3,True,True,10,1,1,1,1,1,1,0,0,,1,1,1,1,1,1,0,0.66666666666666674,0.99999982118606567,1,1,1,1,1,1,0,0.40000000000000002,0.71556150913238525,1,1,1,1,1,1,0,0.69999999999999996,0.75394916534423828
lexical_bm25,oracle,310,no acute abnormality,oracle,1,3,True,True,10,1,1,1,1,1,1,0,0,,1,1,1,1,1,1,0,0.66666666666666674,0.99999982118606567,1,1,1,1,1,1,0,0.40000000000000002,0.71556150913238525,1,1,1,1,1,1,0,0.69999999999999996,0.75394916534423828
lexical_bm25,oracle,317,no acute abnormality,oracle,1,3,True,True,10,1,1,1,1,1,1,0,0,,1,1,1,1,1,1,0,0.66666666666666674,0.99999982118606567,1,1,1,1,1,1,0,0.40000000000000002,0.71556150913238525,1,1,1,1,1,1,0,0.69999999999999996,0.75394916534423828
lexical_bm25,oracle,325,no acute abnormality,oracle,1,3,True,True,10,1,1,1,1,1,1,0,0,,1,1,1,1,1,1,0,0.66666666666666674,0.99999982118606567,1,1,1,1,1,1,0,0.40000000000000002,0.71556150913238525,1,1,1,1,1,1,0,0.69999999999999996,0.75394916534423828
lexical_bm25,oracle,332,lung opacity,oracle,1,2,True,True,10,0,0,0,0,0,0,1,0,,0.5,0.5,0.41340159247155434,1,0.5,1,0.33333333333333331,0,0.71375292539596558,0.69999999999999996,0.69999999999999996,0.57604974340797988,1,0.5,1,0.20000000000000001,0,0.72270810604095459,0.51666666666666661,0.51666666666666661,0.49298963354937758,1,0.5,1,0.20000000000000001,0,0.71254485845565796
lexical_bm25,oracle,335,support device,oracle,1,2,True,True,10,1,1,1,1,1,1,0,0,,1,1,1,1,1,1,0,0,0.45086362957954407,1,1,1,1,1,1,0,0,0.55285274982452393,0.72499999999999998,0.72499999999999998,0.81318000494387221,1,1,1,0.10000000000000001,0,0.51251065731048584
lexical_bm25,oracle,337,lung opacity,oracle,1,2,False,True,10,0,0,0,0,0,0,1,0,,0.5,0.5,0.41340159247155434,1,0.5,1,0.33333333333333331,0,0.71375292539596558,0.69999999999999996,0.69999999999999996,0.57604974340797988,1,0.5,1,0.20000000000000001,0,0.72270810604095459,0.51666666666666661,0.51666666666666661,0.49298963354937758,1,0.5,1,0.20000000000000001,0,0.71254485845565796
lexical_bm25,oracle,338,no acute abnormality,oracle,1,3,True,True,10,1,1,1,1,1,1,0,0,,1,1,1,1,1,1,0,0.66666666666666674,0.99999982118606567,1,1,1,1,1,1,0,0.40000000000000002,0.71556150913238525,1,1,1,1,1,1,0,0.69999999999999996,0.75394916534423828
lexical_bm25,oracle,368,no acute abnormality,oracle,1,3,True,True,10,1,1,1,1,1,1,0,0,,1,1,1,1,1,1,0,0.66666666666666674,0.99999982118606567,1,1,1,1,1,1,0,0.40000000000000002,0.71556150913238525,1,1,1,1,1,1,0,0.69999999999999996,0.75394916534423828
lexical_bm25,oracle,373,no acute abnormality,oracle,1,3,True,True,10,1,1,1,1,1,1,0,0,,1,1,1,1,1,1,0,0.66666666666666674,0.99999982118606567,1,1,1,1,1,1,0,0.40000000000000002,0.71556150913238525,1,1,1,1,1,1,0,0.69999999999999996,0.75394916534423828
lexical_bm25,oracle,382,lung opacity,oracle,1,2,True,True,10,0,0,0,0,0,0,1,0,,0.5,0.5,0.41340159247155434,1,0.5,1,0.33333333333333331,0,0.71375292539596558,0.69999999999999996,0.69999999999999996,0.57604974340797988,1,0.5,1,0.20000000000000001,0,0.72270810604095459,0.51666666666666661,0.51666666666666661,0.49298963354937758,1,0.5,1,0.20000000000000001,0,0.71254485845565796
lexical_bm25,oracle,388,cardiomegaly,oracle,1,1,False,True,10,1,1,1,1,1,1,0,0,,0.77777777777777768,0.77777777777777768,0.80261205935608981,1,1,1,0,0,0.73306912183761597,0.86666666666666659,0.86666666666666659,0.85734249017698161,1,1,1,0,0,0.71242028474807739,0.88333333333333319,0.88333333333333319,0.87074307636795034,1,1,1,0,0,0.70612478256225586
lexical_bm25,oracle,392,support device,oracle,1,2,True,True,10,1,1,1,1,1,1,0,0,,1,1,1,1,1,1,0,0,0.45086362957954407,1,1,1,1,1,1,0,0,0.55285274982452393,0.72499999999999998,0.72499999999999998,0.81318000494387221,1,1,1,0.10000000000000001,0,0.51251065731048584
lexical_bm25,oracle,406,lung lesion,oracle,1,2,True,True,10,0,0,0,0,0,0,1,0,,0,0,0,0,0,0,1,0,0.51725125312805176,0.20000000000000001,0.20000000000000001,0.14606834984270645,1,0.25,1,0.80000000000000004,0,0.54078376293182373,0.11666666666666667,0.11666666666666667,0.106360234692347,1,0.25,1,0.80000000000000004,0,0.57630133628845215
lexical_bm25,oracle,407,no acute abnormality,oracle,1,3,True,True,10,1,1,1,1,1,1,0,0,,1,1,1,1,1,1,0,0.66666666666666674,0.99999982118606567,1,1,1,1,1,1,0,0.40000000000000002,0.71556150913238525,1,1,1,1,1,1,0,0.69999999999999996,0.75394916534423828
lexical_bm25,oracle,419,no acute abnormality,oracle,1,3,True,True,10,1,1,1,1,1,1,0,0,,1,1,1,1,1,1,0,0.66666666666666674,0.99999982118606567,1,1,1,1,1,1,0,0.40000000000000002,0.71556150913238525,1,1,1,1,1,1,0,0.69999999999999996,0.75394916534423828
lexical_bm25,oracle,427,no acute abnormality,oracle,1,3,True,True,10,1,1,1,1,1,1,0,0,,1,1,1,1,1,1,0,0.66666666666666674,0.99999982118606567,1,1,1,1,1,1,0,0.40000000000000002,0.71556150913238525,1,1,1,1,1,1,0,0.69999999999999996,0.75394916534423828
lexical_bm25,oracle,430,no acute abnormality,oracle,1,3,False,True,10,1,1,1,1,1,1,0,0,,1,1,1,1,1,1,0,0.66666666666666674,0.99999982118606567,1,1,1,1,1,1,0,0.40000000000000002,0.71556150913238525,1,1,1,1,1,1,0,0.69999999999999996,0.75394916534423828
lexical_bm25,oracle,436,cardiomegaly,oracle,1,1,True,True,10,1,1,1,1,1,1,0,0,,0.77777777777777768,0.77777777777777768,0.80261205935608981,1,1,1,0,0,0.73306912183761597,0.86666666666666659,0.86666666666666659,0.85734249017698161,1,1,1,0,0,0.71242028474807739,0.88333333333333319,0.88333333333333319,0.87074307636795034,1,1,1,0,0,0.70612478256225586
lexical_bm25,oracle,438,no acute abnormality,oracle,1,3,True,True,10,1,1,1,1,1,1,0,0,,1,1,1,1,1,1,0,0.66666666666666674,0.99999982118606567,1,1,1,1,1,1,0,0.40000000000000002,0.71556150913238525,1,1,1,1,1,1,0,0.69999999999999996,0.75394916534423828
lexical_bm25,oracle,441,lung lesion,oracle,1,2,True,True,10,0,0,0,0,0,0,1,0,,0,0,0,0,0,0,1,0,0.51725125312805176,0.20000000000000001,0.20000000000000001,0.14606834984270645,1,0.25,1,0.80000000000000004,0,0.54078376293182373,0.11666666666666667,0.11666666666666667,0.106360234692347,1,0.25,1,0.80000000000000004,0,0.57630133628845215
lexical_bm25,oracle,450,no acute abnormality,oracle,1,3,True,True,10,1,1,1,1,1,1,0,0,,1,1,1,1,1,1,0,0.66666666666666674,0.99999982118606567,1,1,1,1,1,1,0,0.40000000000000002,0.71556150913238525,1,1,1,1,1,1,0,0.69999999999999996,0.75394916534423828
lexical_bm25,oracle,481,support device,oracle,1,2,True,True,10,1,1,1,1,1,1,0,0,,1,1,1,1,1,1,0,0,0.45086362957954407,1,1,1,1,1,1,0,0,0.55285274982452393,0.72499999999999998,0.72499999999999998,0.81318000494387221,1,1,1,0.10000000000000001,0,0.51251065731048584
lexical_bm25,oracle,483,cardiomegaly,oracle,1,1,True,True,10,1,1,1,1,1,1,0,0,,0.77777777777777768,0.77777777777777768,0.80261205935608981,1,1,1,0,0,0.73306912183761597,0.86666666666666659,0.86666666666666659,0.85734249017698161,1,1,1,0,0,0.71242028474807739,0.88333333333333319,0.88333333333333319,0.87074307636795034,1,1,1,0,0,0.70612478256225586
lexical_bm25,oracle,499,no acute abnormality,oracle,1,3,True,True,10,1,1,1,1,1,1,0,0,,1,1,1,1,1,1,0,0.66666666666666674,0.99999982118606567,1,1,1,1,1,1,0,0.40000000000000002,0.71556150913238525,1,1,1,1,1,1,0,0.69999999999999996,0.75394916534423828
lexical_bm25,oracle,501,lung opacity,oracle,1,2,True,True,10,0,0,0,0,0,0,1,0,,0.5,0.5,0.41340159247155434,1,0.5,1,0.33333333333333331,0,0.71375292539596558,0.69999999999999996,0.69999999999999996,0.57604974340797988,1,0.5,1,0.20000000000000001,0,0.72270810604095459,0.51666666666666661,0.51666666666666661,0.49298963354937758,1,0.5,1,0.20000000000000001,0,0.71254485845565796
lexical_bm25,oracle,504,lung opacity atelectasis,oracle,2,3,True,True,10,1,1,1,1,1,1,0,0,,0.66666666666666663,0.66666666666666663,0.73463936301137822,1,1,1,0,0,0.69733595848083496,0.80000000000000004,0.80000000000000004,0.80821681631433218,1,1,1,0,0,0.68134927749633789,0.76666666666666661,0.76666666666666661,0.77652100030409277,1,1,1,0,0,0.71335035562515259
lexical_bm25,oracle,505,no acute abnormality,oracle,1,3,True,True,10,1,1,1,1,1,1,0,0,,1,1,1,1,1,1,0,0.66666666666666674,0.99999982118606567,1,1,1,1,1,1,0,0.40000000000000002,0.71556150913238525,1,1,1,1,1,1,0,0.69999999999999996,0.75394916534423828
lexical_bm25,oracle,508,no acute abnormality,oracle,1,3,True,True,10,1,1,1,1,1,1,0,0,,1,1,1,1,1,1,0,0.66666666666666674,0.99999982118606567,1,1,1,1,1,1,0,0.40000000000000002,0.71556150913238525,1,1,1,1,1,1,0,0.69999999999999996,0.75394916534423828
lexical_bm25,oracle,514,no acute abnormality,oracle,1,3,True,True,10,1,1,1,1,1,1,0,0,,1,1,1,1,1,1,0,0.66666666666666674,0.99999982118606567,1,1,1,1,1,1,0,0.40000000000000002,0.71556150913238525,1,1,1,1,1,1,0,0.69999999999999996,0.75394916534423828
lexical_bm25,oracle,522,atelectasis,oracle,1,1,True,True,10,0.33333333333333331,0.33333333333333331,0.33333333333333331,0,0,1,0,0,,0.44444444444444442,0.44444444444444442,0.4217868789962072,0,0,1,0,0,0.6185038685798645,0.56666666666666665,0.56666666666666665,0.51650747404241726,1,0.25,1,0,0,0.61692237854003906,0.68333333333333335,0.68333333333333335,0.61840371077358891,1,0.25,1,0,0,0.6786266565322876
lexical_bm25,oracle,524,lung opacity support device,oracle,2,4,False,True,10,1,1,1,1,1,1,0,0,,0.5,0.5,0.5865984075284455,1,1,1,0.33333333333333331,0,0.61018878221511841,0.5,0.5,0.56258697026954418,1,1,1,0.20000000000000001,0,0.58452177047729492,0.48333333333333328,0.48333333333333328,0.52838734086236949,1,1,1,0.10000000000000001,0,0.57201129198074341
lexical_bm25,oracle,530,cardiomegaly,oracle,1,1,True,True,10,1,1,1,1,1,1,0,0,,0.77777777777777768,0.77777777777777768,0.80261205935608981,1,1,1,0,0,0.73306912183761597,0.86666666666666659,0.86666666666666659,0.85734249017698161,1,1,1,0,0,0.71242028474807739,0.88333333333333319,0.88333333333333319,0.87074307636795034,1,1,1,0,0,0.70612478256225586
lexical_bm25,oracle,542,no acute abnormality,oracle,1,3,False,True,10,1,1,1,1,1,1,0,0,,1,1,1,1,1,1,0,0.66666666666666674,0.99999982118606567,1,1,1,1,1,1,0,0.40000000000000002,0.71556150913238525,1,1,1,1,1,1,0,0.69999999999999996,0.75394916534423828
lexical_bm25,oracle,546,pleural effusion,oracle,1,2,True,True,10,0,0,0,0,0,0,1,0,,0.44444444444444442,0.44444444444444442,0.33333333333333326,1,0.33333333333333331,1,0.33333333333333331,0,0.52953463792800903,0.36666666666666664,0.36666666666666664,0.31394303246967048,1,0.33333333333333331,1,0.40000000000000002,0,0.5521930456161499,0.23333333333333331,0.23333333333333331,0.25979726769931533,1,0.33333333333333331,1,0.59999999999999998,0,0.59303605556488037
lexical_bm25,oracle,569,lung opacity support device,oracle,2,4,True,True,10,1,1,1,1,1,1,0,0,,0.5,0.5,0.5865984075284455,1,1,1,0.33333333333333331,0,0.61018878221511841,0.5,0.5,0.56258697026954418,1,1,1,0.20000000000000001,0,0.58452177047729492,0.48333333333333328,0.48333333333333328,0.52838734086236949,1,1,1,0.10000000000000001,0,0.57201129198074341
lexical_bm25,oracle,573,lung opacity support device,oracle,2,4,True,True,10,1,1,1,1,1,1,0,0,,0.5,0.5,0.5865984075284455,1,1,1,0.33333333333333331,0,0.61018878221511841,0.5,0.5,0.56258697026954418,1,1,1,0.20000000000000001,0,0.58452177047729492,0.48333333333333328,0.48333333333333328,0.52838734086236949,1,1,1,0.10000000000000001,0,0.57201129198074341
lexical_bm25,oracle,579,no acute abnormality,oracle,1,3,True,True,10,1,1,1,1,1,1,0,0,,1,1,1,1,1,1,0,0.66666666666666674,0.99999982118606567,1,1,1,1,1,1,0,0.40000000000000002,0.71556150913238525,1,1,1,1,1,1,0,0.69999999999999996,0.75394916534423828
lexical_bm25,oracle,582,no acute abnormality,oracle,1,3,True,True,10,1,1,1,1,1,1,0,0,,1,1,1,1,1,1,0,0.66666666666666674,0.99999982118606567,1,1,1,1,1,1,0,0.40000000000000002,0.71556150913238525,1,1,1,1,1,1,0,0.69999999999999996,0.75394916534423828
lexical_bm25,oracle,584,no acute abnormality,oracle,1,3,True,True,10,1,1,1,1,1,1,0,0,,1,1,1,1,1,1,0,0.66666666666666674,0.99999982118606567,1,1,1,1,1,1,0,0.40000000000000002,0.71556150913238525,1,1,1,1,1,1,0,0.69999999999999996,0.75394916534423828
lexical_bm25,oracle,586,cardiomegaly lung opacity atelectasis,oracle,3,4,True,True,10,1,1,1,1,1,1,0,0,,0.88888888888888884,0.88888888888888884,0.92178687899620715,1,1,1,0,0,0.69432467222213745,0.75,0.75,0.81948615998549279,1,1,1,0,0,0.698039710521698,0.68333333333333335,0.68333333333333335,0.74880598073682147,1,1,1,0,0,0.67066097259521484
lexical_bm25,oracle,601,lung opacity support device,oracle,2,4,True,True,10,1,1,1,1,1,1,0,0,,0.5,0.5,0.5865984075284455,1,1,1,0.33333333333333331,0,0.61018878221511841,0.5,0.5,0.56258697026954418,1,1,1,0.20000000000000001,0,0.58452177047729492,0.48333333333333328,0.48333333333333328,0.52838734086236949,1,1,1,0.10000000000000001,0,0.57201129198074341
lexical_bm25,oracle,608,fracture,oracle,1,1,True,True,10,1,1,1,1,1,1,0,0,,0.66666666666666663,0.66666666666666663,0.76536063698862167,1,1,1,0.33333333333333331,0,0.59695583581924438,0.66666666666666674,0.66666666666666674,0.74294984568829736,1,1,1,0.20000000000000001,0,0.56320726871490479,0.3833333333333333,0.3833333333333333,0.5168392247234479,1,1,1,0.5,0,0.59001177549362183
lexical_bm25,oracle,618,no acute abnormality,oracle,1,3,True,True,10,1,1,1,1,1,1,0,0,,1,1,1,1,1,1,0,0.66666666666666674,0.99999982118606567,1,1,1,1,1,1,0,0.40000000000000002,0.71556150913238525,1,1,1,1,1,1,0,0.69999999999999996,0.75394916534423828
lexical_bm25,oracle,661,support device,oracle,1,2,True,True,10,1,1,1,1,1,1,0,0,,1,1,1,1,1,1,0,0,0.45086362957954407,1,1,1,1,1,1,0,0,0.55285274982452393,0.72499999999999998,0.72499999999999998,0.81318000494387221,1,1,1,0.10000000000000001,0,0.51251065731048584
lexical_bm25,oracle,665,cardiomegaly,oracle,1,1,True,True,10,1,1,1,1,1,1,0,0,,0.77777777777777768,0.77777777777777768,0.80261205935608981,1,1,1,0,0,0.73306912183761597,0.86666666666666659,0.86666666666666659,0.85734249017698161,1,1,1,0,0,0.71242028474807739,0.88333333333333319,0.88333333333333319,0.87074307636795034,1,1,1,0,0,0.70612478256225586
lexical_bm25,oracle,668,no acute abnormality,oracle,1,3,True,True,10,1,1,1,1,1,1,0,0,,1,1,1,1,1,1,0,0.66666666666666674,0.99999982118606567,1,1,1,1,1,1,0,0.40000000000000002,0.71556150913238525,1,1,1,1,1,1,0,0.69999999999999996,0.75394916534423828
lexical_bm25,oracle,672,cardiomegaly pulmonary edema,oracle,2,3,True,True,10,1,1,1,1,1,1,0,0,,0.77777777777777768,0.77777777777777768,0.823092908674252,1,1,1,0,0,0.73647552728652954,0.69999999999999996,0.69999999999999996,0.79251313807608925,1,1,1,0,0,0.70205008983612061,0.6333333333333333,0.6333333333333333,0.80434412973888347,1,1,1,0,0,0.68342971801757812
lexical_bm25,oracle,683,no acute abnormality,oracle,1,3,True,True,10,1,1,1,1,1,1,0,0,,1,1,1,1,1,1,0,0.66666666666666674,0.99999982118606567,1,1,1,1,1,1,0,0.40000000000000002,0.71556150913238525,1,1,1,1,1,1,0,0.69999999999999996,0.75394916534423828
lexical_bm25,oracle,688,lung opacity atelectasis pleural abnormality,oracle,3,5,True,True,10,0.66666666666666663,0.66666666666666663,0.66666666666666663,0,0,0.66666666666666663,0,0,,0.44444444444444442,0.44444444444444442,0.5202790622813841,0,0,0.66666666666666663,0,0,0.69733595848083496,0.46666666666666667,0.46666666666666667,0.56428400364524922,0,0,0.66666666666666663,0,0,0.67573672533035278,0.5,0.5,0.63438198563501003,0,0,0.66666666666666663,0,0,0.69561046361923218
lexical_bm25,oracle,689,lung lesion,oracle,1,2,True,True,10,0,0,0,0,0,0,1,0,,0,0,0,0,0,0,1,0,0.51725125312805176,0.20000000000000001,0.20000000000000001,0.14606834984270645,1,0.25,1,0.80000000000000004,0,0.54078376293182373,0.11666666666666667,0.11666666666666667,0.106360234692347,1,0.25,1,0.80000000000000004,0,0.57630133628845215
lexical_bm25,oracle,691,no acute abnormality,oracle,1,3,True,True,10,1,1,1,1,1,1,0,0,,1,1,1,1,1,1,0,0.66666666666666674,0.99999982118606567,1,1,1,1,1,1,0,0.40000000000000002,0.71556150913238525,1,1,1,1,1,1,0,0.69999999999999996,0.75394916534423828
lexical_bm25,oracle,699,cardiomegaly lung opacity,oracle,2,3,False,True,10,0.66666666666666663,0.66666666666666663,0.66666666666666663,0,0,1,0,0,,0.61111111111111105,0.61111111111111105,0.6275601061647702,0,0,1,0,0,0.59611713886260986,0.43333333333333329,0.43333333333333329,0.49728939049461379,0,0,1,0.20000000000000001,0,0.6020691990852356,0.5,0.5,0.51979624130795865,1,0.1111111111111111,1,0.10000000000000001,0,0.59779912233352661
lexical_bm25,oracle,709,fracture,oracle,1,1,True,True,10,1,1,1,1,1,1,0,0,,0.66666666666666663,0.66666666666666663,0.76536063698862167,1,1,1,0.33333333333333331,0,0.59695583581924438,0.66666666666666674,0.66666666666666674,0.74294984568829736,1,1,1,0.20000000000000001,0,0.56320726871490479,0.3833333333333333,0.3833333333333333,0.5168392247234479,1,1,1,0.5,0,0.59001177549362183
lexical_bm25,oracle,716,cardiomegaly,oracle,1,1,True,True,10,1,1,1,1,1,1,0,0,,0.77777777777777768,0.77777777777777768,0.80261205935608981,1,1,1,0,0,0.73306912183761597,0.86666666666666659,0.86666666666666659,0.85734249017698161,1,1,1,0,0,0.71242028474807739,0.88333333333333319,0.88333333333333319,0.87074307636795034,1,1,1,0,0,0.70612478256225586
lexical_bm25,oracle,725,no acute abnormality,oracle,1,3,True,True,10,1,1,1,1,1,1,0,0,,1,1,1,1,1,1,0,0.66666666666666674,0.99999982118606567,1,1,1,1,1,1,0,0.40000000000000002,0.71556150913238525,1,1,1,1,1,1,0,0.69999999999999996,0.75394916534423828
lexical_bm25,oracle,731,no acute abnormality,oracle,1,3,True,True,10,1,1,1,1,1,1,0,0,,1,1,1,1,1,1,0,0.66666666666666674,0.99999982118606567,1,1,1,1,1,1,0,0.40000000000000002,0.71556150913238525,1,1,1,1,1,1,0,0.69999999999999996,0.75394916534423828
lexical_bm25,oracle,733,support device,oracle,1,2,True,True,10,1,1,1,1,1,1,0,0,,1,1,1,1,1,1,0,0,0.45086362957954407,1,1,1,1,1,1,0,0,0.55285274982452393,0.72499999999999998,0.72499999999999998,0.81318000494387221,1,1,1,0.10000000000000001,0,0.51251065731048584
lexical_bm25,oracle,739,no acute abnormality,oracle,1,3,True,True,10,1,1,1,1,1,1,0,0,,1,1,1,1,1,1,0,0.66666666666666674,0.99999982118606567,1,1,1,1,1,1,0,0.40000000000000002,0.71556150913238525,1,1,1,1,1,1,0,0.69999999999999996,0.75394916534423828
lexical_bm25,oracle,744,lung opacity,oracle,1,2,True,True,10,0,0,0,0,0,0,1,0,,0.5,0.5,0.41340159247155434,1,0.5,1,0.33333333333333331,0,0.71375292539596558,0.69999999999999996,0.69999999999999996,0.57604974340797988,1,0.5,1,0.20000000000000001,0,0.72270810604095459,0.51666666666666661,0.51666666666666661,0.49298963354937758,1,0.5,1,0.20000000000000001,0,0.71254485845565796
lexical_bm25,oracle,756,no acute abnormality,oracle,1,3,True,True,10,1,1,1,1,1,1,0,0,,1,1,1,1,1,1,0,0.66666666666666674,0.99999982118606567,1,1,1,1,1,1,0,0.40000000000000002,0.71556150913238525,1,1,1,1,1,1,0,0.69999999999999996,0.75394916534423828
lexical_bm25,oracle,758,no acute abnormality,oracle,1,3,True,True,10,1,1,1,1,1,1,0,0,,1,1,1,1,1,1,0,0.66666666666666674,0.99999982118606567,1,1,1,1,1,1,0,0.40000000000000002,0.71556150913238525,1,1,1,1,1,1,0,0.69999999999999996,0.75394916534423828
lexical_bm25,oracle,760,lung opacity atelectasis,oracle,2,3,True,True,10,1,1,1,1,1,1,0,0,,0.66666666666666663,0.66666666666666663,0.73463936301137822,1,1,1,0,0,0.69733595848083496,0.80000000000000004,0.80000000000000004,0.80821681631433218,1,1,1,0,0,0.68134927749633789,0.76666666666666661,0.76666666666666661,0.77652100030409277,1,1,1,0,0,0.71335035562515259
lexical_bm25,oracle,766,no acute abnormality,oracle,1,3,True,True,10,1,1,1,1,1,1,0,0,,1,1,1,1,1,1,0,0.66666666666666674,0.99999982118606567,1,1,1,1,1,1,0,0.40000000000000002,0.71556150913238525,1,1,1,1,1,1,0,0.69999999999999996,0.75394916534423828
lexical_bm25,oracle,793,no acute abnormality,oracle,1,3,True,True,10,1,1,1,1,1,1,0,0,,1,1,1,1,1,1,0,0.66666666666666674,0.99999982118606567,1,1,1,1,1,1,0,0.40000000000000002,0.71556150913238525,1,1,1,1,1,1,0,0.69999999999999996,0.75394916534423828
lexical_bm25,oracle,808,lung opacity pneumonia atelectasis,oracle,3,4,True,True,10,0.33333333333333331,0.33333333333333331,0.33333333333333331,0,0,0.33333333333333331,0,0,,0.55555555555555547,0.55555555555555547,0.58829568328634108,0,0,0.66666666666666663,0,0,0.69295454025268555,0.53333333333333333,0.53333333333333333,0.62206949629467667,0,0,0.66666666666666663,0,0,0.70378744602203369,0.51666666666666661,0.51666666666666661,0.66101937688783119,0,0,0.66666666666666663,0,0,0.6871524453163147
lexical_bm25,oracle,841,support device,oracle,1,2,True,True,10,1,1,1,1,1,1,0,0,,1,1,1,1,1,1,0,0,0.45086362957954407,1,1,1,1,1,1,0,0,0.55285274982452393,0.72499999999999998,0.72499999999999998,0.81318000494387221,1,1,1,0.10000000000000001,0,0.51251065731048584
lexical_bm25,oracle,844,no acute abnormality,oracle,1,3,True,True,10,1,1,1,1,1,1,0,0,,1,1,1,1,1,1,0,0.66666666666666674,0.99999982118606567,1,1,1,1,1,1,0,0.40000000000000002,0.71556150913238525,1,1,1,1,1,1,0,0.69999999999999996,0.75394916534423828
lexical_bm25,oracle,847,cardiomegaly,oracle,1,1,True,True,10,1,1,1,1,1,1,0,0,,0.77777777777777768,0.77777777777777768,0.80261205935608981,1,1,1,0,0,0.73306912183761597,0.86666666666666659,0.86666666666666659,0.85734249017698161,1,1,1,0,0,0.71242028474807739,0.88333333333333319,0.88333333333333319,0.87074307636795034,1,1,1,0,0,0.70612478256225586
lexical_bm25,oracle,854,fracture,oracle,1,1,False,True,10,1,1,1,1,1,1,0,0,,0.66666666666666663,0.66666666666666663,0.76536063698862167,1,1,1,0.33333333333333331,0,0.59695583581924438,0.66666666666666674,0.66666666666666674,0.74294984568829736,1,1,1,0.20000000000000001,0,0.56320726871490479,0.3833333333333333,0.3833333333333333,0.5168392247234479,1,1,1,0.5,0,0.59001177549362183
lexical_bm25,oracle,866,no acute abnormality,oracle,1,3,False,True,10,1,1,1,1,1,1,0,0,,1,1,1,1,1,1,0,0.66666666666666674,0.99999982118606567,1,1,1,1,1,1,0,0.40000000000000002,0.71556150913238525,1,1,1,1,1,1,0,0.69999999999999996,0.75394916534423828
lexical_bm25,oracle,867,support device,oracle,1,2,True,True,10,1,1,1,1,1,1,0,0,,1,1,1,1,1,1,0,0,0.45086362957954407,1,1,1,1,1,1,0,0,0.55285274982452393,0.72499999999999998,0.72499999999999998,0.81318000494387221,1,1,1,0.10000000000000001,0,0.51251065731048584
lexical_bm25,oracle,868,lung opacity support device,oracle,2,4,True,True,10,1,1,1,1,1,1,0,0,,0.5,0.5,0.5865984075284455,1,1,1,0.33333333333333331,0,0.61018878221511841,0.5,0.5,0.56258697026954418,1,1,1,0.20000000000000001,0,0.58452177047729492,0.48333333333333328,0.48333333333333328,0.52838734086236949,1,1,1,0.10000000000000001,0,0.57201129198074341
lexical_bm25,oracle,882,no acute abnormality,oracle,1,3,True,True,10,1,1,1,1,1,1,0,0,,1,1,1,1,1,1,0,0.66666666666666674,0.99999982118606567,1,1,1,1,1,1,0,0.40000000000000002,0.71556150913238525,1,1,1,1,1,1,0,0.69999999999999996,0.75394916534423828
lexical_bm25,oracle,885,support device,oracle,1,2,False,True,10,1,1,1,1,1,1,0,0,,1,1,1,1,1,1,0,0,0.45086362957954407,1,1,1,1,1,1,0,0,0.55285274982452393,0.72499999999999998,0.72499999999999998,0.81318000494387221,1,1,1,0.10000000000000001,0,0.51251065731048584
lexical_bm25,oracle,904,lung lesion support device,oracle,2,4,False,True,10,0.5,0.5,0.5,0,0,0.5,0,0,,0.33333333333333331,0.33333333333333331,0.35195904451706733,0,0,0.5,0.33333333333333331,0,0.59153246879577637,0.29999999999999999,0.29999999999999999,0.33460672654208468,0,0,0.5,0.40000000000000002,0,0.4684443473815918,0.30333333333333334,0.30333333333333334,0.38980040604272576,0,0,0.5,0.29999999999999999,0,0.52937775850296021
lexical_bm25,oracle,906,cardiomegaly,oracle,1,1,True,True,10,1,1,1,1,1,1,0,0,,0.77777777777777768,0.77777777777777768,0.80261205935608981,1,1,1,0,0,0.73306912183761597,0.86666666666666659,0.86666666666666659,0.85734249017698161,1,1,1,0,0,0.71242028474807739,0.88333333333333319,0.88333333333333319,0.87074307636795034,1,1,1,0,0,0.70612478256225586
lexical_bm25,oracle,912,no acute abnormality,oracle,1,3,True,True,10,1,1,1,1,1,1,0,0,,1,1,1,1,1,1,0,0.66666666666666674,0.99999982118606567,1,1,1,1,1,1,0,0.40000000000000002,0.71556150913238525,1,1,1,1,1,1,0,0.69999999999999996,0.75394916534423828
lexical_bm25,oracle,929,lung opacity atelectasis,oracle,2,3,True,True,10,1,1,1,1,1,1,0,0,,0.66666666666666663,0.66666666666666663,0.73463936301137822,1,1,1,0,0,0.69733595848083496,0.80000000000000004,0.80000000000000004,0.80821681631433218,1,1,1,0,0,0.68134927749633789,0.76666666666666661,0.76666666666666661,0.77652100030409277,1,1,1,0,0,0.71335035562515259
lexical_bm25,oracle,937,no acute abnormality,oracle,1,3,True,True,10,1,1,1,1,1,1,0,0,,1,1,1,1,1,1,0,0.66666666666666674,0.99999982118606567,1,1,1,1,1,1,0,0.40000000000000002,0.71556150913238525,1,1,1,1,1,1,0,0.69999999999999996,0.75394916534423828
lexical_bm25,oracle,940,no acute abnormality,oracle,1,3,True,True,10,1,1,1,1,1,1,0,0,,1,1,1,1,1,1,0,0.66666666666666674,0.99999982118606567,1,1,1,1,1,1,0,0.40000000000000002,0.71556150913238525,1,1,1,1,1,1,0,0.69999999999999996,0.75394916534423828
lexical_bm25,oracle,941,no acute abnormality,oracle,1,3,True,True,10,1,1,1,1,1,1,0,0,,1,1,1,1,1,1,0,0.66666666666666674,0.99999982118606567,1,1,1,1,1,1,0,0.40000000000000002,0.71556150913238525,1,1,1,1,1,1,0,0.69999999999999996,0.75394916534423828
lexical_bm25,oracle,955,support device,oracle,1,2,True,True,10,1,1,1,1,1,1,0,0,,1,1,1,1,1,1,0,0,0.45086362957954407,1,1,1,1,1,1,0,0,0.55285274982452393,0.72499999999999998,0.72499999999999998,0.81318000494387221,1,1,1,0.10000000000000001,0,0.51251065731048584
lexical_bm25,oracle,959,lung opacity,oracle,1,2,True,True,10,0,0,0,0,0,0,1,0,,0.5,0.5,0.41340159247155434,1,0.5,1,0.33333333333333331,0,0.71375292539596558,0.69999999999999996,0.69999999999999996,0.57604974340797988,1,0.5,1,0.20000000000000001,0,0.72270810604095459,0.51666666666666661,0.51666666666666661,0.49298963354937758,1,0.5,1,0.20000000000000001,0,0.71254485845565796
lexical_bm25,oracle,961,lung opacity,oracle,1,2,True,True,10,0,0,0,0,0,0,1,0,,0.5,0.5,0.41340159247155434,1,0.5,1,0.33333333333333331,0,0.71375292539596558,0.69999999999999996,0.69999999999999996,0.57604974340797988,1,0.5,1,0.20000000000000001,0,0.72270810604095459,0.51666666666666661,0.51666666666666661,0.49298963354937758,1,0.5,1,0.20000000000000001,0,0.71254485845565796
lexical_bm25,oracle,962,no acute abnormality,oracle,1,3,True,True,10,1,1,1,1,1,1,0,0,,1,1,1,1,1,1,0,0.66666666666666674,0.99999982118606567,1,1,1,1,1,1,0,0.40000000000000002,0.71556150913238525,1,1,1,1,1,1,0,0.69999999999999996,0.75394916534423828
lexical_bm25,oracle,972,lung opacity atelectasis,oracle,2,3,True,True,10,1,1,1,1,1,1,0,0,,0.66666666666666663,0.66666666666666663,0.73463936301137822,1,1,1,0,0,0.69733595848083496,0.80000000000000004,0.80000000000000004,0.80821681631433218,1,1,1,0,0,0.68134927749633789,0.76666666666666661,0.76666666666666661,0.77652100030409277,1,1,1,0,0,0.71335035562515259
lexical_bm25,oracle,980,no acute abnormality,oracle,1,3,True,True,10,1,1,1,1,1,1,0,0,,1,1,1,1,1,1,0,0.66666666666666674,0.99999982118606567,1,1,1,1,1,1,0,0.40000000000000002,0.71556150913238525,1,1,1,1,1,1,0,0.69999999999999996,0.75394916534423828
lexical_bm25,oracle,981,cardiomegaly,oracle,1,1,True,True,10,1,1,1,1,1,1,0,0,,0.77777777777777768,0.77777777777777768,0.80261205935608981,1,1,1,0,0,0.73306912183761597,0.86666666666666659,0.86666666666666659,0.85734249017698161,1,1,1,0,0,0.71242028474807739,0.88333333333333319,0.88333333333333319,0.87074307636795034,1,1,1,0,0,0.70612478256225586
lexical_bm25,oracle,984,lung opacity atelectasis,oracle,2,3,True,True,10,1,1,1,1,1,1,0,0,,0.66666666666666663,0.66666666666666663,0.73463936301137822,1,1,1,0,0,0.69733595848083496,0.80000000000000004,0.80000000000000004,0.80821681631433218,1,1,1,0,0,0.68134927749633789,0.76666666666666661,0.76666666666666661,0.77652100030409277,1,1,1,0,0,0.71335035562515259
lexical_bm25,oracle,1014,cardiomegaly,oracle,1,1,False,True,10,1,1,1,1,1,1,0,0,,0.77777777777777768,0.77777777777777768,0.80261205935608981,1,1,1,0,0,0.73306912183761597,0.86666666666666659,0.86666666666666659,0.85734249017698161,1,1,1,0,0,0.71242028474807739,0.88333333333333319,0.88333333333333319,0.87074307636795034,1,1,1,0,0,0.70612478256225586
lexical_bm25,oracle,1049,no acute abnormality,oracle,1,3,True,True,10,1,1,1,1,1,1,0,0,,1,1,1,1,1,1,0,0.66666666666666674,0.99999982118606567,1,1,1,1,1,1,0,0.40000000000000002,0.71556150913238525,1,1,1,1,1,1,0,0.69999999999999996,0.75394916534423828
lexical_bm25,oracle,1055,no acute abnormality,oracle,1,3,True,True,10,1,1,1,1,1,1,0,0,,1,1,1,1,1,1,0,0.66666666666666674,0.99999982118606567,1,1,1,1,1,1,0,0.40000000000000002,0.71556150913238525,1,1,1,1,1,1,0,0.69999999999999996,0.75394916534423828
lexical_bm25,oracle,1064,lung opacity atelectasis,oracle,2,3,True,True,10,1,1,1,1,1,1,0,0,,0.66666666666666663,0.66666666666666663,0.73463936301137822,1,1,1,0,0,0.69733595848083496,0.80000000000000004,0.80000000000000004,0.80821681631433218,1,1,1,0,0,0.68134927749633789,0.76666666666666661,0.76666666666666661,0.77652100030409277,1,1,1,0,0,0.71335035562515259
lexical_bm25,oracle,1079,atelectasis,oracle,1,1,True,True,10,0.33333333333333331,0.33333333333333331,0.33333333333333331,0,0,1,0,0,,0.44444444444444442,0.44444444444444442,0.4217868789962072,0,0,1,0,0,0.6185038685798645,0.56666666666666665,0.56666666666666665,0.51650747404241726,1,0.25,1,0,0,0.61692237854003906,0.68333333333333335,0.68333333333333335,0.61840371077358891,1,0.25,1,0,0,0.6786266565322876
lexical_bm25,oracle,1085,lung opacity atelectasis,oracle,2,3,True,True,10,1,1,1,1,1,1,0,0,,0.66666666666666663,0.66666666666666663,0.73463936301137822,1,1,1,0,0,0.69733595848083496,0.80000000000000004,0.80000000000000004,0.80821681631433218,1,1,1,0,0,0.68134927749633789,0.76666666666666661,0.76666666666666661,0.77652100030409277,1,1,1,0,0,0.71335035562515259
lexical_bm25,oracle,1125,cardiomegaly lung opacity,oracle,2,3,True,True,10,0.66666666666666663,0.66666666666666663,0.66666666666666663,0,0,1,0,0,,0.61111111111111105,0.61111111111111105,0.6275601061647702,0,0,1,0,0,0.59611713886260986,0.43333333333333329,0.43333333333333329,0.49728939049461379,0,0,1,0.20000000000000001,0,0.6020691990852356,0.5,0.5,0.51979624130795865,1,0.1111111111111111,1,0.10000000000000001,0,0.59779912233352661
lexical_bm25,oracle,1159,no acute abnormality,oracle,1,3,True,True,10,1,1,1,1,1,1,0,0,,1,1,1,1,1,1,0,0.66666666666666674,0.99999982118606567,1,1,1,1,1,1,0,0.40000000000000002,0.71556150913238525,1,1,1,1,1,1,0,0.69999999999999996,0.75394916534423828
lexical_bm25,oracle,1162,no acute abnormality,oracle,1,3,True,True,10,1,1,1,1,1,1,0,0,,1,1,1,1,1,1,0,0.66666666666666674,0.99999982118606567,1,1,1,1,1,1,0,0.40000000000000002,0.71556150913238525,1,1,1,1,1,1,0,0.69999999999999996,0.75394916534423828
lexical_bm25,oracle,1191,no acute abnormality,oracle,1,3,True,True,10,1,1,1,1,1,1,0,0,,1,1,1,1,1,1,0,0.66666666666666674,0.99999982118606567,1,1,1,1,1,1,0,0.40000000000000002,0.71556150913238525,1,1,1,1,1,1,0,0.69999999999999996,0.75394916534423828
lexical_bm25,oracle,1206,no acute abnormality,oracle,1,3,True,True,10,1,1,1,1,1,1,0,0,,1,1,1,1,1,1,0,0.66666666666666674,0.99999982118606567,1,1,1,1,1,1,0,0.40000000000000002,0.71556150913238525,1,1,1,1,1,1,0,0.69999999999999996,0.75394916534423828
lexical_bm25,oracle,1214,atelectasis,oracle,1,1,True,True,10,0.33333333333333331,0.33333333333333331,0.33333333333333331,0,0,1,0,0,,0.44444444444444442,0.44444444444444442,0.4217868789962072,0,0,1,0,0,0.6185038685798645,0.56666666666666665,0.56666666666666665,0.51650747404241726,1,0.25,1,0,0,0.61692237854003906,0.68333333333333335,0.68333333333333335,0.61840371077358891,1,0.25,1,0,0,0.6786266565322876
lexical_bm25,oracle,1226,consolidation pneumonia,oracle,2,2,True,True,10,0,0,0,0,0,0,1,0,,0.22222222222222221,0.22222222222222221,0.23981246656813146,0,0,1,0.66666666666666663,0,0.58733707666397095,0.13333333333333333,0.13333333333333333,0.18823913541837192,0,0,1,0.80000000000000004,0,0.66169446706771851,0.16666666666666666,0.16666666666666666,0.26299536985904992,1,0.16666666666666666,1,0.80000000000000004,0,0.61835122108459473
lexical_bm25,oracle,1234,cardiomegaly atelectasis support device,oracle,3,4,True,True,10,0.40000000000000002,0.40000000000000002,0.40000000000000002,0,0,0.66666666666666663,0,0,,0.37777777777777777,0.37777777777777777,0.3843573757992414,0,0,1,0,0,0.53630441427230835,0.39333333333333331,0.39333333333333331,0.40537406137188076,0,0,1,0,0,0.40825930237770081,0.48666666666666669,0.48666666666666669,0.52899224141457535,0,0,1,0,0,0.52366000413894653
lexical_bm25,oracle,1239,no acute abnormality,oracle,1,3,True,True,10,1,1,1,1,1,1,0,0,,1,1,1,1,1,1,0,0.66666666666666674,0.99999982118606567,1,1,1,1,1,1,0,0.40000000000000002,0.71556150913238525,1,1,1,1,1,1,0,0.69999999999999996,0.75394916534423828
lexical_bm25,oracle,1260,no acute abnormality,oracle,1,3,True,True,10,1,1,1,1,1,1,0,0,,1,1,1,1,1,1,0,0.66666666666666674,0.99999982118606567,1,1,1,1,1,1,0,0.40000000000000002,0.71556150913238525,1,1,1,1,1,1,0,0.69999999999999996,0.75394916534423828
lexical_bm25,oracle,1263,no acute abnormality,oracle,1,3,True,True,10,1,1,1,1,1,1,0,0,,1,1,1,1,1,1,0,0.66666666666666674,0.99999982118606567,1,1,1,1,1,1,0,0.40000000000000002,0.71556150913238525,1,1,1,1,1,1,0,0.69999999999999996,0.75394916534423828
lexical_bm25,oracle,1277,atelectasis,oracle,1,1,True,True,10,0.33333333333333331,0.33333333333333331,0.33333333333333331,0,0,1,0,0,,0.44444444444444442,0.44444444444444442,0.4217868789962072,0,0,1,0,0,0.6185038685798645,0.56666666666666665,0.56666666666666665,0.51650747404241726,1,0.25,1,0,0,0.61692237854003906,0.68333333333333335,0.68333333333333335,0.61840371077358891,1,0.25,1,0,0,0.6786266565322876
lexical_bm25,oracle,1285,lung lesion,oracle,1,2,True,True,10,0,0,0,0,0,0,1,0,,0,0,0,0,0,0,1,0,0.51725125312805176,0.20000000000000001,0.20000000000000001,0.14606834984270645,1,0.25,1,0.80000000000000004,0,0.54078376293182373,0.11666666666666667,0.11666666666666667,0.106360234692347,1,0.25,1,0.80000000000000004,0,0.57630133628845215
lexical_bm25,oracle,1288,lung opacity,oracle,1,2,True,True,10,0,0,0,0,0,0,1,0,,0.5,0.5,0.41340159247155434,1,0.5,1,0.33333333333333331,0,0.71375292539596558,0.69999999999999996,0.69999999999999996,0.57604974340797988,1,0.5,1,0.20000000000000001,0,0.72270810604095459,0.51666666666666661,0.51666666666666661,0.49298963354937758,1,0.5,1,0.20000000000000001,0,0.71254485845565796
lexical_bm25,oracle,1294,no acute abnormality,oracle,1,3,True,True,10,1,1,1,1,1,1,0,0,,1,1,1,1,1,1,0,0.66666666666666674,0.99999982118606567,1,1,1,1,1,1,0,0.40000000000000002,0.71556150913238525,1,1,1,1,1,1,0,0.69999999999999996,0.75394916534423828
lexical_bm25,oracle,1312,no acute abnormality,oracle,1,3,False,True,10,1,1,1,1,1,1,0,0,,1,1,1,1,1,1,0,0.66666666666666674,0.99999982118606567,1,1,1,1,1,1,0,0.40000000000000002,0.71556150913238525,1,1,1,1,1,1,0,0.69999999999999996,0.75394916534423828
lexical_bm25,oracle,1314,no acute abnormality,oracle,1,3,True,True,10,1,1,1,1,1,1,0,0,,1,1,1,1,1,1,0,0.66666666666666674,0.99999982118606567,1,1,1,1,1,1,0,0.40000000000000002,0.71556150913238525,1,1,1,1,1,1,0,0.69999999999999996,0.75394916534423828
lexical_bm25,oracle,1334,no acute abnormality,oracle,1,3,True,True,10,1,1,1,1,1,1,0,0,,1,1,1,1,1,1,0,0.66666666666666674,0.99999982118606567,1,1,1,1,1,1,0,0.40000000000000002,0.71556150913238525,1,1,1,1,1,1,0,0.69999999999999996,0.75394916534423828
lexical_bm25,oracle,1357,cardiomegaly,oracle,1,1,False,True,10,1,1,1,1,1,1,0,0,,0.77777777777777768,0.77777777777777768,0.80261205935608981,1,1,1,0,0,0.73306912183761597,0.86666666666666659,0.86666666666666659,0.85734249017698161,1,1,1,0,0,0.71242028474807739,0.88333333333333319,0.88333333333333319,0.87074307636795034,1,1,1,0,0,0.70612478256225586
lexical_bm25,oracle,1361,cardiomegaly lung opacity,oracle,2,3,True,True,10,0.66666666666666663,0.66666666666666663,0.66666666666666663,0,0,1,0,0,,0.61111111111111105,0.61111111111111105,0.6275601061647702,0,0,1,0,0,0.59611713886260986,0.43333333333333329,0.43333333333333329,0.49728939049461379,0,0,1,0.20000000000000001,0,0.6020691990852356,0.5,0.5,0.51979624130795865,1,0.1111111111111111,1,0.10000000000000001,0,0.59779912233352661
lexical_bm25,oracle,1365,fracture,oracle,1,1,True,True,10,1,1,1,1,1,1,0,0,,0.66666666666666663,0.66666666666666663,0.76536063698862167,1,1,1,0.33333333333333331,0,0.59695583581924438,0.66666666666666674,0.66666666666666674,0.74294984568829736,1,1,1,0.20000000000000001,0,0.56320726871490479,0.3833333333333333,0.3833333333333333,0.5168392247234479,1,1,1,0.5,0,0.59001177549362183
lexical_bm25,oracle,1380,no acute abnormality,oracle,1,3,True,True,10,1,1,1,1,1,1,0,0,,1,1,1,1,1,1,0,0.66666666666666674,0.99999982118606567,1,1,1,1,1,1,0,0.40000000000000002,0.71556150913238525,1,1,1,1,1,1,0,0.69999999999999996,0.75394916534423828
lexical_bm25,oracle,1394,lung lesion,oracle,1,2,True,True,10,0,0,0,0,0,0,1,0,,0,0,0,0,0,0,1,0,0.51725125312805176,0.20000000000000001,0.20000000000000001,0.14606834984270645,1,0.25,1,0.80000000000000004,0,0.54078376293182373,0.11666666666666667,0.11666666666666667,0.106360234692347,1,0.25,1,0.80000000000000004,0,0.57630133628845215
lexical_bm25,oracle,1397,no acute abnormality,oracle,1,3,True,True,10,1,1,1,1,1,1,0,0,,1,1,1,1,1,1,0,0.66666666666666674,0.99999982118606567,1,1,1,1,1,1,0,0.40000000000000002,0.71556150913238525,1,1,1,1,1,1,0,0.69999999999999996,0.75394916534423828
lexical_bm25,oracle,1422,lung opacity consolidation pneumonia,oracle,3,4,True,True,10,0.33333333333333331,0.33333333333333331,0.33333333333333331,0,0,0.33333333333333331,0,0,,0.30555555555555552,0.30555555555555552,0.33333333333333331,0,0,0.33333333333333331,0,0,0.74164789915084839,0.25,0.25,0.31266563291427374,0,0,0.33333333333333331,0.20000000000000001,0,0.68557149171829224,0.34499999999999997,0.34499999999999997,0.41407810455614352,0,0,1,0.10000000000000001,0,0.71306973695755005
lexical_bm25,oracle,1423,cardiomegaly,oracle,1,1,False,True,10,1,1,1,1,1,1,0,0,,0.77777777777777768,0.77777777777777768,0.80261205935608981,1,1,1,0,0,0.73306912183761597,0.86666666666666659,0.86666666666666659,0.85734249017698161,1,1,1,0,0,0.71242028474807739,0.88333333333333319,0.88333333333333319,0.87074307636795034,1,1,1,0,0,0.70612478256225586
lexical_bm25,oracle,1431,no acute abnormality,oracle,1,3,True,True,10,1,1,1,1,1,1,0,0,,1,1,1,1,1,1,0,0.66666666666666674,0.99999982118606567,1,1,1,1,1,1,0,0.40000000000000002,0.71556150913238525,1,1,1,1,1,1,0,0.69999999999999996,0.75394916534423828
lexical_bm25,oracle,1435,no acute abnormality,oracle,1,3,True,True,10,1,1,1,1,1,1,0,0,,1,1,1,1,1,1,0,0.66666666666666674,0.99999982118606567,1,1,1,1,1,1,0,0.40000000000000002,0.71556150913238525,1,1,1,1,1,1,0,0.69999999999999996,0.75394916534423828
lexical_bm25,oracle,1451,atelectasis,oracle,1,1,True,True,10,0.33333333333333331,0.33333333333333331,0.33333333333333331,0,0,1,0,0,,0.44444444444444442,0.44444444444444442,0.4217868789962072,0,0,1,0,0,0.6185038685798645,0.56666666666666665,0.56666666666666665,0.51650747404241726,1,0.25,1,0,0,0.61692237854003906,0.68333333333333335,0.68333333333333335,0.61840371077358891,1,0.25,1,0,0,0.6786266565322876
lexical_bm25,oracle,1456,no acute abnormality,oracle,1,3,True,True,10,1,1,1,1,1,1,0,0,,1,1,1,1,1,1,0,0.66666666666666674,0.99999982118606567,1,1,1,1,1,1,0,0.40000000000000002,0.71556150913238525,1,1,1,1,1,1,0,0.69999999999999996,0.75394916534423828
lexical_bm25,oracle,1466,no acute abnormality,oracle,1,3,True,True,10,1,1,1,1,1,1,0,0,,1,1,1,1,1,1,0,0.66666666666666674,0.99999982118606567,1,1,1,1,1,1,0,0.40000000000000002,0.71556150913238525,1,1,1,1,1,1,0,0.69999999999999996,0.75394916534423828
lexical_bm25,oracle,1469,no acute abnormality,oracle,1,3,False,True,10,1,1,1,1,1,1,0,0,,1,1,1,1,1,1,0,0.66666666666666674,0.99999982118606567,1,1,1,1,1,1,0,0.40000000000000002,0.71556150913238525,1,1,1,1,1,1,0,0.69999999999999996,0.75394916534423828
lexical_bm25,oracle,1473,no acute abnormality,oracle,1,3,True,True,10,1,1,1,1,1,1,0,0,,1,1,1,1,1,1,0,0.66666666666666674,0.99999982118606567,1,1,1,1,1,1,0,0.40000000000000002,0.71556150913238525,1,1,1,1,1,1,0,0.69999999999999996,0.75394916534423828
lexical_bm25,oracle,1502,no acute abnormality,oracle,1,3,True,True,10,1,1,1,1,1,1,0,0,,1,1,1,1,1,1,0,0.66666666666666674,0.99999982118606567,1,1,1,1,1,1,0,0.40000000000000002,0.71556150913238525,1,1,1,1,1,1,0,0.69999999999999996,0.75394916534423828
lexical_bm25,oracle,1503,no acute abnormality,oracle,1,3,True,True,10,1,1,1,1,1,1,0,0,,1,1,1,1,1,1,0,0.66666666666666674,0.99999982118606567,1,1,1,1,1,1,0,0.40000000000000002,0.71556150913238525,1,1,1,1,1,1,0,0.69999999999999996,0.75394916534423828
lexical_bm25,oracle,1510,no acute abnormality,oracle,1,3,True,True,10,1,1,1,1,1,1,0,0,,1,1,1,1,1,1,0,0.66666666666666674,0.99999982118606567,1,1,1,1,1,1,0,0.40000000000000002,0.71556150913238525,1,1,1,1,1,1,0,0.69999999999999996,0.75394916534423828
lexical_bm25,oracle,1518,no acute abnormality,oracle,1,3,True,True,10,1,1,1,1,1,1,0,0,,1,1,1,1,1,1,0,0.66666666666666674,0.99999982118606567,1,1,1,1,1,1,0,0.40000000000000002,0.71556150913238525,1,1,1,1,1,1,0,0.69999999999999996,0.75394916534423828
lexical_bm25,oracle,1529,support device,oracle,1,2,True,True,10,1,1,1,1,1,1,0,0,,1,1,1,1,1,1,0,0,0.45086362957954407,1,1,1,1,1,1,0,0,0.55285274982452393,0.72499999999999998,0.72499999999999998,0.81318000494387221,1,1,1,0.10000000000000001,0,0.51251065731048584
lexical_bm25,oracle,1537,no acute abnormality,oracle,1,3,True,True,10,1,1,1,1,1,1,0,0,,1,1,1,1,1,1,0,0.66666666666666674,0.99999982118606567,1,1,1,1,1,1,0,0.40000000000000002,0.71556150913238525,1,1,1,1,1,1,0,0.69999999999999996,0.75394916534423828
lexical_bm25,oracle,1545,no acute abnormality,oracle,1,3,True,True,10,1,1,1,1,1,1,0,0,,1,1,1,1,1,1,0,0.66666666666666674,0.99999982118606567,1,1,1,1,1,1,0,0.40000000000000002,0.71556150913238525,1,1,1,1,1,1,0,0.69999999999999996,0.75394916534423828
lexical_bm25,oracle,1556,lung opacity,oracle,1,2,True,True,10,0,0,0,0,0,0,1,0,,0.5,0.5,0.41340159247155434,1,0.5,1,0.33333333333333331,0,0.71375292539596558,0.69999999999999996,0.69999999999999996,0.57604974340797988,1,0.5,1,0.20000000000000001,0,0.72270810604095459,0.51666666666666661,0.51666666666666661,0.49298963354937758,1,0.5,1,0.20000000000000001,0,0.71254485845565796
lexical_bm25,oracle,1567,lung opacity,oracle,1,2,True,True,10,0,0,0,0,0,0,1,0,,0.5,0.5,0.41340159247155434,1,0.5,1,0.33333333333333331,0,0.71375292539596558,0.69999999999999996,0.69999999999999996,0.57604974340797988,1,0.5,1,0.20000000000000001,0,0.72270810604095459,0.51666666666666661,0.51666666666666661,0.49298963354937758,1,0.5,1,0.20000000000000001,0,0.71254485845565796
lexical_bm25,oracle,1571,lung lesion atelectasis pleural effusion support device,oracle,4,7,False,False,10,0,0,0,,,0,1,0,,0.16666666666666666,0.16666666666666666,0.1856177368325484,,,0.5,0.33333333333333331,0,0.67534905672073364,0.13999999999999999,0.13999999999999999,0.18317773966560089,,,0.5,0.40000000000000002,0,0.68500161170959473,0.15999999999999998,0.15999999999999998,0.2327156037579638,,,0.5,0.29999999999999999,0,0.57254886627197266
lexical_bm25,oracle,1581,lung lesion,oracle,1,2,True,True,10,0,0,0,0,0,0,1,0,,0,0,0,0,0,0,1,0,0.51725125312805176,0.20000000000000001,0.20000000000000001,0.14606834984270645,1,0.25,1,0.80000000000000004,0,0.54078376293182373,0.11666666666666667,0.11666666666666667,0.106360234692347,1,0.25,1,0.80000000000000004,0,0.57630133628845215
lexical_bm25,oracle,1582,no acute abnormality,oracle,1,3,True,True,10,1,1,1,1,1,1,0,0,,1,1,1,1,1,1,0,0.66666666666666674,0.99999982118606567,1,1,1,1,1,1,0,0.40000000000000002,0.71556150913238525,1,1,1,1,1,1,0,0.69999999999999996,0.75394916534423828
lexical_bm25,oracle,1595,cardiomegaly lung opacity,oracle,2,3,True,True,10,0.66666666666666663,0.66666666666666663,0.66666666666666663,0,0,1,0,0,,0.61111111111111105,0.61111111111111105,0.6275601061647702,0,0,1,0,0,0.59611713886260986,0.43333333333333329,0.43333333333333329,0.49728939049461379,0,0,1,0.20000000000000001,0,0.6020691990852356,0.5,0.5,0.51979624130795865,1,0.1111111111111111,1,0.10000000000000001,0,0.59779912233352661
lexical_bm25,oracle,1616,no acute abnormality,oracle,1,3,True,True,10,1,1,1,1,1,1,0,0,,1,1,1,1,1,1,0,0.66666666666666674,0.99999982118606567,1,1,1,1,1,1,0,0.40000000000000002,0.71556150913238525,1,1,1,1,1,1,0,0.69999999999999996,0.75394916534423828
lexical_bm25,oracle,1622,no acute abnormality,oracle,1,3,True,True,10,1,1,1,1,1,1,0,0,,1,1,1,1,1,1,0,0.66666666666666674,0.99999982118606567,1,1,1,1,1,1,0,0.40000000000000002,0.71556150913238525,1,1,1,1,1,1,0,0.69999999999999996,0.75394916534423828
lexical_bm25,oracle,1623,no acute abnormality,oracle,1,3,True,True,10,1,1,1,1,1,1,0,0,,1,1,1,1,1,1,0,0.66666666666666674,0.99999982118606567,1,1,1,1,1,1,0,0.40000000000000002,0.71556150913238525,1,1,1,1,1,1,0,0.69999999999999996,0.75394916534423828
lexical_bm25,oracle,1629,no acute abnormality,oracle,1,3,False,True,10,1,1,1,1,1,1,0,0,,1,1,1,1,1,1,0,0.66666666666666674,0.99999982118606567,1,1,1,1,1,1,0,0.40000000000000002,0.71556150913238525,1,1,1,1,1,1,0,0.69999999999999996,0.75394916534423828
lexical_bm25,oracle,1631,lung opacity lung lesion,oracle,2,4,True,True,10,0,0,0,0,0,0,1,0,,0.1111111111111111,0.1111111111111111,0.07821312100379274,0,0,0.5,0.66666666666666663,0,0.60584896802902222,0.16666666666666666,0.16666666666666666,0.1221292396351069,0,0,0.5,0.59999999999999998,0,0.58565264940261841,0.26666666666666666,0.26666666666666666,0.22263569481862497,0,0,0.5,0.40000000000000002,0,0.58885878324508667
lexical_bm25,oracle,1647,no acute abnormality,oracle,1,3,True,True,10,1,1,1,1,1,1,0,0,,1,1,1,1,1,1,0,0.66666666666666674,0.99999982118606567,1,1,1,1,1,1,0,0.40000000000000002,0.71556150913238525,1,1,1,1,1,1,0,0.69999999999999996,0.75394916534423828
lexical_bm25,oracle,1655,no acute abnormality,oracle,1,3,True,True,10,1,1,1,1,1,1,0,0,,1,1,1,1,1,1,0,0.66666666666666674,0.99999982118606567,1,1,1,1,1,1,0,0.40000000000000002,0.71556150913238525,1,1,1,1,1,1,0,0.69999999999999996,0.75394916534423828
lexical_bm25,oracle,1661,no acute abnormality,oracle,1,3,True,True,10,1,1,1,1,1,1,0,0,,1,1,1,1,1,1,0,0.66666666666666674,0.99999982118606567,1,1,1,1,1,1,0,0.40000000000000002,0.71556150913238525,1,1,1,1,1,1,0,0.69999999999999996,0.75394916534423828
lexical_bm25,oracle,1672,no acute abnormality,oracle,1,3,True,True,10,1,1,1,1,1,1,0,0,,1,1,1,1,1,1,0,0.66666666666666674,0.99999982118606567,1,1,1,1,1,1,0,0.40000000000000002,0.71556150913238525,1,1,1,1,1,1,0,0.69999999999999996,0.75394916534423828
lexical_bm25,oracle,1707,no acute abnormality,oracle,1,3,True,True,10,1,1,1,1,1,1,0,0,,1,1,1,1,1,1,0,0.66666666666666674,0.99999982118606567,1,1,1,1,1,1,0,0.40000000000000002,0.71556150913238525,1,1,1,1,1,1,0,0.69999999999999996,0.75394916534423828
lexical_bm25,oracle,1735,support device,oracle,1,2,True,True,10,1,1,1,1,1,1,0,0,,1,1,1,1,1,1,0,0,0.45086362957954407,1,1,1,1,1,1,0,0,0.55285274982452393,0.72499999999999998,0.72499999999999998,0.81318000494387221,1,1,1,0.10000000000000001,0,0.51251065731048584
lexical_bm25,oracle,1748,no acute abnormality,oracle,1,3,True,True,10,1,1,1,1,1,1,0,0,,1,1,1,1,1,1,0,0.66666666666666674,0.99999982118606567,1,1,1,1,1,1,0,0.40000000000000002,0.71556150913238525,1,1,1,1,1,1,0,0.69999999999999996,0.75394916534423828
lexical_bm25,oracle,1751,no acute abnormality,oracle,1,3,True,True,10,1,1,1,1,1,1,0,0,,1,1,1,1,1,1,0,0.66666666666666674,0.99999982118606567,1,1,1,1,1,1,0,0.40000000000000002,0.71556150913238525,1,1,1,1,1,1,0,0.69999999999999996,0.75394916534423828
lexical_bm25,oracle,1753,cardiomegaly,oracle,1,1,True,True,10,1,1,1,1,1,1,0,0,,0.77777777777777768,0.77777777777777768,0.80261205935608981,1,1,1,0,0,0.73306912183761597,0.86666666666666659,0.86666666666666659,0.85734249017698161,1,1,1,0,0,0.71242028474807739,0.88333333333333319,0.88333333333333319,0.87074307636795034,1,1,1,0,0,0.70612478256225586
lexical_bm25,oracle,1793,no acute abnormality,oracle,1,3,False,True,10,1,1,1,1,1,1,0,0,,1,1,1,1,1,1,0,0.66666666666666674,0.99999982118606567,1,1,1,1,1,1,0,0.40000000000000002,0.71556150913238525,1,1,1,1,1,1,0,0.69999999999999996,0.75394916534423828
lexical_bm25,oracle,1819,cardiomegaly lung opacity atelectasis,oracle,3,4,True,True,10,1,1,1,1,1,1,0,0,,0.88888888888888884,0.88888888888888884,0.92178687899620715,1,1,1,0,0,0.69432467222213745,0.75,0.75,0.81948615998549279,1,1,1,0,0,0.698039710521698,0.68333333333333335,0.68333333333333335,0.74880598073682147,1,1,1,0,0,0.67066097259521484
lexical_bm25,oracle,1826,no acute abnormality,oracle,1,3,True,True,10,1,1,1,1,1,1,0,0,,1,1,1,1,1,1,0,0.66666666666666674,0.99999982118606567,1,1,1,1,1,1,0,0.40000000000000002,0.71556150913238525,1,1,1,1,1,1,0,0.69999999999999996,0.75394916534423828
lexical_bm25,oracle,1832,cardiomegaly lung opacity atelectasis,oracle,3,4,True,True,10,1,1,1,1,1,1,0,0,,0.88888888888888884,0.88888888888888884,0.92178687899620715,1,1,1,0,0,0.69432467222213745,0.75,0.75,0.81948615998549279,1,1,1,0,0,0.698039710521698,0.68333333333333335,0.68333333333333335,0.74880598073682147,1,1,1,0,0,0.67066097259521484
lexical_bm25,oracle,1833,atelectasis,oracle,1,1,True,True,10,0.33333333333333331,0.33333333333333331,0.33333333333333331,0,0,1,0,0,,0.44444444444444442,0.44444444444444442,0.4217868789962072,0,0,1,0,0,0.6185038685798645,0.56666666666666665,0.56666666666666665,0.51650747404241726,1,0.25,1,0,0,0.61692237854003906,0.68333333333333335,0.68333333333333335,0.61840371077358891,1,0.25,1,0,0,0.6786266565322876
lexical_bm25,oracle,1837,no acute abnormality,oracle,1,3,True,True,10,1,1,1,1,1,1,0,0,,1,1,1,1,1,1,0,0.66666666666666674,0.99999982118606567,1,1,1,1,1,1,0,0.40000000000000002,0.71556150913238525,1,1,1,1,1,1,0,0.69999999999999996,0.75394916534423828
lexical_bm25,oracle,1882,no acute abnormality,oracle,1,3,True,True,10,1,1,1,1,1,1,0,0,,1,1,1,1,1,1,0,0.66666666666666674,0.99999982118606567,1,1,1,1,1,1,0,0.40000000000000002,0.71556150913238525,1,1,1,1,1,1,0,0.69999999999999996,0.75394916534423828
lexical_bm25,oracle,1907,no acute abnormality,oracle,1,3,True,True,10,1,1,1,1,1,1,0,0,,1,1,1,1,1,1,0,0.66666666666666674,0.99999982118606567,1,1,1,1,1,1,0,0.40000000000000002,0.71556150913238525,1,1,1,1,1,1,0,0.69999999999999996,0.75394916534423828
lexical_bm25,oracle,1914,lung opacity,oracle,1,2,True,True,10,0,0,0,0,0,0,1,0,,0.5,0.5,0.41340159247155434,1,0.5,1,0.33333333333333331,0,0.71375292539596558,0.69999999999999996,0.69999999999999996,0.57604974340797988,1,0.5,1,0.20000000000000001,0,0.72270810604095459,0.51666666666666661,0.51666666666666661,0.49298963354937758,1,0.5,1,0.20000000000000001,0,0.71254485845565796
lexical_bm25,oracle,1918,lung opacity support device,oracle,2,4,True,True,10,1,1,1,1,1,1,0,0,,0.5,0.5,0.5865984075284455,1,1,1,0.33333333333333331,0,0.61018878221511841,0.5,0.5,0.56258697026954418,1,1,1,0.20000000000000001,0,0.58452177047729492,0.48333333333333328,0.48333333333333328,0.52838734086236949,1,1,1,0.10000000000000001,0,0.57201129198074341
lexical_bm25,oracle,1937,no acute abnormality,oracle,1,3,True,True,10,1,1,1,1,1,1,0,0,,1,1,1,1,1,1,0,0.66666666666666674,0.99999982118606567,1,1,1,1,1,1,0,0.40000000000000002,0.71556150913238525,1,1,1,1,1,1,0,0.69999999999999996,0.75394916534423828
lexical_bm25,oracle,1939,lung opacity,oracle,1,2,False,True,10,0,0,0,0,0,0,1,0,,0.5,0.5,0.41340159247155434,1,0.5,1,0.33333333333333331,0,0.71375292539596558,0.69999999999999996,0.69999999999999996,0.57604974340797988,1,0.5,1,0.20000000000000001,0,0.72270810604095459,0.51666666666666661,0.51666666666666661,0.49298963354937758,1,0.5,1,0.20000000000000001,0,0.71254485845565796
lexical_bm25,oracle,1941,cardiomegaly lung opacity support device,oracle,3,5,False,True,10,0.75,0.75,0.75,0,0,1,0,0,,0.58333333333333337,0.58333333333333337,0.61731968150568906,0,0,1,0,0,0.67664986848831177,0.55000000000000004,0.55000000000000004,0.62568424287966662,0,0,1,0,0,0.61874258518218994,0.39999999999999997,0.39999999999999997,0.53744529640045413,0,0,1,0.10000000000000001,0,0.55433601140975952
lexical_bm25,oracle,1945,lung opacity atelectasis support device,oracle,3,5,False,True,10,0.66666666666666663,0.66666666666666663,0.66666666666666663,0,0,0.66666666666666663,0,0,,0.44444444444444442,0.44444444444444442,0.4897595753409188,0,0,0.66666666666666663,0,0,0.69733595848083496,0.53333333333333333,0.53333333333333333,0.53881121087622141,0,0,0.66666666666666663,0,0,0.68134927749633789,0.51666666666666672,0.51666666666666672,0.54888711275429725,0,0,0.66666666666666663,0,0,0.71335035562515259
lexical_bm25,oracle,1947,lung lesion,oracle,1,2,True,True,10,0,0,0,0,0,0,1,0,,0,0,0,0,0,0,1,0,0.51725125312805176,0.20000000000000001,0.20000000000000001,0.14606834984270645,1,0.25,1,0.80000000000000004,0,0.54078376293182373,0.11666666666666667,0.11666666666666667,0.106360234692347,1,0.25,1,0.80000000000000004,0,0.57630133628845215
lexical_bm25,oracle,1948,no acute abnormality,oracle,1,3,True,True,10,1,1,1,1,1,1,0,0,,1,1,1,1,1,1,0,0.66666666666666674,0.99999982118606567,1,1,1,1,1,1,0,0.40000000000000002,0.71556150913238525,1,1,1,1,1,1,0,0.69999999999999996,0.75394916534423828
lexical_bm25,oracle,1960,no acute abnormality,oracle,1,3,True,True,10,1,1,1,1,1,1,0,0,,1,1,1,1,1,1,0,0.66666666666666674,0.99999982118606567,1,1,1,1,1,1,0,0.40000000000000002,0.71556150913238525,1,1,1,1,1,1,0,0.69999999999999996,0.75394916534423828
lexical_bm25,oracle,1976,lung opacity,oracle,1,2,True,True,10,0,0,0,0,0,0,1,0,,0.5,0.5,0.41340159247155434,1,0.5,1,0.33333333333333331,0,0.71375292539596558,0.69999999999999996,0.69999999999999996,0.57604974340797988,1,0.5,1,0.20000000000000001,0,0.72270810604095459,0.51666666666666661,0.51666666666666661,0.49298963354937758,1,0.5,1,0.20000000000000001,0,0.71254485845565796
lexical_bm25,oracle,1980,no acute abnormality,oracle,1,3,True,True,10,1,1,1,1,1,1,0,0,,1,1,1,1,1,1,0,0.66666666666666674,0.99999982118606567,1,1,1,1,1,1,0,0.40000000000000002,0.71556150913238525,1,1,1,1,1,1,0,0.69999999999999996,0.75394916534423828
lexical_bm25,oracle,1988,lung opacity lung lesion,oracle,2,4,True,True,10,0,0,0,0,0,0,1,0,,0.1111111111111111,0.1111111111111111,0.07821312100379274,0,0,0.5,0.66666666666666663,0,0.60584896802902222,0.16666666666666666,0.16666666666666666,0.1221292396351069,0,0,0.5,0.59999999999999998,0,0.58565264940261841,0.26666666666666666,0.26666666666666666,0.22263569481862497,0,0,0.5,0.40000000000000002,0,0.58885878324508667
lexical_bm25,oracle,2003,cardiomegaly,oracle,1,1,True,True,10,1,1,1,1,1,1,0,0,,0.77777777777777768,0.77777777777777768,0.80261205935608981,1,1,1,0,0,0.73306912183761597,0.86666666666666659,0.86666666666666659,0.85734249017698161,1,1,1,0,0,0.71242028474807739,0.88333333333333319,0.88333333333333319,0.87074307636795034,1,1,1,0,0,0.70612478256225586
lexical_bm25,oracle,2006,cardiomegaly,oracle,1,1,True,True,10,1,1,1,1,1,1,0,0,,0.77777777777777768,0.77777777777777768,0.80261205935608981,1,1,1,0,0,0.73306912183761597,0.86666666666666659,0.86666666666666659,0.85734249017698161,1,1,1,0,0,0.71242028474807739,0.88333333333333319,0.88333333333333319,0.87074307636795034,1,1,1,0,0,0.70612478256225586
lexical_bm25,oracle,2025,no acute abnormality,oracle,1,3,False,True,10,1,1,1,1,1,1,0,0,,1,1,1,1,1,1,0,0.66666666666666674,0.99999982118606567,1,1,1,1,1,1,0,0.40000000000000002,0.71556150913238525,1,1,1,1,1,1,0,0.69999999999999996,0.75394916534423828
lexical_bm25,oracle,2026,no acute abnormality,oracle,1,3,True,True,10,1,1,1,1,1,1,0,0,,1,1,1,1,1,1,0,0.66666666666666674,0.99999982118606567,1,1,1,1,1,1,0,0.40000000000000002,0.71556150913238525,1,1,1,1,1,1,0,0.69999999999999996,0.75394916534423828
lexical_bm25,oracle,2038,no acute abnormality,oracle,1,3,True,True,10,1,1,1,1,1,1,0,0,,1,1,1,1,1,1,0,0.66666666666666674,0.99999982118606567,1,1,1,1,1,1,0,0.40000000000000002,0.71556150913238525,1,1,1,1,1,1,0,0.69999999999999996,0.75394916534423828
lexical_bm25,oracle,2062,lung opacity atelectasis support device,oracle,3,5,True,True,10,0.66666666666666663,0.66666666666666663,0.66666666666666663,0,0,0.66666666666666663,0,0,,0.44444444444444442,0.44444444444444442,0.4897595753409188,0,0,0.66666666666666663,0,0,0.69733595848083496,0.53333333333333333,0.53333333333333333,0.53881121087622141,0,0,0.66666666666666663,0,0,0.68134927749633789,0.51666666666666672,0.51666666666666672,0.54888711275429725,0,0,0.66666666666666663,0,0,0.71335035562515259
lexical_bm25,oracle,2066,cardiomegaly lung opacity atelectasis,oracle,3,4,True,True,10,1,1,1,1,1,1,0,0,,0.88888888888888884,0.88888888888888884,0.92178687899620715,1,1,1,0,0,0.69432467222213745,0.75,0.75,0.81948615998549279,1,1,1,0,0,0.698039710521698,0.68333333333333335,0.68333333333333335,0.74880598073682147,1,1,1,0,0,0.67066097259521484
lexical_bm25,oracle,2069,no acute abnormality,oracle,1,3,True,True,10,1,1,1,1,1,1,0,0,,1,1,1,1,1,1,0,0.66666666666666674,0.99999982118606567,1,1,1,1,1,1,0,0.40000000000000002,0.71556150913238525,1,1,1,1,1,1,0,0.69999999999999996,0.75394916534423828
lexical_bm25,oracle,2074,lung opacity atelectasis pleural effusion,oracle,3,5,True,True,10,0.66666666666666663,0.66666666666666663,0.66666666666666663,0,0,0.66666666666666663,0,0,,0.55555555555555547,0.55555555555555547,0.56797269634471148,0,0,0.66666666666666663,0,0,0.65204757452011108,0.46666666666666662,0.46666666666666662,0.50291343597014138,0,0,0.66666666666666663,0,0,0.64988726377487183,0.45000000000000001,0.45000000000000001,0.48144560385453289,0,0,0.66666666666666663,0.10000000000000001,0,0.70465308427810669
lexical_bm25,oracle,2075,no acute abnormality,oracle,1,3,True,True,10,1,1,1,1,1,1,0,0,,1,1,1,1,1,1,0,0.66666666666666674,0.99999982118606567,1,1,1,1,1,1,0,0.40000000000000002,0.71556150913238525,1,1,1,1,1,1,0,0.69999999999999996,0.75394916534423828
lexical_bm25,oracle,2096,no acute abnormality,oracle,1,3,True,True,10,1,1,1,1,1,1,0,0,,1,1,1,1,1,1,0,0.66666666666666674,0.99999982118606567,1,1,1,1,1,1,0,0.40000000000000002,0.71556150913238525,1,1,1,1,1,1,0,0.69999999999999996,0.75394916534423828
lexical_bm25,oracle,2116,fracture,oracle,1,1,True,True,10,1,1,1,1,1,1,0,0,,0.66666666666666663,0.66666666666666663,0.76536063698862167,1,1,1,0.33333333333333331,0,0.59695583581924438,0.66666666666666674,0.66666666666666674,0.74294984568829736,1,1,1,0.20000000000000001,0,0.56320726871490479,0.3833333333333333,0.3833333333333333,0.5168392247234479,1,1,1,0.5,0,0.59001177549362183
lexical_bm25,oracle,2138,lung opacity fracture,oracle,2,3,True,True,10,0.5,0.5,0.5,0,0,0.5,0,0,,0.38888888888888884,0.38888888888888884,0.39106560501896365,0,0,1,0.33333333333333331,0,0.52697998285293579,0.33333333333333331,0.33333333333333331,0.38369924470149303,0,0,1,0.40000000000000002,0,0.58449763059616089,0.34999999999999998,0.34999999999999998,0.44141977306903407,0,0,1,0.29999999999999999,0,0.58312100172042847
lexical_bm25,oracle,2140,fracture,oracle,1,1,True,True,10,1,1,1,1,1,1,0,0,,0.66666666666666663,0.66666666666666663,0.76536063698862167,1,1,1,0.33333333333333331,0,0.59695583581924438,0.66666666666666674,0.66666666666666674,0.74294984568829736,1,1,1,0.20000000000000001,0,0.56320726871490479,0.3833333333333333,0.3833333333333333,0.5168392247234479,1,1,1,0.5,0,0.59001177549362183
lexical_bm25,oracle,2148,no acute abnormality,oracle,1,3,True,True,10,1,1,1,1,1,1,0,0,,1,1,1,1,1,1,0,0.66666666666666674,0.99999982118606567,1,1,1,1,1,1,0,0.40000000000000002,0.71556150913238525,1,1,1,1,1,1,0,0.69999999999999996,0.75394916534423828
lexical_bm25,oracle,2157,no acute abnormality,oracle,1,3,True,True,10,1,1,1,1,1,1,0,0,,1,1,1,1,1,1,0,0.66666666666666674,0.99999982118606567,1,1,1,1,1,1,0,0.40000000000000002,0.71556150913238525,1,1,1,1,1,1,0,0.69999999999999996,0.75394916534423828
lexical_bm25,oracle,2160,no acute abnormality,oracle,1,3,True,True,10,1,1,1,1,1,1,0,0,,1,1,1,1,1,1,0,0.66666666666666674,0.99999982118606567,1,1,1,1,1,1,0,0.40000000000000002,0.71556150913238525,1,1,1,1,1,1,0,0.69999999999999996,0.75394916534423828
lexical_bm25,oracle,2170,no acute abnormality,oracle,1,3,True,True,10,1,1,1,1,1,1,0,0,,1,1,1,1,1,1,0,0.66666666666666674,0.99999982118606567,1,1,1,1,1,1,0,0.40000000000000002,0.71556150913238525,1,1,1,1,1,1,0,0.69999999999999996,0.75394916534423828
lexical_bm25,oracle,2177,cardiomegaly lung opacity atelectasis,oracle,3,4,False,True,10,1,1,1,1,1,1,0,0,,0.88888888888888884,0.88888888888888884,0.92178687899620715,1,1,1,0,0,0.69432467222213745,0.75,0.75,0.81948615998549279,1,1,1,0,0,0.698039710521698,0.68333333333333335,0.68333333333333335,0.74880598073682147,1,1,1,0,0,0.67066097259521484
lexical_bm25,oracle,2191,cardiomegaly lung opacity,oracle,2,3,True,True,10,0.66666666666666663,0.66666666666666663,0.66666666666666663,0,0,1,0,0,,0.61111111111111105,0.61111111111111105,0.6275601061647702,0,0,1,0,0,0.59611713886260986,0.43333333333333329,0.43333333333333329,0.49728939049461379,0,0,1,0.20000000000000001,0,0.6020691990852356,0.5,0.5,0.51979624130795865,1,0.1111111111111111,1,0.10000000000000001,0,0.59779912233352661
lexical_bm25,oracle,2207,lung opacity pneumonia,oracle,2,3,True,True,10,0.5,0.5,0.5,0,0,0.5,0,0,,0.33333333333333331,0.33333333333333331,0.38268031849431083,0,0,0.5,0.33333333333333331,0,0.69373434782028198,0.40000000000000002,0.40000000000000002,0.415209948681596,0,0,0.5,0.20000000000000001,0,0.71400034427642822,0.48333333333333339,0.48333333333333339,0.46771143203051579,1,0.14285714285714285,1,0.20000000000000001,0,0.71051746606826782
lexical_bm25,oracle,2212,no acute abnormality,oracle,1,3,True,True,10,1,1,1,1,1,1,0,0,,1,1,1,1,1,1,0,0.66666666666666674,0.99999982118606567,1,1,1,1,1,1,0,0.40000000000000002,0.71556150913238525,1,1,1,1,1,1,0,0.69999999999999996,0.75394916534423828
lexical_bm25,oracle,2223,no acute abnormality,oracle,1,3,True,True,10,1,1,1,1,1,1,0,0,,1,1,1,1,1,1,0,0.66666666666666674,0.99999982118606567,1,1,1,1,1,1,0,0.40000000000000002,0.71556150913238525,1,1,1,1,1,1,0,0.69999999999999996,0.75394916534423828
lexical_bm25,oracle,2228,no acute abnormality,oracle,1,3,True,True,10,1,1,1,1,1,1,0,0,,1,1,1,1,1,1,0,0.66666666666666674,0.99999982118606567,1,1,1,1,1,1,0,0.40000000000000002,0.71556150913238525,1,1,1,1,1,1,0,0.69999999999999996,0.75394916534423828
lexical_bm25,oracle,2236,no acute abnormality,oracle,1,3,True,True,10,1,1,1,1,1,1,0,0,,1,1,1,1,1,1,0,0.66666666666666674,0.99999982118606567,1,1,1,1,1,1,0,0.40000000000000002,0.71556150913238525,1,1,1,1,1,1,0,0.69999999999999996,0.75394916534423828
lexical_bm25,oracle,2238,no acute abnormality,oracle,1,3,True,True,10,1,1,1,1,1,1,0,0,,1,1,1,1,1,1,0,0.66666666666666674,0.99999982118606567,1,1,1,1,1,1,0,0.40000000000000002,0.71556150913238525,1,1,1,1,1,1,0,0.69999999999999996,0.75394916534423828
lexical_bm25,oracle,2239,lung opacity support device,oracle,2,4,True,True,10,1,1,1,1,1,1,0,0,,0.5,0.5,0.5865984075284455,1,1,1,0.33333333333333331,0,0.61018878221511841,0.5,0.5,0.56258697026954418,1,1,1,0.20000000000000001,0,0.58452177047729492,0.48333333333333328,0.48333333333333328,0.52838734086236949,1,1,1,0.10000000000000001,0,0.57201129198074341
lexical_bm25,oracle,2244,no acute abnormality,oracle,1,3,True,True,10,1,1,1,1,1,1,0,0,,1,1,1,1,1,1,0,0.66666666666666674,0.99999982118606567,1,1,1,1,1,1,0,0.40000000000000002,0.71556150913238525,1,1,1,1,1,1,0,0.69999999999999996,0.75394916534423828
lexical_bm25,oracle,2277,no acute abnormality,oracle,1,3,True,True,10,1,1,1,1,1,1,0,0,,1,1,1,1,1,1,0,0.66666666666666674,0.99999982118606567,1,1,1,1,1,1,0,0.40000000000000002,0.71556150913238525,1,1,1,1,1,1,0,0.69999999999999996,0.75394916534423828
lexical_bm25,oracle,2290,no acute abnormality,oracle,1,3,True,True,10,1,1,1,1,1,1,0,0,,1,1,1,1,1,1,0,0.66666666666666674,0.99999982118606567,1,1,1,1,1,1,0,0.40000000000000002,0.71556150913238525,1,1,1,1,1,1,0,0.69999999999999996,0.75394916534423828
lexical_bm25,oracle,2310,no acute abnormality,oracle,1,3,True,True,10,1,1,1,1,1,1,0,0,,1,1,1,1,1,1,0,0.66666666666666674,0.99999982118606567,1,1,1,1,1,1,0,0.40000000000000002,0.71556150913238525,1,1,1,1,1,1,0,0.69999999999999996,0.75394916534423828
lexical_bm25,oracle,2313,no acute abnormality,oracle,1,3,True,True,10,1,1,1,1,1,1,0,0,,1,1,1,1,1,1,0,0.66666666666666674,0.99999982118606567,1,1,1,1,1,1,0,0.40000000000000002,0.71556150913238525,1,1,1,1,1,1,0,0.69999999999999996,0.75394916534423828
lexical_bm25,oracle,2326,cardiomegaly,oracle,1,1,True,True,10,1,1,1,1,1,1,0,0,,0.77777777777777768,0.77777777777777768,0.80261205935608981,1,1,1,0,0,0.73306912183761597,0.86666666666666659,0.86666666666666659,0.85734249017698161,1,1,1,0,0,0.71242028474807739,0.88333333333333319,0.88333333333333319,0.87074307636795034,1,1,1,0,0,0.70612478256225586
lexical_bm25,oracle,2329,no acute abnormality,oracle,1,3,False,True,10,1,1,1,1,1,1,0,0,,1,1,1,1,1,1,0,0.66666666666666674,0.99999982118606567,1,1,1,1,1,1,0,0.40000000000000002,0.71556150913238525,1,1,1,1,1,1,0,0.69999999999999996,0.75394916534423828
lexical_bm25,oracle,2363,lung opacity pneumonia,oracle,2,3,True,True,10,0.5,0.5,0.5,0,0,0.5,0,0,,0.33333333333333331,0.33333333333333331,0.38268031849431083,0,0,0.5,0.33333333333333331,0,0.69373434782028198,0.40000000000000002,0.40000000000000002,0.415209948681596,0,0,0.5,0.20000000000000001,0,0.71400034427642822,0.48333333333333339,0.48333333333333339,0.46771143203051579,1,0.14285714285714285,1,0.20000000000000001,0,0.71051746606826782
lexical_bm25,oracle,2365,no acute abnormality,oracle,1,3,True,True,10,1,1,1,1,1,1,0,0,,1,1,1,1,1,1,0,0.66666666666666674,0.99999982118606567,1,1,1,1,1,1,0,0.40000000000000002,0.71556150913238525,1,1,1,1,1,1,0,0.69999999999999996,0.75394916534423828
lexical_bm25,oracle,2377,no acute abnormality,oracle,1,3,True,True,10,1,1,1,1,1,1,0,0,,1,1,1,1,1,1,0,0.66666666666666674,0.99999982118606567,1,1,1,1,1,1,0,0.40000000000000002,0.71556150913238525,1,1,1,1,1,1,0,0.69999999999999996,0.75394916534423828
lexical_bm25,oracle,2388,no acute abnormality,oracle,1,3,True,True,10,1,1,1,1,1,1,0,0,,1,1,1,1,1,1,0,0.66666666666666674,0.99999982118606567,1,1,1,1,1,1,0,0.40000000000000002,0.71556150913238525,1,1,1,1,1,1,0,0.69999999999999996,0.75394916534423828
lexical_bm25,oracle,2396,lung opacity pulmonary edema,oracle,2,4,True,True,10,0.25,0.25,0.25,0,0,0.5,0,0,,0.3611111111111111,0.3611111111111111,0.36161648742095498,0,0,1,0,0,0.70383948087692261,0.3833333333333333,0.3833333333333333,0.42027912911629023,0,0,1,0,0,0.66776502132415771,0.24166666666666664,0.24166666666666664,0.34117454394456553,0,0,1,0.29999999999999999,0,0.6307138204574585
lexical_bm25,oracle,2415,cardiomegaly lung opacity,oracle,2,3,True,True,10,0.66666666666666663,0.66666666666666663,0.66666666666666663,0,0,1,0,0,,0.61111111111111105,0.61111111111111105,0.6275601061647702,0,0,1,0,0,0.59611713886260986,0.43333333333333329,0.43333333333333329,0.49728939049461379,0,0,1,0.20000000000000001,0,0.6020691990852356,0.5,0.5,0.51979624130795865,1,0.1111111111111111,1,0.10000000000000001,0,0.59779912233352661
lexical_bm25,oracle,2416,cardiomegaly,oracle,1,1,False,True,10,1,1,1,1,1,1,0,0,,0.77777777777777768,0.77777777777777768,0.80261205935608981,1,1,1,0,0,0.73306912183761597,0.86666666666666659,0.86666666666666659,0.85734249017698161,1,1,1,0,0,0.71242028474807739,0.88333333333333319,0.88333333333333319,0.87074307636795034,1,1,1,0,0,0.70612478256225586
lexical_bm25,oracle,2453,no acute abnormality,oracle,1,3,True,True,10,1,1,1,1,1,1,0,0,,1,1,1,1,1,1,0,0.66666666666666674,0.99999982118606567,1,1,1,1,1,1,0,0.40000000000000002,0.71556150913238525,1,1,1,1,1,1,0,0.69999999999999996,0.75394916534423828
lexical_bm25,oracle,2475,cardiomegaly,oracle,1,1,True,True,10,1,1,1,1,1,1,0,0,,0.77777777777777768,0.77777777777777768,0.80261205935608981,1,1,1,0,0,0.73306912183761597,0.86666666666666659,0.86666666666666659,0.85734249017698161,1,1,1,0,0,0.71242028474807739,0.88333333333333319,0.88333333333333319,0.87074307636795034,1,1,1,0,0,0.70612478256225586
lexical_bm25,oracle,2493,no acute abnormality,oracle,1,3,True,True,10,1,1,1,1,1,1,0,0,,1,1,1,1,1,1,0,0.66666666666666674,0.99999982118606567,1,1,1,1,1,1,0,0.40000000000000002,0.71556150913238525,1,1,1,1,1,1,0,0.69999999999999996,0.75394916534423828
lexical_bm25,oracle,2513,atelectasis,oracle,1,1,True,True,10,0.33333333333333331,0.33333333333333331,0.33333333333333331,0,0,1,0,0,,0.44444444444444442,0.44444444444444442,0.4217868789962072,0,0,1,0,0,0.6185038685798645,0.56666666666666665,0.56666666666666665,0.51650747404241726,1,0.25,1,0,0,0.61692237854003906,0.68333333333333335,0.68333333333333335,0.61840371077358891,1,0.25,1,0,0,0.6786266565322876
lexical_bm25,oracle,2515,no acute abnormality,oracle,1,3,False,True,10,1,1,1,1,1,1,0,0,,1,1,1,1,1,1,0,0.66666666666666674,0.99999982118606567,1,1,1,1,1,1,0,0.40000000000000002,0.71556150913238525,1,1,1,1,1,1,0,0.69999999999999996,0.75394916534423828
lexical_bm25,oracle,2517,no acute abnormality,oracle,1,3,True,True,10,1,1,1,1,1,1,0,0,,1,1,1,1,1,1,0,0.66666666666666674,0.99999982118606567,1,1,1,1,1,1,0,0.40000000000000002,0.71556150913238525,1,1,1,1,1,1,0,0.69999999999999996,0.75394916534423828
lexical_bm25,oracle,2533,no acute abnormality,oracle,1,3,True,True,10,1,1,1,1,1,1,0,0,,1,1,1,1,1,1,0,0.66666666666666674,0.99999982118606567,1,1,1,1,1,1,0,0.40000000000000002,0.71556150913238525,1,1,1,1,1,1,0,0.69999999999999996,0.75394916534423828
lexical_bm25,oracle,2542,no acute abnormality,oracle,1,3,False,True,10,1,1,1,1,1,1,0,0,,1,1,1,1,1,1,0,0.66666666666666674,0.99999982118606567,1,1,1,1,1,1,0,0.40000000000000002,0.71556150913238525,1,1,1,1,1,1,0,0.69999999999999996,0.75394916534423828
lexical_bm25,oracle,2545,no acute abnormality,oracle,1,3,True,True,10,1,1,1,1,1,1,0,0,,1,1,1,1,1,1,0,0.66666666666666674,0.99999982118606567,1,1,1,1,1,1,0,0.40000000000000002,0.71556150913238525,1,1,1,1,1,1,0,0.69999999999999996,0.75394916534423828
lexical_bm25,oracle,2564,no acute abnormality,oracle,1,3,True,True,10,1,1,1,1,1,1,0,0,,1,1,1,1,1,1,0,0.66666666666666674,0.99999982118606567,1,1,1,1,1,1,0,0.40000000000000002,0.71556150913238525,1,1,1,1,1,1,0,0.69999999999999996,0.75394916534423828
lexical_bm25,oracle,2591,no acute abnormality,oracle,1,3,True,True,10,1,1,1,1,1,1,0,0,,1,1,1,1,1,1,0,0.66666666666666674,0.99999982118606567,1,1,1,1,1,1,0,0.40000000000000002,0.71556150913238525,1,1,1,1,1,1,0,0.69999999999999996,0.75394916534423828
lexical_bm25,oracle,2594,lung opacity atelectasis,oracle,2,3,True,True,10,1,1,1,1,1,1,0,0,,0.66666666666666663,0.66666666666666663,0.73463936301137822,1,1,1,0,0,0.69733595848083496,0.80000000000000004,0.80000000000000004,0.80821681631433218,1,1,1,0,0,0.68134927749633789,0.76666666666666661,0.76666666666666661,0.77652100030409277,1,1,1,0,0,0.71335035562515259
lexical_bm25,oracle,2596,no acute abnormality,oracle,1,3,True,True,10,1,1,1,1,1,1,0,0,,1,1,1,1,1,1,0,0.66666666666666674,0.99999982118606567,1,1,1,1,1,1,0,0.40000000000000002,0.71556150913238525,1,1,1,1,1,1,0,0.69999999999999996,0.75394916534423828
lexical_bm25,oracle,2605,no acute abnormality,oracle,1,3,True,True,10,1,1,1,1,1,1,0,0,,1,1,1,1,1,1,0,0.66666666666666674,0.99999982118606567,1,1,1,1,1,1,0,0.40000000000000002,0.71556150913238525,1,1,1,1,1,1,0,0.69999999999999996,0.75394916534423828
lexical_bm25,oracle,2612,no acute abnormality,oracle,1,3,True,True,10,1,1,1,1,1,1,0,0,,1,1,1,1,1,1,0,0.66666666666666674,0.99999982118606567,1,1,1,1,1,1,0,0.40000000000000002,0.71556150913238525,1,1,1,1,1,1,0,0.69999999999999996,0.75394916534423828
lexical_bm25,oracle,2616,pleural effusion,oracle,1,2,True,True,10,0,0,0,0,0,0,1,0,,0.44444444444444442,0.44444444444444442,0.33333333333333326,1,0.33333333333333331,1,0.33333333333333331,0,0.52953463792800903,0.36666666666666664,0.36666666666666664,0.31394303246967048,1,0.33333333333333331,1,0.40000000000000002,0,0.5521930456161499,0.23333333333333331,0.23333333333333331,0.25979726769931533,1,0.33333333333333331,1,0.59999999999999998,0,0.59303605556488037
lexical_bm25,oracle,2622,support device,oracle,1,2,True,True,10,1,1,1,1,1,1,0,0,,1,1,1,1,1,1,0,0,0.45086362957954407,1,1,1,1,1,1,0,0,0.55285274982452393,0.72499999999999998,0.72499999999999998,0.81318000494387221,1,1,1,0.10000000000000001,0,0.51251065731048584
lexical_bm25,oracle,2629,no acute abnormality,oracle,1,3,True,True,10,1,1,1,1,1,1,0,0,,1,1,1,1,1,1,0,0.66666666666666674,0.99999982118606567,1,1,1,1,1,1,0,0.40000000000000002,0.71556150913238525,1,1,1,1,1,1,0,0.69999999999999996,0.75394916534423828
lexical_bm25,oracle,2644,cardiomegaly lung lesion,oracle,2,3,True,True,10,0.5,0.5,0.5,0,0,0.5,0,0,,0.27777777777777773,0.27777777777777773,0.31285248401517096,0,0,0.5,0.33333333333333331,0,0.5319063663482666,0.26666666666666666,0.26666666666666666,0.29170934227191497,0,0,0.5,0.40000000000000002,0,0.46646136045455933,0.33333333333333337,0.33333333333333337,0.39843684380749389,0,0,0.5,0.20000000000000001,0,0.5539318323135376
lexical_bm25,oracle,2691,cardiomegaly,oracle,1,1,True,True,10,1,1,1,1,1,1,0,0,,0.77777777777777768,0.77777777777777768,0.80261205935608981,1,1,1,0,0,0.73306912183761597,0.86666666666666659,0.86666666666666659,0.85734249017698161,1,1,1,0,0,0.71242028474807739,0.88333333333333319,0.88333333333333319,0.87074307636795034,1,1,1,0,0,0.70612478256225586
lexical_bm25,oracle,2697,no acute abnormality,oracle,1,3,True,True,10,1,1,1,1,1,1,0,0,,1,1,1,1,1,1,0,0.66666666666666674,0.99999982118606567,1,1,1,1,1,1,0,0.40000000000000002,0.71556150913238525,1,1,1,1,1,1,0,0.69999999999999996,0.75394916534423828
lexical_bm25,oracle,2698,no acute abnormality,oracle,1,3,True,True,10,1,1,1,1,1,1,0,0,,1,1,1,1,1,1,0,0.66666666666666674,0.99999982118606567,1,1,1,1,1,1,0,0.40000000000000002,0.71556150913238525,1,1,1,1,1,1,0,0.69999999999999996,0.75394916534423828
lexical_bm25,oracle,2709,lung opacity,oracle,1,2,True,True,10,0,0,0,0,0,0,1,0,,0.5,0.5,0.41340159247155434,1,0.5,1,0.33333333333333331,0,0.71375292539596558,0.69999999999999996,0.69999999999999996,0.57604974340797988,1,0.5,1,0.20000000000000001,0,0.72270810604095459,0.51666666666666661,0.51666666666666661,0.49298963354937758,1,0.5,1,0.20000000000000001,0,0.71254485845565796
lexical_bm25,oracle,2720,no acute abnormality,oracle,1,3,True,True,10,1,1,1,1,1,1,0,0,,1,1,1,1,1,1,0,0.66666666666666674,0.99999982118606567,1,1,1,1,1,1,0,0.40000000000000002,0.71556150913238525,1,1,1,1,1,1,0,0.69999999999999996,0.75394916534423828
lexical_bm25,oracle,2723,atelectasis,oracle,1,1,True,True,10,0.33333333333333331,0.33333333333333331,0.33333333333333331,0,0,1,0,0,,0.44444444444444442,0.44444444444444442,0.4217868789962072,0,0,1,0,0,0.6185038685798645,0.56666666666666665,0.56666666666666665,0.51650747404241726,1,0.25,1,0,0,0.61692237854003906,0.68333333333333335,0.68333333333333335,0.61840371077358891,1,0.25,1,0,0,0.6786266565322876
lexical_bm25,oracle,2737,atelectasis,oracle,1,1,True,True,10,0.33333333333333331,0.33333333333333331,0.33333333333333331,0,0,1,0,0,,0.44444444444444442,0.44444444444444442,0.4217868789962072,0,0,1,0,0,0.6185038685798645,0.56666666666666665,0.56666666666666665,0.51650747404241726,1,0.25,1,0,0,0.61692237854003906,0.68333333333333335,0.68333333333333335,0.61840371077358891,1,0.25,1,0,0,0.6786266565322876
lexical_bm25,oracle,2747,pleural effusion,oracle,1,2,True,True,10,0,0,0,0,0,0,1,0,,0.44444444444444442,0.44444444444444442,0.33333333333333326,1,0.33333333333333331,1,0.33333333333333331,0,0.52953463792800903,0.36666666666666664,0.36666666666666664,0.31394303246967048,1,0.33333333333333331,1,0.40000000000000002,0,0.5521930456161499,0.23333333333333331,0.23333333333333331,0.25979726769931533,1,0.33333333333333331,1,0.59999999999999998,0,0.59303605556488037
lexical_bm25,oracle,2750,lung opacity,oracle,1,2,False,True,10,0,0,0,0,0,0,1,0,,0.5,0.5,0.41340159247155434,1,0.5,1,0.33333333333333331,0,0.71375292539596558,0.69999999999999996,0.69999999999999996,0.57604974340797988,1,0.5,1,0.20000000000000001,0,0.72270810604095459,0.51666666666666661,0.51666666666666661,0.49298963354937758,1,0.5,1,0.20000000000000001,0,0.71254485845565796
lexical_bm25,oracle,2758,no acute abnormality,oracle,1,3,True,True,10,1,1,1,1,1,1,0,0,,1,1,1,1,1,1,0,0.66666666666666674,0.99999982118606567,1,1,1,1,1,1,0,0.40000000000000002,0.71556150913238525,1,1,1,1,1,1,0,0.69999999999999996,0.75394916534423828
lexical_bm25,oracle,2765,no acute abnormality,oracle,1,3,True,True,10,1,1,1,1,1,1,0,0,,1,1,1,1,1,1,0,0.66666666666666674,0.99999982118606567,1,1,1,1,1,1,0,0.40000000000000002,0.71556150913238525,1,1,1,1,1,1,0,0.69999999999999996,0.75394916534423828
lexical_bm25,oracle,2778,support device,oracle,1,2,True,True,10,1,1,1,1,1,1,0,0,,1,1,1,1,1,1,0,0,0.45086362957954407,1,1,1,1,1,1,0,0,0.55285274982452393,0.72499999999999998,0.72499999999999998,0.81318000494387221,1,1,1,0.10000000000000001,0,0.51251065731048584
lexical_bm25,oracle,2817,lung opacity pleural effusion pleural abnormality,oracle,3,6,True,False,10,0,0,0,,,0,1,0,,0.1111111111111111,0.1111111111111111,0.13983807620175362,,,0.33333333333333331,0.66666666666666663,0,0.7413744330406189,0.11666666666666665,0.11666666666666665,0.1551895006943049,,,0.33333333333333331,0.59999999999999998,0,0.69858038425445557,0.125,0.125,0.17846528507709561,,,0.66666666666666663,0.69999999999999996,0.19999999999999996,0.70688855648040771
lexical_bm25,oracle,2831,pneumothorax pleural effusion support device,oracle,3,5,True,False,10,0.33333333333333331,0.33333333333333331,0.5,,,0.33333333333333331,0,0,,0.33333333333333331,0.33333333333333331,0.5,,,0.33333333333333331,0,0,0.60860025882720947,0.33333333333333331,0.33333333333333331,0.5,,,0.33333333333333331,0,0,0.55285274982452393,0.30499999999999999,0.30499999999999999,0.50098968547947775,,,0.66666666666666663,0.10000000000000001,0,0.51688629388809204
lexical_bm25,oracle,2832,cardiomegaly,oracle,1,1,True,True,10,1,1,1,1,1,1,0,0,,0.77777777777777768,0.77777777777777768,0.80261205935608981,1,1,1,0,0,0.73306912183761597,0.86666666666666659,0.86666666666666659,0.85734249017698161,1,1,1,0,0,0.71242028474807739,0.88333333333333319,0.88333333333333319,0.87074307636795034,1,1,1,0,0,0.70612478256225586
lexical_bm25,oracle,2833,no acute abnormality,oracle,1,3,True,True,10,1,1,1,1,1,1,0,0,,1,1,1,1,1,1,0,0.66666666666666674,0.99999982118606567,1,1,1,1,1,1,0,0.40000000000000002,0.71556150913238525,1,1,1,1,1,1,0,0.69999999999999996,0.75394916534423828
lexical_bm25,oracle,2841,no acute abnormality,oracle,1,3,False,True,10,1,1,1,1,1,1,0,0,,1,1,1,1,1,1,0,0.66666666666666674,0.99999982118606567,1,1,1,1,1,1,0,0.40000000000000002,0.71556150913238525,1,1,1,1,1,1,0,0.69999999999999996,0.75394916534423828
lexical_bm25,oracle,2852,no acute abnormality,oracle,1,3,True,True,10,1,1,1,1,1,1,0,0,,1,1,1,1,1,1,0,0.66666666666666674,0.99999982118606567,1,1,1,1,1,1,0,0.40000000000000002,0.71556150913238525,1,1,1,1,1,1,0,0.69999999999999996,0.75394916534423828
lexical_bm25,oracle,2860,support device,oracle,1,2,True,True,10,1,1,1,1,1,1,0,0,,1,1,1,1,1,1,0,0,0.45086362957954407,1,1,1,1,1,1,0,0,0.55285274982452393,0.72499999999999998,0.72499999999999998,0.81318000494387221,1,1,1,0.10000000000000001,0,0.51251065731048584
lexical_bm25,oracle,2866,no acute abnormality,oracle,1,3,True,True,10,1,1,1,1,1,1,0,0,,1,1,1,1,1,1,0,0.66666666666666674,0.99999982118606567,1,1,1,1,1,1,0,0.40000000000000002,0.71556150913238525,1,1,1,1,1,1,0,0.69999999999999996,0.75394916534423828
lexical_bm25,oracle,2870,no acute abnormality,oracle,1,3,True,True,10,1,1,1,1,1,1,0,0,,1,1,1,1,1,1,0,0.66666666666666674,0.99999982118606567,1,1,1,1,1,1,0,0.40000000000000002,0.71556150913238525,1,1,1,1,1,1,0,0.69999999999999996,0.75394916534423828
lexical_bm25,oracle,2884,support device,oracle,1,2,True,True,10,1,1,1,1,1,1,0,0,,1,1,1,1,1,1,0,0,0.45086362957954407,1,1,1,1,1,1,0,0,0.55285274982452393,0.72499999999999998,0.72499999999999998,0.81318000494387221,1,1,1,0.10000000000000001,0,0.51251065731048584
lexical_bm25,oracle,2894,support device,oracle,1,2,True,True,10,1,1,1,1,1,1,0,0,,1,1,1,1,1,1,0,0,0.45086362957954407,1,1,1,1,1,1,0,0,0.55285274982452393,0.72499999999999998,0.72499999999999998,0.81318000494387221,1,1,1,0.10000000000000001,0,0.51251065731048584
lexical_bm25,oracle,2898,no acute abnormality,oracle,1,3,True,True,10,1,1,1,1,1,1,0,0,,1,1,1,1,1,1,0,0.66666666666666674,0.99999982118606567,1,1,1,1,1,1,0,0.40000000000000002,0.71556150913238525,1,1,1,1,1,1,0,0.69999999999999996,0.75394916534423828
lexical_bm25,oracle,2902,no acute abnormality,oracle,1,3,True,True,10,1,1,1,1,1,1,0,0,,1,1,1,1,1,1,0,0.66666666666666674,0.99999982118606567,1,1,1,1,1,1,0,0.40000000000000002,0.71556150913238525,1,1,1,1,1,1,0,0.69999999999999996,0.75394916534423828
lexical_bm25,oracle,2910,no acute abnormality,oracle,1,3,True,True,10,1,1,1,1,1,1,0,0,,1,1,1,1,1,1,0,0.66666666666666674,0.99999982118606567,1,1,1,1,1,1,0,0.40000000000000002,0.71556150913238525,1,1,1,1,1,1,0,0.69999999999999996,0.75394916534423828
lexical_bm25,oracle,2916,no acute abnormality,oracle,1,3,True,True,10,1,1,1,1,1,1,0,0,,1,1,1,1,1,1,0,0.66666666666666674,0.99999982118606567,1,1,1,1,1,1,0,0.40000000000000002,0.71556150913238525,1,1,1,1,1,1,0,0.69999999999999996,0.75394916534423828
lexical_bm25,oracle,2933,no acute abnormality,oracle,1,3,False,True,10,1,1,1,1,1,1,0,0,,1,1,1,1,1,1,0,0.66666666666666674,0.99999982118606567,1,1,1,1,1,1,0,0.40000000000000002,0.71556150913238525,1,1,1,1,1,1,0,0.69999999999999996,0.75394916534423828
lexical_bm25,oracle,2936,cardiomegaly,oracle,1,1,True,True,10,1,1,1,1,1,1,0,0,,0.77777777777777768,0.77777777777777768,0.80261205935608981,1,1,1,0,0,0.73306912183761597,0.86666666666666659,0.86666666666666659,0.85734249017698161,1,1,1,0,0,0.71242028474807739,0.88333333333333319,0.88333333333333319,0.87074307636795034,1,1,1,0,0,0.70612478256225586
lexical_bm25,oracle,2955,cardiomegaly,oracle,1,1,True,True,10,1,1,1,1,1,1,0,0,,0.77777777777777768,0.77777777777777768,0.80261205935608981,1,1,1,0,0,0.73306912183761597,0.86666666666666659,0.86666666666666659,0.85734249017698161,1,1,1,0,0,0.71242028474807739,0.88333333333333319,0.88333333333333319,0.87074307636795034,1,1,1,0,0,0.70612478256225586
lexical_bm25,oracle,2957,cardiomegaly lung opacity atelectasis,oracle,3,4,True,True,10,1,1,1,1,1,1,0,0,,0.88888888888888884,0.88888888888888884,0.92178687899620715,1,1,1,0,0,0.69432467222213745,0.75,0.75,0.81948615998549279,1,1,1,0,0,0.698039710521698,0.68333333333333335,0.68333333333333335,0.74880598073682147,1,1,1,0,0,0.67066097259521484
lexical_bm25,oracle,2964,no acute abnormality,oracle,1,3,True,True,10,1,1,1,1,1,1,0,0,,1,1,1,1,1,1,0,0.66666666666666674,0.99999982118606567,1,1,1,1,1,1,0,0.40000000000000002,0.71556150913238525,1,1,1,1,1,1,0,0.69999999999999996,0.75394916534423828
lexical_bm25,oracle,3004,lung opacity atelectasis,oracle,2,3,True,True,10,1,1,1,1,1,1,0,0,,0.66666666666666663,0.66666666666666663,0.73463936301137822,1,1,1,0,0,0.69733595848083496,0.80000000000000004,0.80000000000000004,0.80821681631433218,1,1,1,0,0,0.68134927749633789,0.76666666666666661,0.76666666666666661,0.77652100030409277,1,1,1,0,0,0.71335035562515259
lexical_bm25,oracle,3010,no acute abnormality,oracle,1,3,True,True,10,1,1,1,1,1,1,0,0,,1,1,1,1,1,1,0,0.66666666666666674,0.99999982118606567,1,1,1,1,1,1,0,0.40000000000000002,0.71556150913238525,1,1,1,1,1,1,0,0.69999999999999996,0.75394916534423828
lexical_bm25,oracle,3022,lung lesion,oracle,1,2,True,True,10,0,0,0,0,0,0,1,0,,0,0,0,0,0,0,1,0,0.51725125312805176,0.20000000000000001,0.20000000000000001,0.14606834984270645,1,0.25,1,0.80000000000000004,0,0.54078376293182373,0.11666666666666667,0.11666666666666667,0.106360234692347,1,0.25,1,0.80000000000000004,0,0.57630133628845215
lexical_bm25,oracle,3025,no acute abnormality,oracle,1,3,True,True,10,1,1,1,1,1,1,0,0,,1,1,1,1,1,1,0,0.66666666666666674,0.99999982118606567,1,1,1,1,1,1,0,0.40000000000000002,0.71556150913238525,1,1,1,1,1,1,0,0.69999999999999996,0.75394916534423828
lexical_bm25,oracle,3045,no acute abnormality,oracle,1,3,True,True,10,1,1,1,1,1,1,0,0,,1,1,1,1,1,1,0,0.66666666666666674,0.99999982118606567,1,1,1,1,1,1,0,0.40000000000000002,0.71556150913238525,1,1,1,1,1,1,0,0.69999999999999996,0.75394916534423828
lexical_bm25,oracle,3048,no acute abnormality,oracle,1,3,False,True,10,1,1,1,1,1,1,0,0,,1,1,1,1,1,1,0,0.66666666666666674,0.99999982118606567,1,1,1,1,1,1,0,0.40000000000000002,0.71556150913238525,1,1,1,1,1,1,0,0.69999999999999996,0.75394916534423828
lexical_bm25,oracle,3049,no acute abnormality,oracle,1,3,True,True,10,1,1,1,1,1,1,0,0,,1,1,1,1,1,1,0,0.66666666666666674,0.99999982118606567,1,1,1,1,1,1,0,0.40000000000000002,0.71556150913238525,1,1,1,1,1,1,0,0.69999999999999996,0.75394916534423828
lexical_bm25,oracle,3060,no acute abnormality,oracle,1,3,True,True,10,1,1,1,1,1,1,0,0,,1,1,1,1,1,1,0,0.66666666666666674,0.99999982118606567,1,1,1,1,1,1,0,0.40000000000000002,0.71556150913238525,1,1,1,1,1,1,0,0.69999999999999996,0.75394916534423828
lexical_bm25,oracle,3069,lung opacity pneumonia,oracle,2,3,True,True,10,0.5,0.5,0.5,0,0,0.5,0,0,,0.33333333333333331,0.33333333333333331,0.38268031849431083,0,0,0.5,0.33333333333333331,0,0.69373434782028198,0.40000000000000002,0.40000000000000002,0.415209948681596,0,0,0.5,0.20000000000000001,0,0.71400034427642822,0.48333333333333339,0.48333333333333339,0.46771143203051579,1,0.14285714285714285,1,0.20000000000000001,0,0.71051746606826782
lexical_bm25,oracle,3074,lung opacity,oracle,1,2,False,True,10,0,0,0,0,0,0,1,0,,0.5,0.5,0.41340159247155434,1,0.5,1,0.33333333333333331,0,0.71375292539596558,0.69999999999999996,0.69999999999999996,0.57604974340797988,1,0.5,1,0.20000000000000001,0,0.72270810604095459,0.51666666666666661,0.51666666666666661,0.49298963354937758,1,0.5,1,0.20000000000000001,0,0.71254485845565796
lexical_bm25,oracle,3114,no acute abnormality,oracle,1,3,False,True,10,1,1,1,1,1,1,0,0,,1,1,1,1,1,1,0,0.66666666666666674,0.99999982118606567,1,1,1,1,1,1,0,0.40000000000000002,0.71556150913238525,1,1,1,1,1,1,0,0.69999999999999996,0.75394916534423828
lexical_bm25,oracle,3115,no acute abnormality,oracle,1,3,True,True,10,1,1,1,1,1,1,0,0,,1,1,1,1,1,1,0,0.66666666666666674,0.99999982118606567,1,1,1,1,1,1,0,0.40000000000000002,0.71556150913238525,1,1,1,1,1,1,0,0.69999999999999996,0.75394916534423828
lexical_bm25,oracle,3117,no acute abnormality,oracle,1,3,True,True,10,1,1,1,1,1,1,0,0,,1,1,1,1,1,1,0,0.66666666666666674,0.99999982118606567,1,1,1,1,1,1,0,0.40000000000000002,0.71556150913238525,1,1,1,1,1,1,0,0.69999999999999996,0.75394916534423828
lexical_bm25,oracle,3134,no acute abnormality,oracle,1,3,True,True,10,1,1,1,1,1,1,0,0,,1,1,1,1,1,1,0,0.66666666666666674,0.99999982118606567,1,1,1,1,1,1,0,0.40000000000000002,0.71556150913238525,1,1,1,1,1,1,0,0.69999999999999996,0.75394916534423828
lexical_bm25,oracle,3135,no acute abnormality,oracle,1,3,True,True,10,1,1,1,1,1,1,0,0,,1,1,1,1,1,1,0,0.66666666666666674,0.99999982118606567,1,1,1,1,1,1,0,0.40000000000000002,0.71556150913238525,1,1,1,1,1,1,0,0.69999999999999996,0.75394916534423828
lexical_bm25,oracle,3148,cardiomegaly pleural effusion,oracle,2,3,True,True,10,0.5,0.5,0.5,0,0,0.5,0,0,,0.5,0.5,0.5,0,0,0.5,0,0,0.72067475318908691,0.59999999999999998,0.59999999999999998,0.56560253875617095,1,0.20000000000000001,1,0,0,0.74825650453567505,0.53333333333333333,0.53333333333333333,0.56878730713071024,1,0.20000000000000001,1,0,0,0.68153214454650879
lexical_bm25,oracle,3158,cardiomegaly lung opacity atelectasis,oracle,3,4,True,True,10,1,1,1,1,1,1,0,0,,0.88888888888888884,0.88888888888888884,0.92178687899620715,1,1,1,0,0,0.69432467222213745,0.75,0.75,0.81948615998549279,1,1,1,0,0,0.698039710521698,0.68333333333333335,0.68333333333333335,0.74880598073682147,1,1,1,0,0,0.67066097259521484
lexical_bm25,oracle,3180,no acute abnormality,oracle,1,3,True,True,10,1,1,1,1,1,1,0,0,,1,1,1,1,1,1,0,0.66666666666666674,0.99999982118606567,1,1,1,1,1,1,0,0.40000000000000002,0.71556150913238525,1,1,1,1,1,1,0,0.69999999999999996,0.75394916534423828
lexical_bm25,oracle,3183,no acute abnormality,oracle,1,3,True,True,10,1,1,1,1,1,1,0,0,,1,1,1,1,1,1,0,0.66666666666666674,0.99999982118606567,1,1,1,1,1,1,0,0.40000000000000002,0.71556150913238525,1,1,1,1,1,1,0,0.69999999999999996,0.75394916534423828
lexical_bm25,oracle,3191,cardiomegaly,oracle,1,1,True,True,10,1,1,1,1,1,1,0,0,,0.77777777777777768,0.77777777777777768,0.80261205935608981,1,1,1,0,0,0.73306912183761597,0.86666666666666659,0.86666666666666659,0.85734249017698161,1,1,1,0,0,0.71242028474807739,0.88333333333333319,0.88333333333333319,0.87074307636795034,1,1,1,0,0,0.70612478256225586
lexical_bm25,oracle,3195,lung opacity support device,oracle,2,4,True,True,10,1,1,1,1,1,1,0,0,,0.5,0.5,0.5865984075284455,1,1,1,0.33333333333333331,0,0.61018878221511841,0.5,0.5,0.56258697026954418,1,1,1,0.20000000000000001,0,0.58452177047729492,0.48333333333333328,0.48333333333333328,0.52838734086236949,1,1,1,0.10000000000000001,0,0.57201129198074341
lexical_bm25,oracle,3207,cardiomegaly,oracle,1,1,True,True,10,1,1,1,1,1,1,0,0,,0.77777777777777768,0.77777777777777768,0.80261205935608981,1,1,1,0,0,0.73306912183761597,0.86666666666666659,0.86666666666666659,0.85734249017698161,1,1,1,0,0,0.71242028474807739,0.88333333333333319,0.88333333333333319,0.87074307636795034,1,1,1,0,0,0.70612478256225586
lexical_bm25,oracle,3214,cardiomegaly pleural effusion,oracle,2,3,True,True,10,0.5,0.5,0.5,0,0,0.5,0,0,,0.5,0.5,0.5,0,0,0.5,0,0,0.72067475318908691,0.59999999999999998,0.59999999999999998,0.56560253875617095,1,0.20000000000000001,1,0,0,0.74825650453567505,0.53333333333333333,0.53333333333333333,0.56878730713071024,1,0.20000000000000001,1,0,0,0.68153214454650879
lexical_bm25,oracle,3216,no acute abnormality,oracle,1,3,True,True,10,1,1,1,1,1,1,0,0,,1,1,1,1,1,1,0,0.66666666666666674,0.99999982118606567,1,1,1,1,1,1,0,0.40000000000000002,0.71556150913238525,1,1,1,1,1,1,0,0.69999999999999996,0.75394916534423828
lexical_bm25,oracle,3221,no acute abnormality,oracle,1,3,True,True,10,1,1,1,1,1,1,0,0,,1,1,1,1,1,1,0,0.66666666666666674,0.99999982118606567,1,1,1,1,1,1,0,0.40000000000000002,0.71556150913238525,1,1,1,1,1,1,0,0.69999999999999996,0.75394916534423828
lexical_bm25,oracle,3253,no acute abnormality,oracle,1,3,True,True,10,1,1,1,1,1,1,0,0,,1,1,1,1,1,1,0,0.66666666666666674,0.99999982118606567,1,1,1,1,1,1,0,0.40000000000000002,0.71556150913238525,1,1,1,1,1,1,0,0.69999999999999996,0.75394916534423828
lexical_bm25,oracle,3279,no acute abnormality,oracle,1,3,True,True,10,1,1,1,1,1,1,0,0,,1,1,1,1,1,1,0,0.66666666666666674,0.99999982118606567,1,1,1,1,1,1,0,0.40000000000000002,0.71556150913238525,1,1,1,1,1,1,0,0.69999999999999996,0.75394916534423828
lexical_bm25,oracle,3281,lung lesion,oracle,1,2,True,True,10,0,0,0,0,0,0,1,0,,0,0,0,0,0,0,1,0,0.51725125312805176,0.20000000000000001,0.20000000000000001,0.14606834984270645,1,0.25,1,0.80000000000000004,0,0.54078376293182373,0.11666666666666667,0.11666666666666667,0.106360234692347,1,0.25,1,0.80000000000000004,0,0.57630133628845215
lexical_bm25,oracle,3285,no acute abnormality,oracle,1,3,True,True,10,1,1,1,1,1,1,0,0,,1,1,1,1,1,1,0,0.66666666666666674,0.99999982118606567,1,1,1,1,1,1,0,0.40000000000000002,0.71556150913238525,1,1,1,1,1,1,0,0.69999999999999996,0.75394916534423828
lexical_bm25,oracle,3290,no acute abnormality,oracle,1,3,True,True,10,1,1,1,1,1,1,0,0,,1,1,1,1,1,1,0,0.66666666666666674,0.99999982118606567,1,1,1,1,1,1,0,0.40000000000000002,0.71556150913238525,1,1,1,1,1,1,0,0.69999999999999996,0.75394916534423828
lexical_bm25,oracle,3347,support device,oracle,1,2,True,True,10,1,1,1,1,1,1,0,0,,1,1,1,1,1,1,0,0,0.45086362957954407,1,1,1,1,1,1,0,0,0.55285274982452393,0.72499999999999998,0.72499999999999998,0.81318000494387221,1,1,1,0.10000000000000001,0,0.51251065731048584
lexical_bm25,oracle,3358,no acute abnormality,oracle,1,3,True,True,10,1,1,1,1,1,1,0,0,,1,1,1,1,1,1,0,0.66666666666666674,0.99999982118606567,1,1,1,1,1,1,0,0.40000000000000002,0.71556150913238525,1,1,1,1,1,1,0,0.69999999999999996,0.75394916534423828
lexical_bm25,oracle,3363,lung opacity,oracle,1,2,True,True,10,0,0,0,0,0,0,1,0,,0.5,0.5,0.41340159247155434,1,0.5,1,0.33333333333333331,0,0.71375292539596558,0.69999999999999996,0.69999999999999996,0.57604974340797988,1,0.5,1,0.20000000000000001,0,0.72270810604095459,0.51666666666666661,0.51666666666666661,0.49298963354937758,1,0.5,1,0.20000000000000001,0,0.71254485845565796
lexical_bm25,oracle,3369,lung opacity atelectasis pneumothorax,oracle,3,4,True,False,10,0.66666666666666663,0.66666666666666663,0.88888888888888884,,,0.66666666666666663,0,0,,0.44444444444444442,0.44444444444444442,0.6939333435836712,,,0.66666666666666663,0,0,0.69733595848083496,0.53333333333333333,0.53333333333333333,0.77534600263774534,,,0.66666666666666663,0,0,0.68134927749633789,0.53333333333333344,0.53333333333333344,0.77825383334844611,,,0.66666666666666663,0,0,0.71569621562957764
lexical_bm25,oracle,3370,no acute abnormality,oracle,1,3,True,True,10,1,1,1,1,1,1,0,0,,1,1,1,1,1,1,0,0.66666666666666674,0.99999982118606567,1,1,1,1,1,1,0,0.40000000000000002,0.71556150913238525,1,1,1,1,1,1,0,0.69999999999999996,0.75394916534423828
lexical_bm25,oracle,3374,lung lesion,oracle,1,2,True,True,10,0,0,0,0,0,0,1,0,,0,0,0,0,0,0,1,0,0.51725125312805176,0.20000000000000001,0.20000000000000001,0.14606834984270645,1,0.25,1,0.80000000000000004,0,0.54078376293182373,0.11666666666666667,0.11666666666666667,0.106360234692347,1,0.25,1,0.80000000000000004,0,0.57630133628845215
lexical_bm25,oracle,3378,pneumothorax fracture,oracle,2,2,True,False,10,0.5,0.5,0.75,,,0.5,0,0,,0.33333333333333331,0.33333333333333331,0.6097907032889619,,,0.5,0.33333333333333331,0,0.59695583581924438,0.29999999999999999,0.29999999999999999,0.57781311856720374,,,0.5,0.40000000000000002,0,0.62805485725402832,0.20833333333333331,0.20833333333333331,0.47533164526970939,,,0.5,0.5,0.099999999999999978,0.63324570655822754
lexical_bm25,oracle,3379,cardiomegaly lung opacity,oracle,2,3,True,True,10,0.66666666666666663,0.66666666666666663,0.66666666666666663,0,0,1,0,0,,0.61111111111111105,0.61111111111111105,0.6275601061647702,0,0,1,0,0,0.59611713886260986,0.43333333333333329,0.43333333333333329,0.49728939049461379,0,0,1,0.20000000000000001,0,0.6020691990852356,0.5,0.5,0.51979624130795865,1,0.1111111111111111,1,0.10000000000000001,0,0.59779912233352661
lexical_bm25,oracle,3386,no acute abnormality,oracle,1,3,True,True,10,1,1,1,1,1,1,0,0,,1,1,1,1,1,1,0,0.66666666666666674,0.99999982118606567,1,1,1,1,1,1,0,0.40000000000000002,0.71556150913238525,1,1,1,1,1,1,0,0.69999999999999996,0.75394916534423828
lexical_bm25,oracle,3409,no acute abnormality,oracle,1,3,False,True,10,1,1,1,1,1,1,0,0,,1,1,1,1,1,1,0,0.66666666666666674,0.99999982118606567,1,1,1,1,1,1,0,0.40000000000000002,0.71556150913238525,1,1,1,1,1,1,0,0.69999999999999996,0.75394916534423828
lexical_bm25,oracle,3434,no acute abnormality,oracle,1,3,True,True,10,1,1,1,1,1,1,0,0,,1,1,1,1,1,1,0,0.66666666666666674,0.99999982118606567,1,1,1,1,1,1,0,0.40000000000000002,0.71556150913238525,1,1,1,1,1,1,0,0.69999999999999996,0.75394916534423828
lexical_bm25,oracle,3435,cardiomegaly,oracle,1,1,True,True,10,1,1,1,1,1,1,0,0,,0.77777777777777768,0.77777777777777768,0.80261205935608981,1,1,1,0,0,0.73306912183761597,0.86666666666666659,0.86666666666666659,0.85734249017698161,1,1,1,0,0,0.71242028474807739,0.88333333333333319,0.88333333333333319,0.87074307636795034,1,1,1,0,0,0.70612478256225586
lexical_bm25,oracle,3450,no acute abnormality,oracle,1,3,True,True,10,1,1,1,1,1,1,0,0,,1,1,1,1,1,1,0,0.66666666666666674,0.99999982118606567,1,1,1,1,1,1,0,0.40000000000000002,0.71556150913238525,1,1,1,1,1,1,0,0.69999999999999996,0.75394916534423828
lexical_bm25,oracle,3455,cardiomegaly lung opacity pulmonary edema atelectasis,oracle,4,6,True,False,10,0.75,0.75,1,,,0.75,0,0,,0.66666666666666663,0.66666666666666663,0.90130602967804496,,,1,0,0,0.644561767578125,0.62,0.62,0.85374077963845352,,,1,0,0,0.64644068479537964,0.51000000000000001,0.51000000000000001,0.73884737808597223,,,1,0,0,0.61855131387710571
lexical_bm25,oracle,3460,no acute abnormality,oracle,1,3,False,True,10,1,1,1,1,1,1,0,0,,1,1,1,1,1,1,0,0.66666666666666674,0.99999982118606567,1,1,1,1,1,1,0,0.40000000000000002,0.71556150913238525,1,1,1,1,1,1,0,0.69999999999999996,0.75394916534423828
lexical_bm25,oracle,3465,no acute abnormality,oracle,1,3,True,True,10,1,1,1,1,1,1,0,0,,1,1,1,1,1,1,0,0.66666666666666674,0.99999982118606567,1,1,1,1,1,1,0,0.40000000000000002,0.71556150913238525,1,1,1,1,1,1,0,0.69999999999999996,0.75394916534423828
lexical_bm25,oracle,3477,no acute abnormality,oracle,1,3,True,True,10,1,1,1,1,1,1,0,0,,1,1,1,1,1,1,0,0.66666666666666674,0.99999982118606567,1,1,1,1,1,1,0,0.40000000000000002,0.71556150913238525,1,1,1,1,1,1,0,0.69999999999999996,0.75394916534423828
lexical_bm25,oracle,3508,atelectasis pleural effusion pleural abnormality,oracle,3,5,True,False,10,0.25,0.25,0.33333333333333331,,,0.33333333333333331,0,0,,0.27777777777777773,0.27777777777777773,0.38918094652361651,,,0.33333333333333331,0,0,0.65294665098190308,0.28333333333333333,0.28333333333333333,0.40292481879078945,,,0.33333333333333331,0,0,0.69771254062652588,0.29833333333333334,0.29833333333333334,0.42828673082506957,,,0.66666666666666663,0,0,0.66718596220016479
lexical_bm25,oracle,3528,no acute abnormality,oracle,1,3,True,True,10,1,1,1,1,1,1,0,0,,1,1,1,1,1,1,0,0.66666666666666674,0.99999982118606567,1,1,1,1,1,1,0,0.40000000000000002,0.71556150913238525,1,1,1,1,1,1,0,0.69999999999999996,0.75394916534423828
lexical_bm25,oracle,3539,no acute abnormality,oracle,1,3,True,True,10,1,1,1,1,1,1,0,0,,1,1,1,1,1,1,0,0.66666666666666674,0.99999982118606567,1,1,1,1,1,1,0,0.40000000000000002,0.71556150913238525,1,1,1,1,1,1,0,0.69999999999999996,0.75394916534423828
lexical_bm25,oracle,3542,no acute abnormality,oracle,1,3,True,True,10,1,1,1,1,1,1,0,0,,1,1,1,1,1,1,0,0.66666666666666674,0.99999982118606567,1,1,1,1,1,1,0,0.40000000000000002,0.71556150913238525,1,1,1,1,1,1,0,0.69999999999999996,0.75394916534423828
lexical_bm25,oracle,3559,lung lesion,oracle,1,2,True,True,10,0,0,0,0,0,0,1,0,,0,0,0,0,0,0,1,0,0.51725125312805176,0.20000000000000001,0.20000000000000001,0.14606834984270645,1,0.25,1,0.80000000000000004,0,0.54078376293182373,0.11666666666666667,0.11666666666666667,0.106360234692347,1,0.25,1,0.80000000000000004,0,0.57630133628845215
lexical_bm25,oracle,3562,atelectasis,oracle,1,1,True,True,10,0.33333333333333331,0.33333333333333331,0.33333333333333331,0,0,1,0,0,,0.44444444444444442,0.44444444444444442,0.4217868789962072,0,0,1,0,0,0.6185038685798645,0.56666666666666665,0.56666666666666665,0.51650747404241726,1,0.25,1,0,0,0.61692237854003906,0.68333333333333335,0.68333333333333335,0.61840371077358891,1,0.25,1,0,0,0.6786266565322876
lexical_bm25,oracle,3565,lung opacity consolidation pneumonia,oracle,3,4,True,True,10,0.33333333333333331,0.33333333333333331,0.33333333333333331,0,0,0.33333333333333331,0,0,,0.30555555555555552,0.30555555555555552,0.33333333333333331,0,0,0.33333333333333331,0,0,0.74164789915084839,0.25,0.25,0.31266563291427374,0,0,0.33333333333333331,0.20000000000000001,0,0.68557149171829224,0.34499999999999997,0.34499999999999997,0.41407810455614352,0,0,1,0.10000000000000001,0,0.71306973695755005
lexical_bm25,oracle,3567,lung opacity pneumonia pleural effusion support device,oracle,4,7,False,False,10,0.5,0.5,0.66666666666666663,,,0.5,0,0,,0.25,0.25,0.41154645433712611,,,0.5,0.33333333333333331,0,0.65206032991409302,0.25,0.25,0.40036604582749047,,,0.5,0.20000000000000001,0,0.67885035276412964,0.22000000000000003,0.22000000000000003,0.37537910776751809,,,0.5,0.20000000000000001,0,0.67897492647171021
lexical_bm25,oracle,3589,lung opacity,oracle,1,2,True,True,10,0,0,0,0,0,0,1,0,,0.5,0.5,0.41340159247155434,1,0.5,1,0.33333333333333331,0,0.71375292539596558,0.69999999999999996,0.69999999999999996,0.57604974340797988,1,0.5,1,0.20000000000000001,0,0.72270810604095459,0.51666666666666661,0.51666666666666661,0.49298963354937758,1,0.5,1,0.20000000000000001,0,0.71254485845565796
lexical_bm25,oracle,3593,no acute abnormality,oracle,1,3,True,True,10,1,1,1,1,1,1,0,0,,1,1,1,1,1,1,0,0.66666666666666674,0.99999982118606567,1,1,1,1,1,1,0,0.40000000000000002,0.71556150913238525,1,1,1,1,1,1,0,0.69999999999999996,0.75394916534423828
lexical_bm25,oracle,3597,support device,oracle,1,2,True,True,10,1,1,1,1,1,1,0,0,,1,1,1,1,1,1,0,0,0.45086362957954407,1,1,1,1,1,1,0,0,0.55285274982452393,0.72499999999999998,0.72499999999999998,0.81318000494387221,1,1,1,0.10000000000000001,0,0.51251065731048584
lexical_bm25,oracle,3608,cardiomegaly,oracle,1,1,True,True,10,1,1,1,1,1,1,0,0,,0.77777777777777768,0.77777777777777768,0.80261205935608981,1,1,1,0,0,0.73306912183761597,0.86666666666666659,0.86666666666666659,0.85734249017698161,1,1,1,0,0,0.71242028474807739,0.88333333333333319,0.88333333333333319,0.87074307636795034,1,1,1,0,0,0.70612478256225586
lexical_bm25,oracle,3610,no acute abnormality,oracle,1,3,True,True,10,1,1,1,1,1,1,0,0,,1,1,1,1,1,1,0,0.66666666666666674,0.99999982118606567,1,1,1,1,1,1,0,0.40000000000000002,0.71556150913238525,1,1,1,1,1,1,0,0.69999999999999996,0.75394916534423828
lexical_bm25,oracle,3611,lung opacity consolidation,oracle,2,3,True,True,10,0.33333333333333331,0.33333333333333331,0.33333333333333331,0,0,0.5,0,0,,0.27777777777777773,0.27777777777777773,0.27374592351327454,0,0,0.5,0.33333333333333331,0,0.71375304460525513,0.31666666666666665,0.31666666666666665,0.33051032260106333,0,0,0.5,0.20000000000000001,0,0.71555250883102417,0.30833333333333335,0.30833333333333335,0.37363251289415822,0,0,0.5,0.20000000000000001,0,0.6946292519569397
lexical_bm25,oracle,3624,no acute abnormality,oracle,1,3,True,True,10,1,1,1,1,1,1,0,0,,1,1,1,1,1,1,0,0.66666666666666674,0.99999982118606567,1,1,1,1,1,1,0,0.40000000000000002,0.71556150913238525,1,1,1,1,1,1,0,0.69999999999999996,0.75394916534423828
lexical_bm25,oracle,3632,lung opacity atelectasis pleural effusion pleural abnormality,oracle,4,7,True,True,10,0.5,0.5,0.5,0,0,0.5,0,0,,0.41666666666666669,0.41666666666666669,0.48290221093594388,0,0,0.5,0,0,0.65204757452011108,0.34999999999999998,0.34999999999999998,0.44611451402001823,0,0,0.5,0,0,0.64988726377487183,0.33999999999999997,0.33999999999999997,0.43976821689278267,0,0,0.5,0.10000000000000001,0,0.70465308427810669
lexical_bm25,oracle,3639,no acute abnormality,oracle,1,3,True,True,10,1,1,1,1,1,1,0,0,,1,1,1,1,1,1,0,0.66666666666666674,0.99999982118606567,1,1,1,1,1,1,0,0.40000000000000002,0.71556150913238525,1,1,1,1,1,1,0,0.69999999999999996,0.75394916534423828
lexical_bm25,oracle,3641,support device,oracle,1,2,False,True,10,1,1,1,1,1,1,0,0,,1,1,1,1,1,1,0,0,0.45086362957954407,1,1,1,1,1,1,0,0,0.55285274982452393,0.72499999999999998,0.72499999999999998,0.81318000494387221,1,1,1,0.10000000000000001,0,0.51251065731048584
lexical_bm25,oracle,3655,lung lesion,oracle,1,2,True,True,10,0,0,0,0,0,0,1,0,,0,0,0,0,0,0,1,0,0.51725125312805176,0.20000000000000001,0.20000000000000001,0.14606834984270645,1,0.25,1,0.80000000000000004,0,0.54078376293182373,0.11666666666666667,0.11666666666666667,0.106360234692347,1,0.25,1,0.80000000000000004,0,0.57630133628845215
lexical_bm25,oracle,3665,no acute abnormality,oracle,1,3,True,True,10,1,1,1,1,1,1,0,0,,1,1,1,1,1,1,0,0.66666666666666674,0.99999982118606567,1,1,1,1,1,1,0,0.40000000000000002,0.71556150913238525,1,1,1,1,1,1,0,0.69999999999999996,0.75394916534423828
lexical_bm25,oracle,3667,support device,oracle,1,2,True,True,10,1,1,1,1,1,1,0,0,,1,1,1,1,1,1,0,0,0.45086362957954407,1,1,1,1,1,1,0,0,0.55285274982452393,0.72499999999999998,0.72499999999999998,0.81318000494387221,1,1,1,0.10000000000000001,0,0.51251065731048584
lexical_bm25,oracle,3672,cardiomegaly pulmonary edema support device,oracle,3,5,True,True,10,0.66666666666666663,0.66666666666666663,0.66666666666666663,0,0,0.66666666666666663,0,0,,0.49999999999999994,0.49999999999999994,0.57270111681313085,0,0,1,0,0,0.55988985300064087,0.5,0.5,0.61058166627805521,0,0,1,0,0,0.64328151941299438,0.4416666666666666,0.4416666666666666,0.5970203335763351,0,0,1,0,0,0.6547393798828125
lexical_bm25,oracle,3683,support device,oracle,1,2,True,True,10,1,1,1,1,1,1,0,0,,1,1,1,1,1,1,0,0,0.45086362957954407,1,1,1,1,1,1,0,0,0.55285274982452393,0.72499999999999998,0.72499999999999998,0.81318000494387221,1,1,1,0.10000000000000001,0,0.51251065731048584
lexical_bm25,oracle,3692,no acute abnormality,oracle,1,3,True,True,10,1,1,1,1,1,1,0,0,,1,1,1,1,1,1,0,0.66666666666666674,0.99999982118606567,1,1,1,1,1,1,0,0.40000000000000002,0.71556150913238525,1,1,1,1,1,1,0,0.69999999999999996,0.75394916534423828
lexical_bm25,oracle,3693,no acute abnormality,oracle,1,3,False,True,10,1,1,1,1,1,1,0,0,,1,1,1,1,1,1,0,0.66666666666666674,0.99999982118606567,1,1,1,1,1,1,0,0.40000000000000002,0.71556150913238525,1,1,1,1,1,1,0,0.69999999999999996,0.75394916534423828
lexical_bm25,oracle,3701,no acute abnormality,oracle,1,3,True,True,10,1,1,1,1,1,1,0,0,,1,1,1,1,1,1,0,0.66666666666666674,0.99999982118606567,1,1,1,1,1,1,0,0.40000000000000002,0.71556150913238525,1,1,1,1,1,1,0,0.69999999999999996,0.75394916534423828
lexical_bm25,oracle,3720,no acute abnormality,oracle,1,3,True,True,10,1,1,1,1,1,1,0,0,,1,1,1,1,1,1,0,0.66666666666666674,0.99999982118606567,1,1,1,1,1,1,0,0.40000000000000002,0.71556150913238525,1,1,1,1,1,1,0,0.69999999999999996,0.75394916534423828
lexical_bm25,oracle,3726,no acute abnormality,oracle,1,3,True,True,10,1,1,1,1,1,1,0,0,,1,1,1,1,1,1,0,0.66666666666666674,0.99999982118606567,1,1,1,1,1,1,0,0.40000000000000002,0.71556150913238525,1,1,1,1,1,1,0,0.69999999999999996,0.75394916534423828
lexical_bm25,oracle,3756,lung opacity,oracle,1,2,True,True,10,0,0,0,0,0,0,1,0,,0.5,0.5,0.41340159247155434,1,0.5,1,0.33333333333333331,0,0.71375292539596558,0.69999999999999996,0.69999999999999996,0.57604974340797988,1,0.5,1,0.20000000000000001,0,0.72270810604095459,0.51666666666666661,0.51666666666666661,0.49298963354937758,1,0.5,1,0.20000000000000001,0,0.71254485845565796
lexical_bm25,oracle,3785,lung opacity,oracle,1,2,True,True,10,0,0,0,0,0,0,1,0,,0.5,0.5,0.41340159247155434,1,0.5,1,0.33333333333333331,0,0.71375292539596558,0.69999999999999996,0.69999999999999996,0.57604974340797988,1,0.5,1,0.20000000000000001,0,0.72270810604095459,0.51666666666666661,0.51666666666666661,0.49298963354937758,1,0.5,1,0.20000000000000001,0,0.71254485845565796
lexical_bm25,oracle,3787,no acute abnormality,oracle,1,3,True,True,10,1,1,1,1,1,1,0,0,,1,1,1,1,1,1,0,0.66666666666666674,0.99999982118606567,1,1,1,1,1,1,0,0.40000000000000002,0.71556150913238525,1,1,1,1,1,1,0,0.69999999999999996,0.75394916534423828
lexical_bm25,oracle,3790,lung opacity,oracle,1,2,True,True,10,0,0,0,0,0,0,1,0,,0.5,0.5,0.41340159247155434,1,0.5,1,0.33333333333333331,0,0.71375292539596558,0.69999999999999996,0.69999999999999996,0.57604974340797988,1,0.5,1,0.20000000000000001,0,0.72270810604095459,0.51666666666666661,0.51666666666666661,0.49298963354937758,1,0.5,1,0.20000000000000001,0,0.71254485845565796
lexical_bm25,oracle,3793,lung opacity,oracle,1,2,True,True,10,0,0,0,0,0,0,1,0,,0.5,0.5,0.41340159247155434,1,0.5,1,0.33333333333333331,0,0.71375292539596558,0.69999999999999996,0.69999999999999996,0.57604974340797988,1,0.5,1,0.20000000000000001,0,0.72270810604095459,0.51666666666666661,0.51666666666666661,0.49298963354937758,1,0.5,1,0.20000000000000001,0,0.71254485845565796
lexical_bm25,oracle,3809,no acute abnormality,oracle,1,3,True,True,10,1,1,1,1,1,1,0,0,,1,1,1,1,1,1,0,0.66666666666666674,0.99999982118606567,1,1,1,1,1,1,0,0.40000000000000002,0.71556150913238525,1,1,1,1,1,1,0,0.69999999999999996,0.75394916534423828
lexical_bm25,oracle,3814,no acute abnormality,oracle,1,3,True,True,10,1,1,1,1,1,1,0,0,,1,1,1,1,1,1,0,0.66666666666666674,0.99999982118606567,1,1,1,1,1,1,0,0.40000000000000002,0.71556150913238525,1,1,1,1,1,1,0,0.69999999999999996,0.75394916534423828
lexical_bm25,oracle,3817,no acute abnormality,oracle,1,3,True,True,10,1,1,1,1,1,1,0,0,,1,1,1,1,1,1,0,0.66666666666666674,0.99999982118606567,1,1,1,1,1,1,0,0.40000000000000002,0.71556150913238525,1,1,1,1,1,1,0,0.69999999999999996,0.75394916534423828
lexical_bm25,oracle,3830,no acute abnormality,oracle,1,3,True,True,10,1,1,1,1,1,1,0,0,,1,1,1,1,1,1,0,0.66666666666666674,0.99999982118606567,1,1,1,1,1,1,0,0.40000000000000002,0.71556150913238525,1,1,1,1,1,1,0,0.69999999999999996,0.75394916534423828
lexical_bm25,oracle,3837,no acute abnormality,oracle,1,3,True,True,10,1,1,1,1,1,1,0,0,,1,1,1,1,1,1,0,0.66666666666666674,0.99999982118606567,1,1,1,1,1,1,0,0.40000000000000002,0.71556150913238525,1,1,1,1,1,1,0,0.69999999999999996,0.75394916534423828
lexical_bm25,oracle,3847,pneumothorax,oracle,1,1,True,True,10,0,0,0,0,0,0,1,0,,0.16666666666666666,0.16666666666666666,0.14804095548293261,0,0,1,0.66666666666666663,0,0.49485015869140625,0.10000000000000001,0.10000000000000001,0.10699313236726378,0,0,1,0.80000000000000004,0,0.59181898832321167,0.14999999999999999,0.14999999999999999,0.17319717345748553,1,0.14285714285714285,1,0.80000000000000004,0.099999999999999978,0.64938950538635254
lexical_bm25,oracle,3866,lung opacity pneumonia,oracle,2,3,True,True,10,0.5,0.5,0.5,0,0,0.5,0,0,,0.33333333333333331,0.33333333333333331,0.38268031849431083,0,0,0.5,0.33333333333333331,0,0.69373434782028198,0.40000000000000002,0.40000000000000002,0.415209948681596,0,0,0.5,0.20000000000000001,0,0.71400034427642822,0.48333333333333339,0.48333333333333339,0.46771143203051579,1,0.14285714285714285,1,0.20000000000000001,0,0.71051746606826782
lexical_bm25,oracle,3875,lung opacity,oracle,1,2,True,True,10,0,0,0,0,0,0,1,0,,0.5,0.5,0.41340159247155434,1,0.5,1,0.33333333333333331,0,0.71375292539596558,0.69999999999999996,0.69999999999999996,0.57604974340797988,1,0.5,1,0.20000000000000001,0,0.72270810604095459,0.51666666666666661,0.51666666666666661,0.49298963354937758,1,0.5,1,0.20000000000000001,0,0.71254485845565796
lexical_bm25,oracle,3879,no acute abnormality,oracle,1,3,True,True,10,1,1,1,1,1,1,0,0,,1,1,1,1,1,1,0,0.66666666666666674,0.99999982118606567,1,1,1,1,1,1,0,0.40000000000000002,0.71556150913238525,1,1,1,1,1,1,0,0.69999999999999996,0.75394916534423828
lexical_bm25,oracle,3880,cardiomegaly lung opacity pulmonary edema,oracle,3,5,True,True,10,0.66666666666666663,0.66666666666666663,0.66666666666666663,0,0,0.66666666666666663,0,0,,0.63888888888888884,0.63888888888888884,0.63687296175663721,0,0,1,0,0,0.70383948087692261,0.51666666666666672,0.51666666666666672,0.55270948864563008,0,0,1,0,0,0.66993695497512817,0.64166666666666661,0.64166666666666661,0.64739040618028931,1,0.14285714285714285,1,0,0,0.65130782127380371
lexical_bm25,oracle,3883,no acute abnormality,oracle,1,3,True,True,10,1,1,1,1,1,1,0,0,,1,1,1,1,1,1,0,0.66666666666666674,0.99999982118606567,1,1,1,1,1,1,0,0.40000000000000002,0.71556150913238525,1,1,1,1,1,1,0,0.69999999999999996,0.75394916534423828
lexical_bm25,oracle,3900,no acute abnormality,oracle,1,3,True,True,10,1,1,1,1,1,1,0,0,,1,1,1,1,1,1,0,0.66666666666666674,0.99999982118606567,1,1,1,1,1,1,0,0.40000000000000002,0.71556150913238525,1,1,1,1,1,1,0,0.69999999999999996,0.75394916534423828
lexical_bm25,oracle,3905,cardiomegaly,oracle,1,1,True,True,10,1,1,1,1,1,1,0,0,,0.77777777777777768,0.77777777777777768,0.80261205935608981,1,1,1,0,0,0.73306912183761597,0.86666666666666659,0.86666666666666659,0.85734249017698161,1,1,1,0,0,0.71242028474807739,0.88333333333333319,0.88333333333333319,0.87074307636795034,1,1,1,0,0,0.70612478256225586
lexical_bm25,oracle,3906,no acute abnormality,oracle,1,3,False,True,10,1,1,1,1,1,1,0,0,,1,1,1,1,1,1,0,0.66666666666666674,0.99999982118606567,1,1,1,1,1,1,0,0.40000000000000002,0.71556150913238525,1,1,1,1,1,1,0,0.69999999999999996,0.75394916534423828
lexical_bm25,oracle,3939,no acute abnormality,oracle,1,3,True,True,10,1,1,1,1,1,1,0,0,,1,1,1,1,1,1,0,0.66666666666666674,0.99999982118606567,1,1,1,1,1,1,0,0.40000000000000002,0.71556150913238525,1,1,1,1,1,1,0,0.69999999999999996,0.75394916534423828
lexical_bm25,oracle,3951,lung opacity lung lesion,oracle,2,4,True,True,10,0,0,0,0,0,0,1,0,,0.1111111111111111,0.1111111111111111,0.07821312100379274,0,0,0.5,0.66666666666666663,0,0.60584896802902222,0.16666666666666666,0.16666666666666666,0.1221292396351069,0,0,0.5,0.59999999999999998,0,0.58565264940261841,0.26666666666666666,0.26666666666666666,0.22263569481862497,0,0,0.5,0.40000000000000002,0,0.58885878324508667
lexical_bm25,oracle,3953,no acute abnormality,oracle,1,3,True,True,10,1,1,1,1,1,1,0,0,,1,1,1,1,1,1,0,0.66666666666666674,0.99999982118606567,1,1,1,1,1,1,0,0.40000000000000002,0.71556150913238525,1,1,1,1,1,1,0,0.69999999999999996,0.75394916534423828
lexical_bm25,oracle,3968,pneumonia,oracle,1,1,True,True,10,0,0,0,0,0,0,1,0,,0,0,0,0,0,0,1,0,0.58168119192123413,0.050000000000000003,0.050000000000000003,0.042238475264877569,0,0,1,0.80000000000000004,0,0.6264607310295105,0.125,0.125,0.14670700107914683,1,0.16666666666666666,1,0.80000000000000004,0,0.68054014444351196
lexical_bm25,oracle,3972,lung opacity,oracle,1,2,True,True,10,0,0,0,0,0,0,1,0,,0.5,0.5,0.41340159247155434,1,0.5,1,0.33333333333333331,0,0.71375292539596558,0.69999999999999996,0.69999999999999996,0.57604974340797988,1,0.5,1,0.20000000000000001,0,0.72270810604095459,0.51666666666666661,0.51666666666666661,0.49298963354937758,1,0.5,1,0.20000000000000001,0,0.71254485845565796
lexical_bm25,oracle,3973,no acute abnormality,oracle,1,3,True,True,10,1,1,1,1,1,1,0,0,,1,1,1,1,1,1,0,0.66666666666666674,0.99999982118606567,1,1,1,1,1,1,0,0.40000000000000002,0.71556150913238525,1,1,1,1,1,1,0,0.69999999999999996,0.75394916534423828
lexical_bm25,oracle,3976,no acute abnormality,oracle,1,3,True,True,10,1,1,1,1,1,1,0,0,,1,1,1,1,1,1,0,0.66666666666666674,0.99999982118606567,1,1,1,1,1,1,0,0.40000000000000002,0.71556150913238525,1,1,1,1,1,1,0,0.69999999999999996,0.75394916534423828
lexical_bm25,oracle,3980,cardiomegaly lung opacity pleural effusion pleural abnormality,oracle,4,7,True,False,10,0.25,0.25,0.3125,,,0.25,0,0,,0.23333333333333331,0.23333333333333331,0.30408128086289515,,,0.25,0,0,0.71379786729812622,0.27000000000000002,0.27000000000000002,0.33767356872781973,,,0.5,0,0,0.65281903743743896,0.27500000000000002,0.27500000000000002,0.37065117828249711,,,0.75,0.10000000000000001,0,0.64092451333999634
lexical_bm25,oracle,3982,no acute abnormality,oracle,1,3,True,True,10,1,1,1,1,1,1,0,0,,1,1,1,1,1,1,0,0.66666666666666674,0.99999982118606567,1,1,1,1,1,1,0,0.40000000000000002,0.71556150913238525,1,1,1,1,1,1,0,0.69999999999999996,0.75394916534423828
lexical_bm25,classifier_all_positive,20,no acute abnormality,no_finding,1,3,True,True,10,1,1,1,1,1,1,0,0,,1,1,1,1,1,1,0,0.66666666666666674,0.99999982118606567,1,1,1,1,1,1,0,0.40000000000000002,0.71556150913238525,1,1,1,1,1,1,0,0.69999999999999996,0.75394916534423828
lexical_bm25,classifier_all_positive,23,no acute abnormality,no_finding,1,3,True,True,10,1,1,1,1,1,1,0,0,,1,1,1,1,1,1,0,0.66666666666666674,0.99999982118606567,1,1,1,1,1,1,0,0.40000000000000002,0.71556150913238525,1,1,1,1,1,1,0,0.69999999999999996,0.75394916534423828
lexical_bm25,classifier_all_positive,33,no acute abnormality,no_finding,1,3,True,True,10,0,1,0,0,0,0,1,0,,0,1,0,0,0,0,1,0.66666666666666674,0.99999982118606567,0,1,0,0,0,0,1,0.40000000000000002,0.71556150913238525,0,1,0,0,0,0,1,0.69999999999999996,0.75394916534423828
lexical_bm25,classifier_all_positive,50,cardiomegaly pulmonary edema,findings,2,3,True,True,10,0.5,1,0.5,0,0,1,0,0,,0.38888888888888884,0.77777777777777768,0.411546454337126,0,0,1,0,0,0.73647552728652954,0.5,0.69999999999999996,0.47733008588716386,1,0.20000000000000001,1,0,0,0.70205008983612061,0.65000000000000002,0.6333333333333333,0.58849674303966415,1,0.20000000000000001,1,0,0,0.68342971801757812
lexical_bm25,classifier_all_positive,54,no acute abnormality,no_finding,1,3,True,True,10,0,1,0,0,0,0,1,0,,0,1,0,0,0,0,1,0.66666666666666674,0.99999982118606567,0,1,0,0,0,0,1,0.40000000000000002,0.71556150913238525,0,1,0,0,0,0,1,0.69999999999999996,0.75394916534423828
lexical_bm25,classifier_all_positive,66,no acute abnormality,no_finding,1,3,True,True,10,1,1,1,1,1,1,0,0,,1,1,1,1,1,1,0,0.66666666666666674,0.99999982118606567,1,1,1,1,1,1,0,0.40000000000000002,0.71556150913238525,1,1,1,1,1,1,0,0.69999999999999996,0.75394916534423828
lexical_bm25,classifier_all_positive,72,no acute abnormality,no_finding,1,3,True,True,10,1,1,1,1,1,1,0,0,,1,1,1,1,1,1,0,0.66666666666666674,0.99999982118606567,1,1,1,1,1,1,0,0.40000000000000002,0.71556150913238525,1,1,1,1,1,1,0,0.69999999999999996,0.75394916534423828
lexical_bm25,classifier_all_positive,73,pleural effusion,findings,1,2,True,True,10,0,0,0,0,0,0,1,0,,0.38888888888888884,0.44444444444444442,0.31470762214959924,0,0,1,0.33333333333333331,0,0.52953463792800903,0.29999999999999993,0.36666666666666664,0.30425788677789484,0,0,1,0.40000000000000002,0,0.5521930456161499,0.25,0.23333333333333331,0.31299184065112845,1,0.16666666666666666,1,0.59999999999999998,0,0.59303605556488037
lexical_bm25,classifier_all_positive,78,lung opacity atelectasis pleural effusion,findings,3,5,True,True,10,0.5,0.66666666666666663,0.5,0,0,1,0,0,,0.33333333333333331,0.55555555555555547,0.35195904451706733,0,0,1,0.33333333333333331,0,0.65204757452011108,0.40000000000000002,0.46666666666666662,0.40043850379791857,1,0.25,1,0.40000000000000002,0,0.64988726377487183,0.33333333333333337,0.45000000000000001,0.34793843556537379,1,0.25,1,0.40000000000000002,0,0.70465308427810669
lexical_bm25,classifier_all_positive,80,no acute abnormality,no_finding,1,3,True,True,10,1,1,1,1,1,1,0,0,,1,1,1,1,1,1,0,0.66666666666666674,0.99999982118606567,1,1,1,1,1,1,0,0.40000000000000002,0.71556150913238525,1,1,1,1,1,1,0,0.69999999999999996,0.75394916534423828
lexical_bm25,classifier_all_positive,113,no acute abnormality,no_finding,1,3,True,True,10,0,1,0,0,0,0,1,0,,0,1,0,0,0,0,1,0.66666666666666674,0.99999982118606567,0,1,0,0,0,0,1,0.40000000000000002,0.71556150913238525,0,1,0,0,0,0,1,0.69999999999999996,0.75394916534423828
lexical_bm25,classifier_all_positive,117,no acute abnormality,no_finding,1,3,True,True,10,1,1,1,1,1,1,0,0,,1,1,1,1,1,1,0,0.66666666666666674,0.99999982118606567,1,1,1,1,1,1,0,0.40000000000000002,0.71556150913238525,1,1,1,1,1,1,0,0.69999999999999996,0.75394916534423828
lexical_bm25,classifier_all_positive,144,enlarged cardiomediastinum,findings,1,2,True,True,10,0,0,0,0,0,0,1,0,,0.16666666666666666,0,0.11731968150568911,0,0,1,0.66666666666666663,0,0.66477137804031372,0.23333333333333331,0,0.17226010299329853,0,0,1,0.59999999999999998,0,0.680946946144104,0.16666666666666666,0,0.14491213172946191,0,0,1,0.69999999999999996,0,0.60796517133712769
lexical_bm25,classifier_all_positive,152,enlarged cardiomediastinum lung lesion fracture,findings,3,5,True,True,10,0,0,0,0,0,0,1,0,,0.44444444444444442,0.17857142857142858,0.33333333333333326,1,0.33333333333333331,1,0.33333333333333331,0,0.56757098436355591,0.26666666666666666,0.10714285714285714,0.24090885754831723,1,0.33333333333333331,1,0.59999999999999998,0,0.53893983364105225,0.41666666666666663,0.12857142857142856,0.40629836379525902,1,0.33333333333333331,1,0.40000000000000002,0,0.5343019962310791
lexical_bm25,classifier_all_positive,160,lung opacity pneumonia pleural effusion,findings,3,5,True,True,10,1,0.33333333333333331,1,1,1,1,0,0,,0.66666666666666663,0.22222222222222221,0.70391808903413466,1,1,1,0.33333333333333331,0,0.69373434782028198,0.80000000000000004,0.26666666666666666,0.78601373526547236,1,1,1,0.20000000000000001,0,0.72832804918289185,0.65000000000000002,0.32499999999999996,0.68308617035271113,1,1,1,0.20000000000000001,0,0.71051734685897827
lexical_bm25,classifier_all_positive,188,cardiomegaly lung opacity consolidation pleural effusion,findings,4,6,True,True,10,0.5,0.40000000000000002,0.5,0,0,0.66666666666666663,0,0,,0.16666666666666666,0.29999999999999999,0.23463936301137822,0,0,0.66666666666666663,0.66666666666666663,0,0.59871381521224976,0.23333333333333331,0.22000000000000003,0.25705015431170258,0,0,0.66666666666666663,0.59999999999999998,0,0.62686538696289062,0.21666666666666665,0.26500000000000001,0.23958032235606697,0,0,0.66666666666666663,0.5,0,0.62818646430969238
lexical_bm25,classifier_all_positive,189,no acute abnormality,no_finding,1,3,True,True,10,0,1,0,0,0,0,1,0,,0,1,0,0,0,0,1,0.66666666666666674,0.99999982118606567,0,1,0,0,0,0,1,0.40000000000000002,0.71556150913238525,0,1,0,0,0,0,1,0.69999999999999996,0.75394916534423828
lexical_bm25,classifier_all_positive,195,pneumonia,findings,1,1,True,True,10,0,0,0,0,0,0,1,0,,0.33333333333333331,0,0.23463936301137822,1,0.33333333333333331,1,0.66666666666666663,0,0.58168119192123413,0.40000000000000002,0.050000000000000003,0.31564845247951451,1,0.33333333333333331,1,0.59999999999999998,0,0.6264607310295105,0.5,0.125,0.4138836150091173,1,0.33333333333333331,1,0.5,0,0.68054014444351196
lexical_bm25,classifier_all_positive,210,,empty,0,0,False,True,0,,,,,,,,,,,,,,,,,,,,,,,,,,,,,,,,,,,,
lexical_bm25,classifier_all_positive,218,,empty,0,0,False,True,0,,,,,,,,,,,,,,,,,,,,,,,,,,,,,,,,,,,,
lexical_bm25,classifier_all_positive,220,lung opacity lung lesion consolidation pneumonia pleural abnormality,findings,5,8,True,True,10,0,0.16666666666666666,0,0,0,0,1,0,,0,0.17777777777777778,0,0,0,0,1,0,0.69587534666061401,0,0.14666666666666667,0,0,0,0,1,0,0.58218824863433838,0,0.15333333333333332,0,0,0,0,1,0,0.63849055767059326
lexical_bm25,classifier_all_positive,222,no acute abnormality,no_finding,1,3,True,True,10,1,1,1,1,1,1,0,0,,1,1,1,1,1,1,0,0.66666666666666674,0.99999982118606567,1,1,1,1,1,1,0,0.40000000000000002,0.71556150913238525,1,1,1,1,1,1,0,0.69999999999999996,0.75394916534423828
lexical_bm25,classifier_all_positive,229,no acute abnormality,no_finding,1,3,True,True,10,0,1,0,0,0,0,1,0,,0,1,0,0,0,0,1,0.66666666666666674,0.99999982118606567,0,1,0,0,0,0,1,0.40000000000000002,0.71556150913238525,0,1,0,0,0,0,1,0.69999999999999996,0.75394916534423828
lexical_bm25,classifier_all_positive,239,,empty,0,0,False,True,0,,,,,,,,,,,,,,,,,,,,,,,,,,,,,,,,,,,,
lexical_bm25,classifier_all_positive,249,lung opacity lung lesion,findings,2,4,True,True,10,0,0,0,0,0,0,1,0,,0,0.1111111111111111,0,0,0,0,1,0,0.60584896802902222,0,0.16666666666666666,0,0,0,0,1,0,0.58565264940261841,0,0.26666666666666666,0,0,0,0,1,0,0.58885878324508667
lexical_bm25,classifier_all_positive,266,enlarged cardiomediastinum cardiomegaly,findings,2,3,True,True,10,1,0.5,1,1,1,1,0,0,,1,0.5,1,1,1,1,0,0,0.61331146955490112,0.84999999999999998,0.44000000000000006,0.90159619186574369,1,1,1,0,0,0.63788795471191406,0.85833333333333339,0.44500000000000001,0.89372880296948332,1,1,1,0,0,0.64919465780258179
lexical_bm25,classifier_all_positive,268,lung opacity consolidation pneumonia,findings,3,4,True,True,10,0.5,0.33333333333333331,0.5,0,0,0.5,0,0,,0.44444444444444442,0.30555555555555552,0.46089343949810357,0,0,0.5,0,0,0.74164789915084839,0.36666666666666664,0.25,0.39870247463917874,0,0,0.5,0.20000000000000001,0,0.68557149171829224,0.4416666666666666,0.34499999999999997,0.43728435517636988,1,0.10000000000000001,1,0.10000000000000001,0,0.71306973695755005
lexical_bm25,classifier_all_positive,278,no acute abnormality,no_finding,1,3,True,True,10,0,1,0,0,0,0,1,0,,0,1,0,0,0,0,1,0.66666666666666674,0.99999982118606567,0,1,0,0,0,0,1,0.40000000000000002,0.71556150913238525,0,1,0,0,0,0,1,0.69999999999999996,0.75394916534423828
lexical_bm25,classifier_all_positive,290,no acute abnormality,no_finding,1,3,True,True,10,0,1,0,0,0,0,1,0,,0,1,0,0,0,0,1,0.66666666666666674,0.99999982118606567,0,1,0,0,0,0,1,0.40000000000000002,0.71556150913238525,0,1,0,0,0,0,1,0.69999999999999996,0.75394916534423828
lexical_bm25,classifier_all_positive,297,,empty,0,0,False,True,0,,,,,,,,,,,,,,,,,,,,,,,,,,,,,,,,,,,,
lexical_bm25,classifier_all_positive,298,no acute abnormality,no_finding,1,3,True,True,10,1,1,1,1,1,1,0,0,,1,1,1,1,1,1,0,0.66666666666666674,0.99999982118606567,1,1,1,1,1,1,0,0.40000000000000002,0.71556150913238525,1,1,1,1,1,1,0,0.69999999999999996,0.75394916534423828
lexical_bm25,classifier_all_positive,310,no acute abnormality,no_finding,1,3,True,True,10,1,1,1,1,1,1,0,0,,1,1,1,1,1,1,0,0.66666666666666674,0.99999982118606567,1,1,1,1,1,1,0,0.40000000000000002,0.71556150913238525,1,1,1,1,1,1,0,0.69999999999999996,0.75394916534423828
lexical_bm25,classifier_all_positive,317,fracture,findings,1,1,True,True,10,0,1,0,0,0,0,1,0,,0,0.66666666666666663,0,0,0,0,1,0,0.59695583581924438,0,0.66666666666666674,0,0,0,0,1,0,0.56320726871490479,0.20000000000000001,0.3833333333333333,0.12987501165334078,1,0.1111111111111111,1,0.80000000000000004,0,0.59001177549362183
lexical_bm25,classifier_all_positive,325,no acute abnormality,no_finding,1,3,True,True,10,1,1,1,1,1,1,0,0,,1,1,1,1,1,1,0,0.66666666666666674,0.99999982118606567,1,1,1,1,1,1,0,0.40000000000000002,0.71556150913238525,1,1,1,1,1,1,0,0.69999999999999996,0.75394916534423828
lexical_bm25,classifier_all_positive,332,no acute abnormality,no_finding,1,3,True,True,10,0,1,0,0,0,0,1,0,,0,1,0,0,0,0,1,0.66666666666666674,0.99999982118606567,0,1,0,0,0,0,1,0.40000000000000002,0.71556150913238525,0,1,0,0,0,0,1,0.69999999999999996,0.75394916534423828
lexical_bm25,classifier_all_positive,335,support device,findings,1,2,True,True,10,1,1,1,1,1,1,0,0,,1,1,1,1,1,1,0,0,0.45086362957954407,1,1,1,1,1,1,0,0,0.55285274982452393,0.72499999999999998,0.72499999999999998,0.81318000494387221,1,1,1,0.10000000000000001,0,0.51251065731048584
lexical_bm25,classifier_all_positive,337,,empty,0,0,False,True,0,,,,,,,,,,,,,,,,,,,,,,,,,,,,,,,,,,,,
lexical_bm25,classifier_all_positive,338,no acute abnormality,no_finding,1,3,True,True,10,1,1,1,1,1,1,0,0,,1,1,1,1,1,1,0,0.66666666666666674,0.99999982118606567,1,1,1,1,1,1,0,0.40000000000000002,0.71556150913238525,1,1,1,1,1,1,0,0.69999999999999996,0.75394916534423828
lexical_bm25,classifier_all_positive,368,no acute abnormality,no_finding,1,3,True,True,10,1,1,1,1,1,1,0,0,,1,1,1,1,1,1,0,0.66666666666666674,0.99999982118606567,1,1,1,1,1,1,0,0.40000000000000002,0.71556150913238525,1,1,1,1,1,1,0,0.69999999999999996,0.75394916534423828
lexical_bm25,classifier_all_positive,373,no acute abnormality,no_finding,1,3,True,True,10,1,1,1,1,1,1,0,0,,1,1,1,1,1,1,0,0.66666666666666674,0.99999982118606567,1,1,1,1,1,1,0,0.40000000000000002,0.71556150913238525,1,1,1,1,1,1,0,0.69999999999999996,0.75394916534423828
lexical_bm25,classifier_all_positive,382,lung opacity lung lesion pneumothorax,findings,3,5,True,True,10,0,0,0,0,0,0,1,0,,0.16666666666666666,0.083333333333333329,0.14804095548293261,0,0,1,0.66666666666666663,0,0.53303068876266479,0.29999999999999999,0.11666666666666665,0.25306148220997021,1,0.25,1,0.59999999999999998,0,0.58565264940261841,0.59999999999999998,0.21666666666666665,0.47860604992480149,1,0.25,1,0.29999999999999999,0,0.61269199848175049
lexical_bm25,classifier_all_positive,388,,empty,0,0,False,True,0,,,,,,,,,,,,,,,,,,,,,,,,,,,,,,,,,,,,
lexical_bm25,classifier_all_positive,392,support device,findings,1,2,True,True,10,1,1,1,1,1,1,0,0,,1,1,1,1,1,1,0,0,0.45086362957954407,1,1,1,1,1,1,0,0,0.55285274982452393,0.72499999999999998,0.72499999999999998,0.81318000494387221,1,1,1,0.10000000000000001,0,0.51251065731048584
lexical_bm25,classifier_all_positive,406,no acute abnormality,no_finding,1,3,True,True,10,0,1,0,0,0,0,1,0,,0,1,0,0,0,0,1,0.66666666666666674,0.99999982118606567,0,1,0,0,0,0,1,0.40000000000000002,0.71556150913238525,0,1,0,0,0,0,1,0.69999999999999996,0.75394916534423828
lexical_bm25,classifier_all_positive,407,support device,findings,1,2,True,True,10,0,1,0,0,0,0,1,0,,0,1,0,0,0,0,1,0,0.45086362957954407,0,1,0,0,0,0,1,0,0.55285274982452393,0.10000000000000001,0.72499999999999998,0.066254223454389041,1,0.1111111111111111,1,0.90000000000000002,0,0.51251065731048584
lexical_bm25,classifier_all_positive,419,no acute abnormality,no_finding,1,3,True,True,10,1,1,1,1,1,1,0,0,,1,1,1,1,1,1,0,0.66666666666666674,0.99999982118606567,1,1,1,1,1,1,0,0.40000000000000002,0.71556150913238525,1,1,1,1,1,1,0,0.69999999999999996,0.75394916534423828
lexical_bm25,classifier_all_positive,427,no acute abnormality,no_finding,1,3,True,True,10,1,1,1,1,1,1,0,0,,1,1,1,1,1,1,0,0.66666666666666674,0.99999982118606567,1,1,1,1,1,1,0,0.40000000000000002,0.71556150913238525,1,1,1,1,1,1,0,0.69999999999999996,0.75394916534423828
lexical_bm25,classifier_all_positive,430,,empty,0,0,False,True,0,,,,,,,,,,,,,,,,,,,,,,,,,,,,,,,,,,,,
lexical_bm25,classifier_all_positive,436,lung opacity consolidation pneumonia atelectasis pleural effusion fracture,findings,6,8,True,True,10,0,0.33333333333333331,0,0,0,0,1,0,,0,0.33333333333333331,0,0,0,0,1,0,0.56998836994171143,0.066666666666666666,0.2904761904761905,0.043735025837447261,0,0,1,0.80000000000000004,0,0.63792294263839722,0.033333333333333333,0.34523809523809523,0.028381039213873666,0,0,1,0.90000000000000002,0,0.60698002576828003
lexical_bm25,classifier_all_positive,438,no acute abnormality,no_finding,1,3,True,True,10,1,1,1,1,1,1,0,0,,1,1,1,1,1,1,0,0.66666666666666674,0.99999982118606567,1,1,1,1,1,1,0,0.40000000000000002,0.71556150913238525,1,1,1,1,1,1,0,0.69999999999999996,0.75394916534423828
lexical_bm25,classifier_all_positive,441,fracture,findings,1,1,True,True,10,0,1,0,0,0,0,1,0,,0,0.66666666666666663,0,0,0,0,1,0,0.59695583581924438,0,0.66666666666666674,0,0,0,0,1,0,0.56320726871490479,0.050000000000000003,0.3833333333333333,0.03668196104968003,0,0,1,0.90000000000000002,0,0.59001177549362183
lexical_bm25,classifier_all_positive,450,no acute abnormality,no_finding,1,3,True,True,10,1,1,1,1,1,1,0,0,,1,1,1,1,1,1,0,0.66666666666666674,0.99999982118606567,1,1,1,1,1,1,0,0.40000000000000002,0.71556150913238525,1,1,1,1,1,1,0,0.69999999999999996,0.75394916534423828
lexical_bm25,classifier_all_positive,481,enlarged cardiomediastinum support device,findings,2,4,True,True,10,0.5,0.33333333333333331,0.5,0,0,1,0,0,,0.83333333333333337,0.44444444444444442,0.76536063698862167,1,0.5,1,0,0,0.37140631675720215,0.90000000000000002,0.46666666666666662,0.83041989736319199,1,0.5,1,0,0,0.47411936521530151,0.67500000000000004,0.35333333333333333,0.70800568874503633,1,0.5,1,0.20000000000000001,0,0.51297885179519653
lexical_bm25,classifier_all_positive,483,atelectasis,findings,1,1,True,True,10,0.33333333333333331,0.33333333333333331,0.33333333333333331,0,0,1,0,0,,0.1111111111111111,0.44444444444444442,0.15642624200758548,0,0,1,0.66666666666666663,0,0.6185038685798645,0.066666666666666666,0.56666666666666665,0.11305340175787204,0,0,1,0.80000000000000004,0,0.61692237854003906,0.033333333333333333,0.68333333333333335,0.07336392209936006,0,0,1,0.90000000000000002,0,0.6786266565322876
lexical_bm25,classifier_all_positive,499,fracture,findings,1,1,True,True,10,0,1,0,0,0,0,1,0,,0,0.66666666666666663,0,0,0,0,1,0,0.59695583581924438,0,0.66666666666666674,0,0,0,0,1,0,0.56320726871490479,0.20000000000000001,0.3833333333333333,0.12987501165334078,1,0.1111111111111111,1,0.80000000000000004,0,0.59001177549362183
lexical_bm25,classifier_all_positive,501,pneumonia,findings,1,1,True,True,10,0,0,0,0,0,0,1,0,,0,0,0,0,0,0,1,0,0.58168119192123413,0.050000000000000003,0.050000000000000003,0.032801269378085446,0,0,1,0.80000000000000004,0,0.6264607310295105,0.025000000000000001,0.125,0.021285779410405253,0,0,1,0.90000000000000002,0,0.68054014444351196
lexical_bm25,classifier_all_positive,504,lung opacity atelectasis fracture,findings,3,4,True,True,10,1,0.66666666666666663,1,1,1,1,0,0,,0.72222222222222221,0.66666666666666663,0.77374592351327454,1,1,1,0,0,0.5670502781867981,0.73333333333333328,0.59999999999999998,0.76344599183244699,1,1,1,0,0,0.63902109861373901,0.66666666666666674,0.54999999999999993,0.70853370133396032,1,1,1,0,0,0.62455129623413086
lexical_bm25,classifier_all_positive,505,lung opacity pleural abnormality fracture,findings,3,5,True,True,10,0,0.33333333333333331,0,0,0,0,1,0,,0.66666666666666663,0.1111111111111111,0.53072127397724345,1,0.5,1,0.33333333333333331,0,0.60986858606338501,0.40000000000000002,0.20000000000000001,0.38356636737133565,1,0.5,1,0.59999999999999998,0,0.59327012300491333,0.29999999999999999,0.20833333333333331,0.31252911522154636,1,0.5,1,0.69999999999999996,0,0.60938358306884766
lexical_bm25,classifier_all_positive,508,no acute abnormality,no_finding,1,3,True,True,10,1,1,1,1,1,1,0,0,,1,1,1,1,1,1,0,0.66666666666666674,0.99999982118606567,1,1,1,1,1,1,0,0.40000000000000002,0.71556150913238525,1,1,1,1,1,1,0,0.69999999999999996,0.75394916534423828
lexical_bm25,classifier_all_positive,514,no acute abnormality,no_finding,1,3,True,True,10,1,1,1,1,1,1,0,0,,1,1,1,1,1,1,0,0.66666666666666674,0.99999982118606567,1,1,1,1,1,1,0,0.40000000000000002,0.71556150913238525,1,1,1,1,1,1,0,0.69999999999999996,0.75394916534423828
lexical_bm25,classifier_all_positive,522,fracture,findings,1,1,True,True,10,0,1,0,0,0,0,1,0,,0,0.66666666666666663,0,0,0,0,1,0,0.59695583581924438,0.066666666666666666,0.66666666666666674,0.043735025837447261,0,0,1,0.80000000000000004,0,0.56320726871490479,0.033333333333333333,0.3833333333333333,0.028381039213873666,0,0,1,0.90000000000000002,0,0.59001177549362183
lexical_bm25,classifier_all_positive,530,cardiomegaly,findings,1,1,True,True,10,1,1,1,1,1,1,0,0,,0.77777777777777768,0.77777777777777768,0.80261205935608981,1,1,1,0,0,0.73306912183761597,0.86666666666666659,0.86666666666666659,0.85734249017698161,1,1,1,0,0,0.71242028474807739,0.88333333333333319,0.88333333333333319,0.87074307636795034,1,1,1,0,0,0.70612478256225586
lexical_bm25,classifier_all_positive,546,cardiomegaly lung opacity pleural effusion,findings,3,5,True,True,10,0,0.33333333333333331,0,0,0,0,1,0,,0,0.27777777777777773,0,0,0,0,1,0,0.6183130145072937,0.10000000000000001,0.40000000000000002,0.065602538756170892,0,0,1,0.80000000000000004,0,0.64408063888549805,0.074999999999999997,0.40000000000000002,0.06324188495731288,0,0,1,0.80000000000000004,0,0.61943113803863525
lexical_bm25,classifier_all_positive,569,lung opacity atelectasis pneumothorax pleural effusion pleural abnormality fracture support device,findings,7,11,True,True,10,0.33333333333333331,0.2857142857142857,0.33333333333333331,0,0,0.5,0,0,,0.27777777777777773,0.19047619047619047,0.30446719749051809,0,0,0.5,0.33333333333333331,0,0.59292298555374146,0.23333333333333331,0.20000000000000001,0.26873598407270466,0,0,0.5,0.40000000000000002,0,0.59701937437057495,0.24166666666666664,0.19999999999999996,0.26275859956566217,0,0,0.5,0.40000000000000002,0,0.5859559178352356
lexical_bm25,classifier_all_positive,573,lung opacity,findings,1,2,True,True,10,0,0,0,0,0,0,1,0,,0.27777777777777773,0.5,0.22625407648672535,0,0,0.5,0.33333333333333331,0,0.71375292539596558,0.36666666666666664,0.69999999999999996,0.3021565469237239,0,0,0.5,0.20000000000000001,0,0.72270810604095459,0.29999999999999999,0.51666666666666661,0.2791350739313902,0,0,0.5,0.20000000000000001,0,0.71254485845565796
lexical_bm25,classifier_all_positive,579,no acute abnormality,no_finding,1,3,True,True,10,1,1,1,1,1,1,0,0,,1,1,1,1,1,1,0,0.66666666666666674,0.99999982118606567,1,1,1,1,1,1,0,0.40000000000000002,0.71556150913238525,1,1,1,1,1,1,0,0.69999999999999996,0.75394916534423828
lexical_bm25,classifier_all_positive,582,no acute abnormality,no_finding,1,3,True,True,10,1,1,1,1,1,1,0,0,,1,1,1,1,1,1,0,0.66666666666666674,0.99999982118606567,1,1,1,1,1,1,0,0.40000000000000002,0.71556150913238525,1,1,1,1,1,1,0,0.69999999999999996,0.75394916534423828
lexical_bm25,classifier_all_positive,584,no acute abnormality,no_finding,1,3,True,True,10,1,1,1,1,1,1,0,0,,1,1,1,1,1,1,0,0.66666666666666674,0.99999982118606567,1,1,1,1,1,1,0,0.40000000000000002,0.71556150913238525,1,1,1,1,1,1,0,0.69999999999999996,0.75394916534423828
lexical_bm25,classifier_all_positive,586,cardiomegaly lung opacity consolidation pneumonia,findings,4,5,True,True,10,1,0.40000000000000002,1,1,1,1,0,0,,0.52777777777777779,0.28333333333333338,0.62663253709755606,1,1,1,0,0,0.59367090463638306,0.58333333333333326,0.29999999999999999,0.63277851330423796,1,1,1,0,0,0.59071695804595947,0.48333333333333328,0.26500000000000001,0.54443577449893132,1,1,1,0,0,0.60098350048065186
lexical_bm25,classifier_all_positive,601,lung opacity consolidation pneumonia support device,findings,4,6,True,True,10,1,0.5,1,1,1,1,0,0,,0.66666666666666663,0.33333333333333331,0.73463936301137822,1,1,1,0,0,0.6942412257194519,0.46666666666666667,0.23999999999999999,0.5796328389068528,1,1,1,0.20000000000000001,0,0.67215651273727417,0.48333333333333328,0.24500000000000002,0.55167626359997124,1,1,1,0.10000000000000001,0,0.61431944370269775
lexical_bm25,classifier_all_positive,608,fracture,findings,1,1,True,True,10,1,1,1,1,1,1,0,0,,0.66666666666666663,0.66666666666666663,0.76536063698862167,1,1,1,0.33333333333333331,0,0.59695583581924438,0.66666666666666674,0.66666666666666674,0.74294984568829736,1,1,1,0.20000000000000001,0,0.56320726871490479,0.3833333333333333,0.3833333333333333,0.5168392247234479,1,1,1,0.5,0,0.59001177549362183
lexical_bm25,classifier_all_positive,618,no acute abnormality,no_finding,1,3,True,True,10,1,1,1,1,1,1,0,0,,1,1,1,1,1,1,0,0.66666666666666674,0.99999982118606567,1,1,1,1,1,1,0,0.40000000000000002,0.71556150913238525,1,1,1,1,1,1,0,0.69999999999999996,0.75394916534423828
lexical_bm25,classifier_all_positive,661,pleural effusion,findings,1,2,True,True,10,0,0,0,0,0,0,1,0,,0,0.44444444444444442,0,0,0,0,1,0,0.52953463792800903,0,0.36666666666666664,0,0,0,0,1,0,0.5521930456161499,0,0.23333333333333331,0,0,0,0,1,0,0.59303605556488037
lexical_bm25,classifier_all_positive,665,cardiomegaly,findings,1,1,True,True,10,1,1,1,1,1,1,0,0,,0.77777777777777768,0.77777777777777768,0.80261205935608981,1,1,1,0,0,0.73306912183761597,0.86666666666666659,0.86666666666666659,0.85734249017698161,1,1,1,0,0,0.71242028474807739,0.88333333333333319,0.88333333333333319,0.87074307636795034,1,1,1,0,0,0.70612478256225586
lexical_bm25,classifier_all_positive,668,atelectasis,findings,1,1,True,True,10,0,0.33333333333333331,0,0,0,0,1,0,,0,0.44444444444444442,0,0,0,0,1,0,0.6185038685798645,0,0.56666666666666665,0,0,0,0,1,0,0.61692237854003906,0,0.68333333333333335,0,0,0,0,1,0,0.6786266565322876
lexical_bm25,classifier_all_positive,672,lung opacity consolidation pneumonia pleural effusion,findings,4,6,True,True,10,0,0.25,0,0,0,0,1,0,,0,0.14999999999999999,0,0,0,0,1,0,0.69558078050613403,0,0.19,0,0,0,0,1,0,0.70627415180206299,0.025000000000000001,0.21166666666666661,0.020311120559259033,0,0,0.5,0.90000000000000002,0,0.70713126659393311
lexical_bm25,classifier_all_positive,683,fracture,findings,1,1,True,True,10,0,1,0,0,0,0,1,0,,0,0.66666666666666663,0,0,0,0,1,0,0.59695583581924438,0,0.66666666666666674,0,0,0,0,1,0,0.56320726871490479,0.20000000000000001,0.3833333333333333,0.12987501165334078,1,0.1111111111111111,1,0.80000000000000004,0,0.59001177549362183
lexical_bm25,classifier_all_positive,688,lung opacity pneumonia atelectasis,findings,3,4,True,True,10,0.33333333333333331,0.33333333333333331,0.33333333333333331,0,0,0.33333333333333331,0,0,,0.55555555555555547,0.55555555555555547,0.54203618070129933,0,0,0.66666666666666663,0,0,0.69295454025268555,0.53333333333333333,0.53333333333333333,0.57550825600677713,0,0,0.66666666666666663,0,0,0.70378744602203369,0.51666666666666661,0.51666666666666661,0.6259564707805253,0,0,0.66666666666666663,0,0,0.6871524453163147
lexical_bm25,classifier_all_positive,689,lung opacity lung lesion,findings,2,4,True,True,10,0,0,0,0,0,0,1,0,,0,0.1111111111111111,0,0,0,0,1,0,0.60584896802902222,0,0.16666666666666666,0,0,0,0,1,0,0.58565264940261841,0,0.26666666666666666,0,0,0,0,1,0,0.58885878324508667
lexical_bm25,classifier_all_positive,691,fracture,findings,1,1,True,True,10,0,1,0,0,0,0,1,0,,0,0.66666666666666663,0,0,0,0,1,0,0.59695583581924438,0,0.66666666666666674,0,0,0,0,1,0,0.56320726871490479,0.20000000000000001,0.3833333333333333,0.12987501165334078,1,0.1111111111111111,1,0.80000000000000004,0,0.59001177549362183
lexical_bm25,classifier_all_positive,699,,empty,0,0,False,True,0,,,,,,,,,,,,,,,,,,,,,,,,,,,,,,,,,,,,
lexical_bm25,classifier_all_positive,709,fracture,findings,1,1,True,True,10,1,1,1,1,1,1,0,0,,0.66666666666666663,0.66666666666666663,0.76536063698862167,1,1,1,0.33333333333333331,0,0.59695583581924438,0.66666666666666674,0.66666666666666674,0.74294984568829736,1,1,1,0.20000000000000001,0,0.56320726871490479,0.3833333333333333,0.3833333333333333,0.5168392247234479,1,1,1,0.5,0,0.59001177549362183
lexical_bm25,classifier_all_positive,716,cardiomegaly pneumonia,findings,2,2,True,True,10,0.5,0.33333333333333331,0.5,0,0,1,0,0,,0.66666666666666663,0.38888888888888884,0.64804095548293261,1,0.5,1,0,0,0.70746535062789917,0.80000000000000004,0.43333333333333329,0.74562984604478788,1,0.5,1,0,0,0.62349462509155273,0.80000000000000004,0.43333333333333329,0.76999366944976955,1,0.5,1,0,0,0.61449795961380005
lexical_bm25,classifier_all_positive,725,fracture,findings,1,1,True,True,10,0,1,0,0,0,0,1,0,,0,0.66666666666666663,0,0,0,0,1,0,0.59695583581924438,0,0.66666666666666674,0,0,0,0,1,0,0.56320726871490479,0.20000000000000001,0.3833333333333333,0.12987501165334078,1,0.1111111111111111,1,0.80000000000000004,0,0.59001177549362183
lexical_bm25,classifier_all_positive,731,no acute abnormality,no_finding,1,3,True,True,10,1,1,1,1,1,1,0,0,,1,1,1,1,1,1,0,0.66666666666666674,0.99999982118606567,1,1,1,1,1,1,0,0.40000000000000002,0.71556150913238525,1,1,1,1,1,1,0,0.69999999999999996,0.75394916534423828
lexical_bm25,classifier_all_positive,733,support device,findings,1,2,True,True,10,1,1,1,1,1,1,0,0,,1,1,1,1,1,1,0,0,0.45086362957954407,1,1,1,1,1,1,0,0,0.55285274982452393,0.72499999999999998,0.72499999999999998,0.81318000494387221,1,1,1,0.10000000000000001,0,0.51251065731048584
lexical_bm25,classifier_all_positive,739,no acute abnormality,no_finding,1,3,True,True,10,1,1,1,1,1,1,0,0,,1,1,1,1,1,1,0,0.66666666666666674,0.99999982118606567,1,1,1,1,1,1,0,0.40000000000000002,0.71556150913238525,1,1,1,1,1,1,0,0.69999999999999996,0.75394916534423828
lexical_bm25,classifier_all_positive,744,pneumothorax support device,findings,2,3,True,True,10,0,0.5,0,0,0,0,1,0,,0,0.5,0,0,0,0,1,0,0.51466083526611328,0,0.5,0,0,0,0,1,0,0.55285274982452393,0.074999999999999997,0.38666666666666666,0.049168199583670184,0,0,1,0.80000000000000004,0,0.51251065731048584
lexical_bm25,classifier_all_positive,756,fracture,findings,1,1,True,True,10,0,1,0,0,0,0,1,0,,0,0.66666666666666663,0,0,0,0,1,0,0.59695583581924438,0,0.66666666666666674,0,0,0,0,1,0,0.56320726871490479,0.20000000000000001,0.3833333333333333,0.12987501165334078,1,0.1111111111111111,1,0.80000000000000004,0,0.59001177549362183
lexical_bm25,classifier_all_positive,758,fracture,findings,1,1,True,True,10,0,1,0,0,0,0,1,0,,0,0.66666666666666663,0,0,0,0,1,0,0.59695583581924438,0,0.66666666666666674,0,0,0,0,1,0,0.56320726871490479,0.20000000000000001,0.3833333333333333,0.12987501165334078,1,0.1111111111111111,1,0.80000000000000004,0,0.59001177549362183
lexical_bm25,classifier_all_positive,760,lung opacity pneumonia fracture,findings,3,4,True,True,10,0.5,0.33333333333333331,0.5,0,0,0.5,0,0,,0.33333333333333331,0.30555555555555552,0.35195904451706733,0,0,0.5,0.33333333333333331,0,0.75035184621810913,0.20000000000000001,0.24999999999999994,0.25437015395521206,0,0,0.5,0.59999999999999998,0,0.67023599147796631,0.31666666666666665,0.27500000000000002,0.31698745417106938,0,0,1,0.40000000000000002,0,0.62605774402618408
lexical_bm25,classifier_all_positive,766,no acute abnormality,no_finding,1,3,True,True,10,1,1,1,1,1,1,0,0,,1,1,1,1,1,1,0,0.66666666666666674,0.99999982118606567,1,1,1,1,1,1,0,0.40000000000000002,0.71556150913238525,1,1,1,1,1,1,0,0.69999999999999996,0.75394916534423828
lexical_bm25,classifier_all_positive,793,no acute abnormality,no_finding,1,3,True,True,10,1,1,1,1,1,1,0,0,,1,1,1,1,1,1,0,0.66666666666666674,0.99999982118606567,1,1,1,1,1,1,0,0.40000000000000002,0.71556150913238525,1,1,1,1,1,1,0,0.69999999999999996,0.75394916534423828
lexical_bm25,classifier_all_positive,808,lung opacity consolidation pneumonia atelectasis,findings,4,5,True,True,10,0.66666666666666663,0.5,0.66666666666666663,0,0,0.66666666666666663,0,0,,0.55555555555555547,0.41666666666666669,0.65485968836622777,0,0,0.66666666666666663,0,0,0.69295459985733032,0.53333333333333333,0.40000000000000002,0.67347453855592032,0,0,0.66666666666666663,0,0,0.70378744602203369,0.54333333333333322,0.44500000000000001,0.71880197277269231,0,0,1,0,0,0.68310469388961792
lexical_bm25,classifier_all_positive,841,no acute abnormality,no_finding,1,3,True,True,10,0,1,0,0,0,0,1,0,,0,1,0,0,0,0,1,0.66666666666666674,0.99999982118606567,0,1,0,0,0,0,1,0.40000000000000002,0.71556150913238525,0,1,0,0,0,0,1,0.69999999999999996,0.75394916534423828
lexical_bm25,classifier_all_positive,844,no acute abnormality,no_finding,1,3,True,True,10,1,1,1,1,1,1,0,0,,1,1,1,1,1,1,0,0.66666666666666674,0.99999982118606567,1,1,1,1,1,1,0,0.40000000000000002,0.71556150913238525,1,1,1,1,1,1,0,0.69999999999999996,0.75394916534423828
lexical_bm25,classifier_all_positive,847,lung opacity atelectasis fracture,findings,3,4,True,True,10,0,0.66666666666666663,0,0,0,0,1,0,,0,0.66666666666666663,0,0,0,0,1,0,0.5670502781867981,0,0.59999999999999998,0,0,0,0,1,0,0.63902109861373901,0.033333333333333333,0.54999999999999993,0.021206929399650572,0,0,1,0.90000000000000002,0,0.62455129623413086
lexical_bm25,classifier_all_positive,854,,empty,0,0,False,True,0,,,,,,,,,,,,,,,,,,,,,,,,,,,,,,,,,,,,
lexical_bm25,classifier_all_positive,867,fracture,findings,1,1,True,True,10,0,1,0,0,0,0,1,0,,0,0.66666666666666663,0,0,0,0,1,0,0.59695583581924438,0,0.66666666666666674,0,0,0,0,1,0,0.56320726871490479,0,0.3833333333333333,0,0,0,0,1,0,0.59001177549362183
lexical_bm25,classifier_all_positive,868,lung lesion,findings,1,2,True,True,10,0,0,0,0,0,0,1,0,,0,0,0,0,0,0,1,0,0.51725125312805176,0,0.20000000000000001,0,0,0,0,1,0,0.54078376293182373,0.21666666666666665,0.11666666666666667,0.152919971435549,0,0,1,0.5,0,0.57630133628845215
lexical_bm25,classifier_all_positive,882,no acute abnormality,no_finding,1,3,True,True,10,1,1,1,1,1,1,0,0,,1,1,1,1,1,1,0,0.66666666666666674,0.99999982118606567,1,1,1,1,1,1,0,0.40000000000000002,0.71556150913238525,1,1,1,1,1,1,0,0.69999999999999996,0.75394916534423828
lexical_bm25,classifier_all_positive,906,no acute abnormality,no_finding,1,3,True,True,10,0,1,0,0,0,0,1,0,,0,1,0,0,0,0,1,0.66666666666666674,0.99999982118606567,0,1,0,0,0,0,1,0.40000000000000002,0.71556150913238525,0,1,0,0,0,0,1,0.69999999999999996,0.75394916534423828
lexical_bm25,classifier_all_positive,912,no acute abnormality,no_finding,1,3,True,True,10,1,1,1,1,1,1,0,0,,1,1,1,1,1,1,0,0.66666666666666674,0.99999982118606567,1,1,1,1,1,1,0,0.40000000000000002,0.71556150913238525,1,1,1,1,1,1,0,0.69999999999999996,0.75394916534423828
lexical_bm25,classifier_all_positive,929,lung lesion fracture,findings,2,3,True,True,10,0,0,0,0,0,0,1,0,,0.047619047619047616,0.1111111111111111,0.033519909001625457,0,0,0.5,0.66666666666666663,0,0.61483389139175415,0.028571428571428571,0.16666666666666666,0.024225728948115435,0,0,0.5,0.80000000000000004,0,0.56639373302459717,0.047619047619047616,0.29999999999999999,0.040175481149649556,0,0,1,0.80000000000000004,0,0.52785992622375488
lexical_bm25,classifier_all_positive,937,no acute abnormality,no_finding,1,3,True,True,10,1,1,1,1,1,1,0,0,,1,1,1,1,1,1,0,0.66666666666666674,0.99999982118606567,1,1,1,1,1,1,0,0.40000000000000002,0.71556150913238525,1,1,1,1,1,1,0,0.69999999999999996,0.75394916534423828
lexical_bm25,classifier_all_positive,940,no acute abnormality,no_finding,1,3,True,True,10,1,1,1,1,1,1,0,0,,1,1,1,1,1,1,0,0.66666666666666674,0.99999982118606567,1,1,1,1,1,1,0,0.40000000000000002,0.71556150913238525,1,1,1,1,1,1,0,0.69999999999999996,0.75394916534423828
lexical_bm25,classifier_all_positive,941,fracture,findings,1,1,True,True,10,0,1,0,0,0,0,1,0,,0,0.66666666666666663,0,0,0,0,1,0,0.59695583581924438,0,0.66666666666666674,0,0,0,0,1,0,0.56320726871490479,0.20000000000000001,0.3833333333333333,0.12987501165334078,1,0.1111111111111111,1,0.80000000000000004,0,0.59001177549362183
lexical_bm25,classifier_all_positive,955,lung opacity consolidation pneumonia,findings,3,4,True,True,10,0,0.33333333333333331,0,0,0,0,1,0,,0,0.30555555555555552,0,0,0,0,1,0,0.74164789915084839,0,0.25,0,0,0,0,1,0,0.68557149171829224,0,0.34499999999999997,0,0,0,0,1,0,0.71306973695755005
lexical_bm25,classifier_all_positive,959,lung opacity,findings,1,2,True,True,10,0,0,0,0,0,0,1,0,,0.5,0.5,0.41340159247155434,1,0.5,1,0.33333333333333331,0,0.71375292539596558,0.69999999999999996,0.69999999999999996,0.57604974340797988,1,0.5,1,0.20000000000000001,0,0.72270810604095459,0.51666666666666661,0.51666666666666661,0.49298963354937758,1,0.5,1,0.20000000000000001,0,0.71254485845565796
lexical_bm25,classifier_all_positive,961,no acute abnormality,no_finding,1,3,True,True,10,0,1,0,0,0,0,1,0,,0,1,0,0,0,0,1,0.66666666666666674,0.99999982118606567,0,1,0,0,0,0,1,0.40000000000000002,0.71556150913238525,0,1,0,0,0,0,1,0.69999999999999996,0.75394916534423828
lexical_bm25,classifier_all_positive,962,no acute abnormality,no_finding,1,3,True,True,10,1,1,1,1,1,1,0,0,,1,1,1,1,1,1,0,0.66666666666666674,0.99999982118606567,1,1,1,1,1,1,0,0.40000000000000002,0.71556150913238525,1,1,1,1,1,1,0,0.69999999999999996,0.75394916534423828
lexical_bm25,classifier_all_positive,972,enlarged cardiomediastinum lung lesion,findings,2,4,True,True,10,0,0,0,0,0,0,1,0,,0.1111111111111111,0,0.07821312100379274,0,0,0.5,0.66666666666666663,0,0.48097088932991028,0.066666666666666666,0,0.05652670087893602,0,0,0.5,0.80000000000000004,0,0.50380122661590576,0.080952380952380956,0.064285714285714279,0.067353779514243331,0,0,0.5,0.69999999999999996,0,0.550464928150177
lexical_bm25,classifier_all_positive,980,no acute abnormality,no_finding,1,3,True,True,10,1,1,1,1,1,1,0,0,,1,1,1,1,1,1,0,0.66666666666666674,0.99999982118606567,1,1,1,1,1,1,0,0.40000000000000002,0.71556150913238525,1,1,1,1,1,1,0,0.69999999999999996,0.75394916534423828
lexical_bm25,classifier_all_positive,981,enlarged cardiomediastinum cardiomegaly,findings,2,3,True,True,10,1,0.5,1,1,1,1,0,0,,1,0.5,1,1,1,1,0,0,0.61331146955490112,0.84999999999999998,0.44000000000000006,0.90159619186574369,1,1,1,0,0,0.63788795471191406,0.85833333333333339,0.44500000000000001,0.89372880296948332,1,1,1,0,0,0.64919465780258179
lexical_bm25,classifier_all_positive,984,no acute abnormality,no_finding,1,3,True,True,10,0,1,0,0,0,0,1,0,,0,1,0,0,0,0,1,0.66666666666666674,0.99999982118606567,0,1,0,0,0,0,1,0.40000000000000002,0.71556150913238525,0,1,0,0,0,0,1,0.69999999999999996,0.75394916534423828
lexical_bm25,classifier_all_positive,1014,,empty,0,0,False,True,0,,,,,,,,,,,,,,,,,,,,,,,,,,,,,,,,,,,,
lexical_bm25,classifier_all_positive,1049,support device,findings,1,2,True,True,10,0,1,0,0,0,0,1,0,,0,1,0,0,0,0,1,0,0.45086362957954407,0,1,0,0,0,0,1,0,0.55285274982452393,0.10000000000000001,0.72499999999999998,0.066254223454389041,1,0.1111111111111111,1,0.90000000000000002,0,0.51251065731048584
lexical_bm25,classifier_all_positive,1055,no acute abnormality,no_finding,1,3,True,True,10,1,1,1,1,1,1,0,0,,1,1,1,1,1,1,0,0.66666666666666674,0.99999982118606567,1,1,1,1,1,1,0,0.40000000000000002,0.71556150913238525,1,1,1,1,1,1,0,0.69999999999999996,0.75394916534423828
lexical_bm25,classifier_all_positive,1064,lung opacity consolidation atelectasis pleural effusion fracture,findings,5,7,True,True,10,1,0.40000000000000002,1,1,1,1,0,0,,0.72222222222222221,0.39999999999999997,0.78398634817235568,1,1,1,0,0,0.5670502781867981,0.56666666666666665,0.34666666666666662,0.66398666631017611,1,1,1,0.20000000000000001,0,0.57543307542800903,0.61666666666666659,0.33333333333333331,0.66638328371516253,1,1,1,0.10000000000000001,0,0.58598542213439941
lexical_bm25,classifier_all_positive,1079,atelectasis,findings,1,1,True,True,10,0.33333333333333331,0.33333333333333331,0.33333333333333331,0,0,1,0,0,,0.44444444444444442,0.44444444444444442,0.4217868789962072,0,0,1,0,0,0.6185038685798645,0.56666666666666665,0.56666666666666665,0.51650747404241726,1,0.25,1,0,0,0.61692237854003906,0.68333333333333335,0.68333333333333335,0.61840371077358891,1,0.25,1,0,0,0.6786266565322876
lexical_bm25,classifier_all_positive,1085,no acute abnormality,no_finding,1,3,True,True,10,0,1,0,0,0,0,1,0,,0,1,0,0,0,0,1,0.66666666666666674,0.99999982118606567,0,1,0,0,0,0,1,0.40000000000000002,0.71556150913238525,0,1,0,0,0,0,1,0.69999999999999996,0.75394916534423828
lexical_bm25,classifier_all_positive,1125,lung opacity,findings,1,2,True,True,10,0,0,0,0,0,0,1,0,,0.27777777777777773,0.5,0.22625407648672535,0,0,0.5,0.33333333333333331,0,0.71375292539596558,0.36666666666666664,0.69999999999999996,0.3021565469237239,0,0,0.5,0.20000000000000001,0,0.72270810604095459,0.3833333333333333,0.51666666666666661,0.33324966212028218,0,0,1,0.20000000000000001,0,0.71254485845565796
lexical_bm25,classifier_all_positive,1159,support device,findings,1,2,True,True,10,0,1,0,0,0,0,1,0,,0,1,0,0,0,0,1,0,0.45086362957954407,0,1,0,0,0,0,1,0,0.55285274982452393,0.10000000000000001,0.72499999999999998,0.066254223454389041,1,0.1111111111111111,1,0.90000000000000002,0,0.51251065731048584
lexical_bm25,classifier_all_positive,1162,no acute abnormality,no_finding,1,3,True,True,10,1,1,1,1,1,1,0,0,,1,1,1,1,1,1,0,0.66666666666666674,0.99999982118606567,1,1,1,1,1,1,0,0.40000000000000002,0.71556150913238525,1,1,1,1,1,1,0,0.69999999999999996,0.75394916534423828
lexical_bm25,classifier_all_positive,1191,no acute abnormality,no_finding,1,3,True,True,10,1,1,1,1,1,1,0,0,,1,1,1,1,1,1,0,0.66666666666666674,0.99999982118606567,1,1,1,1,1,1,0,0.40000000000000002,0.71556150913238525,1,1,1,1,1,1,0,0.69999999999999996,0.75394916534423828
lexical_bm25,classifier_all_positive,1206,fracture,findings,1,1,True,True,10,0,1,0,0,0,0,1,0,,0,0.66666666666666663,0,0,0,0,1,0,0.59695583581924438,0,0.66666666666666674,0,0,0,0,1,0,0.56320726871490479,0.20000000000000001,0.3833333333333333,0.12987501165334078,1,0.1111111111111111,1,0.80000000000000004,0,0.59001177549362183
lexical_bm25,classifier_all_positive,1214,lung opacity consolidation pneumonia,findings,3,4,True,True,10,0,0.33333333333333331,0,0,0,0,1,0,,0.16666666666666666,0.30555555555555552,0.11731968150568911,0,0,1,0.66666666666666663,0,0.74164789915084839,0.10000000000000001,0.25,0.084790051318404031,0,0,1,0.80000000000000004,0,0.68557149171829224,0.083333333333333329,0.34499999999999997,0.077107682725983062,0,0,1,0.80000000000000004,0,0.71306973695755005
lexical_bm25,classifier_all_positive,1226,no acute abnormality,no_finding,1,3,True,True,10,0,1,0,0,0,0,1,0,,0,1,0,0,0,0,1,0.66666666666666674,0.99999982118606567,0,1,0,0,0,0,1,0.40000000000000002,0.71556150913238525,0,1,0,0,0,0,1,0.69999999999999996,0.75394916534423828
lexical_bm25,classifier_all_positive,1234,cardiomegaly,findings,1,1,True,True,10,0.33333333333333331,1,0.33333333333333331,0,0,0.33333333333333331,0,0,,0.28888888888888892,0.77777777777777768,0.29385574520455127,0,0,0.33333333333333331,0,0,0.73306912183761597,0.30666666666666664,0.86666666666666659,0.31513878349772051,0,0,0.33333333333333331,0,0,0.71242028474807739,0.3116666666666667,0.88333333333333319,0.35555855031855799,0,0,0.33333333333333331,0,0,0.70612478256225586
lexical_bm25,classifier_all_positive,1239,no acute abnormality,no_finding,1,3,True,True,10,1,1,1,1,1,1,0,0,,1,1,1,1,1,1,0,0.66666666666666674,0.99999982118606567,1,1,1,1,1,1,0,0.40000000000000002,0.71556150913238525,1,1,1,1,1,1,0,0.69999999999999996,0.75394916534423828
lexical_bm25,classifier_all_positive,1260,no acute abnormality,no_finding,1,3,True,True,10,1,1,1,1,1,1,0,0,,1,1,1,1,1,1,0,0.66666666666666674,0.99999982118606567,1,1,1,1,1,1,0,0.40000000000000002,0.71556150913238525,1,1,1,1,1,1,0,0.69999999999999996,0.75394916534423828
lexical_bm25,classifier_all_positive,1263,no acute abnormality,no_finding,1,3,True,True,10,1,1,1,1,1,1,0,0,,1,1,1,1,1,1,0,0.66666666666666674,0.99999982118606567,1,1,1,1,1,1,0,0.40000000000000002,0.71556150913238525,1,1,1,1,1,1,0,0.69999999999999996,0.75394916534423828
lexical_bm25,classifier_all_positive,1277,fracture,findings,1,1,True,True,10,0,1,0,0,0,0,1,0,,0,0.66666666666666663,0,0,0,0,1,0,0.59695583581924438,0.066666666666666666,0.66666666666666674,0.043735025837447261,0,0,1,0.80000000000000004,0,0.56320726871490479,0.033333333333333333,0.3833333333333333,0.028381039213873666,0,0,1,0.90000000000000002,0,0.59001177549362183
lexical_bm25,classifier_all_positive,1285,pleural effusion,findings,1,2,True,True,10,0,0,0,0,0,0,1,0,,0,0.44444444444444442,0,0,0,0,1,0,0.52953463792800903,0,0.36666666666666664,0,0,0,0,1,0,0.5521930456161499,0,0.23333333333333331,0,0,0,0,1,0,0.59303605556488037
lexical_bm25,classifier_all_positive,1288,atelectasis,findings,1,1,True,True,10,0.33333333333333331,0.33333333333333331,0.33333333333333331,0,0,1,0,0,,0.44444444444444442,0.44444444444444442,0.4217868789962072,0,0,1,0,0,0.6185038685798645,0.36666666666666664,0.56666666666666665,0.37043912419971076,0,0,1,0.20000000000000001,0,0.61692237854003906,0.28333333333333333,0.68333333333333335,0.3082323671270511,0,0,1,0.40000000000000002,0,0.6786266565322876
lexical_bm25,classifier_all_positive,1294,no acute abnormality,no_finding,1,3,True,True,10,1,1,1,1,1,1,0,0,,1,1,1,1,1,1,0,0.66666666666666674,0.99999982118606567,1,1,1,1,1,1,0,0.40000000000000002,0.71556150913238525,1,1,1,1,1,1,0,0.69999999999999996,0.75394916534423828
lexical_bm25,classifier_all_positive,1314,no acute abnormality,no_finding,1,3,True,True,10,1,1,1,1,1,1,0,0,,1,1,1,1,1,1,0,0.66666666666666674,0.99999982118606567,1,1,1,1,1,1,0,0.40000000000000002,0.71556150913238525,1,1,1,1,1,1,0,0.69999999999999996,0.75394916534423828
lexical_bm25,classifier_all_positive,1334,fracture,findings,1,1,True,True,10,0,1,0,0,0,0,1,0,,0,0.66666666666666663,0,0,0,0,1,0,0.59695583581924438,0,0.66666666666666674,0,0,0,0,1,0,0.56320726871490479,0.20000000000000001,0.3833333333333333,0.12987501165334078,1,0.1111111111111111,1,0.80000000000000004,0,0.59001177549362183
lexical_bm25,classifier_all_positive,1361,no acute abnormality,no_finding,1,3,True,True,10,0,1,0,0,0,0,1,0,,0,1,0,0,0,0,1,0.66666666666666674,0.99999982118606567,0,1,0,0,0,0,1,0.40000000000000002,0.71556150913238525,0,1,0,0,0,0,1,0.69999999999999996,0.75394916534423828
lexical_bm25,classifier_all_positive,1365,no acute abnormality,no_finding,1,3,True,True,10,0,1,0,0,0,0,1,0,,0,1,0,0,0,0,1,0.66666666666666674,0.99999982118606567,0,1,0,0,0,0,1,0.40000000000000002,0.71556150913238525,0,1,0,0,0,0,1,0.69999999999999996,0.75394916534423828
lexical_bm25,classifier_all_positive,1380,no acute abnormality,no_finding,1,3,True,True,10,1,1,1,1,1,1,0,0,,1,1,1,1,1,1,0,0.66666666666666674,0.99999982118606567,1,1,1,1,1,1,0,0.40000000000000002,0.71556150913238525,1,1,1,1,1,1,0,0.69999999999999996,0.75394916534423828
lexical_bm25,classifier_all_positive,1394,pneumonia,findings,1,1,True,True,10,0,0,0,0,0,0,1,0,,0,0,0,0,0,0,1,0,0.58168119192123413,0,0.050000000000000003,0,0,0,0,1,0,0.6264607310295105,0,0.125,0,0,0,0,1,0,0.68054014444351196
lexical_bm25,classifier_all_positive,1397,no acute abnormality,no_finding,1,3,True,True,10,1,1,1,1,1,1,0,0,,1,1,1,1,1,1,0,0.66666666666666674,0.99999982118606567,1,1,1,1,1,1,0,0.40000000000000002,0.71556150913238525,1,1,1,1,1,1,0,0.69999999999999996,0.75394916534423828
lexical_bm25,classifier_all_positive,1422,lung opacity lung lesion consolidation pneumonia,findings,4,6,True,True,10,0.33333333333333331,0.25,0.33333333333333331,0,0,0.33333333333333331,0,0,,0.30555555555555552,0.23333333333333331,0.32789405372835445,0,0,0.33333333333333331,0,0,0.68824625015258789,0.23333333333333331,0.17999999999999999,0.30004577855655323,0,0,0.33333333333333331,0.20000000000000001,0,0.67970561981201172,0.24999999999999994,0.19,0.32712783293019471,0,0,0.66666666666666663,0.29999999999999999,0,0.63849055767059326
lexical_bm25,classifier_all_positive,1423,,empty,0,0,False,True,0,,,,,,,,,,,,,,,,,,,,,,,,,,,,,,,,,,,,
lexical_bm25,classifier_all_positive,1431,no acute abnormality,no_finding,1,3,True,True,10,1,1,1,1,1,1,0,0,,1,1,1,1,1,1,0,0.66666666666666674,0.99999982118606567,1,1,1,1,1,1,0,0.40000000000000002,0.71556150913238525,1,1,1,1,1,1,0,0.69999999999999996,0.75394916534423828
lexical_bm25,classifier_all_positive,1435,no acute abnormality,no_finding,1,3,True,True,10,1,1,1,1,1,1,0,0,,1,1,1,1,1,1,0,0.66666666666666674,0.99999982118606567,1,1,1,1,1,1,0,0.40000000000000002,0.71556150913238525,1,1,1,1,1,1,0,0.69999999999999996,0.75394916534423828
lexical_bm25,classifier_all_positive,1451,lung opacity fracture,findings,2,3,True,True,10,0,0.5,0,0,0,0,1,0,,0.1111111111111111,0.38888888888888884,0.07821312100379274,0,0,1,0.66666666666666663,0,0.52697998285293579,0.066666666666666666,0.33333333333333331,0.05652670087893602,0,0,1,0.80000000000000004,0,0.58449763059616089,0.083333333333333329,0.34999999999999998,0.075881095539017701,0,0,1,0.80000000000000004,0,0.58312100172042847
lexical_bm25,classifier_all_positive,1456,fracture,findings,1,1,True,True,10,0,1,0,0,0,0,1,0,,0,0.66666666666666663,0,0,0,0,1,0,0.59695583581924438,0,0.66666666666666674,0,0,0,0,1,0,0.56320726871490479,0.20000000000000001,0.3833333333333333,0.12987501165334078,1,0.1111111111111111,1,0.80000000000000004,0,0.59001177549362183
lexical_bm25,classifier_all_positive,1466,no acute abnormality,no_finding,1,3,True,True,10,1,1,1,1,1,1,0,0,,1,1,1,1,1,1,0,0.66666666666666674,0.99999982118606567,1,1,1,1,1,1,0,0.40000000000000002,0.71556150913238525,1,1,1,1,1,1,0,0.69999999999999996,0.75394916534423828
lexical_bm25,classifier_all_positive,1469,,empty,0,0,False,True,0,,,,,,,,,,,,,,,,,,,,,,,,,,,,,,,,,,,,
lexical_bm25,classifier_all_positive,1473,no acute abnormality,no_finding,1,3,True,True,10,1,1,1,1,1,1,0,0,,1,1,1,1,1,1,0,0.66666666666666674,0.99999982118606567,1,1,1,1,1,1,0,0.40000000000000002,0.71556150913238525,1,1,1,1,1,1,0,0.69999999999999996,0.75394916534423828
lexical_bm25,classifier_all_positive,1502,no acute abnormality,no_finding,1,3,True,True,10,1,1,1,1,1,1,0,0,,1,1,1,1,1,1,0,0.66666666666666674,0.99999982118606567,1,1,1,1,1,1,0,0.40000000000000002,0.71556150913238525,1,1,1,1,1,1,0,0.69999999999999996,0.75394916534423828
lexical_bm25,classifier_all_positive,1503,no acute abnormality,no_finding,1,3,True,True,10,1,1,1,1,1,1,0,0,,1,1,1,1,1,1,0,0.66666666666666674,0.99999982118606567,1,1,1,1,1,1,0,0.40000000000000002,0.71556150913238525,1,1,1,1,1,1,0,0.69999999999999996,0.75394916534423828
lexical_bm25,classifier_all_positive,1510,no acute abnormality,no_finding,1,3,True,True,10,1,1,1,1,1,1,0,0,,1,1,1,1,1,1,0,0.66666666666666674,0.99999982118606567,1,1,1,1,1,1,0,0.40000000000000002,0.71556150913238525,1,1,1,1,1,1,0,0.69999999999999996,0.75394916534423828
lexical_bm25,classifier_all_positive,1518,enlarged cardiomediastinum cardiomegaly,findings,2,3,True,True,10,0,0.5,0,0,0,0,1,0,,0,0.5,0,0,0,0,1,0,0.61331146955490112,0,0.44000000000000006,0,0,0,0,1,0,0.63788795471191406,0,0.44500000000000001,0,0,0,0,1,0,0.64919465780258179
lexical_bm25,classifier_all_positive,1529,atelectasis,findings,1,1,True,True,10,0,0.33333333333333331,0,0,0,0,1,0,,0,0.44444444444444442,0,0,0,0,1,0,0.6185038685798645,0,0.56666666666666665,0,0,0,0,1,0,0.61692237854003906,0,0.68333333333333335,0,0,0,0,1,0,0.6786266565322876
lexical_bm25,classifier_all_positive,1537,no acute abnormality,no_finding,1,3,True,True,10,1,1,1,1,1,1,0,0,,1,1,1,1,1,1,0,0.66666666666666674,0.99999982118606567,1,1,1,1,1,1,0,0.40000000000000002,0.71556150913238525,1,1,1,1,1,1,0,0.69999999999999996,0.75394916534423828
lexical_bm25,classifier_all_positive,1545,fracture,findings,1,1,True,True,10,0,1,0,0,0,0,1,0,,0,0.66666666666666663,0,0,0,0,1,0,0.59695583581924438,0,0.66666666666666674,0,0,0,0,1,0,0.56320726871490479,0.20000000000000001,0.3833333333333333,0.12987501165334078,1,0.1111111111111111,1,0.80000000000000004,0,0.59001177549362183
lexical_bm25,classifier_all_positive,1556,lung opacity consolidation atelectasis pleural effusion,findings,4,6,True,True,10,0.5,0.5,0.5,0,0,1,0,0,,0.61111111111111105,0.3833333333333333,0.60893439498103619,1,0.5,1,0,0,0.71837979555130005,0.46666666666666662,0.38,0.51312724317162484,1,0.5,1,0.20000000000000001,0,0.6737591028213501,0.53333333333333333,0.33999999999999997,0.54930631632165861,1,0.5,1,0.20000000000000001,0,0.68267375230789185
lexical_bm25,classifier_all_positive,1567,no acute abnormality,no_finding,1,3,True,True,10,0,1,0,0,0,0,1,0,,0,1,0,0,0,0,1,0.66666666666666674,0.99999982118606567,0,1,0,0,0,0,1,0.40000000000000002,0.71556150913238525,0,1,0,0,0,0,1,0.69999999999999996,0.75394916534423828
lexical_bm25,classifier_all_positive,1581,no acute abnormality,no_finding,1,3,True,True,10,0,1,0,0,0,0,1,0,,0,1,0,0,0,0,1,0.66666666666666674,0.99999982118606567,0,1,0,0,0,0,1,0.40000000000000002,0.71556150913238525,0,1,0,0,0,0,1,0.69999999999999996,0.75394916534423828
lexical_bm25,classifier_all_positive,1582,no acute abnormality,no_finding,1,3,True,True,10,1,1,1,1,1,1,0,0,,1,1,1,1,1,1,0,0.66666666666666674,0.99999982118606567,1,1,1,1,1,1,0,0.40000000000000002,0.71556150913238525,1,1,1,1,1,1,0,0.69999999999999996,0.75394916534423828
lexical_bm25,classifier_all_positive,1595,enlarged cardiomediastinum cardiomegaly lung opacity pulmonary edema,findings,4,7,True,True,10,0.66666666666666663,0.40000000000000002,0.66666666666666663,0,0,1,0,0,,0.49999999999999994,0.3833333333333333,0.53910656050189631,0,0,1,0,0,0.67554664611816406,0.45000000000000001,0.35999999999999999,0.49546208106138256,0,0,1,0,0,0.69680154323577881,0.4499999999999999,0.40000000000000002,0.48295455871412479,0,0,1,0,0,0.67505985498428345
lexical_bm25,classifier_all_positive,1616,no acute abnormality,no_finding,1,3,True,True,10,1,1,1,1,1,1,0,0,,1,1,1,1,1,1,0,0.66666666666666674,0.99999982118606567,1,1,1,1,1,1,0,0.40000000000000002,0.71556150913238525,1,1,1,1,1,1,0,0.69999999999999996,0.75394916534423828
lexical_bm25,classifier_all_positive,1622,no acute abnormality,no_finding,1,3,True,True,10,1,1,1,1,1,1,0,0,,1,1,1,1,1,1,0,0.66666666666666674,0.99999982118606567,1,1,1,1,1,1,0,0.40000000000000002,0.71556150913238525,1,1,1,1,1,1,0,0.69999999999999996,0.75394916534423828
lexical_bm25,classifier_all_positive,1623,no acute abnormality,no_finding,1,3,True,True,10,1,1,1,1,1,1,0,0,,1,1,1,1,1,1,0,0.66666666666666674,0.99999982118606567,1,1,1,1,1,1,0,0.40000000000000002,0.71556150913238525,1,1,1,1,1,1,0,0.69999999999999996,0.75394916534423828
lexical_bm25,classifier_all_positive,1631,no acute abnormality,no_finding,1,3,True,True,10,0,1,0,0,0,0,1,0,,0,1,0,0,0,0,1,0.66666666666666674,0.99999982118606567,0,1,0,0,0,0,1,0.40000000000000002,0.71556150913238525,0,1,0,0,0,0,1,0.69999999999999996,0.75394916534423828
lexical_bm25,classifier_all_positive,1647,fracture,findings,1,1,True,True,10,0,1,0,0,0,0,1,0,,0,0.66666666666666663,0,0,0,0,1,0,0.59695583581924438,0,0.66666666666666674,0,0,0,0,1,0,0.56320726871490479,0.20000000000000001,0.3833333333333333,0.12987501165334078,1,0.1111111111111111,1,0.80000000000000004,0,0.59001177549362183
lexical_bm25,classifier_all_positive,1655,no acute abnormality,no_finding,1,3,True,True,10,1,1,1,1,1,1,0,0,,1,1,1,1,1,1,0,0.66666666666666674,0.99999982118606567,1,1,1,1,1,1,0,0.40000000000000002,0.71556150913238525,1,1,1,1,1,1,0,0.69999999999999996,0.75394916534423828
lexical_bm25,classifier_all_positive,1661,fracture,findings,1,1,True,True,10,0,1,0,0,0,0,1,0,,0,0.66666666666666663,0,0,0,0,1,0,0.59695583581924438,0,0.66666666666666674,0,0,0,0,1,0,0.56320726871490479,0.20000000000000001,0.3833333333333333,0.12987501165334078,1,0.1111111111111111,1,0.80000000000000004,0,0.59001177549362183
lexical_bm25,classifier_all_positive,1672,no acute abnormality,no_finding,1,3,True,True,10,1,1,1,1,1,1,0,0,,1,1,1,1,1,1,0,0.66666666666666674,0.99999982118606567,1,1,1,1,1,1,0,0.40000000000000002,0.71556150913238525,1,1,1,1,1,1,0,0.69999999999999996,0.75394916534423828
lexical_bm25,classifier_all_positive,1707,no acute abnormality,no_finding,1,3,True,True,10,1,1,1,1,1,1,0,0,,1,1,1,1,1,1,0,0.66666666666666674,0.99999982118606567,1,1,1,1,1,1,0,0.40000000000000002,0.71556150913238525,1,1,1,1,1,1,0,0.69999999999999996,0.75394916534423828
lexical_bm25,classifier_all_positive,1735,pleural effusion fracture,findings,2,3,True,True,10,0,0.5,0,0,0,0,1,0,,0,0.33333333333333331,0,0,0,0,1,0,0.60118502378463745,0,0.20000000000000001,0,0,0,0,1,0,0.6603776216506958,0,0.10000000000000001,0,0,0,0,1,0.30000000000000004,0.75875228643417358
lexical_bm25,classifier_all_positive,1748,no acute abnormality,no_finding,1,3,True,True,10,1,1,1,1,1,1,0,0,,1,1,1,1,1,1,0,0.66666666666666674,0.99999982118606567,1,1,1,1,1,1,0,0.40000000000000002,0.71556150913238525,1,1,1,1,1,1,0,0.69999999999999996,0.75394916534423828
lexical_bm25,classifier_all_positive,1751,no acute abnormality,no_finding,1,3,True,True,10,1,1,1,1,1,1,0,0,,1,1,1,1,1,1,0,0.66666666666666674,0.99999982118606567,1,1,1,1,1,1,0,0.40000000000000002,0.71556150913238525,1,1,1,1,1,1,0,0.69999999999999996,0.75394916534423828
lexical_bm25,classifier_all_positive,1753,cardiomegaly lung opacity pulmonary edema,findings,3,5,True,True,10,0.5,0.66666666666666663,0.5,0,0,1,0,0,,0.3611111111111111,0.63888888888888884,0.39199317408617784,0,0,1,0,0,0.70383948087692261,0.61666666666666659,0.51666666666666672,0.56057731056256743,1,0.25,1,0,0,0.66993695497512817,0.54166666666666663,0.64166666666666661,0.52496860776430054,1,0.25,1,0,0,0.65130782127380371
lexical_bm25,classifier_all_positive,1819,enlarged cardiomediastinum cardiomegaly lung opacity pulmonary edema atelectasis,findings,5,8,True,True,10,1,0.59999999999999998,1,1,1,1,0,0,,0.52777777777777779,0.40000000000000008,0.62663253709755606,1,1,1,0,0,0.67554664611816406,0.66666666666666663,0.46000000000000008,0.69735614382129019,1,1,1,0,0,0.66681450605392456,0.6183333333333334,0.41619047619047622,0.65181856604573596,1,1,1,0,0,0.67446738481521606
lexical_bm25,classifier_all_positive,1826,no acute abnormality,no_finding,1,3,True,True,10,1,1,1,1,1,1,0,0,,1,1,1,1,1,1,0,0.66666666666666674,0.99999982118606567,1,1,1,1,1,1,0,0.40000000000000002,0.71556150913238525,1,1,1,1,1,1,0,0.69999999999999996,0.75394916534423828
lexical_bm25,classifier_all_positive,1832,cardiomegaly lung opacity pulmonary edema pleural effusion,findings,4,7,True,True,10,0.25,0.5,0.25,0,0,0.33333333333333331,0,0,,0.54999999999999993,0.6333333333333333,0.50725733767610559,1,0.5,1,0,0,0.70383948087692261,0.4966666666666667,0.57999999999999996,0.48090034581139457,1,0.5,1,0,0,0.71078747510910034,0.5149999999999999,0.53000000000000003,0.49530727667972668,1,0.5,1,0,0,0.67144066095352173
lexical_bm25,classifier_all_positive,1833,no acute abnormality,no_finding,1,3,True,True,10,0,1,0,0,0,0,1,0,,0,1,0,0,0,0,1,0.66666666666666674,0.99999982118606567,0,1,0,0,0,0,1,0.40000000000000002,0.71556150913238525,0,1,0,0,0,0,1,0.69999999999999996,0.75394916534423828
lexical_bm25,classifier_all_positive,1837,no acute abnormality,no_finding,1,3,True,True,10,1,1,1,1,1,1,0,0,,1,1,1,1,1,1,0,0.66666666666666674,0.99999982118606567,1,1,1,1,1,1,0,0.40000000000000002,0.71556150913238525,1,1,1,1,1,1,0,0.69999999999999996,0.75394916534423828
lexical_bm25,classifier_all_positive,1882,no acute abnormality,no_finding,1,3,True,True,10,1,1,1,1,1,1,0,0,,1,1,1,1,1,1,0,0.66666666666666674,0.99999982118606567,1,1,1,1,1,1,0,0.40000000000000002,0.71556150913238525,1,1,1,1,1,1,0,0.69999999999999996,0.75394916534423828
lexical_bm25,classifier_all_positive,1907,cardiomegaly,findings,1,1,True,True,10,0,1,0,0,0,0,1,0,,0,0.77777777777777768,0,0,0,0,1,0,0.73306912183761597,0,0.86666666666666659,0,0,0,0,1,0,0.71242028474807739,0,0.88333333333333319,0,0,0,0,1,0,0.70612478256225586
lexical_bm25,classifier_all_positive,1914,no acute abnormality,no_finding,1,3,True,True,10,0,1,0,0,0,0,1,0,,0,1,0,0,0,0,1,0.66666666666666674,0.99999982118606567,0,1,0,0,0,0,1,0.40000000000000002,0.71556150913238525,0,1,0,0,0,0,1,0.69999999999999996,0.75394916534423828
lexical_bm25,classifier_all_positive,1918,enlarged cardiomediastinum,findings,1,2,True,True,10,0,0,0,0,0,0,1,0,,0.16666666666666666,0,0.11731968150568911,0,0,1,0.66666666666666663,0,0.66477137804031372,0.14999999999999999,0,0.11759132069648948,0,0,1,0.59999999999999998,0,0.680946946144104,0.095000000000000001,0,0.089559565675803116,0,0,1,0.69999999999999996,0,0.60796517133712769
lexical_bm25,classifier_all_positive,1937,no acute abnormality,no_finding,1,3,True,True,10,1,1,1,1,1,1,0,0,,1,1,1,1,1,1,0,0.66666666666666674,0.99999982118606567,1,1,1,1,1,1,0,0.40000000000000002,0.71556150913238525,1,1,1,1,1,1,0,0.69999999999999996,0.75394916534423828
lexical_bm25,classifier_all_positive,1939,,empty,0,0,False,True,0,,,,,,,,,,,,,,,,,,,,,,,,,,,,,,,,,,,,
lexical_bm25,classifier_all_positive,1947,fracture,findings,1,1,True,True,10,0,1,0,0,0,0,1,0,,0,0.66666666666666663,0,0,0,0,1,0,0.59695583581924438,0,0.66666666666666674,0,0,0,0,1,0,0.56320726871490479,0.050000000000000003,0.3833333333333333,0.03668196104968003,0,0,1,0.90000000000000002,0,0.59001177549362183
lexical_bm25,classifier_all_positive,1948,no acute abnormality,no_finding,1,3,True,True,10,1,1,1,1,1,1,0,0,,1,1,1,1,1,1,0,0.66666666666666674,0.99999982118606567,1,1,1,1,1,1,0,0.40000000000000002,0.71556150913238525,1,1,1,1,1,1,0,0.69999999999999996,0.75394916534423828
lexical_bm25,classifier_all_positive,1960,no acute abnormality,no_finding,1,3,True,True,10,1,1,1,1,1,1,0,0,,1,1,1,1,1,1,0,0.66666666666666674,0.99999982118606567,1,1,1,1,1,1,0,0.40000000000000002,0.71556150913238525,1,1,1,1,1,1,0,0.69999999999999996,0.75394916534423828
lexical_bm25,classifier_all_positive,1976,lung opacity consolidation pneumonia,findings,3,4,True,True,10,1,0.33333333333333331,1,1,1,1,0,0,,0.83333333333333337,0.30555555555555552,0.88268031849431083,1,1,1,0,0,0.74164789915084839,0.69999999999999996,0.25,0.76914159883888955,1,1,1,0.20000000000000001,0,0.68557149171829224,0.68333333333333335,0.34499999999999997,0.73752685660384731,1,1,1,0.10000000000000001,0,0.71306973695755005
lexical_bm25,classifier_all_positive,1980,no acute abnormality,no_finding,1,3,True,True,10,1,1,1,1,1,1,0,0,,1,1,1,1,1,1,0,0.66666666666666674,0.99999982118606567,1,1,1,1,1,1,0,0.40000000000000002,0.71556150913238525,1,1,1,1,1,1,0,0.69999999999999996,0.75394916534423828
lexical_bm25,classifier_all_positive,1988,lung opacity pulmonary edema pneumonia,findings,3,5,True,True,10,0.5,0.33333333333333331,0.5,0,0,0.5,0,0,,0.25,0.17777777777777778,0.30865984075284453,0,0,0.5,0.33333333333333331,0,0.69522732496261597,0.31666666666666665,0.30666666666666664,0.33984586957924046,0,0,0.5,0.20000000000000001,0,0.64865291118621826,0.22833333333333333,0.27666666666666667,0.29184912422017145,0,0,0.5,0.40000000000000002,0,0.61852586269378662
lexical_bm25,classifier_all_positive,2003,no acute abnormality,no_finding,1,3,True,True,10,0,1,0,0,0,0,1,0,,0,1,0,0,0,0,1,0.66666666666666674,0.99999982118606567,0,1,0,0,0,0,1,0.40000000000000002,0.71556150913238525,0,1,0,0,0,0,1,0.69999999999999996,0.75394916534423828
lexical_bm25,classifier_all_positive,2006,fracture,findings,1,1,True,True,10,0,1,0,0,0,0,1,0,,0,0.66666666666666663,0,0,0,0,1,0,0.59695583581924438,0,0.66666666666666674,0,0,0,0,1,0,0.56320726871490479,0.10000000000000001,0.3833333333333333,0.071397572018068678,0,0,1,0.80000000000000004,0,0.59001177549362183
lexical_bm25,classifier_all_positive,2026,no acute abnormality,no_finding,1,3,True,True,10,1,1,1,1,1,1,0,0,,1,1,1,1,1,1,0,0.66666666666666674,0.99999982118606567,1,1,1,1,1,1,0,0.40000000000000002,0.71556150913238525,1,1,1,1,1,1,0,0.69999999999999996,0.75394916534423828
lexical_bm25,classifier_all_positive,2038,no acute abnormality,no_finding,1,3,True,True,10,1,1,1,1,1,1,0,0,,1,1,1,1,1,1,0,0.66666666666666674,0.99999982118606567,1,1,1,1,1,1,0,0.40000000000000002,0.71556150913238525,1,1,1,1,1,1,0,0.69999999999999996,0.75394916534423828
lexical_bm25,classifier_all_positive,2062,lung opacity consolidation pneumonia,findings,3,4,True,True,10,0.33333333333333331,0.33333333333333331,0.33333333333333331,0,0,0.33333333333333331,0,0,,0.44444444444444442,0.30555555555555552,0.411546454337126,0,0,0.66666666666666663,0,0,0.74164789915084839,0.33333333333333331,0.25,0.34117058426470054,0,0,0.66666666666666663,0.20000000000000001,0,0.68557149171829224,0.33333333333333331,0.34499999999999997,0.35577310012712277,0,0,0.66666666666666663,0.10000000000000001,0,0.71306973695755005
lexical_bm25,classifier_all_positive,2066,enlarged cardiomediastinum cardiomegaly,findings,2,3,True,True,10,0.33333333333333331,0.5,0.33333333333333331,0,0,0.33333333333333331,0,0,,0.33333333333333331,0.5,0.33333333333333326,0,0,0.33333333333333331,0,0,0.61331146955490112,0.41666666666666663,0.44000000000000006,0.38800211563014236,0,0,1,0,0,0.63788795471191406,0.36166666666666669,0.44500000000000001,0.36032686059081526,0,0,1,0,0,0.64919465780258179
lexical_bm25,classifier_all_positive,2069,no acute abnormality,no_finding,1,3,True,True,10,1,1,1,1,1,1,0,0,,1,1,1,1,1,1,0,0.66666666666666674,0.99999982118606567,1,1,1,1,1,1,0,0.40000000000000002,0.71556150913238525,1,1,1,1,1,1,0,0.69999999999999996,0.75394916534423828
lexical_bm25,classifier_all_positive,2074,enlarged cardiomediastinum pleural effusion,findings,2,4,True,True,10,0,0,0,0,0,0,1,0,,0.13333333333333333,0,0.1184327643863461,0,0,0.66666666666666663,0.66666666666666663,0,0.74493902921676636,0.17999999999999999,0,0.15862868081516426,0,0,0.66666666666666663,0.59999999999999998,0,0.66758906841278076,0.089999999999999997,0,0.1046028893004935,0,0,0.66666666666666663,0.80000000000000004,0,0.66640955209732056
lexical_bm25,classifier_all_positive,2075,no acute abnormality,no_finding,1,3,True,True,10,1,1,1,1,1,1,0,0,,1,1,1,1,1,1,0,0.66666666666666674,0.99999982118606567,1,1,1,1,1,1,0,0.40000000000000002,0.71556150913238525,1,1,1,1,1,1,0,0.69999999999999996,0.75394916534423828
lexical_bm25,classifier_all_positive,2096,no acute abnormality,no_finding,1,3,True,True,10,1,1,1,1,1,1,0,0,,1,1,1,1,1,1,0,0.66666666666666674,0.99999982118606567,1,1,1,1,1,1,0,0.40000000000000002,0.71556150913238525,1,1,1,1,1,1,0,0.69999999999999996,0.75394916534423828
lexical_bm25,classifier_all_positive,2116,lung lesion,findings,1,2,True,True,10,0,0,0,0,0,0,1,0,,0,0,0,0,0,0,1,0,0.51725125312805176,0,0.20000000000000001,0,0,0,0,1,0,0.54078376293182373,0.016666666666666666,0.11666666666666667,0.011571870322796211,0,0,1,0.90000000000000002,0,0.57630133628845215
lexical_bm25,classifier_all_positive,2138,lung opacity lung lesion fracture,findings,3,5,True,True,10,0,0,0,0,0,0,1,0,,0.16666666666666666,0.1111111111111111,0.14804095548293261,0,0,0.5,0.66666666666666663,0,0.66063648462295532,0.23333333333333331,0.16666666666666666,0.22518460096108797,0,0,1,0.59999999999999998,0,0.55414760112762451,0.23333333333333331,0.19166666666666665,0.26459241294007479,0,0,1,0.5,0,0.56344825029373169
lexical_bm25,classifier_all_positive,2140,no acute abnormality,no_finding,1,3,True,True,10,0,1,0,0,0,0,1,0,,0,1,0,0,0,0,1,0.66666666666666674,0.99999982118606567,0,1,0,0,0,0,1,0.40000000000000002,0.71556150913238525,0,1,0,0,0,0,1,0.69999999999999996,0.75394916534423828
lexical_bm25,classifier_all_positive,2148,no acute abnormality,no_finding,1,3,True,True,10,1,1,1,1,1,1,0,0,,1,1,1,1,1,1,0,0.66666666666666674,0.99999982118606567,1,1,1,1,1,1,0,0.40000000000000002,0.71556150913238525,1,1,1,1,1,1,0,0.69999999999999996,0.75394916534423828
lexical_bm25,classifier_all_positive,2157,pleural abnormality,findings,1,2,True,True,10,1,0,1,1,1,1,0,0,,1,0,1,1,1,1,0,0.66666666666666674,0.99999982118606567,1,0,1,1,1,1,0,0.59999999999999998,0.71449851989746094,1,0,1,1,1,1,0,0.80000000000000004,0.77789491415023804
lexical_bm25,classifier_all_positive,2160,fracture,findings,1,1,True,True,10,0,1,0,0,0,0,1,0,,0,0.66666666666666663,0,0,0,0,1,0,0.59695583581924438,0,0.66666666666666674,0,0,0,0,1,0,0.56320726871490479,0.20000000000000001,0.3833333333333333,0.12987501165334078,1,0.1111111111111111,1,0.80000000000000004,0,0.59001177549362183
lexical_bm25,classifier_all_positive,2170,no acute abnormality,no_finding,1,3,True,True,10,1,1,1,1,1,1,0,0,,1,1,1,1,1,1,0,0.66666666666666674,0.99999982118606567,1,1,1,1,1,1,0,0.40000000000000002,0.71556150913238525,1,1,1,1,1,1,0,0.69999999999999996,0.75394916534423828
lexical_bm25,classifier_all_positive,2177,,empty,0,0,False,True,0,,,,,,,,,,,,,,,,,,,,,,,,,,,,,,,,,,,,
lexical_bm25,classifier_all_positive,2191,no acute abnormality,no_finding,1,3,True,True,10,0,1,0,0,0,0,1,0,,0,1,0,0,0,0,1,0.66666666666666674,0.99999982118606567,0,1,0,0,0,0,1,0.40000000000000002,0.71556150913238525,0,1,0,0,0,0,1,0.69999999999999996,0.75394916534423828
lexical_bm25,classifier_all_positive,2207,fracture,findings,1,1,True,True,10,0,1,0,0,0,0,1,0,,0,0.66666666666666663,0,0,0,0,1,0,0.59695583581924438,0.050000000000000003,0.66666666666666674,0.032801269378085446,0,0,0.5,0.80000000000000004,0,0.56320726871490479,0.025000000000000001,0.3833333333333333,0.021285779410405253,0,0,0.5,0.90000000000000002,0,0.59001177549362183
lexical_bm25,classifier_all_positive,2212,no acute abnormality,no_finding,1,3,True,True,10,1,1,1,1,1,1,0,0,,1,1,1,1,1,1,0,0.66666666666666674,0.99999982118606567,1,1,1,1,1,1,0,0.40000000000000002,0.71556150913238525,1,1,1,1,1,1,0,0.69999999999999996,0.75394916534423828
lexical_bm25,classifier_all_positive,2223,pulmonary edema,findings,1,2,True,True,10,0,0.33333333333333331,0,0,0,0,1,0,,0,0.38888888888888884,0,0,0,0,1,0,0.68155890703201294,0,0.29999999999999993,0,0,0,0,1,0,0.64853775501251221,0.10000000000000001,0.18333333333333329,0.069431221936777282,1,0.125,1,0.90000000000000002,0,0.624947190284729
lexical_bm25,classifier_all_positive,2228,no acute abnormality,no_finding,1,3,True,True,10,1,1,1,1,1,1,0,0,,1,1,1,1,1,1,0,0.66666666666666674,0.99999982118606567,1,1,1,1,1,1,0,0.40000000000000002,0.71556150913238525,1,1,1,1,1,1,0,0.69999999999999996,0.75394916534423828
lexical_bm25,classifier_all_positive,2236,no acute abnormality,no_finding,1,3,True,True,10,1,1,1,1,1,1,0,0,,1,1,1,1,1,1,0,0.66666666666666674,0.99999982118606567,1,1,1,1,1,1,0,0.40000000000000002,0.71556150913238525,1,1,1,1,1,1,0,0.69999999999999996,0.75394916534423828
lexical_bm25,classifier_all_positive,2238,fracture,findings,1,1,True,True,10,0,1,0,0,0,0,1,0,,0,0.66666666666666663,0,0,0,0,1,0,0.59695583581924438,0,0.66666666666666674,0,0,0,0,1,0,0.56320726871490479,0.20000000000000001,0.3833333333333333,0.12987501165334078,1,0.1111111111111111,1,0.80000000000000004,0,0.59001177549362183
lexical_bm25,classifier_all_positive,2239,lung opacity pneumonia,findings,2,3,True,True,10,0.5,0.5,0.5,0,0,0.5,0,0,,0.33333333333333331,0.33333333333333331,0.38268031849431083,0,0,0.5,0.33333333333333331,0,0.69373434782028198,0.40000000000000002,0.40000000000000002,0.415209948681596,0,0,0.5,0.20000000000000001,0,0.71400034427642822,0.34999999999999998,0.48333333333333339,0.37638829183164124,0,0,0.5,0.20000000000000001,0,0.71051746606826782
lexical_bm25,classifier_all_positive,2244,no acute abnormality,no_finding,1,3,True,True,10,1,1,1,1,1,1,0,0,,1,1,1,1,1,1,0,0.66666666666666674,0.99999982118606567,1,1,1,1,1,1,0,0.40000000000000002,0.71556150913238525,1,1,1,1,1,1,0,0.69999999999999996,0.75394916534423828
lexical_bm25,classifier_all_positive,2277,no acute abnormality,no_finding,1,3,True,True,10,1,1,1,1,1,1,0,0,,1,1,1,1,1,1,0,0.66666666666666674,0.99999982118606567,1,1,1,1,1,1,0,0.40000000000000002,0.71556150913238525,1,1,1,1,1,1,0,0.69999999999999996,0.75394916534423828
lexical_bm25,classifier_all_positive,2290,no acute abnormality,no_finding,1,3,True,True,10,1,1,1,1,1,1,0,0,,1,1,1,1,1,1,0,0.66666666666666674,0.99999982118606567,1,1,1,1,1,1,0,0.40000000000000002,0.71556150913238525,1,1,1,1,1,1,0,0.69999999999999996,0.75394916534423828
lexical_bm25,classifier_all_positive,2310,no acute abnormality,no_finding,1,3,True,True,10,1,1,1,1,1,1,0,0,,1,1,1,1,1,1,0,0.66666666666666674,0.99999982118606567,1,1,1,1,1,1,0,0.40000000000000002,0.71556150913238525,1,1,1,1,1,1,0,0.69999999999999996,0.75394916534423828
lexical_bm25,classifier_all_positive,2313,enlarged cardiomediastinum,findings,1,2,True,True,10,0,0,0,0,0,0,1,0,,0.33333333333333331,0,0.29608191096586522,1,0.5,1,0.66666666666666663,0,0.66477137804031372,0.20000000000000001,0,0.21398626473452756,1,0.5,1,0.80000000000000004,0,0.680946946144104,0.10000000000000001,0,0.13886244387355456,1,0.5,1,0.90000000000000002,0,0.60796517133712769
lexical_bm25,classifier_all_positive,2326,no acute abnormality,no_finding,1,3,True,True,10,0,1,0,0,0,0,1,0,,0,1,0,0,0,0,1,0.66666666666666674,0.99999982118606567,0,1,0,0,0,0,1,0.40000000000000002,0.71556150913238525,0,1,0,0,0,0,1,0.69999999999999996,0.75394916534423828
lexical_bm25,classifier_all_positive,2363,lung opacity consolidation pneumonia pleural effusion,findings,4,6,True,True,10,0.5,0.25,0.5,0,0,0.5,0,0,,0.27777777777777773,0.14999999999999999,0.31285248401517096,0,0,0.5,0.33333333333333331,0,0.69558078050613403,0.36666666666666664,0.19,0.3647435171932682,0,0,0.5,0.20000000000000001,0,0.70627415180206299,0.34166666666666667,0.21166666666666661,0.3495155599771006,0,0,0.5,0.20000000000000001,0,0.70713126659393311
lexical_bm25,classifier_all_positive,2365,no acute abnormality,no_finding,1,3,True,True,10,1,1,1,1,1,1,0,0,,1,1,1,1,1,1,0,0.66666666666666674,0.99999982118606567,1,1,1,1,1,1,0,0.40000000000000002,0.71556150913238525,1,1,1,1,1,1,0,0.69999999999999996,0.75394916534423828
lexical_bm25,classifier_all_positive,2377,no acute abnormality,no_finding,1,3,True,True,10,1,1,1,1,1,1,0,0,,1,1,1,1,1,1,0,0.66666666666666674,0.99999982118606567,1,1,1,1,1,1,0,0.40000000000000002,0.71556150913238525,1,1,1,1,1,1,0,0.69999999999999996,0.75394916534423828
lexical_bm25,classifier_all_positive,2388,no acute abnormality,no_finding,1,3,True,True,10,1,1,1,1,1,1,0,0,,1,1,1,1,1,1,0,0.66666666666666674,0.99999982118606567,1,1,1,1,1,1,0,0.40000000000000002,0.71556150913238525,1,1,1,1,1,1,0,0.69999999999999996,0.75394916534423828
lexical_bm25,classifier_all_positive,2396,lung opacity,findings,1,2,True,True,10,0,0,0,0,0,0,1,0,,0.27777777777777773,0.5,0.24545161321140516,0,0,0.5,0.33333333333333331,0,0.71375292539596558,0.36666666666666664,0.69999999999999996,0.3550402029102076,0,0,0.5,0.20000000000000001,0,0.72270810604095459,0.29999999999999999,0.51666666666666661,0.3549900282859843,0,0,0.5,0.20000000000000001,0,0.71254485845565796
lexical_bm25,classifier_all_positive,2415,lung opacity consolidation atelectasis pleural effusion pleural abnormality,findings,5,8,True,True,10,0.33333333333333331,0.40000000000000002,0.33333333333333331,0,0,0.5,0,0,,0.5,0.31111111111111112,0.46089343949810357,0,0,1,0,0,0.71837979555130005,0.36666666666666664,0.30666666666666664,0.37683496172045516,0,0,1,0.20000000000000001,0,0.67200452089309692,0.33333333333333337,0.28999999999999998,0.34815064344803376,0,0,1,0.20000000000000001,0,0.6423531174659729
lexical_bm25,classifier_all_positive,2416,,empty,0,0,False,True,0,,,,,,,,,,,,,,,,,,,,,,,,,,,,,,,,,,,,
lexical_bm25,classifier_all_positive,2453,pneumonia,findings,1,1,True,True,10,0,0,0,0,0,0,1,0,,0.33333333333333331,0,0.23463936301137822,1,0.33333333333333331,1,0.66666666666666663,0,0.58168119192123413,0.40000000000000002,0.050000000000000003,0.31564845247951451,1,0.33333333333333331,1,0.59999999999999998,0,0.6264607310295105,0.5,0.125,0.4138836150091173,1,0.33333333333333331,1,0.5,0,0.68054014444351196
lexical_bm25,classifier_all_positive,2475,enlarged cardiomediastinum,findings,1,2,True,True,10,1,0,1,1,1,1,0,0,,0.41666666666666669,0,0.52793856677560103,1,1,1,0.33333333333333331,0,0.66477137804031372,0.51666666666666672,0,0.57135860661297189,1,1,1,0.20000000000000001,0,0.680946946144104,0.58333333333333326,0,0.60852960954717472,1,1,1,0.20000000000000001,0,0.60796517133712769
lexical_bm25,classifier_all_positive,2493,enlarged cardiomediastinum fracture,findings,2,3,True,True,10,0,0.33333333333333331,0,0,0,0,1,0,,0,0.33333333333333331,0,0,0,0,1,0,0.61660927534103394,0,0.29999999999999999,0,0,0,0,1,0,0.5348014235496521,0,0.27500000000000002,0,0,0,0,1,0,0.56540399789810181
lexical_bm25,classifier_all_positive,2513,lung opacity atelectasis pleural effusion,findings,3,5,True,True,10,0.5,0.66666666666666663,0.5,0,0,1,0,0,,0.33333333333333331,0.55555555555555547,0.35195904451706733,0,0,1,0.33333333333333331,0,0.65204757452011108,0.40000000000000002,0.46666666666666662,0.40043850379791857,1,0.25,1,0.40000000000000002,0,0.64988726377487183,0.33333333333333337,0.45000000000000001,0.34793843556537379,1,0.25,1,0.40000000000000002,0,0.70465308427810669
lexical_bm25,classifier_all_positive,2515,,empty,0,0,False,True,0,,,,,,,,,,,,,,,,,,,,,,,,,,,,,,,,,,,,
lexical_bm25,classifier_all_positive,2517,no acute abnormality,no_finding,1,3,True,True,10,1,1,1,1,1,1,0,0,,1,1,1,1,1,1,0,0.66666666666666674,0.99999982118606567,1,1,1,1,1,1,0,0.40000000000000002,0.71556150913238525,1,1,1,1,1,1,0,0.69999999999999996,0.75394916534423828
lexical_bm25,classifier_all_positive,2533,fracture,findings,1,1,True,True,10,0,1,0,0,0,0,1,0,,0,0.66666666666666663,0,0,0,0,1,0,0.59695583581924438,0,0.66666666666666674,0,0,0,0,1,0,0.56320726871490479,0.20000000000000001,0.3833333333333333,0.12987501165334078,1,0.1111111111111111,1,0.80000000000000004,0,0.59001177549362183
lexical_bm25,classifier_all_positive,2542,,empty,0,0,False,True,0,,,,,,,,,,,,,,,,,,,,,,,,,,,,,,,,,,,,
lexical_bm25,classifier_all_positive,2545,no acute abnormality,no_finding,1,3,True,True,10,1,1,1,1,1,1,0,0,,1,1,1,1,1,1,0,0.66666666666666674,0.99999982118606567,1,1,1,1,1,1,0,0.40000000000000002,0.71556150913238525,1,1,1,1,1,1,0,0.69999999999999996,0.75394916534423828
lexical_bm25,classifier_all_positive,2564,no acute abnormality,no_finding,1,3,True,True,10,1,1,1,1,1,1,0,0,,1,1,1,1,1,1,0,0.66666666666666674,0.99999982118606567,1,1,1,1,1,1,0,0.40000000000000002,0.71556150913238525,1,1,1,1,1,1,0,0.69999999999999996,0.75394916534423828
lexical_bm25,classifier_all_positive,2591,no acute abnormality,no_finding,1,3,True,True,10,1,1,1,1,1,1,0,0,,1,1,1,1,1,1,0,0.66666666666666674,0.99999982118606567,1,1,1,1,1,1,0,0.40000000000000002,0.71556150913238525,1,1,1,1,1,1,0,0.69999999999999996,0.75394916534423828
lexical_bm25,classifier_all_positive,2594,enlarged cardiomediastinum fracture,findings,2,3,True,True,10,0,0.33333333333333331,0,0,0,0,1,0,,0,0.33333333333333331,0,0,0,0,1,0,0.61660927534103394,0,0.29999999999999999,0,0,0,0,1,0,0.5348014235496521,0.066666666666666666,0.27500000000000002,0.044169482302926028,0,0,1,0.90000000000000002,0,0.56540399789810181
lexical_bm25,classifier_all_positive,2596,no acute abnormality,no_finding,1,3,True,True,10,1,1,1,1,1,1,0,0,,1,1,1,1,1,1,0,0.66666666666666674,0.99999982118606567,1,1,1,1,1,1,0,0.40000000000000002,0.71556150913238525,1,1,1,1,1,1,0,0.69999999999999996,0.75394916534423828
lexical_bm25,classifier_all_positive,2605,lung opacity pleural effusion,findings,2,4,True,True,10,1,0,1,1,1,1,0,0,,0.33333333333333331,0.27777777777777773,0.46927872602275644,1,1,1,0.66666666666666663,0,0.71375292539596558,0.40000000000000002,0.36666666666666664,0.47036528278595791,1,1,1,0.59999999999999998,0,0.70789110660552979,0.20000000000000001,0.30833333333333329,0.30523488393970122,1,1,1,0.80000000000000004,0,0.6919625997543335
lexical_bm25,classifier_all_positive,2612,no acute abnormality,no_finding,1,3,True,True,10,1,1,1,1,1,1,0,0,,1,1,1,1,1,1,0,0.66666666666666674,0.99999982118606567,1,1,1,1,1,1,0,0.40000000000000002,0.71556150913238525,1,1,1,1,1,1,0,0.69999999999999996,0.75394916534423828
lexical_bm25,classifier_all_positive,2616,pleural effusion pleural abnormality,findings,2,4,True,True,10,0,0,0,0,0,0,1,0,,0,0,0,0,0,0,1,0.66666666666666674,0.99999982118606567,0,0,0,0,0,0,1,0.40000000000000002,0.76180285215377808,0,0,0,0,0,0,1,0.5,0.72878849506378174
lexical_bm25,classifier_all_positive,2622,pleural abnormality,findings,1,2,True,True,10,0,0,0,0,0,0,1,0,,0,0,0,0,0,0,1,0.66666666666666674,0.99999982118606567,0,0,0,0,0,0,1,0.59999999999999998,0.71449851989746094,0,0,0,0,0,0,1,0.80000000000000004,0.77789491415023804
lexical_bm25,classifier_all_positive,2629,fracture,findings,1,1,True,True,10,0,1,0,0,0,0,1,0,,0,0.66666666666666663,0,0,0,0,1,0,0.59695583581924438,0,0.66666666666666674,0,0,0,0,1,0,0.56320726871490479,0.20000000000000001,0.3833333333333333,0.12987501165334078,1,0.1111111111111111,1,0.80000000000000004,0,0.59001177549362183
lexical_bm25,classifier_all_positive,2644,enlarged cardiomediastinum cardiomegaly,findings,2,3,True,True,10,0.5,0.5,0.5,0,0,0.5,0,0,,0.5,0.5,0.5,0,0,0.5,0,0,0.61331146955490112,0.44000000000000006,0.44000000000000006,0.46063847674629743,0,0,0.5,0,0,0.63788795471191406,0.44500000000000001,0.44500000000000001,0.55618058931947201,0,0,0.5,0,0,0.64919465780258179
lexical_bm25,classifier_all_positive,2691,enlarged cardiomediastinum,findings,1,2,True,True,10,1,0,1,1,1,1,0,0,,0.41666666666666669,0,0.52793856677560103,1,1,1,0.33333333333333331,0,0.66477137804031372,0.51666666666666672,0,0.57135860661297189,1,1,1,0.20000000000000001,0,0.680946946144104,0.58333333333333326,0,0.60852960954717472,1,1,1,0.20000000000000001,0,0.60796517133712769
lexical_bm25,classifier_all_positive,2697,cardiomegaly,findings,1,1,True,True,10,0,1,0,0,0,0,1,0,,0,0.77777777777777768,0,0,0,0,1,0,0.73306912183761597,0,0.86666666666666659,0,0,0,0,1,0,0.71242028474807739,0,0.88333333333333319,0,0,0,0,1,0,0.70612478256225586
lexical_bm25,classifier_all_positive,2698,no acute abnormality,no_finding,1,3,True,True,10,1,1,1,1,1,1,0,0,,1,1,1,1,1,1,0,0.66666666666666674,0.99999982118606567,1,1,1,1,1,1,0,0.40000000000000002,0.71556150913238525,1,1,1,1,1,1,0,0.69999999999999996,0.75394916534423828
lexical_bm25,classifier_all_positive,2709,no acute abnormality,no_finding,1,3,True,True,10,0,1,0,0,0,0,1,0,,0,1,0,0,0,0,1,0.66666666666666674,0.99999982118606567,0,1,0,0,0,0,1,0.40000000000000002,0.71556150913238525,0,1,0,0,0,0,1,0.69999999999999996,0.75394916534423828
lexical_bm25,classifier_all_positive,2720,no acute abnormality,no_finding,1,3,True,True,10,1,1,1,1,1,1,0,0,,1,1,1,1,1,1,0,0.66666666666666674,0.99999982118606567,1,1,1,1,1,1,0,0.40000000000000002,0.71556150913238525,1,1,1,1,1,1,0,0.69999999999999996,0.75394916534423828
lexical_bm25,classifier_all_positive,2723,no acute abnormality,no_finding,1,3,True,True,10,0,1,0,0,0,0,1,0,,0,1,0,0,0,0,1,0.66666666666666674,0.99999982118606567,0,1,0,0,0,0,1,0.40000000000000002,0.71556150913238525,0,1,0,0,0,0,1,0.69999999999999996,0.75394916534423828
lexical_bm25,classifier_all_positive,2737,fracture,findings,1,1,True,True,10,0,1,0,0,0,0,1,0,,0,0.66666666666666663,0,0,0,0,1,0,0.59695583581924438,0.066666666666666666,0.66666666666666674,0.043735025837447261,0,0,1,0.80000000000000004,0,0.56320726871490479,0.033333333333333333,0.3833333333333333,0.028381039213873666,0,0,1,0.90000000000000002,0,0.59001177549362183
lexical_bm25,classifier_all_positive,2747,atelectasis,findings,1,1,True,True,10,0,0.33333333333333331,0,0,0,0,1,0,,0,0.44444444444444442,0,0,0,0,1,0,0.6185038685798645,0,0.56666666666666665,0,0,0,0,1,0,0.61692237854003906,0,0.68333333333333335,0,0,0,0,1,0,0.6786266565322876
lexical_bm25,classifier_all_positive,2750,,empty,0,0,False,True,0,,,,,,,,,,,,,,,,,,,,,,,,,,,,,,,,,,,,
lexical_bm25,classifier_all_positive,2758,no acute abnormality,no_finding,1,3,True,True,10,1,1,1,1,1,1,0,0,,1,1,1,1,1,1,0,0.66666666666666674,0.99999982118606567,1,1,1,1,1,1,0,0.40000000000000002,0.71556150913238525,1,1,1,1,1,1,0,0.69999999999999996,0.75394916534423828
lexical_bm25,classifier_all_positive,2765,fracture,findings,1,1,True,True,10,0,1,0,0,0,0,1,0,,0,0.66666666666666663,0,0,0,0,1,0,0.59695583581924438,0,0.66666666666666674,0,0,0,0,1,0,0.56320726871490479,0.20000000000000001,0.3833333333333333,0.12987501165334078,1,0.1111111111111111,1,0.80000000000000004,0,0.59001177549362183
lexical_bm25,classifier_all_positive,2778,support device,findings,1,2,True,True,10,1,1,1,1,1,1,0,0,,1,1,1,1,1,1,0,0,0.45086362957954407,1,1,1,1,1,1,0,0,0.55285274982452393,0.72499999999999998,0.72499999999999998,0.81318000494387221,1,1,1,0.10000000000000001,0,0.51251065731048584
lexical_bm25,classifier_all_positive,2817,lung opacity pneumonia pleural abnormality,findings,3,5,True,False,10,0.33333333333333331,0.33333333333333331,0.44444444444444442,,,0.33333333333333331,0,0,,0.22222222222222221,0.22222222222222221,0.36147618315452068,,,0.33333333333333331,0.33333333333333331,0,0.69373434782028198,0.26666666666666666,0.26666666666666666,0.39832303345751352,,,0.33333333333333331,0.20000000000000001,0,0.71400034427642822,0.21666666666666665,0.2583333333333333,0.34893672194913339,,,0.33333333333333331,0.29999999999999999,0,0.68486881256103516
lexical_bm25,classifier_all_positive,2831,pleural effusion,findings,1,2,True,False,10,0,0,0,,,0,1,0,,0.17777777777777778,0.44444444444444442,0.20614425479544868,,,0.33333333333333331,0.33333333333333331,0,0.52953463792800903,0.15666666666666668,0.36666666666666664,0.20376156192977724,,,0.33333333333333331,0.40000000000000002,0,0.5521930456161499,0.10333333333333332,0.23333333333333331,0.17142587082922389,,,0.33333333333333331,0.59999999999999998,0,0.59303605556488037
lexical_bm25,classifier_all_positive,2832,no acute abnormality,no_finding,1,3,True,True,10,0,1,0,0,0,0,1,0,,0,1,0,0,0,0,1,0.66666666666666674,0.99999982118606567,0,1,0,0,0,0,1,0.40000000000000002,0.71556150913238525,0,1,0,0,0,0,1,0.69999999999999996,0.75394916534423828
lexical_bm25,classifier_all_positive,2833,pneumothorax,findings,1,1,True,True,10,1,0,1,1,1,1,0,0,,0.33333333333333331,0.16666666666666666,0.46927872602275644,1,1,1,0.66666666666666663,0,0.49485015869140625,0.40000000000000002,0.10000000000000001,0.47036528278595791,1,1,1,0.59999999999999998,0,0.59181898832321167,0.5,0.14999999999999999,0.50454111752981923,1,1,1,0.5,0.099999999999999978,0.64938950538635254
lexical_bm25,classifier_all_positive,2852,no acute abnormality,no_finding,1,3,True,True,10,1,1,1,1,1,1,0,0,,1,1,1,1,1,1,0,0.66666666666666674,0.99999982118606567,1,1,1,1,1,1,0,0.40000000000000002,0.71556150913238525,1,1,1,1,1,1,0,0.69999999999999996,0.75394916534423828
lexical_bm25,classifier_all_positive,2860,no acute abnormality,no_finding,1,3,True,True,10,0,1,0,0,0,0,1,0,,0,1,0,0,0,0,1,0.66666666666666674,0.99999982118606567,0,1,0,0,0,0,1,0.40000000000000002,0.71556150913238525,0,1,0,0,0,0,1,0.69999999999999996,0.75394916534423828
lexical_bm25,classifier_all_positive,2866,no acute abnormality,no_finding,1,3,True,True,10,1,1,1,1,1,1,0,0,,1,1,1,1,1,1,0,0.66666666666666674,0.99999982118606567,1,1,1,1,1,1,0,0.40000000000000002,0.71556150913238525,1,1,1,1,1,1,0,0.69999999999999996,0.75394916534423828
lexical_bm25,classifier_all_positive,2870,no acute abnormality,no_finding,1,3,True,True,10,1,1,1,1,1,1,0,0,,1,1,1,1,1,1,0,0.66666666666666674,0.99999982118606567,1,1,1,1,1,1,0,0.40000000000000002,0.71556150913238525,1,1,1,1,1,1,0,0.69999999999999996,0.75394916534423828
lexical_bm25,classifier_all_positive,2884,cardiomegaly,findings,1,1,True,True,10,0,1,0,0,0,0,1,0,,0,0.77777777777777768,0,0,0,0,1,0,0.73306912183761597,0,0.86666666666666659,0,0,0,0,1,0,0.71242028474807739,0,0.88333333333333319,0,0,0,0,1,0,0.70612478256225586
lexical_bm25,classifier_all_positive,2894,support device,findings,1,2,True,True,10,1,1,1,1,1,1,0,0,,1,1,1,1,1,1,0,0,0.45086362957954407,1,1,1,1,1,1,0,0,0.55285274982452393,0.72499999999999998,0.72499999999999998,0.81318000494387221,1,1,1,0.10000000000000001,0,0.51251065731048584
lexical_bm25,classifier_all_positive,2898,no acute abnormality,no_finding,1,3,True,True,10,1,1,1,1,1,1,0,0,,1,1,1,1,1,1,0,0.66666666666666674,0.99999982118606567,1,1,1,1,1,1,0,0.40000000000000002,0.71556150913238525,1,1,1,1,1,1,0,0.69999999999999996,0.75394916534423828
lexical_bm25,classifier_all_positive,2902,pleural effusion pleural abnormality,findings,2,4,True,True,10,1,0,1,1,1,1,0,0,,1,0,1,1,1,1,0,0.66666666666666674,0.99999982118606567,1,0,1,1,1,1,0,0.40000000000000002,0.76180285215377808,0.90000000000000002,0,0.93056877806322291,1,1,1,0.10000000000000001,0.5,0.72878849506378174
lexical_bm25,classifier_all_positive,2910,no acute abnormality,no_finding,1,3,True,True,10,1,1,1,1,1,1,0,0,,1,1,1,1,1,1,0,0.66666666666666674,0.99999982118606567,1,1,1,1,1,1,0,0.40000000000000002,0.71556150913238525,1,1,1,1,1,1,0,0.69999999999999996,0.75394916534423828
lexical_bm25,classifier_all_positive,2916,no acute abnormality,no_finding,1,3,True,True,10,1,1,1,1,1,1,0,0,,1,1,1,1,1,1,0,0.66666666666666674,0.99999982118606567,1,1,1,1,1,1,0,0.40000000000000002,0.71556150913238525,1,1,1,1,1,1,0,0.69999999999999996,0.75394916534423828
lexical_bm25,classifier_all_positive,2933,,empty,0,0,False,True,0,,,,,,,,,,,,,,,,,,,,,,,,,,,,,,,,,,,,
lexical_bm25,classifier_all_positive,2936,enlarged cardiomediastinum cardiomegaly,findings,2,3,True,True,10,1,0.5,1,1,1,1,0,0,,1,0.5,1,1,1,1,0,0,0.61331146955490112,0.84999999999999998,0.44000000000000006,0.90159619186574369,1,1,1,0,0,0.63788795471191406,0.85833333333333339,0.44500000000000001,0.89372880296948332,1,1,1,0,0,0.64919465780258179
lexical_bm25,classifier_all_positive,2955,enlarged cardiomediastinum cardiomegaly pulmonary edema,findings,3,5,True,True,10,1,0.33333333333333331,1,1,1,1,0,0,,0.77777777777777779,0.38888888888888884,0.84357375799241441,1,1,1,0,0,0.84706020355224609,0.73333333333333339,0.39999999999999997,0.79947654656723333,1,1,1,0,0,0.71504336595535278,0.66666666666666663,0.37499999999999994,0.73102174818849597,1,1,1,0,0,0.65592354536056519
lexical_bm25,classifier_all_positive,2957,lung opacity lung lesion pneumonia atelectasis,findings,4,6,True,True,10,0.33333333333333331,0.25,0.33333333333333331,0,0,0.33333333333333331,0,0,,0.55555555555555547,0.41666666666666669,0.51024042465908104,0,0,0.66666666666666663,0,0,0.69587534666061401,0.53333333333333333,0.40000000000000002,0.50987823907134733,0,0,0.66666666666666663,0,0,0.6878778338432312,0.53333333333333333,0.40000000000000002,0.51926013525399572,0,0,0.66666666666666663,0,0,0.68151891231536865
lexical_bm25,classifier_all_positive,2964,no acute abnormality,no_finding,1,3,True,True,10,1,1,1,1,1,1,0,0,,1,1,1,1,1,1,0,0.66666666666666674,0.99999982118606567,1,1,1,1,1,1,0,0.40000000000000002,0.71556150913238525,1,1,1,1,1,1,0,0.69999999999999996,0.75394916534423828
lexical_bm25,classifier_all_positive,3004,lung opacity pleural abnormality,findings,2,4,True,True,10,0,0,0,0,0,0,1,0,,0.16666666666666666,0.16666666666666666,0.14804095548293261,0,0,0.5,0.66666666666666663,0,0.7413744330406189,0.29999999999999999,0.16666666666666666,0.25306148220997021,1,0.25,1,0.59999999999999998,0,0.69858038425445557,0.25,0.18333333333333332,0.24010068184534575,1,0.25,1,0.59999999999999998,0.19999999999999996,0.7294958233833313
lexical_bm25,classifier_all_positive,3010,no acute abnormality,no_finding,1,3,True,True,10,1,1,1,1,1,1,0,0,,1,1,1,1,1,1,0,0.66666666666666674,0.99999982118606567,1,1,1,1,1,1,0,0.40000000000000002,0.71556150913238525,1,1,1,1,1,1,0,0.69999999999999996,0.75394916534423828
lexical_bm25,classifier_all_positive,3022,lung opacity lung lesion consolidation pneumonia,findings,4,6,True,True,10,0,0.25,0,0,0,0,1,0,,0,0.23333333333333331,0,0,0,0,1,0,0.68824625015258789,0,0.17999999999999999,0,0,0,0,1,0,0.67970561981201172,0,0.19,0,0,0,0,1,0,0.63849055767059326
lexical_bm25,classifier_all_positive,3025,fracture,findings,1,1,True,True,10,0,1,0,0,0,0,1,0,,0,0.66666666666666663,0,0,0,0,1,0,0.59695583581924438,0,0.66666666666666674,0,0,0,0,1,0,0.56320726871490479,0.20000000000000001,0.3833333333333333,0.12987501165334078,1,0.1111111111111111,1,0.80000000000000004,0,0.59001177549362183
lexical_bm25,classifier_all_positive,3045,no acute abnormality,no_finding,1,3,True,True,10,1,1,1,1,1,1,0,0,,1,1,1,1,1,1,0,0.66666666666666674,0.99999982118606567,1,1,1,1,1,1,0,0.40000000000000002,0.71556150913238525,1,1,1,1,1,1,0,0.69999999999999996,0.75394916534423828
lexical_bm25,classifier_all_positive,3049,fracture,findings,1,1,True,True,10,0,1,0,0,0,0,1,0,,0,0.66666666666666663,0,0,0,0,1,0,0.59695583581924438,0,0.66666666666666674,0,0,0,0,1,0,0.56320726871490479,0.20000000000000001,0.3833333333333333,0.12987501165334078,1,0.1111111111111111,1,0.80000000000000004,0,0.59001177549362183
lexical_bm25,classifier_all_positive,3060,no acute abnormality,no_finding,1,3,True,True,10,1,1,1,1,1,1,0,0,,1,1,1,1,1,1,0,0.66666666666666674,0.99999982118606567,1,1,1,1,1,1,0,0.40000000000000002,0.71556150913238525,1,1,1,1,1,1,0,0.69999999999999996,0.75394916534423828
lexical_bm25,classifier_all_positive,3069,lung lesion consolidation pneumonia,findings,3,4,True,True,10,0,0,0,0,0,0,1,0,,0,0,0,0,0,0,1,0,0.51725125312805176,0.27999999999999997,0.11666666666666665,0.18963241744942438,1,0.20000000000000001,1,0.59999999999999998,0,0.48194766044616699,0.3066666666666667,0.058333333333333327,0.23774770595862357,1,0.20000000000000001,1,0.40000000000000002,0,0.53684759140014648
lexical_bm25,classifier_all_positive,3074,,empty,0,0,False,True,0,,,,,,,,,,,,,,,,,,,,,,,,,,,,,,,,,,,,
lexical_bm25,classifier_all_positive,3114,,empty,0,0,False,True,0,,,,,,,,,,,,,,,,,,,,,,,,,,,,,,,,,,,,
lexical_bm25,classifier_all_positive,3115,no acute abnormality,no_finding,1,3,True,True,10,1,1,1,1,1,1,0,0,,1,1,1,1,1,1,0,0.66666666666666674,0.99999982118606567,1,1,1,1,1,1,0,0.40000000000000002,0.71556150913238525,1,1,1,1,1,1,0,0.69999999999999996,0.75394916534423828
lexical_bm25,classifier_all_positive,3117,no acute abnormality,no_finding,1,3,True,True,10,1,1,1,1,1,1,0,0,,1,1,1,1,1,1,0,0.66666666666666674,0.99999982118606567,1,1,1,1,1,1,0,0.40000000000000002,0.71556150913238525,1,1,1,1,1,1,0,0.69999999999999996,0.75394916534423828
lexical_bm25,classifier_all_positive,3134,no acute abnormality,no_finding,1,3,True,True,10,1,1,1,1,1,1,0,0,,1,1,1,1,1,1,0,0.66666666666666674,0.99999982118606567,1,1,1,1,1,1,0,0.40000000000000002,0.71556150913238525,1,1,1,1,1,1,0,0.69999999999999996,0.75394916534423828
lexical_bm25,classifier_all_positive,3135,fracture,findings,1,1,True,True,10,0,1,0,0,0,0,1,0,,0,0.66666666666666663,0,0,0,0,1,0,0.59695583581924438,0,0.66666666666666674,0,0,0,0,1,0,0.56320726871490479,0.20000000000000001,0.3833333333333333,0.12987501165334078,1,0.1111111111111111,1,0.80000000000000004,0,0.59001177549362183
lexical_bm25,classifier_all_positive,3148,enlarged cardiomediastinum atelectasis pleural effusion,findings,3,5,True,True,10,0.25,0.20000000000000001,0.25,0,0,0.5,0,0,,0.23333333333333331,0.18888888888888888,0.23519590445170671,0,0,0.5,0,0,0.64190012216567993,0.27333333333333332,0.11333333333333333,0.26240680570952762,0,0,0.5,0,0,0.64623564481735229,0.27333333333333332,0.16333333333333333,0.2865543327467,0,0,0.5,0,0,0.66687589883804321
lexical_bm25,classifier_all_positive,3158,pleural effusion,findings,1,2,True,True,10,0,0,0,0,0,0,1,0,,0.16666666666666666,0.44444444444444442,0.14804095548293261,0,0,0.66666666666666663,0.66666666666666663,0,0.52953463792800903,0.14999999999999999,0.36666666666666664,0.14351021982794041,0,0,0.66666666666666663,0.59999999999999998,0,0.5521930456161499,0.13333333333333333,0.23333333333333331,0.13587162091942626,0,0,1,0.59999999999999998,0,0.59303605556488037
lexical_bm25,classifier_all_positive,3180,no acute abnormality,no_finding,1,3,True,True,10,1,1,1,1,1,1,0,0,,1,1,1,1,1,1,0,0.66666666666666674,0.99999982118606567,1,1,1,1,1,1,0,0.40000000000000002,0.71556150913238525,1,1,1,1,1,1,0,0.69999999999999996,0.75394916534423828
lexical_bm25,classifier_all_positive,3183,no acute abnormality,no_finding,1,3,True,True,10,1,1,1,1,1,1,0,0,,1,1,1,1,1,1,0,0.66666666666666674,0.99999982118606567,1,1,1,1,1,1,0,0.40000000000000002,0.71556150913238525,1,1,1,1,1,1,0,0.69999999999999996,0.75394916534423828
lexical_bm25,classifier_all_positive,3191,enlarged cardiomediastinum cardiomegaly pleural abnormality,findings,3,5,True,True,10,1,0.33333333333333331,1,1,1,1,0,0,,0.83333333333333337,0.30555555555555552,0.85195904451706728,1,1,1,0,0,0.70848578214645386,0.80000000000000004,0.29999999999999993,0.81997269271138296,1,1,1,0,0,0.65004634857177734,0.84999999999999998,0.30833333333333335,0.84649263482876735,1,1,1,0,0,0.60647058486938477
lexical_bm25,classifier_all_positive,3195,lung opacity pulmonary edema atelectasis pleural effusion,findings,4,7,True,True,10,0.25,0.40000000000000002,0.25,0,0,0.5,0,0,,0.27777777777777773,0.54999999999999993,0.27467349258048873,0,0,0.5,0,0,0.61197763681411743,0.33333333333333331,0.47999999999999998,0.31280582059285494,0,0,0.5,0,0,0.65466272830963135,0.32500000000000001,0.40499999999999997,0.31581154870308692,0,0,0.5,0.10000000000000001,0,0.66732031106948853
lexical_bm25,classifier_all_positive,3207,cardiomegaly,findings,1,1,True,True,10,1,1,1,1,1,1,0,0,,0.77777777777777768,0.77777777777777768,0.80261205935608981,1,1,1,0,0,0.73306912183761597,0.86666666666666659,0.86666666666666659,0.85734249017698161,1,1,1,0,0,0.71242028474807739,0.88333333333333319,0.88333333333333319,0.87074307636795034,1,1,1,0,0,0.70612478256225586
lexical_bm25,classifier_all_positive,3214,cardiomegaly,findings,1,1,True,True,10,0.5,1,0.5,0,0,0.5,0,0,,0.41666666666666669,0.77777777777777768,0.42597952225853364,0,0,0.5,0,0,0.73306912183761597,0.45000000000000001,0.86666666666666659,0.44650343381636809,0,0,0.5,0,0,0.71242028474807739,0.52500000000000002,0.88333333333333319,0.5376878644516131,1,0.14285714285714285,1,0,0,0.70612478256225586
lexical_bm25,classifier_all_positive,3216,no acute abnormality,no_finding,1,3,True,True,10,1,1,1,1,1,1,0,0,,1,1,1,1,1,1,0,0.66666666666666674,0.99999982118606567,1,1,1,1,1,1,0,0.40000000000000002,0.71556150913238525,1,1,1,1,1,1,0,0.69999999999999996,0.75394916534423828
lexical_bm25,classifier_all_positive,3221,no acute abnormality,no_finding,1,3,True,True,10,1,1,1,1,1,1,0,0,,1,1,1,1,1,1,0,0.66666666666666674,0.99999982118606567,1,1,1,1,1,1,0,0.40000000000000002,0.71556150913238525,1,1,1,1,1,1,0,0.69999999999999996,0.75394916534423828
lexical_bm25,classifier_all_positive,3253,fracture,findings,1,1,True,True,10,0,1,0,0,0,0,1,0,,0,0.66666666666666663,0,0,0,0,1,0,0.59695583581924438,0,0.66666666666666674,0,0,0,0,1,0,0.56320726871490479,0.20000000000000001,0.3833333333333333,0.12987501165334078,1,0.1111111111111111,1,0.80000000000000004,0,0.59001177549362183
lexical_bm25,classifier_all_positive,3279,no acute abnormality,no_finding,1,3,True,True,10,1,1,1,1,1,1,0,0,,1,1,1,1,1,1,0,0.66666666666666674,0.99999982118606567,1,1,1,1,1,1,0,0.40000000000000002,0.71556150913238525,1,1,1,1,1,1,0,0.69999999999999996,0.75394916534423828
lexical_bm25,classifier_all_positive,3281,no acute abnormality,no_finding,1,3,True,True,10,0,1,0,0,0,0,1,0,,0,1,0,0,0,0,1,0.66666666666666674,0.99999982118606567,0,1,0,0,0,0,1,0.40000000000000002,0.71556150913238525,0,1,0,0,0,0,1,0.69999999999999996,0.75394916534423828
lexical_bm25,classifier_all_positive,3285,no acute abnormality,no_finding,1,3,True,True,10,1,1,1,1,1,1,0,0,,1,1,1,1,1,1,0,0.66666666666666674,0.99999982118606567,1,1,1,1,1,1,0,0.40000000000000002,0.71556150913238525,1,1,1,1,1,1,0,0.69999999999999996,0.75394916534423828
lexical_bm25,classifier_all_positive,3290,fracture,findings,1,1,True,True,10,0,1,0,0,0,0,1,0,,0,0.66666666666666663,0,0,0,0,1,0,0.59695583581924438,0,0.66666666666666674,0,0,0,0,1,0,0.56320726871490479,0.20000000000000001,0.3833333333333333,0.12987501165334078,1,0.1111111111111111,1,0.80000000000000004,0,0.59001177549362183
lexical_bm25,classifier_all_positive,3347,fracture,findings,1,1,True,True,10,0,1,0,0,0,0,1,0,,0,0.66666666666666663,0,0,0,0,1,0,0.59695583581924438,0,0.66666666666666674,0,0,0,0,1,0,0.56320726871490479,0,0.3833333333333333,0,0,0,0,1,0,0.59001177549362183
lexical_bm25,classifier_all_positive,3358,no acute abnormality,no_finding,1,3,True,True,10,1,1,1,1,1,1,0,0,,1,1,1,1,1,1,0,0.66666666666666674,0.99999982118606567,1,1,1,1,1,1,0,0.40000000000000002,0.71556150913238525,1,1,1,1,1,1,0,0.69999999999999996,0.75394916534423828
lexical_bm25,classifier_all_positive,3363,no acute abnormality,no_finding,1,3,True,True,10,0,1,0,0,0,0,1,0,,0,1,0,0,0,0,1,0.66666666666666674,0.99999982118606567,0,1,0,0,0,0,1,0.40000000000000002,0.71556150913238525,0,1,0,0,0,0,1,0.69999999999999996,0.75394916534423828
lexical_bm25,classifier_all_positive,3369,pneumothorax fracture,findings,2,2,True,False,10,0,0.5,0,,,0,1,0,,0,0.33333333333333331,0,,,0,1,0,0.59695583581924438,0,0.29999999999999999,0,,,0,1,0,0.62805485725402832,0.050000000000000003,0.20833333333333331,0.057224375012530068,,,0.66666666666666663,0.90000000000000002,0.099999999999999978,0.63324570655822754
lexical_bm25,classifier_all_positive,3370,no acute abnormality,no_finding,1,3,True,True,10,1,1,1,1,1,1,0,0,,1,1,1,1,1,1,0,0.66666666666666674,0.99999982118606567,1,1,1,1,1,1,0,0.40000000000000002,0.71556150913238525,1,1,1,1,1,1,0,0.69999999999999996,0.75394916534423828
lexical_bm25,classifier_all_positive,3374,no acute abnormality,no_finding,1,3,True,True,10,0,1,0,0,0,0,1,0,,0,1,0,0,0,0,1,0.66666666666666674,0.99999982118606567,0,1,0,0,0,0,1,0.40000000000000002,0.71556150913238525,0,1,0,0,0,0,1,0.69999999999999996,0.75394916534423828
lexical_bm25,classifier_all_positive,3378,fracture,findings,1,1,True,False,10,0.5,1,0.75,,,0.5,0,0,,0.33333333333333331,0.66666666666666663,0.6097907032889619,,,0.5,0.33333333333333331,0,0.59695583581924438,0.34999999999999998,0.66666666666666674,0.64575217914273164,,,0.5,0.20000000000000001,0,0.56320726871490479,0.20833333333333331,0.3833333333333333,0.48461656280701898,,,0.5,0.5,0,0.59001177549362183
lexical_bm25,classifier_all_positive,3379,enlarged cardiomediastinum,findings,1,2,True,True,10,0.5,0,0.5,0,0,0.5,0,0,,0.33333333333333331,0,0.35195904451706733,0,0,1,0.33333333333333331,0,0.66477137804031372,0.43333333333333329,0,0.41487438055145986,0,0,1,0.20000000000000001,0,0.680946946144104,0.41666666666666663,0,0.41294890357068376,0,0,1,0.20000000000000001,0,0.60796517133712769
lexical_bm25,classifier_all_positive,3386,no acute abnormality,no_finding,1,3,True,True,10,1,1,1,1,1,1,0,0,,1,1,1,1,1,1,0,0.66666666666666674,0.99999982118606567,1,1,1,1,1,1,0,0.40000000000000002,0.71556150913238525,1,1,1,1,1,1,0,0.69999999999999996,0.75394916534423828
lexical_bm25,classifier_all_positive,3434,lung opacity pneumonia pleural abnormality,findings,3,5,True,True,10,0,0.33333333333333331,0,0,0,0,1,0,,0.33333333333333331,0.22222222222222221,0.23463936301137822,1,0.33333333333333331,1,0.66666666666666663,0,0.69373434782028198,0.20000000000000001,0.26666666666666666,0.16958010263680806,1,0.33333333333333331,1,0.80000000000000004,0,0.71400034427642822,0.10000000000000001,0.2583333333333333,0.1100458831490401,1,0.33333333333333331,1,0.90000000000000002,0,0.68486881256103516
lexical_bm25,classifier_all_positive,3435,enlarged cardiomediastinum,findings,1,2,True,True,10,1,0,1,1,1,1,0,0,,0.41666666666666669,0,0.52793856677560103,1,1,1,0.33333333333333331,0,0.66477137804031372,0.51666666666666672,0,0.57135860661297189,1,1,1,0.20000000000000001,0,0.680946946144104,0.58333333333333326,0,0.60852960954717472,1,1,1,0.20000000000000001,0,0.60796517133712769
lexical_bm25,classifier_all_positive,3450,no acute abnormality,no_finding,1,3,True,True,10,1,1,1,1,1,1,0,0,,1,1,1,1,1,1,0,0.66666666666666674,0.99999982118606567,1,1,1,1,1,1,0,0.40000000000000002,0.71556150913238525,1,1,1,1,1,1,0,0.69999999999999996,0.75394916534423828
lexical_bm25,classifier_all_positive,3455,lung opacity pulmonary edema,findings,2,4,True,False,10,0.75,0.25,1,,,0.75,0,0,,0.6166666666666667,0.3611111111111111,0.85437815707576936,,,1,0,0,0.70383948087692261,0.52000000000000002,0.3833333333333333,0.75364129882854425,,,1,0,0,0.66776502132415771,0.40000000000000002,0.24166666666666664,0.6202720095058879,,,1,0.20000000000000001,0,0.6307138204574585
lexical_bm25,classifier_all_positive,3460,,empty,0,0,False,True,0,,,,,,,,,,,,,,,,,,,,,,,,,,,,,,,,,,,,
lexical_bm25,classifier_all_positive,3465,no acute abnormality,no_finding,1,3,True,True,10,1,1,1,1,1,1,0,0,,1,1,1,1,1,1,0,0.66666666666666674,0.99999982118606567,1,1,1,1,1,1,0,0.40000000000000002,0.71556150913238525,1,1,1,1,1,1,0,0.69999999999999996,0.75394916534423828
lexical_bm25,classifier_all_positive,3477,no acute abnormality,no_finding,1,3,True,True,10,1,1,1,1,1,1,0,0,,1,1,1,1,1,1,0,0.66666666666666674,0.99999982118606567,1,1,1,1,1,1,0,0.40000000000000002,0.71556150913238525,1,1,1,1,1,1,0,0.69999999999999996,0.75394916534423828
lexical_bm25,classifier_all_positive,3508,enlarged cardiomediastinum lung opacity lung lesion pleural effusion pleural abnormality,findings,5,10,True,False,10,0.20000000000000001,0.14285714285714285,0.26666666666666666,,,0.33333333333333331,0,0,,0.066666666666666666,0.047619047619047616,0.13298286417166022,,,0.33333333333333331,0.66666666666666663,0,0.62476342916488647,0.089999999999999997,0.061904761904761907,0.15015775106382104,,,0.33333333333333331,0.59999999999999998,0,0.55761146545410156,0.044999999999999998,0.05095238095238095,0.099469448179676151,,,0.33333333333333331,0.80000000000000004,0,0.59501487016677856
lexical_bm25,classifier_all_positive,3528,no acute abnormality,no_finding,1,3,True,True,10,1,1,1,1,1,1,0,0,,1,1,1,1,1,1,0,0.66666666666666674,0.99999982118606567,1,1,1,1,1,1,0,0.40000000000000002,0.71556150913238525,1,1,1,1,1,1,0,0.69999999999999996,0.75394916534423828
lexical_bm25,classifier_all_positive,3539,no acute abnormality,no_finding,1,3,True,True,10,1,1,1,1,1,1,0,0,,1,1,1,1,1,1,0,0.66666666666666674,0.99999982118606567,1,1,1,1,1,1,0,0.40000000000000002,0.71556150913238525,1,1,1,1,1,1,0,0.69999999999999996,0.75394916534423828
lexical_bm25,classifier_all_positive,3542,no acute abnormality,no_finding,1,3,True,True,10,1,1,1,1,1,1,0,0,,1,1,1,1,1,1,0,0.66666666666666674,0.99999982118606567,1,1,1,1,1,1,0,0.40000000000000002,0.71556150913238525,1,1,1,1,1,1,0,0.69999999999999996,0.75394916534423828
lexical_bm25,classifier_all_positive,3559,fracture,findings,1,1,True,True,10,0,1,0,0,0,0,1,0,,0,0.66666666666666663,0,0,0,0,1,0,0.59695583581924438,0,0.66666666666666674,0,0,0,0,1,0,0.56320726871490479,0.050000000000000003,0.3833333333333333,0.03668196104968003,0,0,1,0.90000000000000002,0,0.59001177549362183
lexical_bm25,classifier_all_positive,3562,enlarged cardiomediastinum fracture,findings,2,3,True,True,10,0,0.33333333333333331,0,0,0,0,1,0,,0,0.33333333333333331,0,0,0,0,1,0,0.61660927534103394,0,0.29999999999999999,0,0,0,0,1,0,0.5348014235496521,0.033333333333333333,0.27500000000000002,0.022084741151463014,0,0,1,0.90000000000000002,0,0.56540399789810181
lexical_bm25,classifier_all_positive,3565,lung opacity consolidation pneumonia,findings,3,4,True,True,10,0.33333333333333331,0.33333333333333331,0.33333333333333331,0,0,0.33333333333333331,0,0,,0.30555555555555552,0.30555555555555552,0.33333333333333331,0,0,0.33333333333333331,0,0,0.74164789915084839,0.25,0.25,0.31266563291427374,0,0,0.33333333333333331,0.20000000000000001,0,0.68557149171829224,0.34499999999999997,0.34499999999999997,0.41407810455614352,0,0,1,0.10000000000000001,0,0.71306973695755005
lexical_bm25,classifier_all_positive,3589,pneumonia atelectasis,findings,2,2,True,True,10,0.25,0.5,0.25,0,0,1,0,0,,0.58333333333333337,0.27777777777777773,0.5,1,0.33333333333333331,1,0,0,0.6536480188369751,0.34999999999999998,0.33333333333333331,0.36136328632247594,1,0.33333333333333331,1,0.40000000000000002,0,0.64400339126586914,0.39500000000000002,0.29833333333333334,0.38565004309089546,1,0.33333333333333331,1,0.29999999999999999,0,0.64777892827987671
lexical_bm25,classifier_all_positive,3593,no acute abnormality,no_finding,1,3,True,True,10,1,1,1,1,1,1,0,0,,1,1,1,1,1,1,0,0.66666666666666674,0.99999982118606567,1,1,1,1,1,1,0,0.40000000000000002,0.71556150913238525,1,1,1,1,1,1,0,0.69999999999999996,0.75394916534423828
lexical_bm25,classifier_all_positive,3597,lung lesion pneumonia,findings,2,3,True,True,10,0,0,0,0,0,0,1,0,,0,0,0,0,0,0,1,0,0.51725125312805176,0,0.066666666666666666,0,0,0,0,1,0,0.51816076040267944,0,0.083333333333333329,0,0,0,0,1,0,0.53172910213470459
lexical_bm25,classifier_all_positive,3608,cardiomegaly pulmonary edema,findings,2,3,True,True,10,0.5,1,0.5,0,0,1,0,0,,0.38888888888888884,0.77777777777777768,0.411546454337126,0,0,1,0,0,0.73647552728652954,0.5,0.69999999999999996,0.47733008588716386,1,0.20000000000000001,1,0,0,0.70205008983612061,0.65000000000000002,0.6333333333333333,0.58849674303966415,1,0.20000000000000001,1,0,0,0.68342971801757812
lexical_bm25,classifier_all_positive,3610,no acute abnormality,no_finding,1,3,True,True,10,1,1,1,1,1,1,0,0,,1,1,1,1,1,1,0,0.66666666666666674,0.99999982118606567,1,1,1,1,1,1,0,0.40000000000000002,0.71556150913238525,1,1,1,1,1,1,0,0.69999999999999996,0.75394916534423828
lexical_bm25,classifier_all_positive,3611,enlarged cardiomediastinum cardiomegaly lung opacity pleural effusion pleural abnormality fracture,findings,6,10,True,True,10,0.25,0.2857142857142857,0.25,0,0,0.5,0,0,,0.083333333333333329,0.26190476190476192,0.11731968150568911,0,0,0.5,0.66666666666666663,0,0.68803095817565918,0.050000000000000003,0.21904761904761907,0.093424788412781373,0,0,0.5,0.80000000000000004,0,0.64153933525085449,0.025000000000000001,0.22619047619047619,0.067729165594417079,0,0,0.5,0.90000000000000002,0,0.61189103126525879
lexical_bm25,classifier_all_positive,3624,no acute abnormality,no_finding,1,3,True,True,10,1,1,1,1,1,1,0,0,,1,1,1,1,1,1,0,0.66666666666666674,0.99999982118606567,1,1,1,1,1,1,0,0.40000000000000002,0.71556150913238525,1,1,1,1,1,1,0,0.69999999999999996,0.75394916534423828
lexical_bm25,classifier_all_positive,3632,fracture,findings,1,1,True,True,10,0,1,0,0,0,0,1,0,,0,0.66666666666666663,0,0,0,0,1,0,0.59695583581924438,0.080000000000000002,0.66666666666666674,0.062072964137817495,0,0,0.5,0.80000000000000004,0,0.56320726871490479,0.040000000000000001,0.3833333333333333,0.041944175472795553,0,0,0.5,0.90000000000000002,0,0.59001177549362183
lexical_bm25,classifier_all_positive,3639,no acute abnormality,no_finding,1,3,True,True,10,1,1,1,1,1,1,0,0,,1,1,1,1,1,1,0,0.66666666666666674,0.99999982118606567,1,1,1,1,1,1,0,0.40000000000000002,0.71556150913238525,1,1,1,1,1,1,0,0.69999999999999996,0.75394916534423828
lexical_bm25,classifier_all_positive,3641,,empty,0,0,False,True,0,,,,,,,,,,,,,,,,,,,,,,,,,,,,,,,,,,,,
lexical_bm25,classifier_all_positive,3655,no acute abnormality,no_finding,1,3,True,True,10,0,1,0,0,0,0,1,0,,0,1,0,0,0,0,1,0.66666666666666674,0.99999982118606567,0,1,0,0,0,0,1,0.40000000000000002,0.71556150913238525,0,1,0,0,0,0,1,0.69999999999999996,0.75394916534423828
lexical_bm25,classifier_all_positive,3665,no acute abnormality,no_finding,1,3,True,True,10,1,1,1,1,1,1,0,0,,1,1,1,1,1,1,0,0.66666666666666674,0.99999982118606567,1,1,1,1,1,1,0,0.40000000000000002,0.71556150913238525,1,1,1,1,1,1,0,0.69999999999999996,0.75394916534423828
lexical_bm25,classifier_all_positive,3667,support device,findings,1,2,True,True,10,1,1,1,1,1,1,0,0,,1,1,1,1,1,1,0,0,0.45086362957954407,1,1,1,1,1,1,0,0,0.55285274982452393,0.72499999999999998,0.72499999999999998,0.81318000494387221,1,1,1,0.10000000000000001,0,0.51251065731048584
lexical_bm25,classifier_all_positive,3672,cardiomegaly pulmonary edema pleural effusion,findings,3,5,True,True,10,0.5,0.5,0.5,0,0,0.66666666666666663,0,0,,0.55555555555555547,0.55555555555555547,0.58357967602308847,0,0,0.66666666666666663,0,0,0.73647552728652954,0.5,0.5,0.59386089422345445,0,0,0.66666666666666663,0,0,0.70204997062683105,0.40833333333333333,0.4499999999999999,0.55803269838019498,0,0,0.66666666666666663,0,0,0.68527054786682129
lexical_bm25,classifier_all_positive,3683,no acute abnormality,no_finding,1,3,True,True,10,0,1,0,0,0,0,1,0,,0,1,0,0,0,0,1,0.66666666666666674,0.99999982118606567,0,1,0,0,0,0,1,0.40000000000000002,0.71556150913238525,0,1,0,0,0,0,1,0.69999999999999996,0.75394916534423828
lexical_bm25,classifier_all_positive,3692,no acute abnormality,no_finding,1,3,True,True,10,1,1,1,1,1,1,0,0,,1,1,1,1,1,1,0,0.66666666666666674,0.99999982118606567,1,1,1,1,1,1,0,0.40000000000000002,0.71556150913238525,1,1,1,1,1,1,0,0.69999999999999996,0.75394916534423828
lexical_bm25,classifier_all_positive,3693,,empty,0,0,False,True,0,,,,,,,,,,,,,,,,,,,,,,,,,,,,,,,,,,,,
lexical_bm25,classifier_all_positive,3701,no acute abnormality,no_finding,1,3,True,True,10,1,1,1,1,1,1,0,0,,1,1,1,1,1,1,0,0.66666666666666674,0.99999982118606567,1,1,1,1,1,1,0,0.40000000000000002,0.71556150913238525,1,1,1,1,1,1,0,0.69999999999999996,0.75394916534423828
lexical_bm25,classifier_all_positive,3720,no acute abnormality,no_finding,1,3,True,True,10,1,1,1,1,1,1,0,0,,1,1,1,1,1,1,0,0.66666666666666674,0.99999982118606567,1,1,1,1,1,1,0,0.40000000000000002,0.71556150913238525,1,1,1,1,1,1,0,0.69999999999999996,0.75394916534423828
lexical_bm25,classifier_all_positive,3726,no acute abnormality,no_finding,1,3,True,True,10,1,1,1,1,1,1,0,0,,1,1,1,1,1,1,0,0.66666666666666674,0.99999982118606567,1,1,1,1,1,1,0,0.40000000000000002,0.71556150913238525,1,1,1,1,1,1,0,0.69999999999999996,0.75394916534423828
lexical_bm25,classifier_all_positive,3756,lung opacity atelectasis,findings,2,3,True,True,10,0.5,1,0.5,0,0,1,0,0,,0.83333333333333337,0.66666666666666663,0.76536063698862167,1,0.5,1,0,0,0.69733595848083496,0.69999999999999996,0.80000000000000004,0.69178318368566771,1,0.5,1,0,0,0.68134927749633789,0.58333333333333326,0.76666666666666661,0.61539946662815892,1,0.5,1,0.10000000000000001,0,0.71335035562515259
lexical_bm25,classifier_all_positive,3785,no acute abnormality,no_finding,1,3,True,True,10,0,1,0,0,0,0,1,0,,0,1,0,0,0,0,1,0.66666666666666674,0.99999982118606567,0,1,0,0,0,0,1,0.40000000000000002,0.71556150913238525,0,1,0,0,0,0,1,0.69999999999999996,0.75394916534423828
lexical_bm25,classifier_all_positive,3787,no acute abnormality,no_finding,1,3,True,True,10,1,1,1,1,1,1,0,0,,1,1,1,1,1,1,0,0.66666666666666674,0.99999982118606567,1,1,1,1,1,1,0,0.40000000000000002,0.71556150913238525,1,1,1,1,1,1,0,0.69999999999999996,0.75394916534423828
lexical_bm25,classifier_all_positive,3790,lung opacity atelectasis pleural effusion fracture,findings,4,6,True,True,10,0.5,0.5,0.5,0,0,1,0,0,,0.66666666666666663,0.41666666666666669,0.64804095548293261,1,0.5,1,0,0,0.65204757452011108,0.46666666666666667,0.45000000000000001,0.5170458686373085,1,0.5,1,0.20000000000000001,0,0.57908087968826294,0.46666666666666662,0.36499999999999999,0.50456381036873477,1,0.5,1,0.29999999999999999,0,0.61931526660919189
lexical_bm25,classifier_all_positive,3793,lung opacity pneumonia atelectasis fracture,findings,4,5,True,True,10,1,0.25,1,1,1,1,0,0,,0.66666666666666663,0.41666666666666669,0.73463936301137822,1,1,1,0,0,0.69295454025268555,0.66666666666666674,0.45000000000000001,0.72074676463943776,1,1,1,0,0,0.6187703013420105,0.58333333333333326,0.45000000000000001,0.64812111267708294,1,1,1,0.10000000000000001,0,0.63317924737930298
lexical_bm25,classifier_all_positive,3809,no acute abnormality,no_finding,1,3,True,True,10,1,1,1,1,1,1,0,0,,1,1,1,1,1,1,0,0.66666666666666674,0.99999982118606567,1,1,1,1,1,1,0,0.40000000000000002,0.71556150913238525,1,1,1,1,1,1,0,0.69999999999999996,0.75394916534423828
lexical_bm25,classifier_all_positive,3814,fracture,findings,1,1,True,True,10,0,1,0,0,0,0,1,0,,0,0.66666666666666663,0,0,0,0,1,0,0.59695583581924438,0,0.66666666666666674,0,0,0,0,1,0,0.56320726871490479,0.20000000000000001,0.3833333333333333,0.12987501165334078,1,0.1111111111111111,1,0.80000000000000004,0,0.59001177549362183
lexical_bm25,classifier_all_positive,3817,enlarged cardiomediastinum,findings,1,2,True,True,10,0,0,0,0,0,0,1,0,,0.33333333333333331,0,0.29608191096586522,1,0.5,1,0.66666666666666663,0,0.66477137804031372,0.20000000000000001,0,0.21398626473452756,1,0.5,1,0.80000000000000004,0,0.680946946144104,0.10000000000000001,0,0.13886244387355456,1,0.5,1,0.90000000000000002,0,0.60796517133712769
lexical_bm25,classifier_all_positive,3830,no acute abnormality,no_finding,1,3,True,True,10,1,1,1,1,1,1,0,0,,1,1,1,1,1,1,0,0.66666666666666674,0.99999982118606567,1,1,1,1,1,1,0,0.40000000000000002,0.71556150913238525,1,1,1,1,1,1,0,0.69999999999999996,0.75394916534423828
lexical_bm25,classifier_all_positive,3837,no acute abnormality,no_finding,1,3,True,True,10,1,1,1,1,1,1,0,0,,1,1,1,1,1,1,0,0.66666666666666674,0.99999982118606567,1,1,1,1,1,1,0,0.40000000000000002,0.71556150913238525,1,1,1,1,1,1,0,0.69999999999999996,0.75394916534423828
lexical_bm25,classifier_all_positive,3847,pneumothorax pleural effusion,findings,2,3,True,True,10,0,0,0,0,0,0,1,0,,0,0,0,0,0,0,1,0,0.64804011583328247,0,0,0,0,0,0,1,0.19999999999999996,0.74064028263092041,0,0.033333333333333333,0,0,0,0,1,0.099999999999999978,0.68874114751815796
lexical_bm25,classifier_all_positive,3866,lung opacity consolidation pneumonia,findings,3,4,True,True,10,0.5,0.33333333333333331,0.5,0,0,0.5,0,0,,0.44444444444444442,0.30555555555555552,0.46089343949810357,0,0,0.5,0,0,0.74164789915084839,0.36666666666666664,0.25,0.39870247463917874,0,0,0.5,0.20000000000000001,0,0.68557149171829224,0.4416666666666666,0.34499999999999997,0.43728435517636988,1,0.10000000000000001,1,0.10000000000000001,0,0.71306973695755005
lexical_bm25,classifier_all_positive,3875,lung opacity pneumonia,findings,2,3,True,True,10,1,0.5,1,1,1,1,0,0,,0.66666666666666663,0.33333333333333331,0.76536063698862167,1,1,1,0.33333333333333331,0,0.69373434782028198,0.80000000000000004,0.40000000000000002,0.83041989736319199,1,1,1,0.20000000000000001,0,0.71400034427642822,0.65000000000000002,0.48333333333333339,0.71890342803783236,1,1,1,0.20000000000000001,0,0.71051746606826782
lexical_bm25,classifier_all_positive,3879,pneumonia,findings,1,1,True,True,10,0,0,0,0,0,0,1,0,,0.33333333333333331,0,0.23463936301137822,1,0.33333333333333331,1,0.66666666666666663,0,0.58168119192123413,0.40000000000000002,0.050000000000000003,0.31564845247951451,1,0.33333333333333331,1,0.59999999999999998,0,0.6264607310295105,0.5,0.125,0.4138836150091173,1,0.33333333333333331,1,0.5,0,0.68054014444351196
lexical_bm25,classifier_all_positive,3880,cardiomegaly,findings,1,1,True,True,10,0.33333333333333331,1,0.33333333333333331,0,0,0.33333333333333331,0,0,,0.55555555555555547,0.77777777777777768,0.53072127397724345,1,0.5,1,0,0,0.73306912183761597,0.46666666666666662,0.86666666666666659,0.47599084315635176,1,0.5,1,0,0,0.71242028474807739,0.39166666666666672,0.88333333333333319,0.4338822513534325,1,0.5,1,0,0,0.70612478256225586
lexical_bm25,classifier_all_positive,3883,no acute abnormality,no_finding,1,3,True,True,10,1,1,1,1,1,1,0,0,,1,1,1,1,1,1,0,0.66666666666666674,0.99999982118606567,1,1,1,1,1,1,0,0.40000000000000002,0.71556150913238525,1,1,1,1,1,1,0,0.69999999999999996,0.75394916534423828
lexical_bm25,classifier_all_positive,3900,no acute abnormality,no_finding,1,3,True,True,10,1,1,1,1,1,1,0,0,,1,1,1,1,1,1,0,0.66666666666666674,0.99999982118606567,1,1,1,1,1,1,0,0.40000000000000002,0.71556150913238525,1,1,1,1,1,1,0,0.69999999999999996,0.75394916534423828
lexical_bm25,classifier_all_positive,3905,cardiomegaly pulmonary edema,findings,2,3,True,True,10,0.5,1,0.5,0,0,1,0,0,,0.38888888888888884,0.77777777777777768,0.411546454337126,0,0,1,0,0,0.73647552728652954,0.5,0.69999999999999996,0.47733008588716386,1,0.20000000000000001,1,0,0,0.70205008983612061,0.65000000000000002,0.6333333333333333,0.58849674303966415,1,0.20000000000000001,1,0,0,0.68342971801757812
lexical_bm25,classifier_all_positive,3939,no acute abnormality,no_finding,1,3,True,True,10,1,1,1,1,1,1,0,0,,1,1,1,1,1,1,0,0.66666666666666674,0.99999982118606567,1,1,1,1,1,1,0,0.40000000000000002,0.71556150913238525,1,1,1,1,1,1,0,0.69999999999999996,0.75394916534423828
lexical_bm25,classifier_all_positive,3951,lung lesion consolidation pneumonia,findings,3,4,True,True,10,0,0,0,0,0,0,1,0,,0,0,0,0,0,0,1,0,0.51725125312805176,0.10000000000000001,0.11666666666666665,0.068079750811231673,0,0,0.5,0.59999999999999998,0,0.48194766044616699,0.21666666666666665,0.058333333333333327,0.17017391663812201,0,0,0.5,0.40000000000000002,0,0.53684759140014648
lexical_bm25,classifier_all_positive,3953,fracture,findings,1,1,True,True,10,0,1,0,0,0,0,1,0,,0,0.66666666666666663,0,0,0,0,1,0,0.59695583581924438,0,0.66666666666666674,0,0,0,0,1,0,0.56320726871490479,0.20000000000000001,0.3833333333333333,0.12987501165334078,1,0.1111111111111111,1,0.80000000000000004,0,0.59001177549362183
lexical_bm25,classifier_all_positive,3968,fracture,findings,1,1,True,True,10,0,1,0,0,0,0,1,0,,0,0.66666666666666663,0,0,0,0,1,0,0.59695583581924438,0,0.66666666666666674,0,0,0,0,1,0,0.56320726871490479,0,0.3833333333333333,0,0,0,0,1,0,0.59001177549362183
lexical_bm25,classifier_all_positive,3972,lung opacity pneumonia pleural abnormality,findings,3,5,True,True,10,1,0.33333333333333331,1,1,1,1,0,0,,0.66666666666666663,0.22222222222222221,0.76536063698862167,1,1,1,0.33333333333333331,0,0.69373434782028198,0.80000000000000004,0.26666666666666666,0.83041989736319199,1,1,1,0.20000000000000001,0,0.71400034427642822,0.59999999999999998,0.2583333333333333,0.68380996622934631,1,1,1,0.29999999999999999,0,0.68486881256103516
lexical_bm25,classifier_all_positive,3973,enlarged cardiomediastinum fracture,findings,2,3,True,True,10,0,0.33333333333333331,0,0,0,0,1,0,,0,0.33333333333333331,0,0,0,0,1,0,0.61660927534103394,0,0.29999999999999999,0,0,0,0,1,0,0.5348014235496521,0,0.27500000000000002,0,0,0,0,1,0,0.56540399789810181
lexical_bm25,classifier_all_positive,3976,no acute abnormality,no_finding,1,3,True,True,10,1,1,1,1,1,1,0,0,,1,1,1,1,1,1,0,0.66666666666666674,0.99999982118606567,1,1,1,1,1,1,0,0.40000000000000002,0.71556150913238525,1,1,1,1,1,1,0,0.69999999999999996,0.75394916534423828
lexical_bm25,classifier_all_positive,3980,lung opacity consolidation atelectasis pleural effusion,findings,4,6,True,False,10,0.20000000000000001,0.5,0.25,,,0.25,0,0,,0.28333333333333338,0.3833333333333333,0.33838936227876959,,,0.5,0,0,0.71837979555130005,0.21000000000000002,0.38,0.28472786689657537,,,0.5,0.20000000000000001,0,0.6737591028213501,0.19500000000000001,0.33999999999999997,0.29090979907568187,,,0.5,0.20000000000000001,0,0.68267375230789185
lexical_bm25,classifier_all_positive,3982,no acute abnormality,no_finding,1,3,True,True,10,1,1,1,1,1,1,0,0,,1,1,1,1,1,1,0,0.66666666666666674,0.99999982118606567,1,1,1,1,1,1,0,0.40000000000000002,0.71556150913238525,1,1,1,1,1,1,0,0.69999999999999996,0.75394916534423828
lexical_bm25,classifier_gated,20,no acute abnormality,no_finding,1,3,True,True,10,1,1,1,1,1,1,0,0,,1,1,1,1,1,1,0,0.66666666666666674,0.99999982118606567,1,1,1,1,1,1,0,0.40000000000000002,0.71556150913238525,1,1,1,1,1,1,0,0.69999999999999996,0.75394916534423828
lexical_bm25,classifier_gated,23,no acute abnormality,no_finding,1,3,True,True,10,1,1,1,1,1,1,0,0,,1,1,1,1,1,1,0,0.66666666666666674,0.99999982118606567,1,1,1,1,1,1,0,0.40000000000000002,0.71556150913238525,1,1,1,1,1,1,0,0.69999999999999996,0.75394916534423828
lexical_bm25,classifier_gated,33,no acute abnormality,no_finding,1,3,True,True,10,0,1,0,0,0,0,1,0,,0,1,0,0,0,0,1,0.66666666666666674,0.99999982118606567,0,1,0,0,0,0,1,0.40000000000000002,0.71556150913238525,0,1,0,0,0,0,1,0.69999999999999996,0.75394916534423828
lexical_bm25,classifier_gated,50,pulmonary edema,findings,1,2,True,True,10,0.33333333333333331,0.33333333333333331,0.33333333333333331,0,0,1,0,0,,0.38888888888888884,0.38888888888888884,0.38268031849431083,0,0,1,0,0,0.68155890703201294,0.29999999999999993,0.29999999999999993,0.32030826084151909,0,0,1,0.20000000000000001,0,0.64853775501251221,0.38333333333333336,0.18333333333333329,0.37727241545489154,1,0.16666666666666666,1,0.20000000000000001,0,0.624947190284729
lexical_bm25,classifier_gated,54,no acute abnormality,no_finding,1,3,True,True,10,0,1,0,0,0,0,1,0,,0,1,0,0,0,0,1,0.66666666666666674,0.99999982118606567,0,1,0,0,0,0,1,0.40000000000000002,0.71556150913238525,0,1,0,0,0,0,1,0.69999999999999996,0.75394916534423828
lexical_bm25,classifier_gated,66,no acute abnormality,no_finding,1,3,True,True,10,1,1,1,1,1,1,0,0,,1,1,1,1,1,1,0,0.66666666666666674,0.99999982118606567,1,1,1,1,1,1,0,0.40000000000000002,0.71556150913238525,1,1,1,1,1,1,0,0.69999999999999996,0.75394916534423828
lexical_bm25,classifier_gated,72,no acute abnormality,no_finding,1,3,True,True,10,1,1,1,1,1,1,0,0,,1,1,1,1,1,1,0,0.66666666666666674,0.99999982118606567,1,1,1,1,1,1,0,0.40000000000000002,0.71556150913238525,1,1,1,1,1,1,0,0.69999999999999996,0.75394916534423828
lexical_bm25,classifier_gated,73,pleural effusion,findings,1,2,True,True,10,0,0,0,0,0,0,1,0,,0.38888888888888884,0.44444444444444442,0.31470762214959924,0,0,1,0.33333333333333331,0,0.52953463792800903,0.29999999999999993,0.36666666666666664,0.30425788677789484,0,0,1,0.40000000000000002,0,0.5521930456161499,0.25,0.23333333333333331,0.31299184065112845,1,0.16666666666666666,1,0.59999999999999998,0,0.59303605556488037
lexical_bm25,classifier_gated,78,atelectasis pleural effusion,findings,2,3,True,True,10,1,0.5,1,1,1,1,0,0,,0.83333333333333337,0.44444444444444442,0.88268031849431083,1,1,1,0,0,0.67926740646362305,0.80000000000000004,0.43333333333333329,0.84960740992542505,1,1,1,0,0,0.63952523469924927,0.68333333333333335,0.43333333333333329,0.75449855143713429,1,1,1,0,0,0.65950894355773926
lexical_bm25,classifier_gated,80,no acute abnormality,no_finding,1,3,True,True,10,1,1,1,1,1,1,0,0,,1,1,1,1,1,1,0,0.66666666666666674,0.99999982118606567,1,1,1,1,1,1,0,0.40000000000000002,0.71556150913238525,1,1,1,1,1,1,0,0.69999999999999996,0.75394916534423828
lexical_bm25,classifier_gated,113,no acute abnormality,no_finding,1,3,True,True,10,0,1,0,0,0,0,1,0,,0,1,0,0,0,0,1,0.66666666666666674,0.99999982118606567,0,1,0,0,0,0,1,0.40000000000000002,0.71556150913238525,0,1,0,0,0,0,1,0.69999999999999996,0.75394916534423828
lexical_bm25,classifier_gated,117,no acute abnormality,no_finding,1,3,True,True,10,1,1,1,1,1,1,0,0,,1,1,1,1,1,1,0,0.66666666666666674,0.99999982118606567,1,1,1,1,1,1,0,0.40000000000000002,0.71556150913238525,1,1,1,1,1,1,0,0.69999999999999996,0.75394916534423828
lexical_bm25,classifier_gated,144,enlarged cardiomediastinum,fallback_strongest_positive,1,2,True,True,10,0,0,0,0,0,0,1,0,,0.16666666666666666,0,0.11731968150568911,0,0,1,0.66666666666666663,0,0.66477137804031372,0.23333333333333331,0,0.17226010299329853,0,0,1,0.59999999999999998,0,0.680946946144104,0.16666666666666666,0,0.14491213172946191,0,0,1,0.69999999999999996,0,0.60796517133712769
lexical_bm25,classifier_gated,152,enlarged cardiomediastinum fracture,findings,2,3,True,True,10,1,0.33333333333333331,1,1,1,1,0,0,,1,0.33333333333333331,1,1,1,1,0,0,0.61660927534103394,0.76666666666666672,0.29999999999999999,0.83949577340375225,1,1,1,0,0,0.5348014235496521,0.5083333333333333,0.27500000000000002,0.73553249616226513,1,1,1,0.20000000000000001,0,0.56540399789810181
lexical_bm25,classifier_gated,160,lung opacity,findings,1,2,True,True,10,0,0,0,0,0,0,1,0,,0.5,0.5,0.41340159247155434,1,0.5,1,0.33333333333333331,0,0.71375292539596558,0.69999999999999996,0.69999999999999996,0.57604974340797988,1,0.5,1,0.20000000000000001,0,0.72270810604095459,0.51666666666666661,0.51666666666666661,0.49298963354937758,1,0.5,1,0.20000000000000001,0,0.71254485845565796
lexical_bm25,classifier_gated,188,cardiomegaly pleural effusion,findings,2,3,True,True,10,0,0.5,0,0,0,0,1,0,,0,0.5,0,0,0,0,1,0,0.72067475318908691,0.050000000000000003,0.59999999999999998,0.032801269378085446,0,0,0.33333333333333331,0.80000000000000004,0,0.74825650453567505,0.025000000000000001,0.53333333333333333,0.021629805732731901,0,0,0.33333333333333331,0.90000000000000002,0,0.68153214454650879
lexical_bm25,classifier_gated,189,no acute abnormality,no_finding,1,3,True,True,10,0,1,0,0,0,0,1,0,,0,1,0,0,0,0,1,0.66666666666666674,0.99999982118606567,0,1,0,0,0,0,1,0.40000000000000002,0.71556150913238525,0,1,0,0,0,0,1,0.69999999999999996,0.75394916534423828
lexical_bm25,classifier_gated,195,pneumonia,fallback_strongest_positive,1,1,True,True,10,0,0,0,0,0,0,1,0,,0.33333333333333331,0,0.23463936301137822,1,0.33333333333333331,1,0.66666666666666663,0,0.58168119192123413,0.40000000000000002,0.050000000000000003,0.31564845247951451,1,0.33333333333333331,1,0.59999999999999998,0,0.6264607310295105,0.5,0.125,0.4138836150091173,1,0.33333333333333331,1,0.5,0,0.68054014444351196
lexical_bm25,classifier_gated,210,,empty,0,0,False,True,0,,,,,,,,,,,,,,,,,,,,,,,,,,,,,,,,,,,,
lexical_bm25,classifier_gated,218,,empty,0,0,False,True,0,,,,,,,,,,,,,,,,,,,,,,,,,,,,,,,,,,,,
lexical_bm25,classifier_gated,220,lung opacity pneumonia pleural abnormality,findings,3,5,True,True,10,0,0.33333333333333331,0,0,0,0,1,0,,0,0.22222222222222221,0,0,0,0,1,0,0.69373434782028198,0,0.26666666666666666,0,0,0,0,1,0,0.71400034427642822,0,0.2583333333333333,0,0,0,0,1,0,0.68486881256103516
lexical_bm25,classifier_gated,222,no acute abnormality,no_finding,1,3,True,True,10,1,1,1,1,1,1,0,0,,1,1,1,1,1,1,0,0.66666666666666674,0.99999982118606567,1,1,1,1,1,1,0,0.40000000000000002,0.71556150913238525,1,1,1,1,1,1,0,0.69999999999999996,0.75394916534423828
lexical_bm25,classifier_gated,229,no acute abnormality,no_finding,1,3,True,True,10,0,1,0,0,0,0,1,0,,0,1,0,0,0,0,1,0.66666666666666674,0.99999982118606567,0,1,0,0,0,0,1,0.40000000000000002,0.71556150913238525,0,1,0,0,0,0,1,0.69999999999999996,0.75394916534423828
lexical_bm25,classifier_gated,239,,empty,0,0,False,True,0,,,,,,,,,,,,,,,,,,,,,,,,,,,,,,,,,,,,
lexical_bm25,classifier_gated,249,lung lesion,findings,1,2,True,True,10,0,0,0,0,0,0,1,0,,0,0,0,0,0,0,1,0,0.51725125312805176,0.20000000000000001,0.20000000000000001,0.14606834984270645,1,0.25,1,0.80000000000000004,0,0.54078376293182373,0.11666666666666667,0.11666666666666667,0.106360234692347,1,0.25,1,0.80000000000000004,0,0.57630133628845215
lexical_bm25,classifier_gated,266,cardiomegaly,findings,1,1,True,True,10,1,1,1,1,1,1,0,0,,0.77777777777777768,0.77777777777777768,0.80261205935608981,1,1,1,0,0,0.73306912183761597,0.86666666666666659,0.86666666666666659,0.85734249017698161,1,1,1,0,0,0.71242028474807739,0.88333333333333319,0.88333333333333319,0.87074307636795034,1,1,1,0,0,0.70612478256225586
lexical_bm25,classifier_gated,268,consolidation pneumonia,findings,2,2,True,True,10,0,0,0,0,0,0,1,0,,0.22222222222222221,0.22222222222222221,0.19738794064391013,0,0,1,0.66666666666666663,0,0.58733707666397095,0.13333333333333333,0.13333333333333333,0.14265750982301836,0,0,1,0.80000000000000004,0,0.66169446706771851,0.10000000000000001,0.16666666666666666,0.1187077189085948,0,0,1,0.80000000000000004,0,0.61835122108459473
lexical_bm25,classifier_gated,278,no acute abnormality,no_finding,1,3,True,True,10,0,1,0,0,0,0,1,0,,0,1,0,0,0,0,1,0.66666666666666674,0.99999982118606567,0,1,0,0,0,0,1,0.40000000000000002,0.71556150913238525,0,1,0,0,0,0,1,0.69999999999999996,0.75394916534423828
lexical_bm25,classifier_gated,290,no acute abnormality,no_finding,1,3,True,True,10,0,1,0,0,0,0,1,0,,0,1,0,0,0,0,1,0.66666666666666674,0.99999982118606567,0,1,0,0,0,0,1,0.40000000000000002,0.71556150913238525,0,1,0,0,0,0,1,0.69999999999999996,0.75394916534423828
lexical_bm25,classifier_gated,297,,empty,0,0,False,True,0,,,,,,,,,,,,,,,,,,,,,,,,,,,,,,,,,,,,
lexical_bm25,classifier_gated,298,no acute abnormality,no_finding,1,3,True,True,10,1,1,1,1,1,1,0,0,,1,1,1,1,1,1,0,0.66666666666666674,0.99999982118606567,1,1,1,1,1,1,0,0.40000000000000002,0.71556150913238525,1,1,1,1,1,1,0,0.69999999999999996,0.75394916534423828
lexical_bm25,classifier_gated,310,no acute abnormality,no_finding,1,3,True,True,10,1,1,1,1,1,1,0,0,,1,1,1,1,1,1,0,0.66666666666666674,0.99999982118606567,1,1,1,1,1,1,0,0.40000000000000002,0.71556150913238525,1,1,1,1,1,1,0,0.69999999999999996,0.75394916534423828
lexical_bm25,classifier_gated,317,fracture,fallback_strongest_positive,1,1,True,True,10,0,1,0,0,0,0,1,0,,0,0.66666666666666663,0,0,0,0,1,0,0.59695583581924438,0,0.66666666666666674,0,0,0,0,1,0,0.56320726871490479,0.20000000000000001,0.3833333333333333,0.12987501165334078,1,0.1111111111111111,1,0.80000000000000004,0,0.59001177549362183
lexical_bm25,classifier_gated,325,no acute abnormality,no_finding,1,3,True,True,10,1,1,1,1,1,1,0,0,,1,1,1,1,1,1,0,0.66666666666666674,0.99999982118606567,1,1,1,1,1,1,0,0.40000000000000002,0.71556150913238525,1,1,1,1,1,1,0,0.69999999999999996,0.75394916534423828
lexical_bm25,classifier_gated,332,no acute abnormality,no_finding,1,3,True,True,10,0,1,0,0,0,0,1,0,,0,1,0,0,0,0,1,0.66666666666666674,0.99999982118606567,0,1,0,0,0,0,1,0.40000000000000002,0.71556150913238525,0,1,0,0,0,0,1,0.69999999999999996,0.75394916534423828
lexical_bm25,classifier_gated,335,support device,findings,1,2,True,True,10,1,1,1,1,1,1,0,0,,1,1,1,1,1,1,0,0,0.45086362957954407,1,1,1,1,1,1,0,0,0.55285274982452393,0.72499999999999998,0.72499999999999998,0.81318000494387221,1,1,1,0.10000000000000001,0,0.51251065731048584
lexical_bm25,classifier_gated,337,,empty,0,0,False,True,0,,,,,,,,,,,,,,,,,,,,,,,,,,,,,,,,,,,,
lexical_bm25,classifier_gated,338,no acute abnormality,no_finding,1,3,True,True,10,1,1,1,1,1,1,0,0,,1,1,1,1,1,1,0,0.66666666666666674,0.99999982118606567,1,1,1,1,1,1,0,0.40000000000000002,0.71556150913238525,1,1,1,1,1,1,0,0.69999999999999996,0.75394916534423828
lexical_bm25,classifier_gated,368,no acute abnormality,no_finding,1,3,True,True,10,1,1,1,1,1,1,0,0,,1,1,1,1,1,1,0,0.66666666666666674,0.99999982118606567,1,1,1,1,1,1,0,0.40000000000000002,0.71556150913238525,1,1,1,1,1,1,0,0.69999999999999996,0.75394916534423828
lexical_bm25,classifier_gated,373,no acute abnormality,no_finding,1,3,True,True,10,1,1,1,1,1,1,0,0,,1,1,1,1,1,1,0,0.66666666666666674,0.99999982118606567,1,1,1,1,1,1,0,0.40000000000000002,0.71556150913238525,1,1,1,1,1,1,0,0.69999999999999996,0.75394916534423828
lexical_bm25,classifier_gated,382,lung opacity pneumothorax,findings,2,3,True,True,10,0,0,0,0,0,0,1,0,,0.5,0.27777777777777773,0.41340159247155434,1,0.5,1,0.33333333333333331,0,0.71375292539596558,0.69999999999999996,0.36666666666666664,0.57604974340797988,1,0.5,1,0.20000000000000001,0,0.72270810604095459,0.5,0.28333333333333333,0.47954200701644856,1,0.5,1,0.29999999999999999,0,0.69288796186447144
lexical_bm25,classifier_gated,388,,empty,0,0,False,True,0,,,,,,,,,,,,,,,,,,,,,,,,,,,,,,,,,,,,
lexical_bm25,classifier_gated,392,support device,findings,1,2,True,True,10,1,1,1,1,1,1,0,0,,1,1,1,1,1,1,0,0,0.45086362957954407,1,1,1,1,1,1,0,0,0.55285274982452393,0.72499999999999998,0.72499999999999998,0.81318000494387221,1,1,1,0.10000000000000001,0,0.51251065731048584
lexical_bm25,classifier_gated,406,no acute abnormality,no_finding,1,3,True,True,10,0,1,0,0,0,0,1,0,,0,1,0,0,0,0,1,0.66666666666666674,0.99999982118606567,0,1,0,0,0,0,1,0.40000000000000002,0.71556150913238525,0,1,0,0,0,0,1,0.69999999999999996,0.75394916534423828
lexical_bm25,classifier_gated,407,no acute abnormality,no_finding,1,3,True,True,10,1,1,1,1,1,1,0,0,,1,1,1,1,1,1,0,0.66666666666666674,0.99999982118606567,1,1,1,1,1,1,0,0.40000000000000002,0.71556150913238525,1,1,1,1,1,1,0,0.69999999999999996,0.75394916534423828
lexical_bm25,classifier_gated,419,no acute abnormality,no_finding,1,3,True,True,10,1,1,1,1,1,1,0,0,,1,1,1,1,1,1,0,0.66666666666666674,0.99999982118606567,1,1,1,1,1,1,0,0.40000000000000002,0.71556150913238525,1,1,1,1,1,1,0,0.69999999999999996,0.75394916534423828
lexical_bm25,classifier_gated,427,no acute abnormality,no_finding,1,3,True,True,10,1,1,1,1,1,1,0,0,,1,1,1,1,1,1,0,0.66666666666666674,0.99999982118606567,1,1,1,1,1,1,0,0.40000000000000002,0.71556150913238525,1,1,1,1,1,1,0,0.69999999999999996,0.75394916534423828
lexical_bm25,classifier_gated,430,,empty,0,0,False,True,0,,,,,,,,,,,,,,,,,,,,,,,,,,,,,,,,,,,,
lexical_bm25,classifier_gated,436,lung opacity consolidation,findings,2,3,True,True,10,0,0.33333333333333331,0,0,0,0,1,0,,0,0.27777777777777773,0,0,0,0,1,0,0.71375304460525513,0.066666666666666666,0.31666666666666665,0.048689449947568818,0,0,1,0.80000000000000004,0,0.71555250883102417,0.033333333333333333,0.30833333333333335,0.031596121456516933,0,0,1,0.90000000000000002,0,0.6946292519569397
lexical_bm25,classifier_gated,438,no acute abnormality,no_finding,1,3,True,True,10,1,1,1,1,1,1,0,0,,1,1,1,1,1,1,0,0.66666666666666674,0.99999982118606567,1,1,1,1,1,1,0,0.40000000000000002,0.71556150913238525,1,1,1,1,1,1,0,0.69999999999999996,0.75394916534423828
lexical_bm25,classifier_gated,441,fracture,fallback_strongest_positive,1,1,True,True,10,0,1,0,0,0,0,1,0,,0,0.66666666666666663,0,0,0,0,1,0,0.59695583581924438,0,0.66666666666666674,0,0,0,0,1,0,0.56320726871490479,0.050000000000000003,0.3833333333333333,0.03668196104968003,0,0,1,0.90000000000000002,0,0.59001177549362183
lexical_bm25,classifier_gated,450,no acute abnormality,no_finding,1,3,True,True,10,1,1,1,1,1,1,0,0,,1,1,1,1,1,1,0,0.66666666666666674,0.99999982118606567,1,1,1,1,1,1,0,0.40000000000000002,0.71556150913238525,1,1,1,1,1,1,0,0.69999999999999996,0.75394916534423828
lexical_bm25,classifier_gated,481,support device,findings,1,2,True,True,10,1,1,1,1,1,1,0,0,,1,1,1,1,1,1,0,0,0.45086362957954407,1,1,1,1,1,1,0,0,0.55285274982452393,0.72499999999999998,0.72499999999999998,0.81318000494387221,1,1,1,0.10000000000000001,0,0.51251065731048584
lexical_bm25,classifier_gated,483,atelectasis,fallback_strongest_positive,1,1,True,True,10,0.33333333333333331,0.33333333333333331,0.33333333333333331,0,0,1,0,0,,0.1111111111111111,0.44444444444444442,0.15642624200758548,0,0,1,0.66666666666666663,0,0.6185038685798645,0.066666666666666666,0.56666666666666665,0.11305340175787204,0,0,1,0.80000000000000004,0,0.61692237854003906,0.033333333333333333,0.68333333333333335,0.07336392209936006,0,0,1,0.90000000000000002,0,0.6786266565322876
lexical_bm25,classifier_gated,499,fracture,fallback_strongest_positive,1,1,True,True,10,0,1,0,0,0,0,1,0,,0,0.66666666666666663,0,0,0,0,1,0,0.59695583581924438,0,0.66666666666666674,0,0,0,0,1,0,0.56320726871490479,0.20000000000000001,0.3833333333333333,0.12987501165334078,1,0.1111111111111111,1,0.80000000000000004,0,0.59001177549362183
lexical_bm25,classifier_gated,501,pneumonia,fallback_strongest_positive,1,1,True,True,10,0,0,0,0,0,0,1,0,,0,0,0,0,0,0,1,0,0.58168119192123413,0.050000000000000003,0.050000000000000003,0.032801269378085446,0,0,1,0.80000000000000004,0,0.6264607310295105,0.025000000000000001,0.125,0.021285779410405253,0,0,1,0.90000000000000002,0,0.68054014444351196
lexical_bm25,classifier_gated,504,atelectasis,findings,1,1,True,True,10,0.66666666666666663,0.33333333333333331,0.66666666666666663,0,0,1,0,0,,0.88888888888888884,0.44444444444444442,0.84357375799241441,1,0.5,1,0,0,0.6185038685798645,0.83333333333333326,0.56666666666666665,0.81391242332077474,1,0.5,1,0,0,0.61692237854003906,0.76666666666666661,0.68333333333333335,0.77155040607737102,1,0.5,1,0,0,0.6786266565322876
lexical_bm25,classifier_gated,505,pleural abnormality fracture,findings,2,3,True,True,10,0,0.5,0,0,0,0,1,0,,0.33333333333333331,0.33333333333333331,0.23463936301137822,1,0.33333333333333331,1,0.66666666666666663,0,0.60020560026168823,0.59999999999999998,0.20000000000000001,0.44685352999185629,1,0.33333333333333331,1,0.40000000000000002,0.40000000000000002,0.73749804496765137,0.40000000000000002,0.23333333333333331,0.36837563413888724,1,0.33333333333333331,1,0.59999999999999998,0.30000000000000004,0.72422975301742554
lexical_bm25,classifier_gated,508,no acute abnormality,no_finding,1,3,True,True,10,1,1,1,1,1,1,0,0,,1,1,1,1,1,1,0,0.66666666666666674,0.99999982118606567,1,1,1,1,1,1,0,0.40000000000000002,0.71556150913238525,1,1,1,1,1,1,0,0.69999999999999996,0.75394916534423828
lexical_bm25,classifier_gated,514,no acute abnormality,no_finding,1,3,True,True,10,1,1,1,1,1,1,0,0,,1,1,1,1,1,1,0,0.66666666666666674,0.99999982118606567,1,1,1,1,1,1,0,0.40000000000000002,0.71556150913238525,1,1,1,1,1,1,0,0.69999999999999996,0.75394916534423828
lexical_bm25,classifier_gated,522,fracture,findings,1,1,True,True,10,0,1,0,0,0,0,1,0,,0,0.66666666666666663,0,0,0,0,1,0,0.59695583581924438,0.066666666666666666,0.66666666666666674,0.043735025837447261,0,0,1,0.80000000000000004,0,0.56320726871490479,0.033333333333333333,0.3833333333333333,0.028381039213873666,0,0,1,0.90000000000000002,0,0.59001177549362183
lexical_bm25,classifier_gated,530,cardiomegaly,fallback_strongest_positive,1,1,True,True,10,1,1,1,1,1,1,0,0,,0.77777777777777768,0.77777777777777768,0.80261205935608981,1,1,1,0,0,0.73306912183761597,0.86666666666666659,0.86666666666666659,0.85734249017698161,1,1,1,0,0,0.71242028474807739,0.88333333333333319,0.88333333333333319,0.87074307636795034,1,1,1,0,0,0.70612478256225586
lexical_bm25,classifier_gated,546,cardiomegaly pleural effusion,findings,2,3,True,True,10,0,0.5,0,0,0,0,1,0,,0,0.5,0,0,0,0,1,0,0.72067475318908691,0.10000000000000001,0.59999999999999998,0.065602538756170892,0,0,1,0.80000000000000004,0,0.74825650453567505,0.050000000000000003,0.53333333333333333,0.045528035918548072,0,0,1,0.90000000000000002,0,0.68153214454650879
lexical_bm25,classifier_gated,569,pneumothorax pleural abnormality,findings,2,3,True,True,10,0,0,0,0,0,0,1,0,,0,0,0,0,0,0,1,0.66666666666666674,0.99999982118606567,0,0,0,0,0,0,1,0.40000000000000002,0.76180285215377808,0,0,0,0,0,0,1,0.5,0.72878849506378174
lexical_bm25,classifier_gated,573,lung opacity,fallback_strongest_positive,1,2,True,True,10,0,0,0,0,0,0,1,0,,0.27777777777777773,0.5,0.22625407648672535,0,0,0.5,0.33333333333333331,0,0.71375292539596558,0.36666666666666664,0.69999999999999996,0.3021565469237239,0,0,0.5,0.20000000000000001,0,0.72270810604095459,0.29999999999999999,0.51666666666666661,0.2791350739313902,0,0,0.5,0.20000000000000001,0,0.71254485845565796
lexical_bm25,classifier_gated,579,no acute abnormality,no_finding,1,3,True,True,10,1,1,1,1,1,1,0,0,,1,1,1,1,1,1,0,0.66666666666666674,0.99999982118606567,1,1,1,1,1,1,0,0.40000000000000002,0.71556150913238525,1,1,1,1,1,1,0,0.69999999999999996,0.75394916534423828
lexical_bm25,classifier_gated,582,no acute abnormality,no_finding,1,3,True,True,10,1,1,1,1,1,1,0,0,,1,1,1,1,1,1,0,0.66666666666666674,0.99999982118606567,1,1,1,1,1,1,0,0.40000000000000002,0.71556150913238525,1,1,1,1,1,1,0,0.69999999999999996,0.75394916534423828
lexical_bm25,classifier_gated,584,no acute abnormality,no_finding,1,3,True,True,10,1,1,1,1,1,1,0,0,,1,1,1,1,1,1,0,0.66666666666666674,0.99999982118606567,1,1,1,1,1,1,0,0.40000000000000002,0.71556150913238525,1,1,1,1,1,1,0,0.69999999999999996,0.75394916534423828
lexical_bm25,classifier_gated,586,cardiomegaly lung opacity consolidation pneumonia,findings,4,5,True,True,10,1,0.40000000000000002,1,1,1,1,0,0,,0.52777777777777779,0.28333333333333338,0.62663253709755606,1,1,1,0,0,0.59367090463638306,0.58333333333333326,0.29999999999999999,0.63277851330423796,1,1,1,0,0,0.59071695804595947,0.48333333333333328,0.26500000000000001,0.54443577449893132,1,1,1,0,0,0.60098350048065186
lexical_bm25,classifier_gated,601,lung opacity consolidation pneumonia,findings,3,4,True,True,10,0.5,0.33333333333333331,0.5,0,0,0.5,0,0,,0.44444444444444442,0.30555555555555552,0.46089343949810357,0,0,0.5,0,0,0.74164789915084839,0.36666666666666664,0.25,0.39870247463917874,0,0,0.5,0.20000000000000001,0,0.68557149171829224,0.375,0.34499999999999997,0.39487049637706872,0,0,0.5,0.10000000000000001,0,0.71306973695755005
lexical_bm25,classifier_gated,608,fracture,findings,1,1,True,True,10,1,1,1,1,1,1,0,0,,0.66666666666666663,0.66666666666666663,0.76536063698862167,1,1,1,0.33333333333333331,0,0.59695583581924438,0.66666666666666674,0.66666666666666674,0.74294984568829736,1,1,1,0.20000000000000001,0,0.56320726871490479,0.3833333333333333,0.3833333333333333,0.5168392247234479,1,1,1,0.5,0,0.59001177549362183
lexical_bm25,classifier_gated,618,no acute abnormality,no_finding,1,3,True,True,10,1,1,1,1,1,1,0,0,,1,1,1,1,1,1,0,0.66666666666666674,0.99999982118606567,1,1,1,1,1,1,0,0.40000000000000002,0.71556150913238525,1,1,1,1,1,1,0,0.69999999999999996,0.75394916534423828
lexical_bm25,classifier_gated,661,pleural effusion,fallback_strongest_positive,1,2,True,True,10,0,0,0,0,0,0,1,0,,0,0.44444444444444442,0,0,0,0,1,0,0.52953463792800903,0,0.36666666666666664,0,0,0,0,1,0,0.5521930456161499,0,0.23333333333333331,0,0,0,0,1,0,0.59303605556488037
lexical_bm25,classifier_gated,665,cardiomegaly,findings,1,1,True,True,10,1,1,1,1,1,1,0,0,,0.77777777777777768,0.77777777777777768,0.80261205935608981,1,1,1,0,0,0.73306912183761597,0.86666666666666659,0.86666666666666659,0.85734249017698161,1,1,1,0,0,0.71242028474807739,0.88333333333333319,0.88333333333333319,0.87074307636795034,1,1,1,0,0,0.70612478256225586
lexical_bm25,classifier_gated,668,atelectasis,findings,1,1,True,True,10,0,0.33333333333333331,0,0,0,0,1,0,,0,0.44444444444444442,0,0,0,0,1,0,0.6185038685798645,0,0.56666666666666665,0,0,0,0,1,0,0.61692237854003906,0,0.68333333333333335,0,0,0,0,1,0,0.6786266565322876
lexical_bm25,classifier_gated,672,lung opacity pneumonia,findings,2,3,True,True,10,0,0.5,0,0,0,0,1,0,,0,0.33333333333333331,0,0,0,0,1,0,0.69373434782028198,0,0.40000000000000002,0,0,0,0,1,0,0.71400034427642822,0,0.48333333333333339,0,0,0,0,1,0,0.71051746606826782
lexical_bm25,classifier_gated,683,fracture,fallback_strongest_positive,1,1,True,True,10,0,1,0,0,0,0,1,0,,0,0.66666666666666663,0,0,0,0,1,0,0.59695583581924438,0,0.66666666666666674,0,0,0,0,1,0,0.56320726871490479,0.20000000000000001,0.3833333333333333,0.12987501165334078,1,0.1111111111111111,1,0.80000000000000004,0,0.59001177549362183
lexical_bm25,classifier_gated,688,atelectasis,findings,1,1,True,True,10,0.5,0.33333333333333331,0.5,0,0,0.66666666666666663,0,0,,0.61111111111111105,0.44444444444444442,0.62512317134487749,0,0,0.66666666666666663,0,0,0.6185038685798645,0.56666666666666665,0.56666666666666665,0.63993695213225388,0,0,0.66666666666666663,0,0,0.61692237854003906,0.51666666666666661,0.68333333333333335,0.65546725371576198,0,0,0.66666666666666663,0,0,0.6786266565322876
lexical_bm25,classifier_gated,689,lung lesion,findings,1,2,True,True,10,0,0,0,0,0,0,1,0,,0,0,0,0,0,0,1,0,0.51725125312805176,0.20000000000000001,0.20000000000000001,0.14606834984270645,1,0.25,1,0.80000000000000004,0,0.54078376293182373,0.11666666666666667,0.11666666666666667,0.106360234692347,1,0.25,1,0.80000000000000004,0,0.57630133628845215
lexical_bm25,classifier_gated,691,fracture,fallback_strongest_positive,1,1,True,True,10,0,1,0,0,0,0,1,0,,0,0.66666666666666663,0,0,0,0,1,0,0.59695583581924438,0,0.66666666666666674,0,0,0,0,1,0,0.56320726871490479,0.20000000000000001,0.3833333333333333,0.12987501165334078,1,0.1111111111111111,1,0.80000000000000004,0,0.59001177549362183
lexical_bm25,classifier_gated,699,,empty,0,0,False,True,0,,,,,,,,,,,,,,,,,,,,,,,,,,,,,,,,,,,,
lexical_bm25,classifier_gated,709,fracture,findings,1,1,True,True,10,1,1,1,1,1,1,0,0,,0.66666666666666663,0.66666666666666663,0.76536063698862167,1,1,1,0.33333333333333331,0,0.59695583581924438,0.66666666666666674,0.66666666666666674,0.74294984568829736,1,1,1,0.20000000000000001,0,0.56320726871490479,0.3833333333333333,0.3833333333333333,0.5168392247234479,1,1,1,0.5,0,0.59001177549362183
lexical_bm25,classifier_gated,716,cardiomegaly,findings,1,1,True,True,10,1,1,1,1,1,1,0,0,,0.77777777777777768,0.77777777777777768,0.80261205935608981,1,1,1,0,0,0.73306912183761597,0.86666666666666659,0.86666666666666659,0.85734249017698161,1,1,1,0,0,0.71242028474807739,0.88333333333333319,0.88333333333333319,0.87074307636795034,1,1,1,0,0,0.70612478256225586
lexical_bm25,classifier_gated,725,fracture,fallback_strongest_positive,1,1,True,True,10,0,1,0,0,0,0,1,0,,0,0.66666666666666663,0,0,0,0,1,0,0.59695583581924438,0,0.66666666666666674,0,0,0,0,1,0,0.56320726871490479,0.20000000000000001,0.3833333333333333,0.12987501165334078,1,0.1111111111111111,1,0.80000000000000004,0,0.59001177549362183
lexical_bm25,classifier_gated,731,no acute abnormality,no_finding,1,3,True,True,10,1,1,1,1,1,1,0,0,,1,1,1,1,1,1,0,0.66666666666666674,0.99999982118606567,1,1,1,1,1,1,0,0.40000000000000002,0.71556150913238525,1,1,1,1,1,1,0,0.69999999999999996,0.75394916534423828
lexical_bm25,classifier_gated,733,support device,findings,1,2,True,True,10,1,1,1,1,1,1,0,0,,1,1,1,1,1,1,0,0,0.45086362957954407,1,1,1,1,1,1,0,0,0.55285274982452393,0.72499999999999998,0.72499999999999998,0.81318000494387221,1,1,1,0.10000000000000001,0,0.51251065731048584
lexical_bm25,classifier_gated,739,no acute abnormality,no_finding,1,3,True,True,10,1,1,1,1,1,1,0,0,,1,1,1,1,1,1,0,0.66666666666666674,0.99999982118606567,1,1,1,1,1,1,0,0.40000000000000002,0.71556150913238525,1,1,1,1,1,1,0,0.69999999999999996,0.75394916534423828
lexical_bm25,classifier_gated,744,pneumothorax,findings,1,1,True,True,10,0,0,0,0,0,0,1,0,,0.16666666666666666,0.16666666666666666,0.11731968150568911,0,0,1,0.66666666666666663,0,0.49485015869140625,0.29999999999999999,0.10000000000000001,0.2308584011611105,1,0.25,1,0.59999999999999998,0,0.59181898832321167,0.14999999999999999,0.14999999999999999,0.14981130594407085,1,0.25,1,0.80000000000000004,0.099999999999999978,0.64938950538635254
lexical_bm25,classifier_gated,756,fracture,fallback_strongest_positive,1,1,True,True,10,0,1,0,0,0,0,1,0,,0,0.66666666666666663,0,0,0,0,1,0,0.59695583581924438,0,0.66666666666666674,0,0,0,0,1,0,0.56320726871490479,0.20000000000000001,0.3833333333333333,0.12987501165334078,1,0.1111111111111111,1,0.80000000000000004,0,0.59001177549362183
lexical_bm25,classifier_gated,758,fracture,fallback_strongest_positive,1,1,True,True,10,0,1,0,0,0,0,1,0,,0,0.66666666666666663,0,0,0,0,1,0,0.59695583581924438,0,0.66666666666666674,0,0,0,0,1,0,0.56320726871490479,0.20000000000000001,0.3833333333333333,0.12987501165334078,1,0.1111111111111111,1,0.80000000000000004,0,0.59001177549362183
lexical_bm25,classifier_gated,760,lung opacity,fallback_strongest_positive,1,2,True,True,10,0,0,0,0,0,0,1,0,,0.5,0.5,0.38268031849431083,1,0.33333333333333331,1,0.33333333333333331,0,0.71375292539596558,0.5,0.69999999999999996,0.415209948681596,1,0.33333333333333331,1,0.20000000000000001,0,0.72270810604095459,0.51666666666666672,0.51666666666666661,0.45552286561921557,1,0.33333333333333331,1,0.20000000000000001,0,0.71254485845565796
lexical_bm25,classifier_gated,766,no acute abnormality,no_finding,1,3,True,True,10,1,1,1,1,1,1,0,0,,1,1,1,1,1,1,0,0.66666666666666674,0.99999982118606567,1,1,1,1,1,1,0,0.40000000000000002,0.71556150913238525,1,1,1,1,1,1,0,0.69999999999999996,0.75394916534423828
lexical_bm25,classifier_gated,793,no acute abnormality,no_finding,1,3,True,True,10,1,1,1,1,1,1,0,0,,1,1,1,1,1,1,0,0.66666666666666674,0.99999982118606567,1,1,1,1,1,1,0,0.40000000000000002,0.71556150913238525,1,1,1,1,1,1,0,0.69999999999999996,0.75394916534423828
lexical_bm25,classifier_gated,808,lung opacity,findings,1,2,True,True,10,0,0,0,0,0,0,1,0,,0.33333333333333331,0.5,0.29414784164317059,0,0,0.66666666666666663,0.33333333333333331,0,0.71375292539596558,0.33333333333333331,0.69999999999999996,0.34102761113605962,0,0,0.66666666666666663,0.20000000000000001,0,0.72270810604095459,0.35833333333333328,0.51666666666666661,0.41152214836085582,0,0,0.66666666666666663,0.20000000000000001,0,0.71254485845565796
lexical_bm25,classifier_gated,841,no acute abnormality,no_finding,1,3,True,True,10,0,1,0,0,0,0,1,0,,0,1,0,0,0,0,1,0.66666666666666674,0.99999982118606567,0,1,0,0,0,0,1,0.40000000000000002,0.71556150913238525,0,1,0,0,0,0,1,0.69999999999999996,0.75394916534423828
lexical_bm25,classifier_gated,844,no acute abnormality,no_finding,1,3,True,True,10,1,1,1,1,1,1,0,0,,1,1,1,1,1,1,0,0.66666666666666674,0.99999982118606567,1,1,1,1,1,1,0,0.40000000000000002,0.71556150913238525,1,1,1,1,1,1,0,0.69999999999999996,0.75394916534423828
lexical_bm25,classifier_gated,847,lung opacity,fallback_strongest_positive,1,2,True,True,10,0,0,0,0,0,0,1,0,,0,0.5,0,0,0,0,1,0,0.71375292539596558,0,0.69999999999999996,0,0,0,0,1,0,0.72270810604095459,0.066666666666666666,0.51666666666666661,0.043291670551113583,0,0,1,0.80000000000000004,0,0.71254485845565796
lexical_bm25,classifier_gated,854,,empty,0,0,False,True,0,,,,,,,,,,,,,,,,,,,,,,,,,,,,,,,,,,,,
lexical_bm25,classifier_gated,867,fracture,fallback_strongest_positive,1,1,True,True,10,0,1,0,0,0,0,1,0,,0,0.66666666666666663,0,0,0,0,1,0,0.59695583581924438,0,0.66666666666666674,0,0,0,0,1,0,0.56320726871490479,0,0.3833333333333333,0,0,0,0,1,0,0.59001177549362183
lexical_bm25,classifier_gated,868,lung lesion,fallback_strongest_positive,1,2,True,True,10,0,0,0,0,0,0,1,0,,0,0,0,0,0,0,1,0,0.51725125312805176,0,0.20000000000000001,0,0,0,0,1,0,0.54078376293182373,0.21666666666666665,0.11666666666666667,0.152919971435549,0,0,1,0.5,0,0.57630133628845215
lexical_bm25,classifier_gated,882,no acute abnormality,no_finding,1,3,True,True,10,1,1,1,1,1,1,0,0,,1,1,1,1,1,1,0,0.66666666666666674,0.99999982118606567,1,1,1,1,1,1,0,0.40000000000000002,0.71556150913238525,1,1,1,1,1,1,0,0.69999999999999996,0.75394916534423828
lexical_bm25,classifier_gated,906,no acute abnormality,no_finding,1,3,True,True,10,0,1,0,0,0,0,1,0,,0,1,0,0,0,0,1,0.66666666666666674,0.99999982118606567,0,1,0,0,0,0,1,0.40000000000000002,0.71556150913238525,0,1,0,0,0,0,1,0.69999999999999996,0.75394916534423828
lexical_bm25,classifier_gated,912,no acute abnormality,no_finding,1,3,True,True,10,1,1,1,1,1,1,0,0,,1,1,1,1,1,1,0,0.66666666666666674,0.99999982118606567,1,1,1,1,1,1,0,0.40000000000000002,0.71556150913238525,1,1,1,1,1,1,0,0.69999999999999996,0.75394916534423828
lexical_bm25,classifier_gated,929,lung lesion fracture,findings,2,3,True,True,10,0,0,0,0,0,0,1,0,,0.047619047619047616,0.1111111111111111,0.033519909001625457,0,0,0.5,0.66666666666666663,0,0.61483389139175415,0.028571428571428571,0.16666666666666666,0.024225728948115435,0,0,0.5,0.80000000000000004,0,0.56639373302459717,0.047619047619047616,0.29999999999999999,0.040175481149649556,0,0,1,0.80000000000000004,0,0.52785992622375488
lexical_bm25,classifier_gated,937,no acute abnormality,no_finding,1,3,True,True,10,1,1,1,1,1,1,0,0,,1,1,1,1,1,1,0,0.66666666666666674,0.99999982118606567,1,1,1,1,1,1,0,0.40000000000000002,0.71556150913238525,1,1,1,1,1,1,0,0.69999999999999996,0.75394916534423828
lexical_bm25,classifier_gated,940,no acute abnormality,no_finding,1,3,True,True,10,1,1,1,1,1,1,0,0,,1,1,1,1,1,1,0,0.66666666666666674,0.99999982118606567,1,1,1,1,1,1,0,0.40000000000000002,0.71556150913238525,1,1,1,1,1,1,0,0.69999999999999996,0.75394916534423828
lexical_bm25,classifier_gated,941,fracture,findings,1,1,True,True,10,0,1,0,0,0,0,1,0,,0,0.66666666666666663,0,0,0,0,1,0,0.59695583581924438,0,0.66666666666666674,0,0,0,0,1,0,0.56320726871490479,0.20000000000000001,0.3833333333333333,0.12987501165334078,1,0.1111111111111111,1,0.80000000000000004,0,0.59001177549362183
lexical_bm25,classifier_gated,955,consolidation pneumonia,findings,2,2,True,True,10,0,0,0,0,0,0,1,0,,0,0.22222222222222221,0,0,0,0,1,0,0.58733707666397095,0,0.13333333333333333,0,0,0,0,1,0,0.66169446706771851,0,0.16666666666666666,0,0,0,0,1,0,0.61835122108459473
lexical_bm25,classifier_gated,959,lung opacity,fallback_strongest_positive,1,2,True,True,10,0,0,0,0,0,0,1,0,,0.5,0.5,0.41340159247155434,1,0.5,1,0.33333333333333331,0,0.71375292539596558,0.69999999999999996,0.69999999999999996,0.57604974340797988,1,0.5,1,0.20000000000000001,0,0.72270810604095459,0.51666666666666661,0.51666666666666661,0.49298963354937758,1,0.5,1,0.20000000000000001,0,0.71254485845565796
lexical_bm25,classifier_gated,961,no acute abnormality,no_finding,1,3,True,True,10,0,1,0,0,0,0,1,0,,0,1,0,0,0,0,1,0.66666666666666674,0.99999982118606567,0,1,0,0,0,0,1,0.40000000000000002,0.71556150913238525,0,1,0,0,0,0,1,0.69999999999999996,0.75394916534423828
lexical_bm25,classifier_gated,962,no acute abnormality,no_finding,1,3,True,True,10,1,1,1,1,1,1,0,0,,1,1,1,1,1,1,0,0.66666666666666674,0.99999982118606567,1,1,1,1,1,1,0,0.40000000000000002,0.71556150913238525,1,1,1,1,1,1,0,0.69999999999999996,0.75394916534423828
lexical_bm25,classifier_gated,972,enlarged cardiomediastinum,fallback_strongest_positive,1,2,True,True,10,0,0,0,0,0,0,1,0,,0.16666666666666666,0,0.11731968150568911,0,0,1,0.66666666666666663,0,0.66477137804031372,0.23333333333333331,0,0.17226010299329853,0,0,1,0.59999999999999998,0,0.680946946144104,0.16666666666666666,0,0.14491213172946191,0,0,1,0.69999999999999996,0,0.60796517133712769
lexical_bm25,classifier_gated,980,no acute abnormality,no_finding,1,3,True,True,10,1,1,1,1,1,1,0,0,,1,1,1,1,1,1,0,0.66666666666666674,0.99999982118606567,1,1,1,1,1,1,0,0.40000000000000002,0.71556150913238525,1,1,1,1,1,1,0,0.69999999999999996,0.75394916534423828
lexical_bm25,classifier_gated,981,cardiomegaly,findings,1,1,True,True,10,1,1,1,1,1,1,0,0,,0.77777777777777768,0.77777777777777768,0.80261205935608981,1,1,1,0,0,0.73306912183761597,0.86666666666666659,0.86666666666666659,0.85734249017698161,1,1,1,0,0,0.71242028474807739,0.88333333333333319,0.88333333333333319,0.87074307636795034,1,1,1,0,0,0.70612478256225586
lexical_bm25,classifier_gated,984,no acute abnormality,no_finding,1,3,True,True,10,0,1,0,0,0,0,1,0,,0,1,0,0,0,0,1,0.66666666666666674,0.99999982118606567,0,1,0,0,0,0,1,0.40000000000000002,0.71556150913238525,0,1,0,0,0,0,1,0.69999999999999996,0.75394916534423828
lexical_bm25,classifier_gated,1014,,empty,0,0,False,True,0,,,,,,,,,,,,,,,,,,,,,,,,,,,,,,,,,,,,
lexical_bm25,classifier_gated,1049,support device,findings,1,2,True,True,10,0,1,0,0,0,0,1,0,,0,1,0,0,0,0,1,0,0.45086362957954407,0,1,0,0,0,0,1,0,0.55285274982452393,0.10000000000000001,0.72499999999999998,0.066254223454389041,1,0.1111111111111111,1,0.90000000000000002,0,0.51251065731048584
lexical_bm25,classifier_gated,1055,no acute abnormality,no_finding,1,3,True,True,10,1,1,1,1,1,1,0,0,,1,1,1,1,1,1,0,0.66666666666666674,0.99999982118606567,1,1,1,1,1,1,0,0.40000000000000002,0.71556150913238525,1,1,1,1,1,1,0,0.69999999999999996,0.75394916534423828
lexical_bm25,classifier_gated,1064,pleural effusion,findings,1,2,True,True,10,0,0,0,0,0,0,1,0,,0.22222222222222221,0.44444444444444442,0.19738794064391013,0,0,1,0.66666666666666663,0,0.52953463792800903,0.20000000000000001,0.36666666666666664,0.19134695977058716,0,0,1,0.59999999999999998,0,0.5521930456161499,0.13333333333333333,0.23333333333333331,0.15030384036511174,0,0,1,0.69999999999999996,0,0.59303605556488037
lexical_bm25,classifier_gated,1079,atelectasis,fallback_strongest_positive,1,1,True,True,10,0.33333333333333331,0.33333333333333331,0.33333333333333331,0,0,1,0,0,,0.44444444444444442,0.44444444444444442,0.4217868789962072,0,0,1,0,0,0.6185038685798645,0.56666666666666665,0.56666666666666665,0.51650747404241726,1,0.25,1,0,0,0.61692237854003906,0.68333333333333335,0.68333333333333335,0.61840371077358891,1,0.25,1,0,0,0.6786266565322876
lexical_bm25,classifier_gated,1085,no acute abnormality,no_finding,1,3,True,True,10,0,1,0,0,0,0,1,0,,0,1,0,0,0,0,1,0.66666666666666674,0.99999982118606567,0,1,0,0,0,0,1,0.40000000000000002,0.71556150913238525,0,1,0,0,0,0,1,0.69999999999999996,0.75394916534423828
lexical_bm25,classifier_gated,1125,lung opacity,fallback_strongest_positive,1,2,True,True,10,0,0,0,0,0,0,1,0,,0.27777777777777773,0.5,0.22625407648672535,0,0,0.5,0.33333333333333331,0,0.71375292539596558,0.36666666666666664,0.69999999999999996,0.3021565469237239,0,0,0.5,0.20000000000000001,0,0.72270810604095459,0.3833333333333333,0.51666666666666661,0.33324966212028218,0,0,1,0.20000000000000001,0,0.71254485845565796
lexical_bm25,classifier_gated,1159,no acute abnormality,no_finding,1,3,True,True,10,1,1,1,1,1,1,0,0,,1,1,1,1,1,1,0,0.66666666666666674,0.99999982118606567,1,1,1,1,1,1,0,0.40000000000000002,0.71556150913238525,1,1,1,1,1,1,0,0.69999999999999996,0.75394916534423828
lexical_bm25,classifier_gated,1162,no acute abnormality,no_finding,1,3,True,True,10,1,1,1,1,1,1,0,0,,1,1,1,1,1,1,0,0.66666666666666674,0.99999982118606567,1,1,1,1,1,1,0,0.40000000000000002,0.71556150913238525,1,1,1,1,1,1,0,0.69999999999999996,0.75394916534423828
lexical_bm25,classifier_gated,1191,no acute abnormality,no_finding,1,3,True,True,10,1,1,1,1,1,1,0,0,,1,1,1,1,1,1,0,0.66666666666666674,0.99999982118606567,1,1,1,1,1,1,0,0.40000000000000002,0.71556150913238525,1,1,1,1,1,1,0,0.69999999999999996,0.75394916534423828
lexical_bm25,classifier_gated,1206,fracture,findings,1,1,True,True,10,0,1,0,0,0,0,1,0,,0,0.66666666666666663,0,0,0,0,1,0,0.59695583581924438,0,0.66666666666666674,0,0,0,0,1,0,0.56320726871490479,0.20000000000000001,0.3833333333333333,0.12987501165334078,1,0.1111111111111111,1,0.80000000000000004,0,0.59001177549362183
lexical_bm25,classifier_gated,1214,lung opacity pneumonia,findings,2,3,True,True,10,0,0.5,0,0,0,0,1,0,,0,0.33333333333333331,0,0,0,0,1,0,0.69373434782028198,0,0.40000000000000002,0,0,0,0,1,0,0.71400034427642822,0.050000000000000003,0.48333333333333339,0.033127111727194521,0,0,1,0.90000000000000002,0,0.71051746606826782
lexical_bm25,classifier_gated,1226,no acute abnormality,no_finding,1,3,True,True,10,0,1,0,0,0,0,1,0,,0,1,0,0,0,0,1,0.66666666666666674,0.99999982118606567,0,1,0,0,0,0,1,0.40000000000000002,0.71556150913238525,0,1,0,0,0,0,1,0.69999999999999996,0.75394916534423828
lexical_bm25,classifier_gated,1234,cardiomegaly,fallback_strongest_positive,1,1,True,True,10,0.33333333333333331,1,0.33333333333333331,0,0,0.33333333333333331,0,0,,0.28888888888888892,0.77777777777777768,0.29385574520455127,0,0,0.33333333333333331,0,0,0.73306912183761597,0.30666666666666664,0.86666666666666659,0.31513878349772051,0,0,0.33333333333333331,0,0,0.71242028474807739,0.3116666666666667,0.88333333333333319,0.35555855031855799,0,0,0.33333333333333331,0,0,0.70612478256225586
lexical_bm25,classifier_gated,1239,no acute abnormality,no_finding,1,3,True,True,10,1,1,1,1,1,1,0,0,,1,1,1,1,1,1,0,0.66666666666666674,0.99999982118606567,1,1,1,1,1,1,0,0.40000000000000002,0.71556150913238525,1,1,1,1,1,1,0,0.69999999999999996,0.75394916534423828
lexical_bm25,classifier_gated,1260,no acute abnormality,no_finding,1,3,True,True,10,1,1,1,1,1,1,0,0,,1,1,1,1,1,1,0,0.66666666666666674,0.99999982118606567,1,1,1,1,1,1,0,0.40000000000000002,0.71556150913238525,1,1,1,1,1,1,0,0.69999999999999996,0.75394916534423828
lexical_bm25,classifier_gated,1263,no acute abnormality,no_finding,1,3,True,True,10,1,1,1,1,1,1,0,0,,1,1,1,1,1,1,0,0.66666666666666674,0.99999982118606567,1,1,1,1,1,1,0,0.40000000000000002,0.71556150913238525,1,1,1,1,1,1,0,0.69999999999999996,0.75394916534423828
lexical_bm25,classifier_gated,1277,fracture,fallback_strongest_positive,1,1,True,True,10,0,1,0,0,0,0,1,0,,0,0.66666666666666663,0,0,0,0,1,0,0.59695583581924438,0.066666666666666666,0.66666666666666674,0.043735025837447261,0,0,1,0.80000000000000004,0,0.56320726871490479,0.033333333333333333,0.3833333333333333,0.028381039213873666,0,0,1,0.90000000000000002,0,0.59001177549362183
lexical_bm25,classifier_gated,1285,pleural effusion,fallback_strongest_positive,1,2,True,True,10,0,0,0,0,0,0,1,0,,0,0.44444444444444442,0,0,0,0,1,0,0.52953463792800903,0,0.36666666666666664,0,0,0,0,1,0,0.5521930456161499,0,0.23333333333333331,0,0,0,0,1,0,0.59303605556488037
lexical_bm25,classifier_gated,1288,atelectasis,fallback_strongest_positive,1,1,True,True,10,0.33333333333333331,0.33333333333333331,0.33333333333333331,0,0,1,0,0,,0.44444444444444442,0.44444444444444442,0.4217868789962072,0,0,1,0,0,0.6185038685798645,0.36666666666666664,0.56666666666666665,0.37043912419971076,0,0,1,0.20000000000000001,0,0.61692237854003906,0.28333333333333333,0.68333333333333335,0.3082323671270511,0,0,1,0.40000000000000002,0,0.6786266565322876
lexical_bm25,classifier_gated,1294,no acute abnormality,no_finding,1,3,True,True,10,1,1,1,1,1,1,0,0,,1,1,1,1,1,1,0,0.66666666666666674,0.99999982118606567,1,1,1,1,1,1,0,0.40000000000000002,0.71556150913238525,1,1,1,1,1,1,0,0.69999999999999996,0.75394916534423828
lexical_bm25,classifier_gated,1314,no acute abnormality,no_finding,1,3,True,True,10,1,1,1,1,1,1,0,0,,1,1,1,1,1,1,0,0.66666666666666674,0.99999982118606567,1,1,1,1,1,1,0,0.40000000000000002,0.71556150913238525,1,1,1,1,1,1,0,0.69999999999999996,0.75394916534423828
lexical_bm25,classifier_gated,1334,fracture,findings,1,1,True,True,10,0,1,0,0,0,0,1,0,,0,0.66666666666666663,0,0,0,0,1,0,0.59695583581924438,0,0.66666666666666674,0,0,0,0,1,0,0.56320726871490479,0.20000000000000001,0.3833333333333333,0.12987501165334078,1,0.1111111111111111,1,0.80000000000000004,0,0.59001177549362183
lexical_bm25,classifier_gated,1361,no acute abnormality,no_finding,1,3,True,True,10,0,1,0,0,0,0,1,0,,0,1,0,0,0,0,1,0.66666666666666674,0.99999982118606567,0,1,0,0,0,0,1,0.40000000000000002,0.71556150913238525,0,1,0,0,0,0,1,0.69999999999999996,0.75394916534423828
lexical_bm25,classifier_gated,1365,no acute abnormality,no_finding,1,3,True,True,10,0,1,0,0,0,0,1,0,,0,1,0,0,0,0,1,0.66666666666666674,0.99999982118606567,0,1,0,0,0,0,1,0.40000000000000002,0.71556150913238525,0,1,0,0,0,0,1,0.69999999999999996,0.75394916534423828
lexical_bm25,classifier_gated,1380,no acute abnormality,no_finding,1,3,True,True,10,1,1,1,1,1,1,0,0,,1,1,1,1,1,1,0,0.66666666666666674,0.99999982118606567,1,1,1,1,1,1,0,0.40000000000000002,0.71556150913238525,1,1,1,1,1,1,0,0.69999999999999996,0.75394916534423828
lexical_bm25,classifier_gated,1394,pneumonia,fallback_strongest_positive,1,1,True,True,10,0,0,0,0,0,0,1,0,,0,0,0,0,0,0,1,0,0.58168119192123413,0,0.050000000000000003,0,0,0,0,1,0,0.6264607310295105,0,0.125,0,0,0,0,1,0,0.68054014444351196
lexical_bm25,classifier_gated,1397,no acute abnormality,no_finding,1,3,True,True,10,1,1,1,1,1,1,0,0,,1,1,1,1,1,1,0,0.66666666666666674,0.99999982118606567,1,1,1,1,1,1,0,0.40000000000000002,0.71556150913238525,1,1,1,1,1,1,0,0.69999999999999996,0.75394916534423828
lexical_bm25,classifier_gated,1422,lung lesion consolidation pneumonia,findings,3,4,True,True,10,0,0,0,0,0,0,1,0,,0,0,0,0,0,0,1,0,0.51725125312805176,0.2533333333333333,0.11666666666666665,0.20239829939859447,0,0,1,0.59999999999999998,0,0.48194766044616699,0.24333333333333332,0.058333333333333327,0.24350096402437449,0,0,1,0.40000000000000002,0,0.53684759140014648
lexical_bm25,classifier_gated,1423,,empty,0,0,False,True,0,,,,,,,,,,,,,,,,,,,,,,,,,,,,,,,,,,,,
lexical_bm25,classifier_gated,1431,no acute abnormality,no_finding,1,3,True,True,10,1,1,1,1,1,1,0,0,,1,1,1,1,1,1,0,0.66666666666666674,0.99999982118606567,1,1,1,1,1,1,0,0.40000000000000002,0.71556150913238525,1,1,1,1,1,1,0,0.69999999999999996,0.75394916534423828
lexical_bm25,classifier_gated,1435,no acute abnormality,no_finding,1,3,True,True,10,1,1,1,1,1,1,0,0,,1,1,1,1,1,1,0,0.66666666666666674,0.99999982118606567,1,1,1,1,1,1,0,0.40000000000000002,0.71556150913238525,1,1,1,1,1,1,0,0.69999999999999996,0.75394916534423828
lexical_bm25,classifier_gated,1451,lung opacity,fallback_strongest_positive,1,2,True,True,10,0,0,0,0,0,0,1,0,,0.16666666666666666,0.5,0.11731968150568911,0,0,1,0.66666666666666663,0,0.71375292539596558,0.10000000000000001,0.69999999999999996,0.084790051318404031,0,0,1,0.80000000000000004,0,0.72270810604095459,0.16666666666666666,0.51666666666666661,0.13499657317531366,0,0,1,0.59999999999999998,0,0.71254485845565796
lexical_bm25,classifier_gated,1456,fracture,fallback_strongest_positive,1,1,True,True,10,0,1,0,0,0,0,1,0,,0,0.66666666666666663,0,0,0,0,1,0,0.59695583581924438,0,0.66666666666666674,0,0,0,0,1,0,0.56320726871490479,0.20000000000000001,0.3833333333333333,0.12987501165334078,1,0.1111111111111111,1,0.80000000000000004,0,0.59001177549362183
lexical_bm25,classifier_gated,1466,no acute abnormality,no_finding,1,3,True,True,10,1,1,1,1,1,1,0,0,,1,1,1,1,1,1,0,0.66666666666666674,0.99999982118606567,1,1,1,1,1,1,0,0.40000000000000002,0.71556150913238525,1,1,1,1,1,1,0,0.69999999999999996,0.75394916534423828
lexical_bm25,classifier_gated,1469,,empty,0,0,False,True,0,,,,,,,,,,,,,,,,,,,,,,,,,,,,,,,,,,,,
lexical_bm25,classifier_gated,1473,no acute abnormality,no_finding,1,3,True,True,10,1,1,1,1,1,1,0,0,,1,1,1,1,1,1,0,0.66666666666666674,0.99999982118606567,1,1,1,1,1,1,0,0.40000000000000002,0.71556150913238525,1,1,1,1,1,1,0,0.69999999999999996,0.75394916534423828
lexical_bm25,classifier_gated,1502,no acute abnormality,no_finding,1,3,True,True,10,1,1,1,1,1,1,0,0,,1,1,1,1,1,1,0,0.66666666666666674,0.99999982118606567,1,1,1,1,1,1,0,0.40000000000000002,0.71556150913238525,1,1,1,1,1,1,0,0.69999999999999996,0.75394916534423828
lexical_bm25,classifier_gated,1503,no acute abnormality,no_finding,1,3,True,True,10,1,1,1,1,1,1,0,0,,1,1,1,1,1,1,0,0.66666666666666674,0.99999982118606567,1,1,1,1,1,1,0,0.40000000000000002,0.71556150913238525,1,1,1,1,1,1,0,0.69999999999999996,0.75394916534423828
lexical_bm25,classifier_gated,1510,no acute abnormality,no_finding,1,3,True,True,10,1,1,1,1,1,1,0,0,,1,1,1,1,1,1,0,0.66666666666666674,0.99999982118606567,1,1,1,1,1,1,0,0.40000000000000002,0.71556150913238525,1,1,1,1,1,1,0,0.69999999999999996,0.75394916534423828
lexical_bm25,classifier_gated,1518,cardiomegaly,fallback_strongest_positive,1,1,True,True,10,0,1,0,0,0,0,1,0,,0,0.77777777777777768,0,0,0,0,1,0,0.73306912183761597,0,0.86666666666666659,0,0,0,0,1,0,0.71242028474807739,0,0.88333333333333319,0,0,0,0,1,0,0.70612478256225586
lexical_bm25,classifier_gated,1529,atelectasis,fallback_strongest_positive,1,1,True,True,10,0,0.33333333333333331,0,0,0,0,1,0,,0,0.44444444444444442,0,0,0,0,1,0,0.6185038685798645,0,0.56666666666666665,0,0,0,0,1,0,0.61692237854003906,0,0.68333333333333335,0,0,0,0,1,0,0.6786266565322876
lexical_bm25,classifier_gated,1537,no acute abnormality,no_finding,1,3,True,True,10,1,1,1,1,1,1,0,0,,1,1,1,1,1,1,0,0.66666666666666674,0.99999982118606567,1,1,1,1,1,1,0,0.40000000000000002,0.71556150913238525,1,1,1,1,1,1,0,0.69999999999999996,0.75394916534423828
lexical_bm25,classifier_gated,1545,fracture,findings,1,1,True,True,10,0,1,0,0,0,0,1,0,,0,0.66666666666666663,0,0,0,0,1,0,0.59695583581924438,0,0.66666666666666674,0,0,0,0,1,0,0.56320726871490479,0.20000000000000001,0.3833333333333333,0.12987501165334078,1,0.1111111111111111,1,0.80000000000000004,0,0.59001177549362183
lexical_bm25,classifier_gated,1556,lung opacity atelectasis,findings,2,3,True,True,10,0.5,1,0.5,0,0,1,0,0,,0.83333333333333337,0.66666666666666663,0.76536063698862167,1,0.5,1,0,0,0.69733595848083496,0.69999999999999996,0.80000000000000004,0.69178318368566771,1,0.5,1,0,0,0.68134927749633789,0.58333333333333326,0.76666666666666661,0.61539946662815892,1,0.5,1,0.10000000000000001,0,0.71335035562515259
lexical_bm25,classifier_gated,1567,no acute abnormality,no_finding,1,3,True,True,10,0,1,0,0,0,0,1,0,,0,1,0,0,0,0,1,0.66666666666666674,0.99999982118606567,0,1,0,0,0,0,1,0.40000000000000002,0.71556150913238525,0,1,0,0,0,0,1,0.69999999999999996,0.75394916534423828
lexical_bm25,classifier_gated,1581,no acute abnormality,no_finding,1,3,True,True,10,0,1,0,0,0,0,1,0,,0,1,0,0,0,0,1,0.66666666666666674,0.99999982118606567,0,1,0,0,0,0,1,0.40000000000000002,0.71556150913238525,0,1,0,0,0,0,1,0.69999999999999996,0.75394916534423828
lexical_bm25,classifier_gated,1582,no acute abnormality,no_finding,1,3,True,True,10,1,1,1,1,1,1,0,0,,1,1,1,1,1,1,0,0.66666666666666674,0.99999982118606567,1,1,1,1,1,1,0,0.40000000000000002,0.71556150913238525,1,1,1,1,1,1,0,0.69999999999999996,0.75394916534423828
lexical_bm25,classifier_gated,1595,lung opacity,fallback_strongest_positive,1,2,True,True,10,0,0,0,0,0,0,1,0,,0.27777777777777773,0.5,0.22625407648672535,0,0,0.5,0.33333333333333331,0,0.71375292539596558,0.36666666666666664,0.69999999999999996,0.3021565469237239,0,0,0.5,0.20000000000000001,0,0.72270810604095459,0.3833333333333333,0.51666666666666661,0.33324966212028218,0,0,1,0.20000000000000001,0,0.71254485845565796
lexical_bm25,classifier_gated,1616,no acute abnormality,no_finding,1,3,True,True,10,1,1,1,1,1,1,0,0,,1,1,1,1,1,1,0,0.66666666666666674,0.99999982118606567,1,1,1,1,1,1,0,0.40000000000000002,0.71556150913238525,1,1,1,1,1,1,0,0.69999999999999996,0.75394916534423828
lexical_bm25,classifier_gated,1622,no acute abnormality,no_finding,1,3,True,True,10,1,1,1,1,1,1,0,0,,1,1,1,1,1,1,0,0.66666666666666674,0.99999982118606567,1,1,1,1,1,1,0,0.40000000000000002,0.71556150913238525,1,1,1,1,1,1,0,0.69999999999999996,0.75394916534423828
lexical_bm25,classifier_gated,1623,no acute abnormality,no_finding,1,3,True,True,10,1,1,1,1,1,1,0,0,,1,1,1,1,1,1,0,0.66666666666666674,0.99999982118606567,1,1,1,1,1,1,0,0.40000000000000002,0.71556150913238525,1,1,1,1,1,1,0,0.69999999999999996,0.75394916534423828
lexical_bm25,classifier_gated,1631,no acute abnormality,no_finding,1,3,True,True,10,0,1,0,0,0,0,1,0,,0,1,0,0,0,0,1,0.66666666666666674,0.99999982118606567,0,1,0,0,0,0,1,0.40000000000000002,0.71556150913238525,0,1,0,0,0,0,1,0.69999999999999996,0.75394916534423828
lexical_bm25,classifier_gated,1647,fracture,findings,1,1,True,True,10,0,1,0,0,0,0,1,0,,0,0.66666666666666663,0,0,0,0,1,0,0.59695583581924438,0,0.66666666666666674,0,0,0,0,1,0,0.56320726871490479,0.20000000000000001,0.3833333333333333,0.12987501165334078,1,0.1111111111111111,1,0.80000000000000004,0,0.59001177549362183
lexical_bm25,classifier_gated,1655,no acute abnormality,no_finding,1,3,True,True,10,1,1,1,1,1,1,0,0,,1,1,1,1,1,1,0,0.66666666666666674,0.99999982118606567,1,1,1,1,1,1,0,0.40000000000000002,0.71556150913238525,1,1,1,1,1,1,0,0.69999999999999996,0.75394916534423828
lexical_bm25,classifier_gated,1661,fracture,findings,1,1,True,True,10,0,1,0,0,0,0,1,0,,0,0.66666666666666663,0,0,0,0,1,0,0.59695583581924438,0,0.66666666666666674,0,0,0,0,1,0,0.56320726871490479,0.20000000000000001,0.3833333333333333,0.12987501165334078,1,0.1111111111111111,1,0.80000000000000004,0,0.59001177549362183
lexical_bm25,classifier_gated,1672,no acute abnormality,no_finding,1,3,True,True,10,1,1,1,1,1,1,0,0,,1,1,1,1,1,1,0,0.66666666666666674,0.99999982118606567,1,1,1,1,1,1,0,0.40000000000000002,0.71556150913238525,1,1,1,1,1,1,0,0.69999999999999996,0.75394916534423828
lexical_bm25,classifier_gated,1707,no acute abnormality,no_finding,1,3,True,True,10,1,1,1,1,1,1,0,0,,1,1,1,1,1,1,0,0.66666666666666674,0.99999982118606567,1,1,1,1,1,1,0,0.40000000000000002,0.71556150913238525,1,1,1,1,1,1,0,0.69999999999999996,0.75394916534423828
lexical_bm25,classifier_gated,1735,fracture,findings,1,1,True,True,10,0,1,0,0,0,0,1,0,,0,0.66666666666666663,0,0,0,0,1,0,0.59695583581924438,0,0.66666666666666674,0,0,0,0,1,0,0.56320726871490479,0,0.3833333333333333,0,0,0,0,1,0,0.59001177549362183
lexical_bm25,classifier_gated,1748,no acute abnormality,no_finding,1,3,True,True,10,1,1,1,1,1,1,0,0,,1,1,1,1,1,1,0,0.66666666666666674,0.99999982118606567,1,1,1,1,1,1,0,0.40000000000000002,0.71556150913238525,1,1,1,1,1,1,0,0.69999999999999996,0.75394916534423828
lexical_bm25,classifier_gated,1751,no acute abnormality,no_finding,1,3,True,True,10,1,1,1,1,1,1,0,0,,1,1,1,1,1,1,0,0.66666666666666674,0.99999982118606567,1,1,1,1,1,1,0,0.40000000000000002,0.71556150913238525,1,1,1,1,1,1,0,0.69999999999999996,0.75394916534423828
lexical_bm25,classifier_gated,1753,pulmonary edema,fallback_strongest_positive,1,2,True,True,10,0.33333333333333331,0.33333333333333331,0.33333333333333331,0,0,1,0,0,,0.38888888888888884,0.38888888888888884,0.38268031849431083,0,0,1,0,0,0.68155890703201294,0.29999999999999993,0.29999999999999993,0.32030826084151909,0,0,1,0.20000000000000001,0,0.64853775501251221,0.38333333333333336,0.18333333333333329,0.37727241545489154,1,0.16666666666666666,1,0.20000000000000001,0,0.624947190284729
lexical_bm25,classifier_gated,1819,cardiomegaly lung opacity pulmonary edema,findings,3,5,True,True,10,0.25,0.66666666666666663,0.25,0,0,0.33333333333333331,0,0,,0.54999999999999993,0.63888888888888884,0.50725733767610559,1,0.5,1,0,0,0.70383948087692261,0.46333333333333326,0.51666666666666672,0.45903283289267094,1,0.5,1,0,0,0.66993695497512817,0.5149999999999999,0.64166666666666661,0.50157187562576411,1,0.5,1,0,0,0.65130782127380371
lexical_bm25,classifier_gated,1826,no acute abnormality,no_finding,1,3,True,True,10,1,1,1,1,1,1,0,0,,1,1,1,1,1,1,0,0.66666666666666674,0.99999982118606567,1,1,1,1,1,1,0,0.40000000000000002,0.71556150913238525,1,1,1,1,1,1,0,0.69999999999999996,0.75394916534423828
lexical_bm25,classifier_gated,1832,cardiomegaly,findings,1,1,True,True,10,0.33333333333333331,1,0.33333333333333331,0,0,0.33333333333333331,0,0,,0.38888888888888884,0.77777777777777768,0.38268031849431083,0,0,0.66666666666666663,0,0,0.73306912183761597,0.36666666666666659,0.86666666666666659,0.36899771078908794,0,0,0.66666666666666663,0,0,0.71242028474807739,0.34166666666666667,0.88333333333333319,0.35036341380397917,0,0,0.66666666666666663,0,0,0.70612478256225586
lexical_bm25,classifier_gated,1833,no acute abnormality,no_finding,1,3,True,True,10,0,1,0,0,0,0,1,0,,0,1,0,0,0,0,1,0.66666666666666674,0.99999982118606567,0,1,0,0,0,0,1,0.40000000000000002,0.71556150913238525,0,1,0,0,0,0,1,0.69999999999999996,0.75394916534423828
lexical_bm25,classifier_gated,1837,no acute abnormality,no_finding,1,3,True,True,10,1,1,1,1,1,1,0,0,,1,1,1,1,1,1,0,0.66666666666666674,0.99999982118606567,1,1,1,1,1,1,0,0.40000000000000002,0.71556150913238525,1,1,1,1,1,1,0,0.69999999999999996,0.75394916534423828
lexical_bm25,classifier_gated,1882,no acute abnormality,no_finding,1,3,True,True,10,1,1,1,1,1,1,0,0,,1,1,1,1,1,1,0,0.66666666666666674,0.99999982118606567,1,1,1,1,1,1,0,0.40000000000000002,0.71556150913238525,1,1,1,1,1,1,0,0.69999999999999996,0.75394916534423828
lexical_bm25,classifier_gated,1907,cardiomegaly,findings,1,1,True,True,10,0,1,0,0,0,0,1,0,,0,0.77777777777777768,0,0,0,0,1,0,0.73306912183761597,0,0.86666666666666659,0,0,0,0,1,0,0.71242028474807739,0,0.88333333333333319,0,0,0,0,1,0,0.70612478256225586
lexical_bm25,classifier_gated,1914,no acute abnormality,no_finding,1,3,True,True,10,0,1,0,0,0,0,1,0,,0,1,0,0,0,0,1,0.66666666666666674,0.99999982118606567,0,1,0,0,0,0,1,0.40000000000000002,0.71556150913238525,0,1,0,0,0,0,1,0.69999999999999996,0.75394916534423828
lexical_bm25,classifier_gated,1918,enlarged cardiomediastinum,fallback_strongest_positive,1,2,True,True,10,0,0,0,0,0,0,1,0,,0.16666666666666666,0,0.11731968150568911,0,0,1,0.66666666666666663,0,0.66477137804031372,0.14999999999999999,0,0.11759132069648948,0,0,1,0.59999999999999998,0,0.680946946144104,0.095000000000000001,0,0.089559565675803116,0,0,1,0.69999999999999996,0,0.60796517133712769
lexical_bm25,classifier_gated,1937,no acute abnormality,no_finding,1,3,True,True,10,1,1,1,1,1,1,0,0,,1,1,1,1,1,1,0,0.66666666666666674,0.99999982118606567,1,1,1,1,1,1,0,0.40000000000000002,0.71556150913238525,1,1,1,1,1,1,0,0.69999999999999996,0.75394916534423828
lexical_bm25,classifier_gated,1939,,empty,0,0,False,True,0,,,,,,,,,,,,,,,,,,,,,,,,,,,,,,,,,,,,
lexical_bm25,classifier_gated,1947,fracture,findings,1,1,True,True,10,0,1,0,0,0,0,1,0,,0,0.66666666666666663,0,0,0,0,1,0,0.59695583581924438,0,0.66666666666666674,0,0,0,0,1,0,0.56320726871490479,0.050000000000000003,0.3833333333333333,0.03668196104968003,0,0,1,0.90000000000000002,0,0.59001177549362183
lexical_bm25,classifier_gated,1948,no acute abnormality,no_finding,1,3,True,True,10,1,1,1,1,1,1,0,0,,1,1,1,1,1,1,0,0.66666666666666674,0.99999982118606567,1,1,1,1,1,1,0,0.40000000000000002,0.71556150913238525,1,1,1,1,1,1,0,0.69999999999999996,0.75394916534423828
lexical_bm25,classifier_gated,1960,no acute abnormality,no_finding,1,3,True,True,10,1,1,1,1,1,1,0,0,,1,1,1,1,1,1,0,0.66666666666666674,0.99999982118606567,1,1,1,1,1,1,0,0.40000000000000002,0.71556150913238525,1,1,1,1,1,1,0,0.69999999999999996,0.75394916534423828
lexical_bm25,classifier_gated,1976,lung opacity pneumonia,findings,2,3,True,True,10,1,0.5,1,1,1,1,0,0,,0.66666666666666663,0.33333333333333331,0.76536063698862167,1,1,1,0.33333333333333331,0,0.69373434782028198,0.80000000000000004,0.40000000000000002,0.83041989736319199,1,1,1,0.20000000000000001,0,0.71400034427642822,0.65000000000000002,0.48333333333333339,0.71890342803783236,1,1,1,0.20000000000000001,0,0.71051746606826782
lexical_bm25,classifier_gated,1980,no acute abnormality,no_finding,1,3,True,True,10,1,1,1,1,1,1,0,0,,1,1,1,1,1,1,0,0.66666666666666674,0.99999982118606567,1,1,1,1,1,1,0,0.40000000000000002,0.71556150913238525,1,1,1,1,1,1,0,0.69999999999999996,0.75394916534423828
lexical_bm25,classifier_gated,1988,lung opacity,findings,1,2,True,True,10,0,0,0,0,0,0,1,0,,0.27777777777777773,0.5,0.22625407648672535,0,0,0.5,0.33333333333333331,0,0.71375292539596558,0.36666666666666664,0.69999999999999996,0.3021565469237239,0,0,0.5,0.20000000000000001,0,0.72270810604095459,0.29999999999999999,0.51666666666666661,0.2989992093521931,0,0,0.5,0.20000000000000001,0,0.71254485845565796
lexical_bm25,classifier_gated,2003,no acute abnormality,no_finding,1,3,True,True,10,0,1,0,0,0,0,1,0,,0,1,0,0,0,0,1,0.66666666666666674,0.99999982118606567,0,1,0,0,0,0,1,0.40000000000000002,0.71556150913238525,0,1,0,0,0,0,1,0.69999999999999996,0.75394916534423828
lexical_bm25,classifier_gated,2006,fracture,fallback_strongest_positive,1,1,True,True,10,0,1,0,0,0,0,1,0,,0,0.66666666666666663,0,0,0,0,1,0,0.59695583581924438,0,0.66666666666666674,0,0,0,0,1,0,0.56320726871490479,0.10000000000000001,0.3833333333333333,0.071397572018068678,0,0,1,0.80000000000000004,0,0.59001177549362183
lexical_bm25,classifier_gated,2026,no acute abnormality,no_finding,1,3,True,True,10,1,1,1,1,1,1,0,0,,1,1,1,1,1,1,0,0.66666666666666674,0.99999982118606567,1,1,1,1,1,1,0,0.40000000000000002,0.71556150913238525,1,1,1,1,1,1,0,0.69999999999999996,0.75394916534423828
lexical_bm25,classifier_gated,2038,no acute abnormality,no_finding,1,3,True,True,10,1,1,1,1,1,1,0,0,,1,1,1,1,1,1,0,0.66666666666666674,0.99999982118606567,1,1,1,1,1,1,0,0.40000000000000002,0.71556150913238525,1,1,1,1,1,1,0,0.69999999999999996,0.75394916534423828
lexical_bm25,classifier_gated,2062,lung opacity consolidation pneumonia,findings,3,4,True,True,10,0.33333333333333331,0.33333333333333331,0.33333333333333331,0,0,0.33333333333333331,0,0,,0.44444444444444442,0.30555555555555552,0.411546454337126,0,0,0.66666666666666663,0,0,0.74164789915084839,0.33333333333333331,0.25,0.34117058426470054,0,0,0.66666666666666663,0.20000000000000001,0,0.68557149171829224,0.33333333333333331,0.34499999999999997,0.35577310012712277,0,0,0.66666666666666663,0.10000000000000001,0,0.71306973695755005
lexical_bm25,classifier_gated,2066,cardiomegaly,fallback_strongest_positive,1,1,True,True,10,0.33333333333333331,1,0.33333333333333331,0,0,0.33333333333333331,0,0,,0.38888888888888884,0.77777777777777768,0.38268031849431083,0,0,0.66666666666666663,0,0,0.73306912183761597,0.36666666666666659,0.86666666666666659,0.36899771078908794,0,0,0.66666666666666663,0,0,0.71242028474807739,0.34166666666666667,0.88333333333333319,0.35036341380397917,0,0,0.66666666666666663,0,0,0.70612478256225586
lexical_bm25,classifier_gated,2069,no acute abnormality,no_finding,1,3,True,True,10,1,1,1,1,1,1,0,0,,1,1,1,1,1,1,0,0.66666666666666674,0.99999982118606567,1,1,1,1,1,1,0,0.40000000000000002,0.71556150913238525,1,1,1,1,1,1,0,0.69999999999999996,0.75394916534423828
lexical_bm25,classifier_gated,2074,enlarged cardiomediastinum,findings,1,2,True,True,10,0,0,0,0,0,0,1,0,,0.13333333333333333,0,0.093855745204551297,0,0,0.66666666666666663,0.66666666666666663,0,0.66477137804031372,0.17999999999999999,0,0.13343457981089413,0,0,0.66666666666666663,0.59999999999999998,0,0.680946946144104,0.13,0,0.11491941744142918,0,0,0.66666666666666663,0.69999999999999996,0,0.60796517133712769
lexical_bm25,classifier_gated,2075,no acute abnormality,no_finding,1,3,True,True,10,1,1,1,1,1,1,0,0,,1,1,1,1,1,1,0,0.66666666666666674,0.99999982118606567,1,1,1,1,1,1,0,0.40000000000000002,0.71556150913238525,1,1,1,1,1,1,0,0.69999999999999996,0.75394916534423828
lexical_bm25,classifier_gated,2096,no acute abnormality,no_finding,1,3,True,True,10,1,1,1,1,1,1,0,0,,1,1,1,1,1,1,0,0.66666666666666674,0.99999982118606567,1,1,1,1,1,1,0,0.40000000000000002,0.71556150913238525,1,1,1,1,1,1,0,0.69999999999999996,0.75394916534423828
lexical_bm25,classifier_gated,2116,lung lesion,fallback_strongest_positive,1,2,True,True,10,0,0,0,0,0,0,1,0,,0,0,0,0,0,0,1,0,0.51725125312805176,0,0.20000000000000001,0,0,0,0,1,0,0.54078376293182373,0.016666666666666666,0.11666666666666667,0.011571870322796211,0,0,1,0.90000000000000002,0,0.57630133628845215
lexical_bm25,classifier_gated,2138,lung lesion fracture,findings,2,3,True,True,10,0,0,0,0,0,0,1,0,,0.1111111111111111,0.1111111111111111,0.07821312100379274,0,0,1,0.66666666666666663,0,0.61483389139175415,0.16666666666666666,0.16666666666666666,0.13456647560074267,0,0,1,0.59999999999999998,0,0.56639373302459717,0.21666666666666665,0.29999999999999999,0.21243311200428502,0,0,1,0.5,0,0.52785992622375488
lexical_bm25,classifier_gated,2140,no acute abnormality,no_finding,1,3,True,True,10,0,1,0,0,0,0,1,0,,0,1,0,0,0,0,1,0.66666666666666674,0.99999982118606567,0,1,0,0,0,0,1,0.40000000000000002,0.71556150913238525,0,1,0,0,0,0,1,0.69999999999999996,0.75394916534423828
lexical_bm25,classifier_gated,2148,no acute abnormality,no_finding,1,3,True,True,10,1,1,1,1,1,1,0,0,,1,1,1,1,1,1,0,0.66666666666666674,0.99999982118606567,1,1,1,1,1,1,0,0.40000000000000002,0.71556150913238525,1,1,1,1,1,1,0,0.69999999999999996,0.75394916534423828
lexical_bm25,classifier_gated,2157,pleural abnormality,findings,1,2,True,True,10,1,0,1,1,1,1,0,0,,1,0,1,1,1,1,0,0.66666666666666674,0.99999982118606567,1,0,1,1,1,1,0,0.59999999999999998,0.71449851989746094,1,0,1,1,1,1,0,0.80000000000000004,0.77789491415023804
lexical_bm25,classifier_gated,2160,fracture,findings,1,1,True,True,10,0,1,0,0,0,0,1,0,,0,0.66666666666666663,0,0,0,0,1,0,0.59695583581924438,0,0.66666666666666674,0,0,0,0,1,0,0.56320726871490479,0.20000000000000001,0.3833333333333333,0.12987501165334078,1,0.1111111111111111,1,0.80000000000000004,0,0.59001177549362183
lexical_bm25,classifier_gated,2170,no acute abnormality,no_finding,1,3,True,True,10,1,1,1,1,1,1,0,0,,1,1,1,1,1,1,0,0.66666666666666674,0.99999982118606567,1,1,1,1,1,1,0,0.40000000000000002,0.71556150913238525,1,1,1,1,1,1,0,0.69999999999999996,0.75394916534423828
lexical_bm25,classifier_gated,2177,,empty,0,0,False,True,0,,,,,,,,,,,,,,,,,,,,,,,,,,,,,,,,,,,,
lexical_bm25,classifier_gated,2191,no acute abnormality,no_finding,1,3,True,True,10,0,1,0,0,0,0,1,0,,0,1,0,0,0,0,1,0.66666666666666674,0.99999982118606567,0,1,0,0,0,0,1,0.40000000000000002,0.71556150913238525,0,1,0,0,0,0,1,0.69999999999999996,0.75394916534423828
lexical_bm25,classifier_gated,2207,fracture,findings,1,1,True,True,10,0,1,0,0,0,0,1,0,,0,0.66666666666666663,0,0,0,0,1,0,0.59695583581924438,0.050000000000000003,0.66666666666666674,0.032801269378085446,0,0,0.5,0.80000000000000004,0,0.56320726871490479,0.025000000000000001,0.3833333333333333,0.021285779410405253,0,0,0.5,0.90000000000000002,0,0.59001177549362183
lexical_bm25,classifier_gated,2212,no acute abnormality,no_finding,1,3,True,True,10,1,1,1,1,1,1,0,0,,1,1,1,1,1,1,0,0.66666666666666674,0.99999982118606567,1,1,1,1,1,1,0,0.40000000000000002,0.71556150913238525,1,1,1,1,1,1,0,0.69999999999999996,0.75394916534423828
lexical_bm25,classifier_gated,2223,pulmonary edema,findings,1,2,True,True,10,0,0.33333333333333331,0,0,0,0,1,0,,0,0.38888888888888884,0,0,0,0,1,0,0.68155890703201294,0,0.29999999999999993,0,0,0,0,1,0,0.64853775501251221,0.10000000000000001,0.18333333333333329,0.069431221936777282,1,0.125,1,0.90000000000000002,0,0.624947190284729
lexical_bm25,classifier_gated,2228,no acute abnormality,no_finding,1,3,True,True,10,1,1,1,1,1,1,0,0,,1,1,1,1,1,1,0,0.66666666666666674,0.99999982118606567,1,1,1,1,1,1,0,0.40000000000000002,0.71556150913238525,1,1,1,1,1,1,0,0.69999999999999996,0.75394916534423828
lexical_bm25,classifier_gated,2236,no acute abnormality,no_finding,1,3,True,True,10,1,1,1,1,1,1,0,0,,1,1,1,1,1,1,0,0.66666666666666674,0.99999982118606567,1,1,1,1,1,1,0,0.40000000000000002,0.71556150913238525,1,1,1,1,1,1,0,0.69999999999999996,0.75394916534423828
lexical_bm25,classifier_gated,2238,fracture,fallback_strongest_positive,1,1,True,True,10,0,1,0,0,0,0,1,0,,0,0.66666666666666663,0,0,0,0,1,0,0.59695583581924438,0,0.66666666666666674,0,0,0,0,1,0,0.56320726871490479,0.20000000000000001,0.3833333333333333,0.12987501165334078,1,0.1111111111111111,1,0.80000000000000004,0,0.59001177549362183
lexical_bm25,classifier_gated,2239,lung opacity,fallback_strongest_positive,1,2,True,True,10,0,0,0,0,0,0,1,0,,0.27777777777777773,0.5,0.22625407648672535,0,0,0.5,0.33333333333333331,0,0.71375292539596558,0.36666666666666664,0.69999999999999996,0.3021565469237239,0,0,0.5,0.20000000000000001,0,0.72270810604095459,0.29999999999999999,0.51666666666666661,0.2791350739313902,0,0,0.5,0.20000000000000001,0,0.71254485845565796
lexical_bm25,classifier_gated,2244,no acute abnormality,no_finding,1,3,True,True,10,1,1,1,1,1,1,0,0,,1,1,1,1,1,1,0,0.66666666666666674,0.99999982118606567,1,1,1,1,1,1,0,0.40000000000000002,0.71556150913238525,1,1,1,1,1,1,0,0.69999999999999996,0.75394916534423828
lexical_bm25,classifier_gated,2277,no acute abnormality,no_finding,1,3,True,True,10,1,1,1,1,1,1,0,0,,1,1,1,1,1,1,0,0.66666666666666674,0.99999982118606567,1,1,1,1,1,1,0,0.40000000000000002,0.71556150913238525,1,1,1,1,1,1,0,0.69999999999999996,0.75394916534423828
lexical_bm25,classifier_gated,2290,no acute abnormality,no_finding,1,3,True,True,10,1,1,1,1,1,1,0,0,,1,1,1,1,1,1,0,0.66666666666666674,0.99999982118606567,1,1,1,1,1,1,0,0.40000000000000002,0.71556150913238525,1,1,1,1,1,1,0,0.69999999999999996,0.75394916534423828
lexical_bm25,classifier_gated,2310,no acute abnormality,no_finding,1,3,True,True,10,1,1,1,1,1,1,0,0,,1,1,1,1,1,1,0,0.66666666666666674,0.99999982118606567,1,1,1,1,1,1,0,0.40000000000000002,0.71556150913238525,1,1,1,1,1,1,0,0.69999999999999996,0.75394916534423828
lexical_bm25,classifier_gated,2313,enlarged cardiomediastinum,fallback_strongest_positive,1,2,True,True,10,0,0,0,0,0,0,1,0,,0.33333333333333331,0,0.29608191096586522,1,0.5,1,0.66666666666666663,0,0.66477137804031372,0.20000000000000001,0,0.21398626473452756,1,0.5,1,0.80000000000000004,0,0.680946946144104,0.10000000000000001,0,0.13886244387355456,1,0.5,1,0.90000000000000002,0,0.60796517133712769
lexical_bm25,classifier_gated,2326,no acute abnormality,no_finding,1,3,True,True,10,0,1,0,0,0,0,1,0,,0,1,0,0,0,0,1,0.66666666666666674,0.99999982118606567,0,1,0,0,0,0,1,0.40000000000000002,0.71556150913238525,0,1,0,0,0,0,1,0.69999999999999996,0.75394916534423828
lexical_bm25,classifier_gated,2363,lung opacity consolidation pneumonia,findings,3,4,True,True,10,0.5,0.33333333333333331,0.5,0,0,0.5,0,0,,0.44444444444444442,0.30555555555555552,0.46089343949810357,0,0,0.5,0,0,0.74164789915084839,0.36666666666666664,0.25,0.39870247463917874,0,0,0.5,0.20000000000000001,0,0.68557149171829224,0.4416666666666666,0.34499999999999997,0.43728435517636988,1,0.10000000000000001,1,0.10000000000000001,0,0.71306973695755005
lexical_bm25,classifier_gated,2365,no acute abnormality,no_finding,1,3,True,True,10,1,1,1,1,1,1,0,0,,1,1,1,1,1,1,0,0.66666666666666674,0.99999982118606567,1,1,1,1,1,1,0,0.40000000000000002,0.71556150913238525,1,1,1,1,1,1,0,0.69999999999999996,0.75394916534423828
lexical_bm25,classifier_gated,2377,no acute abnormality,no_finding,1,3,True,True,10,1,1,1,1,1,1,0,0,,1,1,1,1,1,1,0,0.66666666666666674,0.99999982118606567,1,1,1,1,1,1,0,0.40000000000000002,0.71556150913238525,1,1,1,1,1,1,0,0.69999999999999996,0.75394916534423828
lexical_bm25,classifier_gated,2388,no acute abnormality,no_finding,1,3,True,True,10,1,1,1,1,1,1,0,0,,1,1,1,1,1,1,0,0.66666666666666674,0.99999982118606567,1,1,1,1,1,1,0,0.40000000000000002,0.71556150913238525,1,1,1,1,1,1,0,0.69999999999999996,0.75394916534423828
lexical_bm25,classifier_gated,2396,lung opacity,fallback_strongest_positive,1,2,True,True,10,0,0,0,0,0,0,1,0,,0.27777777777777773,0.5,0.24545161321140516,0,0,0.5,0.33333333333333331,0,0.71375292539596558,0.36666666666666664,0.69999999999999996,0.3550402029102076,0,0,0.5,0.20000000000000001,0,0.72270810604095459,0.29999999999999999,0.51666666666666661,0.3549900282859843,0,0,0.5,0.20000000000000001,0,0.71254485845565796
lexical_bm25,classifier_gated,2415,lung opacity pleural effusion pleural abnormality,findings,3,6,True,True,10,0,0,0,0,0,0,1,0,,0.16666666666666666,0.1111111111111111,0.14804095548293261,0,0,0.5,0.66666666666666663,0,0.7413744330406189,0.16666666666666666,0.11666666666666665,0.15568258231483259,0,0,0.5,0.59999999999999998,0,0.69858038425445557,0.11666666666666665,0.125,0.12716009971951933,0,0,0.5,0.69999999999999996,0.19999999999999996,0.70688855648040771
lexical_bm25,classifier_gated,2416,,empty,0,0,False,True,0,,,,,,,,,,,,,,,,,,,,,,,,,,,,,,,,,,,,
lexical_bm25,classifier_gated,2453,pneumonia,fallback_strongest_positive,1,1,True,True,10,0,0,0,0,0,0,1,0,,0.33333333333333331,0,0.23463936301137822,1,0.33333333333333331,1,0.66666666666666663,0,0.58168119192123413,0.40000000000000002,0.050000000000000003,0.31564845247951451,1,0.33333333333333331,1,0.59999999999999998,0,0.6264607310295105,0.5,0.125,0.4138836150091173,1,0.33333333333333331,1,0.5,0,0.68054014444351196
lexical_bm25,classifier_gated,2475,enlarged cardiomediastinum,fallback_strongest_positive,1,2,True,True,10,1,0,1,1,1,1,0,0,,0.41666666666666669,0,0.52793856677560103,1,1,1,0.33333333333333331,0,0.66477137804031372,0.51666666666666672,0,0.57135860661297189,1,1,1,0.20000000000000001,0,0.680946946144104,0.58333333333333326,0,0.60852960954717472,1,1,1,0.20000000000000001,0,0.60796517133712769
lexical_bm25,classifier_gated,2493,enlarged cardiomediastinum,fallback_strongest_positive,1,2,True,True,10,0,0,0,0,0,0,1,0,,0.33333333333333331,0,0.29608191096586522,1,0.5,1,0.66666666666666663,0,0.66477137804031372,0.20000000000000001,0,0.21398626473452756,1,0.5,1,0.80000000000000004,0,0.680946946144104,0.10000000000000001,0,0.13886244387355456,1,0.5,1,0.90000000000000002,0,0.60796517133712769
lexical_bm25,classifier_gated,2513,pleural effusion,findings,1,2,True,True,10,0,0,0,0,0,0,1,0,,0.1111111111111111,0.44444444444444442,0.098693970321955066,0,0,1,0.66666666666666663,0,0.52953463792800903,0.066666666666666666,0.36666666666666664,0.071328754911509182,0,0,1,0.80000000000000004,0,0.5521930456161499,0.083333333333333329,0.23333333333333331,0.08548661578052251,0,0,1,0.80000000000000004,0,0.59303605556488037
lexical_bm25,classifier_gated,2515,,empty,0,0,False,True,0,,,,,,,,,,,,,,,,,,,,,,,,,,,,,,,,,,,,
lexical_bm25,classifier_gated,2517,no acute abnormality,no_finding,1,3,True,True,10,1,1,1,1,1,1,0,0,,1,1,1,1,1,1,0,0.66666666666666674,0.99999982118606567,1,1,1,1,1,1,0,0.40000000000000002,0.71556150913238525,1,1,1,1,1,1,0,0.69999999999999996,0.75394916534423828
lexical_bm25,classifier_gated,2533,fracture,fallback_strongest_positive,1,1,True,True,10,0,1,0,0,0,0,1,0,,0,0.66666666666666663,0,0,0,0,1,0,0.59695583581924438,0,0.66666666666666674,0,0,0,0,1,0,0.56320726871490479,0.20000000000000001,0.3833333333333333,0.12987501165334078,1,0.1111111111111111,1,0.80000000000000004,0,0.59001177549362183
lexical_bm25,classifier_gated,2542,,empty,0,0,False,True,0,,,,,,,,,,,,,,,,,,,,,,,,,,,,,,,,,,,,
lexical_bm25,classifier_gated,2545,no acute abnormality,no_finding,1,3,True,True,10,1,1,1,1,1,1,0,0,,1,1,1,1,1,1,0,0.66666666666666674,0.99999982118606567,1,1,1,1,1,1,0,0.40000000000000002,0.71556150913238525,1,1,1,1,1,1,0,0.69999999999999996,0.75394916534423828
lexical_bm25,classifier_gated,2564,no acute abnormality,no_finding,1,3,True,True,10,1,1,1,1,1,1,0,0,,1,1,1,1,1,1,0,0.66666666666666674,0.99999982118606567,1,1,1,1,1,1,0,0.40000000000000002,0.71556150913238525,1,1,1,1,1,1,0,0.69999999999999996,0.75394916534423828
lexical_bm25,classifier_gated,2591,no acute abnormality,no_finding,1,3,True,True,10,1,1,1,1,1,1,0,0,,1,1,1,1,1,1,0,0.66666666666666674,0.99999982118606567,1,1,1,1,1,1,0,0.40000000000000002,0.71556150913238525,1,1,1,1,1,1,0,0.69999999999999996,0.75394916534423828
lexical_bm25,classifier_gated,2594,fracture,fallback_strongest_positive,1,1,True,True,10,0,1,0,0,0,0,1,0,,0,0.66666666666666663,0,0,0,0,1,0,0.59695583581924438,0.13333333333333333,0.66666666666666674,0.087470051674894522,0,0,1,0.80000000000000004,0,0.56320726871490479,0.066666666666666666,0.3833333333333333,0.056762078427747331,0,0,1,0.90000000000000002,0,0.59001177549362183
lexical_bm25,classifier_gated,2596,no acute abnormality,no_finding,1,3,True,True,10,1,1,1,1,1,1,0,0,,1,1,1,1,1,1,0,0.66666666666666674,0.99999982118606567,1,1,1,1,1,1,0,0.40000000000000002,0.71556150913238525,1,1,1,1,1,1,0,0.69999999999999996,0.75394916534423828
lexical_bm25,classifier_gated,2605,pleural effusion,findings,1,2,True,True,10,1,0,1,1,1,1,0,0,,0.33333333333333331,0.44444444444444442,0.46927872602275644,1,1,1,0.66666666666666663,0,0.52953463792800903,0.40000000000000002,0.36666666666666664,0.47036528278595791,1,1,1,0.59999999999999998,0,0.5521930456161499,0.40000000000000002,0.23333333333333331,0.43510989559304197,1,1,1,0.59999999999999998,0,0.59303605556488037
lexical_bm25,classifier_gated,2612,no acute abnormality,no_finding,1,3,True,True,10,1,1,1,1,1,1,0,0,,1,1,1,1,1,1,0,0.66666666666666674,0.99999982118606567,1,1,1,1,1,1,0,0.40000000000000002,0.71556150913238525,1,1,1,1,1,1,0,0.69999999999999996,0.75394916534423828
lexical_bm25,classifier_gated,2616,pleural effusion pleural abnormality,findings,2,4,True,True,10,0,0,0,0,0,0,1,0,,0,0,0,0,0,0,1,0.66666666666666674,0.99999982118606567,0,0,0,0,0,0,1,0.40000000000000002,0.76180285215377808,0,0,0,0,0,0,1,0.5,0.72878849506378174
lexical_bm25,classifier_gated,2622,pleural abnormality,findings,1,2,True,True,10,0,0,0,0,0,0,1,0,,0,0,0,0,0,0,1,0.66666666666666674,0.99999982118606567,0,0,0,0,0,0,1,0.59999999999999998,0.71449851989746094,0,0,0,0,0,0,1,0.80000000000000004,0.77789491415023804
lexical_bm25,classifier_gated,2629,fracture,findings,1,1,True,True,10,0,1,0,0,0,0,1,0,,0,0.66666666666666663,0,0,0,0,1,0,0.59695583581924438,0,0.66666666666666674,0,0,0,0,1,0,0.56320726871490479,0.20000000000000001,0.3833333333333333,0.12987501165334078,1,0.1111111111111111,1,0.80000000000000004,0,0.59001177549362183
lexical_bm25,classifier_gated,2644,cardiomegaly,fallback_strongest_positive,1,1,True,True,10,0.5,1,0.5,0,0,0.5,0,0,,0.41666666666666669,0.77777777777777768,0.42597952225853364,0,0,0.5,0,0,0.73306912183761597,0.45000000000000001,0.86666666666666659,0.44650343381636809,0,0,0.5,0,0,0.71242028474807739,0.45833333333333331,0.88333333333333319,0.54951591134464206,0,0,0.5,0,0,0.70612478256225586
lexical_bm25,classifier_gated,2691,enlarged cardiomediastinum,fallback_strongest_positive,1,2,True,True,10,1,0,1,1,1,1,0,0,,0.41666666666666669,0,0.52793856677560103,1,1,1,0.33333333333333331,0,0.66477137804031372,0.51666666666666672,0,0.57135860661297189,1,1,1,0.20000000000000001,0,0.680946946144104,0.58333333333333326,0,0.60852960954717472,1,1,1,0.20000000000000001,0,0.60796517133712769
lexical_bm25,classifier_gated,2697,cardiomegaly,fallback_strongest_positive,1,1,True,True,10,0,1,0,0,0,0,1,0,,0,0.77777777777777768,0,0,0,0,1,0,0.73306912183761597,0,0.86666666666666659,0,0,0,0,1,0,0.71242028474807739,0,0.88333333333333319,0,0,0,0,1,0,0.70612478256225586
lexical_bm25,classifier_gated,2698,no acute abnormality,no_finding,1,3,True,True,10,1,1,1,1,1,1,0,0,,1,1,1,1,1,1,0,0.66666666666666674,0.99999982118606567,1,1,1,1,1,1,0,0.40000000000000002,0.71556150913238525,1,1,1,1,1,1,0,0.69999999999999996,0.75394916534423828
lexical_bm25,classifier_gated,2709,no acute abnormality,no_finding,1,3,True,True,10,0,1,0,0,0,0,1,0,,0,1,0,0,0,0,1,0.66666666666666674,0.99999982118606567,0,1,0,0,0,0,1,0.40000000000000002,0.71556150913238525,0,1,0,0,0,0,1,0.69999999999999996,0.75394916534423828
lexical_bm25,classifier_gated,2720,no acute abnormality,no_finding,1,3,True,True,10,1,1,1,1,1,1,0,0,,1,1,1,1,1,1,0,0.66666666666666674,0.99999982118606567,1,1,1,1,1,1,0,0.40000000000000002,0.71556150913238525,1,1,1,1,1,1,0,0.69999999999999996,0.75394916534423828
lexical_bm25,classifier_gated,2723,no acute abnormality,no_finding,1,3,True,True,10,0,1,0,0,0,0,1,0,,0,1,0,0,0,0,1,0.66666666666666674,0.99999982118606567,0,1,0,0,0,0,1,0.40000000000000002,0.71556150913238525,0,1,0,0,0,0,1,0.69999999999999996,0.75394916534423828
lexical_bm25,classifier_gated,2737,fracture,fallback_strongest_positive,1,1,True,True,10,0,1,0,0,0,0,1,0,,0,0.66666666666666663,0,0,0,0,1,0,0.59695583581924438,0.066666666666666666,0.66666666666666674,0.043735025837447261,0,0,1,0.80000000000000004,0,0.56320726871490479,0.033333333333333333,0.3833333333333333,0.028381039213873666,0,0,1,0.90000000000000002,0,0.59001177549362183
lexical_bm25,classifier_gated,2747,atelectasis,fallback_strongest_positive,1,1,True,True,10,0,0.33333333333333331,0,0,0,0,1,0,,0,0.44444444444444442,0,0,0,0,1,0,0.6185038685798645,0,0.56666666666666665,0,0,0,0,1,0,0.61692237854003906,0,0.68333333333333335,0,0,0,0,1,0,0.6786266565322876
lexical_bm25,classifier_gated,2750,,empty,0,0,False,True,0,,,,,,,,,,,,,,,,,,,,,,,,,,,,,,,,,,,,
lexical_bm25,classifier_gated,2758,no acute abnormality,no_finding,1,3,True,True,10,1,1,1,1,1,1,0,0,,1,1,1,1,1,1,0,0.66666666666666674,0.99999982118606567,1,1,1,1,1,1,0,0.40000000000000002,0.71556150913238525,1,1,1,1,1,1,0,0.69999999999999996,0.75394916534423828
lexical_bm25,classifier_gated,2765,fracture,fallback_strongest_positive,1,1,True,True,10,0,1,0,0,0,0,1,0,,0,0.66666666666666663,0,0,0,0,1,0,0.59695583581924438,0,0.66666666666666674,0,0,0,0,1,0,0.56320726871490479,0.20000000000000001,0.3833333333333333,0.12987501165334078,1,0.1111111111111111,1,0.80000000000000004,0,0.59001177549362183
lexical_bm25,classifier_gated,2778,support device,findings,1,2,True,True,10,1,1,1,1,1,1,0,0,,1,1,1,1,1,1,0,0,0.45086362957954407,1,1,1,1,1,1,0,0,0.55285274982452393,0.72499999999999998,0.72499999999999998,0.81318000494387221,1,1,1,0.10000000000000001,0,0.51251065731048584
lexical_bm25,classifier_gated,2817,lung opacity pleural abnormality,findings,2,4,True,False,10,0,0,0,,,0,1,0,,0.1111111111111111,0.16666666666666666,0.13983807620175362,,,0.33333333333333331,0.66666666666666663,0,0.7413744330406189,0.11666666666666665,0.16666666666666666,0.1551895006943049,,,0.33333333333333331,0.59999999999999998,0,0.69858038425445557,0.125,0.18333333333333332,0.17601550859165252,,,0.33333333333333331,0.59999999999999998,0.19999999999999996,0.7294958233833313
lexical_bm25,classifier_gated,2831,pleural effusion,findings,1,2,True,False,10,0,0,0,,,0,1,0,,0.17777777777777778,0.44444444444444442,0.20614425479544868,,,0.33333333333333331,0.33333333333333331,0,0.52953463792800903,0.15666666666666668,0.36666666666666664,0.20376156192977724,,,0.33333333333333331,0.40000000000000002,0,0.5521930456161499,0.10333333333333332,0.23333333333333331,0.17142587082922389,,,0.33333333333333331,0.59999999999999998,0,0.59303605556488037
lexical_bm25,classifier_gated,2832,no acute abnormality,no_finding,1,3,True,True,10,0,1,0,0,0,0,1,0,,0,1,0,0,0,0,1,0.66666666666666674,0.99999982118606567,0,1,0,0,0,0,1,0.40000000000000002,0.71556150913238525,0,1,0,0,0,0,1,0.69999999999999996,0.75394916534423828
lexical_bm25,classifier_gated,2833,pneumothorax,fallback_strongest_positive,1,1,True,True,10,1,0,1,1,1,1,0,0,,0.33333333333333331,0.16666666666666666,0.46927872602275644,1,1,1,0.66666666666666663,0,0.49485015869140625,0.40000000000000002,0.10000000000000001,0.47036528278595791,1,1,1,0.59999999999999998,0,0.59181898832321167,0.5,0.14999999999999999,0.50454111752981923,1,1,1,0.5,0.099999999999999978,0.64938950538635254
lexical_bm25,classifier_gated,2852,no acute abnormality,no_finding,1,3,True,True,10,1,1,1,1,1,1,0,0,,1,1,1,1,1,1,0,0.66666666666666674,0.99999982118606567,1,1,1,1,1,1,0,0.40000000000000002,0.71556150913238525,1,1,1,1,1,1,0,0.69999999999999996,0.75394916534423828
lexical_bm25,classifier_gated,2860,no acute abnormality,no_finding,1,3,True,True,10,0,1,0,0,0,0,1,0,,0,1,0,0,0,0,1,0.66666666666666674,0.99999982118606567,0,1,0,0,0,0,1,0.40000000000000002,0.71556150913238525,0,1,0,0,0,0,1,0.69999999999999996,0.75394916534423828
lexical_bm25,classifier_gated,2866,no acute abnormality,no_finding,1,3,True,True,10,1,1,1,1,1,1,0,0,,1,1,1,1,1,1,0,0.66666666666666674,0.99999982118606567,1,1,1,1,1,1,0,0.40000000000000002,0.71556150913238525,1,1,1,1,1,1,0,0.69999999999999996,0.75394916534423828
lexical_bm25,classifier_gated,2870,no acute abnormality,no_finding,1,3,True,True,10,1,1,1,1,1,1,0,0,,1,1,1,1,1,1,0,0.66666666666666674,0.99999982118606567,1,1,1,1,1,1,0,0.40000000000000002,0.71556150913238525,1,1,1,1,1,1,0,0.69999999999999996,0.75394916534423828
lexical_bm25,classifier_gated,2884,cardiomegaly,fallback_strongest_positive,1,1,True,True,10,0,1,0,0,0,0,1,0,,0,0.77777777777777768,0,0,0,0,1,0,0.73306912183761597,0,0.86666666666666659,0,0,0,0,1,0,0.71242028474807739,0,0.88333333333333319,0,0,0,0,1,0,0.70612478256225586
lexical_bm25,classifier_gated,2894,support device,findings,1,2,True,True,10,1,1,1,1,1,1,0,0,,1,1,1,1,1,1,0,0,0.45086362957954407,1,1,1,1,1,1,0,0,0.55285274982452393,0.72499999999999998,0.72499999999999998,0.81318000494387221,1,1,1,0.10000000000000001,0,0.51251065731048584
lexical_bm25,classifier_gated,2898,no acute abnormality,no_finding,1,3,True,True,10,1,1,1,1,1,1,0,0,,1,1,1,1,1,1,0,0.66666666666666674,0.99999982118606567,1,1,1,1,1,1,0,0.40000000000000002,0.71556150913238525,1,1,1,1,1,1,0,0.69999999999999996,0.75394916534423828
lexical_bm25,classifier_gated,2902,pleural abnormality,findings,1,2,True,True,10,1,0,1,1,1,1,0,0,,1,0,1,1,1,1,0,0.66666666666666674,0.99999982118606567,1,0,1,1,1,1,0,0.59999999999999998,0.71449851989746094,1,0,1,1,1,1,0,0.80000000000000004,0.77789491415023804
lexical_bm25,classifier_gated,2910,no acute abnormality,no_finding,1,3,True,True,10,1,1,1,1,1,1,0,0,,1,1,1,1,1,1,0,0.66666666666666674,0.99999982118606567,1,1,1,1,1,1,0,0.40000000000000002,0.71556150913238525,1,1,1,1,1,1,0,0.69999999999999996,0.75394916534423828
lexical_bm25,classifier_gated,2916,no acute abnormality,no_finding,1,3,True,True,10,1,1,1,1,1,1,0,0,,1,1,1,1,1,1,0,0.66666666666666674,0.99999982118606567,1,1,1,1,1,1,0,0.40000000000000002,0.71556150913238525,1,1,1,1,1,1,0,0.69999999999999996,0.75394916534423828
lexical_bm25,classifier_gated,2933,,empty,0,0,False,True,0,,,,,,,,,,,,,,,,,,,,,,,,,,,,,,,,,,,,
lexical_bm25,classifier_gated,2936,cardiomegaly,fallback_strongest_positive,1,1,True,True,10,1,1,1,1,1,1,0,0,,0.77777777777777768,0.77777777777777768,0.80261205935608981,1,1,1,0,0,0.73306912183761597,0.86666666666666659,0.86666666666666659,0.85734249017698161,1,1,1,0,0,0.71242028474807739,0.88333333333333319,0.88333333333333319,0.87074307636795034,1,1,1,0,0,0.70612478256225586
lexical_bm25,classifier_gated,2955,enlarged cardiomediastinum cardiomegaly,findings,2,3,True,True,10,1,0.5,1,1,1,1,0,0,,1,0.5,1,1,1,1,0,0,0.61331146955490112,0.84999999999999998,0.44000000000000006,0.90159619186574369,1,1,1,0,0,0.63788795471191406,0.85833333333333339,0.44500000000000001,0.89372880296948332,1,1,1,0,0,0.64919465780258179
lexical_bm25,classifier_gated,2957,lung opacity lung lesion,findings,2,4,True,True,10,0,0,0,0,0,0,1,0,,0.22222222222222221,0.1111111111111111,0.15642624200758548,0,0,0.66666666666666663,0.66666666666666663,0,0.60584896802902222,0.20000000000000001,0.16666666666666666,0.1567884275953193,0,0,0.66666666666666663,0.59999999999999998,0,0.58565264940261841,0.26666666666666672,0.26666666666666666,0.22007866959014577,0,0,0.66666666666666663,0.40000000000000002,0,0.58885878324508667
lexical_bm25,classifier_gated,2964,no acute abnormality,no_finding,1,3,True,True,10,1,1,1,1,1,1,0,0,,1,1,1,1,1,1,0,0.66666666666666674,0.99999982118606567,1,1,1,1,1,1,0,0.40000000000000002,0.71556150913238525,1,1,1,1,1,1,0,0.69999999999999996,0.75394916534423828
lexical_bm25,classifier_gated,3004,pleural abnormality,findings,1,2,True,True,10,0,0,0,0,0,0,1,0,,0,0,0,0,0,0,1,0.66666666666666674,0.99999982118606567,0,0,0,0,0,0,1,0.59999999999999998,0.71449851989746094,0,0,0,0,0,0,1,0.80000000000000004,0.77789491415023804
lexical_bm25,classifier_gated,3010,no acute abnormality,no_finding,1,3,True,True,10,1,1,1,1,1,1,0,0,,1,1,1,1,1,1,0,0.66666666666666674,0.99999982118606567,1,1,1,1,1,1,0,0.40000000000000002,0.71556150913238525,1,1,1,1,1,1,0,0.69999999999999996,0.75394916534423828
lexical_bm25,classifier_gated,3022,lung opacity lung lesion consolidation pneumonia,findings,4,6,True,True,10,0,0.25,0,0,0,0,1,0,,0,0.23333333333333331,0,0,0,0,1,0,0.68824625015258789,0,0.17999999999999999,0,0,0,0,1,0,0.67970561981201172,0,0.19,0,0,0,0,1,0,0.63849055767059326
lexical_bm25,classifier_gated,3025,fracture,findings,1,1,True,True,10,0,1,0,0,0,0,1,0,,0,0.66666666666666663,0,0,0,0,1,0,0.59695583581924438,0,0.66666666666666674,0,0,0,0,1,0,0.56320726871490479,0.20000000000000001,0.3833333333333333,0.12987501165334078,1,0.1111111111111111,1,0.80000000000000004,0,0.59001177549362183
lexical_bm25,classifier_gated,3045,no acute abnormality,no_finding,1,3,True,True,10,1,1,1,1,1,1,0,0,,1,1,1,1,1,1,0,0.66666666666666674,0.99999982118606567,1,1,1,1,1,1,0,0.40000000000000002,0.71556150913238525,1,1,1,1,1,1,0,0.69999999999999996,0.75394916534423828
lexical_bm25,classifier_gated,3049,fracture,findings,1,1,True,True,10,0,1,0,0,0,0,1,0,,0,0.66666666666666663,0,0,0,0,1,0,0.59695583581924438,0,0.66666666666666674,0,0,0,0,1,0,0.56320726871490479,0.20000000000000001,0.3833333333333333,0.12987501165334078,1,0.1111111111111111,1,0.80000000000000004,0,0.59001177549362183
lexical_bm25,classifier_gated,3060,no acute abnormality,no_finding,1,3,True,True,10,1,1,1,1,1,1,0,0,,1,1,1,1,1,1,0,0.66666666666666674,0.99999982118606567,1,1,1,1,1,1,0,0.40000000000000002,0.71556150913238525,1,1,1,1,1,1,0,0.69999999999999996,0.75394916534423828
lexical_bm25,classifier_gated,3069,lung lesion,fallback_strongest_positive,1,2,True,True,10,0,0,0,0,0,0,1,0,,0,0,0,0,0,0,1,0,0.51725125312805176,0,0.20000000000000001,0,0,0,0,1,0,0.54078376293182373,0.14761904761904759,0.11666666666666667,0.1078845826814489,0,0,0.5,0.59999999999999998,0,0.57630133628845215
lexical_bm25,classifier_gated,3074,,empty,0,0,False,True,0,,,,,,,,,,,,,,,,,,,,,,,,,,,,,,,,,,,,
lexical_bm25,classifier_gated,3114,,empty,0,0,False,True,0,,,,,,,,,,,,,,,,,,,,,,,,,,,,,,,,,,,,
lexical_bm25,classifier_gated,3115,no acute abnormality,no_finding,1,3,True,True,10,1,1,1,1,1,1,0,0,,1,1,1,1,1,1,0,0.66666666666666674,0.99999982118606567,1,1,1,1,1,1,0,0.40000000000000002,0.71556150913238525,1,1,1,1,1,1,0,0.69999999999999996,0.75394916534423828
lexical_bm25,classifier_gated,3117,no acute abnormality,no_finding,1,3,True,True,10,1,1,1,1,1,1,0,0,,1,1,1,1,1,1,0,0.66666666666666674,0.99999982118606567,1,1,1,1,1,1,0,0.40000000000000002,0.71556150913238525,1,1,1,1,1,1,0,0.69999999999999996,0.75394916534423828
lexical_bm25,classifier_gated,3134,no acute abnormality,no_finding,1,3,True,True,10,1,1,1,1,1,1,0,0,,1,1,1,1,1,1,0,0.66666666666666674,0.99999982118606567,1,1,1,1,1,1,0,0.40000000000000002,0.71556150913238525,1,1,1,1,1,1,0,0.69999999999999996,0.75394916534423828
lexical_bm25,classifier_gated,3135,fracture,fallback_strongest_positive,1,1,True,True,10,0,1,0,0,0,0,1,0,,0,0.66666666666666663,0,0,0,0,1,0,0.59695583581924438,0,0.66666666666666674,0,0,0,0,1,0,0.56320726871490479,0.20000000000000001,0.3833333333333333,0.12987501165334078,1,0.1111111111111111,1,0.80000000000000004,0,0.59001177549362183
lexical_bm25,classifier_gated,3148,pleural effusion,findings,1,2,True,True,10,0,0,0,0,0,0,1,0,,0.25,0.44444444444444442,0.19134015924715542,0,0,0.5,0.33333333333333331,0,0.52953463792800903,0.21666666666666665,0.36666666666666664,0.18697606744960474,0,0,0.5,0.40000000000000002,0,0.5521930456161499,0.19166666666666665,0.23333333333333331,0.1951477631853773,0,0,1,0.5,0,0.59303605556488037
lexical_bm25,classifier_gated,3158,pleural effusion,fallback_strongest_positive,1,2,True,True,10,0,0,0,0,0,0,1,0,,0.16666666666666666,0.44444444444444442,0.14804095548293261,0,0,0.66666666666666663,0.66666666666666663,0,0.52953463792800903,0.14999999999999999,0.36666666666666664,0.14351021982794041,0,0,0.66666666666666663,0.59999999999999998,0,0.5521930456161499,0.13333333333333333,0.23333333333333331,0.13587162091942626,0,0,1,0.59999999999999998,0,0.59303605556488037
lexical_bm25,classifier_gated,3180,no acute abnormality,no_finding,1,3,True,True,10,1,1,1,1,1,1,0,0,,1,1,1,1,1,1,0,0.66666666666666674,0.99999982118606567,1,1,1,1,1,1,0,0.40000000000000002,0.71556150913238525,1,1,1,1,1,1,0,0.69999999999999996,0.75394916534423828
lexical_bm25,classifier_gated,3183,no acute abnormality,no_finding,1,3,True,True,10,1,1,1,1,1,1,0,0,,1,1,1,1,1,1,0,0.66666666666666674,0.99999982118606567,1,1,1,1,1,1,0,0.40000000000000002,0.71556150913238525,1,1,1,1,1,1,0,0.69999999999999996,0.75394916534423828
lexical_bm25,classifier_gated,3191,enlarged cardiomediastinum pleural abnormality,findings,2,4,True,True,10,0,0,0,0,0,0,1,0,,0.33333333333333331,0,0.29608191096586522,1,0.5,1,0.66666666666666663,0,0.70973294973373413,0.40000000000000002,0,0.35262297841205176,1,0.5,1,0.40000000000000002,0,0.71867811679840088,0.55000000000000004,0,0.47181707647954524,1,0.5,1,0.29999999999999999,0,0.65236085653305054
lexical_bm25,classifier_gated,3195,pulmonary edema pleural effusion,findings,2,4,True,True,10,0.25,0.25,0.25,0,0,0.5,0,0,,0.16666666666666666,0.27777777777777773,0.17597952225853367,0,0,0.5,0.33333333333333331,0,0.68155890703201294,0.20000000000000001,0.26666666666666666,0.19650343381636809,0,0,0.5,0.20000000000000001,0,0.60338079929351807,0.13333333333333333,0.13333333333333333,0.15066102351016544,0,0,0.5,0.5,0,0.6148865818977356
lexical_bm25,classifier_gated,3207,cardiomegaly,findings,1,1,True,True,10,1,1,1,1,1,1,0,0,,0.77777777777777768,0.77777777777777768,0.80261205935608981,1,1,1,0,0,0.73306912183761597,0.86666666666666659,0.86666666666666659,0.85734249017698161,1,1,1,0,0,0.71242028474807739,0.88333333333333319,0.88333333333333319,0.87074307636795034,1,1,1,0,0,0.70612478256225586
lexical_bm25,classifier_gated,3214,cardiomegaly,findings,1,1,True,True,10,0.5,1,0.5,0,0,0.5,0,0,,0.41666666666666669,0.77777777777777768,0.42597952225853364,0,0,0.5,0,0,0.73306912183761597,0.45000000000000001,0.86666666666666659,0.44650343381636809,0,0,0.5,0,0,0.71242028474807739,0.52500000000000002,0.88333333333333319,0.5376878644516131,1,0.14285714285714285,1,0,0,0.70612478256225586
lexical_bm25,classifier_gated,3216,no acute abnormality,no_finding,1,3,True,True,10,1,1,1,1,1,1,0,0,,1,1,1,1,1,1,0,0.66666666666666674,0.99999982118606567,1,1,1,1,1,1,0,0.40000000000000002,0.71556150913238525,1,1,1,1,1,1,0,0.69999999999999996,0.75394916534423828
lexical_bm25,classifier_gated,3221,no acute abnormality,no_finding,1,3,True,True,10,1,1,1,1,1,1,0,0,,1,1,1,1,1,1,0,0.66666666666666674,0.99999982118606567,1,1,1,1,1,1,0,0.40000000000000002,0.71556150913238525,1,1,1,1,1,1,0,0.69999999999999996,0.75394916534423828
lexical_bm25,classifier_gated,3253,fracture,fallback_strongest_positive,1,1,True,True,10,0,1,0,0,0,0,1,0,,0,0.66666666666666663,0,0,0,0,1,0,0.59695583581924438,0,0.66666666666666674,0,0,0,0,1,0,0.56320726871490479,0.20000000000000001,0.3833333333333333,0.12987501165334078,1,0.1111111111111111,1,0.80000000000000004,0,0.59001177549362183
lexical_bm25,classifier_gated,3279,no acute abnormality,no_finding,1,3,True,True,10,1,1,1,1,1,1,0,0,,1,1,1,1,1,1,0,0.66666666666666674,0.99999982118606567,1,1,1,1,1,1,0,0.40000000000000002,0.71556150913238525,1,1,1,1,1,1,0,0.69999999999999996,0.75394916534423828
lexical_bm25,classifier_gated,3281,no acute abnormality,no_finding,1,3,True,True,10,0,1,0,0,0,0,1,0,,0,1,0,0,0,0,1,0.66666666666666674,0.99999982118606567,0,1,0,0,0,0,1,0.40000000000000002,0.71556150913238525,0,1,0,0,0,0,1,0.69999999999999996,0.75394916534423828
lexical_bm25,classifier_gated,3285,no acute abnormality,no_finding,1,3,True,True,10,1,1,1,1,1,1,0,0,,1,1,1,1,1,1,0,0.66666666666666674,0.99999982118606567,1,1,1,1,1,1,0,0.40000000000000002,0.71556150913238525,1,1,1,1,1,1,0,0.69999999999999996,0.75394916534423828
lexical_bm25,classifier_gated,3290,fracture,fallback_strongest_positive,1,1,True,True,10,0,1,0,0,0,0,1,0,,0,0.66666666666666663,0,0,0,0,1,0,0.59695583581924438,0,0.66666666666666674,0,0,0,0,1,0,0.56320726871490479,0.20000000000000001,0.3833333333333333,0.12987501165334078,1,0.1111111111111111,1,0.80000000000000004,0,0.59001177549362183
lexical_bm25,classifier_gated,3347,fracture,fallback_strongest_positive,1,1,True,True,10,0,1,0,0,0,0,1,0,,0,0.66666666666666663,0,0,0,0,1,0,0.59695583581924438,0,0.66666666666666674,0,0,0,0,1,0,0.56320726871490479,0,0.3833333333333333,0,0,0,0,1,0,0.59001177549362183
lexical_bm25,classifier_gated,3358,no acute abnormality,no_finding,1,3,True,True,10,1,1,1,1,1,1,0,0,,1,1,1,1,1,1,0,0.66666666666666674,0.99999982118606567,1,1,1,1,1,1,0,0.40000000000000002,0.71556150913238525,1,1,1,1,1,1,0,0.69999999999999996,0.75394916534423828
lexical_bm25,classifier_gated,3363,no acute abnormality,no_finding,1,3,True,True,10,0,1,0,0,0,0,1,0,,0,1,0,0,0,0,1,0.66666666666666674,0.99999982118606567,0,1,0,0,0,0,1,0.40000000000000002,0.71556150913238525,0,1,0,0,0,0,1,0.69999999999999996,0.75394916534423828
lexical_bm25,classifier_gated,3369,pneumothorax,findings,1,1,True,False,10,0,0,0,,,0,1,0,,0.30555555555555552,0.16666666666666666,0.32651666410408225,,,1,0.33333333333333331,0,0.49485015869140625,0.25,0.10000000000000001,0.30972819217881026,,,1,0.40000000000000002,0,0.59181898832321167,0.15833333333333333,0.14999999999999999,0.23960359551747695,,,1,0.59999999999999998,0.099999999999999978,0.64938950538635254
lexical_bm25,classifier_gated,3370,no acute abnormality,no_finding,1,3,True,True,10,1,1,1,1,1,1,0,0,,1,1,1,1,1,1,0,0.66666666666666674,0.99999982118606567,1,1,1,1,1,1,0,0.40000000000000002,0.71556150913238525,1,1,1,1,1,1,0,0.69999999999999996,0.75394916534423828
lexical_bm25,classifier_gated,3374,no acute abnormality,no_finding,1,3,True,True,10,0,1,0,0,0,0,1,0,,0,1,0,0,0,0,1,0.66666666666666674,0.99999982118606567,0,1,0,0,0,0,1,0.40000000000000002,0.71556150913238525,0,1,0,0,0,0,1,0.69999999999999996,0.75394916534423828
lexical_bm25,classifier_gated,3378,fracture,findings,1,1,True,False,10,0.5,1,0.75,,,0.5,0,0,,0.33333333333333331,0.66666666666666663,0.6097907032889619,,,0.5,0.33333333333333331,0,0.59695583581924438,0.34999999999999998,0.66666666666666674,0.64575217914273164,,,0.5,0.20000000000000001,0,0.56320726871490479,0.20833333333333331,0.3833333333333333,0.48461656280701898,,,0.5,0.5,0,0.59001177549362183
lexical_bm25,classifier_gated,3379,enlarged cardiomediastinum,fallback_strongest_positive,1,2,True,True,10,0.5,0,0.5,0,0,0.5,0,0,,0.33333333333333331,0,0.35195904451706733,0,0,1,0.33333333333333331,0,0.66477137804031372,0.43333333333333329,0,0.41487438055145986,0,0,1,0.20000000000000001,0,0.680946946144104,0.41666666666666663,0,0.41294890357068376,0,0,1,0.20000000000000001,0,0.60796517133712769
lexical_bm25,classifier_gated,3386,no acute abnormality,no_finding,1,3,True,True,10,1,1,1,1,1,1,0,0,,1,1,1,1,1,1,0,0.66666666666666674,0.99999982118606567,1,1,1,1,1,1,0,0.40000000000000002,0.71556150913238525,1,1,1,1,1,1,0,0.69999999999999996,0.75394916534423828
lexical_bm25,classifier_gated,3434,lung opacity pleural abnormality,findings,2,4,True,True,10,1,0,1,1,1,1,0,0,,0.33333333333333331,0.16666666666666666,0.46927872602275644,1,1,1,0.66666666666666663,0,0.7413744330406189,0.20000000000000001,0.16666666666666666,0.33916020527361612,1,1,1,0.80000000000000004,0,0.69858038425445557,0.40000000000000002,0.18333333333333332,0.41939799988819831,1,1,1,0.59999999999999998,0.19999999999999996,0.7294958233833313
lexical_bm25,classifier_gated,3435,enlarged cardiomediastinum,fallback_strongest_positive,1,2,True,True,10,1,0,1,1,1,1,0,0,,0.41666666666666669,0,0.52793856677560103,1,1,1,0.33333333333333331,0,0.66477137804031372,0.51666666666666672,0,0.57135860661297189,1,1,1,0.20000000000000001,0,0.680946946144104,0.58333333333333326,0,0.60852960954717472,1,1,1,0.20000000000000001,0,0.60796517133712769
lexical_bm25,classifier_gated,3450,no acute abnormality,no_finding,1,3,True,True,10,1,1,1,1,1,1,0,0,,1,1,1,1,1,1,0,0.66666666666666674,0.99999982118606567,1,1,1,1,1,1,0,0.40000000000000002,0.71556150913238525,1,1,1,1,1,1,0,0.69999999999999996,0.75394916534423828
lexical_bm25,classifier_gated,3455,lung opacity pulmonary edema,findings,2,4,True,False,10,0.75,0.25,1,,,0.75,0,0,,0.6166666666666667,0.3611111111111111,0.85437815707576936,,,1,0,0,0.70383948087692261,0.52000000000000002,0.3833333333333333,0.75364129882854425,,,1,0,0,0.66776502132415771,0.40000000000000002,0.24166666666666664,0.6202720095058879,,,1,0.20000000000000001,0,0.6307138204574585
lexical_bm25,classifier_gated,3460,,empty,0,0,False,True,0,,,,,,,,,,,,,,,,,,,,,,,,,,,,,,,,,,,,
lexical_bm25,classifier_gated,3465,no acute abnormality,no_finding,1,3,True,True,10,1,1,1,1,1,1,0,0,,1,1,1,1,1,1,0,0.66666666666666674,0.99999982118606567,1,1,1,1,1,1,0,0.40000000000000002,0.71556150913238525,1,1,1,1,1,1,0,0.69999999999999996,0.75394916534423828
lexical_bm25,classifier_gated,3477,no acute abnormality,no_finding,1,3,True,True,10,1,1,1,1,1,1,0,0,,1,1,1,1,1,1,0,0.66666666666666674,0.99999982118606567,1,1,1,1,1,1,0,0.40000000000000002,0.71556150913238525,1,1,1,1,1,1,0,0.69999999999999996,0.75394916534423828
lexical_bm25,classifier_gated,3508,pleural effusion pleural abnormality,findings,2,4,True,False,10,0,0,0,,,0,1,0,,0,0,0,,,0,1,0.66666666666666674,0.99999982118606567,0,0,0,,,0,1,0.40000000000000002,0.76180285215377808,0,0,0,,,0,1,0.5,0.72878849506378174
lexical_bm25,classifier_gated,3528,no acute abnormality,no_finding,1,3,True,True,10,1,1,1,1,1,1,0,0,,1,1,1,1,1,1,0,0.66666666666666674,0.99999982118606567,1,1,1,1,1,1,0,0.40000000000000002,0.71556150913238525,1,1,1,1,1,1,0,0.69999999999999996,0.75394916534423828
lexical_bm25,classifier_gated,3539,no acute abnormality,no_finding,1,3,True,True,10,1,1,1,1,1,1,0,0,,1,1,1,1,1,1,0,0.66666666666666674,0.99999982118606567,1,1,1,1,1,1,0,0.40000000000000002,0.71556150913238525,1,1,1,1,1,1,0,0.69999999999999996,0.75394916534423828
lexical_bm25,classifier_gated,3542,no acute abnormality,no_finding,1,3,True,True,10,1,1,1,1,1,1,0,0,,1,1,1,1,1,1,0,0.66666666666666674,0.99999982118606567,1,1,1,1,1,1,0,0.40000000000000002,0.71556150913238525,1,1,1,1,1,1,0,0.69999999999999996,0.75394916534423828
lexical_bm25,classifier_gated,3559,fracture,findings,1,1,True,True,10,0,1,0,0,0,0,1,0,,0,0.66666666666666663,0,0,0,0,1,0,0.59695583581924438,0,0.66666666666666674,0,0,0,0,1,0,0.56320726871490479,0.050000000000000003,0.3833333333333333,0.03668196104968003,0,0,1,0.90000000000000002,0,0.59001177549362183
lexical_bm25,classifier_gated,3562,enlarged cardiomediastinum fracture,findings,2,3,True,True,10,0,0.33333333333333331,0,0,0,0,1,0,,0,0.33333333333333331,0,0,0,0,1,0,0.61660927534103394,0,0.29999999999999999,0,0,0,0,1,0,0.5348014235496521,0.033333333333333333,0.27500000000000002,0.022084741151463014,0,0,1,0.90000000000000002,0,0.56540399789810181
lexical_bm25,classifier_gated,3565,consolidation pneumonia,findings,2,2,True,True,10,0,0,0,0,0,0,1,0,,0.33333333333333331,0.22222222222222221,0.31453232719048041,1,0.5,1,0.66666666666666663,0,0.58733707666397095,0.20000000000000001,0.13333333333333333,0.24733135466151623,1,0.5,1,0.80000000000000004,0,0.66169446706771851,0.16666666666666666,0.16666666666666666,0.2402648712499505,1,0.5,1,0.80000000000000004,0,0.61835122108459473
lexical_bm25,classifier_gated,3589,pneumonia atelectasis,findings,2,2,True,True,10,0.25,0.5,0.25,0,0,1,0,0,,0.58333333333333337,0.27777777777777773,0.5,1,0.33333333333333331,1,0,0,0.6536480188369751,0.34999999999999998,0.33333333333333331,0.36136328632247594,1,0.33333333333333331,1,0.40000000000000002,0,0.64400339126586914,0.39500000000000002,0.29833333333333334,0.38565004309089546,1,0.33333333333333331,1,0.29999999999999999,0,0.64777892827987671
lexical_bm25,classifier_gated,3593,no acute abnormality,no_finding,1,3,True,True,10,1,1,1,1,1,1,0,0,,1,1,1,1,1,1,0,0.66666666666666674,0.99999982118606567,1,1,1,1,1,1,0,0.40000000000000002,0.71556150913238525,1,1,1,1,1,1,0,0.69999999999999996,0.75394916534423828
lexical_bm25,classifier_gated,3597,lung lesion,findings,1,2,True,True,10,0,0,0,0,0,0,1,0,,0,0,0,0,0,0,1,0,0.51725125312805176,0,0.20000000000000001,0,0,0,0,1,0,0.54078376293182373,0.11666666666666667,0.11666666666666667,0.075192658521747946,1,0.10000000000000001,1,0.80000000000000004,0,0.57630133628845215
lexical_bm25,classifier_gated,3608,cardiomegaly pulmonary edema,findings,2,3,True,True,10,0.5,1,0.5,0,0,1,0,0,,0.38888888888888884,0.77777777777777768,0.411546454337126,0,0,1,0,0,0.73647552728652954,0.5,0.69999999999999996,0.47733008588716386,1,0.20000000000000001,1,0,0,0.70205008983612061,0.65000000000000002,0.6333333333333333,0.58849674303966415,1,0.20000000000000001,1,0,0,0.68342971801757812
lexical_bm25,classifier_gated,3610,no acute abnormality,no_finding,1,3,True,True,10,1,1,1,1,1,1,0,0,,1,1,1,1,1,1,0,0.66666666666666674,0.99999982118606567,1,1,1,1,1,1,0,0.40000000000000002,0.71556150913238525,1,1,1,1,1,1,0,0.69999999999999996,0.75394916534423828
lexical_bm25,classifier_gated,3611,cardiomegaly pleural abnormality,findings,2,3,True,True,10,0,0.5,0,0,0,0,1,0,,0,0.5,0,0,0,0,1,0,0.57535511255264282,0,0.5,0,0,0,0,1,0,0.6522897481918335,0.025000000000000001,0.4416666666666666,0.022576388531472358,0,0,0.5,0.90000000000000002,0,0.62620300054550171
lexical_bm25,classifier_gated,3624,no acute abnormality,no_finding,1,3,True,True,10,1,1,1,1,1,1,0,0,,1,1,1,1,1,1,0,0.66666666666666674,0.99999982118606567,1,1,1,1,1,1,0,0.40000000000000002,0.71556150913238525,1,1,1,1,1,1,0,0.69999999999999996,0.75394916534423828
lexical_bm25,classifier_gated,3632,fracture,fallback_strongest_positive,1,1,True,True,10,0,1,0,0,0,0,1,0,,0,0.66666666666666663,0,0,0,0,1,0,0.59695583581924438,0.080000000000000002,0.66666666666666674,0.062072964137817495,0,0,0.5,0.80000000000000004,0,0.56320726871490479,0.040000000000000001,0.3833333333333333,0.041944175472795553,0,0,0.5,0.90000000000000002,0,0.59001177549362183
lexical_bm25,classifier_gated,3639,no acute abnormality,no_finding,1,3,True,True,10,1,1,1,1,1,1,0,0,,1,1,1,1,1,1,0,0.66666666666666674,0.99999982118606567,1,1,1,1,1,1,0,0.40000000000000002,0.71556150913238525,1,1,1,1,1,1,0,0.69999999999999996,0.75394916534423828
lexical_bm25,classifier_gated,3641,,empty,0,0,False,True,0,,,,,,,,,,,,,,,,,,,,,,,,,,,,,,,,,,,,
lexical_bm25,classifier_gated,3655,no acute abnormality,no_finding,1,3,True,True,10,0,1,0,0,0,0,1,0,,0,1,0,0,0,0,1,0.66666666666666674,0.99999982118606567,0,1,0,0,0,0,1,0.40000000000000002,0.71556150913238525,0,1,0,0,0,0,1,0.69999999999999996,0.75394916534423828
lexical_bm25,classifier_gated,3665,no acute abnormality,no_finding,1,3,True,True,10,1,1,1,1,1,1,0,0,,1,1,1,1,1,1,0,0.66666666666666674,0.99999982118606567,1,1,1,1,1,1,0,0.40000000000000002,0.71556150913238525,1,1,1,1,1,1,0,0.69999999999999996,0.75394916534423828
lexical_bm25,classifier_gated,3667,support device,findings,1,2,True,True,10,1,1,1,1,1,1,0,0,,1,1,1,1,1,1,0,0,0.45086362957954407,1,1,1,1,1,1,0,0,0.55285274982452393,0.72499999999999998,0.72499999999999998,0.81318000494387221,1,1,1,0.10000000000000001,0,0.51251065731048584
lexical_bm25,classifier_gated,3672,pulmonary edema,findings,1,2,True,True,10,0.5,0.33333333333333331,0.5,0,0,0.66666666666666663,0,0,,0.55555555555555547,0.38888888888888884,0.58357967602308847,0,0,0.66666666666666663,0,0,0.68155890703201294,0.43333333333333329,0.29999999999999993,0.53472102446443837,0,0,0.66666666666666663,0.20000000000000001,0,0.64853775501251221,0.39166666666666666,0.18333333333333329,0.52881836441642882,0,0,1,0.20000000000000001,0,0.624947190284729
lexical_bm25,classifier_gated,3683,no acute abnormality,no_finding,1,3,True,True,10,0,1,0,0,0,0,1,0,,0,1,0,0,0,0,1,0.66666666666666674,0.99999982118606567,0,1,0,0,0,0,1,0.40000000000000002,0.71556150913238525,0,1,0,0,0,0,1,0.69999999999999996,0.75394916534423828
lexical_bm25,classifier_gated,3692,no acute abnormality,no_finding,1,3,True,True,10,1,1,1,1,1,1,0,0,,1,1,1,1,1,1,0,0.66666666666666674,0.99999982118606567,1,1,1,1,1,1,0,0.40000000000000002,0.71556150913238525,1,1,1,1,1,1,0,0.69999999999999996,0.75394916534423828
lexical_bm25,classifier_gated,3693,,empty,0,0,False,True,0,,,,,,,,,,,,,,,,,,,,,,,,,,,,,,,,,,,,
lexical_bm25,classifier_gated,3701,no acute abnormality,no_finding,1,3,True,True,10,1,1,1,1,1,1,0,0,,1,1,1,1,1,1,0,0.66666666666666674,0.99999982118606567,1,1,1,1,1,1,0,0.40000000000000002,0.71556150913238525,1,1,1,1,1,1,0,0.69999999999999996,0.75394916534423828
lexical_bm25,classifier_gated,3720,no acute abnormality,no_finding,1,3,True,True,10,1,1,1,1,1,1,0,0,,1,1,1,1,1,1,0,0.66666666666666674,0.99999982118606567,1,1,1,1,1,1,0,0.40000000000000002,0.71556150913238525,1,1,1,1,1,1,0,0.69999999999999996,0.75394916534423828
lexical_bm25,classifier_gated,3726,no acute abnormality,no_finding,1,3,True,True,10,1,1,1,1,1,1,0,0,,1,1,1,1,1,1,0,0.66666666666666674,0.99999982118606567,1,1,1,1,1,1,0,0.40000000000000002,0.71556150913238525,1,1,1,1,1,1,0,0.69999999999999996,0.75394916534423828
lexical_bm25,classifier_gated,3756,atelectasis,findings,1,1,True,True,10,0.33333333333333331,0.33333333333333331,0.33333333333333331,0,0,1,0,0,,0.44444444444444442,0.44444444444444442,0.4217868789962072,0,0,1,0,0,0.6185038685798645,0.36666666666666664,0.56666666666666665,0.37043912419971076,0,0,1,0.20000000000000001,0,0.61692237854003906,0.28333333333333333,0.68333333333333335,0.3082323671270511,0,0,1,0.40000000000000002,0,0.6786266565322876
lexical_bm25,classifier_gated,3785,no acute abnormality,no_finding,1,3,True,True,10,0,1,0,0,0,0,1,0,,0,1,0,0,0,0,1,0.66666666666666674,0.99999982118606567,0,1,0,0,0,0,1,0.40000000000000002,0.71556150913238525,0,1,0,0,0,0,1,0.69999999999999996,0.75394916534423828
lexical_bm25,classifier_gated,3787,no acute abnormality,no_finding,1,3,True,True,10,1,1,1,1,1,1,0,0,,1,1,1,1,1,1,0,0.66666666666666674,0.99999982118606567,1,1,1,1,1,1,0,0.40000000000000002,0.71556150913238525,1,1,1,1,1,1,0,0.69999999999999996,0.75394916534423828
lexical_bm25,classifier_gated,3790,atelectasis pleural effusion fracture,findings,3,4,True,True,10,0,0.66666666666666663,0,0,0,0,1,0,,0.1111111111111111,0.72222222222222221,0.098693970321955066,0,0,1,0.66666666666666663,0,0.56990975141525269,0.066666666666666666,0.56666666666666665,0.071328754911509182,0,0,1,0.80000000000000004,0,0.51926255226135254,0.066666666666666666,0.3833333333333333,0.072420237617409955,0,0,1,0.80000000000000004,0,0.58578330278396606
lexical_bm25,classifier_gated,3793,lung opacity,findings,1,2,True,True,10,0,0,0,0,0,0,1,0,,0.5,0.5,0.41340159247155434,1,0.5,1,0.33333333333333331,0,0.71375292539596558,0.69999999999999996,0.69999999999999996,0.57604974340797988,1,0.5,1,0.20000000000000001,0,0.72270810604095459,0.51666666666666661,0.51666666666666661,0.49298963354937758,1,0.5,1,0.20000000000000001,0,0.71254485845565796
lexical_bm25,classifier_gated,3809,no acute abnormality,no_finding,1,3,True,True,10,1,1,1,1,1,1,0,0,,1,1,1,1,1,1,0,0.66666666666666674,0.99999982118606567,1,1,1,1,1,1,0,0.40000000000000002,0.71556150913238525,1,1,1,1,1,1,0,0.69999999999999996,0.75394916534423828
lexical_bm25,classifier_gated,3814,fracture,fallback_strongest_positive,1,1,True,True,10,0,1,0,0,0,0,1,0,,0,0.66666666666666663,0,0,0,0,1,0,0.59695583581924438,0,0.66666666666666674,0,0,0,0,1,0,0.56320726871490479,0.20000000000000001,0.3833333333333333,0.12987501165334078,1,0.1111111111111111,1,0.80000000000000004,0,0.59001177549362183
lexical_bm25,classifier_gated,3817,enlarged cardiomediastinum,fallback_strongest_positive,1,2,True,True,10,0,0,0,0,0,0,1,0,,0.33333333333333331,0,0.29608191096586522,1,0.5,1,0.66666666666666663,0,0.66477137804031372,0.20000000000000001,0,0.21398626473452756,1,0.5,1,0.80000000000000004,0,0.680946946144104,0.10000000000000001,0,0.13886244387355456,1,0.5,1,0.90000000000000002,0,0.60796517133712769
lexical_bm25,classifier_gated,3830,no acute abnormality,no_finding,1,3,True,True,10,1,1,1,1,1,1,0,0,,1,1,1,1,1,1,0,0.66666666666666674,0.99999982118606567,1,1,1,1,1,1,0,0.40000000000000002,0.71556150913238525,1,1,1,1,1,1,0,0.69999999999999996,0.75394916534423828
lexical_bm25,classifier_gated,3837,no acute abnormality,no_finding,1,3,True,True,10,1,1,1,1,1,1,0,0,,1,1,1,1,1,1,0,0.66666666666666674,0.99999982118606567,1,1,1,1,1,1,0,0.40000000000000002,0.71556150913238525,1,1,1,1,1,1,0,0.69999999999999996,0.75394916534423828
lexical_bm25,classifier_gated,3847,pneumothorax pleural effusion,findings,2,3,True,True,10,0,0,0,0,0,0,1,0,,0,0,0,0,0,0,1,0,0.64804011583328247,0,0,0,0,0,0,1,0.19999999999999996,0.74064028263092041,0,0.033333333333333333,0,0,0,0,1,0.099999999999999978,0.68874114751815796
lexical_bm25,classifier_gated,3866,lung opacity consolidation pneumonia,findings,3,4,True,True,10,0.5,0.33333333333333331,0.5,0,0,0.5,0,0,,0.44444444444444442,0.30555555555555552,0.46089343949810357,0,0,0.5,0,0,0.74164789915084839,0.36666666666666664,0.25,0.39870247463917874,0,0,0.5,0.20000000000000001,0,0.68557149171829224,0.4416666666666666,0.34499999999999997,0.43728435517636988,1,0.10000000000000001,1,0.10000000000000001,0,0.71306973695755005
lexical_bm25,classifier_gated,3875,lung opacity,fallback_strongest_positive,1,2,True,True,10,0,0,0,0,0,0,1,0,,0.5,0.5,0.41340159247155434,1,0.5,1,0.33333333333333331,0,0.71375292539596558,0.69999999999999996,0.69999999999999996,0.57604974340797988,1,0.5,1,0.20000000000000001,0,0.72270810604095459,0.51666666666666661,0.51666666666666661,0.49298963354937758,1,0.5,1,0.20000000000000001,0,0.71254485845565796
lexical_bm25,classifier_gated,3879,pneumonia,fallback_strongest_positive,1,1,True,True,10,0,0,0,0,0,0,1,0,,0.33333333333333331,0,0.23463936301137822,1,0.33333333333333331,1,0.66666666666666663,0,0.58168119192123413,0.40000000000000002,0.050000000000000003,0.31564845247951451,1,0.33333333333333331,1,0.59999999999999998,0,0.6264607310295105,0.5,0.125,0.4138836150091173,1,0.33333333333333331,1,0.5,0,0.68054014444351196
lexical_bm25,classifier_gated,3880,cardiomegaly,findings,1,1,True,True,10,0.33333333333333331,1,0.33333333333333331,0,0,0.33333333333333331,0,0,,0.55555555555555547,0.77777777777777768,0.53072127397724345,1,0.5,1,0,0,0.73306912183761597,0.46666666666666662,0.86666666666666659,0.47599084315635176,1,0.5,1,0,0,0.71242028474807739,0.39166666666666672,0.88333333333333319,0.4338822513534325,1,0.5,1,0,0,0.70612478256225586
lexical_bm25,classifier_gated,3883,no acute abnormality,no_finding,1,3,True,True,10,1,1,1,1,1,1,0,0,,1,1,1,1,1,1,0,0.66666666666666674,0.99999982118606567,1,1,1,1,1,1,0,0.40000000000000002,0.71556150913238525,1,1,1,1,1,1,0,0.69999999999999996,0.75394916534423828
lexical_bm25,classifier_gated,3900,no acute abnormality,no_finding,1,3,True,True,10,1,1,1,1,1,1,0,0,,1,1,1,1,1,1,0,0.66666666666666674,0.99999982118606567,1,1,1,1,1,1,0,0.40000000000000002,0.71556150913238525,1,1,1,1,1,1,0,0.69999999999999996,0.75394916534423828
lexical_bm25,classifier_gated,3905,cardiomegaly,findings,1,1,True,True,10,1,1,1,1,1,1,0,0,,0.77777777777777768,0.77777777777777768,0.80261205935608981,1,1,1,0,0,0.73306912183761597,0.86666666666666659,0.86666666666666659,0.85734249017698161,1,1,1,0,0,0.71242028474807739,0.88333333333333319,0.88333333333333319,0.87074307636795034,1,1,1,0,0,0.70612478256225586
lexical_bm25,classifier_gated,3939,no acute abnormality,no_finding,1,3,True,True,10,1,1,1,1,1,1,0,0,,1,1,1,1,1,1,0,0.66666666666666674,0.99999982118606567,1,1,1,1,1,1,0,0.40000000000000002,0.71556150913238525,1,1,1,1,1,1,0,0.69999999999999996,0.75394916534423828
lexical_bm25,classifier_gated,3951,lung lesion,findings,1,2,True,True,10,0,0,0,0,0,0,1,0,,0,0,0,0,0,0,1,0,0.51725125312805176,0.10000000000000001,0.20000000000000001,0.073034174921353223,0,0,0.5,0.80000000000000004,0,0.54078376293182373,0.21666666666666665,0.11666666666666667,0.18049502042150936,0,0,1,0.5,0,0.57630133628845215
lexical_bm25,classifier_gated,3953,fracture,fallback_strongest_positive,1,1,True,True,10,0,1,0,0,0,0,1,0,,0,0.66666666666666663,0,0,0,0,1,0,0.59695583581924438,0,0.66666666666666674,0,0,0,0,1,0,0.56320726871490479,0.20000000000000001,0.3833333333333333,0.12987501165334078,1,0.1111111111111111,1,0.80000000000000004,0,0.59001177549362183
lexical_bm25,classifier_gated,3968,fracture,fallback_strongest_positive,1,1,True,True,10,0,1,0,0,0,0,1,0,,0,0.66666666666666663,0,0,0,0,1,0,0.59695583581924438,0,0.66666666666666674,0,0,0,0,1,0,0.56320726871490479,0,0.3833333333333333,0,0,0,0,1,0,0.59001177549362183
lexical_bm25,classifier_gated,3972,lung opacity pneumonia pleural abnormality,findings,3,5,True,True,10,1,0.33333333333333331,1,1,1,1,0,0,,0.66666666666666663,0.22222222222222221,0.76536063698862167,1,1,1,0.33333333333333331,0,0.69373434782028198,0.80000000000000004,0.26666666666666666,0.83041989736319199,1,1,1,0.20000000000000001,0,0.71400034427642822,0.59999999999999998,0.2583333333333333,0.68380996622934631,1,1,1,0.29999999999999999,0,0.68486881256103516
lexical_bm25,classifier_gated,3973,fracture,findings,1,1,True,True,10,0,1,0,0,0,0,1,0,,0,0.66666666666666663,0,0,0,0,1,0,0.59695583581924438,0,0.66666666666666674,0,0,0,0,1,0,0.56320726871490479,0.20000000000000001,0.3833333333333333,0.12987501165334078,1,0.1111111111111111,1,0.80000000000000004,0,0.59001177549362183
lexical_bm25,classifier_gated,3976,no acute abnormality,no_finding,1,3,True,True,10,1,1,1,1,1,1,0,0,,1,1,1,1,1,1,0,0.66666666666666674,0.99999982118606567,1,1,1,1,1,1,0,0.40000000000000002,0.71556150913238525,1,1,1,1,1,1,0,0.69999999999999996,0.75394916534423828
lexical_bm25,classifier_gated,3980,lung opacity pleural effusion,findings,2,4,True,False,10,0,0,0,,,0,1,0,,0.14999999999999999,0.27777777777777773,0.1563723202430635,,,0.25,0.33333333333333331,0,0.71375292539596558,0.19,0.36666666666666664,0.20919888636039541,,,0.5,0.40000000000000002,0,0.70789110660552979,0.185,0.30833333333333329,0.23647797689800235,,,0.75,0.40000000000000002,0,0.6919625997543335
lexical_bm25,classifier_gated,3982,no acute abnormality,no_finding,1,3,True,True,10,1,1,1,1,1,1,0,0,,1,1,1,1,1,1,0,0.66666666666666674,0.99999982118606567,1,1,1,1,1,1,0,0.40000000000000002,0.71556150913238525,1,1,1,1,1,1,0,0.69999999999999996,0.75394916534423828
