policy,uid,truth_findings,query,query_findings,top1_uid,top1_findings,top1_jaccard_vs_truth,outcome,attribution,classifier_error_subtype,mapping_uncertainty_flag,unmapped_terms_present,top1_report_text,query_study_report_text,example_rank
oracle,20,No Finding,no acute abnormality,No Finding,3719,No Finding,1.0,good,none,,False,False,No active disease.,The cardiac and mediastinal silhouettes are unremarkable. The lungs are well expanded and clear. There are no focal air space opacities. There is no pneumothorax or effusion. There are mild degenerative changes of the thoracic spine. No evidence of acute cardiopulmonary process. Stable appearance of the chest.,1
oracle,23,No Finding,no acute abnormality,No Finding,3719,No Finding,1.0,good,none,,False,False,No active disease.,The heart size and pulmonary vascularity appear within normal limits. The lungs are free of focal airspace disease. No pleural effusion or pneumothorax is seen. No evidence of active disease.,2
oracle,33,Support Devices,support device,Support Devices,3929,Cardiomegaly;Support Devices,0.5,partial,retrieval_mismatch_despite_correct_query,,False,False,"A cardiac pacemaker/defibrillator device is redemonstration of the left chest wall with a single projecting over the right atrium and 2 leads projecting over the right ventricle. The cardiac silhouette is mildly enlarged, unchanged. No focal pulmonary consolidation. No pneumothorax. No pleural effusion. Minimal degenerative changes of the thoracic spine..",Cardiac and mediastinal contours are within normal limits. The lungs are clear. Left axillary surgical clips. Bony structures are intact. No active pulmonary disease.,1
oracle,50,Cardiomegaly,cardiomegaly,Cardiomegaly,2040,Cardiomegaly,1.0,good,none,,False,True,Cardiomegaly. No effusions or edema. Clear chest,A lung volumes. Lungs are clear without focal airspace disease. No pleural effusions or pneumothoraces. cardiomegaly. Degenerative changes in the spine. Cardiomegaly with low lung volumes which are grossly clear.,3
oracle,54,Atelectasis,atelectasis,Atelectasis,3140,Lung Opacity;Atelectasis,0.5,partial,retrieval_mismatch_despite_correct_query,,False,True,"Streaky opacities in the right lower lobe most suggestive of atelectasis, differential diagnosis includes atypical infection. No definite pleural effusion seen. Heart size within normal limits, no typical findings of pulmonary edema.","The lungs are clear bilaterally. Specifically, no evidence of focal consolidation, pneumothorax, or pleural effusion.. Minimal right basilar subsegmental atelectasis noted. Cardio mediastinal silhouette is unremarkable. Tortuosity of the thoracic aorta noted. Scattered calcified granulomas are seen without evidence of active granulomatous/tuberculous process. Visualized osseous structures of the thorax are without acute abnormality. No acute cardiopulmonary abnormality.",2
oracle,66,No Finding,no acute abnormality,No Finding,3719,No Finding,1.0,good,none,,False,False,No active disease.,"Chest. Both lungs are clear and expanded with no pleural air collections or parenchymal consolidations. Heart and mediastinum remain normal. Lumbosacral spine., disc spaces, and alignment are normal. Sacrum and sacroiliac joints are normal. 1. Chest. No active disease. 2. Lumbar spine negative.",4
oracle,72,No Finding,no acute abnormality,No Finding,3719,No Finding,1.0,good,none,,False,False,No active disease.,"Lungs are clear without focal consolidation, effusion, or pneumothorax. Normal heart size. Bony thorax and soft tissues grossly unremarkable. Negative acute cardiopulmonary abnormality.",5
oracle,73,Atelectasis;Pleural Effusion,atelectasis pleural effusion,Atelectasis;Pleural Effusion,3140,Lung Opacity;Atelectasis,0.3333333333333333,partial,retrieval_mismatch_despite_correct_query,,False,True,"Streaky opacities in the right lower lobe most suggestive of atelectasis, differential diagnosis includes atypical infection. No definite pleural effusion seen. Heart size within normal limits, no typical findings of pulmonary edema.","Improved basilar aeration. Persistent small bilateral pleural effusions, on the right, small on the left with some associated left basilar atelectasis. Lungs otherwise clear. Unremarkable mediastinal contour. Changes of emphysema. No acute abnormalities since the previous chest radiograph.",3
oracle,78,Atelectasis,atelectasis,Atelectasis,3140,Lung Opacity;Atelectasis,0.5,partial,retrieval_mismatch_despite_correct_query,,False,False,"Streaky opacities in the right lower lobe most suggestive of atelectasis, differential diagnosis includes atypical infection. No definite pleural effusion seen. Heart size within normal limits, no typical findings of pulmonary edema.",Heart size normal. Right lung clear. Minimal basilar atelectasis on the left,4
oracle,80,No Finding,no acute abnormality,No Finding,3719,No Finding,1.0,good,none,,False,False,No active disease.,"Heart size and mediastinal contour within normal limits. No focal airspace consolidation, pneumothorax, or large pleural effusion. No acute osseous abnormality. No acute cardiopulmonary abnormality.",6
oracle,113,Lung Opacity;Lung Lesion,lung opacity lung lesion,Lung Opacity;Lung Lesion,1972,Lung Opacity,0.5,partial,retrieval_mismatch_despite_correct_query,,True,False,There is a airspace opacity in the left upper lung. Heart size within normal limits. Mild calcification of the aortic. No pneumothorax or pleural effusions. airspace opacity in the left upper lung which may represent streaky atelectasis or resolving pneumonia.,"The heart and mediastinum are unremarkable. There are two subcentimeter hyperdense nodular opacities are noted within the right lung. These may represent on end or alternatively, calcified granulomas. The lungs are clear without infiltrate. There is no effusion or pneumothorax. 1. No acute cardiopulmonary disease.",5
oracle,117,No Finding,no acute abnormality,No Finding,3719,No Finding,1.0,good,none,,False,False,No active disease.,"Comparison,. No suspicious appearing lung nodules. Well-expanded and clear lungs. Mediastinal contour within normal limits. No acute cardiopulmonary abnormality identified. Stable chest.",7
oracle,144,Lung Opacity;Atelectasis,lung opacity atelectasis,Lung Opacity;Atelectasis,3721,Lung Opacity;Atelectasis,1.0,good,none,,False,True,Streaky opacity is noted within the left lung base which may represent focal area of atelectasis. Right lung is grossly clear. Cardiac silhouette and mediastinal contours are within normal limits. There is no pneumothorax. No large pleural effusion. Left lower lobe atelectasis otherwise no acute cardiopulmonary disease.,Overall low lung volumes with mild patchy bibasilar airspace disease. This most represents atelectasis given the low lung volumes. No pleural effusions or pneumothoraces. Heart and mediastinum of normal size and contour. Mild patchy bibasilar airspace disease most representing atelectasis given the low lung volumes.,8
oracle,152,Cardiomegaly;Fracture,cardiomegaly fracture,Cardiomegaly;Fracture,3273,Cardiomegaly,0.5,partial,retrieval_mismatch_despite_correct_query,,False,True,"Cardiomegaly. No focal consolidation, effusion, or pneumothorax. Mild unfolding of the thoracic aorta. Bony thorax and soft tissues grossly unremarkable. Cardiomegaly without acute cardiopulmonary abnormality.","Stable cardiomediastinal silhouette with mild cardiomegaly and aortic ectasia and tortuosity. No alveolar consolidation, no findings of pleural effusion. Chronic appearing bilateral rib contour deformities compatible with old fractures. No pneumothorax. No acute findings.",6
oracle,160,Lung Opacity,lung opacity,Lung Opacity,1972,Lung Opacity,1.0,good,none,,False,False,There is a airspace opacity in the left upper lung. Heart size within normal limits. Mild calcification of the aortic. No pneumothorax or pleural effusions. airspace opacity in the left upper lung which may represent streaky atelectasis or resolving pneumonia.,The heart is normal in size. The mediastinum is unremarkable. There is patchy infiltrate within normal right lower lobe. Mild opacities in the retrocardiac region. No large effusions or pneumothorax. Patchy right lower lobe infiltrate as well as probable left basilar infiltrate versus atelectasis.,9
oracle,188,Lung Opacity;Atelectasis;Pleural Effusion,lung opacity atelectasis pleural effusion,Lung Opacity;Atelectasis;Pleural Effusion,1016,Lung Opacity;Atelectasis;Pleural Effusion;Pleural Other,0.75,partial,retrieval_mismatch_despite_correct_query,,False,False,"Comparison,. right pleural opacity along the lower chest wall compatible with thickening and/or some loculated effusion, accompanied with some adjacent atelectasis / airspace disease within the right lung base. Round opacity seen projecting adjacent to right hilum on PA view is on lateral view to represent some discoid atelectasis or fluid associated with the upper aspect of the fissure. Some opacities compatible with scarring/chronic inflammatory change are seen within the left lower lung which are more conspicuous versus previous examination. Stable mediastinal contour.","1. No residual right pleural effusion identified status post thoracentesis. No pneumothorax. 2. Mediastinum, cardiac size grossly stable. 3. Small to moderate left-sided pleural effusion, increased compared to prior chest radiograph. Left lung base atelectasis/airspace disease.",7
oracle,189,Lung Opacity;Atelectasis,lung opacity atelectasis,Lung Opacity;Atelectasis,3721,Lung Opacity;Atelectasis,1.0,good,none,,False,True,Streaky opacity is noted within the left lung base which may represent focal area of atelectasis. Right lung is grossly clear. Cardiac silhouette and mediastinal contours are within normal limits. There is no pneumothorax. No large pleural effusion. Left lower lobe atelectasis otherwise no acute cardiopulmonary disease.,"The heart, pulmonary and mediastinum are within normal limits. There is no pleural effusion or pneumothorax. There is no focal air space opacity to suggest a pneumonia. There is a 1 cm focal opacity in the right lung apex incompletely evaluated by this exam. There is minimal left basilar opacity compatible with scarring or atelectasis. There are degenerative changes of the spine. 1 cm of apical opacity, scarring versus nodule. A noncontrast is indicated for further characterization. Critical result notification documented through Primordial.",10
oracle,195,No Finding,no acute abnormality,No Finding,3719,No Finding,1.0,good,none,,False,False,No active disease.,Clear lungs bilaterally. No pneumothorax or pleural effusion. Normal cardiac contours 1. No acute cardiopulmonary abnormalities,11
oracle,220,Lung Lesion;Support Devices,lung lesion support device,Lung Lesion;Support Devices,3631,Support Devices,0.5,partial,retrieval_mismatch_despite_correct_query,,False,False,"1. All lines and tubes in stable, position. 2. Limited portable study with stable appearance of lung with stable widened mediastinum 3. No acute findings/pneumothorax noted.",The heart is normal in size. The mediastinum is stable. Left-sided chest is again visualized with tip at cavoatrial junction. There is no pneumothorax. Numerous bilateral pulmonary nodules have increased in size and number compared to prior study. The dominant nodule/mass in the left midlung is also mildly increased. There is no pleural effusion. Interval increase in size and number of innumerable bilateral pulmonary nodules consistent with worsening metastatic disease.,8
oracle,222,No Finding,no acute abnormality,No Finding,3719,No Finding,1.0,good,none,,False,False,No active disease.,The heart size and pulmonary vascularity appear within normal limits. The lungs are free of focal airspace disease. No pleural effusion or pneumothorax is seen. 1. No evidence of active disease.,12
oracle,229,Lung Lesion,lung lesion,Lung Lesion,1220,,0.0,poor,retrieval_mismatch_despite_correct_query,,False,True,"There is hyperexpansion, hyperlucency of both lungs, as well as flattening of the diaphragm consistent with chronic emphysematous lung disease. No focal consolidation, pneumothorax, or large pleural effusion identified (blunting of costophrenic recesses bilaterally may represent small effusions or pleural thickening/scar. Stable calcified mediastinal and hilar lymph and a left basilar calcified granuloma. Acute osseous abnormality. The mediastinal silhouette stable. Changes of chronic emphysematous lung disease without acute cardiopulmonary abnormality identified.","Heart size within normal limits. No focal alveolar consolidation, no definite pleural effusion seen. No typical findings of pulmonary edema. Mediastinal calcification and dense right upper lung nodule suggest a previous granulomatous process. No acute cardiopulmonary findings",1
oracle,249,Lung Lesion,lung lesion,Lung Lesion,1220,,0.0,poor,retrieval_mismatch_despite_correct_query,,False,False,"There is hyperexpansion, hyperlucency of both lungs, as well as flattening of the diaphragm consistent with chronic emphysematous lung disease. No focal consolidation, pneumothorax, or large pleural effusion identified (blunting of costophrenic recesses bilaterally may represent small effusions or pleural thickening/scar. Stable calcified mediastinal and hilar lymph and a left basilar calcified granuloma. Acute osseous abnormality. The mediastinal silhouette stable. Changes of chronic emphysematous lung disease without acute cardiopulmonary abnormality identified.","Lobulated right middle lobe mass measuring 4.5 x 6.8 cm, increased in size compared to prior study, most compatible with neoplasm. Otherwise, the lungs are clear without focal consolidation. No pneumothorax or pleural effusion. Cardiomediastinal silhouette within normal limits. 1. Interval enlargement of right middle lobe mass, highly suspicious for malignancy. Recommend CT of the chest/abdomen with intravenous contrast for further evaluation. 2. Otherwise clear lungs. Dr. notified of the critical results at on, by telephone and acknowledged receipt of these results.",2
oracle,266,Cardiomegaly,cardiomegaly,Cardiomegaly,2040,Cardiomegaly,1.0,good,none,,False,True,Cardiomegaly. No effusions or edema. Clear chest,"The lungs and pleural spaces show no acute abnormality. Heart size is mildly enlarged, pulmonary vascularity within normal limits. Atherosclerotic calcifications are present in the aortic. 1. No acute pulmonary abnormality. 2. Mild cardiomegaly, atherosclerotic disease.",13
oracle,268,Lung Opacity;Pneumonia,lung opacity pneumonia,Lung Opacity;Pneumonia,742,Lung Opacity,0.5,partial,retrieval_mismatch_despite_correct_query,,False,False,"focal opacity in the medial right lung base seen on the frontal view. No definite pleural effusion. Stable cardiomediastinal silhouette with normal heart size, no typical findings of pulmonary edema. Abnormal opacity in the right lung base which may be compatible with pneumonia in the appropriate clinical setting. Recommend clinical correlation for infection and followup to resolution. Or, if clinical findings are not compatible with may be of.",There is a right upper lobe opacity. Cardiomediastinal silhouette is normal. Pulmonary vasculature and are normal. Osseous structures and soft tissues are normal. Right upper lobe pneumonia.,9
oracle,278,Lung Opacity;Lung Lesion,lung opacity lung lesion,Lung Opacity;Lung Lesion,1972,Lung Opacity,0.5,partial,retrieval_mismatch_despite_correct_query,,False,True,There is a airspace opacity in the left upper lung. Heart size within normal limits. Mild calcification of the aortic. No pneumothorax or pleural effusions. airspace opacity in the left upper lung which may represent streaky atelectasis or resolving pneumonia.,"No pneumothorax, pleural effusion, or focal airspace disease. Heart size normal. Stable cardiomediastinal silhouette. Nodular opacities consistent with chronic granulomatous disease. Bony structures intact. Negative for acute cardiopulmonary disease.",10
oracle,290,Support Devices,support device,Support Devices,3929,Cardiomegaly;Support Devices,0.5,partial,retrieval_mismatch_despite_correct_query,,False,False,"A cardiac pacemaker/defibrillator device is redemonstration of the left chest wall with a single projecting over the right atrium and 2 leads projecting over the right ventricle. The cardiac silhouette is mildly enlarged, unchanged. No focal pulmonary consolidation. No pneumothorax. No pleural effusion. Minimal degenerative changes of the thoracic spine..",The lungs are clear. There are multiple surgical seen near the apical regions and lower cervical region bilaterally. The heart and mediastinum are normal. There is a screw in the right shoulder. The soft tissues are normal. 1. No active disease. 2. There are numerous small surgical clips seen overlying the upper thorax bilaterally and the lower cervical region of uncertain significance.,11
oracle,298,No Finding,no acute abnormality,No Finding,3719,No Finding,1.0,good,none,,False,False,No active disease.,The lungs are clear. There is no pleural effusion or pneumothorax. The heart and mediastinum are normal. The skeletal structures are normal. No acute pulmonary disease.,14
oracle,310,No Finding,no acute abnormality,No Finding,3719,No Finding,1.0,good,none,,False,False,No active disease.,"Chest. The examination consists of frontal and lateral radiographs of the chest. The cardiomediastinal contours are within normal limits. No focal consolidation, pleural effusion, or pneumothorax identified. The visualized osseous structures and upper abdomen are unremarkable. Thoracic spine. The examination consists of frontal, lateral and swimmers lateral radiographs of the thoracic spine. There is no evidence of fracture or malalignment. The vertebral body and disc spaces are maintained. Sternum. The examination consists of 2 oblique and one lateral radiograph of the sternum. No displaced fracture demonstrated. 1. No radiographic evidence of acute thoracic.",15
oracle,317,No Finding,no acute abnormality,No Finding,3719,No Finding,1.0,good,none,,False,False,No active disease.,Normal heart size. Normal mediastinal silhouette. No pneumothorax or pleural effusion. No suspicious focal air space opacity. No acute abnormality.,16
oracle,325,No Finding,no acute abnormality,No Finding,3719,No Finding,1.0,good,none,,False,False,No active disease.,Lungs are clear. No pleural effusions or pneumothoraces. Heart and mediastinum of normal size and contour. Clear lungs.,17
oracle,332,Lung Opacity,lung opacity,Lung Opacity,1972,Lung Opacity,1.0,good,none,,False,False,There is a airspace opacity in the left upper lung. Heart size within normal limits. Mild calcification of the aortic. No pneumothorax or pleural effusions. airspace opacity in the left upper lung which may represent streaky atelectasis or resolving pneumonia.,"There are are streaky retrocardiac left lower lobe opacities, in the correct clinical setting this could represent a pneumonia. There is no pneumothorax or pleural effusion. The cardiac silhouette is within normal limits. Streaky left retrocardiac airspace opacities, in the correct clinical setting this could represent a pneumonia.",18
oracle,335,Support Devices,support device,Support Devices,3929,Cardiomegaly;Support Devices,0.5,partial,retrieval_mismatch_despite_correct_query,,False,False,"A cardiac pacemaker/defibrillator device is redemonstration of the left chest wall with a single projecting over the right atrium and 2 leads projecting over the right ventricle. The cardiac silhouette is mildly enlarged, unchanged. No focal pulmonary consolidation. No pneumothorax. No pleural effusion. Minimal degenerative changes of the thoracic spine..",A left-sided hemodialysis catheter is in with its distal tip at the right atrium. The cardiac silhouette and mediastinal contours are within normal limits. There is no focal opacity. There is no pneumothorax. No large pleural effusion. Stable position of the left-sided hemodialysis catheter otherwise no acute cardiopulmonary disease.,12
oracle,338,No Finding,no acute abnormality,No Finding,3719,No Finding,1.0,good,none,,False,False,No active disease.,"The heart, pulmonary and mediastinum are within normal limits. There is no pleural effusion or pneumothorax. There is no focal air space opacity to suggest a pneumonia. The patient was shielded. No acute cardiopulmonary disease.",19
oracle,368,No Finding,no acute abnormality,No Finding,3719,No Finding,1.0,good,none,,False,False,No active disease.,Cardiomediastinal silhouette and pulmonary vasculature are within normal limits. Lungs are clear. No pneumothorax or pleural effusion. No acute osseous findings. No acute cardiopulmonary findings.,20
oracle,373,No Finding,no acute abnormality,No Finding,3719,No Finding,1.0,good,none,,False,False,No active disease.,Both lungs are clear and expanded. Heart and mediastinum normal. No active disease.,21
oracle,382,Lung Opacity,lung opacity,Lung Opacity,1972,Lung Opacity,1.0,good,none,,False,True,There is a airspace opacity in the left upper lung. Heart size within normal limits. Mild calcification of the aortic. No pneumothorax or pleural effusions. airspace opacity in the left upper lung which may represent streaky atelectasis or resolving pneumonia.,"Stable, normal cardiac size, mediastinum, and central pulmonary vasculature. Marked bullous emphysematous changes and traction bronchiectasis, again most notable involving the bilateral upper lobes. Stable prominent ovoid opacity (4.3 x 2.8 ) a large left upper lobe, reflecting a superimposed aspergilloma-as more readily demonstrated on the previous CT chest study from. No areas of alveolar airspace consolidation are identified. No evidence of pleural effusion or pneumothorax. 1. Marked bullous emphysematous changes and traction bronchiectasis, again most notable involving the bilateral upper lobes. Stable suspected superimposed left upper lobe aspergilloma - as more readily demonstrated on the previous CT chest study from.",22
oracle,392,Support Devices,support device,Support Devices,3929,Cardiomegaly;Support Devices,0.5,partial,retrieval_mismatch_despite_correct_query,,False,False,"A cardiac pacemaker/defibrillator device is redemonstration of the left chest wall with a single projecting over the right atrium and 2 leads projecting over the right ventricle. The cardiac silhouette is mildly enlarged, unchanged. No focal pulmonary consolidation. No pneumothorax. No pleural effusion. Minimal degenerative changes of the thoracic spine..","Lungs are clear. No focal consolidation, effusion, or pneumothorax. Interval resolution of left effusion. Central venous dialysis catheter unchanged in position. Heart and mediastinal contours are normal. Osseous structures intact. No acute cardiopulmonary disease.",13
oracle,406,Lung Lesion,lung lesion,Lung Lesion,1220,,0.0,poor,retrieval_mismatch_despite_correct_query,,False,True,"There is hyperexpansion, hyperlucency of both lungs, as well as flattening of the diaphragm consistent with chronic emphysematous lung disease. No focal consolidation, pneumothorax, or large pleural effusion identified (blunting of costophrenic recesses bilaterally may represent small effusions or pleural thickening/scar. Stable calcified mediastinal and hilar lymph and a left basilar calcified granuloma. Acute osseous abnormality. The mediastinal silhouette stable. Changes of chronic emphysematous lung disease without acute cardiopulmonary abnormality identified.","Heart size normal. No pneumothorax, large pleural effusion, or focal airspace disease. Bony structures appear intact. Calcified right hilar nodules consistent with chronic granulomatous disease. No acute cardiopulmonary abnormality.",3
oracle,407,No Finding,no acute abnormality,No Finding,3719,No Finding,1.0,good,none,,False,False,No active disease.,Lungs are clear. No pleural effusions or pneumothoraces. Heart and mediastinum of normal size and contour. Clear lungs.,23
oracle,419,No Finding,no acute abnormality,No Finding,3719,No Finding,1.0,good,none,,False,False,No active disease.,Cardiac and mediastinal contours are within normal limits. The lungs are clear. Bony structures are intact. No acute preoperative findings.,24
oracle,427,No Finding,no acute abnormality,No Finding,3719,No Finding,1.0,good,none,,False,False,No active disease.,"The cardiomediastinal silhouette is within normal limits for size and contour. The lungs are normally inflated without evidence of focal airspace disease, pleural effusion, or pneumothorax. Osseous structures are within normal limits for patient age.. 1. No acute radiographic cardiopulmonary process.",25
oracle,436,Cardiomegaly,cardiomegaly,Cardiomegaly,2040,Cardiomegaly,1.0,good,none,,False,True,Cardiomegaly. No effusions or edema. Clear chest,Borderline heart size. Calcified aorta. No active pulmonary edema or lobar pneumonia. Probable large retrocardiac hiatal hernia.,26
oracle,438,No Finding,no acute abnormality,No Finding,3719,No Finding,1.0,good,none,,False,False,No active disease.,Heart size is normal and lungs are clear,27
oracle,441,Lung Lesion,lung lesion,Lung Lesion,1220,,0.0,poor,retrieval_mismatch_despite_correct_query,,False,True,"There is hyperexpansion, hyperlucency of both lungs, as well as flattening of the diaphragm consistent with chronic emphysematous lung disease. No focal consolidation, pneumothorax, or large pleural effusion identified (blunting of costophrenic recesses bilaterally may represent small effusions or pleural thickening/scar. Stable calcified mediastinal and hilar lymph and a left basilar calcified granuloma. Acute osseous abnormality. The mediastinal silhouette stable. Changes of chronic emphysematous lung disease without acute cardiopulmonary abnormality identified.","Mediastinal contours are normal. Heart size is within normal limits. Multiple scattered calcified pulmonary nodules, sequela of prior granulomatous disease. Otherwise lungs are clear.. There is no pneumothorax or large pleural effusion. No bony abnormality. No acute cardiopulmonary abnormality.",4
oracle,450,No Finding,no acute abnormality,No Finding,3719,No Finding,1.0,good,none,,False,False,No active disease.,No focal consolidation. No pneumothorax. No pleural effusions. Heart size normal. Cardio mediastinal silhouette is unremarkable. 1. No acute cardiopulmonary findings.,28
oracle,481,Support Devices,support device,Support Devices,3929,Cardiomegaly;Support Devices,0.5,partial,retrieval_mismatch_despite_correct_query,,False,True,"A cardiac pacemaker/defibrillator device is redemonstration of the left chest wall with a single projecting over the right atrium and 2 leads projecting over the right ventricle. The cardiac silhouette is mildly enlarged, unchanged. No focal pulmonary consolidation. No pneumothorax. No pleural effusion. Minimal degenerative changes of the thoracic spine..","Left PICC line tip near junction of brachiocephalic vein and SVC; repositioning with a slight advancement may be helpful. There is a tortuous atherosclerotic aorta. Large lung volumes with widened AP diameter of the chest, due to COPD; recommend clinical correlation. Diffuse bronchial calcification and with mild atherosclerotic calcification. No evidence of pulmonary consolidation, large pleural effusion/pneumothorax. there is degenerative changes at the joints. Osteopenia. Degenerative changes of the cervical spine with possible fusion in the lower cervical region.",14
oracle,483,Cardiomegaly,cardiomegaly,Cardiomegaly,2040,Cardiomegaly,1.0,good,none,,False,True,Cardiomegaly. No effusions or edema. Clear chest,There is flattening of hemidiaphragms. There are prominent interstitial markings. There is no focal consolidation to suggest pneumonia. There are atherosclerotic institutions of the aorta. The heart is of the first limits of normal size. No pneumothorax or pleural effusion. 1. Hyperexpanded lungs with flattened hemidiaphragm suggesting COPD. 2. Borderline enlarged heart. 3. No acute cardiopulmonary abnormality.,29
oracle,499,No Finding,no acute abnormality,No Finding,3719,No Finding,1.0,good,none,,False,False,No active disease.,There are no focal areas of consolidation. No suspicious pulmonary opacities. Heart size within normal limits. No pleural effusions. There is no evidence of pneumothorax. No acute cardiopulmonary abnormality.,30
oracle,501,Lung Opacity,lung opacity,Lung Opacity,1972,Lung Opacity,1.0,good,none,,False,False,There is a airspace opacity in the left upper lung. Heart size within normal limits. Mild calcification of the aortic. No pneumothorax or pleural effusions. airspace opacity in the left upper lung which may represent streaky atelectasis or resolving pneumonia.,"1. There is minimal streaky opacity in the posterior lungs, possibly cyst, scarring, or pneumonia. 2. Heart size and pulmonary appear normal 3. Mediastinal contours are normal",31
oracle,504,Lung Opacity;Atelectasis,lung opacity atelectasis,Lung Opacity;Atelectasis,3721,Lung Opacity;Atelectasis,1.0,good,none,,False,True,Streaky opacity is noted within the left lung base which may represent focal area of atelectasis. Right lung is grossly clear. Cardiac silhouette and mediastinal contours are within normal limits. There is no pneumothorax. No large pleural effusion. Left lower lobe atelectasis otherwise no acute cardiopulmonary disease.,"Stable cardiomediastinal silhouette. Stable opacity in the left base, scarring or atelectasis. Rounded calcified density in the left lung base, calcified granuloma. No consolidation. No pleural effusion or pneumothorax. Stable degenerative changes of the spine. No acute cardiopulmonary abnormality.",32
oracle,505,No Finding,no acute abnormality,No Finding,3719,No Finding,1.0,good,none,,False,False,No active disease.,"No focal consolidation, suspicious pulmonary opacity, pneumothorax or definite pleural effusion. Heart size and pulmonary vascularity within normal limits, visualized osseous structures appear intact. No acute cardiopulmonary abnormality.",33
oracle,508,No Finding,no acute abnormality,No Finding,3719,No Finding,1.0,good,none,,False,False,No active disease.,Normal heart size and mediastinal contours. No focal airspace consolidation. No pleural effusion or pneumothorax. Visualized osseous structures are unremarkable. No acute cardiopulmonary abnormality.,34
oracle,514,No Finding,no acute abnormality,No Finding,3719,No Finding,1.0,good,none,,False,False,No active disease.,The heart size is normal. Lungs are clear. There is no pleural line to suggest pneumothorax or costophrenic blunting to suggest large pleural effusion. Bony structures are within normal limits. No acute cardiopulmonary findings.,35
oracle,522,Atelectasis,atelectasis,Atelectasis,3140,Lung Opacity;Atelectasis,0.5,partial,retrieval_mismatch_despite_correct_query,,False,True,"Streaky opacities in the right lower lobe most suggestive of atelectasis, differential diagnosis includes atypical infection. No definite pleural effusion seen. Heart size within normal limits, no typical findings of pulmonary edema.",There is hyperinflation of the lungs. A small area scarring is seen in the left cardiophrenic region. There is no pleural effusion or pneumothorax. The heart is not significantly enlarged. There are atherosclerotic changes of the aorta. Arthritic changes of the skeletal structures are noted. COPD and small left basilar scar.,15
oracle,530,Cardiomegaly,cardiomegaly,Cardiomegaly,2040,Cardiomegaly,1.0,good,none,,False,False,Cardiomegaly. No effusions or edema. Clear chest,Slight cardiomegaly. Clear lungs. No effusion,36
oracle,546,Pleural Effusion,pleural effusion,Pleural Effusion,3365,No Finding,0.0,poor,retrieval_mismatch_despite_correct_query,,False,False,No large pleural effusions. No pneumothorax. No focal airspace opacities. Heart size is normal. No acute cardiopulmonary abnormalities.,"no cardiomegaly with bilateral small pleural effusions. Decubitus x- be informative. No evidence of pneumonia, nodules, or masses.",5
oracle,569,Lung Opacity;Support Devices,lung opacity support device,Lung Opacity;Support Devices,1016,Lung Opacity;Atelectasis;Pleural Effusion;Pleural Other,0.2,partial,retrieval_mismatch_despite_correct_query,,True,True,"Comparison,. right pleural opacity along the lower chest wall compatible with thickening and/or some loculated effusion, accompanied with some adjacent atelectasis / airspace disease within the right lung base. Round opacity seen projecting adjacent to right hilum on PA view is on lateral view to represent some discoid atelectasis or fluid associated with the upper aspect of the fissure. Some opacities compatible with scarring/chronic inflammatory change are seen within the left lower lung which are more conspicuous versus previous examination. Stable mediastinal contour.","The heart size and pulmonary vascularity appear within normal limits. The left hemidiaphragm remains elevated. Right base densities are again noted which appear improved. Previously seen left pleural effusion has resolved. There continues to be some left base opacities which may represent atelectasis. Surgical clips and suture lines are noted in the mediastinum. An air-fluid level is seen in the upper right abdomen immediately below the right hemidiaphragm. Extensive pleural densities are present on the right which may represent localized fluid or pleural thickening. No definite pneumothorax is seen. 1. Continued elevation of the left hemidiaphragm. 2. Extensive post-op changes. 3. Right pleural densities which may represent thickening or localized fluid. 4. Air-fluid level below the right hemidiaphragm medially. Although this could represent air-fluid within a of bowel, a subpulmonic process is a consideration. If clinically indicated, scan would better define this.",16
oracle,573,Lung Opacity;Support Devices,lung opacity support device,Lung Opacity;Support Devices,1016,Lung Opacity;Atelectasis;Pleural Effusion;Pleural Other,0.2,partial,retrieval_mismatch_despite_correct_query,,False,True,"Comparison,. right pleural opacity along the lower chest wall compatible with thickening and/or some loculated effusion, accompanied with some adjacent atelectasis / airspace disease within the right lung base. Round opacity seen projecting adjacent to right hilum on PA view is on lateral view to represent some discoid atelectasis or fluid associated with the upper aspect of the fissure. Some opacities compatible with scarring/chronic inflammatory change are seen within the left lower lung which are more conspicuous versus previous examination. Stable mediastinal contour.","The examination consists of frontal and lateral radiographs of the chest. Sternotomy and surgical clips are again seen. The cardiomediastinal contours are unchanged. There is a background of marked centrilobular emphysema. Streaky opacities in the lung bases may represent atelectasis or scarring. There is no consolidation, pleural effusion or pneumothorax. No evidence of acute cardiopulmonary disease or significant interval change.",17
oracle,579,No Finding,no acute abnormality,No Finding,3719,No Finding,1.0,good,none,,False,False,No active disease.,"The lungs are clear bilaterally. Specifically, no evidence of focal consolidation, pneumothorax, or pleural effusion.. Cardio mediastinal silhouette is unremarkable. Visualized osseous structures of the thorax are without acute abnormality. No acute cardiopulmonary abnormality..",37
oracle,582,No Finding,no acute abnormality,No Finding,3719,No Finding,1.0,good,none,,False,False,No active disease.,Cardiomediastinal silhouette and pulmonary vasculature are within normal limits. Lungs are clear. No pneumothorax or pleural effusion. No acute osseous findings. No acute cardiopulmonary findings.,38
oracle,584,No Finding,no acute abnormality,No Finding,3719,No Finding,1.0,good,none,,False,False,No active disease.,There are no focal areas of consolidation. No suspicious pulmonary opacities. Heart size within normal limits. No pleural effusions. No evidence of pneumothorax. Osseous structures intact. No acute cardiopulmonary abnormality.,39
oracle,586,Cardiomegaly;Lung Opacity;Atelectasis,cardiomegaly lung opacity atelectasis,Cardiomegaly;Lung Opacity;Atelectasis,3813,Lung Opacity,0.3333333333333333,partial,retrieval_mismatch_despite_correct_query,,False,True,There is opacity left lung base may represent atelectasis or early infiltrate. The cardiomediastinal silhouette is within normal limits. No pneumothorax or pleural effusion. opacity left lung base..,The heart size is moderately enlarged. The pulmonary and mediastinum are within normal limits. There is no pleural effusion or pneumothorax. Again noted is and left midlung airspace opacity atelectasis. There is left basilar opacity atelectasis as well. There is improved right midlung opacity. There are mild degenerative changes of the spine. sternotomy are intact. Extensive atherosclerotic disease. Probable left midlung and left basilar atelectasis. Cardiomegaly.,18
oracle,601,Lung Opacity;Support Devices,lung opacity support device,Lung Opacity;Support Devices,1016,Lung Opacity;Atelectasis;Pleural Effusion;Pleural Other,0.2,partial,retrieval_mismatch_despite_correct_query,,True,True,"Comparison,. right pleural opacity along the lower chest wall compatible with thickening and/or some loculated effusion, accompanied with some adjacent atelectasis / airspace disease within the right lung base. Round opacity seen projecting adjacent to right hilum on PA view is on lateral view to represent some discoid atelectasis or fluid associated with the upper aspect of the fissure. Some opacities compatible with scarring/chronic inflammatory change are seen within the left lower lung which are more conspicuous versus previous examination. Stable mediastinal contour.","Right dual-lumen internal jugular central venous catheter seen with tip overlying the cavoatrial junction. Heart size at the upper limits of normal. Low lung volumes with bronchovascular crowding. Patchy bibasilar air airspace opacities right greater than left. No visualized pneumothorax. Prominence of the mediastinum consistent with history of sarcoid. 1. Bilateral lower lung airspace disease right greater than left, most representing acute infectious process. 2. Widening of the mediastinum, secondary to lymphadenopathy related to sarcoid, or possibly reactive adenopathy.",19
oracle,608,Fracture,fracture,Fracture,2588,,0.0,poor,retrieval_mismatch_despite_correct_query,,False,False,"No focal consolidation, pneumothorax or definite pleural effusion. Nodular density projected over the left base with no lateral view correlate secondary to soft tissue overlay. Heart size and pulmonary vascularity within normal limits, no mediastinal widening characteristic in appearance of vascular injury. No acute osseous injury demonstrated. No acute findings. Please note that fractures may not be demonstrated and consider additional imaging as clinically indicated.",The heart and mediastinum are unremarkable. The lungs are clear without infiltrate. There is no effusion or pneumothorax. There is an old healed fracture through the right 8th rib. 1. No acute cardiopulmonary disease.,6
oracle,618,No Finding,no acute abnormality,No Finding,3719,No Finding,1.0,good,none,,False,False,No active disease.,"The heart, pulmonary and mediastinum are within normal limits. There is no pleural effusion or pneumothorax. There is no focal air space opacity to suggest a pneumonia. There is no pulmonary nodule identified. There is a left humerus prosthesis partly demonstrated. No acute cardiopulmonary disease. No evidence for metastatic disease by radiographic evaluation.",40
oracle,661,Support Devices,support device,Support Devices,3929,Cardiomegaly;Support Devices,0.5,partial,retrieval_mismatch_despite_correct_query,,False,True,"A cardiac pacemaker/defibrillator device is redemonstration of the left chest wall with a single projecting over the right atrium and 2 leads projecting over the right ventricle. The cardiac silhouette is mildly enlarged, unchanged. No focal pulmonary consolidation. No pneumothorax. No pleural effusion. Minimal degenerative changes of the thoracic spine..",Spinal stimulator in. Lungs are clear without focal airspace disease. No pleural effusions or pneumothoraces. Heart and mediastinum of normal size and contour. Degenerative changes in the thoracic spine. Clear lungs.,20
oracle,665,Cardiomegaly,cardiomegaly,Cardiomegaly,2040,Cardiomegaly,1.0,good,none,,False,False,Cardiomegaly. No effusions or edema. Clear chest,Cardiomegaly stable. Lungs clear. No edema or effusions,41
oracle,668,No Finding,no acute abnormality,No Finding,3719,No Finding,1.0,good,none,,False,False,No active disease.,"Heart size and mediastinal contours appear within normal limits. Pulmonary vascularity is within normal limits. No focal consolidation, suspicious pulmonary opacity, pneumothorax or definite pleural effusion. Visualized osseous structures appear intact. No acute cardiopulmonary abnormality.",42
oracle,672,Cardiomegaly;Edema,cardiomegaly pulmonary edema,Cardiomegaly;Edema,1375,Cardiomegaly;Edema,1.0,good,none,,True,True,"Cardiomegaly with interstitial edema. No effusions, pneumonia, nodules or masses.",1. Vascular congestion and diffuse interstitial edema 2. Stable cardiomegaly 3. Low lung volumes,43
oracle,683,No Finding,no acute abnormality,No Finding,3719,No Finding,1.0,good,none,,False,False,No active disease.,The heart is normal in size and contour. There is no mediastinal widening. The lungs are clear bilaterally. No large pleural effusion or pneumothorax. The are intact. No acute cardiopulmonary abnormalities.,44
oracle,688,Lung Opacity;Atelectasis;Pleural Other,lung opacity atelectasis pleural abnormality,Lung Opacity;Atelectasis;Pleural Other,1016,Lung Opacity;Atelectasis;Pleural Effusion;Pleural Other,0.75,partial,retrieval_mismatch_despite_correct_query,,False,True,"Comparison,. right pleural opacity along the lower chest wall compatible with thickening and/or some loculated effusion, accompanied with some adjacent atelectasis / airspace disease within the right lung base. Round opacity seen projecting adjacent to right hilum on PA view is on lateral view to represent some discoid atelectasis or fluid associated with the upper aspect of the fissure. Some opacities compatible with scarring/chronic inflammatory change are seen within the left lower lung which are more conspicuous versus previous examination. Stable mediastinal contour.","KUB. Centered over the mid abdomen there are multiple air-filled dilated loops of small bowel measuring the of which measure up to about 3.7 cm in diameter. There is also an extremely dilated in the same region which measures 5.9 cm in diameter. There is extensive soft tissue pannus. Prior abdominal surgery. Chest. There is left basilar opacity. No visualized pneumothorax. The heart size is normal. There is mild elevation of the left hemidiaphragm. There are no large pleural effusions. There is thickening of the fissure. KUB 1. There are numerous air-filled dilated loops of small bowel over the mid abdomen. These findings are consistent with small bowel obstruction. Chest 1. Left basilar airspace disease, atelectasis..",21
oracle,689,Lung Lesion,lung lesion,Lung Lesion,1220,,0.0,poor,retrieval_mismatch_despite_correct_query,,False,False,"There is hyperexpansion, hyperlucency of both lungs, as well as flattening of the diaphragm consistent with chronic emphysematous lung disease. No focal consolidation, pneumothorax, or large pleural effusion identified (blunting of costophrenic recesses bilaterally may represent small effusions or pleural thickening/scar. Stable calcified mediastinal and hilar lymph and a left basilar calcified granuloma. Acute osseous abnormality. The mediastinal silhouette stable. Changes of chronic emphysematous lung disease without acute cardiopulmonary abnormality identified.","Three noncalcified lung nodules are present in the left lower lobe. The largest measures 3.5 mm in diameter. Another nodule is present near the right hilum. It is approximately 2 cm in diameter. The and mediastinum appear normal. Heart size normal. Multiple nodules in both the left and right lungs consistent with neoplasm. Further workup could be initiated with contrasted CT of the chest, abdomen, and pelvis. Dr. I discussed the findings and further workup suggestions by telephone approximately hours,.",7
oracle,691,No Finding,no acute abnormality,No Finding,3719,No Finding,1.0,good,none,,False,False,No active disease.,"The heart and cardiomediastinal silhouette are stable in size and contour. There is no focal airspace opacity, pleural effusion, or pneumothorax. The osseous structures are intact. No acute cardiopulmonary finding.",45
oracle,709,Fracture,fracture,Fracture,2588,,0.0,poor,retrieval_mismatch_despite_correct_query,,False,True,"No focal consolidation, pneumothorax or definite pleural effusion. Nodular density projected over the left base with no lateral view correlate secondary to soft tissue overlay. Heart size and pulmonary vascularity within normal limits, no mediastinal widening characteristic in appearance of vascular injury. No acute osseous injury demonstrated. No acute findings. Please note that fractures may not be demonstrated and consider additional imaging as clinically indicated.",Heart size is normal. The lungs are clear. There are no focal air space consolidations. No pleural effusions or pneumothoraces. Aortic vascular calcifications. Normal pulmonary vascularity. Fracture-dislocation of the right shoulder. Bone demineralization. Scoliosis which is possibly positional. Clear lungs. Fracture-dislocation of the proximal right shoulder.,8
oracle,716,Cardiomegaly,cardiomegaly,Cardiomegaly,2040,Cardiomegaly,1.0,good,none,,False,True,Cardiomegaly. No effusions or edema. Clear chest,Slight cardiomegaly. Calcified hilar lymph. No edema or effusions.,46
oracle,725,No Finding,no acute abnormality,No Finding,3719,No Finding,1.0,good,none,,False,False,No active disease.,The cardiomediastinal silhouette is within normal limits. Lungs are clear without areas of focal consolidation. No pneumothorax or large pleural effusion. No acute cardiopulmonary process.,47
oracle,731,No Finding,no acute abnormality,No Finding,3719,No Finding,1.0,good,none,,False,False,No active disease.,"The lungs are clear, and without focal air space opacity. The cardiomediastinal silhouette is normal in size and contour. There is no pneumothorax or large pleural effusion. No acute cardiopulmonary abnormality.",48
oracle,733,Support Devices,support device,Support Devices,3929,Cardiomegaly;Support Devices,0.5,partial,retrieval_mismatch_despite_correct_query,,False,True,"A cardiac pacemaker/defibrillator device is redemonstration of the left chest wall with a single projecting over the right atrium and 2 leads projecting over the right ventricle. The cardiac silhouette is mildly enlarged, unchanged. No focal pulmonary consolidation. No pneumothorax. No pleural effusion. Minimal degenerative changes of the thoracic spine..","There is a dual-lumen right internal jugular central venous catheter, the distal tip projects over the right atrium. There is no apparent pneumothorax. There is no focal lung opacity or pleural effusion. There is stable right upper lung lucency. The cardiopulmonary mediastinal silhouettes are stable. The visualized osseous structures appear within normal limits. 1. Distal tip of the dual-lumen right internal jugular central venous catheter projects over the right atrium. 2. No apparent pneumothorax. 3. Stable right upper lung lucency. CT chest may be helpful to further characterize.",22
oracle,739,No Finding,no acute abnormality,No Finding,3719,No Finding,1.0,good,none,,False,False,No active disease.,and lateral views of the chest were obtained /. The lung volumes are low normal. The lungs are clear and there are no pleural effusions. The mediastinum and pulmonary are normal. The bony elements are not remarkable. No acute cardiopulmonary abnormalities are seen. END OF REPORT.,49
oracle,744,Lung Opacity,lung opacity,Lung Opacity,1972,Lung Opacity,1.0,good,none,,True,False,There is a airspace opacity in the left upper lung. Heart size within normal limits. Mild calcification of the aortic. No pneumothorax or pleural effusions. airspace opacity in the left upper lung which may represent streaky atelectasis or resolving pneumonia.,"The heart size and pulmonary vascularity appear within normal limits. Left -a- is in. No pleural effusion or pneumothorax is seen. Right upper lobe area of dense opacity is seen in the medial right apex. On a previous outside scan ( ), the right upper lobe was consolidated. Comparison to the from that exam shows this opacity to have decreased. No films were available, however, for direct comparison. 1. Right upper lobe opacity which appears improved as compared to previous scan.",50
oracle,756,No Finding,no acute abnormality,No Finding,3719,No Finding,1.0,good,none,,False,False,No active disease.,"Normal cardiomediastinal silhouette. No airspace consolidation, pneumothorax, pleural effusion, or pulmonary edema. No acute bony abnormality. No acute cardiopulmonary disease.",51
oracle,758,No Finding,no acute abnormality,No Finding,3719,No Finding,1.0,good,none,,False,False,No active disease.,Normal heart size. Clear lungs. No large pleural effusion. No pneumothorax. No acute cardiopulmonary abnormality.,52
oracle,760,Lung Opacity;Atelectasis,lung opacity atelectasis,Lung Opacity;Atelectasis,3721,Lung Opacity;Atelectasis,1.0,good,none,,False,True,Streaky opacity is noted within the left lung base which may represent focal area of atelectasis. Right lung is grossly clear. Cardiac silhouette and mediastinal contours are within normal limits. There is no pneumothorax. No large pleural effusion. Left lower lobe atelectasis otherwise no acute cardiopulmonary disease.,"There is minimal hyperexpansion and hyperlucency of the lungs suggestive of chronic lung disease, without focal consolidation, pneumothorax, or effusion identified. opacity in the left subsegmental atelectasis. Cardiomediastinal silhouette is grossly stable and within normal limits, with mild tortuosity and atherosclerosis of the thoracic aorta. Multilevel degenerative disc disease of the thoracolumbar spine noted without acute bony abnormality. Changes of chronic lung disease without acute cardiopulmonary abnormality.",53
oracle,766,No Finding,no acute abnormality,No Finding,3719,No Finding,1.0,good,none,,False,False,No active disease.,Heart size is normal and the lungs are clear.,54
oracle,793,No Finding,no acute abnormality,No Finding,3719,No Finding,1.0,good,none,,False,False,No active disease.,"The examination consists of frontal and lateral radiographs of the chest. The cardiomediastinal contours are within normal limits. Pulmonary vascularity is within normal limits. No focal consolidation, pleural effusion, or pneumothorax identified. Oval sclerotic density projecting over the inferior right glenoid may represent synovial osteochondromatosis or cortical. This is unchanged 31 17. The remaining osseous structures and visualized upper abdomen are unremarkable in appearance. No evidence of acute cardiopulmonary process.",55
oracle,808,Lung Opacity;Pneumonia;Atelectasis,lung opacity pneumonia atelectasis,Lung Opacity;Pneumonia;Atelectasis,742,Lung Opacity,0.3333333333333333,partial,retrieval_mismatch_despite_correct_query,,False,True,"focal opacity in the medial right lung base seen on the frontal view. No definite pleural effusion. Stable cardiomediastinal silhouette with normal heart size, no typical findings of pulmonary edema. Abnormal opacity in the right lung base which may be compatible with pneumonia in the appropriate clinical setting. Recommend clinical correlation for infection and followup to resolution. Or, if clinical findings are not compatible with may be of.",Overall low lung lines. There is scarring or subsegmental atelectasis at the right lung base. In the left lower lobe there is airspace disease consistent with pneumonia. No pneumothorax. Heart and mediastinum are stable given the lung volumes. Degenerative changes in the spine. 1. Left lower lobe pneumonia and minimal scarring or subsegmental atelectasis in the right lung base.,23
oracle,841,Support Devices,support device,Support Devices,3929,Cardiomegaly;Support Devices,0.5,partial,retrieval_mismatch_despite_correct_query,,False,True,"A cardiac pacemaker/defibrillator device is redemonstration of the left chest wall with a single projecting over the right atrium and 2 leads projecting over the right ventricle. The cardiac silhouette is mildly enlarged, unchanged. No focal pulmonary consolidation. No pneumothorax. No pleural effusion. Minimal degenerative changes of the thoracic spine..","The heart is normal in size. The mediastinum is unremarkable. Left upper extremity PIC catheter tip overlies the distal aspect of the left clavicle within the subclavian vein. There is no pneumothorax. The lungs are mildly hyperinflated but clear. Deformity of the lateral left 6th rib, old injury. No acute disease. Left upper extremity PIC catheter tip within left subclavian vein. Findings communicated primordial.",24
oracle,844,No Finding,no acute abnormality,No Finding,3719,No Finding,1.0,good,none,,False,False,No active disease.,No pleural effusion no pneumothorax. Normal cardiac contour. No focal consolidation. Lungs clear bilaterally. 1. No acute cardiopulmonary abnormalities.,56
oracle,847,Cardiomegaly,cardiomegaly,Cardiomegaly,2040,Cardiomegaly,1.0,good,none,,False,True,Cardiomegaly. No effusions or edema. Clear chest,"The trachea is midline. The heart is slightly large. There are low lung volumes causing bronchovascular crowding. Otherwise the lungs appear clear, without evidence of acute infiltrate or effusion. There is no pneumothorax. Visualized bony structures reveal no acute abnormalities. No acute cardiopulmonary abnormalities.",57
oracle,867,Support Devices,support device,Support Devices,3929,Cardiomegaly;Support Devices,0.5,partial,retrieval_mismatch_despite_correct_query,,False,True,"A cardiac pacemaker/defibrillator device is redemonstration of the left chest wall with a single projecting over the right atrium and 2 leads projecting over the right ventricle. The cardiac silhouette is mildly enlarged, unchanged. No focal pulmonary consolidation. No pneumothorax. No pleural effusion. Minimal degenerative changes of the thoracic spine..","Heart size near top normal, bilateral hilar fullness nonspecific in appearance, mild aortic ectasia/tortuosity. Diaphragm flattening and relative apical lucencies suggestive of emphysema, and irregular interstitial markings, right greater than left. Prominent left epicardial fat, no focal alveolar consolidation, no definite pleural effusion seen. Atrial septal occluder artifact. Mild spine curvature. Borderline heart size and abnormal interstitial pulmonary pattern which may be compatible with chronic interstitial change, differential diagnosis is and includes asymmetric pulmonary edema, inflammation, atypical infection, infiltrative process. Comparison with previous exams would be of. Bilateral hilar fullness may indicate pulmonary hypertension and clinical correlation is recommended, differential diagnosis reactive lymphadenopathy, metastatic disease.",25
oracle,868,Lung Opacity;Support Devices,lung opacity support device,Lung Opacity;Support Devices,1016,Lung Opacity;Atelectasis;Pleural Effusion;Pleural Other,0.2,partial,retrieval_mismatch_despite_correct_query,,False,True,"Comparison,. right pleural opacity along the lower chest wall compatible with thickening and/or some loculated effusion, accompanied with some adjacent atelectasis / airspace disease within the right lung base. Round opacity seen projecting adjacent to right hilum on PA view is on lateral view to represent some discoid atelectasis or fluid associated with the upper aspect of the fissure. Some opacities compatible with scarring/chronic inflammatory change are seen within the left lower lung which are more conspicuous versus previous examination. Stable mediastinal contour.",Heart size normal. Over expanded lungs. Aortic valve prosthesis. Calcified right hilar lymph node. Stable peripheral right lower lobe opacities seen between the anterior 7th and 8th right ribs which may represent pleural reaction or small pulmonary nodules. The patient has right middle lobe atelectasis and scarring in this region on old CT scans. From.,26
oracle,882,No Finding,no acute abnormality,No Finding,3719,No Finding,1.0,good,none,,False,False,No active disease.,Heart size is normal and lungs are clear.,58
oracle,906,Cardiomegaly,cardiomegaly,Cardiomegaly,2040,Cardiomegaly,1.0,good,none,,False,False,Cardiomegaly. No effusions or edema. Clear chest,"Heart size mildly enlarged, stable mediastinal and hilar contours. No focal alveolar consolidation, no definite pleural effusion seen. No typical findings of pulmonary edema. No pneumothorax. Mild cardiomegaly, no acute pulmonary findings",59
oracle,912,No Finding,no acute abnormality,No Finding,3719,No Finding,1.0,good,none,,False,False,No active disease.,No focal consolidation. No visualized pneumothorax. No large pleural effusions. Heart size is normal. The cardiomediastinal silhouette is grossly unremarkable. 1. No acute cardiopulmonary findings.,60
oracle,929,Lung Opacity;Atelectasis,lung opacity atelectasis,Lung Opacity;Atelectasis,3721,Lung Opacity;Atelectasis,1.0,good,none,,False,True,Streaky opacity is noted within the left lung base which may represent focal area of atelectasis. Right lung is grossly clear. Cardiac silhouette and mediastinal contours are within normal limits. There is no pneumothorax. No large pleural effusion. Left lower lobe atelectasis otherwise no acute cardiopulmonary disease.,No change lung. opacities are present in the right lower lobe. No focal infiltrates. Heart and mediastinum are unremarkable. Aorta normal. Findings of COPD with right lung base focal atelectasis. No evidence for failure or pneumonia.,61
oracle,937,No Finding,no acute abnormality,No Finding,3719,No Finding,1.0,good,none,,False,False,No active disease.,Normal cardiac size. Normal pulmonary vasculature. No airspace disease. Negative for pneumothorax. Negative for acute osseous deformity. The thoracic spine has a normal appearance. Unremarkable 2 views of the chest.,62
oracle,940,No Finding,no acute abnormality,No Finding,3719,No Finding,1.0,good,none,,False,False,No active disease.,The lungs and pleural spaces show no acute abnormality. Heart size and pulmonary vascularity within normal limits. No displaced rib fractures visualized.. 1. No acute pulmonary abnormality.,63
oracle,941,No Finding,no acute abnormality,No Finding,3719,No Finding,1.0,good,none,,False,False,No active disease.,"Surgical at the distal left clavicle. No acute osseous abnormality. Soft tissue structures are within normal limits. Stable normal cardio mediastinal silhouettes and hilar structures. The lungs are normally inflated without evidence of focal airspace disease, pleural effusion, or pneumothorax.. 1. No acute radiographic cardiopulmonary process.",64
oracle,955,Support Devices,support device,Support Devices,3929,Cardiomegaly;Support Devices,0.5,partial,retrieval_mismatch_despite_correct_query,,False,True,"A cardiac pacemaker/defibrillator device is redemonstration of the left chest wall with a single projecting over the right atrium and 2 leads projecting over the right ventricle. The cardiac silhouette is mildly enlarged, unchanged. No focal pulmonary consolidation. No pneumothorax. No pleural effusion. Minimal degenerative changes of the thoracic spine..",Stable position of right central venous catheter. Interval removal of nasogastric tube. Heart size is normal. Persistent prominent interstitial markings of the right upper lobe. There are no focal air space consolidations. No pleural effusions or pneumothoraces. The hilar and mediastinal contours are unchanged. Normal pulmonary vascularity. No acute abnormality. Stable chest.,27
oracle,959,Lung Opacity,lung opacity,Lung Opacity,1972,Lung Opacity,1.0,good,none,,False,False,There is a airspace opacity in the left upper lung. Heart size within normal limits. Mild calcification of the aortic. No pneumothorax or pleural effusions. airspace opacity in the left upper lung which may represent streaky atelectasis or resolving pneumonia.,The heart and mediastinal contours are stable. There is minimal patchy right lower lobe airspace disease identified. No pleural effusion or pneumothorax. 1. Patchy right lower lobe airspace disease may be due to atelectasis or infiltrate.,65
oracle,961,Lung Opacity,lung opacity,Lung Opacity,1972,Lung Opacity,1.0,good,none,,False,True,There is a airspace opacity in the left upper lung. Heart size within normal limits. Mild calcification of the aortic. No pneumothorax or pleural effusions. airspace opacity in the left upper lung which may represent streaky atelectasis or resolving pneumonia.,"There is a opacity projecting over the left midlung, posterior on the lateral view. No pleural effusions. No evidence of pneumothorax. Heart size top normal. Degenerative changes thoracic spine. opacity projecting over the left midlung. Comparison examinations would be useful. If no comparison examinations exist, would be helpful for further evaluation..",66
oracle,962,No Finding,no acute abnormality,No Finding,3719,No Finding,1.0,good,none,,False,False,No active disease.,The lungs are clear. There is no pleural effusion or pneumothorax. The heart and mediastinum are normal. The skeletal structures are normal. No acute pulmonary disease.,67
oracle,972,Lung Opacity;Atelectasis,lung opacity atelectasis,Lung Opacity;Atelectasis,3721,Lung Opacity;Atelectasis,1.0,good,none,,False,True,Streaky opacity is noted within the left lung base which may represent focal area of atelectasis. Right lung is grossly clear. Cardiac silhouette and mediastinal contours are within normal limits. There is no pneumothorax. No large pleural effusion. Left lower lobe atelectasis otherwise no acute cardiopulmonary disease.,Anticipated senescent changes with grossly clear lungs. No effusions or CHF identified. A few scant reticular opacities in right lung base hypoventilation and foci of subsegmental atelectasis. No acute abnormalities since the previous chest radiograph.,68
oracle,980,No Finding,no acute abnormality,No Finding,3719,No Finding,1.0,good,none,,False,False,No active disease.,"Heart size and mediastinal contours appear within normal limits. Pulmonary vascularity is within normal limits. No focal consolidation, suspicious pulmonary opacity, pneumothorax or definite pleural effusion. Visualized osseous structures appear intact. No acute cardiopulmonary abnormality.",69
oracle,981,Cardiomegaly,cardiomegaly,Cardiomegaly,2040,Cardiomegaly,1.0,good,none,,False,False,Cardiomegaly. No effusions or edema. Clear chest,Slight cardiomegaly. Lungs are clear no effusions or edema,70
oracle,984,Lung Opacity;Atelectasis,lung opacity atelectasis,Lung Opacity;Atelectasis,3721,Lung Opacity;Atelectasis,1.0,good,none,,False,True,Streaky opacity is noted within the left lung base which may represent focal area of atelectasis. Right lung is grossly clear. Cardiac silhouette and mediastinal contours are within normal limits. There is no pneumothorax. No large pleural effusion. Left lower lobe atelectasis otherwise no acute cardiopulmonary disease.,"The cardiomediastinal silhouette is within normal limits for appearance. There are low lung volumes with bronchovascular crowding and scattered opacities in the bilateral lung bases. No focal areas of pulmonary consolidation. No pneumothorax. No large pleural effusion. No acute, displaced rib fractures identified. 1. Pulmonary hypoinflation with bronchovascular crowding and minimal bibasilar subsegmental atelectasis.",71
oracle,1049,No Finding,no acute abnormality,No Finding,3719,No Finding,1.0,good,none,,False,False,No active disease.,"Comparison,. Well-expanded and clear lungs. Mediastinal contour within normal limits. No acute cardiopulmonary abnormality identified.",72
oracle,1055,No Finding,no acute abnormality,No Finding,3719,No Finding,1.0,good,none,,False,False,No active disease.,"The heart is normal in size and contour. The lungs are clear, without evidence of infiltrate. There is no pneumothorax or effusion. No acute cardiopulmonary disease.",73
oracle,1064,Lung Opacity;Atelectasis,lung opacity atelectasis,Lung Opacity;Atelectasis,3721,Lung Opacity;Atelectasis,1.0,good,none,,False,True,Streaky opacity is noted within the left lung base which may represent focal area of atelectasis. Right lung is grossly clear. Cardiac silhouette and mediastinal contours are within normal limits. There is no pneumothorax. No large pleural effusion. Left lower lobe atelectasis otherwise no acute cardiopulmonary disease.,There is stable elevation of the right hemidiaphragm with questionable increased right basilar airspace opacities. The left lung is clear. Heart size normal. unremarkable. Stable elevated right hemidiaphragm with questionable subtle increased right basilar airspace disease/atelectasis. Correlate clinically.,74
oracle,1079,Atelectasis,atelectasis,Atelectasis,3140,Lung Opacity;Atelectasis,0.5,partial,retrieval_mismatch_despite_correct_query,,False,True,"Streaky opacities in the right lower lobe most suggestive of atelectasis, differential diagnosis includes atypical infection. No definite pleural effusion seen. Heart size within normal limits, no typical findings of pulmonary edema.",There are low lung volumes. The heart size and upper mediastinum have a normal appearance. There is no pulmonary vascular congestion. There is minimal right basilar atelectasis. There is no large effusion or pneumothorax. The osseous structures appear intact. Low lung volume exam demonstrates small amount of right basilar atelectasis. There is no acute consolidation or pneumothorax.,28
oracle,1085,Lung Opacity;Atelectasis,lung opacity atelectasis,Lung Opacity;Atelectasis,3721,Lung Opacity;Atelectasis,1.0,good,none,,False,True,Streaky opacity is noted within the left lung base which may represent focal area of atelectasis. Right lung is grossly clear. Cardiac silhouette and mediastinal contours are within normal limits. There is no pneumothorax. No large pleural effusion. Left lower lobe atelectasis otherwise no acute cardiopulmonary disease.,"The lungs demonstrate low lung volumes but are clear bilaterally. Specifically, no evidence of focal consolidation, pneumothorax, or pleural effusion.. Mild streaky opacities in the left upper lobe on frontal projection are atelectatic or scar. Cardio mediastinal silhouette is unremarkable. Visualized osseous structures of the thorax are without acute abnormality. Low lung volumes without acute cardiopulmonary abnormality.",75
oracle,1125,Cardiomegaly;Lung Opacity,cardiomegaly lung opacity,Cardiomegaly;Lung Opacity,3813,Lung Opacity,0.5,partial,retrieval_mismatch_despite_correct_query,,True,True,There is opacity left lung base may represent atelectasis or early infiltrate. The cardiomediastinal silhouette is within normal limits. No pneumothorax or pleural effusion. opacity left lung base..,"Borderline enlarged heart. Stable mediastinal contours. Aortic calcifications. Hyperinflated lungs with chronic appearing interstitial markings, compatible with emphysema. Bilateral streaky opacities. Increased vascularity compatible with pulmonary vascular congestion. No focal airspace disease. No acute bony abnormality. 1. Pulmonary vascular congestion. 2. Emphysema. 3. Bibasilar streaky airspace opacities.",29
oracle,1159,No Finding,no acute abnormality,No Finding,3719,No Finding,1.0,good,none,,False,False,No active disease.,Lungs are clear. There is no pneumothorax or pleural effusion. The heart and mediastinum are within normal limits. Bony structures are intact. No acute cardiopulmonary process.,76
oracle,1162,No Finding,no acute abnormality,No Finding,3719,No Finding,1.0,good,none,,False,False,No active disease.,No comparison chest x-. Well-expanded and clear lungs. Mediastinal contour within normal limits. No acute cardiopulmonary abnormality identified.,77
oracle,1191,No Finding,no acute abnormality,No Finding,3719,No Finding,1.0,good,none,,False,False,No active disease.,"Heart size and pulmonary vascular engorgement appear within limits of normal. Mediastinal contour is unremarkable. No focal consolidation, pleural effusion, or pneumothorax identified. No acute bony changes. No acute cardiopulmonary abnormality identified.",78
oracle,1206,No Finding,no acute abnormality,No Finding,3719,No Finding,1.0,good,none,,False,False,No active disease.,"Comparison,. Well-expanded and clear lungs. Mediastinal contour within normal limits. No acute cardiopulmonary abnormality identified. Stable chest.",79
oracle,1214,Atelectasis,atelectasis,Atelectasis,3140,Lung Opacity;Atelectasis,0.5,partial,retrieval_mismatch_despite_correct_query,,False,True,"Streaky opacities in the right lower lobe most suggestive of atelectasis, differential diagnosis includes atypical infection. No definite pleural effusion seen. Heart size within normal limits, no typical findings of pulmonary edema.",The heart is normal in size and contour. There is a focal area of scarring or atelectasis identified in the lingula. The lungs are otherwise clear without focal infiltrate. There is no pneumothorax or effusion. Focal area of scarring or atelectasis within the lingula. No acute pulmonary process.,30
oracle,1226,Consolidation;Pneumonia,consolidation pneumonia,Consolidation;Pneumonia,3786,Cardiomegaly;Consolidation;Pneumonia,0.6666666666666666,partial,retrieval_mismatch_despite_correct_query,,False,False,"In the interval, consolidations have developed in the left upper lobe and both lower lobes. Heart size remains slightly large. Pulmonary normal. Bilateral increasing consolidations, consistent with multifocal pneumonia.",The heart size is within normal limits. Trachea is midline. No pleural effusions or pneumothorax. Cardiomediastinal contours are normal. There is focal consolidation in the posterior segment of the right lower lobe. No bony or soft tissue abnormalities. Right lower lobe pneumonia.,31
oracle,1234,Cardiomegaly;Atelectasis;Support Devices,cardiomegaly atelectasis support device,Cardiomegaly;Atelectasis;Support Devices,1760,Cardiomegaly;Atelectasis,0.6666666666666666,partial,retrieval_mismatch_despite_correct_query,,False,True,Mild cardiomegaly. Small area of platelike atelectasis in left mid lung. No pneumothorax or pleural effusion. Soft tissue and bony structures unremarkable. No active disease.,2 images. The cardiac silhouette is enlarged. Thoracic aortic atherosclerotic calcifications are present. There are finding status post sternotomy and CABG. atelectasis or scar is noted within the left midlung. There is blunting of the left costophrenic. No pneumothorax. 1. Cardiomegaly. 2. Minimal left midlung atelectasis. 3. Blunting of left costophrenic. This could indicate a small amount of pleural fluid versus pleural-parenchymal scarring.,32
oracle,1239,No Finding,no acute abnormality,No Finding,3719,No Finding,1.0,good,none,,False,False,No active disease.,Heart size normal and lungs are clear. No edema or pneumonia. No effusion,80
oracle,1260,No Finding,no acute abnormality,No Finding,3719,No Finding,1.0,good,none,,False,False,No active disease.,The heart size and cardiomediastinal silhouette are within normal limits. Pulmonary vasculature appears normal. There is no focal air space consolidation. No pleural effusion or pneumothorax.,81
oracle,1263,No Finding,no acute abnormality,No Finding,3719,No Finding,1.0,good,none,,False,False,No active disease.,Cardiac and mediastinal contours are within normal limits. The lungs are clear. Bony structures are intact. No acute findings.,82
oracle,1277,Atelectasis,atelectasis,Atelectasis,3140,Lung Opacity;Atelectasis,0.5,partial,retrieval_mismatch_despite_correct_query,,False,False,"Streaky opacities in the right lower lobe most suggestive of atelectasis, differential diagnosis includes atypical infection. No definite pleural effusion seen. Heart size within normal limits, no typical findings of pulmonary edema.","PA and lateral views the chest were obtained. The cardiomediastinal silhouette is normal in size and configuration. The lungs are well aerated. No pneumothorax, pleural effusion, or lobar air space consolidation. right middle lobe collapse appears less distinct than on prior study. No acute cardiopulmonary disease.",33
oracle,1285,Lung Lesion,lung lesion,Lung Lesion,1220,,0.0,poor,retrieval_mismatch_despite_correct_query,,False,True,"There is hyperexpansion, hyperlucency of both lungs, as well as flattening of the diaphragm consistent with chronic emphysematous lung disease. No focal consolidation, pneumothorax, or large pleural effusion identified (blunting of costophrenic recesses bilaterally may represent small effusions or pleural thickening/scar. Stable calcified mediastinal and hilar lymph and a left basilar calcified granuloma. Acute osseous abnormality. The mediastinal silhouette stable. Changes of chronic emphysematous lung disease without acute cardiopulmonary abnormality identified.","PA and lateral views of the chest were obtained. The cardiomediastinal silhouette is normal in size and configuration. Mild nodular prominence of the right hilum, without significant change. Lung volumes are decreased, with crowding. There is no pneumothorax, pleural effusion, or focal air space consolidation. 1. Low lung volumes with mild crowding.",9
oracle,1288,Lung Opacity,lung opacity,Lung Opacity,1972,Lung Opacity,1.0,good,none,,False,True,There is a airspace opacity in the left upper lung. Heart size within normal limits. Mild calcification of the aortic. No pneumothorax or pleural effusions. airspace opacity in the left upper lung which may represent streaky atelectasis or resolving pneumonia.,"PA and lateral views the chest were obtained. The cardiomediastinal silhouette is normal in size and configuration. Prominent bilateral pericardial fat pads. The lungs are well aerated. There is minimal patchy and air space opacity within the lingula favored as atelectasis. Minimal patchy airspace disease within the lingula, may reflect atelectasis or infiltrate.",83
oracle,1294,No Finding,no acute abnormality,No Finding,3719,No Finding,1.0,good,none,,False,False,No active disease.,Lungs are clear. There is no pleural effusion or pneumothorax. The heart and mediastinum are normal. The skeletal structures and soft tissues are normal. No active disease.,84
oracle,1314,No Finding,no acute abnormality,No Finding,3719,No Finding,1.0,good,none,,False,False,No active disease.,There are no focal areas of consolidation. No suspicious pulmonary opacities. Heart size within normal limits. No pleural effusions. There is no evidence of pneumothorax. Osseous structures intact. No acute cardiopulmonary abnormality.,85
oracle,1334,No Finding,no acute abnormality,No Finding,3719,No Finding,1.0,good,none,,False,False,No active disease.,Mediastinal contours are normal. Lungs are clear. There is no pneumothorax or large pleural effusion. No acute cardiopulmonary abnormality.,86
oracle,1361,Cardiomegaly;Lung Opacity,cardiomegaly lung opacity,Cardiomegaly;Lung Opacity,3813,Lung Opacity,0.5,partial,retrieval_mismatch_despite_correct_query,,False,True,There is opacity left lung base may represent atelectasis or early infiltrate. The cardiomediastinal silhouette is within normal limits. No pneumothorax or pleural effusion. opacity left lung base..,"Mild cardiomegaly. Tortuous aorta. No consolidation, pleural effusion or pneumothorax. Stable right paratracheal opacity. correlated of the chest, this represents vascular shadows. Mild right apex curvature of the lower thoracic spine. Degenerative endplate spurring mid and lower thoracic spine with minimal grade 1 anterolisthesis of a lower thoracic vertebral level, T10 on T11.",34
oracle,1365,Fracture,fracture,Fracture,2588,,0.0,poor,retrieval_mismatch_despite_correct_query,,True,False,"No focal consolidation, pneumothorax or definite pleural effusion. Nodular density projected over the left base with no lateral view correlate secondary to soft tissue overlay. Heart size and pulmonary vascularity within normal limits, no mediastinal widening characteristic in appearance of vascular injury. No acute osseous injury demonstrated. No acute findings. Please note that fractures may not be demonstrated and consider additional imaging as clinically indicated.","Heart size within normal limits, stable mediastinal and hilar contours. No alveolar consolidation, no findings of pleural effusion or pulmonary edema. No pneumothorax. Small rounded bilateral axillary densities not seen on the previous exam most suggestive of artifacts, healed right lateral 10th rib fracture noted.. No acute cardiopulmonary findings",10
oracle,1380,No Finding,no acute abnormality,No Finding,3719,No Finding,1.0,good,none,,False,False,No active disease.,Lungs are clear bilaterally. Cardiac and mediastinal silhouettes are normal. Pulmonary vasculature is normal. No pneumothorax or pleural effusion. No acute bony abnormality. No acute cardiopulmonary abnormality.,87
oracle,1394,Lung Lesion,lung lesion,Lung Lesion,1220,,0.0,poor,retrieval_mismatch_despite_correct_query,,False,False,"There is hyperexpansion, hyperlucency of both lungs, as well as flattening of the diaphragm consistent with chronic emphysematous lung disease. No focal consolidation, pneumothorax, or large pleural effusion identified (blunting of costophrenic recesses bilaterally may represent small effusions or pleural thickening/scar. Stable calcified mediastinal and hilar lymph and a left basilar calcified granuloma. Acute osseous abnormality. The mediastinal silhouette stable. Changes of chronic emphysematous lung disease without acute cardiopulmonary abnormality identified.",Vague 1.5 cm nodule left mid chest periphery overlying the posterior lateral left 7th rib. Further evaluation will require a chest CT. Remainder of the lungs are clear. There is no effusion or adenopathy. Heart size is normal.,11
oracle,1397,No Finding,no acute abnormality,No Finding,3719,No Finding,1.0,good,none,,False,False,No active disease.,"Heart size near top normal limits, stable mediastinal contours. No focal alveolar consolidation, no definite pleural effusion seen. No typical findings of pulmonary edema.",88
oracle,1422,Lung Opacity;Consolidation;Pneumonia,lung opacity consolidation pneumonia,Lung Opacity;Consolidation;Pneumonia,742,Lung Opacity,0.3333333333333333,partial,retrieval_mismatch_despite_correct_query,,False,False,"focal opacity in the medial right lung base seen on the frontal view. No definite pleural effusion. Stable cardiomediastinal silhouette with normal heart size, no typical findings of pulmonary edema. Abnormal opacity in the right lung base which may be compatible with pneumonia in the appropriate clinical setting. Recommend clinical correlation for infection and followup to resolution. Or, if clinical findings are not compatible with may be of.","The heart is normal in size. The pulmonary vascularity is within normal limits in appearance. No pneumothorax or pleural effusion. A wedge-shaped opacity has developed in the right upper lobe. There is also patchy opacification identified in the left upper lobe. No acute bony abnormality. Interval development of bilateral upper lobe consolidation, right greater than left, representing pneumonia.. Followup imaging to document resolution is recommended.",35
oracle,1431,No Finding,no acute abnormality,No Finding,3719,No Finding,1.0,good,none,,False,False,No active disease.,"The cardiomediastinal silhouette and pulmonary vasculature are within normal limits in size. The lungs are clear of focal airspace disease, pneumothorax, or pleural effusion. There are no acute bony findings. No acute cardiopulmonary findings.",89
oracle,1435,No Finding,no acute abnormality,No Finding,3719,No Finding,1.0,good,none,,False,False,No active disease.,The heart and mediastinum are unremarkable. The lungs are clear without infiltrate. There is no effusion or pneumothorax. 1. No acute cardiopulmonary disease.,90
oracle,1451,Atelectasis,atelectasis,Atelectasis,3140,Lung Opacity;Atelectasis,0.5,partial,retrieval_mismatch_despite_correct_query,,False,True,"Streaky opacities in the right lower lobe most suggestive of atelectasis, differential diagnosis includes atypical infection. No definite pleural effusion seen. Heart size within normal limits, no typical findings of pulmonary edema.",Left lower lobe calcified granuloma. Heart size normal. No pleural effusion or pneumothorax. Mild medial right atelectasis. Mild emphysema. Emphysema and mild medial right atelectasis. No acute process.,36
oracle,1456,No Finding,no acute abnormality,No Finding,3719,No Finding,1.0,good,none,,False,False,No active disease.,No focal consolidation. No visualized pneumothorax. No large pleural effusions. The heart size and cardiomediastinal silhouette are grossly unremarkable. 1. No acute cardiopulmonary findings.,91
oracle,1466,No Finding,no acute abnormality,No Finding,3719,No Finding,1.0,good,none,,False,False,No active disease.,"The heart is normal size. The mediastinum is unremarkable. There is no pleural effusion, pneumothorax, or focal airspace disease. The are unremarkable. No acute cardiopulmonary abnormality.",92
oracle,1473,No Finding,no acute abnormality,No Finding,3719,No Finding,1.0,good,none,,False,False,No active disease.,"The cardiomediastinal silhouette is within normal limits for size and contour. The lungs are normally inflated without evidence of focal airspace disease, pleural effusion, or pneumothorax. No acute bone abnormality. No acute cardiopulmonary process.",93
oracle,1502,No Finding,no acute abnormality,No Finding,3719,No Finding,1.0,good,none,,False,False,No active disease.,The lungs are clear. There is no pleural effusion or pneumothorax. The heart and mediastinum are normal. The skeletal structures are normal. No acute pulmonary disease.,94
oracle,1503,No Finding,no acute abnormality,No Finding,3719,No Finding,1.0,good,none,,False,False,No active disease.,AP lateral view soft tissue neck. 1. No subglottic edema or prevertebral soft tissue. 2. Slight rotation of the patient's head limits evaluation of the epiglottis which is normal in size and caliber. PA and lateral views of the chest. 1. No acute pulmonary findings.,95
oracle,1510,No Finding,no acute abnormality,No Finding,3719,No Finding,1.0,good,none,,False,False,No active disease.,Lungs are clear bilaterally. Cardiac and mediastinal silhouettes are normal. Pulmonary vasculature is normal. No pneumothorax or pleural effusion. No acute bony abnormality. No acute cardiopulmonary abnormality.,96
oracle,1518,No Finding,no acute abnormality,No Finding,3719,No Finding,1.0,good,none,,False,False,No active disease.,"No focal consolidation, pneumothorax, or pleural effusion. Cardiomediastinal silhouette is stable and unremarkable. No acute osseous abnormalities are identified. No acute cardiopulmonary abnormality..",97
oracle,1529,Support Devices,support device,Support Devices,3929,Cardiomegaly;Support Devices,0.5,partial,retrieval_mismatch_despite_correct_query,,True,True,"A cardiac pacemaker/defibrillator device is redemonstration of the left chest wall with a single projecting over the right atrium and 2 leads projecting over the right ventricle. The cardiac silhouette is mildly enlarged, unchanged. No focal pulmonary consolidation. No pneumothorax. No pleural effusion. Minimal degenerative changes of the thoracic spine..",The lungs are clear. There is no focal airspace consolidation. No pleural effusion or pneumothorax. Heart size is within normal limits. Right paratracheal density is stable from prior radiographs and may reflect tortuous vasculature. There is aortic atherosclerotic vascular calcification. There are mild degenerative changes of the spine. Surgical clips are noted in the region of the left breast. There is mild diaphragm eventration. No evidence of active disease.,37
oracle,1537,No Finding,no acute abnormality,No Finding,3719,No Finding,1.0,good,none,,False,False,No active disease.,"The cardiomediastinal silhouette is within normal limits for size and contour. The lungs are normally inflated without evidence of focal airspace disease, pleural effusion, or pneumothorax. No acute bone abnormality. No acute cardiopulmonary process. No evidence of active tuberculosis.",98
oracle,1545,No Finding,no acute abnormality,No Finding,3719,No Finding,1.0,good,none,,False,False,No active disease.,No focal areas of consolidation. No pneumothorax. Heart size within normal limits. No pleural effusions. Osseous structures intact. No acute cardiopulmonary abnormality..,99
oracle,1556,Lung Opacity,lung opacity,Lung Opacity,1972,Lung Opacity,1.0,good,none,,False,True,There is a airspace opacity in the left upper lung. Heart size within normal limits. Mild calcification of the aortic. No pneumothorax or pleural effusions. airspace opacity in the left upper lung which may represent streaky atelectasis or resolving pneumonia.,Heart size appears upper limits of normal. Tortuous aorta. Otherwise normal mediastinum. Confluent and opacities seen within the left base. There are no visible nodules or masses. No visible pneumothorax. The are grossly normal. There is no visible free intraperitoneal air under the diaphragm. 1. Left basilar mixed interstitial and alveolar infiltrate. Interval followup to resolution is recommended.,100
oracle,1567,Lung Opacity,lung opacity,Lung Opacity,1972,Lung Opacity,1.0,good,none,,False,False,There is a airspace opacity in the left upper lung. Heart size within normal limits. Mild calcification of the aortic. No pneumothorax or pleural effusions. airspace opacity in the left upper lung which may represent streaky atelectasis or resolving pneumonia.,The heart is normal in size. The mediastinum is unremarkable. opacity in left midlung. The lungs are clear. No acute disease.,101
oracle,1581,Lung Lesion,lung lesion,Lung Lesion,1220,,0.0,poor,retrieval_mismatch_despite_correct_query,,False,False,"There is hyperexpansion, hyperlucency of both lungs, as well as flattening of the diaphragm consistent with chronic emphysematous lung disease. No focal consolidation, pneumothorax, or large pleural effusion identified (blunting of costophrenic recesses bilaterally may represent small effusions or pleural thickening/scar. Stable calcified mediastinal and hilar lymph and a left basilar calcified granuloma. Acute osseous abnormality. The mediastinal silhouette stable. Changes of chronic emphysematous lung disease without acute cardiopulmonary abnormality identified.","Cardiomediastinal silhouettes are within normal limits. There are 2 right upper lobe lung nodules, the largest measuring approximately 12 mm. Lungs are without focal consolidation, pneumothorax, or pleural effusion. Bony thorax is unremarkable. Right upper lobe lung nodules. Recommend.",12
oracle,1582,No Finding,no acute abnormality,No Finding,3719,No Finding,1.0,good,none,,False,False,No active disease.,Both lungs are clear and expanded. Heart and mediastinum normal. No active disease.,102
oracle,1595,Cardiomegaly;Lung Opacity,cardiomegaly lung opacity,Cardiomegaly;Lung Opacity,3813,Lung Opacity,0.5,partial,retrieval_mismatch_despite_correct_query,,False,True,There is opacity left lung base may represent atelectasis or early infiltrate. The cardiomediastinal silhouette is within normal limits. No pneumothorax or pleural effusion. opacity left lung base..,The heart is large. Lung volumes are. opacity persists in the right midlung. No focal infiltrates. Persistent cardiomegaly. Right midlung scar. No visible acute failure or pneumonia.,38
oracle,1616,No Finding,no acute abnormality,No Finding,3719,No Finding,1.0,good,none,,False,False,No active disease.,"Chest. Lungs are clear bilaterally. Cardiac and mediastinal silhouettes are normal. Pulmonary vasculature is normal. No pneumothorax or pleural effusion. No acute bony abnormality. Ribs. There are no displaced rib fractures, or obvious nondisplaced rib fractures. Soft tissues appear normal. Chest. No acute cardiopulmonary abnormality. Ribs. No displaced rib fractures, or obvious nondisplaced rib fractures.",103
oracle,1622,No Finding,no acute abnormality,No Finding,3719,No Finding,1.0,good,none,,False,False,No active disease.,"The cardiomediastinal silhouette is within normal limits for size and contour. The lungs are normally inflated without evidence of focal airspace disease, pleural effusion, or pneumothorax. No acute osseus abnormality.. No acute cardiopulmonary process.",104
oracle,1623,No Finding,no acute abnormality,No Finding,3719,No Finding,1.0,good,none,,False,False,No active disease.,"Normal cardiomediastinal contours. No pneumothorax, pleural effusions or focal lung consolidation. No acute cardiopulmonary abnormality.",105
oracle,1631,Lung Opacity;Lung Lesion,lung opacity lung lesion,Lung Opacity;Lung Lesion,1972,Lung Opacity,0.5,partial,retrieval_mismatch_despite_correct_query,,False,True,There is a airspace opacity in the left upper lung. Heart size within normal limits. Mild calcification of the aortic. No pneumothorax or pleural effusions. airspace opacity in the left upper lung which may represent streaky atelectasis or resolving pneumonia.,"There are a few small nodular opacities in the left lung, seen on the frontal view overlying the left 6th posterior rib. Lungs otherwise appear clear. No focal airspace consolidation. No overt pulmonary edema. No pleural effusion or pneumothorax. Heart size and mediastinal contour are within normal limits. Calcified mediastinal and hilar lymph are consistent with prior granulomatous disease. There are mild degenerative changes of the spine. Few small nodular opacities in the left upper lung. These small nodules are relatively dense, suggestive of chronic granulomatous disease. Comparison with an chest radiograph would be helpful to establish stability.",39
oracle,1647,No Finding,no acute abnormality,No Finding,3719,No Finding,1.0,good,none,,False,False,No active disease.,"The lungs are clear bilaterally. Specifically, no evidence of focal consolidation, pneumothorax, or pleural effusion.. Cardio mediastinal silhouette is unremarkable. Visualized osseous structures of the thorax are without acute abnormality. No acute cardiopulmonary abnormality..",106
oracle,1655,No Finding,no acute abnormality,No Finding,3719,No Finding,1.0,good,none,,False,False,No active disease.,"PA and lateral views of the chest were obtained. The cardiomediastinal silhouette is normal in size and configuration. The lungs are well aerated. There is no pneumothorax, pleural effusion, or focal air space consolidation. Degenerative spine. 1. No acute cardiopulmonary disease.",107
oracle,1661,No Finding,no acute abnormality,No Finding,3719,No Finding,1.0,good,none,,False,False,No active disease.,1. Chest. No active disease. 2. Right shoulder. Healing scapular fracture.,108
oracle,1672,No Finding,no acute abnormality,No Finding,3719,No Finding,1.0,good,none,,False,False,No active disease.,"Clear lungs. No airspace disease or other parenchymal infiltrates. No of pleural effusions. No pulmonary edema. Normal heart size, mediastinal contours and normal pulmonary vasculature. No of active cardiopulmonary disease. Unchanged.",109
oracle,1707,No Finding,no acute abnormality,No Finding,3719,No Finding,1.0,good,none,,False,False,No active disease.,"Frontal and lateral views of the chest show normal size of the cardiac silhouette. Normal mediastinal contour, pulmonary and vasculature, central airways and lung volumes. No pleural effusion. No acute or active cardiac, pulmonary or pleural disease.",110
oracle,1735,Support Devices,support device,Support Devices,3929,Cardiomegaly;Support Devices,0.5,partial,retrieval_mismatch_despite_correct_query,,False,True,"A cardiac pacemaker/defibrillator device is redemonstration of the left chest wall with a single projecting over the right atrium and 2 leads projecting over the right ventricle. The cardiac silhouette is mildly enlarged, unchanged. No focal pulmonary consolidation. No pneumothorax. No pleural effusion. Minimal degenerative changes of the thoracic spine..",The trachea is midline. The cardiomediastinal silhouette is normal in size and unchanged from prior examinations with sternotomy and surgical clips overlying. There is blunting of the right costophrenic which appears unchanged from prior examination and may be secondary to scarring or pleural thickening of the right lung base. There is no evidence of acute infiltrate. There is no pneumothorax. Visualized bony structures reveal no acute abnormalities. 1. Hyperexpanded lung. 2. No acute cardiopulmonary abnormalities.,40
oracle,1748,No Finding,no acute abnormality,No Finding,3719,No Finding,1.0,good,none,,False,False,No active disease.,The heart size is normal. Lungs are clear. There is no pleural line to suggest pneumothorax or costophrenic blunting to suggest large pleural effusion. Bony structures are within normal limits. No acute cardiopulmonary findings.,111
oracle,1751,No Finding,no acute abnormality,No Finding,3719,No Finding,1.0,good,none,,False,False,No active disease.,"Heart size normal. Lungs are clear. are normal. No pneumonia, effusions, edema, pneumothorax, adenopathy, nodules or masses. Normal chest.",112
oracle,1753,Cardiomegaly,cardiomegaly,Cardiomegaly,2040,Cardiomegaly,1.0,good,none,,False,True,Cardiomegaly. No effusions or edema. Clear chest,The heart size is persistently enlarged. Lung volumes are low. Lungs are clear. There is no pleural line to suggest pneumothorax or costophrenic blunting to suggest large pleural effusion. Bony structures are within normal limits. No acute cardiopulmonary findings.,113
oracle,1819,Cardiomegaly;Lung Opacity;Atelectasis,cardiomegaly lung opacity atelectasis,Cardiomegaly;Lung Opacity;Atelectasis,3813,Lung Opacity,0.3333333333333333,partial,retrieval_mismatch_despite_correct_query,,True,False,There is opacity left lung base may represent atelectasis or early infiltrate. The cardiomediastinal silhouette is within normal limits. No pneumothorax or pleural effusion. opacity left lung base..,Stable cardiac enlargement. Vascular congestion is redemonstrated. Patchy atelectasis and airspace disease is present in the left base. Right base is clear. No large effusion or pneumothorax.,41
oracle,1826,No Finding,no acute abnormality,No Finding,3719,No Finding,1.0,good,none,,False,False,No active disease.,"The central airway is midline and is. The cardiomediastinal silhouette is within normal limits. There is no focal lung consolidation, pleural effusion, or pneumothorax seen. The osseous structures appear within normal limits. 1. No acute cardiopulmonary abnormalities. 2. Normal chest radiograph.",114
oracle,1832,Cardiomegaly;Lung Opacity;Atelectasis,cardiomegaly lung opacity atelectasis,Cardiomegaly;Lung Opacity;Atelectasis,3813,Lung Opacity,0.3333333333333333,partial,retrieval_mismatch_despite_correct_query,,False,False,There is opacity left lung base may represent atelectasis or early infiltrate. The cardiomediastinal silhouette is within normal limits. No pneumothorax or pleural effusion. opacity left lung base..,"Interval removal of cardiac generator. Cardiomegaly. Left base streaky opacities again noted. No large focal areas of consolidation. No pleural effusions. Osseous structures intact. No pneumothorax. 1. Streaky left basilar opacities, atelectasis versus infiltrate. 2. Cardiomegaly, stable.",42
oracle,1833,Atelectasis,atelectasis,Atelectasis,3140,Lung Opacity;Atelectasis,0.5,partial,retrieval_mismatch_despite_correct_query,,False,True,"Streaky opacities in the right lower lobe most suggestive of atelectasis, differential diagnosis includes atypical infection. No definite pleural effusion seen. Heart size within normal limits, no typical findings of pulmonary edema.",There is a small area of scarring or atelectasis in the left base. Calcified granulomas seen in the posterior right lower lobe. Lungs are otherwise clear. The heart and mediastinum are normal. The skeletal structures and soft tissues are normal. Minimal small area scarring of the left base.,43
oracle,1837,No Finding,no acute abnormality,No Finding,3719,No Finding,1.0,good,none,,False,False,No active disease.,"The heart is normal in size and contour. The lungs are clear, without evidence of infiltrate. There is no pneumothorax or effusion. No acute cardiopulmonary disease.",115
oracle,1882,No Finding,no acute abnormality,No Finding,3719,No Finding,1.0,good,none,,False,False,No active disease.,Clear lungs bilaterally. Normal cardiac contours. No pneumothorax or pleural effusion. 1. No acute cardiopulmonary abnormality.,116
oracle,1907,No Finding,no acute abnormality,No Finding,3719,No Finding,1.0,good,none,,False,False,No active disease.,No comparisons. Heart size is normal. Lungs are clear. Status post coronary artery bypass grafting.,117
oracle,1914,Lung Opacity,lung opacity,Lung Opacity,1972,Lung Opacity,1.0,good,none,,False,False,There is a airspace opacity in the left upper lung. Heart size within normal limits. Mild calcification of the aortic. No pneumothorax or pleural effusions. airspace opacity in the left upper lung which may represent streaky atelectasis or resolving pneumonia.,"Stable heart size. Diffuse bilateral interstitial opacities. No pneumothorax. No effusions. No acute bony abnormalities. Stable bilateral interstitial opacities, could represent scarring or infiltrate. CT may be helpful to further characterize.",118
oracle,1918,Lung Opacity;Support Devices,lung opacity support device,Lung Opacity;Support Devices,1016,Lung Opacity;Atelectasis;Pleural Effusion;Pleural Other,0.2,partial,retrieval_mismatch_despite_correct_query,,False,True,"Comparison,. right pleural opacity along the lower chest wall compatible with thickening and/or some loculated effusion, accompanied with some adjacent atelectasis / airspace disease within the right lung base. Round opacity seen projecting adjacent to right hilum on PA view is on lateral view to represent some discoid atelectasis or fluid associated with the upper aspect of the fissure. Some opacities compatible with scarring/chronic inflammatory change are seen within the left lower lung which are more conspicuous versus previous examination. Stable mediastinal contour.","There is a 1.5 cm nodular opacity projecting over left hilum. The cardiac silhouette is within normal limits. There is no pulmonary edema. There is no focal consolidation. There are no of pleural effusion. There is no evidence of pneumothorax. opacities representing surgical clips, in the midline at the level of the thoracic inlet. 1. Prominence of left hilum which could be due to nodule/lymph node or superimposing blood. In the absence of prior studies for comparison, chest for further evaluation. Result notification Primordial.",44
oracle,1937,No Finding,no acute abnormality,No Finding,3719,No Finding,1.0,good,none,,False,False,No active disease.,Heart size and pulmonary vascularity appear within normal limits. The lungs are free of focal airspace disease. No pleural effusion or pneumothorax is seen. 1. No evidence of active disease.,119
oracle,1947,Lung Lesion,lung lesion,Lung Lesion,1220,,0.0,poor,retrieval_mismatch_despite_correct_query,,True,False,"There is hyperexpansion, hyperlucency of both lungs, as well as flattening of the diaphragm consistent with chronic emphysematous lung disease. No focal consolidation, pneumothorax, or large pleural effusion identified (blunting of costophrenic recesses bilaterally may represent small effusions or pleural thickening/scar. Stable calcified mediastinal and hilar lymph and a left basilar calcified granuloma. Acute osseous abnormality. The mediastinal silhouette stable. Changes of chronic emphysematous lung disease without acute cardiopulmonary abnormality identified.","Heart size within normal limits, stable mediastinal contours. No focal alveolar consolidation, no definite pleural effusion seen. A dense nodule in the right base suggests a previous granulomatous process. No typical findings of pulmonary edema. No pneumothorax. No acute findings",13
oracle,1948,No Finding,no acute abnormality,No Finding,3719,No Finding,1.0,good,none,,False,False,No active disease.,"The cardiomediastinal silhouette is within normal limits for size and contour. The lungs are normally inflated without evidence of focal airspace disease, pleural effusion, or pneumothorax. Osseous structures are within normal limits for patient age.. No acute radiographic cardiopulmonary process.",120
oracle,1960,No Finding,no acute abnormality,No Finding,3719,No Finding,1.0,good,none,,False,False,No active disease.,Cardiac and mediastinal contours are within normal limits. The lungs are clear. Bony structures are intact. Negative chest x-.,121
oracle,1976,Lung Opacity,lung opacity,Lung Opacity,1972,Lung Opacity,1.0,good,none,,False,True,There is a airspace opacity in the left upper lung. Heart size within normal limits. Mild calcification of the aortic. No pneumothorax or pleural effusions. airspace opacity in the left upper lung which may represent streaky atelectasis or resolving pneumonia.,Patchy alveolar infiltrates in the right midlung probably within the anterior segment of the right upper lobe. 7 mm nodular opacity overlying the left lung most represents patient's nipple recommend nipple films as it may represent a lung nodule as well. Patient being recalled from the room for the nipple film,122
oracle,1980,No Finding,no acute abnormality,No Finding,3719,No Finding,1.0,good,none,,False,False,No active disease.,"The lungs are clear bilaterally. Specifically, no evidence of focal consolidation, pneumothorax, or pleural effusion.. Cardio mediastinal silhouette is unremarkable. Visualized osseous structures of the thorax are without acute abnormality. No acute cardiopulmonary abnormality.",123
oracle,1988,Lung Opacity;Lung Lesion,lung opacity lung lesion,Lung Opacity;Lung Lesion,1972,Lung Opacity,0.5,partial,retrieval_mismatch_despite_correct_query,,False,True,There is a airspace opacity in the left upper lung. Heart size within normal limits. Mild calcification of the aortic. No pneumothorax or pleural effusions. airspace opacity in the left upper lung which may represent streaky atelectasis or resolving pneumonia.,"Stable appearing chest with low lung volumes. Reticulonodular changes in left lung base and periphery of left lung most representing chronic inflammatory change. Also some peripheral fibrotic appearing opacity in the periphery the right upper lobe, grossly stable. No acute airspace consolidation. Stable mediastinal contour.",45
oracle,2003,Cardiomegaly,cardiomegaly,Cardiomegaly,2040,Cardiomegaly,1.0,good,none,,False,True,Cardiomegaly. No effusions or edema. Clear chest,"Borderline enlarged heart. Pulmonary vasculature appears within normal limits. No focal pulmonary opacity, pleural effusion or pneumothorax. No acute bony abnormality. Possible right shoulder calcific tendinitis. Calcifications of the abdominal aorta are seen. 1. Borderline enlarged heart without acute abnormality.",124
oracle,2006,Cardiomegaly,cardiomegaly,Cardiomegaly,2040,Cardiomegaly,1.0,good,none,,False,True,Cardiomegaly. No effusions or edema. Clear chest,Heart size is mildly enlarged. The pulmonary and mediastinum are within normal limits. There is no pleural effusion or pneumothorax. There is no focal air space opacity to suggest a pneumonia. There is a calcified granuloma in the right lung base. There are mild degenerative changes of the spine. There are some chronic increased interstitial markings noted. Cardiomegaly without superimposed acute disease identified.,125
oracle,2026,No Finding,no acute abnormality,No Finding,3719,No Finding,1.0,good,none,,False,False,No active disease.,"The trachea is midline. Cardiomediastinal silhouette is normal. The lungs are clear, without evidence of focal consolidation or pleural effusion. There is no pneumothorax. The visualized bony structures reveal no acute abnormalities. No acute cardiopulmonary abnormalities..",126
oracle,2038,No Finding,no acute abnormality,No Finding,3719,No Finding,1.0,good,none,,False,False,No active disease.,"The heart size and cardiomediastinal silhouette are normal. There is no focal airspace opacity, pleural effusion or pneumothorax. The osseous structures are intact. No acute cardiopulmonary finding.",127
oracle,2062,Lung Opacity;Atelectasis;Support Devices,lung opacity atelectasis support device,Lung Opacity;Atelectasis;Support Devices,3721,Lung Opacity;Atelectasis,0.6666666666666666,partial,retrieval_mismatch_despite_correct_query,,False,True,Streaky opacity is noted within the left lung base which may represent focal area of atelectasis. Right lung is grossly clear. Cardiac silhouette and mediastinal contours are within normal limits. There is no pneumothorax. No large pleural effusion. Left lower lobe atelectasis otherwise no acute cardiopulmonary disease.,"Right subclavian catheter, distal tip posterior to the head of the clavicle, the level of the subclavian vein. Low lung volumes. No pleural effusion. Left lower lobe airspace disease, atelectasis. Cardiomediastinal size is within normal limits. Pulmonary vasculature is normal. intact. 1. Right subclavian catheter, distal tip in the region of the subclavian vein at the level of clavicular head. 2. Low lung volumes, with left lower lung atelectasis..",46
oracle,2066,Cardiomegaly;Lung Opacity;Atelectasis,cardiomegaly lung opacity atelectasis,Cardiomegaly;Lung Opacity;Atelectasis,3813,Lung Opacity,0.3333333333333333,partial,retrieval_mismatch_despite_correct_query,,False,True,There is opacity left lung base may represent atelectasis or early infiltrate. The cardiomediastinal silhouette is within normal limits. No pneumothorax or pleural effusion. opacity left lung base..,"There is mild cardiomegaly. The aorta is tortuous. There is opacities noted in the right lower lobe, subsegmental atelectasis. There is no pneumothorax or effusion. No displaced rib fractures. If there is high clinical concern, consider dedicated rib views for further evaluation. Mild cardiomegaly, with subsegmental atelectasis in the right lower lobe.",47
oracle,2069,No Finding,no acute abnormality,No Finding,3719,No Finding,1.0,good,none,,False,False,No active disease.,"Heart size normal. Lungs are clear. are normal. No pneumonia, effusions, edema, pneumothorax, adenopathy, nodules or masses. Normal chest",128
oracle,2074,Lung Opacity;Atelectasis;Pleural Effusion,lung opacity atelectasis pleural effusion,Lung Opacity;Atelectasis;Pleural Effusion,1016,Lung Opacity;Atelectasis;Pleural Effusion;Pleural Other,0.75,partial,retrieval_mismatch_despite_correct_query,,False,True,"Comparison,. right pleural opacity along the lower chest wall compatible with thickening and/or some loculated effusion, accompanied with some adjacent atelectasis / airspace disease within the right lung base. Round opacity seen projecting adjacent to right hilum on PA view is on lateral view to represent some discoid atelectasis or fluid associated with the upper aspect of the fissure. Some opacities compatible with scarring/chronic inflammatory change are seen within the left lower lung which are more conspicuous versus previous examination. Stable mediastinal contour.",Low lung volumes. Stable ectasia of the thoracic aorta. Stable right upper mediastinal Bilateral small pleural effusions and bibasilar airspace opacities. The heart size and mediastinal silhouette are within normal limits for contour. No pneumothorax. Stable wedging of the anterior thoracic vertebral bodies. Bilateral small pleural effusions and associated atelectasis. Stable right upper mediastinal opacity consistent with goiter.,48
oracle,2075,No Finding,no acute abnormality,No Finding,3719,No Finding,1.0,good,none,,False,False,No active disease.,"The cardiomediastinal silhouette is normal in size and contour. No focal consolidation, pneumothorax or large pleural effusion. Normal. Negative for acute abnormality.",129
oracle,2096,No Finding,no acute abnormality,No Finding,3719,No Finding,1.0,good,none,,False,False,No active disease.,Normal heart size and mediastinal contours. Clear lungs. No pneumothorax or pleural effusion. Unremarkable. No acute cardiopulmonary process..,130
oracle,2116,Fracture,fracture,Fracture,2588,,0.0,poor,retrieval_mismatch_despite_correct_query,,False,False,"No focal consolidation, pneumothorax or definite pleural effusion. Nodular density projected over the left base with no lateral view correlate secondary to soft tissue overlay. Heart size and pulmonary vascularity within normal limits, no mediastinal widening characteristic in appearance of vascular injury. No acute osseous injury demonstrated. No acute findings. Please note that fractures may not be demonstrated and consider additional imaging as clinically indicated.","The lungs are clear bilaterally. Specifically, no evidence of focal consolidation, pneumothorax, or pleural effusion.. Cardio mediastinal silhouette is unremarkable. Visualized osseous structures of the thorax demonstrate healed, remote bilateral rib fractures without acute abnormality. No acute cardiopulmonary abnormality..",14
oracle,2138,Lung Opacity;Fracture,lung opacity fracture,Lung Opacity;Fracture,3344,Lung Opacity,0.5,partial,retrieval_mismatch_despite_correct_query,,False,True,Ill-defined opacity projecting over midthoracic spine on lateral view corresponding with residual mass/nodularity seen scan from. Well-expanded lungs with no acute airspace disease. Mediastinal contour within normal limits. No acute cardiopulmonary abnormality identified.,Normal heart size. Stable tortuous thoracic aorta. Prior granulomatous disease. Healed rib fractures appear stable. Focal opacity is noted in the left midlung overlying the 9th posterior rib which represents healing rib callus. No pneumothorax or pleural effusion. No acute abnormality seen.,49
oracle,2140,Fracture,fracture,Fracture,2588,,0.0,poor,retrieval_mismatch_despite_correct_query,,False,True,"No focal consolidation, pneumothorax or definite pleural effusion. Nodular density projected over the left base with no lateral view correlate secondary to soft tissue overlay. Heart size and pulmonary vascularity within normal limits, no mediastinal widening characteristic in appearance of vascular injury. No acute osseous injury demonstrated. No acute findings. Please note that fractures may not be demonstrated and consider additional imaging as clinically indicated.",The lungs are clear. There are calcified left hilar lymph. The heart and mediastinum are normal. The skeletal structures are notable for an old apparent fracture at T12-L1 or congenital fusion unchanged from the prior study. 1. No acute pulmonary disease. 2. Possible old injury or developmental anomaly partially T12-L1.,15
oracle,2148,No Finding,no acute abnormality,No Finding,3719,No Finding,1.0,good,none,,False,False,No active disease.,Cardiac and mediastinal contours are within normal limits. The lungs are clear. Bony structures are intact. No acute preoperative findings.,131
oracle,2157,No Finding,no acute abnormality,No Finding,3719,No Finding,1.0,good,none,,False,False,No active disease.,"Comparison,. Well-expanded and clear lungs. Mediastinal contour within normal limits. No acute cardiopulmonary abnormality identified.",132
oracle,2160,No Finding,no acute abnormality,No Finding,3719,No Finding,1.0,good,none,,False,False,No active disease.,"The cardiomediastinal silhouette is within normal limits for size and contour. The lungs are normally inflated without evidence of focal airspace disease, pleural effusion, or pneumothorax. No acute osseus abnormality. No acute cardiopulmonary process.",133
oracle,2170,No Finding,no acute abnormality,No Finding,3719,No Finding,1.0,good,none,,False,False,No active disease.,Comparison Well-expanded and clear lungs. Mediastinal contour within normal limits. No acute cardiopulmonary abnormality identified. Stable chest.,134
oracle,2191,Cardiomegaly;Lung Opacity,cardiomegaly lung opacity,Cardiomegaly;Lung Opacity,3813,Lung Opacity,0.5,partial,retrieval_mismatch_despite_correct_query,,False,False,There is opacity left lung base may represent atelectasis or early infiltrate. The cardiomediastinal silhouette is within normal limits. No pneumothorax or pleural effusion. opacity left lung base..,There is no acute osseous abnormality. Soft tissues are within normal limits. Borderline enlargement of the heart. Normal vascular markings. Left basilar retrocardiac opacity. No pneumothorax. Findings consistent with left base airspace disease.,50
oracle,2207,Lung Opacity;Pneumonia,lung opacity pneumonia,Lung Opacity;Pneumonia,742,Lung Opacity,0.5,partial,retrieval_mismatch_despite_correct_query,,False,True,"focal opacity in the medial right lung base seen on the frontal view. No definite pleural effusion. Stable cardiomediastinal silhouette with normal heart size, no typical findings of pulmonary edema. Abnormal opacity in the right lung base which may be compatible with pneumonia in the appropriate clinical setting. Recommend clinical correlation for infection and followup to resolution. Or, if clinical findings are not compatible with may be of.",Heart size is within normal limits. Tortuous thoracic aorta. There is patchy right base airspace disease. No pneumothorax or pleural effusion. There mild degenerative changes throughout the thoracic spine. Right lower lobe pneumonia.,51
oracle,2212,No Finding,no acute abnormality,No Finding,3719,No Finding,1.0,good,none,,False,False,No active disease.,The lungs are clear. There is no pleural effusion. The heart and mediastinum are normal. The skeletal structures and soft tissues have a normal appearance. No acute pulmonary disease.,135
oracle,2223,No Finding,no acute abnormality,No Finding,3719,No Finding,1.0,good,none,,False,False,No active disease.,"Chest. Heart size normal. Lungs clear. unremarkable. Limited technique. Right elbow and forearm. No acute fracture, dislocation or joint effusion. Soft tissues unremarkable. Left ankle. Soft tissue around ankle. There are midfoot degenerative changes and plantar calcaneal enthesophyte. Ankle mortise intact. No acute fracture or dislocation. Chest. No acute cardiopulmonary finding. Right elbow and forearm. No acute traumatic finding. Left ankle. 1. No acute traumatic finding. 2. Midfoot degenerative changes and calcaneal enthesopathy.",136
oracle,2228,No Finding,no acute abnormality,No Finding,3719,No Finding,1.0,good,none,,False,False,No active disease.,Heart size is normal and the lungs are clear.,137
oracle,2236,No Finding,no acute abnormality,No Finding,3719,No Finding,1.0,good,none,,False,False,No active disease.,"The cardiac silhouette, mediastinum, and pulmonary vasculature are within normal limits. Lungs are clear. No pleural fluid or pneumothorax is appreciated. Unremarkable chest x-..",138
oracle,2238,No Finding,no acute abnormality,No Finding,3719,No Finding,1.0,good,none,,False,False,No active disease.,The heart is normal in size. The mediastinum is unremarkable. The lungs are clear. No acute disease.,139
oracle,2239,Lung Opacity;Support Devices,lung opacity support device,Lung Opacity;Support Devices,1016,Lung Opacity;Atelectasis;Pleural Effusion;Pleural Other,0.2,partial,retrieval_mismatch_despite_correct_query,,False,True,"Comparison,. right pleural opacity along the lower chest wall compatible with thickening and/or some loculated effusion, accompanied with some adjacent atelectasis / airspace disease within the right lung base. Round opacity seen projecting adjacent to right hilum on PA view is on lateral view to represent some discoid atelectasis or fluid associated with the upper aspect of the fissure. Some opacities compatible with scarring/chronic inflammatory change are seen within the left lower lung which are more conspicuous versus previous examination. Stable mediastinal contour.","Frontal and lateral views of the chest with overlying external cardiac monitor leads show normal size and configuration of the cardiac silhouette. Normal pulmonary vasculature and central airways. There is interstitial prominence and is basilar patchy air space opacity. No focal airspace consolidation or pleural effusion. Nonspecific interstitial prominence and basilar patchy airspace disease. Maybe due to pulmonary fibrosis, scarring and/or atelectasis. Comparison with outside previous films may be useful.",52
oracle,2244,No Finding,no acute abnormality,No Finding,3719,No Finding,1.0,good,none,,False,False,No active disease.,No comparison chest x-. Well-expanded and clear lungs. Mediastinal contour within normal limits. No acute cardiopulmonary abnormality identified.,140
oracle,2277,No Finding,no acute abnormality,No Finding,3719,No Finding,1.0,good,none,,False,False,No active disease.,The lungs are clear without evidence of focal airspace disease. There is no evidence of pneumothorax or large pleural effusion. The cardiac and mediastinal contours are within normal limits. The are unremarkable. No radiographic evidence of acute cardiopulmonary disease.,141
oracle,2290,No Finding,no acute abnormality,No Finding,3719,No Finding,1.0,good,none,,False,False,No active disease.,There are no focal areas of consolidation. No suspicious pulmonary opacities. Heart size within normal limits. No pleural effusions. No evidence of pneumothorax. Osseous structures are intact. No acute cardiopulmonary abnormality.,142
oracle,2310,No Finding,no acute abnormality,No Finding,3719,No Finding,1.0,good,none,,False,False,No active disease.,No focal consolidation. No visualized pneumothorax. The heart size is normal. There are no large pleural effusions. 1. No acute cardiopulmonary findings.,143
oracle,2313,No Finding,no acute abnormality,No Finding,3719,No Finding,1.0,good,none,,False,False,No active disease.,The lungs are clear. There is no pleural effusion or pneumothorax. There has been sternotomy. The heart and mediastinum are normal. The skeletal structures are normal. No acute pulmonary disease.,144
oracle,2326,Cardiomegaly,cardiomegaly,Cardiomegaly,2040,Cardiomegaly,1.0,good,none,,False,True,Cardiomegaly. No effusions or edema. Clear chest,"Heart size mildly enlarged, stable mediastinal and hilar contours. Right hemidiaphragm eventration. No focal alveolar consolidation, no definite pleural effusion seen. No typical findings of pulmonary edema. Cardiomegaly, no acute pulmonary findings",145
oracle,2363,Lung Opacity;Pneumonia,lung opacity pneumonia,Lung Opacity;Pneumonia,742,Lung Opacity,0.5,partial,retrieval_mismatch_despite_correct_query,,False,False,"focal opacity in the medial right lung base seen on the frontal view. No definite pleural effusion. Stable cardiomediastinal silhouette with normal heart size, no typical findings of pulmonary edema. Abnormal opacity in the right lung base which may be compatible with pneumonia in the appropriate clinical setting. Recommend clinical correlation for infection and followup to resolution. Or, if clinical findings are not compatible with may be of.",Heart size is upper limits of normal. The pulmonary and mediastinum are within normal limits. There is no pleural effusion or pneumothorax. There is right basilar air space opacity. Right middle lobe and lower lobe pneumonia. Followup radiographs in 8-12 weeks after appropriate therapy are indicated to exclude an underlying abnormality.,53
oracle,2365,No Finding,no acute abnormality,No Finding,3719,No Finding,1.0,good,none,,False,False,No active disease.,The heart size and pulmonary vascularity appear within normal limits. The lungs are free of focal airspace disease. No pleural effusion or pneumothorax is seen. No evidence of active disease.,146
oracle,2377,No Finding,no acute abnormality,No Finding,3719,No Finding,1.0,good,none,,False,False,No active disease.,The heart size and pulmonary vascularity appear within normal limits. The lungs are free of focal airspace disease. No pleural effusion or pneumothorax is seen. No evidence of active disease.,147
oracle,2388,No Finding,no acute abnormality,No Finding,3719,No Finding,1.0,good,none,,False,False,No active disease.,"Heart size normal. Lungs are clear. are normal. No pneumonia, effusions, edema, pneumothorax, adenopathy, nodules or masses. Normal chest",148
oracle,2396,Lung Opacity;Edema,lung opacity pulmonary edema,Lung Opacity;Edema,2263,Cardiomegaly;Lung Opacity;Atelectasis,0.25,partial,retrieval_mismatch_despite_correct_query,,False,False,"Heart size moderately enlarged, stable mediastinal contours. opacity in the left lung base. Otherwise, no focal alveolar consolidation, no definite pleural effusion seen. No typical findings of pulmonary edema. 1. Cardiomegaly 2. opacity in the left base atelectasis",There are bilateral opacities most prominent in the lower lobes bilaterally. There is no evidence of pneumothorax or large pleural effusion. The cardiac and mediastinal contours are within normal limits. The are unremarkable. There is an embolization overlying left upper quadrant. Bilateral opacities most prominent in the lower lobes representing airspace disease or edema.,54
oracle,2415,Cardiomegaly;Lung Opacity,cardiomegaly lung opacity,Cardiomegaly;Lung Opacity,3813,Lung Opacity,0.5,partial,retrieval_mismatch_despite_correct_query,,False,True,There is opacity left lung base may represent atelectasis or early infiltrate. The cardiomediastinal silhouette is within normal limits. No pneumothorax or pleural effusion. opacity left lung base..,"The heart is mildly enlarged. The lungs are hypoinflated with mildly elevated left hemidiaphragm. There is patchy opacity in the left lung base which may be secondary to atelectasis and/or possible infiltrate. Increased markings are noted throughout and were present on prior CT. The study is limited secondary to moderate motion. Underlying emphysematous changes are identified. Hypoinflation with elevated left hemidiaphragm and possible left basilar infiltrate versus atelectasis. Followup evaluation is suggested in 2 to 4 weeks. IMPRESSION: Exam: CHEST 2V FRONTAL/LATERAL Date:, PM Comparison: CT chest History: Shortness of breath FINDINGS: The heart is mildly enlarged. The lungs are hypoinflated with mildly elevated left hemidiaphragm. There is patchy opacity in the left lung base which may be secondary to atelectasis and/or possible infiltrate. Increased markings are noted throughout and were present on prior CT. The study is limited secondary to moderate motion. Underlying emphysematous changes are identified. IMPRESSION: Hypoinflation with elevated left hemidiaphragm and possible left basilar infiltrate versus atelectasis. Followup evaluation is suggested in 2 to 4 weeks.",55
oracle,2453,No Finding,no acute abnormality,No Finding,3719,No Finding,1.0,good,none,,False,False,No active disease.,Lungs are clear bilaterally. Cardiac and mediastinal silhouettes are normal. Pulmonary vasculature is normal. No pneumothorax or pleural effusion. No acute bony abnormality. No acute cardiopulmonary abnormality.,149
oracle,2475,Cardiomegaly,cardiomegaly,Cardiomegaly,2040,Cardiomegaly,1.0,good,none,,False,True,Cardiomegaly. No effusions or edema. Clear chest,Heart size remains slightly large. Pulmonary are normal. Aorta tortuous. change. No active cardiopulmonary disease.,150
oracle,2493,No Finding,no acute abnormality,No Finding,3719,No Finding,1.0,good,none,,False,False,No active disease.,"The trachea is midline. The cardiomediastinal silhouette is normal. The lungs are clear, without evidence of focal infiltrate or effusion. There is no pleural effusion or pneumothorax. The visualized bony structures reveal no acute abnormalities. No acute cardiopulmonary abnormalities..",151
oracle,2513,Atelectasis,atelectasis,Atelectasis,3140,Lung Opacity;Atelectasis,0.5,partial,retrieval_mismatch_despite_correct_query,,False,True,"Streaky opacities in the right lower lobe most suggestive of atelectasis, differential diagnosis includes atypical infection. No definite pleural effusion seen. Heart size within normal limits, no typical findings of pulmonary edema.",[<Heart size and pulmonary vascularity within normal limits. There is a large hiatal hernia seen projecting in the retrocardiac region. This is from prior examination. There is associated atelectasis in the left lung base. No pleural effusion or pneumothorax is identified. 1. large hiatal hernia. 2. Left base atelectasis.,56
oracle,2517,No Finding,no acute abnormality,No Finding,3719,No Finding,1.0,good,none,,False,False,No active disease.,Lungs are clear. No pneumothorax or pleural effusion. Normal heart and mediastinal contours. Normal pulmonary vasculature. Bony thorax intact. No acute cardiopulmonary abnormality.,152
oracle,2533,No Finding,no acute abnormality,No Finding,3719,No Finding,1.0,good,none,,False,False,No active disease.,Cardiomediastinal silhouette and central pulmonary vasculature are within normal limits. There is no focal air space opacity. No pleural effusion or pneumothorax is seen. No acute bony abnormality is demonstrated. No acute cardiopulmonary abnormality.,153
oracle,2545,No Finding,no acute abnormality,No Finding,3719,No Finding,1.0,good,none,,False,False,No active disease.,"The trachea is midline. The cardiomediastinal silhouette is normal. Lung are clear without evidence of effusion, infiltrate, or pneumothorax. Visualized bony structures are intact. Visualized soft tissues appear normal. Normal chest x-.",154
oracle,2564,No Finding,no acute abnormality,No Finding,3719,No Finding,1.0,good,none,,False,False,No active disease.,"Normal cardiac size and contour unremarkable mediastinal silhouette. Lungs clear, no airspace disease, pleural effusion, or pneumothorax. No active/acute cardiopulmonary disease.",155
oracle,2591,No Finding,no acute abnormality,No Finding,3719,No Finding,1.0,good,none,,False,False,No active disease.,No focal lung consolidation. Heart size and pulmonary vascularity are within normal limits. No pneumothorax or pleural effusion. Osseous structures are grossly intact. No acute cardiopulmonary process.,156
oracle,2594,Lung Opacity;Atelectasis,lung opacity atelectasis,Lung Opacity;Atelectasis,3721,Lung Opacity;Atelectasis,1.0,good,none,,False,True,Streaky opacity is noted within the left lung base which may represent focal area of atelectasis. Right lung is grossly clear. Cardiac silhouette and mediastinal contours are within normal limits. There is no pneumothorax. No large pleural effusion. Left lower lobe atelectasis otherwise no acute cardiopulmonary disease.,The heart size is normal. Tortuous aorta. Otherwise the mediastinal contour is within normal limits. Low lung volumes. Mild elevation of the right hemidiaphragm. There is streaky opacity within the right lower lobe. There are no nodules or masses. No visible pneumothorax. No visible pleural fluid. The are grossly normal. There is no visible free intraperitoneal air under the diaphragm. Streaky right lower lobe infiltrate versus atelectasis.,157
oracle,2596,No Finding,no acute abnormality,No Finding,3719,No Finding,1.0,good,none,,False,False,No active disease.,"The cardiomediastinal silhouette and pulmonary vasculature are within normal limits in size. The lungs are clear of focal airspace disease, pneumothorax, or pleural effusion. There are no acute bony findings. No acute findings..",158
oracle,2605,No Finding,no acute abnormality,No Finding,3719,No Finding,1.0,good,none,,False,False,No active disease.,Single view of chest was obtained in AP projection. Limited study secondary to body habitus. The cardiomediastinal silhouette is not enlarged. Lungs demonstrate no focal infiltrates. There is no effusion or pneumothorax. 1. No acute pulmonary disease.,159
oracle,2612,No Finding,no acute abnormality,No Finding,3719,No Finding,1.0,good,none,,False,False,No active disease.,"The cardiomediastinal silhouette and pulmonary vasculature are within normal limits in size. The lungs are clear of focal airspace disease, pneumothorax, or pleural effusion. There are no acute bony findings. No acute cardiopulmonary findings..",160
oracle,2616,Pleural Effusion,pleural effusion,Pleural Effusion,3365,No Finding,0.0,poor,retrieval_mismatch_despite_correct_query,,False,True,No large pleural effusions. No pneumothorax. No focal airspace opacities. Heart size is normal. No acute cardiopulmonary abnormalities.,Frontal and lateral views of the chest show normal size and configuration of the cardiac silhouette. The right costophrenic sulcus is blunted. There is an the right base /fluid level. The left lung is clear. 1. Right-sided small pleural effusion. 2. Right base /fluid level. Atypical location for a hiatal hernia. Cannot exclude a right lower lobe cavity. Correlation scan recommended. Does not appear to be a hydropneumothorax or empyema.,16
oracle,2622,Support Devices,support device,Support Devices,3929,Cardiomegaly;Support Devices,0.5,partial,retrieval_mismatch_despite_correct_query,,False,False,"A cardiac pacemaker/defibrillator device is redemonstration of the left chest wall with a single projecting over the right atrium and 2 leads projecting over the right ventricle. The cardiac silhouette is mildly enlarged, unchanged. No focal pulmonary consolidation. No pneumothorax. No pleural effusion. Minimal degenerative changes of the thoracic spine..",Normal heart size and mediastinal contours. No focal airspace consolidation. Tracheostomy tip approximately 5 cm above the carina. No pleural effusion or pneumothorax. No acute cardiopulmonary abnormality.,57
oracle,2629,No Finding,no acute abnormality,No Finding,3719,No Finding,1.0,good,none,,False,False,No active disease.,Mediastinal contours are normal. Lungs are clear. There is no pneumothorax or large pleural effusion. No focal infiltrate.,161
oracle,2644,Cardiomegaly;Lung Lesion,cardiomegaly lung lesion,Cardiomegaly;Lung Lesion,2221,Cardiomegaly,0.5,partial,retrieval_mismatch_despite_correct_query,,True,True,Slight cardiomegaly. Clear lungs.,"Mild cardiomegaly. Pulmonary vasculature is within normal limits. Costophrenic are. There is increased kyphotic curvature of the thoracic spine. Within the heart, there is a small area of oval-shaped density measuring 2.2 x 1.6 cm without correction for magnification. There is a calcified lymph node in the right hilum. No pneumothorax. Lingular nodule measuring 2.2 x 1.6 cm. Recommend to further evaluate. The above findings and recommendations were discussed with at p.m., telephone.",58
oracle,2691,Cardiomegaly,cardiomegaly,Cardiomegaly,2040,Cardiomegaly,1.0,good,none,,False,True,Cardiomegaly. No effusions or edema. Clear chest,"Exam quality limited by hypoinflation and rotation. Considering technical factors heart size mildly enlarged, aortic calcifications and ectasia/tortuosity, mediastinal calcifications suggest a previous granulomatous process. No focal alveolar consolidation, no definite pleural effusion seen. Bronchovascular crowding without typical findings of pulmonary edema.",162
oracle,2697,No Finding,no acute abnormality,No Finding,3719,No Finding,1.0,good,none,,False,False,No active disease.,,163
oracle,2698,No Finding,no acute abnormality,No Finding,3719,No Finding,1.0,good,none,,False,False,No active disease.,The lungs appear clear. The heart and pulmonary are normal. The pleural spaces are clear. Mediastinal contours are normal. No acute cardiopulmonary disease,164
oracle,2709,Lung Opacity,lung opacity,Lung Opacity,1972,Lung Opacity,1.0,good,none,,False,False,There is a airspace opacity in the left upper lung. Heart size within normal limits. Mild calcification of the aortic. No pneumothorax or pleural effusions. airspace opacity in the left upper lung which may represent streaky atelectasis or resolving pneumonia.,There is a subtle left medial base opacity. Cardiomediastinal silhouette is normal. Pulmonary vasculature and are normal. No pneumothorax or large pleural effusion. Osseous structures and soft tissues are normal. Subtle medial left basilar opacity could represent early pneumonia.,165
oracle,2720,No Finding,no acute abnormality,No Finding,3719,No Finding,1.0,good,none,,False,False,No active disease.,Both lungs are clear and expanded. Heart and mediastinum normal. No active disease.,166
oracle,2723,Atelectasis,atelectasis,Atelectasis,3140,Lung Opacity;Atelectasis,0.5,partial,retrieval_mismatch_despite_correct_query,,False,True,"Streaky opacities in the right lower lobe most suggestive of atelectasis, differential diagnosis includes atypical infection. No definite pleural effusion seen. Heart size within normal limits, no typical findings of pulmonary edema.",Negative for cardiac enlargement or vascular congestion. Minimal subsegmental atelectasis at the left base otherwise negative for focal confluent airspace disease. The visualized bony structures are intact. There are minimal degenerative disc changes of the mid/lower thoracic spine. No pneumothorax. Negative for acute cardiopulmonary process.,59
oracle,2737,Atelectasis,atelectasis,Atelectasis,3140,Lung Opacity;Atelectasis,0.5,partial,retrieval_mismatch_despite_correct_query,,False,True,"Streaky opacities in the right lower lobe most suggestive of atelectasis, differential diagnosis includes atypical infection. No definite pleural effusion seen. Heart size within normal limits, no typical findings of pulmonary edema.",The heart is normal in size. The mediastinum is unremarkable. There is slight elevation of left hemidiaphragm with left basilar subsegmental atelectasis. The lungs are otherwise grossly clear. No acute disease.,60
oracle,2747,Pleural Effusion,pleural effusion,Pleural Effusion,3365,No Finding,0.0,poor,retrieval_mismatch_despite_correct_query,,False,False,No large pleural effusions. No pneumothorax. No focal airspace opacities. Heart size is normal. No acute cardiopulmonary abnormalities.,The lungs are clear. The cardiomediastinal silhouette is within normal limits. Small pleural effusion is identified. Small bilateral pleural effusions.,17
oracle,2758,No Finding,no acute abnormality,No Finding,3719,No Finding,1.0,good,none,,False,False,No active disease.,"Frontal and lateral views of the chest show an unchanged cardiomediastinal silhouette. Normal mediastinal contour, pulmonary and vasculature, central airways and lung volumes. No pleural effusion. No acute or active cardiac, pulmonary or pleural disease.",167
oracle,2765,No Finding,no acute abnormality,No Finding,3719,No Finding,1.0,good,none,,False,False,No active disease.,,168
oracle,2778,Support Devices,support device,Support Devices,3929,Cardiomegaly;Support Devices,0.5,partial,retrieval_mismatch_despite_correct_query,,False,False,"A cardiac pacemaker/defibrillator device is redemonstration of the left chest wall with a single projecting over the right atrium and 2 leads projecting over the right ventricle. The cardiac silhouette is mildly enlarged, unchanged. No focal pulmonary consolidation. No pneumothorax. No pleural effusion. Minimal degenerative changes of the thoracic spine..",The pulmonary nodules and masses masses on previous exam are smaller and not definitely seen. The lungs are otherwise clear. Heart size normal. No pneumothorax. There is a right chest with tip projecting over the lower SVC. Interval decrease in size of numerous pulmonary nodules and masses. No nodules or masses are definitely seen on radiograph..,61
oracle,2817,Lung Opacity;Pleural Effusion;Pleural Other,lung opacity pleural effusion pleural abnormality,Lung Opacity;Pleural Effusion;Pleural Other,1016,Lung Opacity;Atelectasis;Pleural Effusion;Pleural Other,0.75,partial,retrieval_mismatch_despite_correct_query,,False,True,"Comparison,. right pleural opacity along the lower chest wall compatible with thickening and/or some loculated effusion, accompanied with some adjacent atelectasis / airspace disease within the right lung base. Round opacity seen projecting adjacent to right hilum on PA view is on lateral view to represent some discoid atelectasis or fluid associated with the upper aspect of the fissure. Some opacities compatible with scarring/chronic inflammatory change are seen within the left lower lung which are more conspicuous versus previous examination. Stable mediastinal contour.","Evaluation is limited due to obscuration by the patient's arm on the lateral view. Cardiomediastinal silhouette is within normal limits of size and appearance. Pulmonary vascular is unremarkable. are chronic, coarse interstitial lung markings. Peripheral opacity along the right mid lung reflects scar or a small amount of loculated pleural fluid or thickening. Otherwise negative for focal airspace disease or consolidation. Hyperlucent lungs with apical. Negative for pneumothorax or pleural effusion. Limited evaluation reveals the to be grossly intact. 1. No acute cardiopulmonary abnormality. 2. Emphysema.",62
oracle,2831,Pneumothorax;Pleural Effusion;Support Devices,pneumothorax pleural effusion support device,Pneumothorax;Pleural Effusion;Support Devices,1570,,0.0,poor,retrieval_mismatch_despite_correct_query,,False,True,Evaluation for pneumothorax is limited due to exclusion of the superior-most pulmonary apices. No visible pleural. No focal air space opacities or pleural effusion. Cardiomediastinal silhouette is within normal limits. No free subdiaphragmatic air. Mild degenerative changes of the thoracic spine. Included osseous structures are grossly intact. No acute pulmonary disease.,Persistent 8mm pneumothorax with small amount of pleural effusion. Heart size normal. Enteric tube tip in the stomach. Midline abdominal clips. in the right upper quadrant. Bullet overlies L3.,18
oracle,2832,Cardiomegaly,cardiomegaly,Cardiomegaly,2040,Cardiomegaly,1.0,good,none,,False,True,Cardiomegaly. No effusions or edema. Clear chest,"There is stable cardiomegaly. The mediastinum is unremarkable. Atherosclerotic calcifications are present within the thoracic aorta. There is no pleural effusion, pneumothorax, or focal airspace disease. Chronic degenerative changes are present in the thoracic spine. 1. Stable cardiomegaly without acute cardiopulmonary abnormality.",169
oracle,2833,No Finding,no acute abnormality,No Finding,3719,No Finding,1.0,good,none,,False,False,No active disease.,"The heart, pulmonary and mediastinum are within normal limits. There is no pleural effusion or pneumothorax. There is no focal air space opacity to suggest a pneumonia. Both clavicles appear within normal limits on this limited radiographic evaluation. No acute cardiopulmonary disease.",170
oracle,2852,No Finding,no acute abnormality,No Finding,3719,No Finding,1.0,good,none,,False,False,No active disease.,Normal cardiac contours. No pleural effusion or pneumothorax. No acute bony abnormalities. Clear lung bilaterally. No intervertebral disc narrowing or loss of vertebral body. 1. No acute bony abnormalities. 2. No acute cardiopulmonary abnormalities.,171
oracle,2860,Support Devices,support device,Support Devices,3929,Cardiomegaly;Support Devices,0.5,partial,retrieval_mismatch_despite_correct_query,,False,True,"A cardiac pacemaker/defibrillator device is redemonstration of the left chest wall with a single projecting over the right atrium and 2 leads projecting over the right ventricle. The cardiac silhouette is mildly enlarged, unchanged. No focal pulmonary consolidation. No pneumothorax. No pleural effusion. Minimal degenerative changes of the thoracic spine..","No acute osseous abnormality. Scattered degenerative changes of the thoracic spine. Surgical clips overlying the right upper quadrant. Anterior cervical fusion. Tortuous and ectatic aorta. No focal area of consolidation, pleural effusion, or pneumothorax. No acute radiographic cardiopulmonary process.",63
oracle,2866,No Finding,no acute abnormality,No Finding,3719,No Finding,1.0,good,none,,False,False,No active disease.,"Heart size normal. Lungs are clear. are normal. No pneumonia, effusions, edema, pneumothorax, adenopathy, nodules or masses. Normal chest",172
oracle,2870,No Finding,no acute abnormality,No Finding,3719,No Finding,1.0,good,none,,False,False,No active disease.,"The examination consists of frontal and lateral radiographs of the chest. The cardiomediastinal contours are within normal limits. Pulmonary vascularity is within normal limits. No focal consolidation, pleural effusion, or pneumothorax identified. The visualized osseous structures and upper abdomen are unremarkable. No acute cardiopulmonary abnormality identified.",173
oracle,2884,Support Devices,support device,Support Devices,3929,Cardiomegaly;Support Devices,0.5,partial,retrieval_mismatch_despite_correct_query,,False,False,"A cardiac pacemaker/defibrillator device is redemonstration of the left chest wall with a single projecting over the right atrium and 2 leads projecting over the right ventricle. The cardiac silhouette is mildly enlarged, unchanged. No focal pulmonary consolidation. No pneumothorax. No pleural effusion. Minimal degenerative changes of the thoracic spine..","The postoperative cardiomediastinal silhouette is stable and upper limits of normal in size. There are sternotomy and surgical clips compatible with prior CABG. There is at one left-sided coronary artery stent. Pulmonary vasculature is normal in caliber. The lungs are grossly clear of focal airspace disease, pneumothorax, or pleural effusion. There are no acute bony findings. No acute findings..",64
oracle,2894,Support Devices,support device,Support Devices,3929,Cardiomegaly;Support Devices,0.5,partial,retrieval_mismatch_despite_correct_query,,False,False,"A cardiac pacemaker/defibrillator device is redemonstration of the left chest wall with a single projecting over the right atrium and 2 leads projecting over the right ventricle. The cardiac silhouette is mildly enlarged, unchanged. No focal pulmonary consolidation. No pneumothorax. No pleural effusion. Minimal degenerative changes of the thoracic spine..",The tracheostomy tube is in stable position. Right subclavian catheter tip is in the lower SVC. The left upper extremity PICC tip is in the mid SVC. Surgical overlie the soft tissues of the neck. The lungs are clear. Heart size is normal. No pneumothorax. 1. No acute cardiopulmonary findings..,65
oracle,2898,No Finding,no acute abnormality,No Finding,3719,No Finding,1.0,good,none,,False,False,No active disease.,"Heart size within normal limits. No focal alveolar consolidation, no definite pleural effusion seen. No typical findings of pulmonary edema. No acute cardiopulmonary findings",174
oracle,2902,No Finding,no acute abnormality,No Finding,3719,No Finding,1.0,good,none,,False,False,No active disease.,"The cardiac silhouette, upper mediastinum and pulmonary vasculature are within normal limits. There is no acute air space infiltrate, pleural effusion or pneumothorax. The visualized osseous structures are intact. No acute cardiopulmonary process.",175
oracle,2910,No Finding,no acute abnormality,No Finding,3719,No Finding,1.0,good,none,,False,False,No active disease.,The heart size is normal. The mediastinal contour is within normal limits. The lungs are free of any focal infiltrates. There are no nodules or masses. No visible pneumothorax. No visible pleural fluid. The are grossly normal. There is no visible free intraperitoneal air under the diaphragm. 1. No acute radiographic cardiopulmonary process.,176
oracle,2916,No Finding,no acute abnormality,No Finding,3719,No Finding,1.0,good,none,,False,False,No active disease.,"Heart size within normal limits. No focal alveolar consolidation, no definite pleural effusion seen. No typical findings of pulmonary edema. No pneumothorax. No acute cardiopulmonary findings",177
oracle,2936,Cardiomegaly,cardiomegaly,Cardiomegaly,2040,Cardiomegaly,1.0,good,none,,False,True,Cardiomegaly. No effusions or edema. Clear chest,The heart size is mildly enlarged. The pulmonary and mediastinum are within normal limits. There is no pleural effusion or pneumothorax. There is no focal air space opacity to suggest a pneumonia. There is a moderate sized hiatal hernia. There mild degenerative changes of the spine. Cardiomegaly and hiatal hernia without an acute abnormality identified.,178
oracle,2955,Cardiomegaly,cardiomegaly,Cardiomegaly,2040,Cardiomegaly,1.0,good,none,,True,True,Cardiomegaly. No effusions or edema. Clear chest,"Heart size moderately enlarged for technique, aortic ectasia/tortuosity. Right hemidiaphragm eventration. No focal alveolar consolidation, no definite pleural effusion seen. Vascular redistribution without typical findings of pulmonary edema. No pneumothorax.",179
oracle,2957,Cardiomegaly;Lung Opacity;Atelectasis,cardiomegaly lung opacity atelectasis,Cardiomegaly;Lung Opacity;Atelectasis,3813,Lung Opacity,0.3333333333333333,partial,retrieval_mismatch_despite_correct_query,,True,True,There is opacity left lung base may represent atelectasis or early infiltrate. The cardiomediastinal silhouette is within normal limits. No pneumothorax or pleural effusion. opacity left lung base..,The heart is mildly enlarged. Pulmonary vascularity is increased. There is again mild elevation of the right hemidiaphragm. Air space disease and/or atelectasis is noted in right lung base. There is also streaky opacity in the left base. The costophrenic are blunted. 1. Cardiomegaly and pulmonary vascular congestion. 2. Eventration of right hemidiaphragm with basilar atelectasis.,66
oracle,2964,No Finding,no acute abnormality,No Finding,3719,No Finding,1.0,good,none,,False,False,No active disease.,The lungs are clear. There is no focal airspace consolidation. No pleural effusion or pneumothorax. Heart size and mediastinal contour are normal. No evidence of active disease.,180
oracle,3004,Lung Opacity;Atelectasis,lung opacity atelectasis,Lung Opacity;Atelectasis,3721,Lung Opacity;Atelectasis,1.0,good,none,,False,True,Streaky opacity is noted within the left lung base which may represent focal area of atelectasis. Right lung is grossly clear. Cardiac silhouette and mediastinal contours are within normal limits. There is no pneumothorax. No large pleural effusion. Left lower lobe atelectasis otherwise no acute cardiopulmonary disease.,"Frontal and lateral views of the chest show normal size and configuration of the cardiac silhouette. Normal mediastinal contour, pulmonary and vasculature, central airways and lung volumes. And scattered calcified granulomas. Left greater than right basilar opacity, probable atelectasis and/or scarring. No pleural effusion. Basilar atelectasis. Otherwise, no acute cardiac or pulmonary disease process.",181
oracle,3010,No Finding,no acute abnormality,No Finding,3719,No Finding,1.0,good,none,,False,False,No active disease.,"Heart and mediastinum are at the upper limits of normal size. There is no focal consolidation, pneumothorax, or large pleural effusion. There is no acute, displaced rib fracture. Bony structures are unremarkable. No acute cardiopulmonary findings.",182
oracle,3022,Lung Lesion,lung lesion,Lung Lesion,1220,,0.0,poor,retrieval_mismatch_despite_correct_query,,False,True,"There is hyperexpansion, hyperlucency of both lungs, as well as flattening of the diaphragm consistent with chronic emphysematous lung disease. No focal consolidation, pneumothorax, or large pleural effusion identified (blunting of costophrenic recesses bilaterally may represent small effusions or pleural thickening/scar. Stable calcified mediastinal and hilar lymph and a left basilar calcified granuloma. Acute osseous abnormality. The mediastinal silhouette stable. Changes of chronic emphysematous lung disease without acute cardiopulmonary abnormality identified.","Multiple cavitary bilateral pulmonary masses and nodules. These are and increased from prior radiograph of, but were seen chest, with largest in the left base measuring approximately 3.3 x 6.1 cm. No pleural effusion, no pneumothorax. Heart size is normal.",19
oracle,3025,No Finding,no acute abnormality,No Finding,3719,No Finding,1.0,good,none,,False,False,No active disease.,"The lungs are clear bilaterally. Specifically, no evidence of focal consolidation, pneumothorax, or pleural effusion.. Cardio mediastinal silhouette is unremarkable. Visualized osseous structures of the thorax are without acute abnormality. No acute displaced rib fractures. No acute cardiopulmonary abnormality..",183
oracle,3045,No Finding,no acute abnormality,No Finding,3719,No Finding,1.0,good,none,,False,False,No active disease.,Heart size and vascularity normal. Mediastinal contour normal. Lungs are clear. No pleural effusions or pneumothoraces. Normal chest.,184
oracle,3049,No Finding,no acute abnormality,No Finding,3719,No Finding,1.0,good,none,,False,False,No active disease.,"Heart size normal. Lungs are clear. are normal. No pneumonia, effusions, edema, pneumothorax, adenopathy, nodules or masses. Normal chest.",185
oracle,3060,No Finding,no acute abnormality,No Finding,3719,No Finding,1.0,good,none,,False,False,No active disease.,The heart is normal in size. The mediastinum is unremarkable. The lungs are grossly clear. No acute disease.,186
oracle,3069,Lung Opacity;Pneumonia,lung opacity pneumonia,Lung Opacity;Pneumonia,742,Lung Opacity,0.5,partial,retrieval_mismatch_despite_correct_query,,False,False,"focal opacity in the medial right lung base seen on the frontal view. No definite pleural effusion. Stable cardiomediastinal silhouette with normal heart size, no typical findings of pulmonary edema. Abnormal opacity in the right lung base which may be compatible with pneumonia in the appropriate clinical setting. Recommend clinical correlation for infection and followup to resolution. Or, if clinical findings are not compatible with may be of.",Right upper lobe airspace disease consistent with pneumonia given patient's history. The lungs are otherwise clear. No pleural effusions or pneumothoraces. Heart and mediastinum of normal size and contour. Right upper lobe pneumonia.,67
oracle,3115,No Finding,no acute abnormality,No Finding,3719,No Finding,1.0,good,none,,False,False,No active disease.,"The heart is normal in size and contour. The lungs are clear, without evidence of infiltrate. There is no pneumothorax or effusion. No acute cardiopulmonary disease.",187
oracle,3117,No Finding,no acute abnormality,No Finding,3719,No Finding,1.0,good,none,,False,False,No active disease.,Heart size is normal. The lungs and costophrenic are clear. The bony thorax is grossly intact. Normal chest.,188
oracle,3134,No Finding,no acute abnormality,No Finding,3719,No Finding,1.0,good,none,,False,False,No active disease.,Lungs appear clear. Heart and pulmonary appear normal. Pleural spaces are clear. Mediastinal contours are normal. No pneumothorax. No acute cardiopulmonary disease,189
oracle,3135,No Finding,no acute abnormality,No Finding,3719,No Finding,1.0,good,none,,False,False,No active disease.,"The lungs are clear bilaterally. Specifically, no evidence of focal consolidation, pneumothorax, or pleural effusion.. Cardiomediastinal silhouette is unremarkable. Visualized osseous structures of the thorax are without acute abnormality. No acute cardiopulmonary abnormality.",190
oracle,3148,Cardiomegaly;Pleural Effusion,cardiomegaly pleural effusion,Cardiomegaly;Pleural Effusion,2814,Cardiomegaly,0.5,partial,retrieval_mismatch_despite_correct_query,,False,True,There is cardiomegaly. Lateral view somewhat limited however small bilateral pleural effusions suspected. There is central vascular congestion.,Stable cardiomediastinal contour is mild cardiomegaly. No pneumothorax or significant pulmonary edema. Small left pleural effusion. No focal lung consolidation. Mildly low lung volumes. 1. Small left pleural effusion. 2. Stable mild cardiomegaly.,68
oracle,3158,Cardiomegaly;Lung Opacity;Atelectasis,cardiomegaly lung opacity atelectasis,Cardiomegaly;Lung Opacity;Atelectasis,3813,Lung Opacity,0.3333333333333333,partial,retrieval_mismatch_despite_correct_query,,False,True,There is opacity left lung base may represent atelectasis or early infiltrate. The cardiomediastinal silhouette is within normal limits. No pneumothorax or pleural effusion. opacity left lung base..,Cardiomegaly is present. The pulmonary vascularity appears within normal limits. Some scattered opacities are present whose appearance scarring or atelectasis. No focal airspace disease is seen. No pleural effusion is noted. No pneumothorax is identified. The left hemidiaphragm is elevated. Scoliosis is present involving the lumbar spine. There has been previous surgical resection of the left 6th rib. 1. Cardiomegaly without overt heart failure. 2. Continued elevation of the left hemidiaphragm. 3. Scattered of left base scarring/atelectasis.,69
oracle,3180,No Finding,no acute abnormality,No Finding,3719,No Finding,1.0,good,none,,False,False,No active disease.,"The heart is normal in size and contour. The lungs are clear, without evidence of infiltrate. There is no pneumothorax or effusion. No acute cardiopulmonary disease.",191
oracle,3183,No Finding,no acute abnormality,No Finding,3719,No Finding,1.0,good,none,,False,False,No active disease.,The heart is normal in size. The mediastinum is unremarkable. The lungs are clear. No acute disease.,192
oracle,3191,Cardiomegaly,cardiomegaly,Cardiomegaly,2040,Cardiomegaly,1.0,good,none,,False,True,Cardiomegaly. No effusions or edema. Clear chest,Borderline cardiac enlargement. Enlarged calcified thoracic aorta. Emphysema. No acute pulmonary abnormality. Mild spondylosis. Emphysema. No acute pulmonary findings.,193
oracle,3195,Lung Opacity;Support Devices,lung opacity support device,Lung Opacity;Support Devices,1016,Lung Opacity;Atelectasis;Pleural Effusion;Pleural Other,0.2,partial,retrieval_mismatch_despite_correct_query,,False,False,"Comparison,. right pleural opacity along the lower chest wall compatible with thickening and/or some loculated effusion, accompanied with some adjacent atelectasis / airspace disease within the right lung base. Round opacity seen projecting adjacent to right hilum on PA view is on lateral view to represent some discoid atelectasis or fluid associated with the upper aspect of the fissure. Some opacities compatible with scarring/chronic inflammatory change are seen within the left lower lung which are more conspicuous versus previous examination. Stable mediastinal contour.",There is a left base opacity. The right lung is grossly clear. Heart size is normal. Left venous catheter with tip in the right atrium. There is no pneumothorax. 1. Left base airspace disease. 2. Left venous catheter with tip in the right atrium.,70
oracle,3207,Cardiomegaly,cardiomegaly,Cardiomegaly,2040,Cardiomegaly,1.0,good,none,,False,False,Cardiomegaly. No effusions or edema. Clear chest,There's been interval enlargement in the cardiac silhouette. These 't contours are within normal limits. The lungs are normally inflated and clear. Osseous structures are within normal limits for patient age. 1. No acute radiographic cardiopulmonary process. 2. Interval development of cardiomegaly.,194
oracle,3214,Cardiomegaly;Pleural Effusion,cardiomegaly pleural effusion,Cardiomegaly;Pleural Effusion,2814,Cardiomegaly,0.5,partial,retrieval_mismatch_despite_correct_query,,False,True,There is cardiomegaly. Lateral view somewhat limited however small bilateral pleural effusions suspected. There is central vascular congestion.,"There is an marked interval increase in heart size. The heart also demonstrates the configuration, compatible with pericardial effusion. A small right pleural effusion the present. The lungs are otherwise clear without focal infiltrates. Normal pulmonary vascularity. No pneumothorax. Large pericardial effusion.",71
oracle,3216,No Finding,no acute abnormality,No Finding,3719,No Finding,1.0,good,none,,False,False,No active disease.,"Heart size is normal. No pneumothorax, pleural effusion, or focal airspace disease. Bony structures are intact. Normal chest radiograph.",195
oracle,3221,No Finding,no acute abnormality,No Finding,3719,No Finding,1.0,good,none,,False,False,No active disease.,"The lungs are clear bilaterally. Specifically, no evidence of focal consolidation, pneumothorax, or pleural effusion.. Cardio mediastinal silhouette is unremarkable. Visualized osseous structures of the thorax are without acute abnormality. No acute cardiopulmonary abnormality..",196
oracle,3253,No Finding,no acute abnormality,No Finding,3719,No Finding,1.0,good,none,,False,False,No active disease.,"PA and lateral views the chest were obtained. The cardiomediastinal silhouette is normal in size and configuration. The lungs are well aerated. No pneumothorax, pleural effusion, or focal air space consolidation. No acute cardiopulmonary disease.",197
oracle,3279,No Finding,no acute abnormality,No Finding,3719,No Finding,1.0,good,none,,False,False,No active disease.,The heart size is normal and cardiomediastinal silhouette is normal in contour. Lungs are clear bilaterally. There is no pleural effusion or pneumothorax. No bony or soft tissue abnormalities. No acute cardiopulmonary abnormality.,198
oracle,3281,Lung Lesion,lung lesion,Lung Lesion,1220,,0.0,poor,retrieval_mismatch_despite_correct_query,,False,True,"There is hyperexpansion, hyperlucency of both lungs, as well as flattening of the diaphragm consistent with chronic emphysematous lung disease. No focal consolidation, pneumothorax, or large pleural effusion identified (blunting of costophrenic recesses bilaterally may represent small effusions or pleural thickening/scar. Stable calcified mediastinal and hilar lymph and a left basilar calcified granuloma. Acute osseous abnormality. The mediastinal silhouette stable. Changes of chronic emphysematous lung disease without acute cardiopulmonary abnormality identified.","The heart size is within normal limits. Cardiomediastinal contour is normal. There is a right upper lobe nodule measuring 8 mm in diameter. Trachea is midline. The lungs otherwise clear. and soft tissues are unremarkable. 1. Right upper lobe pulmonary nodule, granuloma.",20
oracle,3285,No Finding,no acute abnormality,No Finding,3719,No Finding,1.0,good,none,,False,False,No active disease.,The lungs are clear. The cardiomediastinal silhouette is within normal limits. No pneumothorax or pleural effusion. Negative chest.,199
oracle,3290,No Finding,no acute abnormality,No Finding,3719,No Finding,1.0,good,none,,False,False,No active disease.,No comparison chest x-. Well-expanded and clear lungs. Mediastinal contour within normal limits. No acute cardiopulmonary abnormality identified.,200
oracle,3347,Support Devices,support device,Support Devices,3929,Cardiomegaly;Support Devices,0.5,partial,retrieval_mismatch_despite_correct_query,,False,True,"A cardiac pacemaker/defibrillator device is redemonstration of the left chest wall with a single projecting over the right atrium and 2 leads projecting over the right ventricle. The cardiac silhouette is mildly enlarged, unchanged. No focal pulmonary consolidation. No pneumothorax. No pleural effusion. Minimal degenerative changes of the thoracic spine..","The lungs and pleural spaces show no acute abnormality. Lower lung volumes on the AP projection. Heart size is upper limits of normal, pulmonary vascularity within normal limits. Implantable cardiac are visualized on the lateral projection in the region of the expected location of the mitral valve. sternotomy noted. 1. No acute pulmonary abnormality.",72
oracle,3358,No Finding,no acute abnormality,No Finding,3719,No Finding,1.0,good,none,,False,False,No active disease.,No active disease.,201
oracle,3363,Lung Opacity,lung opacity,Lung Opacity,1972,Lung Opacity,1.0,good,none,,False,True,There is a airspace opacity in the left upper lung. Heart size within normal limits. Mild calcification of the aortic. No pneumothorax or pleural effusions. airspace opacity in the left upper lung which may represent streaky atelectasis or resolving pneumonia.,"The heart is normal in size. The mediastinum is stable. The lungs are grossly clear. opacities in the lung bases. There are fragments overlying the posterior left chest, right neck base and fragments in the left costophrenic. There is no pleural effusion or pneumothorax. bullet fragments, as described above. No evidence of acute parenchymal abnormality.",202
oracle,3369,Lung Opacity;Atelectasis;Pneumothorax,lung opacity atelectasis pneumothorax,Lung Opacity;Atelectasis;Pneumothorax,3721,Lung Opacity;Atelectasis,0.6666666666666666,partial,retrieval_mismatch_despite_correct_query,,False,True,Streaky opacity is noted within the left lung base which may represent focal area of atelectasis. Right lung is grossly clear. Cardiac silhouette and mediastinal contours are within normal limits. There is no pneumothorax. No large pleural effusion. Left lower lobe atelectasis otherwise no acute cardiopulmonary disease.,A large pleural air collection is present on the right. Mediastinum is shifted to the left as compared to the previous examination. The right lower lobe is totally opaque. Large right pneumothorax with associated complete collapse of the right lower lobe.,73
oracle,3370,No Finding,no acute abnormality,No Finding,3719,No Finding,1.0,good,none,,False,False,No active disease.,"Lungs are clear without focal consolidation, effusion, or pneumothorax. Normal heart size. Bony thorax and soft tissues unremarkable. Negative for acute cardiopulmonary abnormality.",203
oracle,3374,Lung Lesion,lung lesion,Lung Lesion,1220,,0.0,poor,retrieval_mismatch_despite_correct_query,,False,False,"There is hyperexpansion, hyperlucency of both lungs, as well as flattening of the diaphragm consistent with chronic emphysematous lung disease. No focal consolidation, pneumothorax, or large pleural effusion identified (blunting of costophrenic recesses bilaterally may represent small effusions or pleural thickening/scar. Stable calcified mediastinal and hilar lymph and a left basilar calcified granuloma. Acute osseous abnormality. The mediastinal silhouette stable. Changes of chronic emphysematous lung disease without acute cardiopulmonary abnormality identified.","Lungs are free of infiltrates. However, in the left lower lobe there is a 1 cm diameter nodule that is not calcified. The right lung is clear. The heart,, and mediastinum are normal. No acute disease. Left lower lobe nodule of uncertain identity. Chest CT may be of further. level Veriphy message sent.",21
oracle,3378,Pneumothorax;Fracture,pneumothorax fracture,Pneumothorax;Fracture,2588,,0.0,poor,retrieval_mismatch_despite_correct_query,,False,False,"No focal consolidation, pneumothorax or definite pleural effusion. Nodular density projected over the left base with no lateral view correlate secondary to soft tissue overlay. Heart size and pulmonary vascularity within normal limits, no mediastinal widening characteristic in appearance of vascular injury. No acute osseous injury demonstrated. No acute findings. Please note that fractures may not be demonstrated and consider additional imaging as clinically indicated.",There is a moderate right-sided pneumothorax measuring approximately 3.3 cm in the right apex. There is a minimally displaced right lateral 8th rib fracture and probable nondisplaced right lateral 7th rib fracture. Cardiomediastinal silhouette is within normal limits. Left lung is clear. 1. Moderate right-sided pneumothorax measuring approximately 3.3 cm in the right apex. 2. Minimally displaced right lateral 8th rib fracture probable nondisplaced right lateral 7th rib fracture.,22
oracle,3379,Cardiomegaly;Lung Opacity,cardiomegaly lung opacity,Cardiomegaly;Lung Opacity,3813,Lung Opacity,0.5,partial,retrieval_mismatch_despite_correct_query,,False,False,There is opacity left lung base may represent atelectasis or early infiltrate. The cardiomediastinal silhouette is within normal limits. No pneumothorax or pleural effusion. opacity left lung base..,No pneumothorax or large pleural effusion. Borderline cardiomegaly. Minimal retrocardiac airspace disease. Bony structures appear intact. Bony structures appear intact. Minimal retrocardiac airspace disease.,74
oracle,3386,No Finding,no acute abnormality,No Finding,3719,No Finding,1.0,good,none,,False,False,No active disease.,"The trachea is midline. The cardiomediastinal silhouette appears normal. There are no acute infiltrates, effusions. There is no evidence of pneumothorax. Visualized bony structures are intact with no acute abnormalities. Normal chest x-",204
oracle,3434,No Finding,no acute abnormality,No Finding,3719,No Finding,1.0,good,none,,False,False,No active disease.,,205
oracle,3435,Cardiomegaly,cardiomegaly,Cardiomegaly,2040,Cardiomegaly,1.0,good,none,,False,True,Cardiomegaly. No effusions or edema. Clear chest,1. There is cardiomegaly. No pulmonary edema. Lungs symmetrically aerated and clear of infiltrate or consolidation. No pneumothorax or pleural effusion. S-shaped curvature thoracic spine noted. 2. Left upper quadrant peripherally calcified focus 3.8 splenic and origin and may represent benign cyst but is not to be further localized or characterized on film. Vascular aneurysm would be possible but thought less.,206
oracle,3450,No Finding,no acute abnormality,No Finding,3719,No Finding,1.0,good,none,,False,False,No active disease.,Cardiac and mediastinal contours are within normal limits. The lungs are clear. Bony structures are intact. No acute disease.,207
oracle,3455,Cardiomegaly;Lung Opacity;Edema;Atelectasis,cardiomegaly lung opacity pulmonary edema atelectasis,Cardiomegaly;Lung Opacity;Edema;Atelectasis,2263,Cardiomegaly;Lung Opacity;Atelectasis,0.75,partial,retrieval_mismatch_despite_correct_query,,True,False,"Heart size moderately enlarged, stable mediastinal contours. opacity in the left lung base. Otherwise, no focal alveolar consolidation, no definite pleural effusion seen. No typical findings of pulmonary edema. 1. Cardiomegaly 2. opacity in the left base atelectasis",Central vascular prominence and diffuse bilateral interstitial and alveolar opacities. Left basilar airspace opacities. No pneumothorax. Heart size large. unremarkable. No large pleural effusion. pulmonary edema and left basilar atelectasis/airspace disease.,75
oracle,3465,No Finding,no acute abnormality,No Finding,3719,No Finding,1.0,good,none,,False,False,No active disease.,Lungs are clear. No pleural effusions or pneumothoraces. Heart and mediastinum of normal size and contour. Clear lungs.,208
oracle,3477,No Finding,no acute abnormality,No Finding,3719,No Finding,1.0,good,none,,False,False,No active disease.,The heart is normal in size. The mediastinum is unremarkable. The lungs are clear. No evidence of active tuberculosis. No acute disease.,209
oracle,3508,Atelectasis;Pleural Effusion;Pleural Other,atelectasis pleural effusion pleural abnormality,Atelectasis;Pleural Effusion;Pleural Other,3140,Lung Opacity;Atelectasis,0.25,partial,retrieval_mismatch_despite_correct_query,,False,True,"Streaky opacities in the right lower lobe most suggestive of atelectasis, differential diagnosis includes atypical infection. No definite pleural effusion seen. Heart size within normal limits, no typical findings of pulmonary edema.","The heart is normal in size. The cardiomediastinal contours are stable. There are stable bilateral pleural effusions with partial right-sided loculation. Biapical scarring and pleural thickening appears stable. There is again right-sided superior hilar retraction and mild rightward deviation. No acute infiltrate is appreciated. 1. Stable bilateral pleural effusions and pleural thickening, right worse than left, with mild right-sided loculation. 2. Stable appearance of right apical thickening/atelectasis with volume loss, possibly related to prior radiation or surgery. Suggest clinical correlation.",76
oracle,3528,No Finding,no acute abnormality,No Finding,3719,No Finding,1.0,good,none,,False,False,No active disease.,The heart is normal in size. The mediastinum is unremarkable. The lungs are clear. No acute disease.,210
oracle,3539,No Finding,no acute abnormality,No Finding,3719,No Finding,1.0,good,none,,False,False,No active disease.,Normal heart size. The lungs are clear without pneumothorax or large pleural effusion. The trachea is midline and. No acute cardiopulmonary findings.,211
oracle,3542,No Finding,no acute abnormality,No Finding,3719,No Finding,1.0,good,none,,False,False,No active disease.,"Heart size and mediastinal contours appear within normal limits. Pulmonary vascularity is within normal limits. No focal consolidation, suspicious pulmonary opacity, pneumothorax or definite pleural effusion. Visualized osseous structures appear intact. No acute cardiopulmonary abnormality. No radiographic evidence of metastatic disease in the chest.",212
oracle,3559,Lung Lesion,lung lesion,Lung Lesion,1220,,0.0,poor,retrieval_mismatch_despite_correct_query,,False,True,"There is hyperexpansion, hyperlucency of both lungs, as well as flattening of the diaphragm consistent with chronic emphysematous lung disease. No focal consolidation, pneumothorax, or large pleural effusion identified (blunting of costophrenic recesses bilaterally may represent small effusions or pleural thickening/scar. Stable calcified mediastinal and hilar lymph and a left basilar calcified granuloma. Acute osseous abnormality. The mediastinal silhouette stable. Changes of chronic emphysematous lung disease without acute cardiopulmonary abnormality identified.","Heart size within normal limits. Negative for focal pulmonary consolidation, pleural effusion, or pneumothorax. Mild levocurvature of thoracic spine. A 9 mm pulmonary nodule is noted partially overlying the posterior 6th right rib on the frontal view. No acute abnormality.",23
oracle,3562,Atelectasis,atelectasis,Atelectasis,3140,Lung Opacity;Atelectasis,0.5,partial,retrieval_mismatch_despite_correct_query,,False,True,"Streaky opacities in the right lower lobe most suggestive of atelectasis, differential diagnosis includes atypical infection. No definite pleural effusion seen. Heart size within normal limits, no typical findings of pulmonary edema.",The cardiomediastinal silhouette and vasculature are within normal limits for size and contour. Sequela of prior granulomatous disease Lung volumes are low with central bronchovascular crowding and patchy basilar atelectasis.. Degenerative changes of the spine. 1. Low volume study without acute process.,77
oracle,3565,Lung Opacity;Consolidation;Pneumonia,lung opacity consolidation pneumonia,Lung Opacity;Consolidation;Pneumonia,742,Lung Opacity,0.3333333333333333,partial,retrieval_mismatch_despite_correct_query,,False,False,"focal opacity in the medial right lung base seen on the frontal view. No definite pleural effusion. Stable cardiomediastinal silhouette with normal heart size, no typical findings of pulmonary edema. Abnormal opacity in the right lung base which may be compatible with pneumonia in the appropriate clinical setting. Recommend clinical correlation for infection and followup to resolution. Or, if clinical findings are not compatible with may be of.","The cardiomediastinal silhouette is stable in appearance. There is redemonstration of complete opacification of the right middle lobe no significant associated volume loss. The left lung appears clear. No pneumothorax or pleural effusion demonstrated. The thoracic spine appears intact. 1. Stable right middle lobe consolidation, most consistent with pneumonia.",78
oracle,3589,Lung Opacity,lung opacity,Lung Opacity,1972,Lung Opacity,1.0,good,none,,False,True,There is a airspace opacity in the left upper lung. Heart size within normal limits. Mild calcification of the aortic. No pneumothorax or pleural effusions. airspace opacity in the left upper lung which may represent streaky atelectasis or resolving pneumonia.,"Cardiomediastinal contour and pulmonary vascularity stable and within normal limits. Lung volumes are slightly low. There are streaky left basal opacities. No pleural effusion or pneumothorax. No acute osseous findings. No free air is demonstrated. Streaky left basilar airspace opacities, which could reflect atelectasis and/or infection.",213
oracle,3593,No Finding,no acute abnormality,No Finding,3719,No Finding,1.0,good,none,,False,False,No active disease.,"Heart size normal. Lungs are clear. are normal. No pneumonia, effusions, edema, pneumothorax, adenopathy, nodules or masses. Normal chest",214
oracle,3597,Support Devices,support device,Support Devices,3929,Cardiomegaly;Support Devices,0.5,partial,retrieval_mismatch_despite_correct_query,,False,True,"A cardiac pacemaker/defibrillator device is redemonstration of the left chest wall with a single projecting over the right atrium and 2 leads projecting over the right ventricle. The cardiac silhouette is mildly enlarged, unchanged. No focal pulmonary consolidation. No pneumothorax. No pleural effusion. Minimal degenerative changes of the thoracic spine..","Left noted with tip approximating the high SVC, stable. No pleural effusions. No pneumothorax. Heart size is normal limits. Degenerative changes thoracic spine. No acute cardiopulmonary abnormality..",79
oracle,3608,Cardiomegaly,cardiomegaly,Cardiomegaly,2040,Cardiomegaly,1.0,good,none,,False,False,Cardiomegaly. No effusions or edema. Clear chest,Chest: The heart is enlarged. There may be a pericardial effusion. No definite pulmonary edema is seen. Lungs appear clear. There is no pleural effusion. The skeletal structures and soft tissues are unremarkable. KUB: single view of the abdomen was obtained. The bowel pattern is nonspecific. There is no evidence for obstruction or free intraperitoneal air. No large soft tissue masses or organomegaly are identified. The skeletal structures appear normal. Chest. 1. Cardiomegaly with possible pericardial effusion. 2. No evidence for pulmonary edema or pneumonitis. KUB. 1. Nonspecific abdomen.,215
oracle,3610,No Finding,no acute abnormality,No Finding,3719,No Finding,1.0,good,none,,False,False,No active disease.,"Heart size normal. Lungs are clear. are normal. No pneumonia, effusions, edema, pneumothorax, adenopathy, nodules or masses. Normal chest No evidence of tuberculosis",216
oracle,3611,Lung Opacity;Consolidation,lung opacity consolidation,Lung Opacity;Consolidation,1016,Lung Opacity;Atelectasis;Pleural Effusion;Pleural Other,0.2,partial,retrieval_mismatch_despite_correct_query,,False,True,"Comparison,. right pleural opacity along the lower chest wall compatible with thickening and/or some loculated effusion, accompanied with some adjacent atelectasis / airspace disease within the right lung base. Round opacity seen projecting adjacent to right hilum on PA view is on lateral view to represent some discoid atelectasis or fluid associated with the upper aspect of the fissure. Some opacities compatible with scarring/chronic inflammatory change are seen within the left lower lung which are more conspicuous versus previous examination. Stable mediastinal contour.",Stable appearance of the cardiomediastinal silhouette. The aorta is calcified and tortuous. There is dextroscoliosis of the thoracolumbar spine. Multiple thoracic deformities appear unchanged. There is no displaced rib fracture identified. There is no pneumothorax or large pleural effusion. Stable changes of chronic lung disease with flattening of the left hemidiaphragm. There is mild right basilar airspace disease which may represent atelectasis versus infiltrate. 1. No acute posttraumatic finding. 2. Mild right basilar airspace consolidation may represent atelectasis versus infiltrate. 3. Changes of chronic lung disease.,80
oracle,3624,No Finding,no acute abnormality,No Finding,3719,No Finding,1.0,good,none,,False,False,No active disease.,"The heart size and mediastinal contours appear within normal limits. No focal airspace consolidation, pleural effusion or pneumothorax. No acute bony abnormalities. No acute cardiopulmonary findings.",217
oracle,3632,Lung Opacity;Atelectasis;Pleural Effusion;Pleural Other,lung opacity atelectasis pleural effusion pleural abnormality,Lung Opacity;Atelectasis;Pleural Effusion;Pleural Other,3140,Lung Opacity;Atelectasis,0.5,partial,retrieval_mismatch_despite_correct_query,,False,True,"Streaky opacities in the right lower lobe most suggestive of atelectasis, differential diagnosis includes atypical infection. No definite pleural effusion seen. Heart size within normal limits, no typical findings of pulmonary edema.","Normal heart size and mediastinal contours. Calcified aortic. opacities in the left lung base, atelectasis. The lateral view shows a left pleural effusion. No focal airspace consolidation. No pneumothorax. Stable bilateral apical pleural capping. 1. Small left pleural effusion.",81
oracle,3639,No Finding,no acute abnormality,No Finding,3719,No Finding,1.0,good,none,,False,False,No active disease.,The cardiac and mediastinal silhouette is normal There is no evidence of pneumomediastinum or pneumothorax. Clear lungs There are no large pleural effusions No evidence of displaced fractures. 1. No evidence of pneumothorax or pneumomediastinum. 2. Clear lungs.,218
oracle,3655,Lung Lesion,lung lesion,Lung Lesion,1220,,0.0,poor,retrieval_mismatch_despite_correct_query,,False,True,"There is hyperexpansion, hyperlucency of both lungs, as well as flattening of the diaphragm consistent with chronic emphysematous lung disease. No focal consolidation, pneumothorax, or large pleural effusion identified (blunting of costophrenic recesses bilaterally may represent small effusions or pleural thickening/scar. Stable calcified mediastinal and hilar lymph and a left basilar calcified granuloma. Acute osseous abnormality. The mediastinal silhouette stable. Changes of chronic emphysematous lung disease without acute cardiopulmonary abnormality identified.","Well circumscribed 11 mm right upper lobe nodule, unchanged appearance from previous examination 7 years ago. The trachea is midline. Negative for pneumothorax, pleural effusion. The heart size is normal. Redemonstrated syndesmophyte. 1. No acute cardiopulmonary abnormality.",24
oracle,3665,No Finding,no acute abnormality,No Finding,3719,No Finding,1.0,good,none,,False,False,No active disease.,"Heart size within normal limits. Negative for focal pulmonary consolidation, pleural effusion, or pneumothorax. No upper lobe airspace disease or cavitary lesions identified. 1. No acute abnormality. 2. No evidence of pulmonary tuberculosis.",219
oracle,3667,Support Devices,support device,Support Devices,3929,Cardiomegaly;Support Devices,0.5,partial,retrieval_mismatch_despite_correct_query,,True,True,"A cardiac pacemaker/defibrillator device is redemonstration of the left chest wall with a single projecting over the right atrium and 2 leads projecting over the right ventricle. The cardiac silhouette is mildly enlarged, unchanged. No focal pulmonary consolidation. No pneumothorax. No pleural effusion. Minimal degenerative changes of the thoracic spine..","Density in the left upper lung on PA represents superimposed bony and vascular structures. There is calcification of the first rib costicartilage junction which contributes to this appearance. The lungs otherwise appear clear. The heart and pulmonary appear normal. In the pleural spaces are clear. The mediastinal contour is normal. There are degenerative changes of thoracic spine. There is an electronic cardiac device overlying the left chest wall with intact distal leads in the right heart. 1. Irregular density in the left upper lung on PA, artifact related to superimposed vascular bony structures. Chest fluoroscopy or would confirm this 2. Otherwise, no acute cardiopulmonary disease.",82
oracle,3672,Cardiomegaly;Edema;Support Devices,cardiomegaly pulmonary edema support device,Cardiomegaly;Edema;Support Devices,2543,Cardiomegaly;Edema;Support Devices,1.0,good,none,,False,True,Cardiomegaly with midlung and lower lobe edema. Shunt catheter overlies the right anterior chest.,Stable appearance of aortic valve prosthesis. Sternotomy. Aortic calcifications. Mild interstitial edema. No focal infiltrate. No effusion or pneumothorax. Mild cardiomegaly. Mild interstitial edema.,220
oracle,3683,Support Devices,support device,Support Devices,3929,Cardiomegaly;Support Devices,0.5,partial,retrieval_mismatch_despite_correct_query,,False,False,"A cardiac pacemaker/defibrillator device is redemonstration of the left chest wall with a single projecting over the right atrium and 2 leads projecting over the right ventricle. The cardiac silhouette is mildly enlarged, unchanged. No focal pulmonary consolidation. No pneumothorax. No pleural effusion. Minimal degenerative changes of the thoracic spine..","Examination was performed with nipple markers. The previously noted small nodule in the right lower lung is not well-seen on today's study and may have been secondary to summation of structures. The heart is normal in size. The mediastinum is unremarkable. The lungs are otherwise clear. No acute disease. Previously visualized nodule in right lower lobe not well-seen on today's study, summation artifact.",83
oracle,3692,No Finding,no acute abnormality,No Finding,3719,No Finding,1.0,good,none,,False,False,No active disease.,Stable cardiomediastinal silhouette. Pulmonary vascularity is within normal limits. Lungs are expanded and clear airspace disease. Negative for pneumothorax or pleural effusion. Limited evaluation reveals the to be grossly intact. 1. No acute cardiopulmonary abnormality.,221
oracle,3701,No Finding,no acute abnormality,No Finding,3719,No Finding,1.0,good,none,,False,False,No active disease.,Both lungs are clear and expanded. Heart and mediastinum normal. No active disease.,222
oracle,3720,No Finding,no acute abnormality,No Finding,3719,No Finding,1.0,good,none,,False,False,No active disease.,"The cardiomediastinal silhouette and pulmonary vasculature are within normal limits in size. The lungs are clear of focal airspace disease, pneumothorax, or pleural effusion. There are no acute bony findings. No acute cardiopulmonary findings..",223
oracle,3726,No Finding,no acute abnormality,No Finding,3719,No Finding,1.0,good,none,,False,False,No active disease.,"Heart size normal. Lungs are clear. are normal. No pneumonia, effusions, edema, pneumothorax, adenopathy, nodules or masses. Normal chest",224
oracle,3756,Lung Opacity,lung opacity,Lung Opacity,1972,Lung Opacity,1.0,good,none,,False,True,There is a airspace opacity in the left upper lung. Heart size within normal limits. Mild calcification of the aortic. No pneumothorax or pleural effusions. airspace opacity in the left upper lung which may represent streaky atelectasis or resolving pneumonia.,"Mediastinal contours are normal. Unchanged opacity in the left lung base, scarring. Lungs are clear. There is no pneumothorax or large pleural effusion. No acute cardiopulmonary abnormality.",225
oracle,3785,Lung Opacity,lung opacity,Lung Opacity,1972,Lung Opacity,1.0,good,none,,False,True,There is a airspace opacity in the left upper lung. Heart size within normal limits. Mild calcification of the aortic. No pneumothorax or pleural effusions. airspace opacity in the left upper lung which may represent streaky atelectasis or resolving pneumonia.,"No pneumothorax or large pleural effusion. Mildly prominent perihilar opacities, due to bronchovascular crowding. Heart size within normal limits. Cardiomediastinal silhouette is. The bony structures appear intact. No acute cardiopulmonary disease.",226
oracle,3787,No Finding,no acute abnormality,No Finding,3719,No Finding,1.0,good,none,,False,False,No active disease.,"Heart size is normal. No pneumothorax, pleural effusion, or focal airspace disease. Bony structures appear intact. Normal chest radiograph.",227
oracle,3790,Lung Opacity,lung opacity,Lung Opacity,1972,Lung Opacity,1.0,good,none,,False,True,There is a airspace opacity in the left upper lung. Heart size within normal limits. Mild calcification of the aortic. No pneumothorax or pleural effusions. airspace opacity in the left upper lung which may represent streaky atelectasis or resolving pneumonia.,Low lung volumes. Elevation of the right hemidiaphragm. Patchy opacities right base again noted. Left lung clear. Heart size top normal. Aortic calcification. Granulomas. No evidence of pneumothorax. Blunting of the bilateral costophrenic. Degenerative changes of the thoracic spine. Right lower lobe airspace disease..,228
oracle,3793,Lung Opacity,lung opacity,Lung Opacity,1972,Lung Opacity,1.0,good,none,,False,True,There is a airspace opacity in the left upper lung. Heart size within normal limits. Mild calcification of the aortic. No pneumothorax or pleural effusions. airspace opacity in the left upper lung which may represent streaky atelectasis or resolving pneumonia.,No acute osseous abnormality. Scattered degenerative changes throughout the thoracic spine. Normal heart size. Tortuous and dilated aorta. Chronic interstitial markings. Left base opacity. No pneumothorax or pleural effusion. Left basilar airspace disease.,229
oracle,3809,No Finding,no acute abnormality,No Finding,3719,No Finding,1.0,good,none,,False,False,No active disease.,Cardiac and mediastinal contours are within normal limits. The lungs are clear. Bony structures are intact. Negative chest x-.,230
oracle,3814,No Finding,no acute abnormality,No Finding,3719,No Finding,1.0,good,none,,False,False,No active disease.,"No focal consolidation, pneumothorax or definite pleural effusion. Heart size within normal limits, no mediastinal widening characteristic in appearance of vascular injury. No acute osseous injury demonstrated. No acute related findings. Please note that fractures may not be demonstrated and consider additional imaging if clinically indicated.",231
oracle,3817,No Finding,no acute abnormality,No Finding,3719,No Finding,1.0,good,none,,False,False,No active disease.,"Lungs are clear bilaterally with no focal infiltrate, pleural effusion, or pneumothoraces. Cardiomediastinal silhouette is within normal limits. and soft tissues are unremarkable. No acute cardiopulmonary findings..",232
oracle,3830,No Finding,no acute abnormality,No Finding,3719,No Finding,1.0,good,none,,False,False,No active disease.,Cardiac and mediastinal contours are within normal limits. The lungs are clear. Bony structures are intact. No acute preoperative findings.,233
oracle,3837,No Finding,no acute abnormality,No Finding,3719,No Finding,1.0,good,none,,False,False,No active disease.,Lungs are clear. There is no pneumothorax or pleural effusion. The heart and mediastinum are within normal limits. Bony structures are intact. No acute cardiopulmonary process.,234
oracle,3847,Pneumothorax,pneumothorax,Pneumothorax,1570,,0.0,poor,retrieval_mismatch_despite_correct_query,,False,True,Evaluation for pneumothorax is limited due to exclusion of the superior-most pulmonary apices. No visible pleural. No focal air space opacities or pleural effusion. Cardiomediastinal silhouette is within normal limits. No free subdiaphragmatic air. Mild degenerative changes of the thoracic spine. Included osseous structures are grossly intact. No acute pulmonary disease.,"Both lungs remain hyperexpanded. No focal infiltrates. A small pleural or collection is present in the right apex. However, it has decreased considerably since the previous examination. Heart size remains normal. COPD with almost completely resolved right apical pleural air collection.",25
oracle,3866,Lung Opacity;Pneumonia,lung opacity pneumonia,Lung Opacity;Pneumonia,742,Lung Opacity,0.5,partial,retrieval_mismatch_despite_correct_query,,False,False,"focal opacity in the medial right lung base seen on the frontal view. No definite pleural effusion. Stable cardiomediastinal silhouette with normal heart size, no typical findings of pulmonary edema. Abnormal opacity in the right lung base which may be compatible with pneumonia in the appropriate clinical setting. Recommend clinical correlation for infection and followup to resolution. Or, if clinical findings are not compatible with may be of.",Patchy airspace disease is noted within the right middle lobe. Subtle opacities are present within the lingula as well. There is no pneumothorax or pleural effusion. The heart size is normal. Patchy right middle lobe and lingular airspace disease compatible with multilobar pneumonia..,84
oracle,3875,Lung Opacity,lung opacity,Lung Opacity,1972,Lung Opacity,1.0,good,none,,False,True,There is a airspace opacity in the left upper lung. Heart size within normal limits. Mild calcification of the aortic. No pneumothorax or pleural effusions. airspace opacity in the left upper lung which may represent streaky atelectasis or resolving pneumonia.,Stable left lower lung increased interstitial markings. No focal alveolar opacities. Low lung volumes. Heart size is normal. No pneumothorax or pleural effusions. Stable left lower lung interstitial infiltrates or fibrosis. No acute cardiopulmonary findings.,235
oracle,3879,No Finding,no acute abnormality,No Finding,3719,No Finding,1.0,good,none,,False,False,No active disease.,The lungs and pleural spaces show no acute abnormality. Heart size and pulmonary vascularity within normal limits. 1. No acute pulmonary abnormality.,236
oracle,3880,Cardiomegaly;Lung Opacity;Edema,cardiomegaly lung opacity pulmonary edema,Cardiomegaly;Lung Opacity;Edema,2263,Cardiomegaly;Lung Opacity;Atelectasis,0.5,partial,retrieval_mismatch_despite_correct_query,,False,False,"Heart size moderately enlarged, stable mediastinal contours. opacity in the left lung base. Otherwise, no focal alveolar consolidation, no definite pleural effusion seen. No typical findings of pulmonary edema. 1. Cardiomegaly 2. opacity in the left base atelectasis",Unchanged cardiomegaly. Negative for pneumothorax or focal consolidation. No large effusion. Mildly prominent interstitial opacities. Stable cardiomegaly with mild pulmonary interstitial edema.,85
oracle,3883,No Finding,no acute abnormality,No Finding,3719,No Finding,1.0,good,none,,False,False,No active disease.,"No pneumothorax, pleural effusion or airspace consolidation. Heart size and pulmonary vasculature appear within normal limits. are intact. No acute cardiopulmonary abnormality.",237
oracle,3900,No Finding,no acute abnormality,No Finding,3719,No Finding,1.0,good,none,,False,False,No active disease.,The heart size and cardiomediastinal silhouette are within normal limits. Pulmonary vasculature appears normal. There is no focal air space consolidation. No pleural effusion or pneumothorax.,238
oracle,3905,Cardiomegaly,cardiomegaly,Cardiomegaly,2040,Cardiomegaly,1.0,good,none,,False,False,Cardiomegaly. No effusions or edema. Clear chest,"The heart is enlarged, stable compared to the previous exam. The mediastinum is unremarkable. There is no pleural effusion, pneumothorax, or focal airspace disease. The are unremarkable. 1. Stable cardiomegaly without acute cardiopulmonary abnormality.",239
oracle,3939,No Finding,no acute abnormality,No Finding,3719,No Finding,1.0,good,none,,False,False,No active disease.,"The cardiomediastinal silhouette is within normal limits for size and contour. The lungs are normally inflated without evidence of focal airspace disease, pleural effusion, or pneumothorax. Osseous structures are within normal limits for patient age.. 1. No acute radiographic cardiopulmonary process.",240
oracle,3951,Lung Opacity;Lung Lesion,lung opacity lung lesion,Lung Opacity;Lung Lesion,1972,Lung Opacity,0.5,partial,retrieval_mismatch_despite_correct_query,,False,False,There is a airspace opacity in the left upper lung. Heart size within normal limits. Mild calcification of the aortic. No pneumothorax or pleural effusions. airspace opacity in the left upper lung which may represent streaky atelectasis or resolving pneumonia.,"The cardiomediastinal silhouette is normal in size and contour. Masslike opacification of right apex. No pneumothorax or large pleural effusion. are grossly normal. Worsening masslike opacification of right apex, suggesting worsening malignancy or malignancy with postobstructive pneumonia.",86
oracle,3953,No Finding,no acute abnormality,No Finding,3719,No Finding,1.0,good,none,,False,False,No active disease.,"The lungs are clear bilaterally. Specifically, no evidence of focal consolidation, pneumothorax, or pleural effusion.. Cardio mediastinal silhouette is unremarkable. Visualized osseous structures of the thorax are without acute abnormality. No acute cardiopulmonary abnormality.",241
oracle,3968,Pneumonia,pneumonia,Pneumonia,1618,No Finding,0.0,poor,retrieval_mismatch_despite_correct_query,,False,False,Heart size is normal and lungs are clear. No pneumonia.,Left lower lobe segment pneumonia. Heart size normal. Lungs otherwise clear. No effusion,26
oracle,3972,Lung Opacity,lung opacity,Lung Opacity,1972,Lung Opacity,1.0,good,none,,False,True,There is a airspace opacity in the left upper lung. Heart size within normal limits. Mild calcification of the aortic. No pneumothorax or pleural effusions. airspace opacity in the left upper lung which may represent streaky atelectasis or resolving pneumonia.,Heart size and pulmonary vascularity appear within normal limits. Bilateral hilar fullness is present consistent with adenopathy. The appearance is unchanged. There is prominence of the interstitial markings bilaterally. These are also unchanged. No focal superimposed airspace disease is seen. No pneumothorax or pleural effusion is noted. 1. Continued hilar fullness consistent with adenopathy and bilateral interstitial opacities. Stable as compared to earlier study. The changes are compatible with known diagnosis of sarcoidosis.,242
oracle,3973,No Finding,no acute abnormality,No Finding,3719,No Finding,1.0,good,none,,False,False,No active disease.,,243
oracle,3976,No Finding,no acute abnormality,No Finding,3719,No Finding,1.0,good,none,,False,False,No active disease.,Heart size and mediastinal contour are normal. Pulmonary vascularity is normal. Lungs are clear. No pleural effusions or pneumothoraces. No acute cardiopulmonary process.,244
oracle,3980,Cardiomegaly;Lung Opacity;Pleural Effusion;Pleural Other,cardiomegaly lung opacity pleural effusion pleural abnormality,Cardiomegaly;Lung Opacity;Pleural Effusion;Pleural Other,22,No Finding,0.0,poor,retrieval_mismatch_despite_correct_query,,False,True,"The lungs are clear, and without focal air space opacity. The cardiomediastinal silhouette is normal in size and contour, and stable. There is no pneumothorax large pleural effusion. No acute cardiopulmonary abnormality.","Heart size moderately enlarged. Mild left costophrenic blunting. Streaky and patchy bibasilar opacities, left greater than right. Right hemidiaphragm eventration noted. No typical findings of pulmonary edema. 1. Cardiomegaly and small left pleural effusion versus pleural thickening 2. Streaky and patchy bibasilar opacities may be compatible with atelectasis versus consolidation, aspiration, clinical correlation recommended",27
oracle,3982,No Finding,no acute abnormality,No Finding,3719,No Finding,1.0,good,none,,False,False,No active disease.,"Normal heart size. No focal airspace consolidation, pneumothorax, pleural effusion, or pulmonary edema. No focal bony abnormality. No acute cardiothoracic abnormality.",245
classifier_all_positive,20,No Finding,no acute abnormality,No Finding,3719,No Finding,1.0,good,none,,False,False,No active disease.,The cardiac and mediastinal silhouettes are unremarkable. The lungs are well expanded and clear. There are no focal air space opacities. There is no pneumothorax or effusion. There are mild degenerative changes of the thoracic spine. No evidence of acute cardiopulmonary process. Stable appearance of the chest.,1
classifier_all_positive,23,No Finding,no acute abnormality,No Finding,3719,No Finding,1.0,good,none,,False,False,No active disease.,The heart size and pulmonary vascularity appear within normal limits. The lungs are free of focal airspace disease. No pleural effusion or pneumothorax is seen. No evidence of active disease.,2
classifier_all_positive,33,Support Devices,no acute abnormality,No Finding,3719,No Finding,0.0,poor,classifier_query_error,normal_vs_abnormal,False,False,No active disease.,Cardiac and mediastinal contours are within normal limits. The lungs are clear. Left axillary surgical clips. Bony structures are intact. No active pulmonary disease.,1
classifier_all_positive,50,Cardiomegaly,cardiomegaly pulmonary edema,Cardiomegaly;Edema,1375,Cardiomegaly;Edema,0.5,partial,classifier_query_error,extra_only,False,True,"Cardiomegaly with interstitial edema. No effusions, pneumonia, nodules or masses.",A lung volumes. Lungs are clear without focal airspace disease. No pleural effusions or pneumothoraces. cardiomegaly. Degenerative changes in the spine. Cardiomegaly with low lung volumes which are grossly clear.,1
classifier_all_positive,54,Atelectasis,no acute abnormality,No Finding,3719,No Finding,0.0,poor,classifier_query_error,normal_vs_abnormal,False,True,No active disease.,"The lungs are clear bilaterally. Specifically, no evidence of focal consolidation, pneumothorax, or pleural effusion.. Minimal right basilar subsegmental atelectasis noted. Cardio mediastinal silhouette is unremarkable. Tortuosity of the thoracic aorta noted. Scattered calcified granulomas are seen without evidence of active granulomatous/tuberculous process. Visualized osseous structures of the thorax are without acute abnormality. No acute cardiopulmonary abnormality.",2
classifier_all_positive,66,No Finding,no acute abnormality,No Finding,3719,No Finding,1.0,good,none,,False,False,No active disease.,"Chest. Both lungs are clear and expanded with no pleural air collections or parenchymal consolidations. Heart and mediastinum remain normal. Lumbosacral spine., disc spaces, and alignment are normal. Sacrum and sacroiliac joints are normal. 1. Chest. No active disease. 2. Lumbar spine negative.",3
classifier_all_positive,72,No Finding,no acute abnormality,No Finding,3719,No Finding,1.0,good,none,,False,False,No active disease.,"Lungs are clear without focal consolidation, effusion, or pneumothorax. Normal heart size. Bony thorax and soft tissues grossly unremarkable. Negative acute cardiopulmonary abnormality.",4
classifier_all_positive,73,Atelectasis;Pleural Effusion,pleural effusion,Pleural Effusion,3365,No Finding,0.0,poor,classifier_query_error,missing_only,False,True,No large pleural effusions. No pneumothorax. No focal airspace opacities. Heart size is normal. No acute cardiopulmonary abnormalities.,"Improved basilar aeration. Persistent small bilateral pleural effusions, on the right, small on the left with some associated left basilar atelectasis. Lungs otherwise clear. Unremarkable mediastinal contour. Changes of emphysema. No acute abnormalities since the previous chest radiograph.",3
classifier_all_positive,78,Atelectasis,lung opacity atelectasis pleural effusion,Lung Opacity;Atelectasis;Pleural Effusion,1016,Lung Opacity;Atelectasis;Pleural Effusion;Pleural Other,0.25,partial,classifier_query_error,extra_only,False,False,"Comparison,. right pleural opacity along the lower chest wall compatible with thickening and/or some loculated effusion, accompanied with some adjacent atelectasis / airspace disease within the right lung base. Round opacity seen projecting adjacent to right hilum on PA view is on lateral view to represent some discoid atelectasis or fluid associated with the upper aspect of the fissure. Some opacities compatible with scarring/chronic inflammatory change are seen within the left lower lung which are more conspicuous versus previous examination. Stable mediastinal contour.",Heart size normal. Right lung clear. Minimal basilar atelectasis on the left,2
classifier_all_positive,80,No Finding,no acute abnormality,No Finding,3719,No Finding,1.0,good,none,,False,False,No active disease.,"Heart size and mediastinal contour within normal limits. No focal airspace consolidation, pneumothorax, or large pleural effusion. No acute osseous abnormality. No acute cardiopulmonary abnormality.",5
classifier_all_positive,113,Lung Opacity;Lung Lesion,no acute abnormality,No Finding,3719,No Finding,0.0,poor,classifier_query_error,normal_vs_abnormal,True,False,No active disease.,"The heart and mediastinum are unremarkable. There are two subcentimeter hyperdense nodular opacities are noted within the right lung. These may represent on end or alternatively, calcified granulomas. The lungs are clear without infiltrate. There is no effusion or pneumothorax. 1. No acute cardiopulmonary disease.",4
classifier_all_positive,117,No Finding,no acute abnormality,No Finding,3719,No Finding,1.0,good,none,,False,False,No active disease.,"Comparison,. No suspicious appearing lung nodules. Well-expanded and clear lungs. Mediastinal contour within normal limits. No acute cardiopulmonary abnormality identified. Stable chest.",6
classifier_all_positive,144,Lung Opacity;Atelectasis,enlarged cardiomediastinum,Enlarged Cardiomediastinum,1233,Cardiomegaly;Atelectasis,0.3333333333333333,partial,classifier_query_error,missing_and_extra,False,True,"Enlarged cardiomediastinal silhouette. Low lung volumes. Relative elevation of right hemidiaphragm. left base density. No focal consolidation, pneumothorax or large pleural effusion. Negative for acute bone abnormality. Cardiomegaly without heart failure. Minimal left basilar scarring/atelectasis.",Overall low lung volumes with mild patchy bibasilar airspace disease. This most represents atelectasis given the low lung volumes. No pleural effusions or pneumothoraces. Heart and mediastinum of normal size and contour. Mild patchy bibasilar airspace disease most representing atelectasis given the low lung volumes.,3
classifier_all_positive,152,Cardiomegaly;Fracture,enlarged cardiomediastinum lung lesion fracture,Enlarged Cardiomediastinum;Lung Lesion;Fracture,429,No Finding,0.0,poor,classifier_query_error,missing_and_extra,False,True,"The cardiomediastinal silhouette and pulmonary vasculature are within normal limits in size. The lungs are clear of focal airspace disease, pneumothorax, or pleural effusion. There is no definite evidence of acute fracture. No acute cardiopulmonary findings..","Stable cardiomediastinal silhouette with mild cardiomegaly and aortic ectasia and tortuosity. No alveolar consolidation, no findings of pleural effusion. Chronic appearing bilateral rib contour deformities compatible with old fractures. No pneumothorax. No acute findings.",5
classifier_all_positive,160,Lung Opacity,lung opacity pneumonia pleural effusion,Lung Opacity;Pneumonia;Pleural Effusion,742,Lung Opacity,1.0,good,none,extra_only,False,False,"focal opacity in the medial right lung base seen on the frontal view. No definite pleural effusion. Stable cardiomediastinal silhouette with normal heart size, no typical findings of pulmonary edema. Abnormal opacity in the right lung base which may be compatible with pneumonia in the appropriate clinical setting. Recommend clinical correlation for infection and followup to resolution. Or, if clinical findings are not compatible with may be of.",The heart is normal in size. The mediastinum is unremarkable. There is patchy infiltrate within normal right lower lobe. Mild opacities in the retrocardiac region. No large effusions or pneumothorax. Patchy right lower lobe infiltrate as well as probable left basilar infiltrate versus atelectasis.,7
classifier_all_positive,188,Lung Opacity;Atelectasis;Pleural Effusion,cardiomegaly lung opacity consolidation pleural effusion,Cardiomegaly;Lung Opacity;Consolidation;Pleural Effusion,1743,Cardiomegaly,0.0,poor,classifier_query_error,missing_and_extra,False,False,"Considering differences in technical factors stable cardiomegaly and stable mediastinal contours. No focal alveolar consolidation, no definite pleural effusion seen. Bronchovascular crowding without typical findings of pulmonary edema. No acute findings","1. No residual right pleural effusion identified status post thoracentesis. No pneumothorax. 2. Mediastinum, cardiac size grossly stable. 3. Small to moderate left-sided pleural effusion, increased compared to prior chest radiograph. Left lung base atelectasis/airspace disease.",6
classifier_all_positive,189,Lung Opacity;Atelectasis,no acute abnormality,No Finding,3719,No Finding,0.0,poor,classifier_query_error,normal_vs_abnormal,False,True,No active disease.,"The heart, pulmonary and mediastinum are within normal limits. There is no pleural effusion or pneumothorax. There is no focal air space opacity to suggest a pneumonia. There is a 1 cm focal opacity in the right lung apex incompletely evaluated by this exam. There is minimal left basilar opacity compatible with scarring or atelectasis. There are degenerative changes of the spine. 1 cm of apical opacity, scarring versus nodule. A noncontrast is indicated for further characterization. Critical result notification documented through Primordial.",7
classifier_all_positive,195,No Finding,pneumonia,Pneumonia,1618,No Finding,1.0,good,none,normal_vs_abnormal,False,False,Heart size is normal and lungs are clear. No pneumonia.,Clear lungs bilaterally. No pneumothorax or pleural effusion. Normal cardiac contours 1. No acute cardiopulmonary abnormalities,8
classifier_all_positive,220,Lung Lesion;Support Devices,lung opacity lung lesion consolidation pneumonia pleural abnormality,Lung Opacity;Lung Lesion;Consolidation;Pneumonia;Pleural Other,742,Lung Opacity,0.0,poor,classifier_query_error,missing_and_extra,False,False,"focal opacity in the medial right lung base seen on the frontal view. No definite pleural effusion. Stable cardiomediastinal silhouette with normal heart size, no typical findings of pulmonary edema. Abnormal opacity in the right lung base which may be compatible with pneumonia in the appropriate clinical setting. Recommend clinical correlation for infection and followup to resolution. Or, if clinical findings are not compatible with may be of.",The heart is normal in size. The mediastinum is stable. Left-sided chest is again visualized with tip at cavoatrial junction. There is no pneumothorax. Numerous bilateral pulmonary nodules have increased in size and number compared to prior study. The dominant nodule/mass in the left midlung is also mildly increased. There is no pleural effusion. Interval increase in size and number of innumerable bilateral pulmonary nodules consistent with worsening metastatic disease.,8
classifier_all_positive,222,No Finding,no acute abnormality,No Finding,3719,No Finding,1.0,good,none,,False,False,No active disease.,The heart size and pulmonary vascularity appear within normal limits. The lungs are free of focal airspace disease. No pleural effusion or pneumothorax is seen. 1. No evidence of active disease.,9
classifier_all_positive,229,Lung Lesion,no acute abnormality,No Finding,3719,No Finding,0.0,poor,classifier_query_error,normal_vs_abnormal,False,True,No active disease.,"Heart size within normal limits. No focal alveolar consolidation, no definite pleural effusion seen. No typical findings of pulmonary edema. Mediastinal calcification and dense right upper lung nodule suggest a previous granulomatous process. No acute cardiopulmonary findings",9
classifier_all_positive,249,Lung Lesion,lung opacity lung lesion,Lung Opacity;Lung Lesion,1972,Lung Opacity,0.0,poor,classifier_query_error,extra_only,False,False,There is a airspace opacity in the left upper lung. Heart size within normal limits. Mild calcification of the aortic. No pneumothorax or pleural effusions. airspace opacity in the left upper lung which may represent streaky atelectasis or resolving pneumonia.,"Lobulated right middle lobe mass measuring 4.5 x 6.8 cm, increased in size compared to prior study, most compatible with neoplasm. Otherwise, the lungs are clear without focal consolidation. No pneumothorax or pleural effusion. Cardiomediastinal silhouette within normal limits. 1. Interval enlargement of right middle lobe mass, highly suspicious for malignancy. Recommend CT of the chest/abdomen with intravenous contrast for further evaluation. 2. Otherwise clear lungs. Dr. notified of the critical results at on, by telephone and acknowledged receipt of these results.",10
classifier_all_positive,266,Cardiomegaly,enlarged cardiomediastinum cardiomegaly,Enlarged Cardiomediastinum;Cardiomegaly,1233,Cardiomegaly;Atelectasis,0.5,partial,classifier_query_error,extra_only,False,True,"Enlarged cardiomediastinal silhouette. Low lung volumes. Relative elevation of right hemidiaphragm. left base density. No focal consolidation, pneumothorax or large pleural effusion. Negative for acute bone abnormality. Cardiomegaly without heart failure. Minimal left basilar scarring/atelectasis.","The lungs and pleural spaces show no acute abnormality. Heart size is mildly enlarged, pulmonary vascularity within normal limits. Atherosclerotic calcifications are present in the aortic. 1. No acute pulmonary abnormality. 2. Mild cardiomegaly, atherosclerotic disease.",4
classifier_all_positive,268,Lung Opacity;Pneumonia,lung opacity consolidation pneumonia,Lung Opacity;Consolidation;Pneumonia,742,Lung Opacity,0.5,partial,classifier_query_error,extra_only,False,False,"focal opacity in the medial right lung base seen on the frontal view. No definite pleural effusion. Stable cardiomediastinal silhouette with normal heart size, no typical findings of pulmonary edema. Abnormal opacity in the right lung base which may be compatible with pneumonia in the appropriate clinical setting. Recommend clinical correlation for infection and followup to resolution. Or, if clinical findings are not compatible with may be of.",There is a right upper lobe opacity. Cardiomediastinal silhouette is normal. Pulmonary vasculature and are normal. Osseous structures and soft tissues are normal. Right upper lobe pneumonia.,5
classifier_all_positive,278,Lung Opacity;Lung Lesion,no acute abnormality,No Finding,3719,No Finding,0.0,poor,classifier_query_error,normal_vs_abnormal,False,True,No active disease.,"No pneumothorax, pleural effusion, or focal airspace disease. Heart size normal. Stable cardiomediastinal silhouette. Nodular opacities consistent with chronic granulomatous disease. Bony structures intact. Negative for acute cardiopulmonary disease.",11
classifier_all_positive,290,Support Devices,no acute abnormality,No Finding,3719,No Finding,0.0,poor,classifier_query_error,normal_vs_abnormal,False,False,No active disease.,The lungs are clear. There are multiple surgical seen near the apical regions and lower cervical region bilaterally. The heart and mediastinum are normal. There is a screw in the right shoulder. The soft tissues are normal. 1. No active disease. 2. There are numerous small surgical clips seen overlying the upper thorax bilaterally and the lower cervical region of uncertain significance.,12
classifier_all_positive,298,No Finding,no acute abnormality,No Finding,3719,No Finding,1.0,good,none,,False,False,No active disease.,The lungs are clear. There is no pleural effusion or pneumothorax. The heart and mediastinum are normal. The skeletal structures are normal. No acute pulmonary disease.,10
classifier_all_positive,310,No Finding,no acute abnormality,No Finding,3719,No Finding,1.0,good,none,,False,False,No active disease.,"Chest. The examination consists of frontal and lateral radiographs of the chest. The cardiomediastinal contours are within normal limits. No focal consolidation, pleural effusion, or pneumothorax identified. The visualized osseous structures and upper abdomen are unremarkable. Thoracic spine. The examination consists of frontal, lateral and swimmers lateral radiographs of the thoracic spine. There is no evidence of fracture or malalignment. The vertebral body and disc spaces are maintained. Sternum. The examination consists of 2 oblique and one lateral radiograph of the sternum. No displaced fracture demonstrated. 1. No radiographic evidence of acute thoracic.",11
classifier_all_positive,317,No Finding,fracture,Fracture,2588,,0.0,poor,classifier_query_error,normal_vs_abnormal,False,False,"No focal consolidation, pneumothorax or definite pleural effusion. Nodular density projected over the left base with no lateral view correlate secondary to soft tissue overlay. Heart size and pulmonary vascularity within normal limits, no mediastinal widening characteristic in appearance of vascular injury. No acute osseous injury demonstrated. No acute findings. Please note that fractures may not be demonstrated and consider additional imaging as clinically indicated.",Normal heart size. Normal mediastinal silhouette. No pneumothorax or pleural effusion. No suspicious focal air space opacity. No acute abnormality.,13
classifier_all_positive,325,No Finding,no acute abnormality,No Finding,3719,No Finding,1.0,good,none,,False,False,No active disease.,Lungs are clear. No pleural effusions or pneumothoraces. Heart and mediastinum of normal size and contour. Clear lungs.,12
classifier_all_positive,332,Lung Opacity,no acute abnormality,No Finding,3719,No Finding,0.0,poor,classifier_query_error,normal_vs_abnormal,False,False,No active disease.,"There are are streaky retrocardiac left lower lobe opacities, in the correct clinical setting this could represent a pneumonia. There is no pneumothorax or pleural effusion. The cardiac silhouette is within normal limits. Streaky left retrocardiac airspace opacities, in the correct clinical setting this could represent a pneumonia.",14
classifier_all_positive,335,Support Devices,support device,Support Devices,3929,Cardiomegaly;Support Devices,0.5,partial,retrieval_mismatch_despite_correct_query,,False,False,"A cardiac pacemaker/defibrillator device is redemonstration of the left chest wall with a single projecting over the right atrium and 2 leads projecting over the right ventricle. The cardiac silhouette is mildly enlarged, unchanged. No focal pulmonary consolidation. No pneumothorax. No pleural effusion. Minimal degenerative changes of the thoracic spine..",A left-sided hemodialysis catheter is in with its distal tip at the right atrium. The cardiac silhouette and mediastinal contours are within normal limits. There is no focal opacity. There is no pneumothorax. No large pleural effusion. Stable position of the left-sided hemodialysis catheter otherwise no acute cardiopulmonary disease.,6
classifier_all_positive,338,No Finding,no acute abnormality,No Finding,3719,No Finding,1.0,good,none,,False,False,No active disease.,"The heart, pulmonary and mediastinum are within normal limits. There is no pleural effusion or pneumothorax. There is no focal air space opacity to suggest a pneumonia. The patient was shielded. No acute cardiopulmonary disease.",13
classifier_all_positive,368,No Finding,no acute abnormality,No Finding,3719,No Finding,1.0,good,none,,False,False,No active disease.,Cardiomediastinal silhouette and pulmonary vasculature are within normal limits. Lungs are clear. No pneumothorax or pleural effusion. No acute osseous findings. No acute cardiopulmonary findings.,14
classifier_all_positive,373,No Finding,no acute abnormality,No Finding,3719,No Finding,1.0,good,none,,False,False,No active disease.,Both lungs are clear and expanded. Heart and mediastinum normal. No active disease.,15
classifier_all_positive,382,Lung Opacity,lung opacity lung lesion pneumothorax,Lung Opacity;Lung Lesion;Pneumothorax,2886,Lung Opacity;Pleural Effusion,0.5,partial,classifier_query_error,extra_only,False,True,"Low lung volumes. Question patchy opacity left base. No pneumothorax. Osseous structures intact. Small right effusion. 1. Patchy opacity left base, may represent evolving infiltrate. 2. Small right pleural effusion..","Stable, normal cardiac size, mediastinum, and central pulmonary vasculature. Marked bullous emphysematous changes and traction bronchiectasis, again most notable involving the bilateral upper lobes. Stable prominent ovoid opacity (4.3 x 2.8 ) a large left upper lobe, reflecting a superimposed aspergilloma-as more readily demonstrated on the previous CT chest study from. No areas of alveolar airspace consolidation are identified. No evidence of pleural effusion or pneumothorax. 1. Marked bullous emphysematous changes and traction bronchiectasis, again most notable involving the bilateral upper lobes. Stable suspected superimposed left upper lobe aspergilloma - as more readily demonstrated on the previous CT chest study from.",7
classifier_all_positive,392,Support Devices,support device,Support Devices,3929,Cardiomegaly;Support Devices,0.5,partial,retrieval_mismatch_despite_correct_query,,False,False,"A cardiac pacemaker/defibrillator device is redemonstration of the left chest wall with a single projecting over the right atrium and 2 leads projecting over the right ventricle. The cardiac silhouette is mildly enlarged, unchanged. No focal pulmonary consolidation. No pneumothorax. No pleural effusion. Minimal degenerative changes of the thoracic spine..","Lungs are clear. No focal consolidation, effusion, or pneumothorax. Interval resolution of left effusion. Central venous dialysis catheter unchanged in position. Heart and mediastinal contours are normal. Osseous structures intact. No acute cardiopulmonary disease.",8
classifier_all_positive,406,Lung Lesion,no acute abnormality,No Finding,3719,No Finding,0.0,poor,classifier_query_error,normal_vs_abnormal,False,True,No active disease.,"Heart size normal. No pneumothorax, large pleural effusion, or focal airspace disease. Bony structures appear intact. Calcified right hilar nodules consistent with chronic granulomatous disease. No acute cardiopulmonary abnormality.",15
classifier_all_positive,407,No Finding,support device,Support Devices,3929,Cardiomegaly;Support Devices,0.0,poor,classifier_query_error,normal_vs_abnormal,False,False,"A cardiac pacemaker/defibrillator device is redemonstration of the left chest wall with a single projecting over the right atrium and 2 leads projecting over the right ventricle. The cardiac silhouette is mildly enlarged, unchanged. No focal pulmonary consolidation. No pneumothorax. No pleural effusion. Minimal degenerative changes of the thoracic spine..",Lungs are clear. No pleural effusions or pneumothoraces. Heart and mediastinum of normal size and contour. Clear lungs.,16
classifier_all_positive,419,No Finding,no acute abnormality,No Finding,3719,No Finding,1.0,good,none,,False,False,No active disease.,Cardiac and mediastinal contours are within normal limits. The lungs are clear. Bony structures are intact. No acute preoperative findings.,16
classifier_all_positive,427,No Finding,no acute abnormality,No Finding,3719,No Finding,1.0,good,none,,False,False,No active disease.,"The cardiomediastinal silhouette is within normal limits for size and contour. The lungs are normally inflated without evidence of focal airspace disease, pleural effusion, or pneumothorax. Osseous structures are within normal limits for patient age.. 1. No acute radiographic cardiopulmonary process.",17
classifier_all_positive,436,Cardiomegaly,lung opacity consolidation pneumonia atelectasis pleural effusion fracture,Lung Opacity;Consolidation;Pneumonia;Atelectasis;Pleural Effusion;Fracture,2325,Lung Opacity,0.0,poor,classifier_query_error,missing_and_extra,False,True,"opacities in the left base may be compatible with scarring or subsegmental atelectasis. Otherwise, no focal alveolar consolidation. No definite pleural effusion seen. Heart size within normal limits, stable mediastinal contours. No typical findings of pulmonary edema.",Borderline heart size. Calcified aorta. No active pulmonary edema or lobar pneumonia. Probable large retrocardiac hiatal hernia.,17
classifier_all_positive,438,No Finding,no acute abnormality,No Finding,3719,No Finding,1.0,good,none,,False,False,No active disease.,Heart size is normal and lungs are clear,18
classifier_all_positive,441,Lung Lesion,fracture,Fracture,2588,,0.0,poor,classifier_query_error,missing_and_extra,False,True,"No focal consolidation, pneumothorax or definite pleural effusion. Nodular density projected over the left base with no lateral view correlate secondary to soft tissue overlay. Heart size and pulmonary vascularity within normal limits, no mediastinal widening characteristic in appearance of vascular injury. No acute osseous injury demonstrated. No acute findings. Please note that fractures may not be demonstrated and consider additional imaging as clinically indicated.","Mediastinal contours are normal. Heart size is within normal limits. Multiple scattered calcified pulmonary nodules, sequela of prior granulomatous disease. Otherwise lungs are clear.. There is no pneumothorax or large pleural effusion. No bony abnormality. No acute cardiopulmonary abnormality.",18
classifier_all_positive,450,No Finding,no acute abnormality,No Finding,3719,No Finding,1.0,good,none,,False,False,No active disease.,No focal consolidation. No pneumothorax. No pleural effusions. Heart size normal. Cardio mediastinal silhouette is unremarkable. 1. No acute cardiopulmonary findings.,19
classifier_all_positive,481,Support Devices,enlarged cardiomediastinum support device,Enlarged Cardiomediastinum;Support Devices,1233,Cardiomegaly;Atelectasis,0.0,poor,classifier_query_error,extra_only,False,True,"Enlarged cardiomediastinal silhouette. Low lung volumes. Relative elevation of right hemidiaphragm. left base density. No focal consolidation, pneumothorax or large pleural effusion. Negative for acute bone abnormality. Cardiomegaly without heart failure. Minimal left basilar scarring/atelectasis.","Left PICC line tip near junction of brachiocephalic vein and SVC; repositioning with a slight advancement may be helpful. There is a tortuous atherosclerotic aorta. Large lung volumes with widened AP diameter of the chest, due to COPD; recommend clinical correlation. Diffuse bronchial calcification and with mild atherosclerotic calcification. No evidence of pulmonary consolidation, large pleural effusion/pneumothorax. there is degenerative changes at the joints. Osteopenia. Degenerative changes of the cervical spine with possible fusion in the lower cervical region.",19
classifier_all_positive,483,Cardiomegaly,atelectasis,Atelectasis,3140,Lung Opacity;Atelectasis,0.0,poor,classifier_query_error,missing_and_extra,False,True,"Streaky opacities in the right lower lobe most suggestive of atelectasis, differential diagnosis includes atypical infection. No definite pleural effusion seen. Heart size within normal limits, no typical findings of pulmonary edema.",There is flattening of hemidiaphragms. There are prominent interstitial markings. There is no focal consolidation to suggest pneumonia. There are atherosclerotic institutions of the aorta. The heart is of the first limits of normal size. No pneumothorax or pleural effusion. 1. Hyperexpanded lungs with flattened hemidiaphragm suggesting COPD. 2. Borderline enlarged heart. 3. No acute cardiopulmonary abnormality.,20
classifier_all_positive,499,No Finding,fracture,Fracture,2588,,0.0,poor,classifier_query_error,normal_vs_abnormal,False,False,"No focal consolidation, pneumothorax or definite pleural effusion. Nodular density projected over the left base with no lateral view correlate secondary to soft tissue overlay. Heart size and pulmonary vascularity within normal limits, no mediastinal widening characteristic in appearance of vascular injury. No acute osseous injury demonstrated. No acute findings. Please note that fractures may not be demonstrated and consider additional imaging as clinically indicated.",There are no focal areas of consolidation. No suspicious pulmonary opacities. Heart size within normal limits. No pleural effusions. There is no evidence of pneumothorax. No acute cardiopulmonary abnormality.,21
classifier_all_positive,501,Lung Opacity,pneumonia,Pneumonia,1618,No Finding,0.0,poor,classifier_query_error,missing_and_extra,False,False,Heart size is normal and lungs are clear. No pneumonia.,"1. There is minimal streaky opacity in the posterior lungs, possibly cyst, scarring, or pneumonia. 2. Heart size and pulmonary appear normal 3. Mediastinal contours are normal",22
classifier_all_positive,504,Lung Opacity;Atelectasis,lung opacity atelectasis fracture,Lung Opacity;Atelectasis;Fracture,3721,Lung Opacity;Atelectasis,1.0,good,none,extra_only,False,True,Streaky opacity is noted within the left lung base which may represent focal area of atelectasis. Right lung is grossly clear. Cardiac silhouette and mediastinal contours are within normal limits. There is no pneumothorax. No large pleural effusion. Left lower lobe atelectasis otherwise no acute cardiopulmonary disease.,"Stable cardiomediastinal silhouette. Stable opacity in the left base, scarring or atelectasis. Rounded calcified density in the left lung base, calcified granuloma. No consolidation. No pleural effusion or pneumothorax. Stable degenerative changes of the spine. No acute cardiopulmonary abnormality.",20
classifier_all_positive,505,No Finding,lung opacity pleural abnormality fracture,Lung Opacity;Pleural Other;Fracture,1016,Lung Opacity;Atelectasis;Pleural Effusion;Pleural Other,0.0,poor,classifier_query_error,normal_vs_abnormal,False,False,"Comparison,. right pleural opacity along the lower chest wall compatible with thickening and/or some loculated effusion, accompanied with some adjacent atelectasis / airspace disease within the right lung base. Round opacity seen projecting adjacent to right hilum on PA view is on lateral view to represent some discoid atelectasis or fluid associated with the upper aspect of the fissure. Some opacities compatible with scarring/chronic inflammatory change are seen within the left lower lung which are more conspicuous versus previous examination. Stable mediastinal contour.","No focal consolidation, suspicious pulmonary opacity, pneumothorax or definite pleural effusion. Heart size and pulmonary vascularity within normal limits, visualized osseous structures appear intact. No acute cardiopulmonary abnormality.",23
classifier_all_positive,508,No Finding,no acute abnormality,No Finding,3719,No Finding,1.0,good,none,,False,False,No active disease.,Normal heart size and mediastinal contours. No focal airspace consolidation. No pleural effusion or pneumothorax. Visualized osseous structures are unremarkable. No acute cardiopulmonary abnormality.,21
classifier_all_positive,514,No Finding,no acute abnormality,No Finding,3719,No Finding,1.0,good,none,,False,False,No active disease.,The heart size is normal. Lungs are clear. There is no pleural line to suggest pneumothorax or costophrenic blunting to suggest large pleural effusion. Bony structures are within normal limits. No acute cardiopulmonary findings.,22
classifier_all_positive,522,Atelectasis,fracture,Fracture,2588,,0.0,poor,classifier_query_error,missing_and_extra,False,True,"No focal consolidation, pneumothorax or definite pleural effusion. Nodular density projected over the left base with no lateral view correlate secondary to soft tissue overlay. Heart size and pulmonary vascularity within normal limits, no mediastinal widening characteristic in appearance of vascular injury. No acute osseous injury demonstrated. No acute findings. Please note that fractures may not be demonstrated and consider additional imaging as clinically indicated.",There is hyperinflation of the lungs. A small area scarring is seen in the left cardiophrenic region. There is no pleural effusion or pneumothorax. The heart is not significantly enlarged. There are atherosclerotic changes of the aorta. Arthritic changes of the skeletal structures are noted. COPD and small left basilar scar.,24
classifier_all_positive,530,Cardiomegaly,cardiomegaly,Cardiomegaly,2040,Cardiomegaly,1.0,good,none,,False,False,Cardiomegaly. No effusions or edema. Clear chest,Slight cardiomegaly. Clear lungs. No effusion,23
classifier_all_positive,546,Pleural Effusion,cardiomegaly lung opacity pleural effusion,Cardiomegaly;Lung Opacity;Pleural Effusion,2263,Cardiomegaly;Lung Opacity;Atelectasis,0.0,poor,classifier_query_error,extra_only,False,False,"Heart size moderately enlarged, stable mediastinal contours. opacity in the left lung base. Otherwise, no focal alveolar consolidation, no definite pleural effusion seen. No typical findings of pulmonary edema. 1. Cardiomegaly 2. opacity in the left base atelectasis","no cardiomegaly with bilateral small pleural effusions. Decubitus x- be informative. No evidence of pneumonia, nodules, or masses.",25
classifier_all_positive,569,Lung Opacity;Support Devices,lung opacity atelectasis pneumothorax pleural effusion pleural abnormality fracture support device,Lung Opacity;Atelectasis;Pneumothorax;Pleural Effusion;Pleural Other;Fracture;Support Devices,1016,Lung Opacity;Atelectasis;Pleural Effusion;Pleural Other,0.2,partial,classifier_query_error,extra_only,True,True,"Comparison,. right pleural opacity along the lower chest wall compatible with thickening and/or some loculated effusion, accompanied with some adjacent atelectasis / airspace disease within the right lung base. Round opacity seen projecting adjacent to right hilum on PA view is on lateral view to represent some discoid atelectasis or fluid associated with the upper aspect of the fissure. Some opacities compatible with scarring/chronic inflammatory change are seen within the left lower lung which are more conspicuous versus previous examination. Stable mediastinal contour.","The heart size and pulmonary vascularity appear within normal limits. The left hemidiaphragm remains elevated. Right base densities are again noted which appear improved. Previously seen left pleural effusion has resolved. There continues to be some left base opacities which may represent atelectasis. Surgical clips and suture lines are noted in the mediastinum. An air-fluid level is seen in the upper right abdomen immediately below the right hemidiaphragm. Extensive pleural densities are present on the right which may represent localized fluid or pleural thickening. No definite pneumothorax is seen. 1. Continued elevation of the left hemidiaphragm. 2. Extensive post-op changes. 3. Right pleural densities which may represent thickening or localized fluid. 4. Air-fluid level below the right hemidiaphragm medially. Although this could represent air-fluid within a of bowel, a subpulmonic process is a consideration. If clinically indicated, scan would better define this.",9
classifier_all_positive,573,Lung Opacity;Support Devices,lung opacity,Lung Opacity,1972,Lung Opacity,0.5,partial,classifier_query_error,missing_only,False,True,There is a airspace opacity in the left upper lung. Heart size within normal limits. Mild calcification of the aortic. No pneumothorax or pleural effusions. airspace opacity in the left upper lung which may represent streaky atelectasis or resolving pneumonia.,"The examination consists of frontal and lateral radiographs of the chest. Sternotomy and surgical clips are again seen. The cardiomediastinal contours are unchanged. There is a background of marked centrilobular emphysema. Streaky opacities in the lung bases may represent atelectasis or scarring. There is no consolidation, pleural effusion or pneumothorax. No evidence of acute cardiopulmonary disease or significant interval change.",10
classifier_all_positive,579,No Finding,no acute abnormality,No Finding,3719,No Finding,1.0,good,none,,False,False,No active disease.,"The lungs are clear bilaterally. Specifically, no evidence of focal consolidation, pneumothorax, or pleural effusion.. Cardio mediastinal silhouette is unremarkable. Visualized osseous structures of the thorax are without acute abnormality. No acute cardiopulmonary abnormality..",24
classifier_all_positive,582,No Finding,no acute abnormality,No Finding,3719,No Finding,1.0,good,none,,False,False,No active disease.,Cardiomediastinal silhouette and pulmonary vasculature are within normal limits. Lungs are clear. No pneumothorax or pleural effusion. No acute osseous findings. No acute cardiopulmonary findings.,25
classifier_all_positive,584,No Finding,no acute abnormality,No Finding,3719,No Finding,1.0,good,none,,False,False,No active disease.,There are no focal areas of consolidation. No suspicious pulmonary opacities. Heart size within normal limits. No pleural effusions. No evidence of pneumothorax. Osseous structures intact. No acute cardiopulmonary abnormality.,26
classifier_all_positive,586,Cardiomegaly;Lung Opacity;Atelectasis,cardiomegaly lung opacity consolidation pneumonia,Cardiomegaly;Lung Opacity;Consolidation;Pneumonia,1740,Lung Opacity;Consolidation,0.25,partial,classifier_query_error,missing_and_extra,False,True,Frontal and lateral views of the chest show an unchanged cardiomediastinal silhouette. There is airspace opacity in the mid right lung radiating from the right hilum to the pleura and bordered inferiorly by the fissures. The fissure is convex upward. There is right base patchy airspace opacity. This appears chronic and may be due to scarring. There is no significant pleural effusion. Right upper lobe airspace consolidation Please correlate clinically for pneumonia.,The heart size is moderately enlarged. The pulmonary and mediastinum are within normal limits. There is no pleural effusion or pneumothorax. Again noted is and left midlung airspace opacity atelectasis. There is left basilar opacity atelectasis as well. There is improved right midlung opacity. There are mild degenerative changes of the spine. sternotomy are intact. Extensive atherosclerotic disease. Probable left midlung and left basilar atelectasis. Cardiomegaly.,11
classifier_all_positive,601,Lung Opacity;Support Devices,lung opacity consolidation pneumonia support device,Lung Opacity;Consolidation;Pneumonia;Support Devices,1699,Consolidation;Pneumonia;Pleural Effusion;Support Devices,0.2,partial,classifier_query_error,extra_only,True,True,"There is mild mentally without pulmonary edema. Tortuous thoracic aorta, unchanged. Stable positioning of the dual- cardiac device. No visible pneumothorax. There is a small left pleural effusion. Focal airspace consolidation is visualized in the superior segment of the left lower lobe, appreciated on lateral projection. Increased retrosternal clear space suggesting chronic obstructive pulmonary disease. 1. Left lower lobe, superior segment, airspace consolidation, radiographic appearance most typical for pneumonia. Based on patient's age, a followup chest x- to document resolution is recommended. 2. left parapneumonic pleural effusion.","Right dual-lumen internal jugular central venous catheter seen with tip overlying the cavoatrial junction. Heart size at the upper limits of normal. Low lung volumes with bronchovascular crowding. Patchy bibasilar air airspace opacities right greater than left. No visualized pneumothorax. Prominence of the mediastinum consistent with history of sarcoid. 1. Bilateral lower lung airspace disease right greater than left, most representing acute infectious process. 2. Widening of the mediastinum, secondary to lymphadenopathy related to sarcoid, or possibly reactive adenopathy.",12
classifier_all_positive,608,Fracture,fracture,Fracture,2588,,0.0,poor,retrieval_mismatch_despite_correct_query,,False,False,"No focal consolidation, pneumothorax or definite pleural effusion. Nodular density projected over the left base with no lateral view correlate secondary to soft tissue overlay. Heart size and pulmonary vascularity within normal limits, no mediastinal widening characteristic in appearance of vascular injury. No acute osseous injury demonstrated. No acute findings. Please note that fractures may not be demonstrated and consider additional imaging as clinically indicated.",The heart and mediastinum are unremarkable. The lungs are clear without infiltrate. There is no effusion or pneumothorax. There is an old healed fracture through the right 8th rib. 1. No acute cardiopulmonary disease.,26
classifier_all_positive,618,No Finding,no acute abnormality,No Finding,3719,No Finding,1.0,good,none,,False,False,No active disease.,"The heart, pulmonary and mediastinum are within normal limits. There is no pleural effusion or pneumothorax. There is no focal air space opacity to suggest a pneumonia. There is no pulmonary nodule identified. There is a left humerus prosthesis partly demonstrated. No acute cardiopulmonary disease. No evidence for metastatic disease by radiographic evaluation.",27
classifier_all_positive,661,Support Devices,pleural effusion,Pleural Effusion,3365,No Finding,0.0,poor,classifier_query_error,missing_and_extra,False,True,No large pleural effusions. No pneumothorax. No focal airspace opacities. Heart size is normal. No acute cardiopulmonary abnormalities.,Spinal stimulator in. Lungs are clear without focal airspace disease. No pleural effusions or pneumothoraces. Heart and mediastinum of normal size and contour. Degenerative changes in the thoracic spine. Clear lungs.,27
classifier_all_positive,665,Cardiomegaly,cardiomegaly,Cardiomegaly,2040,Cardiomegaly,1.0,good,none,,False,False,Cardiomegaly. No effusions or edema. Clear chest,Cardiomegaly stable. Lungs clear. No edema or effusions,28
classifier_all_positive,668,No Finding,atelectasis,Atelectasis,3140,Lung Opacity;Atelectasis,0.0,poor,classifier_query_error,normal_vs_abnormal,False,False,"Streaky opacities in the right lower lobe most suggestive of atelectasis, differential diagnosis includes atypical infection. No definite pleural effusion seen. Heart size within normal limits, no typical findings of pulmonary edema.","Heart size and mediastinal contours appear within normal limits. Pulmonary vascularity is within normal limits. No focal consolidation, suspicious pulmonary opacity, pneumothorax or definite pleural effusion. Visualized osseous structures appear intact. No acute cardiopulmonary abnormality.",28
classifier_all_positive,672,Cardiomegaly;Edema,lung opacity consolidation pneumonia pleural effusion,Lung Opacity;Consolidation;Pneumonia;Pleural Effusion,742,Lung Opacity,0.0,poor,classifier_query_error,missing_and_extra,True,True,"focal opacity in the medial right lung base seen on the frontal view. No definite pleural effusion. Stable cardiomediastinal silhouette with normal heart size, no typical findings of pulmonary edema. Abnormal opacity in the right lung base which may be compatible with pneumonia in the appropriate clinical setting. Recommend clinical correlation for infection and followup to resolution. Or, if clinical findings are not compatible with may be of.",1. Vascular congestion and diffuse interstitial edema 2. Stable cardiomegaly 3. Low lung volumes,29
classifier_all_positive,683,No Finding,fracture,Fracture,2588,,0.0,poor,classifier_query_error,normal_vs_abnormal,False,False,"No focal consolidation, pneumothorax or definite pleural effusion. Nodular density projected over the left base with no lateral view correlate secondary to soft tissue overlay. Heart size and pulmonary vascularity within normal limits, no mediastinal widening characteristic in appearance of vascular injury. No acute osseous injury demonstrated. No acute findings. Please note that fractures may not be demonstrated and consider additional imaging as clinically indicated.",The heart is normal in size and contour. There is no mediastinal widening. The lungs are clear bilaterally. No large pleural effusion or pneumothorax. The are intact. No acute cardiopulmonary abnormalities.,30
classifier_all_positive,688,Lung Opacity;Atelectasis;Pleural Other,lung opacity pneumonia atelectasis,Lung Opacity;Pneumonia;Atelectasis,742,Lung Opacity,0.3333333333333333,partial,classifier_query_error,missing_and_extra,False,True,"focal opacity in the medial right lung base seen on the frontal view. No definite pleural effusion. Stable cardiomediastinal silhouette with normal heart size, no typical findings of pulmonary edema. Abnormal opacity in the right lung base which may be compatible with pneumonia in the appropriate clinical setting. Recommend clinical correlation for infection and followup to resolution. Or, if clinical findings are not compatible with may be of.","KUB. Centered over the mid abdomen there are multiple air-filled dilated loops of small bowel measuring the of which measure up to about 3.7 cm in diameter. There is also an extremely dilated in the same region which measures 5.9 cm in diameter. There is extensive soft tissue pannus. Prior abdominal surgery. Chest. There is left basilar opacity. No visualized pneumothorax. The heart size is normal. There is mild elevation of the left hemidiaphragm. There are no large pleural effusions. There is thickening of the fissure. KUB 1. There are numerous air-filled dilated loops of small bowel over the mid abdomen. These findings are consistent with small bowel obstruction. Chest 1. Left basilar airspace disease, atelectasis..",13
classifier_all_positive,689,Lung Lesion,lung opacity lung lesion,Lung Opacity;Lung Lesion,1972,Lung Opacity,0.0,poor,classifier_query_error,extra_only,False,False,There is a airspace opacity in the left upper lung. Heart size within normal limits. Mild calcification of the aortic. No pneumothorax or pleural effusions. airspace opacity in the left upper lung which may represent streaky atelectasis or resolving pneumonia.,"Three noncalcified lung nodules are present in the left lower lobe. The largest measures 3.5 mm in diameter. Another nodule is present near the right hilum. It is approximately 2 cm in diameter. The and mediastinum appear normal. Heart size normal. Multiple nodules in both the left and right lungs consistent with neoplasm. Further workup could be initiated with contrasted CT of the chest, abdomen, and pelvis. Dr. I discussed the findings and further workup suggestions by telephone approximately hours,.",31
classifier_all_positive,691,No Finding,fracture,Fracture,2588,,0.0,poor,classifier_query_error,normal_vs_abnormal,False,False,"No focal consolidation, pneumothorax or definite pleural effusion. Nodular density projected over the left base with no lateral view correlate secondary to soft tissue overlay. Heart size and pulmonary vascularity within normal limits, no mediastinal widening characteristic in appearance of vascular injury. No acute osseous injury demonstrated. No acute findings. Please note that fractures may not be demonstrated and consider additional imaging as clinically indicated.","The heart and cardiomediastinal silhouette are stable in size and contour. There is no focal airspace opacity, pleural effusion, or pneumothorax. The osseous structures are intact. No acute cardiopulmonary finding.",32
classifier_all_positive,709,Fracture,fracture,Fracture,2588,,0.0,poor,retrieval_mismatch_despite_correct_query,,False,True,"No focal consolidation, pneumothorax or definite pleural effusion. Nodular density projected over the left base with no lateral view correlate secondary to soft tissue overlay. Heart size and pulmonary vascularity within normal limits, no mediastinal widening characteristic in appearance of vascular injury. No acute osseous injury demonstrated. No acute findings. Please note that fractures may not be demonstrated and consider additional imaging as clinically indicated.",Heart size is normal. The lungs are clear. There are no focal air space consolidations. No pleural effusions or pneumothoraces. Aortic vascular calcifications. Normal pulmonary vascularity. Fracture-dislocation of the right shoulder. Bone demineralization. Scoliosis which is possibly positional. Clear lungs. Fracture-dislocation of the proximal right shoulder.,33
classifier_all_positive,716,Cardiomegaly,cardiomegaly pneumonia,Cardiomegaly;Pneumonia,3328,Cardiomegaly;Pleural Effusion,0.5,partial,classifier_query_error,extra_only,False,True,Minimal cardiomegaly. Prominent pulmonary. Probable very small pleural effusions and minimal questionable interstitial edema. No pneumonia,Slight cardiomegaly. Calcified hilar lymph. No edema or effusions.,14
classifier_all_positive,725,No Finding,fracture,Fracture,2588,,0.0,poor,classifier_query_error,normal_vs_abnormal,False,False,"No focal consolidation, pneumothorax or definite pleural effusion. Nodular density projected over the left base with no lateral view correlate secondary to soft tissue overlay. Heart size and pulmonary vascularity within normal limits, no mediastinal widening characteristic in appearance of vascular injury. No acute osseous injury demonstrated. No acute findings. Please note that fractures may not be demonstrated and consider additional imaging as clinically indicated.",The cardiomediastinal silhouette is within normal limits. Lungs are clear without areas of focal consolidation. No pneumothorax or large pleural effusion. No acute cardiopulmonary process.,34
classifier_all_positive,731,No Finding,no acute abnormality,No Finding,3719,No Finding,1.0,good,none,,False,False,No active disease.,"The lungs are clear, and without focal air space opacity. The cardiomediastinal silhouette is normal in size and contour. There is no pneumothorax or large pleural effusion. No acute cardiopulmonary abnormality.",29
classifier_all_positive,733,Support Devices,support device,Support Devices,3929,Cardiomegaly;Support Devices,0.5,partial,retrieval_mismatch_despite_correct_query,,False,True,"A cardiac pacemaker/defibrillator device is redemonstration of the left chest wall with a single projecting over the right atrium and 2 leads projecting over the right ventricle. The cardiac silhouette is mildly enlarged, unchanged. No focal pulmonary consolidation. No pneumothorax. No pleural effusion. Minimal degenerative changes of the thoracic spine..","There is a dual-lumen right internal jugular central venous catheter, the distal tip projects over the right atrium. There is no apparent pneumothorax. There is no focal lung opacity or pleural effusion. There is stable right upper lung lucency. The cardiopulmonary mediastinal silhouettes are stable. The visualized osseous structures appear within normal limits. 1. Distal tip of the dual-lumen right internal jugular central venous catheter projects over the right atrium. 2. No apparent pneumothorax. 3. Stable right upper lung lucency. CT chest may be helpful to further characterize.",15
classifier_all_positive,739,No Finding,no acute abnormality,No Finding,3719,No Finding,1.0,good,none,,False,False,No active disease.,and lateral views of the chest were obtained /. The lung volumes are low normal. The lungs are clear and there are no pleural effusions. The mediastinum and pulmonary are normal. The bony elements are not remarkable. No acute cardiopulmonary abnormalities are seen. END OF REPORT.,30
classifier_all_positive,744,Lung Opacity,pneumothorax support device,Pneumothorax;Support Devices,1570,,0.0,poor,classifier_query_error,missing_and_extra,True,False,Evaluation for pneumothorax is limited due to exclusion of the superior-most pulmonary apices. No visible pleural. No focal air space opacities or pleural effusion. Cardiomediastinal silhouette is within normal limits. No free subdiaphragmatic air. Mild degenerative changes of the thoracic spine. Included osseous structures are grossly intact. No acute pulmonary disease.,"The heart size and pulmonary vascularity appear within normal limits. Left -a- is in. No pleural effusion or pneumothorax is seen. Right upper lobe area of dense opacity is seen in the medial right apex. On a previous outside scan ( ), the right upper lobe was consolidated. Comparison to the from that exam shows this opacity to have decreased. No films were available, however, for direct comparison. 1. Right upper lobe opacity which appears improved as compared to previous scan.",35
classifier_all_positive,756,No Finding,fracture,Fracture,2588,,0.0,poor,classifier_query_error,normal_vs_abnormal,False,False,"No focal consolidation, pneumothorax or definite pleural effusion. Nodular density projected over the left base with no lateral view correlate secondary to soft tissue overlay. Heart size and pulmonary vascularity within normal limits, no mediastinal widening characteristic in appearance of vascular injury. No acute osseous injury demonstrated. No acute findings. Please note that fractures may not be demonstrated and consider additional imaging as clinically indicated.","Normal cardiomediastinal silhouette. No airspace consolidation, pneumothorax, pleural effusion, or pulmonary edema. No acute bony abnormality. No acute cardiopulmonary disease.",36
classifier_all_positive,758,No Finding,fracture,Fracture,2588,,0.0,poor,classifier_query_error,normal_vs_abnormal,False,False,"No focal consolidation, pneumothorax or definite pleural effusion. Nodular density projected over the left base with no lateral view correlate secondary to soft tissue overlay. Heart size and pulmonary vascularity within normal limits, no mediastinal widening characteristic in appearance of vascular injury. No acute osseous injury demonstrated. No acute findings. Please note that fractures may not be demonstrated and consider additional imaging as clinically indicated.",Normal heart size. Clear lungs. No large pleural effusion. No pneumothorax. No acute cardiopulmonary abnormality.,37
classifier_all_positive,760,Lung Opacity;Atelectasis,lung opacity pneumonia fracture,Lung Opacity;Pneumonia;Fracture,742,Lung Opacity,0.5,partial,classifier_query_error,missing_and_extra,False,True,"focal opacity in the medial right lung base seen on the frontal view. No definite pleural effusion. Stable cardiomediastinal silhouette with normal heart size, no typical findings of pulmonary edema. Abnormal opacity in the right lung base which may be compatible with pneumonia in the appropriate clinical setting. Recommend clinical correlation for infection and followup to resolution. Or, if clinical findings are not compatible with may be of.","There is minimal hyperexpansion and hyperlucency of the lungs suggestive of chronic lung disease, without focal consolidation, pneumothorax, or effusion identified. opacity in the left subsegmental atelectasis. Cardiomediastinal silhouette is grossly stable and within normal limits, with mild tortuosity and atherosclerosis of the thoracic aorta. Multilevel degenerative disc disease of the thoracolumbar spine noted without acute bony abnormality. Changes of chronic lung disease without acute cardiopulmonary abnormality.",16
classifier_all_positive,766,No Finding,no acute abnormality,No Finding,3719,No Finding,1.0,good,none,,False,False,No active disease.,Heart size is normal and the lungs are clear.,31
classifier_all_positive,793,No Finding,no acute abnormality,No Finding,3719,No Finding,1.0,good,none,,False,False,No active disease.,"The examination consists of frontal and lateral radiographs of the chest. The cardiomediastinal contours are within normal limits. Pulmonary vascularity is within normal limits. No focal consolidation, pleural effusion, or pneumothorax identified. Oval sclerotic density projecting over the inferior right glenoid may represent synovial osteochondromatosis or cortical. This is unchanged 31 17. The remaining osseous structures and visualized upper abdomen are unremarkable in appearance. No evidence of acute cardiopulmonary process.",32
classifier_all_positive,808,Lung Opacity;Pneumonia;Atelectasis,lung opacity consolidation pneumonia atelectasis,Lung Opacity;Consolidation;Pneumonia;Atelectasis,742,Lung Opacity,0.3333333333333333,partial,classifier_query_error,extra_only,False,True,"focal opacity in the medial right lung base seen on the frontal view. No definite pleural effusion. Stable cardiomediastinal silhouette with normal heart size, no typical findings of pulmonary edema. Abnormal opacity in the right lung base which may be compatible with pneumonia in the appropriate clinical setting. Recommend clinical correlation for infection and followup to resolution. Or, if clinical findings are not compatible with may be of.",Overall low lung lines. There is scarring or subsegmental atelectasis at the right lung base. In the left lower lobe there is airspace disease consistent with pneumonia. No pneumothorax. Heart and mediastinum are stable given the lung volumes. Degenerative changes in the spine. 1. Left lower lobe pneumonia and minimal scarring or subsegmental atelectasis in the right lung base.,17
classifier_all_positive,841,Support Devices,no acute abnormality,No Finding,3719,No Finding,0.0,poor,classifier_query_error,normal_vs_abnormal,False,True,No active disease.,"The heart is normal in size. The mediastinum is unremarkable. Left upper extremity PIC catheter tip overlies the distal aspect of the left clavicle within the subclavian vein. There is no pneumothorax. The lungs are mildly hyperinflated but clear. Deformity of the lateral left 6th rib, old injury. No acute disease. Left upper extremity PIC catheter tip within left subclavian vein. Findings communicated primordial.",38
classifier_all_positive,844,No Finding,no acute abnormality,No Finding,3719,No Finding,1.0,good,none,,False,False,No active disease.,No pleural effusion no pneumothorax. Normal cardiac contour. No focal consolidation. Lungs clear bilaterally. 1. No acute cardiopulmonary abnormalities.,33
classifier_all_positive,847,Cardiomegaly,lung opacity atelectasis fracture,Lung Opacity;Atelectasis;Fracture,3721,Lung Opacity;Atelectasis,0.0,poor,classifier_query_error,missing_and_extra,False,True,Streaky opacity is noted within the left lung base which may represent focal area of atelectasis. Right lung is grossly clear. Cardiac silhouette and mediastinal contours are within normal limits. There is no pneumothorax. No large pleural effusion. Left lower lobe atelectasis otherwise no acute cardiopulmonary disease.,"The trachea is midline. The heart is slightly large. There are low lung volumes causing bronchovascular crowding. Otherwise the lungs appear clear, without evidence of acute infiltrate or effusion. There is no pneumothorax. Visualized bony structures reveal no acute abnormalities. No acute cardiopulmonary abnormalities.",39
classifier_all_positive,867,Support Devices,fracture,Fracture,2588,,0.0,poor,classifier_query_error,missing_and_extra,False,True,"No focal consolidation, pneumothorax or definite pleural effusion. Nodular density projected over the left base with no lateral view correlate secondary to soft tissue overlay. Heart size and pulmonary vascularity within normal limits, no mediastinal widening characteristic in appearance of vascular injury. No acute osseous injury demonstrated. No acute findings. Please note that fractures may not be demonstrated and consider additional imaging as clinically indicated.","Heart size near top normal, bilateral hilar fullness nonspecific in appearance, mild aortic ectasia/tortuosity. Diaphragm flattening and relative apical lucencies suggestive of emphysema, and irregular interstitial markings, right greater than left. Prominent left epicardial fat, no focal alveolar consolidation, no definite pleural effusion seen. Atrial septal occluder artifact. Mild spine curvature. Borderline heart size and abnormal interstitial pulmonary pattern which may be compatible with chronic interstitial change, differential diagnosis is and includes asymmetric pulmonary edema, inflammation, atypical infection, infiltrative process. Comparison with previous exams would be of. Bilateral hilar fullness may indicate pulmonary hypertension and clinical correlation is recommended, differential diagnosis reactive lymphadenopathy, metastatic disease.",40
classifier_all_positive,868,Lung Opacity;Support Devices,lung lesion,Lung Lesion,1220,,0.0,poor,classifier_query_error,missing_and_extra,False,True,"There is hyperexpansion, hyperlucency of both lungs, as well as flattening of the diaphragm consistent with chronic emphysematous lung disease. No focal consolidation, pneumothorax, or large pleural effusion identified (blunting of costophrenic recesses bilaterally may represent small effusions or pleural thickening/scar. Stable calcified mediastinal and hilar lymph and a left basilar calcified granuloma. Acute osseous abnormality. The mediastinal silhouette stable. Changes of chronic emphysematous lung disease without acute cardiopulmonary abnormality identified.",Heart size normal. Over expanded lungs. Aortic valve prosthesis. Calcified right hilar lymph node. Stable peripheral right lower lobe opacities seen between the anterior 7th and 8th right ribs which may represent pleural reaction or small pulmonary nodules. The patient has right middle lobe atelectasis and scarring in this region on old CT scans. From.,41
classifier_all_positive,882,No Finding,no acute abnormality,No Finding,3719,No Finding,1.0,good,none,,False,False,No active disease.,Heart size is normal and lungs are clear.,34
classifier_all_positive,906,Cardiomegaly,no acute abnormality,No Finding,3719,No Finding,0.0,poor,classifier_query_error,normal_vs_abnormal,False,False,No active disease.,"Heart size mildly enlarged, stable mediastinal and hilar contours. No focal alveolar consolidation, no definite pleural effusion seen. No typical findings of pulmonary edema. No pneumothorax. Mild cardiomegaly, no acute pulmonary findings",42
classifier_all_positive,912,No Finding,no acute abnormality,No Finding,3719,No Finding,1.0,good,none,,False,False,No active disease.,No focal consolidation. No visualized pneumothorax. No large pleural effusions. Heart size is normal. The cardiomediastinal silhouette is grossly unremarkable. 1. No acute cardiopulmonary findings.,35
classifier_all_positive,929,Lung Opacity;Atelectasis,lung lesion fracture,Lung Lesion;Fracture,2588,,0.0,poor,classifier_query_error,missing_and_extra,False,True,"No focal consolidation, pneumothorax or definite pleural effusion. Nodular density projected over the left base with no lateral view correlate secondary to soft tissue overlay. Heart size and pulmonary vascularity within normal limits, no mediastinal widening characteristic in appearance of vascular injury. No acute osseous injury demonstrated. No acute findings. Please note that fractures may not be demonstrated and consider additional imaging as clinically indicated.",No change lung. opacities are present in the right lower lobe. No focal infiltrates. Heart and mediastinum are unremarkable. Aorta normal. Findings of COPD with right lung base focal atelectasis. No evidence for failure or pneumonia.,43
classifier_all_positive,937,No Finding,no acute abnormality,No Finding,3719,No Finding,1.0,good,none,,False,False,No active disease.,Normal cardiac size. Normal pulmonary vasculature. No airspace disease. Negative for pneumothorax. Negative for acute osseous deformity. The thoracic spine has a normal appearance. Unremarkable 2 views of the chest.,36
classifier_all_positive,940,No Finding,no acute abnormality,No Finding,3719,No Finding,1.0,good,none,,False,False,No active disease.,The lungs and pleural spaces show no acute abnormality. Heart size and pulmonary vascularity within normal limits. No displaced rib fractures visualized.. 1. No acute pulmonary abnormality.,37
classifier_all_positive,941,No Finding,fracture,Fracture,2588,,0.0,poor,classifier_query_error,normal_vs_abnormal,False,False,"No focal consolidation, pneumothorax or definite pleural effusion. Nodular density projected over the left base with no lateral view correlate secondary to soft tissue overlay. Heart size and pulmonary vascularity within normal limits, no mediastinal widening characteristic in appearance of vascular injury. No acute osseous injury demonstrated. No acute findings. Please note that fractures may not be demonstrated and consider additional imaging as clinically indicated.","Surgical at the distal left clavicle. No acute osseous abnormality. Soft tissue structures are within normal limits. Stable normal cardio mediastinal silhouettes and hilar structures. The lungs are normally inflated without evidence of focal airspace disease, pleural effusion, or pneumothorax.. 1. No acute radiographic cardiopulmonary process.",44
classifier_all_positive,955,Support Devices,lung opacity consolidation pneumonia,Lung Opacity;Consolidation;Pneumonia,742,Lung Opacity,0.0,poor,classifier_query_error,missing_and_extra,False,True,"focal opacity in the medial right lung base seen on the frontal view. No definite pleural effusion. Stable cardiomediastinal silhouette with normal heart size, no typical findings of pulmonary edema. Abnormal opacity in the right lung base which may be compatible with pneumonia in the appropriate clinical setting. Recommend clinical correlation for infection and followup to resolution. Or, if clinical findings are not compatible with may be of.",Stable position of right central venous catheter. Interval removal of nasogastric tube. Heart size is normal. Persistent prominent interstitial markings of the right upper lobe. There are no focal air space consolidations. No pleural effusions or pneumothoraces. The hilar and mediastinal contours are unchanged. Normal pulmonary vascularity. No acute abnormality. Stable chest.,45
classifier_all_positive,959,Lung Opacity,lung opacity,Lung Opacity,1972,Lung Opacity,1.0,good,none,,False,False,There is a airspace opacity in the left upper lung. Heart size within normal limits. Mild calcification of the aortic. No pneumothorax or pleural effusions. airspace opacity in the left upper lung which may represent streaky atelectasis or resolving pneumonia.,The heart and mediastinal contours are stable. There is minimal patchy right lower lobe airspace disease identified. No pleural effusion or pneumothorax. 1. Patchy right lower lobe airspace disease may be due to atelectasis or infiltrate.,38
classifier_all_positive,961,Lung Opacity,no acute abnormality,No Finding,3719,No Finding,0.0,poor,classifier_query_error,normal_vs_abnormal,False,True,No active disease.,"There is a opacity projecting over the left midlung, posterior on the lateral view. No pleural effusions. No evidence of pneumothorax. Heart size top normal. Degenerative changes thoracic spine. opacity projecting over the left midlung. Comparison examinations would be useful. If no comparison examinations exist, would be helpful for further evaluation..",46
classifier_all_positive,962,No Finding,no acute abnormality,No Finding,3719,No Finding,1.0,good,none,,False,False,No active disease.,The lungs are clear. There is no pleural effusion or pneumothorax. The heart and mediastinum are normal. The skeletal structures are normal. No acute pulmonary disease.,39
classifier_all_positive,972,Lung Opacity;Atelectasis,enlarged cardiomediastinum lung lesion,Enlarged Cardiomediastinum;Lung Lesion,1233,Cardiomegaly;Atelectasis,0.3333333333333333,partial,classifier_query_error,missing_and_extra,False,True,"Enlarged cardiomediastinal silhouette. Low lung volumes. Relative elevation of right hemidiaphragm. left base density. No focal consolidation, pneumothorax or large pleural effusion. Negative for acute bone abnormality. Cardiomegaly without heart failure. Minimal left basilar scarring/atelectasis.",Anticipated senescent changes with grossly clear lungs. No effusions or CHF identified. A few scant reticular opacities in right lung base hypoventilation and foci of subsegmental atelectasis. No acute abnormalities since the previous chest radiograph.,18
classifier_all_positive,980,No Finding,no acute abnormality,No Finding,3719,No Finding,1.0,good,none,,False,False,No active disease.,"Heart size and mediastinal contours appear within normal limits. Pulmonary vascularity is within normal limits. No focal consolidation, suspicious pulmonary opacity, pneumothorax or definite pleural effusion. Visualized osseous structures appear intact. No acute cardiopulmonary abnormality.",40
classifier_all_positive,981,Cardiomegaly,enlarged cardiomediastinum cardiomegaly,Enlarged Cardiomediastinum;Cardiomegaly,1233,Cardiomegaly;Atelectasis,0.5,partial,classifier_query_error,extra_only,False,False,"Enlarged cardiomediastinal silhouette. Low lung volumes. Relative elevation of right hemidiaphragm. left base density. No focal consolidation, pneumothorax or large pleural effusion. Negative for acute bone abnormality. Cardiomegaly without heart failure. Minimal left basilar scarring/atelectasis.",Slight cardiomegaly. Lungs are clear no effusions or edema,19
classifier_all_positive,984,Lung Opacity;Atelectasis,no acute abnormality,No Finding,3719,No Finding,0.0,poor,classifier_query_error,normal_vs_abnormal,False,True,No active disease.,"The cardiomediastinal silhouette is within normal limits for appearance. There are low lung volumes with bronchovascular crowding and scattered opacities in the bilateral lung bases. No focal areas of pulmonary consolidation. No pneumothorax. No large pleural effusion. No acute, displaced rib fractures identified. 1. Pulmonary hypoinflation with bronchovascular crowding and minimal bibasilar subsegmental atelectasis.",47
classifier_all_positive,1049,No Finding,support device,Support Devices,3929,Cardiomegaly;Support Devices,0.0,poor,classifier_query_error,normal_vs_abnormal,False,False,"A cardiac pacemaker/defibrillator device is redemonstration of the left chest wall with a single projecting over the right atrium and 2 leads projecting over the right ventricle. The cardiac silhouette is mildly enlarged, unchanged. No focal pulmonary consolidation. No pneumothorax. No pleural effusion. Minimal degenerative changes of the thoracic spine..","Comparison,. Well-expanded and clear lungs. Mediastinal contour within normal limits. No acute cardiopulmonary abnormality identified.",48
classifier_all_positive,1055,No Finding,no acute abnormality,No Finding,3719,No Finding,1.0,good,none,,False,False,No active disease.,"The heart is normal in size and contour. The lungs are clear, without evidence of infiltrate. There is no pneumothorax or effusion. No acute cardiopulmonary disease.",41
classifier_all_positive,1064,Lung Opacity;Atelectasis,lung opacity consolidation atelectasis pleural effusion fracture,Lung Opacity;Consolidation;Atelectasis;Pleural Effusion;Fracture,702,Lung Opacity;Atelectasis;Pleural Effusion,0.6666666666666666,partial,classifier_query_error,extra_only,False,True,"The left lung is grossly clear. The right lung demonstrates a large right pleural effusion with associated atelectatic collapse of the right middle lobe and partial collapse of the right lower lobe. opacities are seen within the aerated right lung, subsegmental atelectasis. No focal consolidation or pneumothorax identified. No acute osseous abnormality. Cardio mediastinal silhouette is stable compared to prior examinations. Large right pleural effusion with associated passive atelectasis of the right middle and lower lobes. Grossly clear left lung.",There is stable elevation of the right hemidiaphragm with questionable increased right basilar airspace opacities. The left lung is clear. Heart size normal. unremarkable. Stable elevated right hemidiaphragm with questionable subtle increased right basilar airspace disease/atelectasis. Correlate clinically.,20
classifier_all_positive,1079,Atelectasis,atelectasis,Atelectasis,3140,Lung Opacity;Atelectasis,0.5,partial,retrieval_mismatch_despite_correct_query,,False,True,"Streaky opacities in the right lower lobe most suggestive of atelectasis, differential diagnosis includes atypical infection. No definite pleural effusion seen. Heart size within normal limits, no typical findings of pulmonary edema.",There are low lung volumes. The heart size and upper mediastinum have a normal appearance. There is no pulmonary vascular congestion. There is minimal right basilar atelectasis. There is no large effusion or pneumothorax. The osseous structures appear intact. Low lung volume exam demonstrates small amount of right basilar atelectasis. There is no acute consolidation or pneumothorax.,21
classifier_all_positive,1085,Lung Opacity;Atelectasis,no acute abnormality,No Finding,3719,No Finding,0.0,poor,classifier_query_error,normal_vs_abnormal,False,True,No active disease.,"The lungs demonstrate low lung volumes but are clear bilaterally. Specifically, no evidence of focal consolidation, pneumothorax, or pleural effusion.. Mild streaky opacities in the left upper lobe on frontal projection are atelectatic or scar. Cardio mediastinal silhouette is unremarkable. Visualized osseous structures of the thorax are without acute abnormality. Low lung volumes without acute cardiopulmonary abnormality.",49
classifier_all_positive,1125,Cardiomegaly;Lung Opacity,lung opacity,Lung Opacity,1972,Lung Opacity,0.5,partial,classifier_query_error,missing_only,True,True,There is a airspace opacity in the left upper lung. Heart size within normal limits. Mild calcification of the aortic. No pneumothorax or pleural effusions. airspace opacity in the left upper lung which may represent streaky atelectasis or resolving pneumonia.,"Borderline enlarged heart. Stable mediastinal contours. Aortic calcifications. Hyperinflated lungs with chronic appearing interstitial markings, compatible with emphysema. Bilateral streaky opacities. Increased vascularity compatible with pulmonary vascular congestion. No focal airspace disease. No acute bony abnormality. 1. Pulmonary vascular congestion. 2. Emphysema. 3. Bibasilar streaky airspace opacities.",22
classifier_all_positive,1159,No Finding,support device,Support Devices,3929,Cardiomegaly;Support Devices,0.0,poor,classifier_query_error,normal_vs_abnormal,False,False,"A cardiac pacemaker/defibrillator device is redemonstration of the left chest wall with a single projecting over the right atrium and 2 leads projecting over the right ventricle. The cardiac silhouette is mildly enlarged, unchanged. No focal pulmonary consolidation. No pneumothorax. No pleural effusion. Minimal degenerative changes of the thoracic spine..",Lungs are clear. There is no pneumothorax or pleural effusion. The heart and mediastinum are within normal limits. Bony structures are intact. No acute cardiopulmonary process.,50
classifier_all_positive,1162,No Finding,no acute abnormality,No Finding,3719,No Finding,1.0,good,none,,False,False,No active disease.,No comparison chest x-. Well-expanded and clear lungs. Mediastinal contour within normal limits. No acute cardiopulmonary abnormality identified.,42
classifier_all_positive,1191,No Finding,no acute abnormality,No Finding,3719,No Finding,1.0,good,none,,False,False,No active disease.,"Heart size and pulmonary vascular engorgement appear within limits of normal. Mediastinal contour is unremarkable. No focal consolidation, pleural effusion, or pneumothorax identified. No acute bony changes. No acute cardiopulmonary abnormality identified.",43
classifier_all_positive,1206,No Finding,fracture,Fracture,2588,,0.0,poor,classifier_query_error,normal_vs_abnormal,False,False,"No focal consolidation, pneumothorax or definite pleural effusion. Nodular density projected over the left base with no lateral view correlate secondary to soft tissue overlay. Heart size and pulmonary vascularity within normal limits, no mediastinal widening characteristic in appearance of vascular injury. No acute osseous injury demonstrated. No acute findings. Please note that fractures may not be demonstrated and consider additional imaging as clinically indicated.","Comparison,. Well-expanded and clear lungs. Mediastinal contour within normal limits. No acute cardiopulmonary abnormality identified. Stable chest.",51
classifier_all_positive,1214,Atelectasis,lung opacity consolidation pneumonia,Lung Opacity;Consolidation;Pneumonia,742,Lung Opacity,0.0,poor,classifier_query_error,missing_and_extra,False,True,"focal opacity in the medial right lung base seen on the frontal view. No definite pleural effusion. Stable cardiomediastinal silhouette with normal heart size, no typical findings of pulmonary edema. Abnormal opacity in the right lung base which may be compatible with pneumonia in the appropriate clinical setting. Recommend clinical correlation for infection and followup to resolution. Or, if clinical findings are not compatible with may be of.",The heart is normal in size and contour. There is a focal area of scarring or atelectasis identified in the lingula. The lungs are otherwise clear without focal infiltrate. There is no pneumothorax or effusion. Focal area of scarring or atelectasis within the lingula. No acute pulmonary process.,52
classifier_all_positive,1226,Consolidation;Pneumonia,no acute abnormality,No Finding,3719,No Finding,0.0,poor,classifier_query_error,normal_vs_abnormal,False,False,No active disease.,The heart size is within normal limits. Trachea is midline. No pleural effusions or pneumothorax. Cardiomediastinal contours are normal. There is focal consolidation in the posterior segment of the right lower lobe. No bony or soft tissue abnormalities. Right lower lobe pneumonia.,53
classifier_all_positive,1234,Cardiomegaly;Atelectasis;Support Devices,cardiomegaly,Cardiomegaly,2040,Cardiomegaly,0.3333333333333333,partial,classifier_query_error,missing_only,False,True,Cardiomegaly. No effusions or edema. Clear chest,2 images. The cardiac silhouette is enlarged. Thoracic aortic atherosclerotic calcifications are present. There are finding status post sternotomy and CABG. atelectasis or scar is noted within the left midlung. There is blunting of the left costophrenic. No pneumothorax. 1. Cardiomegaly. 2. Minimal left midlung atelectasis. 3. Blunting of left costophrenic. This could indicate a small amount of pleural fluid versus pleural-parenchymal scarring.,23
classifier_all_positive,1239,No Finding,no acute abnormality,No Finding,3719,No Finding,1.0,good,none,,False,False,No active disease.,Heart size normal and lungs are clear. No edema or pneumonia. No effusion,44
classifier_all_positive,1260,No Finding,no acute abnormality,No Finding,3719,No Finding,1.0,good,none,,False,False,No active disease.,The heart size and cardiomediastinal silhouette are within normal limits. Pulmonary vasculature appears normal. There is no focal air space consolidation. No pleural effusion or pneumothorax.,45
classifier_all_positive,1263,No Finding,no acute abnormality,No Finding,3719,No Finding,1.0,good,none,,False,False,No active disease.,Cardiac and mediastinal contours are within normal limits. The lungs are clear. Bony structures are intact. No acute findings.,46
classifier_all_positive,1277,Atelectasis,fracture,Fracture,2588,,0.0,poor,classifier_query_error,missing_and_extra,False,False,"No focal consolidation, pneumothorax or definite pleural effusion. Nodular density projected over the left base with no lateral view correlate secondary to soft tissue overlay. Heart size and pulmonary vascularity within normal limits, no mediastinal widening characteristic in appearance of vascular injury. No acute osseous injury demonstrated. No acute findings. Please note that fractures may not be demonstrated and consider additional imaging as clinically indicated.","PA and lateral views the chest were obtained. The cardiomediastinal silhouette is normal in size and configuration. The lungs are well aerated. No pneumothorax, pleural effusion, or lobar air space consolidation. right middle lobe collapse appears less distinct than on prior study. No acute cardiopulmonary disease.",54
classifier_all_positive,1285,Lung Lesion,pleural effusion,Pleural Effusion,3365,No Finding,0.0,poor,classifier_query_error,missing_and_extra,False,True,No large pleural effusions. No pneumothorax. No focal airspace opacities. Heart size is normal. No acute cardiopulmonary abnormalities.,"PA and lateral views of the chest were obtained. The cardiomediastinal silhouette is normal in size and configuration. Mild nodular prominence of the right hilum, without significant change. Lung volumes are decreased, with crowding. There is no pneumothorax, pleural effusion, or focal air space consolidation. 1. Low lung volumes with mild crowding.",55
classifier_all_positive,1288,Lung Opacity,atelectasis,Atelectasis,3140,Lung Opacity;Atelectasis,0.5,partial,classifier_query_error,missing_and_extra,False,True,"Streaky opacities in the right lower lobe most suggestive of atelectasis, differential diagnosis includes atypical infection. No definite pleural effusion seen. Heart size within normal limits, no typical findings of pulmonary edema.","PA and lateral views the chest were obtained. The cardiomediastinal silhouette is normal in size and configuration. Prominent bilateral pericardial fat pads. The lungs are well aerated. There is minimal patchy and air space opacity within the lingula favored as atelectasis. Minimal patchy airspace disease within the lingula, may reflect atelectasis or infiltrate.",24
classifier_all_positive,1294,No Finding,no acute abnormality,No Finding,3719,No Finding,1.0,good,none,,False,False,No active disease.,Lungs are clear. There is no pleural effusion or pneumothorax. The heart and mediastinum are normal. The skeletal structures and soft tissues are normal. No active disease.,47
classifier_all_positive,1314,No Finding,no acute abnormality,No Finding,3719,No Finding,1.0,good,none,,False,False,No active disease.,There are no focal areas of consolidation. No suspicious pulmonary opacities. Heart size within normal limits. No pleural effusions. There is no evidence of pneumothorax. Osseous structures intact. No acute cardiopulmonary abnormality.,48
classifier_all_positive,1334,No Finding,fracture,Fracture,2588,,0.0,poor,classifier_query_error,normal_vs_abnormal,False,False,"No focal consolidation, pneumothorax or definite pleural effusion. Nodular density projected over the left base with no lateral view correlate secondary to soft tissue overlay. Heart size and pulmonary vascularity within normal limits, no mediastinal widening characteristic in appearance of vascular injury. No acute osseous injury demonstrated. No acute findings. Please note that fractures may not be demonstrated and consider additional imaging as clinically indicated.",Mediastinal contours are normal. Lungs are clear. There is no pneumothorax or large pleural effusion. No acute cardiopulmonary abnormality.,56
classifier_all_positive,1361,Cardiomegaly;Lung Opacity,no acute abnormality,No Finding,3719,No Finding,0.0,poor,classifier_query_error,normal_vs_abnormal,False,True,No active disease.,"Mild cardiomegaly. Tortuous aorta. No consolidation, pleural effusion or pneumothorax. Stable right paratracheal opacity. correlated of the chest, this represents vascular shadows. Mild right apex curvature of the lower thoracic spine. Degenerative endplate spurring mid and lower thoracic spine with minimal grade 1 anterolisthesis of a lower thoracic vertebral level, T10 on T11.",57
classifier_all_positive,1365,Fracture,no acute abnormality,No Finding,3719,No Finding,0.0,poor,classifier_query_error,normal_vs_abnormal,True,False,No active disease.,"Heart size within normal limits, stable mediastinal and hilar contours. No alveolar consolidation, no findings of pleural effusion or pulmonary edema. No pneumothorax. Small rounded bilateral axillary densities not seen on the previous exam most suggestive of artifacts, healed right lateral 10th rib fracture noted.. No acute cardiopulmonary findings",58
classifier_all_positive,1380,No Finding,no acute abnormality,No Finding,3719,No Finding,1.0,good,none,,False,False,No active disease.,Lungs are clear bilaterally. Cardiac and mediastinal silhouettes are normal. Pulmonary vasculature is normal. No pneumothorax or pleural effusion. No acute bony abnormality. No acute cardiopulmonary abnormality.,49
classifier_all_positive,1394,Lung Lesion,pneumonia,Pneumonia,1618,No Finding,0.0,poor,classifier_query_error,missing_and_extra,False,False,Heart size is normal and lungs are clear. No pneumonia.,Vague 1.5 cm nodule left mid chest periphery overlying the posterior lateral left 7th rib. Further evaluation will require a chest CT. Remainder of the lungs are clear. There is no effusion or adenopathy. Heart size is normal.,59
classifier_all_positive,1397,No Finding,no acute abnormality,No Finding,3719,No Finding,1.0,good,none,,False,False,No active disease.,"Heart size near top normal limits, stable mediastinal contours. No focal alveolar consolidation, no definite pleural effusion seen. No typical findings of pulmonary edema.",50
classifier_all_positive,1422,Lung Opacity;Consolidation;Pneumonia,lung opacity lung lesion consolidation pneumonia,Lung Opacity;Lung Lesion;Consolidation;Pneumonia,742,Lung Opacity,0.3333333333333333,partial,classifier_query_error,extra_only,False,False,"focal opacity in the medial right lung base seen on the frontal view. No definite pleural effusion. Stable cardiomediastinal silhouette with normal heart size, no typical findings of pulmonary edema. Abnormal opacity in the right lung base which may be compatible with pneumonia in the appropriate clinical setting. Recommend clinical correlation for infection and followup to resolution. Or, if clinical findings are not compatible with may be of.","The heart is normal in size. The pulmonary vascularity is within normal limits in appearance. No pneumothorax or pleural effusion. A wedge-shaped opacity has developed in the right upper lobe. There is also patchy opacification identified in the left upper lobe. No acute bony abnormality. Interval development of bilateral upper lobe consolidation, right greater than left, representing pneumonia.. Followup imaging to document resolution is recommended.",25
classifier_all_positive,1431,No Finding,no acute abnormality,No Finding,3719,No Finding,1.0,good,none,,False,False,No active disease.,"The cardiomediastinal silhouette and pulmonary vasculature are within normal limits in size. The lungs are clear of focal airspace disease, pneumothorax, or pleural effusion. There are no acute bony findings. No acute cardiopulmonary findings.",51
classifier_all_positive,1435,No Finding,no acute abnormality,No Finding,3719,No Finding,1.0,good,none,,False,False,No active disease.,The heart and mediastinum are unremarkable. The lungs are clear without infiltrate. There is no effusion or pneumothorax. 1. No acute cardiopulmonary disease.,52
classifier_all_positive,1451,Atelectasis,lung opacity fracture,Lung Opacity;Fracture,3344,Lung Opacity,0.0,poor,classifier_query_error,missing_and_extra,False,True,Ill-defined opacity projecting over midthoracic spine on lateral view corresponding with residual mass/nodularity seen scan from. Well-expanded lungs with no acute airspace disease. Mediastinal contour within normal limits. No acute cardiopulmonary abnormality identified.,Left lower lobe calcified granuloma. Heart size normal. No pleural effusion or pneumothorax. Mild medial right atelectasis. Mild emphysema. Emphysema and mild medial right atelectasis. No acute process.,60
classifier_all_positive,1456,No Finding,fracture,Fracture,2588,,0.0,poor,classifier_query_error,normal_vs_abnormal,False,False,"No focal consolidation, pneumothorax or definite pleural effusion. Nodular density projected over the left base with no lateral view correlate secondary to soft tissue overlay. Heart size and pulmonary vascularity within normal limits, no mediastinal widening characteristic in appearance of vascular injury. No acute osseous injury demonstrated. No acute findings. Please note that fractures may not be demonstrated and consider additional imaging as clinically indicated.",No focal consolidation. No visualized pneumothorax. No large pleural effusions. The heart size and cardiomediastinal silhouette are grossly unremarkable. 1. No acute cardiopulmonary findings.,61
classifier_all_positive,1466,No Finding,no acute abnormality,No Finding,3719,No Finding,1.0,good,none,,False,False,No active disease.,"The heart is normal size. The mediastinum is unremarkable. There is no pleural effusion, pneumothorax, or focal airspace disease. The are unremarkable. No acute cardiopulmonary abnormality.",53
classifier_all_positive,1473,No Finding,no acute abnormality,No Finding,3719,No Finding,1.0,good,none,,False,False,No active disease.,"The cardiomediastinal silhouette is within normal limits for size and contour. The lungs are normally inflated without evidence of focal airspace disease, pleural effusion, or pneumothorax. No acute bone abnormality. No acute cardiopulmonary process.",54
classifier_all_positive,1502,No Finding,no acute abnormality,No Finding,3719,No Finding,1.0,good,none,,False,False,No active disease.,The lungs are clear. There is no pleural effusion or pneumothorax. The heart and mediastinum are normal. The skeletal structures are normal. No acute pulmonary disease.,55
classifier_all_positive,1503,No Finding,no acute abnormality,No Finding,3719,No Finding,1.0,good,none,,False,False,No active disease.,AP lateral view soft tissue neck. 1. No subglottic edema or prevertebral soft tissue. 2. Slight rotation of the patient's head limits evaluation of the epiglottis which is normal in size and caliber. PA and lateral views of the chest. 1. No acute pulmonary findings.,56
classifier_all_positive,1510,No Finding,no acute abnormality,No Finding,3719,No Finding,1.0,good,none,,False,False,No active disease.,Lungs are clear bilaterally. Cardiac and mediastinal silhouettes are normal. Pulmonary vasculature is normal. No pneumothorax or pleural effusion. No acute bony abnormality. No acute cardiopulmonary abnormality.,57
classifier_all_positive,1518,No Finding,enlarged cardiomediastinum cardiomegaly,Enlarged Cardiomediastinum;Cardiomegaly,1233,Cardiomegaly;Atelectasis,0.0,poor,classifier_query_error,normal_vs_abnormal,False,False,"Enlarged cardiomediastinal silhouette. Low lung volumes. Relative elevation of right hemidiaphragm. left base density. No focal consolidation, pneumothorax or large pleural effusion. Negative for acute bone abnormality. Cardiomegaly without heart failure. Minimal left basilar scarring/atelectasis.","No focal consolidation, pneumothorax, or pleural effusion. Cardiomediastinal silhouette is stable and unremarkable. No acute osseous abnormalities are identified. No acute cardiopulmonary abnormality..",62
classifier_all_positive,1529,Support Devices,atelectasis,Atelectasis,3140,Lung Opacity;Atelectasis,0.0,poor,classifier_query_error,missing_and_extra,True,True,"Streaky opacities in the right lower lobe most suggestive of atelectasis, differential diagnosis includes atypical infection. No definite pleural effusion seen. Heart size within normal limits, no typical findings of pulmonary edema.",The lungs are clear. There is no focal airspace consolidation. No pleural effusion or pneumothorax. Heart size is within normal limits. Right paratracheal density is stable from prior radiographs and may reflect tortuous vasculature. There is aortic atherosclerotic vascular calcification. There are mild degenerative changes of the spine. Surgical clips are noted in the region of the left breast. There is mild diaphragm eventration. No evidence of active disease.,63
classifier_all_positive,1537,No Finding,no acute abnormality,No Finding,3719,No Finding,1.0,good,none,,False,False,No active disease.,"The cardiomediastinal silhouette is within normal limits for size and contour. The lungs are normally inflated without evidence of focal airspace disease, pleural effusion, or pneumothorax. No acute bone abnormality. No acute cardiopulmonary process. No evidence of active tuberculosis.",58
classifier_all_positive,1545,No Finding,fracture,Fracture,2588,,0.0,poor,classifier_query_error,normal_vs_abnormal,False,False,"No focal consolidation, pneumothorax or definite pleural effusion. Nodular density projected over the left base with no lateral view correlate secondary to soft tissue overlay. Heart size and pulmonary vascularity within normal limits, no mediastinal widening characteristic in appearance of vascular injury. No acute osseous injury demonstrated. No acute findings. Please note that fractures may not be demonstrated and consider additional imaging as clinically indicated.",No focal areas of consolidation. No pneumothorax. Heart size within normal limits. No pleural effusions. Osseous structures intact. No acute cardiopulmonary abnormality..,64
classifier_all_positive,1556,Lung Opacity,lung opacity consolidation atelectasis pleural effusion,Lung Opacity;Consolidation;Atelectasis;Pleural Effusion,1016,Lung Opacity;Atelectasis;Pleural Effusion;Pleural Other,0.25,partial,classifier_query_error,extra_only,False,True,"Comparison,. right pleural opacity along the lower chest wall compatible with thickening and/or some loculated effusion, accompanied with some adjacent atelectasis / airspace disease within the right lung base. Round opacity seen projecting adjacent to right hilum on PA view is on lateral view to represent some discoid atelectasis or fluid associated with the upper aspect of the fissure. Some opacities compatible with scarring/chronic inflammatory change are seen within the left lower lung which are more conspicuous versus previous examination. Stable mediastinal contour.",Heart size appears upper limits of normal. Tortuous aorta. Otherwise normal mediastinum. Confluent and opacities seen within the left base. There are no visible nodules or masses. No visible pneumothorax. The are grossly normal. There is no visible free intraperitoneal air under the diaphragm. 1. Left basilar mixed interstitial and alveolar infiltrate. Interval followup to resolution is recommended.,26
classifier_all_positive,1567,Lung Opacity,no acute abnormality,No Finding,3719,No Finding,0.0,poor,classifier_query_error,normal_vs_abnormal,False,False,No active disease.,The heart is normal in size. The mediastinum is unremarkable. opacity in left midlung. The lungs are clear. No acute disease.,65
classifier_all_positive,1581,Lung Lesion,no acute abnormality,No Finding,3719,No Finding,0.0,poor,classifier_query_error,normal_vs_abnormal,False,False,No active disease.,"Cardiomediastinal silhouettes are within normal limits. There are 2 right upper lobe lung nodules, the largest measuring approximately 12 mm. Lungs are without focal consolidation, pneumothorax, or pleural effusion. Bony thorax is unremarkable. Right upper lobe lung nodules. Recommend.",66
classifier_all_positive,1582,No Finding,no acute abnormality,No Finding,3719,No Finding,1.0,good,none,,False,False,No active disease.,Both lungs are clear and expanded. Heart and mediastinum normal. No active disease.,59
classifier_all_positive,1595,Cardiomegaly;Lung Opacity,enlarged cardiomediastinum cardiomegaly lung opacity pulmonary edema,Enlarged Cardiomediastinum;Cardiomegaly;Lung Opacity;Edema,2263,Cardiomegaly;Lung Opacity;Atelectasis,0.6666666666666666,partial,classifier_query_error,extra_only,False,True,"Heart size moderately enlarged, stable mediastinal contours. opacity in the left lung base. Otherwise, no focal alveolar consolidation, no definite pleural effusion seen. No typical findings of pulmonary edema. 1. Cardiomegaly 2. opacity in the left base atelectasis",The heart is large. Lung volumes are. opacity persists in the right midlung. No focal infiltrates. Persistent cardiomegaly. Right midlung scar. No visible acute failure or pneumonia.,27
classifier_all_positive,1616,No Finding,no acute abnormality,No Finding,3719,No Finding,1.0,good,none,,False,False,No active disease.,"Chest. Lungs are clear bilaterally. Cardiac and mediastinal silhouettes are normal. Pulmonary vasculature is normal. No pneumothorax or pleural effusion. No acute bony abnormality. Ribs. There are no displaced rib fractures, or obvious nondisplaced rib fractures. Soft tissues appear normal. Chest. No acute cardiopulmonary abnormality. Ribs. No displaced rib fractures, or obvious nondisplaced rib fractures.",60
classifier_all_positive,1622,No Finding,no acute abnormality,No Finding,3719,No Finding,1.0,good,none,,False,False,No active disease.,"The cardiomediastinal silhouette is within normal limits for size and contour. The lungs are normally inflated without evidence of focal airspace disease, pleural effusion, or pneumothorax. No acute osseus abnormality.. No acute cardiopulmonary process.",61
classifier_all_positive,1623,No Finding,no acute abnormality,No Finding,3719,No Finding,1.0,good,none,,False,False,No active disease.,"Normal cardiomediastinal contours. No pneumothorax, pleural effusions or focal lung consolidation. No acute cardiopulmonary abnormality.",62
classifier_all_positive,1631,Lung Opacity;Lung Lesion,no acute abnormality,No Finding,3719,No Finding,0.0,poor,classifier_query_error,normal_vs_abnormal,False,True,No active disease.,"There are a few small nodular opacities in the left lung, seen on the frontal view overlying the left 6th posterior rib. Lungs otherwise appear clear. No focal airspace consolidation. No overt pulmonary edema. No pleural effusion or pneumothorax. Heart size and mediastinal contour are within normal limits. Calcified mediastinal and hilar lymph are consistent with prior granulomatous disease. There are mild degenerative changes of the spine. Few small nodular opacities in the left upper lung. These small nodules are relatively dense, suggestive of chronic granulomatous disease. Comparison with an chest radiograph would be helpful to establish stability.",67
classifier_all_positive,1647,No Finding,fracture,Fracture,2588,,0.0,poor,classifier_query_error,normal_vs_abnormal,False,False,"No focal consolidation, pneumothorax or definite pleural effusion. Nodular density projected over the left base with no lateral view correlate secondary to soft tissue overlay. Heart size and pulmonary vascularity within normal limits, no mediastinal widening characteristic in appearance of vascular injury. No acute osseous injury demonstrated. No acute findings. Please note that fractures may not be demonstrated and consider additional imaging as clinically indicated.","The lungs are clear bilaterally. Specifically, no evidence of focal consolidation, pneumothorax, or pleural effusion.. Cardio mediastinal silhouette is unremarkable. Visualized osseous structures of the thorax are without acute abnormality. No acute cardiopulmonary abnormality..",68
classifier_all_positive,1655,No Finding,no acute abnormality,No Finding,3719,No Finding,1.0,good,none,,False,False,No active disease.,"PA and lateral views of the chest were obtained. The cardiomediastinal silhouette is normal in size and configuration. The lungs are well aerated. There is no pneumothorax, pleural effusion, or focal air space consolidation. Degenerative spine. 1. No acute cardiopulmonary disease.",63
classifier_all_positive,1661,No Finding,fracture,Fracture,2588,,0.0,poor,classifier_query_error,normal_vs_abnormal,False,False,"No focal consolidation, pneumothorax or definite pleural effusion. Nodular density projected over the left base with no lateral view correlate secondary to soft tissue overlay. Heart size and pulmonary vascularity within normal limits, no mediastinal widening characteristic in appearance of vascular injury. No acute osseous injury demonstrated. No acute findings. Please note that fractures may not be demonstrated and consider additional imaging as clinically indicated.",1. Chest. No active disease. 2. Right shoulder. Healing scapular fracture.,69
classifier_all_positive,1672,No Finding,no acute abnormality,No Finding,3719,No Finding,1.0,good,none,,False,False,No active disease.,"Clear lungs. No airspace disease or other parenchymal infiltrates. No of pleural effusions. No pulmonary edema. Normal heart size, mediastinal contours and normal pulmonary vasculature. No of active cardiopulmonary disease. Unchanged.",64
classifier_all_positive,1707,No Finding,no acute abnormality,No Finding,3719,No Finding,1.0,good,none,,False,False,No active disease.,"Frontal and lateral views of the chest show normal size of the cardiac silhouette. Normal mediastinal contour, pulmonary and vasculature, central airways and lung volumes. No pleural effusion. No acute or active cardiac, pulmonary or pleural disease.",65
classifier_all_positive,1735,Support Devices,pleural effusion fracture,Pleural Effusion;Fracture,2588,,0.0,poor,classifier_query_error,missing_and_extra,False,True,"No focal consolidation, pneumothorax or definite pleural effusion. Nodular density projected over the left base with no lateral view correlate secondary to soft tissue overlay. Heart size and pulmonary vascularity within normal limits, no mediastinal widening characteristic in appearance of vascular injury. No acute osseous injury demonstrated. No acute findings. Please note that fractures may not be demonstrated and consider additional imaging as clinically indicated.",The trachea is midline. The cardiomediastinal silhouette is normal in size and unchanged from prior examinations with sternotomy and surgical clips overlying. There is blunting of the right costophrenic which appears unchanged from prior examination and may be secondary to scarring or pleural thickening of the right lung base. There is no evidence of acute infiltrate. There is no pneumothorax. Visualized bony structures reveal no acute abnormalities. 1. Hyperexpanded lung. 2. No acute cardiopulmonary abnormalities.,70
classifier_all_positive,1748,No Finding,no acute abnormality,No Finding,3719,No Finding,1.0,good,none,,False,False,No active disease.,The heart size is normal. Lungs are clear. There is no pleural line to suggest pneumothorax or costophrenic blunting to suggest large pleural effusion. Bony structures are within normal limits. No acute cardiopulmonary findings.,66
classifier_all_positive,1751,No Finding,no acute abnormality,No Finding,3719,No Finding,1.0,good,none,,False,False,No active disease.,"Heart size normal. Lungs are clear. are normal. No pneumonia, effusions, edema, pneumothorax, adenopathy, nodules or masses. Normal chest.",67
classifier_all_positive,1753,Cardiomegaly,cardiomegaly lung opacity pulmonary edema,Cardiomegaly;Lung Opacity;Edema,2263,Cardiomegaly;Lung Opacity;Atelectasis,0.3333333333333333,partial,classifier_query_error,extra_only,False,True,"Heart size moderately enlarged, stable mediastinal contours. opacity in the left lung base. Otherwise, no focal alveolar consolidation, no definite pleural effusion seen. No typical findings of pulmonary edema. 1. Cardiomegaly 2. opacity in the left base atelectasis",The heart size is persistently enlarged. Lung volumes are low. Lungs are clear. There is no pleural line to suggest pneumothorax or costophrenic blunting to suggest large pleural effusion. Bony structures are within normal limits. No acute cardiopulmonary findings.,28
classifier_all_positive,1819,Cardiomegaly;Lung Opacity;Atelectasis,enlarged cardiomediastinum cardiomegaly lung opacity pulmonary edema atelectasis,Enlarged Cardiomediastinum;Cardiomegaly;Lung Opacity;Edema;Atelectasis,2263,Cardiomegaly;Lung Opacity;Atelectasis,1.0,good,none,extra_only,True,False,"Heart size moderately enlarged, stable mediastinal contours. opacity in the left lung base. Otherwise, no focal alveolar consolidation, no definite pleural effusion seen. No typical findings of pulmonary edema. 1. Cardiomegaly 2. opacity in the left base atelectasis",Stable cardiac enlargement. Vascular congestion is redemonstrated. Patchy atelectasis and airspace disease is present in the left base. Right base is clear. No large effusion or pneumothorax.,68
classifier_all_positive,1826,No Finding,no acute abnormality,No Finding,3719,No Finding,1.0,good,none,,False,False,No active disease.,"The central airway is midline and is. The cardiomediastinal silhouette is within normal limits. There is no focal lung consolidation, pleural effusion, or pneumothorax seen. The osseous structures appear within normal limits. 1. No acute cardiopulmonary abnormalities. 2. Normal chest radiograph.",69
classifier_all_positive,1832,Cardiomegaly;Lung Opacity;Atelectasis,cardiomegaly lung opacity pulmonary edema pleural effusion,Cardiomegaly;Lung Opacity;Edema;Pleural Effusion,2263,Cardiomegaly;Lung Opacity;Atelectasis,1.0,good,none,missing_and_extra,False,False,"Heart size moderately enlarged, stable mediastinal contours. opacity in the left lung base. Otherwise, no focal alveolar consolidation, no definite pleural effusion seen. No typical findings of pulmonary edema. 1. Cardiomegaly 2. opacity in the left base atelectasis","Interval removal of cardiac generator. Cardiomegaly. Left base streaky opacities again noted. No large focal areas of consolidation. No pleural effusions. Osseous structures intact. No pneumothorax. 1. Streaky left basilar opacities, atelectasis versus infiltrate. 2. Cardiomegaly, stable.",70
classifier_all_positive,1833,Atelectasis,no acute abnormality,No Finding,3719,No Finding,0.0,poor,classifier_query_error,normal_vs_abnormal,False,True,No active disease.,There is a small area of scarring or atelectasis in the left base. Calcified granulomas seen in the posterior right lower lobe. Lungs are otherwise clear. The heart and mediastinum are normal. The skeletal structures and soft tissues are normal. Minimal small area scarring of the left base.,71
classifier_all_positive,1837,No Finding,no acute abnormality,No Finding,3719,No Finding,1.0,good,none,,False,False,No active disease.,"The heart is normal in size and contour. The lungs are clear, without evidence of infiltrate. There is no pneumothorax or effusion. No acute cardiopulmonary disease.",71
classifier_all_positive,1882,No Finding,no acute abnormality,No Finding,3719,No Finding,1.0,good,none,,False,False,No active disease.,Clear lungs bilaterally. Normal cardiac contours. No pneumothorax or pleural effusion. 1. No acute cardiopulmonary abnormality.,72
classifier_all_positive,1907,No Finding,cardiomegaly,Cardiomegaly,2040,Cardiomegaly,0.0,poor,classifier_query_error,normal_vs_abnormal,False,False,Cardiomegaly. No effusions or edema. Clear chest,No comparisons. Heart size is normal. Lungs are clear. Status post coronary artery bypass grafting.,72
classifier_all_positive,1914,Lung Opacity,no acute abnormality,No Finding,3719,No Finding,0.0,poor,classifier_query_error,normal_vs_abnormal,False,False,No active disease.,"Stable heart size. Diffuse bilateral interstitial opacities. No pneumothorax. No effusions. No acute bony abnormalities. Stable bilateral interstitial opacities, could represent scarring or infiltrate. CT may be helpful to further characterize.",73
classifier_all_positive,1918,Lung Opacity;Support Devices,enlarged cardiomediastinum,Enlarged Cardiomediastinum,1233,Cardiomegaly;Atelectasis,0.0,poor,classifier_query_error,missing_and_extra,False,True,"Enlarged cardiomediastinal silhouette. Low lung volumes. Relative elevation of right hemidiaphragm. left base density. No focal consolidation, pneumothorax or large pleural effusion. Negative for acute bone abnormality. Cardiomegaly without heart failure. Minimal left basilar scarring/atelectasis.","There is a 1.5 cm nodular opacity projecting over left hilum. The cardiac silhouette is within normal limits. There is no pulmonary edema. There is no focal consolidation. There are no of pleural effusion. There is no evidence of pneumothorax. opacities representing surgical clips, in the midline at the level of the thoracic inlet. 1. Prominence of left hilum which could be due to nodule/lymph node or superimposing blood. In the absence of prior studies for comparison, chest for further evaluation. Result notification Primordial.",74
classifier_all_positive,1937,No Finding,no acute abnormality,No Finding,3719,No Finding,1.0,good,none,,False,False,No active disease.,Heart size and pulmonary vascularity appear within normal limits. The lungs are free of focal airspace disease. No pleural effusion or pneumothorax is seen. 1. No evidence of active disease.,73
classifier_all_positive,1947,Lung Lesion,fracture,Fracture,2588,,0.0,poor,classifier_query_error,missing_and_extra,True,False,"No focal consolidation, pneumothorax or definite pleural effusion. Nodular density projected over the left base with no lateral view correlate secondary to soft tissue overlay. Heart size and pulmonary vascularity within normal limits, no mediastinal widening characteristic in appearance of vascular injury. No acute osseous injury demonstrated. No acute findings. Please note that fractures may not be demonstrated and consider additional imaging as clinically indicated.","Heart size within normal limits, stable mediastinal contours. No focal alveolar consolidation, no definite pleural effusion seen. A dense nodule in the right base suggests a previous granulomatous process. No typical findings of pulmonary edema. No pneumothorax. No acute findings",75
classifier_all_positive,1948,No Finding,no acute abnormality,No Finding,3719,No Finding,1.0,good,none,,False,False,No active disease.,"The cardiomediastinal silhouette is within normal limits for size and contour. The lungs are normally inflated without evidence of focal airspace disease, pleural effusion, or pneumothorax. Osseous structures are within normal limits for patient age.. No acute radiographic cardiopulmonary process.",74
classifier_all_positive,1960,No Finding,no acute abnormality,No Finding,3719,No Finding,1.0,good,none,,False,False,No active disease.,Cardiac and mediastinal contours are within normal limits. The lungs are clear. Bony structures are intact. Negative chest x-.,75
classifier_all_positive,1976,Lung Opacity,lung opacity consolidation pneumonia,Lung Opacity;Consolidation;Pneumonia,742,Lung Opacity,1.0,good,none,extra_only,False,True,"focal opacity in the medial right lung base seen on the frontal view. No definite pleural effusion. Stable cardiomediastinal silhouette with normal heart size, no typical findings of pulmonary edema. Abnormal opacity in the right lung base which may be compatible with pneumonia in the appropriate clinical setting. Recommend clinical correlation for infection and followup to resolution. Or, if clinical findings are not compatible with may be of.",Patchy alveolar infiltrates in the right midlung probably within the anterior segment of the right upper lobe. 7 mm nodular opacity overlying the left lung most represents patient's nipple recommend nipple films as it may represent a lung nodule as well. Patient being recalled from the room for the nipple film,76
classifier_all_positive,1980,No Finding,no acute abnormality,No Finding,3719,No Finding,1.0,good,none,,False,False,No active disease.,"The lungs are clear bilaterally. Specifically, no evidence of focal consolidation, pneumothorax, or pleural effusion.. Cardio mediastinal silhouette is unremarkable. Visualized osseous structures of the thorax are without acute abnormality. No acute cardiopulmonary abnormality.",77
classifier_all_positive,1988,Lung Opacity;Lung Lesion,lung opacity pulmonary edema pneumonia,Lung Opacity;Edema;Pneumonia,742,Lung Opacity,0.5,partial,classifier_query_error,missing_and_extra,False,True,"focal opacity in the medial right lung base seen on the frontal view. No definite pleural effusion. Stable cardiomediastinal silhouette with normal heart size, no typical findings of pulmonary edema. Abnormal opacity in the right lung base which may be compatible with pneumonia in the appropriate clinical setting. Recommend clinical correlation for infection and followup to resolution. Or, if clinical findings are not compatible with may be of.","Stable appearing chest with low lung volumes. Reticulonodular changes in left lung base and periphery of left lung most representing chronic inflammatory change. Also some peripheral fibrotic appearing opacity in the periphery the right upper lobe, grossly stable. No acute airspace consolidation. Stable mediastinal contour.",29
classifier_all_positive,2003,Cardiomegaly,no acute abnormality,No Finding,3719,No Finding,0.0,poor,classifier_query_error,normal_vs_abnormal,False,True,No active disease.,"Borderline enlarged heart. Pulmonary vasculature appears within normal limits. No focal pulmonary opacity, pleural effusion or pneumothorax. No acute bony abnormality. Possible right shoulder calcific tendinitis. Calcifications of the abdominal aorta are seen. 1. Borderline enlarged heart without acute abnormality.",76
classifier_all_positive,2006,Cardiomegaly,fracture,Fracture,2588,,0.0,poor,classifier_query_error,missing_and_extra,False,True,"No focal consolidation, pneumothorax or definite pleural effusion. Nodular density projected over the left base with no lateral view correlate secondary to soft tissue overlay. Heart size and pulmonary vascularity within normal limits, no mediastinal widening characteristic in appearance of vascular injury. No acute osseous injury demonstrated. No acute findings. Please note that fractures may not be demonstrated and consider additional imaging as clinically indicated.",Heart size is mildly enlarged. The pulmonary and mediastinum are within normal limits. There is no pleural effusion or pneumothorax. There is no focal air space opacity to suggest a pneumonia. There is a calcified granuloma in the right lung base. There are mild degenerative changes of the spine. There are some chronic increased interstitial markings noted. Cardiomegaly without superimposed acute disease identified.,77
classifier_all_positive,2026,No Finding,no acute abnormality,No Finding,3719,No Finding,1.0,good,none,,False,False,No active disease.,"The trachea is midline. Cardiomediastinal silhouette is normal. The lungs are clear, without evidence of focal consolidation or pleural effusion. There is no pneumothorax. The visualized bony structures reveal no acute abnormalities. No acute cardiopulmonary abnormalities..",78
classifier_all_positive,2038,No Finding,no acute abnormality,No Finding,3719,No Finding,1.0,good,none,,False,False,No active disease.,"The heart size and cardiomediastinal silhouette are normal. There is no focal airspace opacity, pleural effusion or pneumothorax. The osseous structures are intact. No acute cardiopulmonary finding.",79
classifier_all_positive,2062,Lung Opacity;Atelectasis;Support Devices,lung opacity consolidation pneumonia,Lung Opacity;Consolidation;Pneumonia,742,Lung Opacity,0.3333333333333333,partial,classifier_query_error,missing_and_extra,False,True,"focal opacity in the medial right lung base seen on the frontal view. No definite pleural effusion. Stable cardiomediastinal silhouette with normal heart size, no typical findings of pulmonary edema. Abnormal opacity in the right lung base which may be compatible with pneumonia in the appropriate clinical setting. Recommend clinical correlation for infection and followup to resolution. Or, if clinical findings are not compatible with may be of.","Right subclavian catheter, distal tip posterior to the head of the clavicle, the level of the subclavian vein. Low lung volumes. No pleural effusion. Left lower lobe airspace disease, atelectasis. Cardiomediastinal size is within normal limits. Pulmonary vasculature is normal. intact. 1. Right subclavian catheter, distal tip in the region of the subclavian vein at the level of clavicular head. 2. Low lung volumes, with left lower lung atelectasis..",30
classifier_all_positive,2066,Cardiomegaly;Lung Opacity;Atelectasis,enlarged cardiomediastinum cardiomegaly,Enlarged Cardiomediastinum;Cardiomegaly,1233,Cardiomegaly;Atelectasis,0.6666666666666666,partial,classifier_query_error,missing_and_extra,False,True,"Enlarged cardiomediastinal silhouette. Low lung volumes. Relative elevation of right hemidiaphragm. left base density. No focal consolidation, pneumothorax or large pleural effusion. Negative for acute bone abnormality. Cardiomegaly without heart failure. Minimal left basilar scarring/atelectasis.","There is mild cardiomegaly. The aorta is tortuous. There is opacities noted in the right lower lobe, subsegmental atelectasis. There is no pneumothorax or effusion. No displaced rib fractures. If there is high clinical concern, consider dedicated rib views for further evaluation. Mild cardiomegaly, with subsegmental atelectasis in the right lower lobe.",31
classifier_all_positive,2069,No Finding,no acute abnormality,No Finding,3719,No Finding,1.0,good,none,,False,False,No active disease.,"Heart size normal. Lungs are clear. are normal. No pneumonia, effusions, edema, pneumothorax, adenopathy, nodules or masses. Normal chest",80
classifier_all_positive,2074,Lung Opacity;Atelectasis;Pleural Effusion,enlarged cardiomediastinum pleural effusion,Enlarged Cardiomediastinum;Pleural Effusion,2194,Cardiomegaly;Lung Opacity,0.25,partial,classifier_query_error,missing_and_extra,False,True,Stable enlarged cardiomediastinal silhouette. Tortuous aorta. Low lung volumes and left basilar bandlike opacities suggestive of scarring or atelectasis. No overt edema. Question small right pleural effusion versus pleural thickening. No visible pneumothorax.,Low lung volumes. Stable ectasia of the thoracic aorta. Stable right upper mediastinal Bilateral small pleural effusions and bibasilar airspace opacities. The heart size and mediastinal silhouette are within normal limits for contour. No pneumothorax. Stable wedging of the anterior thoracic vertebral bodies. Bilateral small pleural effusions and associated atelectasis. Stable right upper mediastinal opacity consistent with goiter.,32
classifier_all_positive,2075,No Finding,no acute abnormality,No Finding,3719,No Finding,1.0,good,none,,False,False,No active disease.,"The cardiomediastinal silhouette is normal in size and contour. No focal consolidation, pneumothorax or large pleural effusion. Normal. Negative for acute abnormality.",81
classifier_all_positive,2096,No Finding,no acute abnormality,No Finding,3719,No Finding,1.0,good,none,,False,False,No active disease.,Normal heart size and mediastinal contours. Clear lungs. No pneumothorax or pleural effusion. Unremarkable. No acute cardiopulmonary process..,82
classifier_all_positive,2116,Fracture,lung lesion,Lung Lesion,1220,,0.0,poor,classifier_query_error,missing_and_extra,False,False,"There is hyperexpansion, hyperlucency of both lungs, as well as flattening of the diaphragm consistent with chronic emphysematous lung disease. No focal consolidation, pneumothorax, or large pleural effusion identified (blunting of costophrenic recesses bilaterally may represent small effusions or pleural thickening/scar. Stable calcified mediastinal and hilar lymph and a left basilar calcified granuloma. Acute osseous abnormality. The mediastinal silhouette stable. Changes of chronic emphysematous lung disease without acute cardiopulmonary abnormality identified.","The lungs are clear bilaterally. Specifically, no evidence of focal consolidation, pneumothorax, or pleural effusion.. Cardio mediastinal silhouette is unremarkable. Visualized osseous structures of the thorax demonstrate healed, remote bilateral rib fractures without acute abnormality. No acute cardiopulmonary abnormality..",78
classifier_all_positive,2138,Lung Opacity;Fracture,lung opacity lung lesion fracture,Lung Opacity;Lung Lesion;Fracture,3344,Lung Opacity,0.5,partial,classifier_query_error,extra_only,False,True,Ill-defined opacity projecting over midthoracic spine on lateral view corresponding with residual mass/nodularity seen scan from. Well-expanded lungs with no acute airspace disease. Mediastinal contour within normal limits. No acute cardiopulmonary abnormality identified.,Normal heart size. Stable tortuous thoracic aorta. Prior granulomatous disease. Healed rib fractures appear stable. Focal opacity is noted in the left midlung overlying the 9th posterior rib which represents healing rib callus. No pneumothorax or pleural effusion. No acute abnormality seen.,33
classifier_all_positive,2140,Fracture,no acute abnormality,No Finding,3719,No Finding,0.0,poor,classifier_query_error,normal_vs_abnormal,False,True,No active disease.,The lungs are clear. There are calcified left hilar lymph. The heart and mediastinum are normal. The skeletal structures are notable for an old apparent fracture at T12-L1 or congenital fusion unchanged from the prior study. 1. No acute pulmonary disease. 2. Possible old injury or developmental anomaly partially T12-L1.,79
classifier_all_positive,2148,No Finding,no acute abnormality,No Finding,3719,No Finding,1.0,good,none,,False,False,No active disease.,Cardiac and mediastinal contours are within normal limits. The lungs are clear. Bony structures are intact. No acute preoperative findings.,83
classifier_all_positive,2157,No Finding,pleural abnormality,Pleural Other,2814,Cardiomegaly,0.0,poor,classifier_query_error,normal_vs_abnormal,False,False,There is cardiomegaly. Lateral view somewhat limited however small bilateral pleural effusions suspected. There is central vascular congestion.,"Comparison,. Well-expanded and clear lungs. Mediastinal contour within normal limits. No acute cardiopulmonary abnormality identified.",80
classifier_all_positive,2160,No Finding,fracture,Fracture,2588,,0.0,poor,classifier_query_error,normal_vs_abnormal,False,False,"No focal consolidation, pneumothorax or definite pleural effusion. Nodular density projected over the left base with no lateral view correlate secondary to soft tissue overlay. Heart size and pulmonary vascularity within normal limits, no mediastinal widening characteristic in appearance of vascular injury. No acute osseous injury demonstrated. No acute findings. Please note that fractures may not be demonstrated and consider additional imaging as clinically indicated.","The cardiomediastinal silhouette is within normal limits for size and contour. The lungs are normally inflated without evidence of focal airspace disease, pleural effusion, or pneumothorax. No acute osseus abnormality. No acute cardiopulmonary process.",81
classifier_all_positive,2170,No Finding,no acute abnormality,No Finding,3719,No Finding,1.0,good,none,,False,False,No active disease.,Comparison Well-expanded and clear lungs. Mediastinal contour within normal limits. No acute cardiopulmonary abnormality identified. Stable chest.,84
classifier_all_positive,2191,Cardiomegaly;Lung Opacity,no acute abnormality,No Finding,3719,No Finding,0.0,poor,classifier_query_error,normal_vs_abnormal,False,False,No active disease.,There is no acute osseous abnormality. Soft tissues are within normal limits. Borderline enlargement of the heart. Normal vascular markings. Left basilar retrocardiac opacity. No pneumothorax. Findings consistent with left base airspace disease.,82
classifier_all_positive,2207,Lung Opacity;Pneumonia,fracture,Fracture,2588,,0.0,poor,classifier_query_error,missing_and_extra,False,True,"No focal consolidation, pneumothorax or definite pleural effusion. Nodular density projected over the left base with no lateral view correlate secondary to soft tissue overlay. Heart size and pulmonary vascularity within normal limits, no mediastinal widening characteristic in appearance of vascular injury. No acute osseous injury demonstrated. No acute findings. Please note that fractures may not be demonstrated and consider additional imaging as clinically indicated.",Heart size is within normal limits. Tortuous thoracic aorta. There is patchy right base airspace disease. No pneumothorax or pleural effusion. There mild degenerative changes throughout the thoracic spine. Right lower lobe pneumonia.,83
classifier_all_positive,2212,No Finding,no acute abnormality,No Finding,3719,No Finding,1.0,good,none,,False,False,No active disease.,The lungs are clear. There is no pleural effusion. The heart and mediastinum are normal. The skeletal structures and soft tissues have a normal appearance. No acute pulmonary disease.,85
classifier_all_positive,2223,No Finding,pulmonary edema,Edema,1711,,0.0,poor,classifier_query_error,normal_vs_abnormal,False,False,"Heart size within normal limits, stable mediastinal and hilar contours. Left hemidiaphragm eventration. No focal alveolar consolidation, no definite pleural effusion seen. No typical findings of pulmonary edema. No acute findings","Chest. Heart size normal. Lungs clear. unremarkable. Limited technique. Right elbow and forearm. No acute fracture, dislocation or joint effusion. Soft tissues unremarkable. Left ankle. Soft tissue around ankle. There are midfoot degenerative changes and plantar calcaneal enthesophyte. Ankle mortise intact. No acute fracture or dislocation. Chest. No acute cardiopulmonary finding. Right elbow and forearm. No acute traumatic finding. Left ankle. 1. No acute traumatic finding. 2. Midfoot degenerative changes and calcaneal enthesopathy.",84
classifier_all_positive,2228,No Finding,no acute abnormality,No Finding,3719,No Finding,1.0,good,none,,False,False,No active disease.,Heart size is normal and the lungs are clear.,86
classifier_all_positive,2236,No Finding,no acute abnormality,No Finding,3719,No Finding,1.0,good,none,,False,False,No active disease.,"The cardiac silhouette, mediastinum, and pulmonary vasculature are within normal limits. Lungs are clear. No pleural fluid or pneumothorax is appreciated. Unremarkable chest x-..",87
classifier_all_positive,2238,No Finding,fracture,Fracture,2588,,0.0,poor,classifier_query_error,normal_vs_abnormal,False,False,"No focal consolidation, pneumothorax or definite pleural effusion. Nodular density projected over the left base with no lateral view correlate secondary to soft tissue overlay. Heart size and pulmonary vascularity within normal limits, no mediastinal widening characteristic in appearance of vascular injury. No acute osseous injury demonstrated. No acute findings. Please note that fractures may not be demonstrated and consider additional imaging as clinically indicated.",The heart is normal in size. The mediastinum is unremarkable. The lungs are clear. No acute disease.,85
classifier_all_positive,2239,Lung Opacity;Support Devices,lung opacity pneumonia,Lung Opacity;Pneumonia,742,Lung Opacity,0.5,partial,classifier_query_error,missing_and_extra,False,True,"focal opacity in the medial right lung base seen on the frontal view. No definite pleural effusion. Stable cardiomediastinal silhouette with normal heart size, no typical findings of pulmonary edema. Abnormal opacity in the right lung base which may be compatible with pneumonia in the appropriate clinical setting. Recommend clinical correlation for infection and followup to resolution. Or, if clinical findings are not compatible with may be of.","Frontal and lateral views of the chest with overlying external cardiac monitor leads show normal size and configuration of the cardiac silhouette. Normal pulmonary vasculature and central airways. There is interstitial prominence and is basilar patchy air space opacity. No focal airspace consolidation or pleural effusion. Nonspecific interstitial prominence and basilar patchy airspace disease. Maybe due to pulmonary fibrosis, scarring and/or atelectasis. Comparison with outside previous films may be useful.",34
classifier_all_positive,2244,No Finding,no acute abnormality,No Finding,3719,No Finding,1.0,good,none,,False,False,No active disease.,No comparison chest x-. Well-expanded and clear lungs. Mediastinal contour within normal limits. No acute cardiopulmonary abnormality identified.,88
classifier_all_positive,2277,No Finding,no acute abnormality,No Finding,3719,No Finding,1.0,good,none,,False,False,No active disease.,The lungs are clear without evidence of focal airspace disease. There is no evidence of pneumothorax or large pleural effusion. The cardiac and mediastinal contours are within normal limits. The are unremarkable. No radiographic evidence of acute cardiopulmonary disease.,89
classifier_all_positive,2290,No Finding,no acute abnormality,No Finding,3719,No Finding,1.0,good,none,,False,False,No active disease.,There are no focal areas of consolidation. No suspicious pulmonary opacities. Heart size within normal limits. No pleural effusions. No evidence of pneumothorax. Osseous structures are intact. No acute cardiopulmonary abnormality.,90
classifier_all_positive,2310,No Finding,no acute abnormality,No Finding,3719,No Finding,1.0,good,none,,False,False,No active disease.,No focal consolidation. No visualized pneumothorax. The heart size is normal. There are no large pleural effusions. 1. No acute cardiopulmonary findings.,91
classifier_all_positive,2313,No Finding,enlarged cardiomediastinum,Enlarged Cardiomediastinum,1233,Cardiomegaly;Atelectasis,0.0,poor,classifier_query_error,normal_vs_abnormal,False,False,"Enlarged cardiomediastinal silhouette. Low lung volumes. Relative elevation of right hemidiaphragm. left base density. No focal consolidation, pneumothorax or large pleural effusion. Negative for acute bone abnormality. Cardiomegaly without heart failure. Minimal left basilar scarring/atelectasis.",The lungs are clear. There is no pleural effusion or pneumothorax. There has been sternotomy. The heart and mediastinum are normal. The skeletal structures are normal. No acute pulmonary disease.,86
classifier_all_positive,2326,Cardiomegaly,no acute abnormality,No Finding,3719,No Finding,0.0,poor,classifier_query_error,normal_vs_abnormal,False,True,No active disease.,"Heart size mildly enlarged, stable mediastinal and hilar contours. Right hemidiaphragm eventration. No focal alveolar consolidation, no definite pleural effusion seen. No typical findings of pulmonary edema. Cardiomegaly, no acute pulmonary findings",87
classifier_all_positive,2363,Lung Opacity;Pneumonia,lung opacity consolidation pneumonia pleural effusion,Lung Opacity;Consolidation;Pneumonia;Pleural Effusion,742,Lung Opacity,0.5,partial,classifier_query_error,extra_only,False,False,"focal opacity in the medial right lung base seen on the frontal view. No definite pleural effusion. Stable cardiomediastinal silhouette with normal heart size, no typical findings of pulmonary edema. Abnormal opacity in the right lung base which may be compatible with pneumonia in the appropriate clinical setting. Recommend clinical correlation for infection and followup to resolution. Or, if clinical findings are not compatible with may be of.",Heart size is upper limits of normal. The pulmonary and mediastinum are within normal limits. There is no pleural effusion or pneumothorax. There is right basilar air space opacity. Right middle lobe and lower lobe pneumonia. Followup radiographs in 8-12 weeks after appropriate therapy are indicated to exclude an underlying abnormality.,35
classifier_all_positive,2365,No Finding,no acute abnormality,No Finding,3719,No Finding,1.0,good,none,,False,False,No active disease.,The heart size and pulmonary vascularity appear within normal limits. The lungs are free of focal airspace disease. No pleural effusion or pneumothorax is seen. No evidence of active disease.,92
classifier_all_positive,2377,No Finding,no acute abnormality,No Finding,3719,No Finding,1.0,good,none,,False,False,No active disease.,The heart size and pulmonary vascularity appear within normal limits. The lungs are free of focal airspace disease. No pleural effusion or pneumothorax is seen. No evidence of active disease.,93
classifier_all_positive,2388,No Finding,no acute abnormality,No Finding,3719,No Finding,1.0,good,none,,False,False,No active disease.,"Heart size normal. Lungs are clear. are normal. No pneumonia, effusions, edema, pneumothorax, adenopathy, nodules or masses. Normal chest",94
classifier_all_positive,2396,Lung Opacity;Edema,lung opacity,Lung Opacity,1972,Lung Opacity,0.5,partial,classifier_query_error,missing_only,False,False,There is a airspace opacity in the left upper lung. Heart size within normal limits. Mild calcification of the aortic. No pneumothorax or pleural effusions. airspace opacity in the left upper lung which may represent streaky atelectasis or resolving pneumonia.,There are bilateral opacities most prominent in the lower lobes bilaterally. There is no evidence of pneumothorax or large pleural effusion. The cardiac and mediastinal contours are within normal limits. The are unremarkable. There is an embolization overlying left upper quadrant. Bilateral opacities most prominent in the lower lobes representing airspace disease or edema.,36
classifier_all_positive,2415,Cardiomegaly;Lung Opacity,lung opacity consolidation atelectasis pleural effusion pleural abnormality,Lung Opacity;Consolidation;Atelectasis;Pleural Effusion;Pleural Other,702,Lung Opacity;Atelectasis;Pleural Effusion,0.25,partial,classifier_query_error,missing_and_extra,False,True,"The left lung is grossly clear. The right lung demonstrates a large right pleural effusion with associated atelectatic collapse of the right middle lobe and partial collapse of the right lower lobe. opacities are seen within the aerated right lung, subsegmental atelectasis. No focal consolidation or pneumothorax identified. No acute osseous abnormality. Cardio mediastinal silhouette is stable compared to prior examinations. Large right pleural effusion with associated passive atelectasis of the right middle and lower lobes. Grossly clear left lung.","The heart is mildly enlarged. The lungs are hypoinflated with mildly elevated left hemidiaphragm. There is patchy opacity in the left lung base which may be secondary to atelectasis and/or possible infiltrate. Increased markings are noted throughout and were present on prior CT. The study is limited secondary to moderate motion. Underlying emphysematous changes are identified. Hypoinflation with elevated left hemidiaphragm and possible left basilar infiltrate versus atelectasis. Followup evaluation is suggested in 2 to 4 weeks. IMPRESSION: Exam: CHEST 2V FRONTAL/LATERAL Date:, PM Comparison: CT chest History: Shortness of breath FINDINGS: The heart is mildly enlarged. The lungs are hypoinflated with mildly elevated left hemidiaphragm. There is patchy opacity in the left lung base which may be secondary to atelectasis and/or possible infiltrate. Increased markings are noted throughout and were present on prior CT. The study is limited secondary to moderate motion. Underlying emphysematous changes are identified. IMPRESSION: Hypoinflation with elevated left hemidiaphragm and possible left basilar infiltrate versus atelectasis. Followup evaluation is suggested in 2 to 4 weeks.",37
classifier_all_positive,2453,No Finding,pneumonia,Pneumonia,1618,No Finding,1.0,good,none,normal_vs_abnormal,False,False,Heart size is normal and lungs are clear. No pneumonia.,Lungs are clear bilaterally. Cardiac and mediastinal silhouettes are normal. Pulmonary vasculature is normal. No pneumothorax or pleural effusion. No acute bony abnormality. No acute cardiopulmonary abnormality.,95
classifier_all_positive,2475,Cardiomegaly,enlarged cardiomediastinum,Enlarged Cardiomediastinum,1233,Cardiomegaly;Atelectasis,0.5,partial,classifier_query_error,missing_and_extra,False,True,"Enlarged cardiomediastinal silhouette. Low lung volumes. Relative elevation of right hemidiaphragm. left base density. No focal consolidation, pneumothorax or large pleural effusion. Negative for acute bone abnormality. Cardiomegaly without heart failure. Minimal left basilar scarring/atelectasis.",Heart size remains slightly large. Pulmonary are normal. Aorta tortuous. change. No active cardiopulmonary disease.,38
classifier_all_positive,2493,No Finding,enlarged cardiomediastinum fracture,Enlarged Cardiomediastinum;Fracture,429,No Finding,1.0,good,none,normal_vs_abnormal,False,False,"The cardiomediastinal silhouette and pulmonary vasculature are within normal limits in size. The lungs are clear of focal airspace disease, pneumothorax, or pleural effusion. There is no definite evidence of acute fracture. No acute cardiopulmonary findings..","The trachea is midline. The cardiomediastinal silhouette is normal. The lungs are clear, without evidence of focal infiltrate or effusion. There is no pleural effusion or pneumothorax. The visualized bony structures reveal no acute abnormalities. No acute cardiopulmonary abnormalities..",96
classifier_all_positive,2513,Atelectasis,lung opacity atelectasis pleural effusion,Lung Opacity;Atelectasis;Pleural Effusion,1016,Lung Opacity;Atelectasis;Pleural Effusion;Pleural Other,0.25,partial,classifier_query_error,extra_only,False,True,"Comparison,. right pleural opacity along the lower chest wall compatible with thickening and/or some loculated effusion, accompanied with some adjacent atelectasis / airspace disease within the right lung base. Round opacity seen projecting adjacent to right hilum on PA view is on lateral view to represent some discoid atelectasis or fluid associated with the upper aspect of the fissure. Some opacities compatible with scarring/chronic inflammatory change are seen within the left lower lung which are more conspicuous versus previous examination. Stable mediastinal contour.",[<Heart size and pulmonary vascularity within normal limits. There is a large hiatal hernia seen projecting in the retrocardiac region. This is from prior examination. There is associated atelectasis in the left lung base. No pleural effusion or pneumothorax is identified. 1. large hiatal hernia. 2. Left base atelectasis.,39
classifier_all_positive,2517,No Finding,no acute abnormality,No Finding,3719,No Finding,1.0,good,none,,False,False,No active disease.,Lungs are clear. No pneumothorax or pleural effusion. Normal heart and mediastinal contours. Normal pulmonary vasculature. Bony thorax intact. No acute cardiopulmonary abnormality.,97
classifier_all_positive,2533,No Finding,fracture,Fracture,2588,,0.0,poor,classifier_query_error,normal_vs_abnormal,False,False,"No focal consolidation, pneumothorax or definite pleural effusion. Nodular density projected over the left base with no lateral view correlate secondary to soft tissue overlay. Heart size and pulmonary vascularity within normal limits, no mediastinal widening characteristic in appearance of vascular injury. No acute osseous injury demonstrated. No acute findings. Please note that fractures may not be demonstrated and consider additional imaging as clinically indicated.",Cardiomediastinal silhouette and central pulmonary vasculature are within normal limits. There is no focal air space opacity. No pleural effusion or pneumothorax is seen. No acute bony abnormality is demonstrated. No acute cardiopulmonary abnormality.,88
classifier_all_positive,2545,No Finding,no acute abnormality,No Finding,3719,No Finding,1.0,good,none,,False,False,No active disease.,"The trachea is midline. The cardiomediastinal silhouette is normal. Lung are clear without evidence of effusion, infiltrate, or pneumothorax. Visualized bony structures are intact. Visualized soft tissues appear normal. Normal chest x-.",98
classifier_all_positive,2564,No Finding,no acute abnormality,No Finding,3719,No Finding,1.0,good,none,,False,False,No active disease.,"Normal cardiac size and contour unremarkable mediastinal silhouette. Lungs clear, no airspace disease, pleural effusion, or pneumothorax. No active/acute cardiopulmonary disease.",99
classifier_all_positive,2591,No Finding,no acute abnormality,No Finding,3719,No Finding,1.0,good,none,,False,False,No active disease.,No focal lung consolidation. Heart size and pulmonary vascularity are within normal limits. No pneumothorax or pleural effusion. Osseous structures are grossly intact. No acute cardiopulmonary process.,100
classifier_all_positive,2594,Lung Opacity;Atelectasis,enlarged cardiomediastinum fracture,Enlarged Cardiomediastinum;Fracture,429,No Finding,0.0,poor,classifier_query_error,missing_and_extra,False,True,"The cardiomediastinal silhouette and pulmonary vasculature are within normal limits in size. The lungs are clear of focal airspace disease, pneumothorax, or pleural effusion. There is no definite evidence of acute fracture. No acute cardiopulmonary findings..",The heart size is normal. Tortuous aorta. Otherwise the mediastinal contour is within normal limits. Low lung volumes. Mild elevation of the right hemidiaphragm. There is streaky opacity within the right lower lobe. There are no nodules or masses. No visible pneumothorax. No visible pleural fluid. The are grossly normal. There is no visible free intraperitoneal air under the diaphragm. Streaky right lower lobe infiltrate versus atelectasis.,89
classifier_all_positive,2596,No Finding,no acute abnormality,No Finding,3719,No Finding,1.0,good,none,,False,False,No active disease.,"The cardiomediastinal silhouette and pulmonary vasculature are within normal limits in size. The lungs are clear of focal airspace disease, pneumothorax, or pleural effusion. There are no acute bony findings. No acute findings..",101
classifier_all_positive,2605,No Finding,lung opacity pleural effusion,Lung Opacity;Pleural Effusion,1016,Lung Opacity;Atelectasis;Pleural Effusion;Pleural Other,0.0,poor,classifier_query_error,normal_vs_abnormal,False,False,"Comparison,. right pleural opacity along the lower chest wall compatible with thickening and/or some loculated effusion, accompanied with some adjacent atelectasis / airspace disease within the right lung base. Round opacity seen projecting adjacent to right hilum on PA view is on lateral view to represent some discoid atelectasis or fluid associated with the upper aspect of the fissure. Some opacities compatible with scarring/chronic inflammatory change are seen within the left lower lung which are more conspicuous versus previous examination. Stable mediastinal contour.",Single view of chest was obtained in AP projection. Limited study secondary to body habitus. The cardiomediastinal silhouette is not enlarged. Lungs demonstrate no focal infiltrates. There is no effusion or pneumothorax. 1. No acute pulmonary disease.,90
classifier_all_positive,2612,No Finding,no acute abnormality,No Finding,3719,No Finding,1.0,good,none,,False,False,No active disease.,"The cardiomediastinal silhouette and pulmonary vasculature are within normal limits in size. The lungs are clear of focal airspace disease, pneumothorax, or pleural effusion. There are no acute bony findings. No acute cardiopulmonary findings..",102
classifier_all_positive,2616,Pleural Effusion,pleural effusion pleural abnormality,Pleural Effusion;Pleural Other,3365,No Finding,0.0,poor,classifier_query_error,extra_only,False,True,No large pleural effusions. No pneumothorax. No focal airspace opacities. Heart size is normal. No acute cardiopulmonary abnormalities.,Frontal and lateral views of the chest show normal size and configuration of the cardiac silhouette. The right costophrenic sulcus is blunted. There is an the right base /fluid level. The left lung is clear. 1. Right-sided small pleural effusion. 2. Right base /fluid level. Atypical location for a hiatal hernia. Cannot exclude a right lower lobe cavity. Correlation scan recommended. Does not appear to be a hydropneumothorax or empyema.,91
classifier_all_positive,2622,Support Devices,pleural abnormality,Pleural Other,2814,Cardiomegaly,0.0,poor,classifier_query_error,missing_and_extra,False,False,There is cardiomegaly. Lateral view somewhat limited however small bilateral pleural effusions suspected. There is central vascular congestion.,Normal heart size and mediastinal contours. No focal airspace consolidation. Tracheostomy tip approximately 5 cm above the carina. No pleural effusion or pneumothorax. No acute cardiopulmonary abnormality.,92
classifier_all_positive,2629,No Finding,fracture,Fracture,2588,,0.0,poor,classifier_query_error,normal_vs_abnormal,False,False,"No focal consolidation, pneumothorax or definite pleural effusion. Nodular density projected over the left base with no lateral view correlate secondary to soft tissue overlay. Heart size and pulmonary vascularity within normal limits, no mediastinal widening characteristic in appearance of vascular injury. No acute osseous injury demonstrated. No acute findings. Please note that fractures may not be demonstrated and consider additional imaging as clinically indicated.",Mediastinal contours are normal. Lungs are clear. There is no pneumothorax or large pleural effusion. No focal infiltrate.,93
classifier_all_positive,2644,Cardiomegaly;Lung Lesion,enlarged cardiomediastinum cardiomegaly,Enlarged Cardiomediastinum;Cardiomegaly,1233,Cardiomegaly;Atelectasis,0.3333333333333333,partial,classifier_query_error,missing_and_extra,True,True,"Enlarged cardiomediastinal silhouette. Low lung volumes. Relative elevation of right hemidiaphragm. left base density. No focal consolidation, pneumothorax or large pleural effusion. Negative for acute bone abnormality. Cardiomegaly without heart failure. Minimal left basilar scarring/atelectasis.","Mild cardiomegaly. Pulmonary vasculature is within normal limits. Costophrenic are. There is increased kyphotic curvature of the thoracic spine. Within the heart, there is a small area of oval-shaped density measuring 2.2 x 1.6 cm without correction for magnification. There is a calcified lymph node in the right hilum. No pneumothorax. Lingular nodule measuring 2.2 x 1.6 cm. Recommend to further evaluate. The above findings and recommendations were discussed with at p.m., telephone.",40
classifier_all_positive,2691,Cardiomegaly,enlarged cardiomediastinum,Enlarged Cardiomediastinum,1233,Cardiomegaly;Atelectasis,0.5,partial,classifier_query_error,missing_and_extra,False,True,"Enlarged cardiomediastinal silhouette. Low lung volumes. Relative elevation of right hemidiaphragm. left base density. No focal consolidation, pneumothorax or large pleural effusion. Negative for acute bone abnormality. Cardiomegaly without heart failure. Minimal left basilar scarring/atelectasis.","Exam quality limited by hypoinflation and rotation. Considering technical factors heart size mildly enlarged, aortic calcifications and ectasia/tortuosity, mediastinal calcifications suggest a previous granulomatous process. No focal alveolar consolidation, no definite pleural effusion seen. Bronchovascular crowding without typical findings of pulmonary edema.",41
classifier_all_positive,2697,No Finding,cardiomegaly,Cardiomegaly,2040,Cardiomegaly,0.0,poor,classifier_query_error,normal_vs_abnormal,False,False,Cardiomegaly. No effusions or edema. Clear chest,,94
classifier_all_positive,2698,No Finding,no acute abnormality,No Finding,3719,No Finding,1.0,good,none,,False,False,No active disease.,The lungs appear clear. The heart and pulmonary are normal. The pleural spaces are clear. Mediastinal contours are normal. No acute cardiopulmonary disease,103
classifier_all_positive,2709,Lung Opacity,no acute abnormality,No Finding,3719,No Finding,0.0,poor,classifier_query_error,normal_vs_abnormal,False,False,No active disease.,There is a subtle left medial base opacity. Cardiomediastinal silhouette is normal. Pulmonary vasculature and are normal. No pneumothorax or large pleural effusion. Osseous structures and soft tissues are normal. Subtle medial left basilar opacity could represent early pneumonia.,95
classifier_all_positive,2720,No Finding,no acute abnormality,No Finding,3719,No Finding,1.0,good,none,,False,False,No active disease.,Both lungs are clear and expanded. Heart and mediastinum normal. No active disease.,104
classifier_all_positive,2723,Atelectasis,no acute abnormality,No Finding,3719,No Finding,0.0,poor,classifier_query_error,normal_vs_abnormal,False,True,No active disease.,Negative for cardiac enlargement or vascular congestion. Minimal subsegmental atelectasis at the left base otherwise negative for focal confluent airspace disease. The visualized bony structures are intact. There are minimal degenerative disc changes of the mid/lower thoracic spine. No pneumothorax. Negative for acute cardiopulmonary process.,96
classifier_all_positive,2737,Atelectasis,fracture,Fracture,2588,,0.0,poor,classifier_query_error,missing_and_extra,False,True,"No focal consolidation, pneumothorax or definite pleural effusion. Nodular density projected over the left base with no lateral view correlate secondary to soft tissue overlay. Heart size and pulmonary vascularity within normal limits, no mediastinal widening characteristic in appearance of vascular injury. No acute osseous injury demonstrated. No acute findings. Please note that fractures may not be demonstrated and consider additional imaging as clinically indicated.",The heart is normal in size. The mediastinum is unremarkable. There is slight elevation of left hemidiaphragm with left basilar subsegmental atelectasis. The lungs are otherwise grossly clear. No acute disease.,97
classifier_all_positive,2747,Pleural Effusion,atelectasis,Atelectasis,3140,Lung Opacity;Atelectasis,0.0,poor,classifier_query_error,missing_and_extra,False,False,"Streaky opacities in the right lower lobe most suggestive of atelectasis, differential diagnosis includes atypical infection. No definite pleural effusion seen. Heart size within normal limits, no typical findings of pulmonary edema.",The lungs are clear. The cardiomediastinal silhouette is within normal limits. Small pleural effusion is identified. Small bilateral pleural effusions.,98
classifier_all_positive,2758,No Finding,no acute abnormality,No Finding,3719,No Finding,1.0,good,none,,False,False,No active disease.,"Frontal and lateral views of the chest show an unchanged cardiomediastinal silhouette. Normal mediastinal contour, pulmonary and vasculature, central airways and lung volumes. No pleural effusion. No acute or active cardiac, pulmonary or pleural disease.",105
classifier_all_positive,2765,No Finding,fracture,Fracture,2588,,0.0,poor,classifier_query_error,normal_vs_abnormal,False,False,"No focal consolidation, pneumothorax or definite pleural effusion. Nodular density projected over the left base with no lateral view correlate secondary to soft tissue overlay. Heart size and pulmonary vascularity within normal limits, no mediastinal widening characteristic in appearance of vascular injury. No acute osseous injury demonstrated. No acute findings. Please note that fractures may not be demonstrated and consider additional imaging as clinically indicated.",,99
classifier_all_positive,2778,Support Devices,support device,Support Devices,3929,Cardiomegaly;Support Devices,0.5,partial,retrieval_mismatch_despite_correct_query,,False,False,"A cardiac pacemaker/defibrillator device is redemonstration of the left chest wall with a single projecting over the right atrium and 2 leads projecting over the right ventricle. The cardiac silhouette is mildly enlarged, unchanged. No focal pulmonary consolidation. No pneumothorax. No pleural effusion. Minimal degenerative changes of the thoracic spine..",The pulmonary nodules and masses masses on previous exam are smaller and not definitely seen. The lungs are otherwise clear. Heart size normal. No pneumothorax. There is a right chest with tip projecting over the lower SVC. Interval decrease in size of numerous pulmonary nodules and masses. No nodules or masses are definitely seen on radiograph..,42
classifier_all_positive,2817,Lung Opacity;Pleural Effusion;Pleural Other,lung opacity pneumonia pleural abnormality,Lung Opacity;Pneumonia;Pleural Other,742,Lung Opacity,0.3333333333333333,partial,classifier_query_error,missing_and_extra,False,True,"focal opacity in the medial right lung base seen on the frontal view. No definite pleural effusion. Stable cardiomediastinal silhouette with normal heart size, no typical findings of pulmonary edema. Abnormal opacity in the right lung base which may be compatible with pneumonia in the appropriate clinical setting. Recommend clinical correlation for infection and followup to resolution. Or, if clinical findings are not compatible with may be of.","Evaluation is limited due to obscuration by the patient's arm on the lateral view. Cardiomediastinal silhouette is within normal limits of size and appearance. Pulmonary vascular is unremarkable. are chronic, coarse interstitial lung markings. Peripheral opacity along the right mid lung reflects scar or a small amount of loculated pleural fluid or thickening. Otherwise negative for focal airspace disease or consolidation. Hyperlucent lungs with apical. Negative for pneumothorax or pleural effusion. Limited evaluation reveals the to be grossly intact. 1. No acute cardiopulmonary abnormality. 2. Emphysema.",43
classifier_all_positive,2831,Pneumothorax;Pleural Effusion;Support Devices,pleural effusion,Pleural Effusion,3365,No Finding,0.0,poor,classifier_query_error,missing_only,False,True,No large pleural effusions. No pneumothorax. No focal airspace opacities. Heart size is normal. No acute cardiopulmonary abnormalities.,Persistent 8mm pneumothorax with small amount of pleural effusion. Heart size normal. Enteric tube tip in the stomach. Midline abdominal clips. in the right upper quadrant. Bullet overlies L3.,100
classifier_all_positive,2832,Cardiomegaly,no acute abnormality,No Finding,3719,No Finding,0.0,poor,classifier_query_error,normal_vs_abnormal,False,True,No active disease.,"There is stable cardiomegaly. The mediastinum is unremarkable. Atherosclerotic calcifications are present within the thoracic aorta. There is no pleural effusion, pneumothorax, or focal airspace disease. Chronic degenerative changes are present in the thoracic spine. 1. Stable cardiomegaly without acute cardiopulmonary abnormality.",101
classifier_all_positive,2833,No Finding,pneumothorax,Pneumothorax,1570,,0.0,poor,classifier_query_error,normal_vs_abnormal,False,False,Evaluation for pneumothorax is limited due to exclusion of the superior-most pulmonary apices. No visible pleural. No focal air space opacities or pleural effusion. Cardiomediastinal silhouette is within normal limits. No free subdiaphragmatic air. Mild degenerative changes of the thoracic spine. Included osseous structures are grossly intact. No acute pulmonary disease.,"The heart, pulmonary and mediastinum are within normal limits. There is no pleural effusion or pneumothorax. There is no focal air space opacity to suggest a pneumonia. Both clavicles appear within normal limits on this limited radiographic evaluation. No acute cardiopulmonary disease.",102
classifier_all_positive,2852,No Finding,no acute abnormality,No Finding,3719,No Finding,1.0,good,none,,False,False,No active disease.,Normal cardiac contours. No pleural effusion or pneumothorax. No acute bony abnormalities. Clear lung bilaterally. No intervertebral disc narrowing or loss of vertebral body. 1. No acute bony abnormalities. 2. No acute cardiopulmonary abnormalities.,106
classifier_all_positive,2860,Support Devices,no acute abnormality,No Finding,3719,No Finding,0.0,poor,classifier_query_error,normal_vs_abnormal,False,True,No active disease.,"No acute osseous abnormality. Scattered degenerative changes of the thoracic spine. Surgical clips overlying the right upper quadrant. Anterior cervical fusion. Tortuous and ectatic aorta. No focal area of consolidation, pleural effusion, or pneumothorax. No acute radiographic cardiopulmonary process.",103
classifier_all_positive,2866,No Finding,no acute abnormality,No Finding,3719,No Finding,1.0,good,none,,False,False,No active disease.,"Heart size normal. Lungs are clear. are normal. No pneumonia, effusions, edema, pneumothorax, adenopathy, nodules or masses. Normal chest",107
classifier_all_positive,2870,No Finding,no acute abnormality,No Finding,3719,No Finding,1.0,good,none,,False,False,No active disease.,"The examination consists of frontal and lateral radiographs of the chest. The cardiomediastinal contours are within normal limits. Pulmonary vascularity is within normal limits. No focal consolidation, pleural effusion, or pneumothorax identified. The visualized osseous structures and upper abdomen are unremarkable. No acute cardiopulmonary abnormality identified.",108
classifier_all_positive,2884,Support Devices,cardiomegaly,Cardiomegaly,2040,Cardiomegaly,0.0,poor,classifier_query_error,missing_and_extra,False,False,Cardiomegaly. No effusions or edema. Clear chest,"The postoperative cardiomediastinal silhouette is stable and upper limits of normal in size. There are sternotomy and surgical clips compatible with prior CABG. There is at one left-sided coronary artery stent. Pulmonary vasculature is normal in caliber. The lungs are grossly clear of focal airspace disease, pneumothorax, or pleural effusion. There are no acute bony findings. No acute findings..",104
classifier_all_positive,2894,Support Devices,support device,Support Devices,3929,Cardiomegaly;Support Devices,0.5,partial,retrieval_mismatch_despite_correct_query,,False,False,"A cardiac pacemaker/defibrillator device is redemonstration of the left chest wall with a single projecting over the right atrium and 2 leads projecting over the right ventricle. The cardiac silhouette is mildly enlarged, unchanged. No focal pulmonary consolidation. No pneumothorax. No pleural effusion. Minimal degenerative changes of the thoracic spine..",The tracheostomy tube is in stable position. Right subclavian catheter tip is in the lower SVC. The left upper extremity PICC tip is in the mid SVC. Surgical overlie the soft tissues of the neck. The lungs are clear. Heart size is normal. No pneumothorax. 1. No acute cardiopulmonary findings..,44
classifier_all_positive,2898,No Finding,no acute abnormality,No Finding,3719,No Finding,1.0,good,none,,False,False,No active disease.,"Heart size within normal limits. No focal alveolar consolidation, no definite pleural effusion seen. No typical findings of pulmonary edema. No acute cardiopulmonary findings",109
classifier_all_positive,2902,No Finding,pleural effusion pleural abnormality,Pleural Effusion;Pleural Other,3365,No Finding,1.0,good,none,normal_vs_abnormal,False,False,No large pleural effusions. No pneumothorax. No focal airspace opacities. Heart size is normal. No acute cardiopulmonary abnormalities.,"The cardiac silhouette, upper mediastinum and pulmonary vasculature are within normal limits. There is no acute air space infiltrate, pleural effusion or pneumothorax. The visualized osseous structures are intact. No acute cardiopulmonary process.",110
classifier_all_positive,2910,No Finding,no acute abnormality,No Finding,3719,No Finding,1.0,good,none,,False,False,No active disease.,The heart size is normal. The mediastinal contour is within normal limits. The lungs are free of any focal infiltrates. There are no nodules or masses. No visible pneumothorax. No visible pleural fluid. The are grossly normal. There is no visible free intraperitoneal air under the diaphragm. 1. No acute radiographic cardiopulmonary process.,111
classifier_all_positive,2916,No Finding,no acute abnormality,No Finding,3719,No Finding,1.0,good,none,,False,False,No active disease.,"Heart size within normal limits. No focal alveolar consolidation, no definite pleural effusion seen. No typical findings of pulmonary edema. No pneumothorax. No acute cardiopulmonary findings",112
classifier_all_positive,2936,Cardiomegaly,enlarged cardiomediastinum cardiomegaly,Enlarged Cardiomediastinum;Cardiomegaly,1233,Cardiomegaly;Atelectasis,0.5,partial,classifier_query_error,extra_only,False,True,"Enlarged cardiomediastinal silhouette. Low lung volumes. Relative elevation of right hemidiaphragm. left base density. No focal consolidation, pneumothorax or large pleural effusion. Negative for acute bone abnormality. Cardiomegaly without heart failure. Minimal left basilar scarring/atelectasis.",The heart size is mildly enlarged. The pulmonary and mediastinum are within normal limits. There is no pleural effusion or pneumothorax. There is no focal air space opacity to suggest a pneumonia. There is a moderate sized hiatal hernia. There mild degenerative changes of the spine. Cardiomegaly and hiatal hernia without an acute abnormality identified.,45
classifier_all_positive,2955,Cardiomegaly,enlarged cardiomediastinum cardiomegaly pulmonary edema,Enlarged Cardiomediastinum;Cardiomegaly;Edema,2570,Cardiomegaly;Edema;Pleural Other,0.3333333333333333,partial,classifier_query_error,extra_only,True,True,"There has been interval increase in size of the cardiac silhouette from. The cardiac fluid is now mildly enlarged. Pulmonary vasculature is increased with mildly increased interstitial markings and fissural thickening, suggesting mild pulmonary edema. There is no focal airspace disease, pneumothorax, or large pleural effusion. Descending thoracic aorta is tortuous. There are no acute bony findings. Cardiomegaly which appears from with probable mild pulmonary edema..","Heart size moderately enlarged for technique, aortic ectasia/tortuosity. Right hemidiaphragm eventration. No focal alveolar consolidation, no definite pleural effusion seen. Vascular redistribution without typical findings of pulmonary edema. No pneumothorax.",46
classifier_all_positive,2957,Cardiomegaly;Lung Opacity;Atelectasis,lung opacity lung lesion pneumonia atelectasis,Lung Opacity;Lung Lesion;Pneumonia;Atelectasis,742,Lung Opacity,0.3333333333333333,partial,classifier_query_error,missing_and_extra,True,True,"focal opacity in the medial right lung base seen on the frontal view. No definite pleural effusion. Stable cardiomediastinal silhouette with normal heart size, no typical findings of pulmonary edema. Abnormal opacity in the right lung base which may be compatible with pneumonia in the appropriate clinical setting. Recommend clinical correlation for infection and followup to resolution. Or, if clinical findings are not compatible with may be of.",The heart is mildly enlarged. Pulmonary vascularity is increased. There is again mild elevation of the right hemidiaphragm. Air space disease and/or atelectasis is noted in right lung base. There is also streaky opacity in the left base. The costophrenic are blunted. 1. Cardiomegaly and pulmonary vascular congestion. 2. Eventration of right hemidiaphragm with basilar atelectasis.,47
classifier_all_positive,2964,No Finding,no acute abnormality,No Finding,3719,No Finding,1.0,good,none,,False,False,No active disease.,The lungs are clear. There is no focal airspace consolidation. No pleural effusion or pneumothorax. Heart size and mediastinal contour are normal. No evidence of active disease.,113
classifier_all_positive,3004,Lung Opacity;Atelectasis,lung opacity pleural abnormality,Lung Opacity;Pleural Other,1016,Lung Opacity;Atelectasis;Pleural Effusion;Pleural Other,0.5,partial,classifier_query_error,missing_and_extra,False,True,"Comparison,. right pleural opacity along the lower chest wall compatible with thickening and/or some loculated effusion, accompanied with some adjacent atelectasis / airspace disease within the right lung base. Round opacity seen projecting adjacent to right hilum on PA view is on lateral view to represent some discoid atelectasis or fluid associated with the upper aspect of the fissure. Some opacities compatible with scarring/chronic inflammatory change are seen within the left lower lung which are more conspicuous versus previous examination. Stable mediastinal contour.","Frontal and lateral views of the chest show normal size and configuration of the cardiac silhouette. Normal mediastinal contour, pulmonary and vasculature, central airways and lung volumes. And scattered calcified granulomas. Left greater than right basilar opacity, probable atelectasis and/or scarring. No pleural effusion. Basilar atelectasis. Otherwise, no acute cardiac or pulmonary disease process.",48
classifier_all_positive,3010,No Finding,no acute abnormality,No Finding,3719,No Finding,1.0,good,none,,False,False,No active disease.,"Heart and mediastinum are at the upper limits of normal size. There is no focal consolidation, pneumothorax, or large pleural effusion. There is no acute, displaced rib fracture. Bony structures are unremarkable. No acute cardiopulmonary findings.",114
classifier_all_positive,3022,Lung Lesion,lung opacity lung lesion consolidation pneumonia,Lung Opacity;Lung Lesion;Consolidation;Pneumonia,742,Lung Opacity,0.0,poor,classifier_query_error,extra_only,False,True,"focal opacity in the medial right lung base seen on the frontal view. No definite pleural effusion. Stable cardiomediastinal silhouette with normal heart size, no typical findings of pulmonary edema. Abnormal opacity in the right lung base which may be compatible with pneumonia in the appropriate clinical setting. Recommend clinical correlation for infection and followup to resolution. Or, if clinical findings are not compatible with may be of.","Multiple cavitary bilateral pulmonary masses and nodules. These are and increased from prior radiograph of, but were seen chest, with largest in the left base measuring approximately 3.3 x 6.1 cm. No pleural effusion, no pneumothorax. Heart size is normal.",105
classifier_all_positive,3025,No Finding,fracture,Fracture,2588,,0.0,poor,classifier_query_error,normal_vs_abnormal,False,False,"No focal consolidation, pneumothorax or definite pleural effusion. Nodular density projected over the left base with no lateral view correlate secondary to soft tissue overlay. Heart size and pulmonary vascularity within normal limits, no mediastinal widening characteristic in appearance of vascular injury. No acute osseous injury demonstrated. No acute findings. Please note that fractures may not be demonstrated and consider additional imaging as clinically indicated.","The lungs are clear bilaterally. Specifically, no evidence of focal consolidation, pneumothorax, or pleural effusion.. Cardio mediastinal silhouette is unremarkable. Visualized osseous structures of the thorax are without acute abnormality. No acute displaced rib fractures. No acute cardiopulmonary abnormality..",106
classifier_all_positive,3045,No Finding,no acute abnormality,No Finding,3719,No Finding,1.0,good,none,,False,False,No active disease.,Heart size and vascularity normal. Mediastinal contour normal. Lungs are clear. No pleural effusions or pneumothoraces. Normal chest.,115
classifier_all_positive,3049,No Finding,fracture,Fracture,2588,,0.0,poor,classifier_query_error,normal_vs_abnormal,False,False,"No focal consolidation, pneumothorax or definite pleural effusion. Nodular density projected over the left base with no lateral view correlate secondary to soft tissue overlay. Heart size and pulmonary vascularity within normal limits, no mediastinal widening characteristic in appearance of vascular injury. No acute osseous injury demonstrated. No acute findings. Please note that fractures may not be demonstrated and consider additional imaging as clinically indicated.","Heart size normal. Lungs are clear. are normal. No pneumonia, effusions, edema, pneumothorax, adenopathy, nodules or masses. Normal chest.",107
classifier_all_positive,3060,No Finding,no acute abnormality,No Finding,3719,No Finding,1.0,good,none,,False,False,No active disease.,The heart is normal in size. The mediastinum is unremarkable. The lungs are grossly clear. No acute disease.,116
classifier_all_positive,3069,Lung Opacity;Pneumonia,lung lesion consolidation pneumonia,Lung Lesion;Consolidation;Pneumonia,1699,Consolidation;Pneumonia;Pleural Effusion;Support Devices,0.2,partial,classifier_query_error,missing_and_extra,False,False,"There is mild mentally without pulmonary edema. Tortuous thoracic aorta, unchanged. Stable positioning of the dual- cardiac device. No visible pneumothorax. There is a small left pleural effusion. Focal airspace consolidation is visualized in the superior segment of the left lower lobe, appreciated on lateral projection. Increased retrosternal clear space suggesting chronic obstructive pulmonary disease. 1. Left lower lobe, superior segment, airspace consolidation, radiographic appearance most typical for pneumonia. Based on patient's age, a followup chest x- to document resolution is recommended. 2. left parapneumonic pleural effusion.",Right upper lobe airspace disease consistent with pneumonia given patient's history. The lungs are otherwise clear. No pleural effusions or pneumothoraces. Heart and mediastinum of normal size and contour. Right upper lobe pneumonia.,49
classifier_all_positive,3115,No Finding,no acute abnormality,No Finding,3719,No Finding,1.0,good,none,,False,False,No active disease.,"The heart is normal in size and contour. The lungs are clear, without evidence of infiltrate. There is no pneumothorax or effusion. No acute cardiopulmonary disease.",117
classifier_all_positive,3117,No Finding,no acute abnormality,No Finding,3719,No Finding,1.0,good,none,,False,False,No active disease.,Heart size is normal. The lungs and costophrenic are clear. The bony thorax is grossly intact. Normal chest.,118
classifier_all_positive,3134,No Finding,no acute abnormality,No Finding,3719,No Finding,1.0,good,none,,False,False,No active disease.,Lungs appear clear. Heart and pulmonary appear normal. Pleural spaces are clear. Mediastinal contours are normal. No pneumothorax. No acute cardiopulmonary disease,119
classifier_all_positive,3135,No Finding,fracture,Fracture,2588,,0.0,poor,classifier_query_error,normal_vs_abnormal,False,False,"No focal consolidation, pneumothorax or definite pleural effusion. Nodular density projected over the left base with no lateral view correlate secondary to soft tissue overlay. Heart size and pulmonary vascularity within normal limits, no mediastinal widening characteristic in appearance of vascular injury. No acute osseous injury demonstrated. No acute findings. Please note that fractures may not be demonstrated and consider additional imaging as clinically indicated.","The lungs are clear bilaterally. Specifically, no evidence of focal consolidation, pneumothorax, or pleural effusion.. Cardiomediastinal silhouette is unremarkable. Visualized osseous structures of the thorax are without acute abnormality. No acute cardiopulmonary abnormality.",108
classifier_all_positive,3148,Cardiomegaly;Pleural Effusion,enlarged cardiomediastinum atelectasis pleural effusion,Enlarged Cardiomediastinum;Atelectasis;Pleural Effusion,2194,Cardiomegaly;Lung Opacity,0.3333333333333333,partial,classifier_query_error,missing_and_extra,False,True,Stable enlarged cardiomediastinal silhouette. Tortuous aorta. Low lung volumes and left basilar bandlike opacities suggestive of scarring or atelectasis. No overt edema. Question small right pleural effusion versus pleural thickening. No visible pneumothorax.,Stable cardiomediastinal contour is mild cardiomegaly. No pneumothorax or significant pulmonary edema. Small left pleural effusion. No focal lung consolidation. Mildly low lung volumes. 1. Small left pleural effusion. 2. Stable mild cardiomegaly.,50
classifier_all_positive,3158,Cardiomegaly;Lung Opacity;Atelectasis,pleural effusion,Pleural Effusion,3365,No Finding,0.0,poor,classifier_query_error,missing_and_extra,False,True,No large pleural effusions. No pneumothorax. No focal airspace opacities. Heart size is normal. No acute cardiopulmonary abnormalities.,Cardiomegaly is present. The pulmonary vascularity appears within normal limits. Some scattered opacities are present whose appearance scarring or atelectasis. No focal airspace disease is seen. No pleural effusion is noted. No pneumothorax is identified. The left hemidiaphragm is elevated. Scoliosis is present involving the lumbar spine. There has been previous surgical resection of the left 6th rib. 1. Cardiomegaly without overt heart failure. 2. Continued elevation of the left hemidiaphragm. 3. Scattered of left base scarring/atelectasis.,109
classifier_all_positive,3180,No Finding,no acute abnormality,No Finding,3719,No Finding,1.0,good,none,,False,False,No active disease.,"The heart is normal in size and contour. The lungs are clear, without evidence of infiltrate. There is no pneumothorax or effusion. No acute cardiopulmonary disease.",120
classifier_all_positive,3183,No Finding,no acute abnormality,No Finding,3719,No Finding,1.0,good,none,,False,False,No active disease.,The heart is normal in size. The mediastinum is unremarkable. The lungs are clear. No acute disease.,121
classifier_all_positive,3191,Cardiomegaly,enlarged cardiomediastinum cardiomegaly pleural abnormality,Enlarged Cardiomediastinum;Cardiomegaly;Pleural Other,2194,Cardiomegaly;Lung Opacity,0.5,partial,classifier_query_error,extra_only,False,True,Stable enlarged cardiomediastinal silhouette. Tortuous aorta. Low lung volumes and left basilar bandlike opacities suggestive of scarring or atelectasis. No overt edema. Question small right pleural effusion versus pleural thickening. No visible pneumothorax.,Borderline cardiac enlargement. Enlarged calcified thoracic aorta. Emphysema. No acute pulmonary abnormality. Mild spondylosis. Emphysema. No acute pulmonary findings.,51
classifier_all_positive,3195,Lung Opacity;Support Devices,lung opacity pulmonary edema atelectasis pleural effusion,Lung Opacity;Edema;Atelectasis;Pleural Effusion,3140,Lung Opacity;Atelectasis,0.3333333333333333,partial,classifier_query_error,missing_and_extra,False,False,"Streaky opacities in the right lower lobe most suggestive of atelectasis, differential diagnosis includes atypical infection. No definite pleural effusion seen. Heart size within normal limits, no typical findings of pulmonary edema.",There is a left base opacity. The right lung is grossly clear. Heart size is normal. Left venous catheter with tip in the right atrium. There is no pneumothorax. 1. Left base airspace disease. 2. Left venous catheter with tip in the right atrium.,52
classifier_all_positive,3207,Cardiomegaly,cardiomegaly,Cardiomegaly,2040,Cardiomegaly,1.0,good,none,,False,False,Cardiomegaly. No effusions or edema. Clear chest,There's been interval enlargement in the cardiac silhouette. These 't contours are within normal limits. The lungs are normally inflated and clear. Osseous structures are within normal limits for patient age. 1. No acute radiographic cardiopulmonary process. 2. Interval development of cardiomegaly.,122
classifier_all_positive,3214,Cardiomegaly;Pleural Effusion,cardiomegaly,Cardiomegaly,2040,Cardiomegaly,0.5,partial,classifier_query_error,missing_only,False,True,Cardiomegaly. No effusions or edema. Clear chest,"There is an marked interval increase in heart size. The heart also demonstrates the configuration, compatible with pericardial effusion. A small right pleural effusion the present. The lungs are otherwise clear without focal infiltrates. Normal pulmonary vascularity. No pneumothorax. Large pericardial effusion.",53
classifier_all_positive,3216,No Finding,no acute abnormality,No Finding,3719,No Finding,1.0,good,none,,False,False,No active disease.,"Heart size is normal. No pneumothorax, pleural effusion, or focal airspace disease. Bony structures are intact. Normal chest radiograph.",123
classifier_all_positive,3221,No Finding,no acute abnormality,No Finding,3719,No Finding,1.0,good,none,,False,False,No active disease.,"The lungs are clear bilaterally. Specifically, no evidence of focal consolidation, pneumothorax, or pleural effusion.. Cardio mediastinal silhouette is unremarkable. Visualized osseous structures of the thorax are without acute abnormality. No acute cardiopulmonary abnormality..",124
classifier_all_positive,3253,No Finding,fracture,Fracture,2588,,0.0,poor,classifier_query_error,normal_vs_abnormal,False,False,"No focal consolidation, pneumothorax or definite pleural effusion. Nodular density projected over the left base with no lateral view correlate secondary to soft tissue overlay. Heart size and pulmonary vascularity within normal limits, no mediastinal widening characteristic in appearance of vascular injury. No acute osseous injury demonstrated. No acute findings. Please note that fractures may not be demonstrated and consider additional imaging as clinically indicated.","PA and lateral views the chest were obtained. The cardiomediastinal silhouette is normal in size and configuration. The lungs are well aerated. No pneumothorax, pleural effusion, or focal air space consolidation. No acute cardiopulmonary disease.",110
classifier_all_positive,3279,No Finding,no acute abnormality,No Finding,3719,No Finding,1.0,good,none,,False,False,No active disease.,The heart size is normal and cardiomediastinal silhouette is normal in contour. Lungs are clear bilaterally. There is no pleural effusion or pneumothorax. No bony or soft tissue abnormalities. No acute cardiopulmonary abnormality.,125
classifier_all_positive,3281,Lung Lesion,no acute abnormality,No Finding,3719,No Finding,0.0,poor,classifier_query_error,normal_vs_abnormal,False,True,No active disease.,"The heart size is within normal limits. Cardiomediastinal contour is normal. There is a right upper lobe nodule measuring 8 mm in diameter. Trachea is midline. The lungs otherwise clear. and soft tissues are unremarkable. 1. Right upper lobe pulmonary nodule, granuloma.",111
classifier_all_positive,3285,No Finding,no acute abnormality,No Finding,3719,No Finding,1.0,good,none,,False,False,No active disease.,The lungs are clear. The cardiomediastinal silhouette is within normal limits. No pneumothorax or pleural effusion. Negative chest.,126
classifier_all_positive,3290,No Finding,fracture,Fracture,2588,,0.0,poor,classifier_query_error,normal_vs_abnormal,False,False,"No focal consolidation, pneumothorax or definite pleural effusion. Nodular density projected over the left base with no lateral view correlate secondary to soft tissue overlay. Heart size and pulmonary vascularity within normal limits, no mediastinal widening characteristic in appearance of vascular injury. No acute osseous injury demonstrated. No acute findings. Please note that fractures may not be demonstrated and consider additional imaging as clinically indicated.",No comparison chest x-. Well-expanded and clear lungs. Mediastinal contour within normal limits. No acute cardiopulmonary abnormality identified.,112
classifier_all_positive,3347,Support Devices,fracture,Fracture,2588,,0.0,poor,classifier_query_error,missing_and_extra,False,True,"No focal consolidation, pneumothorax or definite pleural effusion. Nodular density projected over the left base with no lateral view correlate secondary to soft tissue overlay. Heart size and pulmonary vascularity within normal limits, no mediastinal widening characteristic in appearance of vascular injury. No acute osseous injury demonstrated. No acute findings. Please note that fractures may not be demonstrated and consider additional imaging as clinically indicated.","The lungs and pleural spaces show no acute abnormality. Lower lung volumes on the AP projection. Heart size is upper limits of normal, pulmonary vascularity within normal limits. Implantable cardiac are visualized on the lateral projection in the region of the expected location of the mitral valve. sternotomy noted. 1. No acute pulmonary abnormality.",113
classifier_all_positive,3358,No Finding,no acute abnormality,No Finding,3719,No Finding,1.0,good,none,,False,False,No active disease.,No active disease.,127
classifier_all_positive,3363,Lung Opacity,no acute abnormality,No Finding,3719,No Finding,0.0,poor,classifier_query_error,normal_vs_abnormal,False,True,No active disease.,"The heart is normal in size. The mediastinum is stable. The lungs are grossly clear. opacities in the lung bases. There are fragments overlying the posterior left chest, right neck base and fragments in the left costophrenic. There is no pleural effusion or pneumothorax. bullet fragments, as described above. No evidence of acute parenchymal abnormality.",114
classifier_all_positive,3369,Lung Opacity;Atelectasis;Pneumothorax,pneumothorax fracture,Pneumothorax;Fracture,2588,,0.0,poor,classifier_query_error,missing_and_extra,False,True,"No focal consolidation, pneumothorax or definite pleural effusion. Nodular density projected over the left base with no lateral view correlate secondary to soft tissue overlay. Heart size and pulmonary vascularity within normal limits, no mediastinal widening characteristic in appearance of vascular injury. No acute osseous injury demonstrated. No acute findings. Please note that fractures may not be demonstrated and consider additional imaging as clinically indicated.",A large pleural air collection is present on the right. Mediastinum is shifted to the left as compared to the previous examination. The right lower lobe is totally opaque. Large right pneumothorax with associated complete collapse of the right lower lobe.,115
classifier_all_positive,3370,No Finding,no acute abnormality,No Finding,3719,No Finding,1.0,good,none,,False,False,No active disease.,"Lungs are clear without focal consolidation, effusion, or pneumothorax. Normal heart size. Bony thorax and soft tissues unremarkable. Negative for acute cardiopulmonary abnormality.",128
classifier_all_positive,3374,Lung Lesion,no acute abnormality,No Finding,3719,No Finding,0.0,poor,classifier_query_error,normal_vs_abnormal,False,False,No active disease.,"Lungs are free of infiltrates. However, in the left lower lobe there is a 1 cm diameter nodule that is not calcified. The right lung is clear. The heart,, and mediastinum are normal. No acute disease. Left lower lobe nodule of uncertain identity. Chest CT may be of further. level Veriphy message sent.",116
classifier_all_positive,3378,Pneumothorax;Fracture,fracture,Fracture,2588,,0.0,poor,classifier_query_error,missing_only,False,False,"No focal consolidation, pneumothorax or definite pleural effusion. Nodular density projected over the left base with no lateral view correlate secondary to soft tissue overlay. Heart size and pulmonary vascularity within normal limits, no mediastinal widening characteristic in appearance of vascular injury. No acute osseous injury demonstrated. No acute findings. Please note that fractures may not be demonstrated and consider additional imaging as clinically indicated.",There is a moderate right-sided pneumothorax measuring approximately 3.3 cm in the right apex. There is a minimally displaced right lateral 8th rib fracture and probable nondisplaced right lateral 7th rib fracture. Cardiomediastinal silhouette is within normal limits. Left lung is clear. 1. Moderate right-sided pneumothorax measuring approximately 3.3 cm in the right apex. 2. Minimally displaced right lateral 8th rib fracture probable nondisplaced right lateral 7th rib fracture.,117
classifier_all_positive,3379,Cardiomegaly;Lung Opacity,enlarged cardiomediastinum,Enlarged Cardiomediastinum,1233,Cardiomegaly;Atelectasis,0.3333333333333333,partial,classifier_query_error,missing_and_extra,False,False,"Enlarged cardiomediastinal silhouette. Low lung volumes. Relative elevation of right hemidiaphragm. left base density. No focal consolidation, pneumothorax or large pleural effusion. Negative for acute bone abnormality. Cardiomegaly without heart failure. Minimal left basilar scarring/atelectasis.",No pneumothorax or large pleural effusion. Borderline cardiomegaly. Minimal retrocardiac airspace disease. Bony structures appear intact. Bony structures appear intact. Minimal retrocardiac airspace disease.,54
classifier_all_positive,3386,No Finding,no acute abnormality,No Finding,3719,No Finding,1.0,good,none,,False,False,No active disease.,"The trachea is midline. The cardiomediastinal silhouette appears normal. There are no acute infiltrates, effusions. There is no evidence of pneumothorax. Visualized bony structures are intact with no acute abnormalities. Normal chest x-",129
classifier_all_positive,3434,No Finding,lung opacity pneumonia pleural abnormality,Lung Opacity;Pneumonia;Pleural Other,742,Lung Opacity,0.0,poor,classifier_query_error,normal_vs_abnormal,False,False,"focal opacity in the medial right lung base seen on the frontal view. No definite pleural effusion. Stable cardiomediastinal silhouette with normal heart size, no typical findings of pulmonary edema. Abnormal opacity in the right lung base which may be compatible with pneumonia in the appropriate clinical setting. Recommend clinical correlation for infection and followup to resolution. Or, if clinical findings are not compatible with may be of.",,118
classifier_all_positive,3435,Cardiomegaly,enlarged cardiomediastinum,Enlarged Cardiomediastinum,1233,Cardiomegaly;Atelectasis,0.5,partial,classifier_query_error,missing_and_extra,False,True,"Enlarged cardiomediastinal silhouette. Low lung volumes. Relative elevation of right hemidiaphragm. left base density. No focal consolidation, pneumothorax or large pleural effusion. Negative for acute bone abnormality. Cardiomegaly without heart failure. Minimal left basilar scarring/atelectasis.",1. There is cardiomegaly. No pulmonary edema. Lungs symmetrically aerated and clear of infiltrate or consolidation. No pneumothorax or pleural effusion. S-shaped curvature thoracic spine noted. 2. Left upper quadrant peripherally calcified focus 3.8 splenic and origin and may represent benign cyst but is not to be further localized or characterized on film. Vascular aneurysm would be possible but thought less.,55
classifier_all_positive,3450,No Finding,no acute abnormality,No Finding,3719,No Finding,1.0,good,none,,False,False,No active disease.,Cardiac and mediastinal contours are within normal limits. The lungs are clear. Bony structures are intact. No acute disease.,130
classifier_all_positive,3455,Cardiomegaly;Lung Opacity;Edema;Atelectasis,lung opacity pulmonary edema,Lung Opacity;Edema,2263,Cardiomegaly;Lung Opacity;Atelectasis,0.75,partial,classifier_query_error,missing_only,True,False,"Heart size moderately enlarged, stable mediastinal contours. opacity in the left lung base. Otherwise, no focal alveolar consolidation, no definite pleural effusion seen. No typical findings of pulmonary edema. 1. Cardiomegaly 2. opacity in the left base atelectasis",Central vascular prominence and diffuse bilateral interstitial and alveolar opacities. Left basilar airspace opacities. No pneumothorax. Heart size large. unremarkable. No large pleural effusion. pulmonary edema and left basilar atelectasis/airspace disease.,56
classifier_all_positive,3465,No Finding,no acute abnormality,No Finding,3719,No Finding,1.0,good,none,,False,False,No active disease.,Lungs are clear. No pleural effusions or pneumothoraces. Heart and mediastinum of normal size and contour. Clear lungs.,131
classifier_all_positive,3477,No Finding,no acute abnormality,No Finding,3719,No Finding,1.0,good,none,,False,False,No active disease.,The heart is normal in size. The mediastinum is unremarkable. The lungs are clear. No evidence of active tuberculosis. No acute disease.,132
classifier_all_positive,3508,Atelectasis;Pleural Effusion;Pleural Other,enlarged cardiomediastinum lung opacity lung lesion pleural effusion pleural abnormality,Enlarged Cardiomediastinum;Lung Opacity;Lung Lesion;Pleural Effusion;Pleural Other,742,Lung Opacity,0.0,poor,classifier_query_error,missing_and_extra,False,True,"focal opacity in the medial right lung base seen on the frontal view. No definite pleural effusion. Stable cardiomediastinal silhouette with normal heart size, no typical findings of pulmonary edema. Abnormal opacity in the right lung base which may be compatible with pneumonia in the appropriate clinical setting. Recommend clinical correlation for infection and followup to resolution. Or, if clinical findings are not compatible with may be of.","The heart is normal in size. The cardiomediastinal contours are stable. There are stable bilateral pleural effusions with partial right-sided loculation. Biapical scarring and pleural thickening appears stable. There is again right-sided superior hilar retraction and mild rightward deviation. No acute infiltrate is appreciated. 1. Stable bilateral pleural effusions and pleural thickening, right worse than left, with mild right-sided loculation. 2. Stable appearance of right apical thickening/atelectasis with volume loss, possibly related to prior radiation or surgery. Suggest clinical correlation.",119
classifier_all_positive,3528,No Finding,no acute abnormality,No Finding,3719,No Finding,1.0,good,none,,False,False,No active disease.,The heart is normal in size. The mediastinum is unremarkable. The lungs are clear. No acute disease.,133
classifier_all_positive,3539,No Finding,no acute abnormality,No Finding,3719,No Finding,1.0,good,none,,False,False,No active disease.,Normal heart size. The lungs are clear without pneumothorax or large pleural effusion. The trachea is midline and. No acute cardiopulmonary findings.,134
classifier_all_positive,3542,No Finding,no acute abnormality,No Finding,3719,No Finding,1.0,good,none,,False,False,No active disease.,"Heart size and mediastinal contours appear within normal limits. Pulmonary vascularity is within normal limits. No focal consolidation, suspicious pulmonary opacity, pneumothorax or definite pleural effusion. Visualized osseous structures appear intact. No acute cardiopulmonary abnormality. No radiographic evidence of metastatic disease in the chest.",135
classifier_all_positive,3559,Lung Lesion,fracture,Fracture,2588,,0.0,poor,classifier_query_error,missing_and_extra,False,True,"No focal consolidation, pneumothorax or definite pleural effusion. Nodular density projected over the left base with no lateral view correlate secondary to soft tissue overlay. Heart size and pulmonary vascularity within normal limits, no mediastinal widening characteristic in appearance of vascular injury. No acute osseous injury demonstrated. No acute findings. Please note that fractures may not be demonstrated and consider additional imaging as clinically indicated.","Heart size within normal limits. Negative for focal pulmonary consolidation, pleural effusion, or pneumothorax. Mild levocurvature of thoracic spine. A 9 mm pulmonary nodule is noted partially overlying the posterior 6th right rib on the frontal view. No acute abnormality.",120
classifier_all_positive,3562,Atelectasis,enlarged cardiomediastinum fracture,Enlarged Cardiomediastinum;Fracture,429,No Finding,0.0,poor,classifier_query_error,missing_and_extra,False,True,"The cardiomediastinal silhouette and pulmonary vasculature are within normal limits in size. The lungs are clear of focal airspace disease, pneumothorax, or pleural effusion. There is no definite evidence of acute fracture. No acute cardiopulmonary findings..",The cardiomediastinal silhouette and vasculature are within normal limits for size and contour. Sequela of prior granulomatous disease Lung volumes are low with central bronchovascular crowding and patchy basilar atelectasis.. Degenerative changes of the spine. 1. Low volume study without acute process.,121
classifier_all_positive,3565,Lung Opacity;Consolidation;Pneumonia,lung opacity consolidation pneumonia,Lung Opacity;Consolidation;Pneumonia,742,Lung Opacity,0.3333333333333333,partial,retrieval_mismatch_despite_correct_query,,False,False,"focal opacity in the medial right lung base seen on the frontal view. No definite pleural effusion. Stable cardiomediastinal silhouette with normal heart size, no typical findings of pulmonary edema. Abnormal opacity in the right lung base which may be compatible with pneumonia in the appropriate clinical setting. Recommend clinical correlation for infection and followup to resolution. Or, if clinical findings are not compatible with may be of.","The cardiomediastinal silhouette is stable in appearance. There is redemonstration of complete opacification of the right middle lobe no significant associated volume loss. The left lung appears clear. No pneumothorax or pleural effusion demonstrated. The thoracic spine appears intact. 1. Stable right middle lobe consolidation, most consistent with pneumonia.",57
classifier_all_positive,3589,Lung Opacity,pneumonia atelectasis,Pneumonia;Atelectasis,3140,Lung Opacity;Atelectasis,0.5,partial,classifier_query_error,missing_and_extra,False,True,"Streaky opacities in the right lower lobe most suggestive of atelectasis, differential diagnosis includes atypical infection. No definite pleural effusion seen. Heart size within normal limits, no typical findings of pulmonary edema.","Cardiomediastinal contour and pulmonary vascularity stable and within normal limits. Lung volumes are slightly low. There are streaky left basal opacities. No pleural effusion or pneumothorax. No acute osseous findings. No free air is demonstrated. Streaky left basilar airspace opacities, which could reflect atelectasis and/or infection.",58
classifier_all_positive,3593,No Finding,no acute abnormality,No Finding,3719,No Finding,1.0,good,none,,False,False,No active disease.,"Heart size normal. Lungs are clear. are normal. No pneumonia, effusions, edema, pneumothorax, adenopathy, nodules or masses. Normal chest",136
classifier_all_positive,3597,Support Devices,lung lesion pneumonia,Lung Lesion;Pneumonia,712,,0.0,poor,classifier_query_error,missing_and_extra,False,True,The lungs are mildly hyperexpanded. There is no focal airspace consolidation to suggest pneumonia. No pleural effusion or pneumothorax. Normal heart size and mediastinal contour. No acute abnormality demonstrated.,"Left noted with tip approximating the high SVC, stable. No pleural effusions. No pneumothorax. Heart size is normal limits. Degenerative changes thoracic spine. No acute cardiopulmonary abnormality..",122
classifier_all_positive,3608,Cardiomegaly,cardiomegaly pulmonary edema,Cardiomegaly;Edema,1375,Cardiomegaly;Edema,0.5,partial,classifier_query_error,extra_only,False,False,"Cardiomegaly with interstitial edema. No effusions, pneumonia, nodules or masses.",Chest: The heart is enlarged. There may be a pericardial effusion. No definite pulmonary edema is seen. Lungs appear clear. There is no pleural effusion. The skeletal structures and soft tissues are unremarkable. KUB: single view of the abdomen was obtained. The bowel pattern is nonspecific. There is no evidence for obstruction or free intraperitoneal air. No large soft tissue masses or organomegaly are identified. The skeletal structures appear normal. Chest. 1. Cardiomegaly with possible pericardial effusion. 2. No evidence for pulmonary edema or pneumonitis. KUB. 1. Nonspecific abdomen.,59
classifier_all_positive,3610,No Finding,no acute abnormality,No Finding,3719,No Finding,1.0,good,none,,False,False,No active disease.,"Heart size normal. Lungs are clear. are normal. No pneumonia, effusions, edema, pneumothorax, adenopathy, nodules or masses. Normal chest No evidence of tuberculosis",137
classifier_all_positive,3611,Lung Opacity;Consolidation,enlarged cardiomediastinum cardiomegaly lung opacity pleural effusion pleural abnormality fracture,Enlarged Cardiomediastinum;Cardiomegaly;Lung Opacity;Pleural Effusion;Pleural Other;Fracture,429,No Finding,0.0,poor,classifier_query_error,missing_and_extra,False,True,"The cardiomediastinal silhouette and pulmonary vasculature are within normal limits in size. The lungs are clear of focal airspace disease, pneumothorax, or pleural effusion. There is no definite evidence of acute fracture. No acute cardiopulmonary findings..",Stable appearance of the cardiomediastinal silhouette. The aorta is calcified and tortuous. There is dextroscoliosis of the thoracolumbar spine. Multiple thoracic deformities appear unchanged. There is no displaced rib fracture identified. There is no pneumothorax or large pleural effusion. Stable changes of chronic lung disease with flattening of the left hemidiaphragm. There is mild right basilar airspace disease which may represent atelectasis versus infiltrate. 1. No acute posttraumatic finding. 2. Mild right basilar airspace consolidation may represent atelectasis versus infiltrate. 3. Changes of chronic lung disease.,123
classifier_all_positive,3624,No Finding,no acute abnormality,No Finding,3719,No Finding,1.0,good,none,,False,False,No active disease.,"The heart size and mediastinal contours appear within normal limits. No focal airspace consolidation, pleural effusion or pneumothorax. No acute bony abnormalities. No acute cardiopulmonary findings.",138
classifier_all_positive,3632,Lung Opacity;Atelectasis;Pleural Effusion;Pleural Other,fracture,Fracture,2588,,0.0,poor,classifier_query_error,missing_and_extra,False,True,"No focal consolidation, pneumothorax or definite pleural effusion. Nodular density projected over the left base with no lateral view correlate secondary to soft tissue overlay. Heart size and pulmonary vascularity within normal limits, no mediastinal widening characteristic in appearance of vascular injury. No acute osseous injury demonstrated. No acute findings. Please note that fractures may not be demonstrated and consider additional imaging as clinically indicated.","Normal heart size and mediastinal contours. Calcified aortic. opacities in the left lung base, atelectasis. The lateral view shows a left pleural effusion. No focal airspace consolidation. No pneumothorax. Stable bilateral apical pleural capping. 1. Small left pleural effusion.",124
classifier_all_positive,3639,No Finding,no acute abnormality,No Finding,3719,No Finding,1.0,good,none,,False,False,No active disease.,The cardiac and mediastinal silhouette is normal There is no evidence of pneumomediastinum or pneumothorax. Clear lungs There are no large pleural effusions No evidence of displaced fractures. 1. No evidence of pneumothorax or pneumomediastinum. 2. Clear lungs.,139
classifier_all_positive,3655,Lung Lesion,no acute abnormality,No Finding,3719,No Finding,0.0,poor,classifier_query_error,normal_vs_abnormal,False,True,No active disease.,"Well circumscribed 11 mm right upper lobe nodule, unchanged appearance from previous examination 7 years ago. The trachea is midline. Negative for pneumothorax, pleural effusion. The heart size is normal. Redemonstrated syndesmophyte. 1. No acute cardiopulmonary abnormality.",125
classifier_all_positive,3665,No Finding,no acute abnormality,No Finding,3719,No Finding,1.0,good,none,,False,False,No active disease.,"Heart size within normal limits. Negative for focal pulmonary consolidation, pleural effusion, or pneumothorax. No upper lobe airspace disease or cavitary lesions identified. 1. No acute abnormality. 2. No evidence of pulmonary tuberculosis.",140
classifier_all_positive,3667,Support Devices,support device,Support Devices,3929,Cardiomegaly;Support Devices,0.5,partial,retrieval_mismatch_despite_correct_query,,True,True,"A cardiac pacemaker/defibrillator device is redemonstration of the left chest wall with a single projecting over the right atrium and 2 leads projecting over the right ventricle. The cardiac silhouette is mildly enlarged, unchanged. No focal pulmonary consolidation. No pneumothorax. No pleural effusion. Minimal degenerative changes of the thoracic spine..","Density in the left upper lung on PA represents superimposed bony and vascular structures. There is calcification of the first rib costicartilage junction which contributes to this appearance. The lungs otherwise appear clear. The heart and pulmonary appear normal. In the pleural spaces are clear. The mediastinal contour is normal. There are degenerative changes of thoracic spine. There is an electronic cardiac device overlying the left chest wall with intact distal leads in the right heart. 1. Irregular density in the left upper lung on PA, artifact related to superimposed vascular bony structures. Chest fluoroscopy or would confirm this 2. Otherwise, no acute cardiopulmonary disease.",60
classifier_all_positive,3672,Cardiomegaly;Edema;Support Devices,cardiomegaly pulmonary edema pleural effusion,Cardiomegaly;Edema;Pleural Effusion,3328,Cardiomegaly;Pleural Effusion,0.25,partial,classifier_query_error,missing_and_extra,False,True,Minimal cardiomegaly. Prominent pulmonary. Probable very small pleural effusions and minimal questionable interstitial edema. No pneumonia,Stable appearance of aortic valve prosthesis. Sternotomy. Aortic calcifications. Mild interstitial edema. No focal infiltrate. No effusion or pneumothorax. Mild cardiomegaly. Mild interstitial edema.,61
classifier_all_positive,3683,Support Devices,no acute abnormality,No Finding,3719,No Finding,0.0,poor,classifier_query_error,normal_vs_abnormal,False,False,No active disease.,"Examination was performed with nipple markers. The previously noted small nodule in the right lower lung is not well-seen on today's study and may have been secondary to summation of structures. The heart is normal in size. The mediastinum is unremarkable. The lungs are otherwise clear. No acute disease. Previously visualized nodule in right lower lobe not well-seen on today's study, summation artifact.",126
classifier_all_positive,3692,No Finding,no acute abnormality,No Finding,3719,No Finding,1.0,good,none,,False,False,No active disease.,Stable cardiomediastinal silhouette. Pulmonary vascularity is within normal limits. Lungs are expanded and clear airspace disease. Negative for pneumothorax or pleural effusion. Limited evaluation reveals the to be grossly intact. 1. No acute cardiopulmonary abnormality.,141
classifier_all_positive,3701,No Finding,no acute abnormality,No Finding,3719,No Finding,1.0,good,none,,False,False,No active disease.,Both lungs are clear and expanded. Heart and mediastinum normal. No active disease.,142
classifier_all_positive,3720,No Finding,no acute abnormality,No Finding,3719,No Finding,1.0,good,none,,False,False,No active disease.,"The cardiomediastinal silhouette and pulmonary vasculature are within normal limits in size. The lungs are clear of focal airspace disease, pneumothorax, or pleural effusion. There are no acute bony findings. No acute cardiopulmonary findings..",143
classifier_all_positive,3726,No Finding,no acute abnormality,No Finding,3719,No Finding,1.0,good,none,,False,False,No active disease.,"Heart size normal. Lungs are clear. are normal. No pneumonia, effusions, edema, pneumothorax, adenopathy, nodules or masses. Normal chest",144
classifier_all_positive,3756,Lung Opacity,lung opacity atelectasis,Lung Opacity;Atelectasis,3721,Lung Opacity;Atelectasis,0.5,partial,classifier_query_error,extra_only,False,True,Streaky opacity is noted within the left lung base which may represent focal area of atelectasis. Right lung is grossly clear. Cardiac silhouette and mediastinal contours are within normal limits. There is no pneumothorax. No large pleural effusion. Left lower lobe atelectasis otherwise no acute cardiopulmonary disease.,"Mediastinal contours are normal. Unchanged opacity in the left lung base, scarring. Lungs are clear. There is no pneumothorax or large pleural effusion. No acute cardiopulmonary abnormality.",62
classifier_all_positive,3785,Lung Opacity,no acute abnormality,No Finding,3719,No Finding,0.0,poor,classifier_query_error,normal_vs_abnormal,False,True,No active disease.,"No pneumothorax or large pleural effusion. Mildly prominent perihilar opacities, due to bronchovascular crowding. Heart size within normal limits. Cardiomediastinal silhouette is. The bony structures appear intact. No acute cardiopulmonary disease.",127
classifier_all_positive,3787,No Finding,no acute abnormality,No Finding,3719,No Finding,1.0,good,none,,False,False,No active disease.,"Heart size is normal. No pneumothorax, pleural effusion, or focal airspace disease. Bony structures appear intact. Normal chest radiograph.",145
classifier_all_positive,3790,Lung Opacity,lung opacity atelectasis pleural effusion fracture,Lung Opacity;Atelectasis;Pleural Effusion;Fracture,3140,Lung Opacity;Atelectasis,0.5,partial,classifier_query_error,extra_only,False,True,"Streaky opacities in the right lower lobe most suggestive of atelectasis, differential diagnosis includes atypical infection. No definite pleural effusion seen. Heart size within normal limits, no typical findings of pulmonary edema.",Low lung volumes. Elevation of the right hemidiaphragm. Patchy opacities right base again noted. Left lung clear. Heart size top normal. Aortic calcification. Granulomas. No evidence of pneumothorax. Blunting of the bilateral costophrenic. Degenerative changes of the thoracic spine. Right lower lobe airspace disease..,63
classifier_all_positive,3793,Lung Opacity,lung opacity pneumonia atelectasis fracture,Lung Opacity;Pneumonia;Atelectasis;Fracture,742,Lung Opacity,1.0,good,none,extra_only,False,True,"focal opacity in the medial right lung base seen on the frontal view. No definite pleural effusion. Stable cardiomediastinal silhouette with normal heart size, no typical findings of pulmonary edema. Abnormal opacity in the right lung base which may be compatible with pneumonia in the appropriate clinical setting. Recommend clinical correlation for infection and followup to resolution. Or, if clinical findings are not compatible with may be of.",No acute osseous abnormality. Scattered degenerative changes throughout the thoracic spine. Normal heart size. Tortuous and dilated aorta. Chronic interstitial markings. Left base opacity. No pneumothorax or pleural effusion. Left basilar airspace disease.,146
classifier_all_positive,3809,No Finding,no acute abnormality,No Finding,3719,No Finding,1.0,good,none,,False,False,No active disease.,Cardiac and mediastinal contours are within normal limits. The lungs are clear. Bony structures are intact. Negative chest x-.,147
classifier_all_positive,3814,No Finding,fracture,Fracture,2588,,0.0,poor,classifier_query_error,normal_vs_abnormal,False,False,"No focal consolidation, pneumothorax or definite pleural effusion. Nodular density projected over the left base with no lateral view correlate secondary to soft tissue overlay. Heart size and pulmonary vascularity within normal limits, no mediastinal widening characteristic in appearance of vascular injury. No acute osseous injury demonstrated. No acute findings. Please note that fractures may not be demonstrated and consider additional imaging as clinically indicated.","No focal consolidation, pneumothorax or definite pleural effusion. Heart size within normal limits, no mediastinal widening characteristic in appearance of vascular injury. No acute osseous injury demonstrated. No acute related findings. Please note that fractures may not be demonstrated and consider additional imaging if clinically indicated.",128
classifier_all_positive,3817,No Finding,enlarged cardiomediastinum,Enlarged Cardiomediastinum,1233,Cardiomegaly;Atelectasis,0.0,poor,classifier_query_error,normal_vs_abnormal,False,False,"Enlarged cardiomediastinal silhouette. Low lung volumes. Relative elevation of right hemidiaphragm. left base density. No focal consolidation, pneumothorax or large pleural effusion. Negative for acute bone abnormality. Cardiomegaly without heart failure. Minimal left basilar scarring/atelectasis.","Lungs are clear bilaterally with no focal infiltrate, pleural effusion, or pneumothoraces. Cardiomediastinal silhouette is within normal limits. and soft tissues are unremarkable. No acute cardiopulmonary findings..",129
classifier_all_positive,3830,No Finding,no acute abnormality,No Finding,3719,No Finding,1.0,good,none,,False,False,No active disease.,Cardiac and mediastinal contours are within normal limits. The lungs are clear. Bony structures are intact. No acute preoperative findings.,148
classifier_all_positive,3837,No Finding,no acute abnormality,No Finding,3719,No Finding,1.0,good,none,,False,False,No active disease.,Lungs are clear. There is no pneumothorax or pleural effusion. The heart and mediastinum are within normal limits. Bony structures are intact. No acute cardiopulmonary process.,149
classifier_all_positive,3847,Pneumothorax,pneumothorax pleural effusion,Pneumothorax;Pleural Effusion,734,No Finding,0.0,poor,classifier_query_error,extra_only,False,True,No pneumothorax. Heart size is normal. No large pleural effusions. No focal airspace consolidation. No acute cardiopulmonary abnormalities.,"Both lungs remain hyperexpanded. No focal infiltrates. A small pleural or collection is present in the right apex. However, it has decreased considerably since the previous examination. Heart size remains normal. COPD with almost completely resolved right apical pleural air collection.",130
classifier_all_positive,3866,Lung Opacity;Pneumonia,lung opacity consolidation pneumonia,Lung Opacity;Consolidation;Pneumonia,742,Lung Opacity,0.5,partial,classifier_query_error,extra_only,False,False,"focal opacity in the medial right lung base seen on the frontal view. No definite pleural effusion. Stable cardiomediastinal silhouette with normal heart size, no typical findings of pulmonary edema. Abnormal opacity in the right lung base which may be compatible with pneumonia in the appropriate clinical setting. Recommend clinical correlation for infection and followup to resolution. Or, if clinical findings are not compatible with may be of.",Patchy airspace disease is noted within the right middle lobe. Subtle opacities are present within the lingula as well. There is no pneumothorax or pleural effusion. The heart size is normal. Patchy right middle lobe and lingular airspace disease compatible with multilobar pneumonia..,64
classifier_all_positive,3875,Lung Opacity,lung opacity pneumonia,Lung Opacity;Pneumonia,742,Lung Opacity,1.0,good,none,extra_only,False,True,"focal opacity in the medial right lung base seen on the frontal view. No definite pleural effusion. Stable cardiomediastinal silhouette with normal heart size, no typical findings of pulmonary edema. Abnormal opacity in the right lung base which may be compatible with pneumonia in the appropriate clinical setting. Recommend clinical correlation for infection and followup to resolution. Or, if clinical findings are not compatible with may be of.",Stable left lower lung increased interstitial markings. No focal alveolar opacities. Low lung volumes. Heart size is normal. No pneumothorax or pleural effusions. Stable left lower lung interstitial infiltrates or fibrosis. No acute cardiopulmonary findings.,150
classifier_all_positive,3879,No Finding,pneumonia,Pneumonia,1618,No Finding,1.0,good,none,normal_vs_abnormal,False,False,Heart size is normal and lungs are clear. No pneumonia.,The lungs and pleural spaces show no acute abnormality. Heart size and pulmonary vascularity within normal limits. 1. No acute pulmonary abnormality.,151
classifier_all_positive,3880,Cardiomegaly;Lung Opacity;Edema,cardiomegaly,Cardiomegaly,2040,Cardiomegaly,0.3333333333333333,partial,classifier_query_error,missing_only,False,False,Cardiomegaly. No effusions or edema. Clear chest,Unchanged cardiomegaly. Negative for pneumothorax or focal consolidation. No large effusion. Mildly prominent interstitial opacities. Stable cardiomegaly with mild pulmonary interstitial edema.,65
classifier_all_positive,3883,No Finding,no acute abnormality,No Finding,3719,No Finding,1.0,good,none,,False,False,No active disease.,"No pneumothorax, pleural effusion or airspace consolidation. Heart size and pulmonary vasculature appear within normal limits. are intact. No acute cardiopulmonary abnormality.",152
classifier_all_positive,3900,No Finding,no acute abnormality,No Finding,3719,No Finding,1.0,good,none,,False,False,No active disease.,The heart size and cardiomediastinal silhouette are within normal limits. Pulmonary vasculature appears normal. There is no focal air space consolidation. No pleural effusion or pneumothorax.,153
classifier_all_positive,3905,Cardiomegaly,cardiomegaly pulmonary edema,Cardiomegaly;Edema,1375,Cardiomegaly;Edema,0.5,partial,classifier_query_error,extra_only,False,False,"Cardiomegaly with interstitial edema. No effusions, pneumonia, nodules or masses.","The heart is enlarged, stable compared to the previous exam. The mediastinum is unremarkable. There is no pleural effusion, pneumothorax, or focal airspace disease. The are unremarkable. 1. Stable cardiomegaly without acute cardiopulmonary abnormality.",66
classifier_all_positive,3939,No Finding,no acute abnormality,No Finding,3719,No Finding,1.0,good,none,,False,False,No active disease.,"The cardiomediastinal silhouette is within normal limits for size and contour. The lungs are normally inflated without evidence of focal airspace disease, pleural effusion, or pneumothorax. Osseous structures are within normal limits for patient age.. 1. No acute radiographic cardiopulmonary process.",154
classifier_all_positive,3951,Lung Opacity;Lung Lesion,lung lesion consolidation pneumonia,Lung Lesion;Consolidation;Pneumonia,1699,Consolidation;Pneumonia;Pleural Effusion;Support Devices,0.0,poor,classifier_query_error,missing_and_extra,False,False,"There is mild mentally without pulmonary edema. Tortuous thoracic aorta, unchanged. Stable positioning of the dual- cardiac device. No visible pneumothorax. There is a small left pleural effusion. Focal airspace consolidation is visualized in the superior segment of the left lower lobe, appreciated on lateral projection. Increased retrosternal clear space suggesting chronic obstructive pulmonary disease. 1. Left lower lobe, superior segment, airspace consolidation, radiographic appearance most typical for pneumonia. Based on patient's age, a followup chest x- to document resolution is recommended. 2. left parapneumonic pleural effusion.","The cardiomediastinal silhouette is normal in size and contour. Masslike opacification of right apex. No pneumothorax or large pleural effusion. are grossly normal. Worsening masslike opacification of right apex, suggesting worsening malignancy or malignancy with postobstructive pneumonia.",131
classifier_all_positive,3953,No Finding,fracture,Fracture,2588,,0.0,poor,classifier_query_error,normal_vs_abnormal,False,False,"No focal consolidation, pneumothorax or definite pleural effusion. Nodular density projected over the left base with no lateral view correlate secondary to soft tissue overlay. Heart size and pulmonary vascularity within normal limits, no mediastinal widening characteristic in appearance of vascular injury. No acute osseous injury demonstrated. No acute findings. Please note that fractures may not be demonstrated and consider additional imaging as clinically indicated.","The lungs are clear bilaterally. Specifically, no evidence of focal consolidation, pneumothorax, or pleural effusion.. Cardio mediastinal silhouette is unremarkable. Visualized osseous structures of the thorax are without acute abnormality. No acute cardiopulmonary abnormality.",132
classifier_all_positive,3968,Pneumonia,fracture,Fracture,2588,,0.0,poor,classifier_query_error,missing_and_extra,False,False,"No focal consolidation, pneumothorax or definite pleural effusion. Nodular density projected over the left base with no lateral view correlate secondary to soft tissue overlay. Heart size and pulmonary vascularity within normal limits, no mediastinal widening characteristic in appearance of vascular injury. No acute osseous injury demonstrated. No acute findings. Please note that fractures may not be demonstrated and consider additional imaging as clinically indicated.",Left lower lobe segment pneumonia. Heart size normal. Lungs otherwise clear. No effusion,133
classifier_all_positive,3972,Lung Opacity,lung opacity pneumonia pleural abnormality,Lung Opacity;Pneumonia;Pleural Other,742,Lung Opacity,1.0,good,none,extra_only,False,True,"focal opacity in the medial right lung base seen on the frontal view. No definite pleural effusion. Stable cardiomediastinal silhouette with normal heart size, no typical findings of pulmonary edema. Abnormal opacity in the right lung base which may be compatible with pneumonia in the appropriate clinical setting. Recommend clinical correlation for infection and followup to resolution. Or, if clinical findings are not compatible with may be of.",Heart size and pulmonary vascularity appear within normal limits. Bilateral hilar fullness is present consistent with adenopathy. The appearance is unchanged. There is prominence of the interstitial markings bilaterally. These are also unchanged. No focal superimposed airspace disease is seen. No pneumothorax or pleural effusion is noted. 1. Continued hilar fullness consistent with adenopathy and bilateral interstitial opacities. Stable as compared to earlier study. The changes are compatible with known diagnosis of sarcoidosis.,155
classifier_all_positive,3973,No Finding,enlarged cardiomediastinum fracture,Enlarged Cardiomediastinum;Fracture,429,No Finding,1.0,good,none,normal_vs_abnormal,False,False,"The cardiomediastinal silhouette and pulmonary vasculature are within normal limits in size. The lungs are clear of focal airspace disease, pneumothorax, or pleural effusion. There is no definite evidence of acute fracture. No acute cardiopulmonary findings..",,156
classifier_all_positive,3976,No Finding,no acute abnormality,No Finding,3719,No Finding,1.0,good,none,,False,False,No active disease.,Heart size and mediastinal contour are normal. Pulmonary vascularity is normal. Lungs are clear. No pleural effusions or pneumothoraces. No acute cardiopulmonary process.,157
classifier_all_positive,3980,Cardiomegaly;Lung Opacity;Pleural Effusion;Pleural Other,lung opacity consolidation atelectasis pleural effusion,Lung Opacity;Consolidation;Atelectasis;Pleural Effusion,1016,Lung Opacity;Atelectasis;Pleural Effusion;Pleural Other,0.6,partial,classifier_query_error,missing_and_extra,False,True,"Comparison,. right pleural opacity along the lower chest wall compatible with thickening and/or some loculated effusion, accompanied with some adjacent atelectasis / airspace disease within the right lung base. Round opacity seen projecting adjacent to right hilum on PA view is on lateral view to represent some discoid atelectasis or fluid associated with the upper aspect of the fissure. Some opacities compatible with scarring/chronic inflammatory change are seen within the left lower lung which are more conspicuous versus previous examination. Stable mediastinal contour.","Heart size moderately enlarged. Mild left costophrenic blunting. Streaky and patchy bibasilar opacities, left greater than right. Right hemidiaphragm eventration noted. No typical findings of pulmonary edema. 1. Cardiomegaly and small left pleural effusion versus pleural thickening 2. Streaky and patchy bibasilar opacities may be compatible with atelectasis versus consolidation, aspiration, clinical correlation recommended",67
classifier_all_positive,3982,No Finding,no acute abnormality,No Finding,3719,No Finding,1.0,good,none,,False,False,No active disease.,"Normal heart size. No focal airspace consolidation, pneumothorax, pleural effusion, or pulmonary edema. No focal bony abnormality. No acute cardiothoracic abnormality.",158
classifier_gated,20,No Finding,no acute abnormality,No Finding,3719,No Finding,1.0,good,none,,False,False,No active disease.,The cardiac and mediastinal silhouettes are unremarkable. The lungs are well expanded and clear. There are no focal air space opacities. There is no pneumothorax or effusion. There are mild degenerative changes of the thoracic spine. No evidence of acute cardiopulmonary process. Stable appearance of the chest.,1
classifier_gated,23,No Finding,no acute abnormality,No Finding,3719,No Finding,1.0,good,none,,False,False,No active disease.,The heart size and pulmonary vascularity appear within normal limits. The lungs are free of focal airspace disease. No pleural effusion or pneumothorax is seen. No evidence of active disease.,2
classifier_gated,33,Support Devices,no acute abnormality,No Finding,3719,No Finding,0.0,poor,classifier_query_error,normal_vs_abnormal,False,False,No active disease.,Cardiac and mediastinal contours are within normal limits. The lungs are clear. Left axillary surgical clips. Bony structures are intact. No active pulmonary disease.,1
classifier_gated,50,Cardiomegaly,pulmonary edema,Edema,1711,,0.0,poor,classifier_query_error,missing_and_extra,False,True,"Heart size within normal limits, stable mediastinal and hilar contours. Left hemidiaphragm eventration. No focal alveolar consolidation, no definite pleural effusion seen. No typical findings of pulmonary edema. No acute findings",A lung volumes. Lungs are clear without focal airspace disease. No pleural effusions or pneumothoraces. cardiomegaly. Degenerative changes in the spine. Cardiomegaly with low lung volumes which are grossly clear.,2
classifier_gated,54,Atelectasis,no acute abnormality,No Finding,3719,No Finding,0.0,poor,classifier_query_error,normal_vs_abnormal,False,True,No active disease.,"The lungs are clear bilaterally. Specifically, no evidence of focal consolidation, pneumothorax, or pleural effusion.. Minimal right basilar subsegmental atelectasis noted. Cardio mediastinal silhouette is unremarkable. Tortuosity of the thoracic aorta noted. Scattered calcified granulomas are seen without evidence of active granulomatous/tuberculous process. Visualized osseous structures of the thorax are without acute abnormality. No acute cardiopulmonary abnormality.",3
classifier_gated,66,No Finding,no acute abnormality,No Finding,3719,No Finding,1.0,good,none,,False,False,No active disease.,"Chest. Both lungs are clear and expanded with no pleural air collections or parenchymal consolidations. Heart and mediastinum remain normal. Lumbosacral spine., disc spaces, and alignment are normal. Sacrum and sacroiliac joints are normal. 1. Chest. No active disease. 2. Lumbar spine negative.",3
classifier_gated,72,No Finding,no acute abnormality,No Finding,3719,No Finding,1.0,good,none,,False,False,No active disease.,"Lungs are clear without focal consolidation, effusion, or pneumothorax. Normal heart size. Bony thorax and soft tissues grossly unremarkable. Negative acute cardiopulmonary abnormality.",4
classifier_gated,73,Atelectasis;Pleural Effusion,pleural effusion,Pleural Effusion,3365,No Finding,0.0,poor,classifier_query_error,missing_only,False,True,No large pleural effusions. No pneumothorax. No focal airspace opacities. Heart size is normal. No acute cardiopulmonary abnormalities.,"Improved basilar aeration. Persistent small bilateral pleural effusions, on the right, small on the left with some associated left basilar atelectasis. Lungs otherwise clear. Unremarkable mediastinal contour. Changes of emphysema. No acute abnormalities since the previous chest radiograph.",4
classifier_gated,78,Atelectasis,atelectasis pleural effusion,Atelectasis;Pleural Effusion,3140,Lung Opacity;Atelectasis,0.5,partial,classifier_query_error,extra_only,False,False,"Streaky opacities in the right lower lobe most suggestive of atelectasis, differential diagnosis includes atypical infection. No definite pleural effusion seen. Heart size within normal limits, no typical findings of pulmonary edema.",Heart size normal. Right lung clear. Minimal basilar atelectasis on the left,1
classifier_gated,80,No Finding,no acute abnormality,No Finding,3719,No Finding,1.0,good,none,,False,False,No active disease.,"Heart size and mediastinal contour within normal limits. No focal airspace consolidation, pneumothorax, or large pleural effusion. No acute osseous abnormality. No acute cardiopulmonary abnormality.",5
classifier_gated,113,Lung Opacity;Lung Lesion,no acute abnormality,No Finding,3719,No Finding,0.0,poor,classifier_query_error,normal_vs_abnormal,True,False,No active disease.,"The heart and mediastinum are unremarkable. There are two subcentimeter hyperdense nodular opacities are noted within the right lung. These may represent on end or alternatively, calcified granulomas. The lungs are clear without infiltrate. There is no effusion or pneumothorax. 1. No acute cardiopulmonary disease.",5
classifier_gated,117,No Finding,no acute abnormality,No Finding,3719,No Finding,1.0,good,none,,False,False,No active disease.,"Comparison,. No suspicious appearing lung nodules. Well-expanded and clear lungs. Mediastinal contour within normal limits. No acute cardiopulmonary abnormality identified. Stable chest.",6
classifier_gated,144,Lung Opacity;Atelectasis,enlarged cardiomediastinum,Enlarged Cardiomediastinum,1233,Cardiomegaly;Atelectasis,0.3333333333333333,partial,classifier_query_error,missing_and_extra,False,True,"Enlarged cardiomediastinal silhouette. Low lung volumes. Relative elevation of right hemidiaphragm. left base density. No focal consolidation, pneumothorax or large pleural effusion. Negative for acute bone abnormality. Cardiomegaly without heart failure. Minimal left basilar scarring/atelectasis.",Overall low lung volumes with mild patchy bibasilar airspace disease. This most represents atelectasis given the low lung volumes. No pleural effusions or pneumothoraces. Heart and mediastinum of normal size and contour. Mild patchy bibasilar airspace disease most representing atelectasis given the low lung volumes.,2
classifier_gated,152,Cardiomegaly;Fracture,enlarged cardiomediastinum fracture,Enlarged Cardiomediastinum;Fracture,429,No Finding,0.0,poor,classifier_query_error,missing_and_extra,False,True,"The cardiomediastinal silhouette and pulmonary vasculature are within normal limits in size. The lungs are clear of focal airspace disease, pneumothorax, or pleural effusion. There is no definite evidence of acute fracture. No acute cardiopulmonary findings..","Stable cardiomediastinal silhouette with mild cardiomegaly and aortic ectasia and tortuosity. No alveolar consolidation, no findings of pleural effusion. Chronic appearing bilateral rib contour deformities compatible with old fractures. No pneumothorax. No acute findings.",6
classifier_gated,160,Lung Opacity,lung opacity,Lung Opacity,1972,Lung Opacity,1.0,good,none,,False,False,There is a airspace opacity in the left upper lung. Heart size within normal limits. Mild calcification of the aortic. No pneumothorax or pleural effusions. airspace opacity in the left upper lung which may represent streaky atelectasis or resolving pneumonia.,The heart is normal in size. The mediastinum is unremarkable. There is patchy infiltrate within normal right lower lobe. Mild opacities in the retrocardiac region. No large effusions or pneumothorax. Patchy right lower lobe infiltrate as well as probable left basilar infiltrate versus atelectasis.,7
classifier_gated,188,Lung Opacity;Atelectasis;Pleural Effusion,cardiomegaly pleural effusion,Cardiomegaly;Pleural Effusion,2814,Cardiomegaly,0.0,poor,classifier_query_error,missing_and_extra,False,False,There is cardiomegaly. Lateral view somewhat limited however small bilateral pleural effusions suspected. There is central vascular congestion.,"1. No residual right pleural effusion identified status post thoracentesis. No pneumothorax. 2. Mediastinum, cardiac size grossly stable. 3. Small to moderate left-sided pleural effusion, increased compared to prior chest radiograph. Left lung base atelectasis/airspace disease.",7
classifier_gated,189,Lung Opacity;Atelectasis,no acute abnormality,No Finding,3719,No Finding,0.0,poor,classifier_query_error,normal_vs_abnormal,False,True,No active disease.,"The heart, pulmonary and mediastinum are within normal limits. There is no pleural effusion or pneumothorax. There is no focal air space opacity to suggest a pneumonia. There is a 1 cm focal opacity in the right lung apex incompletely evaluated by this exam. There is minimal left basilar opacity compatible with scarring or atelectasis. There are degenerative changes of the spine. 1 cm of apical opacity, scarring versus nodule. A noncontrast is indicated for further characterization. Critical result notification documented through Primordial.",8
classifier_gated,195,No Finding,pneumonia,Pneumonia,1618,No Finding,1.0,good,none,normal_vs_abnormal,False,False,Heart size is normal and lungs are clear. No pneumonia.,Clear lungs bilaterally. No pneumothorax or pleural effusion. Normal cardiac contours 1. No acute cardiopulmonary abnormalities,8
classifier_gated,220,Lung Lesion;Support Devices,lung opacity pneumonia pleural abnormality,Lung Opacity;Pneumonia;Pleural Other,742,Lung Opacity,0.0,poor,classifier_query_error,missing_and_extra,False,False,"focal opacity in the medial right lung base seen on the frontal view. No definite pleural effusion. Stable cardiomediastinal silhouette with normal heart size, no typical findings of pulmonary edema. Abnormal opacity in the right lung base which may be compatible with pneumonia in the appropriate clinical setting. Recommend clinical correlation for infection and followup to resolution. Or, if clinical findings are not compatible with may be of.",The heart is normal in size. The mediastinum is stable. Left-sided chest is again visualized with tip at cavoatrial junction. There is no pneumothorax. Numerous bilateral pulmonary nodules have increased in size and number compared to prior study. The dominant nodule/mass in the left midlung is also mildly increased. There is no pleural effusion. Interval increase in size and number of innumerable bilateral pulmonary nodules consistent with worsening metastatic disease.,9
classifier_gated,222,No Finding,no acute abnormality,No Finding,3719,No Finding,1.0,good,none,,False,False,No active disease.,The heart size and pulmonary vascularity appear within normal limits. The lungs are free of focal airspace disease. No pleural effusion or pneumothorax is seen. 1. No evidence of active disease.,9
classifier_gated,229,Lung Lesion,no acute abnormality,No Finding,3719,No Finding,0.0,poor,classifier_query_error,normal_vs_abnormal,False,True,No active disease.,"Heart size within normal limits. No focal alveolar consolidation, no definite pleural effusion seen. No typical findings of pulmonary edema. Mediastinal calcification and dense right upper lung nodule suggest a previous granulomatous process. No acute cardiopulmonary findings",10
classifier_gated,249,Lung Lesion,lung lesion,Lung Lesion,1220,,0.0,poor,retrieval_mismatch_despite_correct_query,,False,False,"There is hyperexpansion, hyperlucency of both lungs, as well as flattening of the diaphragm consistent with chronic emphysematous lung disease. No focal consolidation, pneumothorax, or large pleural effusion identified (blunting of costophrenic recesses bilaterally may represent small effusions or pleural thickening/scar. Stable calcified mediastinal and hilar lymph and a left basilar calcified granuloma. Acute osseous abnormality. The mediastinal silhouette stable. Changes of chronic emphysematous lung disease without acute cardiopulmonary abnormality identified.","Lobulated right middle lobe mass measuring 4.5 x 6.8 cm, increased in size compared to prior study, most compatible with neoplasm. Otherwise, the lungs are clear without focal consolidation. No pneumothorax or pleural effusion. Cardiomediastinal silhouette within normal limits. 1. Interval enlargement of right middle lobe mass, highly suspicious for malignancy. Recommend CT of the chest/abdomen with intravenous contrast for further evaluation. 2. Otherwise clear lungs. Dr. notified of the critical results at on, by telephone and acknowledged receipt of these results.",11
classifier_gated,266,Cardiomegaly,cardiomegaly,Cardiomegaly,2040,Cardiomegaly,1.0,good,none,,False,True,Cardiomegaly. No effusions or edema. Clear chest,"The lungs and pleural spaces show no acute abnormality. Heart size is mildly enlarged, pulmonary vascularity within normal limits. Atherosclerotic calcifications are present in the aortic. 1. No acute pulmonary abnormality. 2. Mild cardiomegaly, atherosclerotic disease.",10
classifier_gated,268,Lung Opacity;Pneumonia,consolidation pneumonia,Consolidation;Pneumonia,3786,Cardiomegaly;Consolidation;Pneumonia,0.25,partial,classifier_query_error,missing_and_extra,False,False,"In the interval, consolidations have developed in the left upper lobe and both lower lobes. Heart size remains slightly large. Pulmonary normal. Bilateral increasing consolidations, consistent with multifocal pneumonia.",There is a right upper lobe opacity. Cardiomediastinal silhouette is normal. Pulmonary vasculature and are normal. Osseous structures and soft tissues are normal. Right upper lobe pneumonia.,3
classifier_gated,278,Lung Opacity;Lung Lesion,no acute abnormality,No Finding,3719,No Finding,0.0,poor,classifier_query_error,normal_vs_abnormal,False,True,No active disease.,"No pneumothorax, pleural effusion, or focal airspace disease. Heart size normal. Stable cardiomediastinal silhouette. Nodular opacities consistent with chronic granulomatous disease. Bony structures intact. Negative for acute cardiopulmonary disease.",12
classifier_gated,290,Support Devices,no acute abnormality,No Finding,3719,No Finding,0.0,poor,classifier_query_error,normal_vs_abnormal,False,False,No active disease.,The lungs are clear. There are multiple surgical seen near the apical regions and lower cervical region bilaterally. The heart and mediastinum are normal. There is a screw in the right shoulder. The soft tissues are normal. 1. No active disease. 2. There are numerous small surgical clips seen overlying the upper thorax bilaterally and the lower cervical region of uncertain significance.,13
classifier_gated,298,No Finding,no acute abnormality,No Finding,3719,No Finding,1.0,good,none,,False,False,No active disease.,The lungs are clear. There is no pleural effusion or pneumothorax. The heart and mediastinum are normal. The skeletal structures are normal. No acute pulmonary disease.,11
classifier_gated,310,No Finding,no acute abnormality,No Finding,3719,No Finding,1.0,good,none,,False,False,No active disease.,"Chest. The examination consists of frontal and lateral radiographs of the chest. The cardiomediastinal contours are within normal limits. No focal consolidation, pleural effusion, or pneumothorax identified. The visualized osseous structures and upper abdomen are unremarkable. Thoracic spine. The examination consists of frontal, lateral and swimmers lateral radiographs of the thoracic spine. There is no evidence of fracture or malalignment. The vertebral body and disc spaces are maintained. Sternum. The examination consists of 2 oblique and one lateral radiograph of the sternum. No displaced fracture demonstrated. 1. No radiographic evidence of acute thoracic.",12
classifier_gated,317,No Finding,fracture,Fracture,2588,,0.0,poor,classifier_query_error,normal_vs_abnormal,False,False,"No focal consolidation, pneumothorax or definite pleural effusion. Nodular density projected over the left base with no lateral view correlate secondary to soft tissue overlay. Heart size and pulmonary vascularity within normal limits, no mediastinal widening characteristic in appearance of vascular injury. No acute osseous injury demonstrated. No acute findings. Please note that fractures may not be demonstrated and consider additional imaging as clinically indicated.",Normal heart size. Normal mediastinal silhouette. No pneumothorax or pleural effusion. No suspicious focal air space opacity. No acute abnormality.,14
classifier_gated,325,No Finding,no acute abnormality,No Finding,3719,No Finding,1.0,good,none,,False,False,No active disease.,Lungs are clear. No pleural effusions or pneumothoraces. Heart and mediastinum of normal size and contour. Clear lungs.,13
classifier_gated,332,Lung Opacity,no acute abnormality,No Finding,3719,No Finding,0.0,poor,classifier_query_error,normal_vs_abnormal,False,False,No active disease.,"There are are streaky retrocardiac left lower lobe opacities, in the correct clinical setting this could represent a pneumonia. There is no pneumothorax or pleural effusion. The cardiac silhouette is within normal limits. Streaky left retrocardiac airspace opacities, in the correct clinical setting this could represent a pneumonia.",15
classifier_gated,335,Support Devices,support device,Support Devices,3929,Cardiomegaly;Support Devices,0.5,partial,retrieval_mismatch_despite_correct_query,,False,False,"A cardiac pacemaker/defibrillator device is redemonstration of the left chest wall with a single projecting over the right atrium and 2 leads projecting over the right ventricle. The cardiac silhouette is mildly enlarged, unchanged. No focal pulmonary consolidation. No pneumothorax. No pleural effusion. Minimal degenerative changes of the thoracic spine..",A left-sided hemodialysis catheter is in with its distal tip at the right atrium. The cardiac silhouette and mediastinal contours are within normal limits. There is no focal opacity. There is no pneumothorax. No large pleural effusion. Stable position of the left-sided hemodialysis catheter otherwise no acute cardiopulmonary disease.,4
classifier_gated,338,No Finding,no acute abnormality,No Finding,3719,No Finding,1.0,good,none,,False,False,No active disease.,"The heart, pulmonary and mediastinum are within normal limits. There is no pleural effusion or pneumothorax. There is no focal air space opacity to suggest a pneumonia. The patient was shielded. No acute cardiopulmonary disease.",14
classifier_gated,368,No Finding,no acute abnormality,No Finding,3719,No Finding,1.0,good,none,,False,False,No active disease.,Cardiomediastinal silhouette and pulmonary vasculature are within normal limits. Lungs are clear. No pneumothorax or pleural effusion. No acute osseous findings. No acute cardiopulmonary findings.,15
classifier_gated,373,No Finding,no acute abnormality,No Finding,3719,No Finding,1.0,good,none,,False,False,No active disease.,Both lungs are clear and expanded. Heart and mediastinum normal. No active disease.,16
classifier_gated,382,Lung Opacity,lung opacity pneumothorax,Lung Opacity;Pneumothorax,2218,Cardiomegaly;Lung Opacity;Atelectasis,0.3333333333333333,partial,classifier_query_error,extra_only,False,True,"The opacity at the left lung base appears stable from prior exam. There is elevation of the left hemidiaphragm is stable. The cardiomediastinal silhouette is enlarged but unchanged. sternotomy are again noted. There is a large amount of distending the stomach, which incidentally was also seen on prior exam of 3 years ago. There is no pneumothorax. 1. Left basilar opacity represents atelectasis/scarring with associated elevated hemidiaphragm. 2. Stable cardiomegaly. 3. No airspace disease.","Stable, normal cardiac size, mediastinum, and central pulmonary vasculature. Marked bullous emphysematous changes and traction bronchiectasis, again most notable involving the bilateral upper lobes. Stable prominent ovoid opacity (4.3 x 2.8 ) a large left upper lobe, reflecting a superimposed aspergilloma-as more readily demonstrated on the previous CT chest study from. No areas of alveolar airspace consolidation are identified. No evidence of pleural effusion or pneumothorax. 1. Marked bullous emphysematous changes and traction bronchiectasis, again most notable involving the bilateral upper lobes. Stable suspected superimposed left upper lobe aspergilloma - as more readily demonstrated on the previous CT chest study from.",5
classifier_gated,392,Support Devices,support device,Support Devices,3929,Cardiomegaly;Support Devices,0.5,partial,retrieval_mismatch_despite_correct_query,,False,False,"A cardiac pacemaker/defibrillator device is redemonstration of the left chest wall with a single projecting over the right atrium and 2 leads projecting over the right ventricle. The cardiac silhouette is mildly enlarged, unchanged. No focal pulmonary consolidation. No pneumothorax. No pleural effusion. Minimal degenerative changes of the thoracic spine..","Lungs are clear. No focal consolidation, effusion, or pneumothorax. Interval resolution of left effusion. Central venous dialysis catheter unchanged in position. Heart and mediastinal contours are normal. Osseous structures intact. No acute cardiopulmonary disease.",6
classifier_gated,406,Lung Lesion,no acute abnormality,No Finding,3719,No Finding,0.0,poor,classifier_query_error,normal_vs_abnormal,False,True,No active disease.,"Heart size normal. No pneumothorax, large pleural effusion, or focal airspace disease. Bony structures appear intact. Calcified right hilar nodules consistent with chronic granulomatous disease. No acute cardiopulmonary abnormality.",16
classifier_gated,407,No Finding,no acute abnormality,No Finding,3719,No Finding,1.0,good,none,,False,False,No active disease.,Lungs are clear. No pleural effusions or pneumothoraces. Heart and mediastinum of normal size and contour. Clear lungs.,17
classifier_gated,419,No Finding,no acute abnormality,No Finding,3719,No Finding,1.0,good,none,,False,False,No active disease.,Cardiac and mediastinal contours are within normal limits. The lungs are clear. Bony structures are intact. No acute preoperative findings.,18
classifier_gated,427,No Finding,no acute abnormality,No Finding,3719,No Finding,1.0,good,none,,False,False,No active disease.,"The cardiomediastinal silhouette is within normal limits for size and contour. The lungs are normally inflated without evidence of focal airspace disease, pleural effusion, or pneumothorax. Osseous structures are within normal limits for patient age.. 1. No acute radiographic cardiopulmonary process.",19
classifier_gated,436,Cardiomegaly,lung opacity consolidation,Lung Opacity;Consolidation,1016,Lung Opacity;Atelectasis;Pleural Effusion;Pleural Other,0.0,poor,classifier_query_error,missing_and_extra,False,True,"Comparison,. right pleural opacity along the lower chest wall compatible with thickening and/or some loculated effusion, accompanied with some adjacent atelectasis / airspace disease within the right lung base. Round opacity seen projecting adjacent to right hilum on PA view is on lateral view to represent some discoid atelectasis or fluid associated with the upper aspect of the fissure. Some opacities compatible with scarring/chronic inflammatory change are seen within the left lower lung which are more conspicuous versus previous examination. Stable mediastinal contour.",Borderline heart size. Calcified aorta. No active pulmonary edema or lobar pneumonia. Probable large retrocardiac hiatal hernia.,17
classifier_gated,438,No Finding,no acute abnormality,No Finding,3719,No Finding,1.0,good,none,,False,False,No active disease.,Heart size is normal and lungs are clear,20
classifier_gated,441,Lung Lesion,fracture,Fracture,2588,,0.0,poor,classifier_query_error,missing_and_extra,False,True,"No focal consolidation, pneumothorax or definite pleural effusion. Nodular density projected over the left base with no lateral view correlate secondary to soft tissue overlay. Heart size and pulmonary vascularity within normal limits, no mediastinal widening characteristic in appearance of vascular injury. No acute osseous injury demonstrated. No acute findings. Please note that fractures may not be demonstrated and consider additional imaging as clinically indicated.","Mediastinal contours are normal. Heart size is within normal limits. Multiple scattered calcified pulmonary nodules, sequela of prior granulomatous disease. Otherwise lungs are clear.. There is no pneumothorax or large pleural effusion. No bony abnormality. No acute cardiopulmonary abnormality.",18
classifier_gated,450,No Finding,no acute abnormality,No Finding,3719,No Finding,1.0,good,none,,False,False,No active disease.,No focal consolidation. No pneumothorax. No pleural effusions. Heart size normal. Cardio mediastinal silhouette is unremarkable. 1. No acute cardiopulmonary findings.,21
classifier_gated,481,Support Devices,support device,Support Devices,3929,Cardiomegaly;Support Devices,0.5,partial,retrieval_mismatch_despite_correct_query,,False,True,"A cardiac pacemaker/defibrillator device is redemonstration of the left chest wall with a single projecting over the right atrium and 2 leads projecting over the right ventricle. The cardiac silhouette is mildly enlarged, unchanged. No focal pulmonary consolidation. No pneumothorax. No pleural effusion. Minimal degenerative changes of the thoracic spine..","Left PICC line tip near junction of brachiocephalic vein and SVC; repositioning with a slight advancement may be helpful. There is a tortuous atherosclerotic aorta. Large lung volumes with widened AP diameter of the chest, due to COPD; recommend clinical correlation. Diffuse bronchial calcification and with mild atherosclerotic calcification. No evidence of pulmonary consolidation, large pleural effusion/pneumothorax. there is degenerative changes at the joints. Osteopenia. Degenerative changes of the cervical spine with possible fusion in the lower cervical region.",7
classifier_gated,483,Cardiomegaly,atelectasis,Atelectasis,3140,Lung Opacity;Atelectasis,0.0,poor,classifier_query_error,missing_and_extra,False,True,"Streaky opacities in the right lower lobe most suggestive of atelectasis, differential diagnosis includes atypical infection. No definite pleural effusion seen. Heart size within normal limits, no typical findings of pulmonary edema.",There is flattening of hemidiaphragms. There are prominent interstitial markings. There is no focal consolidation to suggest pneumonia. There are atherosclerotic institutions of the aorta. The heart is of the first limits of normal size. No pneumothorax or pleural effusion. 1. Hyperexpanded lungs with flattened hemidiaphragm suggesting COPD. 2. Borderline enlarged heart. 3. No acute cardiopulmonary abnormality.,19
classifier_gated,499,No Finding,fracture,Fracture,2588,,0.0,poor,classifier_query_error,normal_vs_abnormal,False,False,"No focal consolidation, pneumothorax or definite pleural effusion. Nodular density projected over the left base with no lateral view correlate secondary to soft tissue overlay. Heart size and pulmonary vascularity within normal limits, no mediastinal widening characteristic in appearance of vascular injury. No acute osseous injury demonstrated. No acute findings. Please note that fractures may not be demonstrated and consider additional imaging as clinically indicated.",There are no focal areas of consolidation. No suspicious pulmonary opacities. Heart size within normal limits. No pleural effusions. There is no evidence of pneumothorax. No acute cardiopulmonary abnormality.,20
classifier_gated,501,Lung Opacity,pneumonia,Pneumonia,1618,No Finding,0.0,poor,classifier_query_error,missing_and_extra,False,False,Heart size is normal and lungs are clear. No pneumonia.,"1. There is minimal streaky opacity in the posterior lungs, possibly cyst, scarring, or pneumonia. 2. Heart size and pulmonary appear normal 3. Mediastinal contours are normal",21
classifier_gated,504,Lung Opacity;Atelectasis,atelectasis,Atelectasis,3140,Lung Opacity;Atelectasis,1.0,good,none,missing_only,False,True,"Streaky opacities in the right lower lobe most suggestive of atelectasis, differential diagnosis includes atypical infection. No definite pleural effusion seen. Heart size within normal limits, no typical findings of pulmonary edema.","Stable cardiomediastinal silhouette. Stable opacity in the left base, scarring or atelectasis. Rounded calcified density in the left lung base, calcified granuloma. No consolidation. No pleural effusion or pneumothorax. Stable degenerative changes of the spine. No acute cardiopulmonary abnormality.",22
classifier_gated,505,No Finding,pleural abnormality fracture,Pleural Other;Fracture,2588,,0.0,poor,classifier_query_error,normal_vs_abnormal,False,False,"No focal consolidation, pneumothorax or definite pleural effusion. Nodular density projected over the left base with no lateral view correlate secondary to soft tissue overlay. Heart size and pulmonary vascularity within normal limits, no mediastinal widening characteristic in appearance of vascular injury. No acute osseous injury demonstrated. No acute findings. Please note that fractures may not be demonstrated and consider additional imaging as clinically indicated.","No focal consolidation, suspicious pulmonary opacity, pneumothorax or definite pleural effusion. Heart size and pulmonary vascularity within normal limits, visualized osseous structures appear intact. No acute cardiopulmonary abnormality.",22
classifier_gated,508,No Finding,no acute abnormality,No Finding,3719,No Finding,1.0,good,none,,False,False,No active disease.,Normal heart size and mediastinal contours. No focal airspace consolidation. No pleural effusion or pneumothorax. Visualized osseous structures are unremarkable. No acute cardiopulmonary abnormality.,23
classifier_gated,514,No Finding,no acute abnormality,No Finding,3719,No Finding,1.0,good,none,,False,False,No active disease.,The heart size is normal. Lungs are clear. There is no pleural line to suggest pneumothorax or costophrenic blunting to suggest large pleural effusion. Bony structures are within normal limits. No acute cardiopulmonary findings.,24
classifier_gated,522,Atelectasis,fracture,Fracture,2588,,0.0,poor,classifier_query_error,missing_and_extra,False,True,"No focal consolidation, pneumothorax or definite pleural effusion. Nodular density projected over the left base with no lateral view correlate secondary to soft tissue overlay. Heart size and pulmonary vascularity within normal limits, no mediastinal widening characteristic in appearance of vascular injury. No acute osseous injury demonstrated. No acute findings. Please note that fractures may not be demonstrated and consider additional imaging as clinically indicated.",There is hyperinflation of the lungs. A small area scarring is seen in the left cardiophrenic region. There is no pleural effusion or pneumothorax. The heart is not significantly enlarged. There are atherosclerotic changes of the aorta. Arthritic changes of the skeletal structures are noted. COPD and small left basilar scar.,23
classifier_gated,530,Cardiomegaly,cardiomegaly,Cardiomegaly,2040,Cardiomegaly,1.0,good,none,,False,False,Cardiomegaly. No effusions or edema. Clear chest,Slight cardiomegaly. Clear lungs. No effusion,25
classifier_gated,546,Pleural Effusion,cardiomegaly pleural effusion,Cardiomegaly;Pleural Effusion,2814,Cardiomegaly,0.0,poor,classifier_query_error,extra_only,False,False,There is cardiomegaly. Lateral view somewhat limited however small bilateral pleural effusions suspected. There is central vascular congestion.,"no cardiomegaly with bilateral small pleural effusions. Decubitus x- be informative. No evidence of pneumonia, nodules, or masses.",24
classifier_gated,569,Lung Opacity;Support Devices,pneumothorax pleural abnormality,Pneumothorax;Pleural Other,734,No Finding,0.0,poor,classifier_query_error,missing_and_extra,True,True,No pneumothorax. Heart size is normal. No large pleural effusions. No focal airspace consolidation. No acute cardiopulmonary abnormalities.,"The heart size and pulmonary vascularity appear within normal limits. The left hemidiaphragm remains elevated. Right base densities are again noted which appear improved. Previously seen left pleural effusion has resolved. There continues to be some left base opacities which may represent atelectasis. Surgical clips and suture lines are noted in the mediastinum. An air-fluid level is seen in the upper right abdomen immediately below the right hemidiaphragm. Extensive pleural densities are present on the right which may represent localized fluid or pleural thickening. No definite pneumothorax is seen. 1. Continued elevation of the left hemidiaphragm. 2. Extensive post-op changes. 3. Right pleural densities which may represent thickening or localized fluid. 4. Air-fluid level below the right hemidiaphragm medially. Although this could represent air-fluid within a of bowel, a subpulmonic process is a consideration. If clinically indicated, scan would better define this.",25
classifier_gated,573,Lung Opacity;Support Devices,lung opacity,Lung Opacity,1972,Lung Opacity,0.5,partial,classifier_query_error,missing_only,False,True,There is a airspace opacity in the left upper lung. Heart size within normal limits. Mild calcification of the aortic. No pneumothorax or pleural effusions. airspace opacity in the left upper lung which may represent streaky atelectasis or resolving pneumonia.,"The examination consists of frontal and lateral radiographs of the chest. Sternotomy and surgical clips are again seen. The cardiomediastinal contours are unchanged. There is a background of marked centrilobular emphysema. Streaky opacities in the lung bases may represent atelectasis or scarring. There is no consolidation, pleural effusion or pneumothorax. No evidence of acute cardiopulmonary disease or significant interval change.",8
classifier_gated,579,No Finding,no acute abnormality,No Finding,3719,No Finding,1.0,good,none,,False,False,No active disease.,"The lungs are clear bilaterally. Specifically, no evidence of focal consolidation, pneumothorax, or pleural effusion.. Cardio mediastinal silhouette is unremarkable. Visualized osseous structures of the thorax are without acute abnormality. No acute cardiopulmonary abnormality..",26
classifier_gated,582,No Finding,no acute abnormality,No Finding,3719,No Finding,1.0,good,none,,False,False,No active disease.,Cardiomediastinal silhouette and pulmonary vasculature are within normal limits. Lungs are clear. No pneumothorax or pleural effusion. No acute osseous findings. No acute cardiopulmonary findings.,27
classifier_gated,584,No Finding,no acute abnormality,No Finding,3719,No Finding,1.0,good,none,,False,False,No active disease.,There are no focal areas of consolidation. No suspicious pulmonary opacities. Heart size within normal limits. No pleural effusions. No evidence of pneumothorax. Osseous structures intact. No acute cardiopulmonary abnormality.,28
classifier_gated,586,Cardiomegaly;Lung Opacity;Atelectasis,cardiomegaly lung opacity consolidation pneumonia,Cardiomegaly;Lung Opacity;Consolidation;Pneumonia,1740,Lung Opacity;Consolidation,0.25,partial,classifier_query_error,missing_and_extra,False,True,Frontal and lateral views of the chest show an unchanged cardiomediastinal silhouette. There is airspace opacity in the mid right lung radiating from the right hilum to the pleura and bordered inferiorly by the fissures. The fissure is convex upward. There is right base patchy airspace opacity. This appears chronic and may be due to scarring. There is no significant pleural effusion. Right upper lobe airspace consolidation Please correlate clinically for pneumonia.,The heart size is moderately enlarged. The pulmonary and mediastinum are within normal limits. There is no pleural effusion or pneumothorax. Again noted is and left midlung airspace opacity atelectasis. There is left basilar opacity atelectasis as well. There is improved right midlung opacity. There are mild degenerative changes of the spine. sternotomy are intact. Extensive atherosclerotic disease. Probable left midlung and left basilar atelectasis. Cardiomegaly.,9
classifier_gated,601,Lung Opacity;Support Devices,lung opacity consolidation pneumonia,Lung Opacity;Consolidation;Pneumonia,742,Lung Opacity,0.5,partial,classifier_query_error,missing_and_extra,True,True,"focal opacity in the medial right lung base seen on the frontal view. No definite pleural effusion. Stable cardiomediastinal silhouette with normal heart size, no typical findings of pulmonary edema. Abnormal opacity in the right lung base which may be compatible with pneumonia in the appropriate clinical setting. Recommend clinical correlation for infection and followup to resolution. Or, if clinical findings are not compatible with may be of.","Right dual-lumen internal jugular central venous catheter seen with tip overlying the cavoatrial junction. Heart size at the upper limits of normal. Low lung volumes with bronchovascular crowding. Patchy bibasilar air airspace opacities right greater than left. No visualized pneumothorax. Prominence of the mediastinum consistent with history of sarcoid. 1. Bilateral lower lung airspace disease right greater than left, most representing acute infectious process. 2. Widening of the mediastinum, secondary to lymphadenopathy related to sarcoid, or possibly reactive adenopathy.",10
classifier_gated,608,Fracture,fracture,Fracture,2588,,0.0,poor,retrieval_mismatch_despite_correct_query,,False,False,"No focal consolidation, pneumothorax or definite pleural effusion. Nodular density projected over the left base with no lateral view correlate secondary to soft tissue overlay. Heart size and pulmonary vascularity within normal limits, no mediastinal widening characteristic in appearance of vascular injury. No acute osseous injury demonstrated. No acute findings. Please note that fractures may not be demonstrated and consider additional imaging as clinically indicated.",The heart and mediastinum are unremarkable. The lungs are clear without infiltrate. There is no effusion or pneumothorax. There is an old healed fracture through the right 8th rib. 1. No acute cardiopulmonary disease.,26
classifier_gated,618,No Finding,no acute abnormality,No Finding,3719,No Finding,1.0,good,none,,False,False,No active disease.,"The heart, pulmonary and mediastinum are within normal limits. There is no pleural effusion or pneumothorax. There is no focal air space opacity to suggest a pneumonia. There is no pulmonary nodule identified. There is a left humerus prosthesis partly demonstrated. No acute cardiopulmonary disease. No evidence for metastatic disease by radiographic evaluation.",29
classifier_gated,661,Support Devices,pleural effusion,Pleural Effusion,3365,No Finding,0.0,poor,classifier_query_error,missing_and_extra,False,True,No large pleural effusions. No pneumothorax. No focal airspace opacities. Heart size is normal. No acute cardiopulmonary abnormalities.,Spinal stimulator in. Lungs are clear without focal airspace disease. No pleural effusions or pneumothoraces. Heart and mediastinum of normal size and contour. Degenerative changes in the thoracic spine. Clear lungs.,27
classifier_gated,665,Cardiomegaly,cardiomegaly,Cardiomegaly,2040,Cardiomegaly,1.0,good,none,,False,False,Cardiomegaly. No effusions or edema. Clear chest,Cardiomegaly stable. Lungs clear. No edema or effusions,30
classifier_gated,668,No Finding,atelectasis,Atelectasis,3140,Lung Opacity;Atelectasis,0.0,poor,classifier_query_error,normal_vs_abnormal,False,False,"Streaky opacities in the right lower lobe most suggestive of atelectasis, differential diagnosis includes atypical infection. No definite pleural effusion seen. Heart size within normal limits, no typical findings of pulmonary edema.","Heart size and mediastinal contours appear within normal limits. Pulmonary vascularity is within normal limits. No focal consolidation, suspicious pulmonary opacity, pneumothorax or definite pleural effusion. Visualized osseous structures appear intact. No acute cardiopulmonary abnormality.",28
classifier_gated,672,Cardiomegaly;Edema,lung opacity pneumonia,Lung Opacity;Pneumonia,742,Lung Opacity,0.0,poor,classifier_query_error,missing_and_extra,True,True,"focal opacity in the medial right lung base seen on the frontal view. No definite pleural effusion. Stable cardiomediastinal silhouette with normal heart size, no typical findings of pulmonary edema. Abnormal opacity in the right lung base which may be compatible with pneumonia in the appropriate clinical setting. Recommend clinical correlation for infection and followup to resolution. Or, if clinical findings are not compatible with may be of.",1. Vascular congestion and diffuse interstitial edema 2. Stable cardiomegaly 3. Low lung volumes,29
classifier_gated,683,No Finding,fracture,Fracture,2588,,0.0,poor,classifier_query_error,normal_vs_abnormal,False,False,"No focal consolidation, pneumothorax or definite pleural effusion. Nodular density projected over the left base with no lateral view correlate secondary to soft tissue overlay. Heart size and pulmonary vascularity within normal limits, no mediastinal widening characteristic in appearance of vascular injury. No acute osseous injury demonstrated. No acute findings. Please note that fractures may not be demonstrated and consider additional imaging as clinically indicated.",The heart is normal in size and contour. There is no mediastinal widening. The lungs are clear bilaterally. No large pleural effusion or pneumothorax. The are intact. No acute cardiopulmonary abnormalities.,30
classifier_gated,688,Lung Opacity;Atelectasis;Pleural Other,atelectasis,Atelectasis,3140,Lung Opacity;Atelectasis,0.6666666666666666,partial,classifier_query_error,missing_only,False,True,"Streaky opacities in the right lower lobe most suggestive of atelectasis, differential diagnosis includes atypical infection. No definite pleural effusion seen. Heart size within normal limits, no typical findings of pulmonary edema.","KUB. Centered over the mid abdomen there are multiple air-filled dilated loops of small bowel measuring the of which measure up to about 3.7 cm in diameter. There is also an extremely dilated in the same region which measures 5.9 cm in diameter. There is extensive soft tissue pannus. Prior abdominal surgery. Chest. There is left basilar opacity. No visualized pneumothorax. The heart size is normal. There is mild elevation of the left hemidiaphragm. There are no large pleural effusions. There is thickening of the fissure. KUB 1. There are numerous air-filled dilated loops of small bowel over the mid abdomen. These findings are consistent with small bowel obstruction. Chest 1. Left basilar airspace disease, atelectasis..",11
classifier_gated,689,Lung Lesion,lung lesion,Lung Lesion,1220,,0.0,poor,retrieval_mismatch_despite_correct_query,,False,False,"There is hyperexpansion, hyperlucency of both lungs, as well as flattening of the diaphragm consistent with chronic emphysematous lung disease. No focal consolidation, pneumothorax, or large pleural effusion identified (blunting of costophrenic recesses bilaterally may represent small effusions or pleural thickening/scar. Stable calcified mediastinal and hilar lymph and a left basilar calcified granuloma. Acute osseous abnormality. The mediastinal silhouette stable. Changes of chronic emphysematous lung disease without acute cardiopulmonary abnormality identified.","Three noncalcified lung nodules are present in the left lower lobe. The largest measures 3.5 mm in diameter. Another nodule is present near the right hilum. It is approximately 2 cm in diameter. The and mediastinum appear normal. Heart size normal. Multiple nodules in both the left and right lungs consistent with neoplasm. Further workup could be initiated with contrasted CT of the chest, abdomen, and pelvis. Dr. I discussed the findings and further workup suggestions by telephone approximately hours,.",31
classifier_gated,691,No Finding,fracture,Fracture,2588,,0.0,poor,classifier_query_error,normal_vs_abnormal,False,False,"No focal consolidation, pneumothorax or definite pleural effusion. Nodular density projected over the left base with no lateral view correlate secondary to soft tissue overlay. Heart size and pulmonary vascularity within normal limits, no mediastinal widening characteristic in appearance of vascular injury. No acute osseous injury demonstrated. No acute findings. Please note that fractures may not be demonstrated and consider additional imaging as clinically indicated.","The heart and cardiomediastinal silhouette are stable in size and contour. There is no focal airspace opacity, pleural effusion, or pneumothorax. The osseous structures are intact. No acute cardiopulmonary finding.",32
classifier_gated,709,Fracture,fracture,Fracture,2588,,0.0,poor,retrieval_mismatch_despite_correct_query,,False,True,"No focal consolidation, pneumothorax or definite pleural effusion. Nodular density projected over the left base with no lateral view correlate secondary to soft tissue overlay. Heart size and pulmonary vascularity within normal limits, no mediastinal widening characteristic in appearance of vascular injury. No acute osseous injury demonstrated. No acute findings. Please note that fractures may not be demonstrated and consider additional imaging as clinically indicated.",Heart size is normal. The lungs are clear. There are no focal air space consolidations. No pleural effusions or pneumothoraces. Aortic vascular calcifications. Normal pulmonary vascularity. Fracture-dislocation of the right shoulder. Bone demineralization. Scoliosis which is possibly positional. Clear lungs. Fracture-dislocation of the proximal right shoulder.,33
classifier_gated,716,Cardiomegaly,cardiomegaly,Cardiomegaly,2040,Cardiomegaly,1.0,good,none,,False,True,Cardiomegaly. No effusions or edema. Clear chest,Slight cardiomegaly. Calcified hilar lymph. No edema or effusions.,31
classifier_gated,725,No Finding,fracture,Fracture,2588,,0.0,poor,classifier_query_error,normal_vs_abnormal,False,False,"No focal consolidation, pneumothorax or definite pleural effusion. Nodular density projected over the left base with no lateral view correlate secondary to soft tissue overlay. Heart size and pulmonary vascularity within normal limits, no mediastinal widening characteristic in appearance of vascular injury. No acute osseous injury demonstrated. No acute findings. Please note that fractures may not be demonstrated and consider additional imaging as clinically indicated.",The cardiomediastinal silhouette is within normal limits. Lungs are clear without areas of focal consolidation. No pneumothorax or large pleural effusion. No acute cardiopulmonary process.,34
classifier_gated,731,No Finding,no acute abnormality,No Finding,3719,No Finding,1.0,good,none,,False,False,No active disease.,"The lungs are clear, and without focal air space opacity. The cardiomediastinal silhouette is normal in size and contour. There is no pneumothorax or large pleural effusion. No acute cardiopulmonary abnormality.",32
classifier_gated,733,Support Devices,support device,Support Devices,3929,Cardiomegaly;Support Devices,0.5,partial,retrieval_mismatch_despite_correct_query,,False,True,"A cardiac pacemaker/defibrillator device is redemonstration of the left chest wall with a single projecting over the right atrium and 2 leads projecting over the right ventricle. The cardiac silhouette is mildly enlarged, unchanged. No focal pulmonary consolidation. No pneumothorax. No pleural effusion. Minimal degenerative changes of the thoracic spine..","There is a dual-lumen right internal jugular central venous catheter, the distal tip projects over the right atrium. There is no apparent pneumothorax. There is no focal lung opacity or pleural effusion. There is stable right upper lung lucency. The cardiopulmonary mediastinal silhouettes are stable. The visualized osseous structures appear within normal limits. 1. Distal tip of the dual-lumen right internal jugular central venous catheter projects over the right atrium. 2. No apparent pneumothorax. 3. Stable right upper lung lucency. CT chest may be helpful to further characterize.",12
classifier_gated,739,No Finding,no acute abnormality,No Finding,3719,No Finding,1.0,good,none,,False,False,No active disease.,and lateral views of the chest were obtained /. The lung volumes are low normal. The lungs are clear and there are no pleural effusions. The mediastinum and pulmonary are normal. The bony elements are not remarkable. No acute cardiopulmonary abnormalities are seen. END OF REPORT.,33
classifier_gated,744,Lung Opacity,pneumothorax,Pneumothorax,1570,,0.0,poor,classifier_query_error,missing_and_extra,True,False,Evaluation for pneumothorax is limited due to exclusion of the superior-most pulmonary apices. No visible pleural. No focal air space opacities or pleural effusion. Cardiomediastinal silhouette is within normal limits. No free subdiaphragmatic air. Mild degenerative changes of the thoracic spine. Included osseous structures are grossly intact. No acute pulmonary disease.,"The heart size and pulmonary vascularity appear within normal limits. Left -a- is in. No pleural effusion or pneumothorax is seen. Right upper lobe area of dense opacity is seen in the medial right apex. On a previous outside scan ( ), the right upper lobe was consolidated. Comparison to the from that exam shows this opacity to have decreased. No films were available, however, for direct comparison. 1. Right upper lobe opacity which appears improved as compared to previous scan.",35
classifier_gated,756,No Finding,fracture,Fracture,2588,,0.0,poor,classifier_query_error,normal_vs_abnormal,False,False,"No focal consolidation, pneumothorax or definite pleural effusion. Nodular density projected over the left base with no lateral view correlate secondary to soft tissue overlay. Heart size and pulmonary vascularity within normal limits, no mediastinal widening characteristic in appearance of vascular injury. No acute osseous injury demonstrated. No acute findings. Please note that fractures may not be demonstrated and consider additional imaging as clinically indicated.","Normal cardiomediastinal silhouette. No airspace consolidation, pneumothorax, pleural effusion, or pulmonary edema. No acute bony abnormality. No acute cardiopulmonary disease.",36
classifier_gated,758,No Finding,fracture,Fracture,2588,,0.0,poor,classifier_query_error,normal_vs_abnormal,False,False,"No focal consolidation, pneumothorax or definite pleural effusion. Nodular density projected over the left base with no lateral view correlate secondary to soft tissue overlay. Heart size and pulmonary vascularity within normal limits, no mediastinal widening characteristic in appearance of vascular injury. No acute osseous injury demonstrated. No acute findings. Please note that fractures may not be demonstrated and consider additional imaging as clinically indicated.",Normal heart size. Clear lungs. No large pleural effusion. No pneumothorax. No acute cardiopulmonary abnormality.,37
classifier_gated,760,Lung Opacity;Atelectasis,lung opacity,Lung Opacity,1972,Lung Opacity,0.5,partial,classifier_query_error,missing_only,False,True,There is a airspace opacity in the left upper lung. Heart size within normal limits. Mild calcification of the aortic. No pneumothorax or pleural effusions. airspace opacity in the left upper lung which may represent streaky atelectasis or resolving pneumonia.,"There is minimal hyperexpansion and hyperlucency of the lungs suggestive of chronic lung disease, without focal consolidation, pneumothorax, or effusion identified. opacity in the left subsegmental atelectasis. Cardiomediastinal silhouette is grossly stable and within normal limits, with mild tortuosity and atherosclerosis of the thoracic aorta. Multilevel degenerative disc disease of the thoracolumbar spine noted without acute bony abnormality. Changes of chronic lung disease without acute cardiopulmonary abnormality.",13
classifier_gated,766,No Finding,no acute abnormality,No Finding,3719,No Finding,1.0,good,none,,False,False,No active disease.,Heart size is normal and the lungs are clear.,34
classifier_gated,793,No Finding,no acute abnormality,No Finding,3719,No Finding,1.0,good,none,,False,False,No active disease.,"The examination consists of frontal and lateral radiographs of the chest. The cardiomediastinal contours are within normal limits. Pulmonary vascularity is within normal limits. No focal consolidation, pleural effusion, or pneumothorax identified. Oval sclerotic density projecting over the inferior right glenoid may represent synovial osteochondromatosis or cortical. This is unchanged 31 17. The remaining osseous structures and visualized upper abdomen are unremarkable in appearance. No evidence of acute cardiopulmonary process.",35
classifier_gated,808,Lung Opacity;Pneumonia;Atelectasis,lung opacity,Lung Opacity,1972,Lung Opacity,0.3333333333333333,partial,classifier_query_error,missing_only,False,True,There is a airspace opacity in the left upper lung. Heart size within normal limits. Mild calcification of the aortic. No pneumothorax or pleural effusions. airspace opacity in the left upper lung which may represent streaky atelectasis or resolving pneumonia.,Overall low lung lines. There is scarring or subsegmental atelectasis at the right lung base. In the left lower lobe there is airspace disease consistent with pneumonia. No pneumothorax. Heart and mediastinum are stable given the lung volumes. Degenerative changes in the spine. 1. Left lower lobe pneumonia and minimal scarring or subsegmental atelectasis in the right lung base.,14
classifier_gated,841,Support Devices,no acute abnormality,No Finding,3719,No Finding,0.0,poor,classifier_query_error,normal_vs_abnormal,False,True,No active disease.,"The heart is normal in size. The mediastinum is unremarkable. Left upper extremity PIC catheter tip overlies the distal aspect of the left clavicle within the subclavian vein. There is no pneumothorax. The lungs are mildly hyperinflated but clear. Deformity of the lateral left 6th rib, old injury. No acute disease. Left upper extremity PIC catheter tip within left subclavian vein. Findings communicated primordial.",38
classifier_gated,844,No Finding,no acute abnormality,No Finding,3719,No Finding,1.0,good,none,,False,False,No active disease.,No pleural effusion no pneumothorax. Normal cardiac contour. No focal consolidation. Lungs clear bilaterally. 1. No acute cardiopulmonary abnormalities.,36
classifier_gated,847,Cardiomegaly,lung opacity,Lung Opacity,1972,Lung Opacity,0.0,poor,classifier_query_error,missing_and_extra,False,True,There is a airspace opacity in the left upper lung. Heart size within normal limits. Mild calcification of the aortic. No pneumothorax or pleural effusions. airspace opacity in the left upper lung which may represent streaky atelectasis or resolving pneumonia.,"The trachea is midline. The heart is slightly large. There are low lung volumes causing bronchovascular crowding. Otherwise the lungs appear clear, without evidence of acute infiltrate or effusion. There is no pneumothorax. Visualized bony structures reveal no acute abnormalities. No acute cardiopulmonary abnormalities.",39
classifier_gated,867,Support Devices,fracture,Fracture,2588,,0.0,poor,classifier_query_error,missing_and_extra,False,True,"No focal consolidation, pneumothorax or definite pleural effusion. Nodular density projected over the left base with no lateral view correlate secondary to soft tissue overlay. Heart size and pulmonary vascularity within normal limits, no mediastinal widening characteristic in appearance of vascular injury. No acute osseous injury demonstrated. No acute findings. Please note that fractures may not be demonstrated and consider additional imaging as clinically indicated.","Heart size near top normal, bilateral hilar fullness nonspecific in appearance, mild aortic ectasia/tortuosity. Diaphragm flattening and relative apical lucencies suggestive of emphysema, and irregular interstitial markings, right greater than left. Prominent left epicardial fat, no focal alveolar consolidation, no definite pleural effusion seen. Atrial septal occluder artifact. Mild spine curvature. Borderline heart size and abnormal interstitial pulmonary pattern which may be compatible with chronic interstitial change, differential diagnosis is and includes asymmetric pulmonary edema, inflammation, atypical infection, infiltrative process. Comparison with previous exams would be of. Bilateral hilar fullness may indicate pulmonary hypertension and clinical correlation is recommended, differential diagnosis reactive lymphadenopathy, metastatic disease.",40
classifier_gated,868,Lung Opacity;Support Devices,lung lesion,Lung Lesion,1220,,0.0,poor,classifier_query_error,missing_and_extra,False,True,"There is hyperexpansion, hyperlucency of both lungs, as well as flattening of the diaphragm consistent with chronic emphysematous lung disease. No focal consolidation, pneumothorax, or large pleural effusion identified (blunting of costophrenic recesses bilaterally may represent small effusions or pleural thickening/scar. Stable calcified mediastinal and hilar lymph and a left basilar calcified granuloma. Acute osseous abnormality. The mediastinal silhouette stable. Changes of chronic emphysematous lung disease without acute cardiopulmonary abnormality identified.",Heart size normal. Over expanded lungs. Aortic valve prosthesis. Calcified right hilar lymph node. Stable peripheral right lower lobe opacities seen between the anterior 7th and 8th right ribs which may represent pleural reaction or small pulmonary nodules. The patient has right middle lobe atelectasis and scarring in this region on old CT scans. From.,41
classifier_gated,882,No Finding,no acute abnormality,No Finding,3719,No Finding,1.0,good,none,,False,False,No active disease.,Heart size is normal and lungs are clear.,37
classifier_gated,906,Cardiomegaly,no acute abnormality,No Finding,3719,No Finding,0.0,poor,classifier_query_error,normal_vs_abnormal,False,False,No active disease.,"Heart size mildly enlarged, stable mediastinal and hilar contours. No focal alveolar consolidation, no definite pleural effusion seen. No typical findings of pulmonary edema. No pneumothorax. Mild cardiomegaly, no acute pulmonary findings",42
classifier_gated,912,No Finding,no acute abnormality,No Finding,3719,No Finding,1.0,good,none,,False,False,No active disease.,No focal consolidation. No visualized pneumothorax. No large pleural effusions. Heart size is normal. The cardiomediastinal silhouette is grossly unremarkable. 1. No acute cardiopulmonary findings.,38
classifier_gated,929,Lung Opacity;Atelectasis,lung lesion fracture,Lung Lesion;Fracture,2588,,0.0,poor,classifier_query_error,missing_and_extra,False,True,"No focal consolidation, pneumothorax or definite pleural effusion. Nodular density projected over the left base with no lateral view correlate secondary to soft tissue overlay. Heart size and pulmonary vascularity within normal limits, no mediastinal widening characteristic in appearance of vascular injury. No acute osseous injury demonstrated. No acute findings. Please note that fractures may not be demonstrated and consider additional imaging as clinically indicated.",No change lung. opacities are present in the right lower lobe. No focal infiltrates. Heart and mediastinum are unremarkable. Aorta normal. Findings of COPD with right lung base focal atelectasis. No evidence for failure or pneumonia.,43
classifier_gated,937,No Finding,no acute abnormality,No Finding,3719,No Finding,1.0,good,none,,False,False,No active disease.,Normal cardiac size. Normal pulmonary vasculature. No airspace disease. Negative for pneumothorax. Negative for acute osseous deformity. The thoracic spine has a normal appearance. Unremarkable 2 views of the chest.,39
classifier_gated,940,No Finding,no acute abnormality,No Finding,3719,No Finding,1.0,good,none,,False,False,No active disease.,The lungs and pleural spaces show no acute abnormality. Heart size and pulmonary vascularity within normal limits. No displaced rib fractures visualized.. 1. No acute pulmonary abnormality.,40
classifier_gated,941,No Finding,fracture,Fracture,2588,,0.0,poor,classifier_query_error,normal_vs_abnormal,False,False,"No focal consolidation, pneumothorax or definite pleural effusion. Nodular density projected over the left base with no lateral view correlate secondary to soft tissue overlay. Heart size and pulmonary vascularity within normal limits, no mediastinal widening characteristic in appearance of vascular injury. No acute osseous injury demonstrated. No acute findings. Please note that fractures may not be demonstrated and consider additional imaging as clinically indicated.","Surgical at the distal left clavicle. No acute osseous abnormality. Soft tissue structures are within normal limits. Stable normal cardio mediastinal silhouettes and hilar structures. The lungs are normally inflated without evidence of focal airspace disease, pleural effusion, or pneumothorax.. 1. No acute radiographic cardiopulmonary process.",44
classifier_gated,955,Support Devices,consolidation pneumonia,Consolidation;Pneumonia,3786,Cardiomegaly;Consolidation;Pneumonia,0.0,poor,classifier_query_error,missing_and_extra,False,True,"In the interval, consolidations have developed in the left upper lobe and both lower lobes. Heart size remains slightly large. Pulmonary normal. Bilateral increasing consolidations, consistent with multifocal pneumonia.",Stable position of right central venous catheter. Interval removal of nasogastric tube. Heart size is normal. Persistent prominent interstitial markings of the right upper lobe. There are no focal air space consolidations. No pleural effusions or pneumothoraces. The hilar and mediastinal contours are unchanged. Normal pulmonary vascularity. No acute abnormality. Stable chest.,45
classifier_gated,959,Lung Opacity,lung opacity,Lung Opacity,1972,Lung Opacity,1.0,good,none,,False,False,There is a airspace opacity in the left upper lung. Heart size within normal limits. Mild calcification of the aortic. No pneumothorax or pleural effusions. airspace opacity in the left upper lung which may represent streaky atelectasis or resolving pneumonia.,The heart and mediastinal contours are stable. There is minimal patchy right lower lobe airspace disease identified. No pleural effusion or pneumothorax. 1. Patchy right lower lobe airspace disease may be due to atelectasis or infiltrate.,41
classifier_gated,961,Lung Opacity,no acute abnormality,No Finding,3719,No Finding,0.0,poor,classifier_query_error,normal_vs_abnormal,False,True,No active disease.,"There is a opacity projecting over the left midlung, posterior on the lateral view. No pleural effusions. No evidence of pneumothorax. Heart size top normal. Degenerative changes thoracic spine. opacity projecting over the left midlung. Comparison examinations would be useful. If no comparison examinations exist, would be helpful for further evaluation..",46
classifier_gated,962,No Finding,no acute abnormality,No Finding,3719,No Finding,1.0,good,none,,False,False,No active disease.,The lungs are clear. There is no pleural effusion or pneumothorax. The heart and mediastinum are normal. The skeletal structures are normal. No acute pulmonary disease.,42
classifier_gated,972,Lung Opacity;Atelectasis,enlarged cardiomediastinum,Enlarged Cardiomediastinum,1233,Cardiomegaly;Atelectasis,0.3333333333333333,partial,classifier_query_error,missing_and_extra,False,True,"Enlarged cardiomediastinal silhouette. Low lung volumes. Relative elevation of right hemidiaphragm. left base density. No focal consolidation, pneumothorax or large pleural effusion. Negative for acute bone abnormality. Cardiomegaly without heart failure. Minimal left basilar scarring/atelectasis.",Anticipated senescent changes with grossly clear lungs. No effusions or CHF identified. A few scant reticular opacities in right lung base hypoventilation and foci of subsegmental atelectasis. No acute abnormalities since the previous chest radiograph.,15
classifier_gated,980,No Finding,no acute abnormality,No Finding,3719,No Finding,1.0,good,none,,False,False,No active disease.,"Heart size and mediastinal contours appear within normal limits. Pulmonary vascularity is within normal limits. No focal consolidation, suspicious pulmonary opacity, pneumothorax or definite pleural effusion. Visualized osseous structures appear intact. No acute cardiopulmonary abnormality.",43
classifier_gated,981,Cardiomegaly,cardiomegaly,Cardiomegaly,2040,Cardiomegaly,1.0,good,none,,False,False,Cardiomegaly. No effusions or edema. Clear chest,Slight cardiomegaly. Lungs are clear no effusions or edema,44
classifier_gated,984,Lung Opacity;Atelectasis,no acute abnormality,No Finding,3719,No Finding,0.0,poor,classifier_query_error,normal_vs_abnormal,False,True,No active disease.,"The cardiomediastinal silhouette is within normal limits for appearance. There are low lung volumes with bronchovascular crowding and scattered opacities in the bilateral lung bases. No focal areas of pulmonary consolidation. No pneumothorax. No large pleural effusion. No acute, displaced rib fractures identified. 1. Pulmonary hypoinflation with bronchovascular crowding and minimal bibasilar subsegmental atelectasis.",47
classifier_gated,1049,No Finding,support device,Support Devices,3929,Cardiomegaly;Support Devices,0.0,poor,classifier_query_error,normal_vs_abnormal,False,False,"A cardiac pacemaker/defibrillator device is redemonstration of the left chest wall with a single projecting over the right atrium and 2 leads projecting over the right ventricle. The cardiac silhouette is mildly enlarged, unchanged. No focal pulmonary consolidation. No pneumothorax. No pleural effusion. Minimal degenerative changes of the thoracic spine..","Comparison,. Well-expanded and clear lungs. Mediastinal contour within normal limits. No acute cardiopulmonary abnormality identified.",48
classifier_gated,1055,No Finding,no acute abnormality,No Finding,3719,No Finding,1.0,good,none,,False,False,No active disease.,"The heart is normal in size and contour. The lungs are clear, without evidence of infiltrate. There is no pneumothorax or effusion. No acute cardiopulmonary disease.",45
classifier_gated,1064,Lung Opacity;Atelectasis,pleural effusion,Pleural Effusion,3365,No Finding,0.0,poor,classifier_query_error,missing_and_extra,False,True,No large pleural effusions. No pneumothorax. No focal airspace opacities. Heart size is normal. No acute cardiopulmonary abnormalities.,There is stable elevation of the right hemidiaphragm with questionable increased right basilar airspace opacities. The left lung is clear. Heart size normal. unremarkable. Stable elevated right hemidiaphragm with questionable subtle increased right basilar airspace disease/atelectasis. Correlate clinically.,49
classifier_gated,1079,Atelectasis,atelectasis,Atelectasis,3140,Lung Opacity;Atelectasis,0.5,partial,retrieval_mismatch_despite_correct_query,,False,True,"Streaky opacities in the right lower lobe most suggestive of atelectasis, differential diagnosis includes atypical infection. No definite pleural effusion seen. Heart size within normal limits, no typical findings of pulmonary edema.",There are low lung volumes. The heart size and upper mediastinum have a normal appearance. There is no pulmonary vascular congestion. There is minimal right basilar atelectasis. There is no large effusion or pneumothorax. The osseous structures appear intact. Low lung volume exam demonstrates small amount of right basilar atelectasis. There is no acute consolidation or pneumothorax.,16
classifier_gated,1085,Lung Opacity;Atelectasis,no acute abnormality,No Finding,3719,No Finding,0.0,poor,classifier_query_error,normal_vs_abnormal,False,True,No active disease.,"The lungs demonstrate low lung volumes but are clear bilaterally. Specifically, no evidence of focal consolidation, pneumothorax, or pleural effusion.. Mild streaky opacities in the left upper lobe on frontal projection are atelectatic or scar. Cardio mediastinal silhouette is unremarkable. Visualized osseous structures of the thorax are without acute abnormality. Low lung volumes without acute cardiopulmonary abnormality.",50
classifier_gated,1125,Cardiomegaly;Lung Opacity,lung opacity,Lung Opacity,1972,Lung Opacity,0.5,partial,classifier_query_error,missing_only,True,True,There is a airspace opacity in the left upper lung. Heart size within normal limits. Mild calcification of the aortic. No pneumothorax or pleural effusions. airspace opacity in the left upper lung which may represent streaky atelectasis or resolving pneumonia.,"Borderline enlarged heart. Stable mediastinal contours. Aortic calcifications. Hyperinflated lungs with chronic appearing interstitial markings, compatible with emphysema. Bilateral streaky opacities. Increased vascularity compatible with pulmonary vascular congestion. No focal airspace disease. No acute bony abnormality. 1. Pulmonary vascular congestion. 2. Emphysema. 3. Bibasilar streaky airspace opacities.",17
classifier_gated,1159,No Finding,no acute abnormality,No Finding,3719,No Finding,1.0,good,none,,False,False,No active disease.,Lungs are clear. There is no pneumothorax or pleural effusion. The heart and mediastinum are within normal limits. Bony structures are intact. No acute cardiopulmonary process.,46
classifier_gated,1162,No Finding,no acute abnormality,No Finding,3719,No Finding,1.0,good,none,,False,False,No active disease.,No comparison chest x-. Well-expanded and clear lungs. Mediastinal contour within normal limits. No acute cardiopulmonary abnormality identified.,47
classifier_gated,1191,No Finding,no acute abnormality,No Finding,3719,No Finding,1.0,good,none,,False,False,No active disease.,"Heart size and pulmonary vascular engorgement appear within limits of normal. Mediastinal contour is unremarkable. No focal consolidation, pleural effusion, or pneumothorax identified. No acute bony changes. No acute cardiopulmonary abnormality identified.",48
classifier_gated,1206,No Finding,fracture,Fracture,2588,,0.0,poor,classifier_query_error,normal_vs_abnormal,False,False,"No focal consolidation, pneumothorax or definite pleural effusion. Nodular density projected over the left base with no lateral view correlate secondary to soft tissue overlay. Heart size and pulmonary vascularity within normal limits, no mediastinal widening characteristic in appearance of vascular injury. No acute osseous injury demonstrated. No acute findings. Please note that fractures may not be demonstrated and consider additional imaging as clinically indicated.","Comparison,. Well-expanded and clear lungs. Mediastinal contour within normal limits. No acute cardiopulmonary abnormality identified. Stable chest.",51
classifier_gated,1214,Atelectasis,lung opacity pneumonia,Lung Opacity;Pneumonia,742,Lung Opacity,0.0,poor,classifier_query_error,missing_and_extra,False,True,"focal opacity in the medial right lung base seen on the frontal view. No definite pleural effusion. Stable cardiomediastinal silhouette with normal heart size, no typical findings of pulmonary edema. Abnormal opacity in the right lung base which may be compatible with pneumonia in the appropriate clinical setting. Recommend clinical correlation for infection and followup to resolution. Or, if clinical findings are not compatible with may be of.",The heart is normal in size and contour. There is a focal area of scarring or atelectasis identified in the lingula. The lungs are otherwise clear without focal infiltrate. There is no pneumothorax or effusion. Focal area of scarring or atelectasis within the lingula. No acute pulmonary process.,52
classifier_gated,1226,Consolidation;Pneumonia,no acute abnormality,No Finding,3719,No Finding,0.0,poor,classifier_query_error,normal_vs_abnormal,False,False,No active disease.,The heart size is within normal limits. Trachea is midline. No pleural effusions or pneumothorax. Cardiomediastinal contours are normal. There is focal consolidation in the posterior segment of the right lower lobe. No bony or soft tissue abnormalities. Right lower lobe pneumonia.,53
classifier_gated,1234,Cardiomegaly;Atelectasis;Support Devices,cardiomegaly,Cardiomegaly,2040,Cardiomegaly,0.3333333333333333,partial,classifier_query_error,missing_only,False,True,Cardiomegaly. No effusions or edema. Clear chest,2 images. The cardiac silhouette is enlarged. Thoracic aortic atherosclerotic calcifications are present. There are finding status post sternotomy and CABG. atelectasis or scar is noted within the left midlung. There is blunting of the left costophrenic. No pneumothorax. 1. Cardiomegaly. 2. Minimal left midlung atelectasis. 3. Blunting of left costophrenic. This could indicate a small amount of pleural fluid versus pleural-parenchymal scarring.,18
classifier_gated,1239,No Finding,no acute abnormality,No Finding,3719,No Finding,1.0,good,none,,False,False,No active disease.,Heart size normal and lungs are clear. No edema or pneumonia. No effusion,49
classifier_gated,1260,No Finding,no acute abnormality,No Finding,3719,No Finding,1.0,good,none,,False,False,No active disease.,The heart size and cardiomediastinal silhouette are within normal limits. Pulmonary vasculature appears normal. There is no focal air space consolidation. No pleural effusion or pneumothorax.,50
classifier_gated,1263,No Finding,no acute abnormality,No Finding,3719,No Finding,1.0,good,none,,False,False,No active disease.,Cardiac and mediastinal contours are within normal limits. The lungs are clear. Bony structures are intact. No acute findings.,51
classifier_gated,1277,Atelectasis,fracture,Fracture,2588,,0.0,poor,classifier_query_error,missing_and_extra,False,False,"No focal consolidation, pneumothorax or definite pleural effusion. Nodular density projected over the left base with no lateral view correlate secondary to soft tissue overlay. Heart size and pulmonary vascularity within normal limits, no mediastinal widening characteristic in appearance of vascular injury. No acute osseous injury demonstrated. No acute findings. Please note that fractures may not be demonstrated and consider additional imaging as clinically indicated.","PA and lateral views the chest were obtained. The cardiomediastinal silhouette is normal in size and configuration. The lungs are well aerated. No pneumothorax, pleural effusion, or lobar air space consolidation. right middle lobe collapse appears less distinct than on prior study. No acute cardiopulmonary disease.",54
classifier_gated,1285,Lung Lesion,pleural effusion,Pleural Effusion,3365,No Finding,0.0,poor,classifier_query_error,missing_and_extra,False,True,No large pleural effusions. No pneumothorax. No focal airspace opacities. Heart size is normal. No acute cardiopulmonary abnormalities.,"PA and lateral views of the chest were obtained. The cardiomediastinal silhouette is normal in size and configuration. Mild nodular prominence of the right hilum, without significant change. Lung volumes are decreased, with crowding. There is no pneumothorax, pleural effusion, or focal air space consolidation. 1. Low lung volumes with mild crowding.",55
classifier_gated,1288,Lung Opacity,atelectasis,Atelectasis,3140,Lung Opacity;Atelectasis,0.5,partial,classifier_query_error,missing_and_extra,False,True,"Streaky opacities in the right lower lobe most suggestive of atelectasis, differential diagnosis includes atypical infection. No definite pleural effusion seen. Heart size within normal limits, no typical findings of pulmonary edema.","PA and lateral views the chest were obtained. The cardiomediastinal silhouette is normal in size and configuration. Prominent bilateral pericardial fat pads. The lungs are well aerated. There is minimal patchy and air space opacity within the lingula favored as atelectasis. Minimal patchy airspace disease within the lingula, may reflect atelectasis or infiltrate.",19
classifier_gated,1294,No Finding,no acute abnormality,No Finding,3719,No Finding,1.0,good,none,,False,False,No active disease.,Lungs are clear. There is no pleural effusion or pneumothorax. The heart and mediastinum are normal. The skeletal structures and soft tissues are normal. No active disease.,52
classifier_gated,1314,No Finding,no acute abnormality,No Finding,3719,No Finding,1.0,good,none,,False,False,No active disease.,There are no focal areas of consolidation. No suspicious pulmonary opacities. Heart size within normal limits. No pleural effusions. There is no evidence of pneumothorax. Osseous structures intact. No acute cardiopulmonary abnormality.,53
classifier_gated,1334,No Finding,fracture,Fracture,2588,,0.0,poor,classifier_query_error,normal_vs_abnormal,False,False,"No focal consolidation, pneumothorax or definite pleural effusion. Nodular density projected over the left base with no lateral view correlate secondary to soft tissue overlay. Heart size and pulmonary vascularity within normal limits, no mediastinal widening characteristic in appearance of vascular injury. No acute osseous injury demonstrated. No acute findings. Please note that fractures may not be demonstrated and consider additional imaging as clinically indicated.",Mediastinal contours are normal. Lungs are clear. There is no pneumothorax or large pleural effusion. No acute cardiopulmonary abnormality.,56
classifier_gated,1361,Cardiomegaly;Lung Opacity,no acute abnormality,No Finding,3719,No Finding,0.0,poor,classifier_query_error,normal_vs_abnormal,False,True,No active disease.,"Mild cardiomegaly. Tortuous aorta. No consolidation, pleural effusion or pneumothorax. Stable right paratracheal opacity. correlated of the chest, this represents vascular shadows. Mild right apex curvature of the lower thoracic spine. Degenerative endplate spurring mid and lower thoracic spine with minimal grade 1 anterolisthesis of a lower thoracic vertebral level, T10 on T11.",57
classifier_gated,1365,Fracture,no acute abnormality,No Finding,3719,No Finding,0.0,poor,classifier_query_error,normal_vs_abnormal,True,False,No active disease.,"Heart size within normal limits, stable mediastinal and hilar contours. No alveolar consolidation, no findings of pleural effusion or pulmonary edema. No pneumothorax. Small rounded bilateral axillary densities not seen on the previous exam most suggestive of artifacts, healed right lateral 10th rib fracture noted.. No acute cardiopulmonary findings",58
classifier_gated,1380,No Finding,no acute abnormality,No Finding,3719,No Finding,1.0,good,none,,False,False,No active disease.,Lungs are clear bilaterally. Cardiac and mediastinal silhouettes are normal. Pulmonary vasculature is normal. No pneumothorax or pleural effusion. No acute bony abnormality. No acute cardiopulmonary abnormality.,54
classifier_gated,1394,Lung Lesion,pneumonia,Pneumonia,1618,No Finding,0.0,poor,classifier_query_error,missing_and_extra,False,False,Heart size is normal and lungs are clear. No pneumonia.,Vague 1.5 cm nodule left mid chest periphery overlying the posterior lateral left 7th rib. Further evaluation will require a chest CT. Remainder of the lungs are clear. There is no effusion or adenopathy. Heart size is normal.,59
classifier_gated,1397,No Finding,no acute abnormality,No Finding,3719,No Finding,1.0,good,none,,False,False,No active disease.,"Heart size near top normal limits, stable mediastinal contours. No focal alveolar consolidation, no definite pleural effusion seen. No typical findings of pulmonary edema.",55
classifier_gated,1422,Lung Opacity;Consolidation;Pneumonia,lung lesion consolidation pneumonia,Lung Lesion;Consolidation;Pneumonia,1699,Consolidation;Pneumonia;Pleural Effusion;Support Devices,0.4,partial,classifier_query_error,missing_and_extra,False,False,"There is mild mentally without pulmonary edema. Tortuous thoracic aorta, unchanged. Stable positioning of the dual- cardiac device. No visible pneumothorax. There is a small left pleural effusion. Focal airspace consolidation is visualized in the superior segment of the left lower lobe, appreciated on lateral projection. Increased retrosternal clear space suggesting chronic obstructive pulmonary disease. 1. Left lower lobe, superior segment, airspace consolidation, radiographic appearance most typical for pneumonia. Based on patient's age, a followup chest x- to document resolution is recommended. 2. left parapneumonic pleural effusion.","The heart is normal in size. The pulmonary vascularity is within normal limits in appearance. No pneumothorax or pleural effusion. A wedge-shaped opacity has developed in the right upper lobe. There is also patchy opacification identified in the left upper lobe. No acute bony abnormality. Interval development of bilateral upper lobe consolidation, right greater than left, representing pneumonia.. Followup imaging to document resolution is recommended.",20
classifier_gated,1431,No Finding,no acute abnormality,No Finding,3719,No Finding,1.0,good,none,,False,False,No active disease.,"The cardiomediastinal silhouette and pulmonary vasculature are within normal limits in size. The lungs are clear of focal airspace disease, pneumothorax, or pleural effusion. There are no acute bony findings. No acute cardiopulmonary findings.",56
classifier_gated,1435,No Finding,no acute abnormality,No Finding,3719,No Finding,1.0,good,none,,False,False,No active disease.,The heart and mediastinum are unremarkable. The lungs are clear without infiltrate. There is no effusion or pneumothorax. 1. No acute cardiopulmonary disease.,57
classifier_gated,1451,Atelectasis,lung opacity,Lung Opacity,1972,Lung Opacity,0.0,poor,classifier_query_error,missing_and_extra,False,True,There is a airspace opacity in the left upper lung. Heart size within normal limits. Mild calcification of the aortic. No pneumothorax or pleural effusions. airspace opacity in the left upper lung which may represent streaky atelectasis or resolving pneumonia.,Left lower lobe calcified granuloma. Heart size normal. No pleural effusion or pneumothorax. Mild medial right atelectasis. Mild emphysema. Emphysema and mild medial right atelectasis. No acute process.,60
classifier_gated,1456,No Finding,fracture,Fracture,2588,,0.0,poor,classifier_query_error,normal_vs_abnormal,False,False,"No focal consolidation, pneumothorax or definite pleural effusion. Nodular density projected over the left base with no lateral view correlate secondary to soft tissue overlay. Heart size and pulmonary vascularity within normal limits, no mediastinal widening characteristic in appearance of vascular injury. No acute osseous injury demonstrated. No acute findings. Please note that fractures may not be demonstrated and consider additional imaging as clinically indicated.",No focal consolidation. No visualized pneumothorax. No large pleural effusions. The heart size and cardiomediastinal silhouette are grossly unremarkable. 1. No acute cardiopulmonary findings.,61
classifier_gated,1466,No Finding,no acute abnormality,No Finding,3719,No Finding,1.0,good,none,,False,False,No active disease.,"The heart is normal size. The mediastinum is unremarkable. There is no pleural effusion, pneumothorax, or focal airspace disease. The are unremarkable. No acute cardiopulmonary abnormality.",58
classifier_gated,1473,No Finding,no acute abnormality,No Finding,3719,No Finding,1.0,good,none,,False,False,No active disease.,"The cardiomediastinal silhouette is within normal limits for size and contour. The lungs are normally inflated without evidence of focal airspace disease, pleural effusion, or pneumothorax. No acute bone abnormality. No acute cardiopulmonary process.",59
classifier_gated,1502,No Finding,no acute abnormality,No Finding,3719,No Finding,1.0,good,none,,False,False,No active disease.,The lungs are clear. There is no pleural effusion or pneumothorax. The heart and mediastinum are normal. The skeletal structures are normal. No acute pulmonary disease.,60
classifier_gated,1503,No Finding,no acute abnormality,No Finding,3719,No Finding,1.0,good,none,,False,False,No active disease.,AP lateral view soft tissue neck. 1. No subglottic edema or prevertebral soft tissue. 2. Slight rotation of the patient's head limits evaluation of the epiglottis which is normal in size and caliber. PA and lateral views of the chest. 1. No acute pulmonary findings.,61
classifier_gated,1510,No Finding,no acute abnormality,No Finding,3719,No Finding,1.0,good,none,,False,False,No active disease.,Lungs are clear bilaterally. Cardiac and mediastinal silhouettes are normal. Pulmonary vasculature is normal. No pneumothorax or pleural effusion. No acute bony abnormality. No acute cardiopulmonary abnormality.,62
classifier_gated,1518,No Finding,cardiomegaly,Cardiomegaly,2040,Cardiomegaly,0.0,poor,classifier_query_error,normal_vs_abnormal,False,False,Cardiomegaly. No effusions or edema. Clear chest,"No focal consolidation, pneumothorax, or pleural effusion. Cardiomediastinal silhouette is stable and unremarkable. No acute osseous abnormalities are identified. No acute cardiopulmonary abnormality..",62
classifier_gated,1529,Support Devices,atelectasis,Atelectasis,3140,Lung Opacity;Atelectasis,0.0,poor,classifier_query_error,missing_and_extra,True,True,"Streaky opacities in the right lower lobe most suggestive of atelectasis, differential diagnosis includes atypical infection. No definite pleural effusion seen. Heart size within normal limits, no typical findings of pulmonary edema.",The lungs are clear. There is no focal airspace consolidation. No pleural effusion or pneumothorax. Heart size is within normal limits. Right paratracheal density is stable from prior radiographs and may reflect tortuous vasculature. There is aortic atherosclerotic vascular calcification. There are mild degenerative changes of the spine. Surgical clips are noted in the region of the left breast. There is mild diaphragm eventration. No evidence of active disease.,63
classifier_gated,1537,No Finding,no acute abnormality,No Finding,3719,No Finding,1.0,good,none,,False,False,No active disease.,"The cardiomediastinal silhouette is within normal limits for size and contour. The lungs are normally inflated without evidence of focal airspace disease, pleural effusion, or pneumothorax. No acute bone abnormality. No acute cardiopulmonary process. No evidence of active tuberculosis.",63
classifier_gated,1545,No Finding,fracture,Fracture,2588,,0.0,poor,classifier_query_error,normal_vs_abnormal,False,False,"No focal consolidation, pneumothorax or definite pleural effusion. Nodular density projected over the left base with no lateral view correlate secondary to soft tissue overlay. Heart size and pulmonary vascularity within normal limits, no mediastinal widening characteristic in appearance of vascular injury. No acute osseous injury demonstrated. No acute findings. Please note that fractures may not be demonstrated and consider additional imaging as clinically indicated.",No focal areas of consolidation. No pneumothorax. Heart size within normal limits. No pleural effusions. Osseous structures intact. No acute cardiopulmonary abnormality..,64
classifier_gated,1556,Lung Opacity,lung opacity atelectasis,Lung Opacity;Atelectasis,3721,Lung Opacity;Atelectasis,0.5,partial,classifier_query_error,extra_only,False,True,Streaky opacity is noted within the left lung base which may represent focal area of atelectasis. Right lung is grossly clear. Cardiac silhouette and mediastinal contours are within normal limits. There is no pneumothorax. No large pleural effusion. Left lower lobe atelectasis otherwise no acute cardiopulmonary disease.,Heart size appears upper limits of normal. Tortuous aorta. Otherwise normal mediastinum. Confluent and opacities seen within the left base. There are no visible nodules or masses. No visible pneumothorax. The are grossly normal. There is no visible free intraperitoneal air under the diaphragm. 1. Left basilar mixed interstitial and alveolar infiltrate. Interval followup to resolution is recommended.,21
classifier_gated,1567,Lung Opacity,no acute abnormality,No Finding,3719,No Finding,0.0,poor,classifier_query_error,normal_vs_abnormal,False,False,No active disease.,The heart is normal in size. The mediastinum is unremarkable. opacity in left midlung. The lungs are clear. No acute disease.,65
classifier_gated,1581,Lung Lesion,no acute abnormality,No Finding,3719,No Finding,0.0,poor,classifier_query_error,normal_vs_abnormal,False,False,No active disease.,"Cardiomediastinal silhouettes are within normal limits. There are 2 right upper lobe lung nodules, the largest measuring approximately 12 mm. Lungs are without focal consolidation, pneumothorax, or pleural effusion. Bony thorax is unremarkable. Right upper lobe lung nodules. Recommend.",66
classifier_gated,1582,No Finding,no acute abnormality,No Finding,3719,No Finding,1.0,good,none,,False,False,No active disease.,Both lungs are clear and expanded. Heart and mediastinum normal. No active disease.,64
classifier_gated,1595,Cardiomegaly;Lung Opacity,lung opacity,Lung Opacity,1972,Lung Opacity,0.5,partial,classifier_query_error,missing_only,False,True,There is a airspace opacity in the left upper lung. Heart size within normal limits. Mild calcification of the aortic. No pneumothorax or pleural effusions. airspace opacity in the left upper lung which may represent streaky atelectasis or resolving pneumonia.,The heart is large. Lung volumes are. opacity persists in the right midlung. No focal infiltrates. Persistent cardiomegaly. Right midlung scar. No visible acute failure or pneumonia.,22
classifier_gated,1616,No Finding,no acute abnormality,No Finding,3719,No Finding,1.0,good,none,,False,False,No active disease.,"Chest. Lungs are clear bilaterally. Cardiac and mediastinal silhouettes are normal. Pulmonary vasculature is normal. No pneumothorax or pleural effusion. No acute bony abnormality. Ribs. There are no displaced rib fractures, or obvious nondisplaced rib fractures. Soft tissues appear normal. Chest. No acute cardiopulmonary abnormality. Ribs. No displaced rib fractures, or obvious nondisplaced rib fractures.",65
classifier_gated,1622,No Finding,no acute abnormality,No Finding,3719,No Finding,1.0,good,none,,False,False,No active disease.,"The cardiomediastinal silhouette is within normal limits for size and contour. The lungs are normally inflated without evidence of focal airspace disease, pleural effusion, or pneumothorax. No acute osseus abnormality.. No acute cardiopulmonary process.",66
classifier_gated,1623,No Finding,no acute abnormality,No Finding,3719,No Finding,1.0,good,none,,False,False,No active disease.,"Normal cardiomediastinal contours. No pneumothorax, pleural effusions or focal lung consolidation. No acute cardiopulmonary abnormality.",67
classifier_gated,1631,Lung Opacity;Lung Lesion,no acute abnormality,No Finding,3719,No Finding,0.0,poor,classifier_query_error,normal_vs_abnormal,False,True,No active disease.,"There are a few small nodular opacities in the left lung, seen on the frontal view overlying the left 6th posterior rib. Lungs otherwise appear clear. No focal airspace consolidation. No overt pulmonary edema. No pleural effusion or pneumothorax. Heart size and mediastinal contour are within normal limits. Calcified mediastinal and hilar lymph are consistent with prior granulomatous disease. There are mild degenerative changes of the spine. Few small nodular opacities in the left upper lung. These small nodules are relatively dense, suggestive of chronic granulomatous disease. Comparison with an chest radiograph would be helpful to establish stability.",67
classifier_gated,1647,No Finding,fracture,Fracture,2588,,0.0,poor,classifier_query_error,normal_vs_abnormal,False,False,"No focal consolidation, pneumothorax or definite pleural effusion. Nodular density projected over the left base with no lateral view correlate secondary to soft tissue overlay. Heart size and pulmonary vascularity within normal limits, no mediastinal widening characteristic in appearance of vascular injury. No acute osseous injury demonstrated. No acute findings. Please note that fractures may not be demonstrated and consider additional imaging as clinically indicated.","The lungs are clear bilaterally. Specifically, no evidence of focal consolidation, pneumothorax, or pleural effusion.. Cardio mediastinal silhouette is unremarkable. Visualized osseous structures of the thorax are without acute abnormality. No acute cardiopulmonary abnormality..",68
classifier_gated,1655,No Finding,no acute abnormality,No Finding,3719,No Finding,1.0,good,none,,False,False,No active disease.,"PA and lateral views of the chest were obtained. The cardiomediastinal silhouette is normal in size and configuration. The lungs are well aerated. There is no pneumothorax, pleural effusion, or focal air space consolidation. Degenerative spine. 1. No acute cardiopulmonary disease.",68
classifier_gated,1661,No Finding,fracture,Fracture,2588,,0.0,poor,classifier_query_error,normal_vs_abnormal,False,False,"No focal consolidation, pneumothorax or definite pleural effusion. Nodular density projected over the left base with no lateral view correlate secondary to soft tissue overlay. Heart size and pulmonary vascularity within normal limits, no mediastinal widening characteristic in appearance of vascular injury. No acute osseous injury demonstrated. No acute findings. Please note that fractures may not be demonstrated and consider additional imaging as clinically indicated.",1. Chest. No active disease. 2. Right shoulder. Healing scapular fracture.,69
classifier_gated,1672,No Finding,no acute abnormality,No Finding,3719,No Finding,1.0,good,none,,False,False,No active disease.,"Clear lungs. No airspace disease or other parenchymal infiltrates. No of pleural effusions. No pulmonary edema. Normal heart size, mediastinal contours and normal pulmonary vasculature. No of active cardiopulmonary disease. Unchanged.",69
classifier_gated,1707,No Finding,no acute abnormality,No Finding,3719,No Finding,1.0,good,none,,False,False,No active disease.,"Frontal and lateral views of the chest show normal size of the cardiac silhouette. Normal mediastinal contour, pulmonary and vasculature, central airways and lung volumes. No pleural effusion. No acute or active cardiac, pulmonary or pleural disease.",70
classifier_gated,1735,Support Devices,fracture,Fracture,2588,,0.0,poor,classifier_query_error,missing_and_extra,False,True,"No focal consolidation, pneumothorax or definite pleural effusion. Nodular density projected over the left base with no lateral view correlate secondary to soft tissue overlay. Heart size and pulmonary vascularity within normal limits, no mediastinal widening characteristic in appearance of vascular injury. No acute osseous injury demonstrated. No acute findings. Please note that fractures may not be demonstrated and consider additional imaging as clinically indicated.",The trachea is midline. The cardiomediastinal silhouette is normal in size and unchanged from prior examinations with sternotomy and surgical clips overlying. There is blunting of the right costophrenic which appears unchanged from prior examination and may be secondary to scarring or pleural thickening of the right lung base. There is no evidence of acute infiltrate. There is no pneumothorax. Visualized bony structures reveal no acute abnormalities. 1. Hyperexpanded lung. 2. No acute cardiopulmonary abnormalities.,70
classifier_gated,1748,No Finding,no acute abnormality,No Finding,3719,No Finding,1.0,good,none,,False,False,No active disease.,The heart size is normal. Lungs are clear. There is no pleural line to suggest pneumothorax or costophrenic blunting to suggest large pleural effusion. Bony structures are within normal limits. No acute cardiopulmonary findings.,71
classifier_gated,1751,No Finding,no acute abnormality,No Finding,3719,No Finding,1.0,good,none,,False,False,No active disease.,"Heart size normal. Lungs are clear. are normal. No pneumonia, effusions, edema, pneumothorax, adenopathy, nodules or masses. Normal chest.",72
classifier_gated,1753,Cardiomegaly,pulmonary edema,Edema,1711,,0.0,poor,classifier_query_error,missing_and_extra,False,True,"Heart size within normal limits, stable mediastinal and hilar contours. Left hemidiaphragm eventration. No focal alveolar consolidation, no definite pleural effusion seen. No typical findings of pulmonary edema. No acute findings",The heart size is persistently enlarged. Lung volumes are low. Lungs are clear. There is no pleural line to suggest pneumothorax or costophrenic blunting to suggest large pleural effusion. Bony structures are within normal limits. No acute cardiopulmonary findings.,71
classifier_gated,1819,Cardiomegaly;Lung Opacity;Atelectasis,cardiomegaly lung opacity pulmonary edema,Cardiomegaly;Lung Opacity;Edema,2263,Cardiomegaly;Lung Opacity;Atelectasis,1.0,good,none,missing_and_extra,True,False,"Heart size moderately enlarged, stable mediastinal contours. opacity in the left lung base. Otherwise, no focal alveolar consolidation, no definite pleural effusion seen. No typical findings of pulmonary edema. 1. Cardiomegaly 2. opacity in the left base atelectasis",Stable cardiac enlargement. Vascular congestion is redemonstrated. Patchy atelectasis and airspace disease is present in the left base. Right base is clear. No large effusion or pneumothorax.,73
classifier_gated,1826,No Finding,no acute abnormality,No Finding,3719,No Finding,1.0,good,none,,False,False,No active disease.,"The central airway is midline and is. The cardiomediastinal silhouette is within normal limits. There is no focal lung consolidation, pleural effusion, or pneumothorax seen. The osseous structures appear within normal limits. 1. No acute cardiopulmonary abnormalities. 2. Normal chest radiograph.",74
classifier_gated,1832,Cardiomegaly;Lung Opacity;Atelectasis,cardiomegaly,Cardiomegaly,2040,Cardiomegaly,0.3333333333333333,partial,classifier_query_error,missing_only,False,False,Cardiomegaly. No effusions or edema. Clear chest,"Interval removal of cardiac generator. Cardiomegaly. Left base streaky opacities again noted. No large focal areas of consolidation. No pleural effusions. Osseous structures intact. No pneumothorax. 1. Streaky left basilar opacities, atelectasis versus infiltrate. 2. Cardiomegaly, stable.",23
classifier_gated,1833,Atelectasis,no acute abnormality,No Finding,3719,No Finding,0.0,poor,classifier_query_error,normal_vs_abnormal,False,True,No active disease.,There is a small area of scarring or atelectasis in the left base. Calcified granulomas seen in the posterior right lower lobe. Lungs are otherwise clear. The heart and mediastinum are normal. The skeletal structures and soft tissues are normal. Minimal small area scarring of the left base.,72
classifier_gated,1837,No Finding,no acute abnormality,No Finding,3719,No Finding,1.0,good,none,,False,False,No active disease.,"The heart is normal in size and contour. The lungs are clear, without evidence of infiltrate. There is no pneumothorax or effusion. No acute cardiopulmonary disease.",75
classifier_gated,1882,No Finding,no acute abnormality,No Finding,3719,No Finding,1.0,good,none,,False,False,No active disease.,Clear lungs bilaterally. Normal cardiac contours. No pneumothorax or pleural effusion. 1. No acute cardiopulmonary abnormality.,76
classifier_gated,1907,No Finding,cardiomegaly,Cardiomegaly,2040,Cardiomegaly,0.0,poor,classifier_query_error,normal_vs_abnormal,False,False,Cardiomegaly. No effusions or edema. Clear chest,No comparisons. Heart size is normal. Lungs are clear. Status post coronary artery bypass grafting.,73
classifier_gated,1914,Lung Opacity,no acute abnormality,No Finding,3719,No Finding,0.0,poor,classifier_query_error,normal_vs_abnormal,False,False,No active disease.,"Stable heart size. Diffuse bilateral interstitial opacities. No pneumothorax. No effusions. No acute bony abnormalities. Stable bilateral interstitial opacities, could represent scarring or infiltrate. CT may be helpful to further characterize.",74
classifier_gated,1918,Lung Opacity;Support Devices,enlarged cardiomediastinum,Enlarged Cardiomediastinum,1233,Cardiomegaly;Atelectasis,0.0,poor,classifier_query_error,missing_and_extra,False,True,"Enlarged cardiomediastinal silhouette. Low lung volumes. Relative elevation of right hemidiaphragm. left base density. No focal consolidation, pneumothorax or large pleural effusion. Negative for acute bone abnormality. Cardiomegaly without heart failure. Minimal left basilar scarring/atelectasis.","There is a 1.5 cm nodular opacity projecting over left hilum. The cardiac silhouette is within normal limits. There is no pulmonary edema. There is no focal consolidation. There are no of pleural effusion. There is no evidence of pneumothorax. opacities representing surgical clips, in the midline at the level of the thoracic inlet. 1. Prominence of left hilum which could be due to nodule/lymph node or superimposing blood. In the absence of prior studies for comparison, chest for further evaluation. Result notification Primordial.",75
classifier_gated,1937,No Finding,no acute abnormality,No Finding,3719,No Finding,1.0,good,none,,False,False,No active disease.,Heart size and pulmonary vascularity appear within normal limits. The lungs are free of focal airspace disease. No pleural effusion or pneumothorax is seen. 1. No evidence of active disease.,77
classifier_gated,1947,Lung Lesion,fracture,Fracture,2588,,0.0,poor,classifier_query_error,missing_and_extra,True,False,"No focal consolidation, pneumothorax or definite pleural effusion. Nodular density projected over the left base with no lateral view correlate secondary to soft tissue overlay. Heart size and pulmonary vascularity within normal limits, no mediastinal widening characteristic in appearance of vascular injury. No acute osseous injury demonstrated. No acute findings. Please note that fractures may not be demonstrated and consider additional imaging as clinically indicated.","Heart size within normal limits, stable mediastinal contours. No focal alveolar consolidation, no definite pleural effusion seen. A dense nodule in the right base suggests a previous granulomatous process. No typical findings of pulmonary edema. No pneumothorax. No acute findings",76
classifier_gated,1948,No Finding,no acute abnormality,No Finding,3719,No Finding,1.0,good,none,,False,False,No active disease.,"The cardiomediastinal silhouette is within normal limits for size and contour. The lungs are normally inflated without evidence of focal airspace disease, pleural effusion, or pneumothorax. Osseous structures are within normal limits for patient age.. No acute radiographic cardiopulmonary process.",78
classifier_gated,1960,No Finding,no acute abnormality,No Finding,3719,No Finding,1.0,good,none,,False,False,No active disease.,Cardiac and mediastinal contours are within normal limits. The lungs are clear. Bony structures are intact. Negative chest x-.,79
classifier_gated,1976,Lung Opacity,lung opacity pneumonia,Lung Opacity;Pneumonia,742,Lung Opacity,1.0,good,none,extra_only,False,True,"focal opacity in the medial right lung base seen on the frontal view. No definite pleural effusion. Stable cardiomediastinal silhouette with normal heart size, no typical findings of pulmonary edema. Abnormal opacity in the right lung base which may be compatible with pneumonia in the appropriate clinical setting. Recommend clinical correlation for infection and followup to resolution. Or, if clinical findings are not compatible with may be of.",Patchy alveolar infiltrates in the right midlung probably within the anterior segment of the right upper lobe. 7 mm nodular opacity overlying the left lung most represents patient's nipple recommend nipple films as it may represent a lung nodule as well. Patient being recalled from the room for the nipple film,80
classifier_gated,1980,No Finding,no acute abnormality,No Finding,3719,No Finding,1.0,good,none,,False,False,No active disease.,"The lungs are clear bilaterally. Specifically, no evidence of focal consolidation, pneumothorax, or pleural effusion.. Cardio mediastinal silhouette is unremarkable. Visualized osseous structures of the thorax are without acute abnormality. No acute cardiopulmonary abnormality.",81
classifier_gated,1988,Lung Opacity;Lung Lesion,lung opacity,Lung Opacity,1972,Lung Opacity,0.5,partial,classifier_query_error,missing_only,False,True,There is a airspace opacity in the left upper lung. Heart size within normal limits. Mild calcification of the aortic. No pneumothorax or pleural effusions. airspace opacity in the left upper lung which may represent streaky atelectasis or resolving pneumonia.,"Stable appearing chest with low lung volumes. Reticulonodular changes in left lung base and periphery of left lung most representing chronic inflammatory change. Also some peripheral fibrotic appearing opacity in the periphery the right upper lobe, grossly stable. No acute airspace consolidation. Stable mediastinal contour.",24
classifier_gated,2003,Cardiomegaly,no acute abnormality,No Finding,3719,No Finding,0.0,poor,classifier_query_error,normal_vs_abnormal,False,True,No active disease.,"Borderline enlarged heart. Pulmonary vasculature appears within normal limits. No focal pulmonary opacity, pleural effusion or pneumothorax. No acute bony abnormality. Possible right shoulder calcific tendinitis. Calcifications of the abdominal aorta are seen. 1. Borderline enlarged heart without acute abnormality.",77
classifier_gated,2006,Cardiomegaly,fracture,Fracture,2588,,0.0,poor,classifier_query_error,missing_and_extra,False,True,"No focal consolidation, pneumothorax or definite pleural effusion. Nodular density projected over the left base with no lateral view correlate secondary to soft tissue overlay. Heart size and pulmonary vascularity within normal limits, no mediastinal widening characteristic in appearance of vascular injury. No acute osseous injury demonstrated. No acute findings. Please note that fractures may not be demonstrated and consider additional imaging as clinically indicated.",Heart size is mildly enlarged. The pulmonary and mediastinum are within normal limits. There is no pleural effusion or pneumothorax. There is no focal air space opacity to suggest a pneumonia. There is a calcified granuloma in the right lung base. There are mild degenerative changes of the spine. There are some chronic increased interstitial markings noted. Cardiomegaly without superimposed acute disease identified.,78
classifier_gated,2026,No Finding,no acute abnormality,No Finding,3719,No Finding,1.0,good,none,,False,False,No active disease.,"The trachea is midline. Cardiomediastinal silhouette is normal. The lungs are clear, without evidence of focal consolidation or pleural effusion. There is no pneumothorax. The visualized bony structures reveal no acute abnormalities. No acute cardiopulmonary abnormalities..",82
classifier_gated,2038,No Finding,no acute abnormality,No Finding,3719,No Finding,1.0,good,none,,False,False,No active disease.,"The heart size and cardiomediastinal silhouette are normal. There is no focal airspace opacity, pleural effusion or pneumothorax. The osseous structures are intact. No acute cardiopulmonary finding.",83
classifier_gated,2062,Lung Opacity;Atelectasis;Support Devices,lung opacity consolidation pneumonia,Lung Opacity;Consolidation;Pneumonia,742,Lung Opacity,0.3333333333333333,partial,classifier_query_error,missing_and_extra,False,True,"focal opacity in the medial right lung base seen on the frontal view. No definite pleural effusion. Stable cardiomediastinal silhouette with normal heart size, no typical findings of pulmonary edema. Abnormal opacity in the right lung base which may be compatible with pneumonia in the appropriate clinical setting. Recommend clinical correlation for infection and followup to resolution. Or, if clinical findings are not compatible with may be of.","Right subclavian catheter, distal tip posterior to the head of the clavicle, the level of the subclavian vein. Low lung volumes. No pleural effusion. Left lower lobe airspace disease, atelectasis. Cardiomediastinal size is within normal limits. Pulmonary vasculature is normal. intact. 1. Right subclavian catheter, distal tip in the region of the subclavian vein at the level of clavicular head. 2. Low lung volumes, with left lower lung atelectasis..",25
classifier_gated,2066,Cardiomegaly;Lung Opacity;Atelectasis,cardiomegaly,Cardiomegaly,2040,Cardiomegaly,0.3333333333333333,partial,classifier_query_error,missing_only,False,True,Cardiomegaly. No effusions or edema. Clear chest,"There is mild cardiomegaly. The aorta is tortuous. There is opacities noted in the right lower lobe, subsegmental atelectasis. There is no pneumothorax or effusion. No displaced rib fractures. If there is high clinical concern, consider dedicated rib views for further evaluation. Mild cardiomegaly, with subsegmental atelectasis in the right lower lobe.",26
classifier_gated,2069,No Finding,no acute abnormality,No Finding,3719,No Finding,1.0,good,none,,False,False,No active disease.,"Heart size normal. Lungs are clear. are normal. No pneumonia, effusions, edema, pneumothorax, adenopathy, nodules or masses. Normal chest",84
classifier_gated,2074,Lung Opacity;Atelectasis;Pleural Effusion,enlarged cardiomediastinum,Enlarged Cardiomediastinum,1233,Cardiomegaly;Atelectasis,0.25,partial,classifier_query_error,missing_and_extra,False,True,"Enlarged cardiomediastinal silhouette. Low lung volumes. Relative elevation of right hemidiaphragm. left base density. No focal consolidation, pneumothorax or large pleural effusion. Negative for acute bone abnormality. Cardiomegaly without heart failure. Minimal left basilar scarring/atelectasis.",Low lung volumes. Stable ectasia of the thoracic aorta. Stable right upper mediastinal Bilateral small pleural effusions and bibasilar airspace opacities. The heart size and mediastinal silhouette are within normal limits for contour. No pneumothorax. Stable wedging of the anterior thoracic vertebral bodies. Bilateral small pleural effusions and associated atelectasis. Stable right upper mediastinal opacity consistent with goiter.,27
classifier_gated,2075,No Finding,no acute abnormality,No Finding,3719,No Finding,1.0,good,none,,False,False,No active disease.,"The cardiomediastinal silhouette is normal in size and contour. No focal consolidation, pneumothorax or large pleural effusion. Normal. Negative for acute abnormality.",85
classifier_gated,2096,No Finding,no acute abnormality,No Finding,3719,No Finding,1.0,good,none,,False,False,No active disease.,Normal heart size and mediastinal contours. Clear lungs. No pneumothorax or pleural effusion. Unremarkable. No acute cardiopulmonary process..,86
classifier_gated,2116,Fracture,lung lesion,Lung Lesion,1220,,0.0,poor,classifier_query_error,missing_and_extra,False,False,"There is hyperexpansion, hyperlucency of both lungs, as well as flattening of the diaphragm consistent with chronic emphysematous lung disease. No focal consolidation, pneumothorax, or large pleural effusion identified (blunting of costophrenic recesses bilaterally may represent small effusions or pleural thickening/scar. Stable calcified mediastinal and hilar lymph and a left basilar calcified granuloma. Acute osseous abnormality. The mediastinal silhouette stable. Changes of chronic emphysematous lung disease without acute cardiopulmonary abnormality identified.","The lungs are clear bilaterally. Specifically, no evidence of focal consolidation, pneumothorax, or pleural effusion.. Cardio mediastinal silhouette is unremarkable. Visualized osseous structures of the thorax demonstrate healed, remote bilateral rib fractures without acute abnormality. No acute cardiopulmonary abnormality..",79
classifier_gated,2138,Lung Opacity;Fracture,lung lesion fracture,Lung Lesion;Fracture,2588,,0.0,poor,classifier_query_error,missing_and_extra,False,True,"No focal consolidation, pneumothorax or definite pleural effusion. Nodular density projected over the left base with no lateral view correlate secondary to soft tissue overlay. Heart size and pulmonary vascularity within normal limits, no mediastinal widening characteristic in appearance of vascular injury. No acute osseous injury demonstrated. No acute findings. Please note that fractures may not be demonstrated and consider additional imaging as clinically indicated.",Normal heart size. Stable tortuous thoracic aorta. Prior granulomatous disease. Healed rib fractures appear stable. Focal opacity is noted in the left midlung overlying the 9th posterior rib which represents healing rib callus. No pneumothorax or pleural effusion. No acute abnormality seen.,80
classifier_gated,2140,Fracture,no acute abnormality,No Finding,3719,No Finding,0.0,poor,classifier_query_error,normal_vs_abnormal,False,True,No active disease.,The lungs are clear. There are calcified left hilar lymph. The heart and mediastinum are normal. The skeletal structures are notable for an old apparent fracture at T12-L1 or congenital fusion unchanged from the prior study. 1. No acute pulmonary disease. 2. Possible old injury or developmental anomaly partially T12-L1.,81
classifier_gated,2148,No Finding,no acute abnormality,No Finding,3719,No Finding,1.0,good,none,,False,False,No active disease.,Cardiac and mediastinal contours are within normal limits. The lungs are clear. Bony structures are intact. No acute preoperative findings.,87
classifier_gated,2157,No Finding,pleural abnormality,Pleural Other,2814,Cardiomegaly,0.0,poor,classifier_query_error,normal_vs_abnormal,False,False,There is cardiomegaly. Lateral view somewhat limited however small bilateral pleural effusions suspected. There is central vascular congestion.,"Comparison,. Well-expanded and clear lungs. Mediastinal contour within normal limits. No acute cardiopulmonary abnormality identified.",82
classifier_gated,2160,No Finding,fracture,Fracture,2588,,0.0,poor,classifier_query_error,normal_vs_abnormal,False,False,"No focal consolidation, pneumothorax or definite pleural effusion. Nodular density projected over the left base with no lateral view correlate secondary to soft tissue overlay. Heart size and pulmonary vascularity within normal limits, no mediastinal widening characteristic in appearance of vascular injury. No acute osseous injury demonstrated. No acute findings. Please note that fractures may not be demonstrated and consider additional imaging as clinically indicated.","The cardiomediastinal silhouette is within normal limits for size and contour. The lungs are normally inflated without evidence of focal airspace disease, pleural effusion, or pneumothorax. No acute osseus abnormality. No acute cardiopulmonary process.",83
classifier_gated,2170,No Finding,no acute abnormality,No Finding,3719,No Finding,1.0,good,none,,False,False,No active disease.,Comparison Well-expanded and clear lungs. Mediastinal contour within normal limits. No acute cardiopulmonary abnormality identified. Stable chest.,88
classifier_gated,2191,Cardiomegaly;Lung Opacity,no acute abnormality,No Finding,3719,No Finding,0.0,poor,classifier_query_error,normal_vs_abnormal,False,False,No active disease.,There is no acute osseous abnormality. Soft tissues are within normal limits. Borderline enlargement of the heart. Normal vascular markings. Left basilar retrocardiac opacity. No pneumothorax. Findings consistent with left base airspace disease.,84
classifier_gated,2207,Lung Opacity;Pneumonia,fracture,Fracture,2588,,0.0,poor,classifier_query_error,missing_and_extra,False,True,"No focal consolidation, pneumothorax or definite pleural effusion. Nodular density projected over the left base with no lateral view correlate secondary to soft tissue overlay. Heart size and pulmonary vascularity within normal limits, no mediastinal widening characteristic in appearance of vascular injury. No acute osseous injury demonstrated. No acute findings. Please note that fractures may not be demonstrated and consider additional imaging as clinically indicated.",Heart size is within normal limits. Tortuous thoracic aorta. There is patchy right base airspace disease. No pneumothorax or pleural effusion. There mild degenerative changes throughout the thoracic spine. Right lower lobe pneumonia.,85
classifier_gated,2212,No Finding,no acute abnormality,No Finding,3719,No Finding,1.0,good,none,,False,False,No active disease.,The lungs are clear. There is no pleural effusion. The heart and mediastinum are normal. The skeletal structures and soft tissues have a normal appearance. No acute pulmonary disease.,89
classifier_gated,2223,No Finding,pulmonary edema,Edema,1711,,0.0,poor,classifier_query_error,normal_vs_abnormal,False,False,"Heart size within normal limits, stable mediastinal and hilar contours. Left hemidiaphragm eventration. No focal alveolar consolidation, no definite pleural effusion seen. No typical findings of pulmonary edema. No acute findings","Chest. Heart size normal. Lungs clear. unremarkable. Limited technique. Right elbow and forearm. No acute fracture, dislocation or joint effusion. Soft tissues unremarkable. Left ankle. Soft tissue around ankle. There are midfoot degenerative changes and plantar calcaneal enthesophyte. Ankle mortise intact. No acute fracture or dislocation. Chest. No acute cardiopulmonary finding. Right elbow and forearm. No acute traumatic finding. Left ankle. 1. No acute traumatic finding. 2. Midfoot degenerative changes and calcaneal enthesopathy.",86
classifier_gated,2228,No Finding,no acute abnormality,No Finding,3719,No Finding,1.0,good,none,,False,False,No active disease.,Heart size is normal and the lungs are clear.,90
classifier_gated,2236,No Finding,no acute abnormality,No Finding,3719,No Finding,1.0,good,none,,False,False,No active disease.,"The cardiac silhouette, mediastinum, and pulmonary vasculature are within normal limits. Lungs are clear. No pleural fluid or pneumothorax is appreciated. Unremarkable chest x-..",91
classifier_gated,2238,No Finding,fracture,Fracture,2588,,0.0,poor,classifier_query_error,normal_vs_abnormal,False,False,"No focal consolidation, pneumothorax or definite pleural effusion. Nodular density projected over the left base with no lateral view correlate secondary to soft tissue overlay. Heart size and pulmonary vascularity within normal limits, no mediastinal widening characteristic in appearance of vascular injury. No acute osseous injury demonstrated. No acute findings. Please note that fractures may not be demonstrated and consider additional imaging as clinically indicated.",The heart is normal in size. The mediastinum is unremarkable. The lungs are clear. No acute disease.,87
classifier_gated,2239,Lung Opacity;Support Devices,lung opacity,Lung Opacity,1972,Lung Opacity,0.5,partial,classifier_query_error,missing_only,False,True,There is a airspace opacity in the left upper lung. Heart size within normal limits. Mild calcification of the aortic. No pneumothorax or pleural effusions. airspace opacity in the left upper lung which may represent streaky atelectasis or resolving pneumonia.,"Frontal and lateral views of the chest with overlying external cardiac monitor leads show normal size and configuration of the cardiac silhouette. Normal pulmonary vasculature and central airways. There is interstitial prominence and is basilar patchy air space opacity. No focal airspace consolidation or pleural effusion. Nonspecific interstitial prominence and basilar patchy airspace disease. Maybe due to pulmonary fibrosis, scarring and/or atelectasis. Comparison with outside previous films may be useful.",28
classifier_gated,2244,No Finding,no acute abnormality,No Finding,3719,No Finding,1.0,good,none,,False,False,No active disease.,No comparison chest x-. Well-expanded and clear lungs. Mediastinal contour within normal limits. No acute cardiopulmonary abnormality identified.,92
classifier_gated,2277,No Finding,no acute abnormality,No Finding,3719,No Finding,1.0,good,none,,False,False,No active disease.,The lungs are clear without evidence of focal airspace disease. There is no evidence of pneumothorax or large pleural effusion. The cardiac and mediastinal contours are within normal limits. The are unremarkable. No radiographic evidence of acute cardiopulmonary disease.,93
classifier_gated,2290,No Finding,no acute abnormality,No Finding,3719,No Finding,1.0,good,none,,False,False,No active disease.,There are no focal areas of consolidation. No suspicious pulmonary opacities. Heart size within normal limits. No pleural effusions. No evidence of pneumothorax. Osseous structures are intact. No acute cardiopulmonary abnormality.,94
classifier_gated,2310,No Finding,no acute abnormality,No Finding,3719,No Finding,1.0,good,none,,False,False,No active disease.,No focal consolidation. No visualized pneumothorax. The heart size is normal. There are no large pleural effusions. 1. No acute cardiopulmonary findings.,95
classifier_gated,2313,No Finding,enlarged cardiomediastinum,Enlarged Cardiomediastinum,1233,Cardiomegaly;Atelectasis,0.0,poor,classifier_query_error,normal_vs_abnormal,False,False,"Enlarged cardiomediastinal silhouette. Low lung volumes. Relative elevation of right hemidiaphragm. left base density. No focal consolidation, pneumothorax or large pleural effusion. Negative for acute bone abnormality. Cardiomegaly without heart failure. Minimal left basilar scarring/atelectasis.",The lungs are clear. There is no pleural effusion or pneumothorax. There has been sternotomy. The heart and mediastinum are normal. The skeletal structures are normal. No acute pulmonary disease.,88
classifier_gated,2326,Cardiomegaly,no acute abnormality,No Finding,3719,No Finding,0.0,poor,classifier_query_error,normal_vs_abnormal,False,True,No active disease.,"Heart size mildly enlarged, stable mediastinal and hilar contours. Right hemidiaphragm eventration. No focal alveolar consolidation, no definite pleural effusion seen. No typical findings of pulmonary edema. Cardiomegaly, no acute pulmonary findings",89
classifier_gated,2363,Lung Opacity;Pneumonia,lung opacity consolidation pneumonia,Lung Opacity;Consolidation;Pneumonia,742,Lung Opacity,0.5,partial,classifier_query_error,extra_only,False,False,"focal opacity in the medial right lung base seen on the frontal view. No definite pleural effusion. Stable cardiomediastinal silhouette with normal heart size, no typical findings of pulmonary edema. Abnormal opacity in the right lung base which may be compatible with pneumonia in the appropriate clinical setting. Recommend clinical correlation for infection and followup to resolution. Or, if clinical findings are not compatible with may be of.",Heart size is upper limits of normal. The pulmonary and mediastinum are within normal limits. There is no pleural effusion or pneumothorax. There is right basilar air space opacity. Right middle lobe and lower lobe pneumonia. Followup radiographs in 8-12 weeks after appropriate therapy are indicated to exclude an underlying abnormality.,29
classifier_gated,2365,No Finding,no acute abnormality,No Finding,3719,No Finding,1.0,good,none,,False,False,No active disease.,The heart size and pulmonary vascularity appear within normal limits. The lungs are free of focal airspace disease. No pleural effusion or pneumothorax is seen. No evidence of active disease.,96
classifier_gated,2377,No Finding,no acute abnormality,No Finding,3719,No Finding,1.0,good,none,,False,False,No active disease.,The heart size and pulmonary vascularity appear within normal limits. The lungs are free of focal airspace disease. No pleural effusion or pneumothorax is seen. No evidence of active disease.,97
classifier_gated,2388,No Finding,no acute abnormality,No Finding,3719,No Finding,1.0,good,none,,False,False,No active disease.,"Heart size normal. Lungs are clear. are normal. No pneumonia, effusions, edema, pneumothorax, adenopathy, nodules or masses. Normal chest",98
classifier_gated,2396,Lung Opacity;Edema,lung opacity,Lung Opacity,1972,Lung Opacity,0.5,partial,classifier_query_error,missing_only,False,False,There is a airspace opacity in the left upper lung. Heart size within normal limits. Mild calcification of the aortic. No pneumothorax or pleural effusions. airspace opacity in the left upper lung which may represent streaky atelectasis or resolving pneumonia.,There are bilateral opacities most prominent in the lower lobes bilaterally. There is no evidence of pneumothorax or large pleural effusion. The cardiac and mediastinal contours are within normal limits. The are unremarkable. There is an embolization overlying left upper quadrant. Bilateral opacities most prominent in the lower lobes representing airspace disease or edema.,30
classifier_gated,2415,Cardiomegaly;Lung Opacity,lung opacity pleural effusion pleural abnormality,Lung Opacity;Pleural Effusion;Pleural Other,1016,Lung Opacity;Atelectasis;Pleural Effusion;Pleural Other,0.2,partial,classifier_query_error,missing_and_extra,False,True,"Comparison,. right pleural opacity along the lower chest wall compatible with thickening and/or some loculated effusion, accompanied with some adjacent atelectasis / airspace disease within the right lung base. Round opacity seen projecting adjacent to right hilum on PA view is on lateral view to represent some discoid atelectasis or fluid associated with the upper aspect of the fissure. Some opacities compatible with scarring/chronic inflammatory change are seen within the left lower lung which are more conspicuous versus previous examination. Stable mediastinal contour.","The heart is mildly enlarged. The lungs are hypoinflated with mildly elevated left hemidiaphragm. There is patchy opacity in the left lung base which may be secondary to atelectasis and/or possible infiltrate. Increased markings are noted throughout and were present on prior CT. The study is limited secondary to moderate motion. Underlying emphysematous changes are identified. Hypoinflation with elevated left hemidiaphragm and possible left basilar infiltrate versus atelectasis. Followup evaluation is suggested in 2 to 4 weeks. IMPRESSION: Exam: CHEST 2V FRONTAL/LATERAL Date:, PM Comparison: CT chest History: Shortness of breath FINDINGS: The heart is mildly enlarged. The lungs are hypoinflated with mildly elevated left hemidiaphragm. There is patchy opacity in the left lung base which may be secondary to atelectasis and/or possible infiltrate. Increased markings are noted throughout and were present on prior CT. The study is limited secondary to moderate motion. Underlying emphysematous changes are identified. IMPRESSION: Hypoinflation with elevated left hemidiaphragm and possible left basilar infiltrate versus atelectasis. Followup evaluation is suggested in 2 to 4 weeks.",31
classifier_gated,2453,No Finding,pneumonia,Pneumonia,1618,No Finding,1.0,good,none,normal_vs_abnormal,False,False,Heart size is normal and lungs are clear. No pneumonia.,Lungs are clear bilaterally. Cardiac and mediastinal silhouettes are normal. Pulmonary vasculature is normal. No pneumothorax or pleural effusion. No acute bony abnormality. No acute cardiopulmonary abnormality.,99
classifier_gated,2475,Cardiomegaly,enlarged cardiomediastinum,Enlarged Cardiomediastinum,1233,Cardiomegaly;Atelectasis,0.5,partial,classifier_query_error,missing_and_extra,False,True,"Enlarged cardiomediastinal silhouette. Low lung volumes. Relative elevation of right hemidiaphragm. left base density. No focal consolidation, pneumothorax or large pleural effusion. Negative for acute bone abnormality. Cardiomegaly without heart failure. Minimal left basilar scarring/atelectasis.",Heart size remains slightly large. Pulmonary are normal. Aorta tortuous. change. No active cardiopulmonary disease.,32
classifier_gated,2493,No Finding,enlarged cardiomediastinum,Enlarged Cardiomediastinum,1233,Cardiomegaly;Atelectasis,0.0,poor,classifier_query_error,normal_vs_abnormal,False,False,"Enlarged cardiomediastinal silhouette. Low lung volumes. Relative elevation of right hemidiaphragm. left base density. No focal consolidation, pneumothorax or large pleural effusion. Negative for acute bone abnormality. Cardiomegaly without heart failure. Minimal left basilar scarring/atelectasis.","The trachea is midline. The cardiomediastinal silhouette is normal. The lungs are clear, without evidence of focal infiltrate or effusion. There is no pleural effusion or pneumothorax. The visualized bony structures reveal no acute abnormalities. No acute cardiopulmonary abnormalities..",90
classifier_gated,2513,Atelectasis,pleural effusion,Pleural Effusion,3365,No Finding,0.0,poor,classifier_query_error,missing_and_extra,False,True,No large pleural effusions. No pneumothorax. No focal airspace opacities. Heart size is normal. No acute cardiopulmonary abnormalities.,[<Heart size and pulmonary vascularity within normal limits. There is a large hiatal hernia seen projecting in the retrocardiac region. This is from prior examination. There is associated atelectasis in the left lung base. No pleural effusion or pneumothorax is identified. 1. large hiatal hernia. 2. Left base atelectasis.,91
classifier_gated,2517,No Finding,no acute abnormality,No Finding,3719,No Finding,1.0,good,none,,False,False,No active disease.,Lungs are clear. No pneumothorax or pleural effusion. Normal heart and mediastinal contours. Normal pulmonary vasculature. Bony thorax intact. No acute cardiopulmonary abnormality.,100
classifier_gated,2533,No Finding,fracture,Fracture,2588,,0.0,poor,classifier_query_error,normal_vs_abnormal,False,False,"No focal consolidation, pneumothorax or definite pleural effusion. Nodular density projected over the left base with no lateral view correlate secondary to soft tissue overlay. Heart size and pulmonary vascularity within normal limits, no mediastinal widening characteristic in appearance of vascular injury. No acute osseous injury demonstrated. No acute findings. Please note that fractures may not be demonstrated and consider additional imaging as clinically indicated.",Cardiomediastinal silhouette and central pulmonary vasculature are within normal limits. There is no focal air space opacity. No pleural effusion or pneumothorax is seen. No acute bony abnormality is demonstrated. No acute cardiopulmonary abnormality.,92
classifier_gated,2545,No Finding,no acute abnormality,No Finding,3719,No Finding,1.0,good,none,,False,False,No active disease.,"The trachea is midline. The cardiomediastinal silhouette is normal. Lung are clear without evidence of effusion, infiltrate, or pneumothorax. Visualized bony structures are intact. Visualized soft tissues appear normal. Normal chest x-.",101
classifier_gated,2564,No Finding,no acute abnormality,No Finding,3719,No Finding,1.0,good,none,,False,False,No active disease.,"Normal cardiac size and contour unremarkable mediastinal silhouette. Lungs clear, no airspace disease, pleural effusion, or pneumothorax. No active/acute cardiopulmonary disease.",102
classifier_gated,2591,No Finding,no acute abnormality,No Finding,3719,No Finding,1.0,good,none,,False,False,No active disease.,No focal lung consolidation. Heart size and pulmonary vascularity are within normal limits. No pneumothorax or pleural effusion. Osseous structures are grossly intact. No acute cardiopulmonary process.,103
classifier_gated,2594,Lung Opacity;Atelectasis,fracture,Fracture,2588,,0.0,poor,classifier_query_error,missing_and_extra,False,True,"No focal consolidation, pneumothorax or definite pleural effusion. Nodular density projected over the left base with no lateral view correlate secondary to soft tissue overlay. Heart size and pulmonary vascularity within normal limits, no mediastinal widening characteristic in appearance of vascular injury. No acute osseous injury demonstrated. No acute findings. Please note that fractures may not be demonstrated and consider additional imaging as clinically indicated.",The heart size is normal. Tortuous aorta. Otherwise the mediastinal contour is within normal limits. Low lung volumes. Mild elevation of the right hemidiaphragm. There is streaky opacity within the right lower lobe. There are no nodules or masses. No visible pneumothorax. No visible pleural fluid. The are grossly normal. There is no visible free intraperitoneal air under the diaphragm. Streaky right lower lobe infiltrate versus atelectasis.,93
classifier_gated,2596,No Finding,no acute abnormality,No Finding,3719,No Finding,1.0,good,none,,False,False,No active disease.,"The cardiomediastinal silhouette and pulmonary vasculature are within normal limits in size. The lungs are clear of focal airspace disease, pneumothorax, or pleural effusion. There are no acute bony findings. No acute findings..",104
classifier_gated,2605,No Finding,pleural effusion,Pleural Effusion,3365,No Finding,1.0,good,none,normal_vs_abnormal,False,False,No large pleural effusions. No pneumothorax. No focal airspace opacities. Heart size is normal. No acute cardiopulmonary abnormalities.,Single view of chest was obtained in AP projection. Limited study secondary to body habitus. The cardiomediastinal silhouette is not enlarged. Lungs demonstrate no focal infiltrates. There is no effusion or pneumothorax. 1. No acute pulmonary disease.,105
classifier_gated,2612,No Finding,no acute abnormality,No Finding,3719,No Finding,1.0,good,none,,False,False,No active disease.,"The cardiomediastinal silhouette and pulmonary vasculature are within normal limits in size. The lungs are clear of focal airspace disease, pneumothorax, or pleural effusion. There are no acute bony findings. No acute cardiopulmonary findings..",106
classifier_gated,2616,Pleural Effusion,pleural effusion pleural abnormality,Pleural Effusion;Pleural Other,3365,No Finding,0.0,poor,classifier_query_error,extra_only,False,True,No large pleural effusions. No pneumothorax. No focal airspace opacities. Heart size is normal. No acute cardiopulmonary abnormalities.,Frontal and lateral views of the chest show normal size and configuration of the cardiac silhouette. The right costophrenic sulcus is blunted. There is an the right base /fluid level. The left lung is clear. 1. Right-sided small pleural effusion. 2. Right base /fluid level. Atypical location for a hiatal hernia. Cannot exclude a right lower lobe cavity. Correlation scan recommended. Does not appear to be a hydropneumothorax or empyema.,94
classifier_gated,2622,Support Devices,pleural abnormality,Pleural Other,2814,Cardiomegaly,0.0,poor,classifier_query_error,missing_and_extra,False,False,There is cardiomegaly. Lateral view somewhat limited however small bilateral pleural effusions suspected. There is central vascular congestion.,Normal heart size and mediastinal contours. No focal airspace consolidation. Tracheostomy tip approximately 5 cm above the carina. No pleural effusion or pneumothorax. No acute cardiopulmonary abnormality.,95
classifier_gated,2629,No Finding,fracture,Fracture,2588,,0.0,poor,classifier_query_error,normal_vs_abnormal,False,False,"No focal consolidation, pneumothorax or definite pleural effusion. Nodular density projected over the left base with no lateral view correlate secondary to soft tissue overlay. Heart size and pulmonary vascularity within normal limits, no mediastinal widening characteristic in appearance of vascular injury. No acute osseous injury demonstrated. No acute findings. Please note that fractures may not be demonstrated and consider additional imaging as clinically indicated.",Mediastinal contours are normal. Lungs are clear. There is no pneumothorax or large pleural effusion. No focal infiltrate.,96
classifier_gated,2644,Cardiomegaly;Lung Lesion,cardiomegaly,Cardiomegaly,2040,Cardiomegaly,0.5,partial,classifier_query_error,missing_only,True,True,Cardiomegaly. No effusions or edema. Clear chest,"Mild cardiomegaly. Pulmonary vasculature is within normal limits. Costophrenic are. There is increased kyphotic curvature of the thoracic spine. Within the heart, there is a small area of oval-shaped density measuring 2.2 x 1.6 cm without correction for magnification. There is a calcified lymph node in the right hilum. No pneumothorax. Lingular nodule measuring 2.2 x 1.6 cm. Recommend to further evaluate. The above findings and recommendations were discussed with at p.m., telephone.",33
classifier_gated,2691,Cardiomegaly,enlarged cardiomediastinum,Enlarged Cardiomediastinum,1233,Cardiomegaly;Atelectasis,0.5,partial,classifier_query_error,missing_and_extra,False,True,"Enlarged cardiomediastinal silhouette. Low lung volumes. Relative elevation of right hemidiaphragm. left base density. No focal consolidation, pneumothorax or large pleural effusion. Negative for acute bone abnormality. Cardiomegaly without heart failure. Minimal left basilar scarring/atelectasis.","Exam quality limited by hypoinflation and rotation. Considering technical factors heart size mildly enlarged, aortic calcifications and ectasia/tortuosity, mediastinal calcifications suggest a previous granulomatous process. No focal alveolar consolidation, no definite pleural effusion seen. Bronchovascular crowding without typical findings of pulmonary edema.",34
classifier_gated,2697,No Finding,cardiomegaly,Cardiomegaly,2040,Cardiomegaly,0.0,poor,classifier_query_error,normal_vs_abnormal,False,False,Cardiomegaly. No effusions or edema. Clear chest,,97
classifier_gated,2698,No Finding,no acute abnormality,No Finding,3719,No Finding,1.0,good,none,,False,False,No active disease.,The lungs appear clear. The heart and pulmonary are normal. The pleural spaces are clear. Mediastinal contours are normal. No acute cardiopulmonary disease,107
classifier_gated,2709,Lung Opacity,no acute abnormality,No Finding,3719,No Finding,0.0,poor,classifier_query_error,normal_vs_abnormal,False,False,No active disease.,There is a subtle left medial base opacity. Cardiomediastinal silhouette is normal. Pulmonary vasculature and are normal. No pneumothorax or large pleural effusion. Osseous structures and soft tissues are normal. Subtle medial left basilar opacity could represent early pneumonia.,98
classifier_gated,2720,No Finding,no acute abnormality,No Finding,3719,No Finding,1.0,good,none,,False,False,No active disease.,Both lungs are clear and expanded. Heart and mediastinum normal. No active disease.,108
classifier_gated,2723,Atelectasis,no acute abnormality,No Finding,3719,No Finding,0.0,poor,classifier_query_error,normal_vs_abnormal,False,True,No active disease.,Negative for cardiac enlargement or vascular congestion. Minimal subsegmental atelectasis at the left base otherwise negative for focal confluent airspace disease. The visualized bony structures are intact. There are minimal degenerative disc changes of the mid/lower thoracic spine. No pneumothorax. Negative for acute cardiopulmonary process.,99
classifier_gated,2737,Atelectasis,fracture,Fracture,2588,,0.0,poor,classifier_query_error,missing_and_extra,False,True,"No focal consolidation, pneumothorax or definite pleural effusion. Nodular density projected over the left base with no lateral view correlate secondary to soft tissue overlay. Heart size and pulmonary vascularity within normal limits, no mediastinal widening characteristic in appearance of vascular injury. No acute osseous injury demonstrated. No acute findings. Please note that fractures may not be demonstrated and consider additional imaging as clinically indicated.",The heart is normal in size. The mediastinum is unremarkable. There is slight elevation of left hemidiaphragm with left basilar subsegmental atelectasis. The lungs are otherwise grossly clear. No acute disease.,100
classifier_gated,2747,Pleural Effusion,atelectasis,Atelectasis,3140,Lung Opacity;Atelectasis,0.0,poor,classifier_query_error,missing_and_extra,False,False,"Streaky opacities in the right lower lobe most suggestive of atelectasis, differential diagnosis includes atypical infection. No definite pleural effusion seen. Heart size within normal limits, no typical findings of pulmonary edema.",The lungs are clear. The cardiomediastinal silhouette is within normal limits. Small pleural effusion is identified. Small bilateral pleural effusions.,101
classifier_gated,2758,No Finding,no acute abnormality,No Finding,3719,No Finding,1.0,good,none,,False,False,No active disease.,"Frontal and lateral views of the chest show an unchanged cardiomediastinal silhouette. Normal mediastinal contour, pulmonary and vasculature, central airways and lung volumes. No pleural effusion. No acute or active cardiac, pulmonary or pleural disease.",109
classifier_gated,2765,No Finding,fracture,Fracture,2588,,0.0,poor,classifier_query_error,normal_vs_abnormal,False,False,"No focal consolidation, pneumothorax or definite pleural effusion. Nodular density projected over the left base with no lateral view correlate secondary to soft tissue overlay. Heart size and pulmonary vascularity within normal limits, no mediastinal widening characteristic in appearance of vascular injury. No acute osseous injury demonstrated. No acute findings. Please note that fractures may not be demonstrated and consider additional imaging as clinically indicated.",,102
classifier_gated,2778,Support Devices,support device,Support Devices,3929,Cardiomegaly;Support Devices,0.5,partial,retrieval_mismatch_despite_correct_query,,False,False,"A cardiac pacemaker/defibrillator device is redemonstration of the left chest wall with a single projecting over the right atrium and 2 leads projecting over the right ventricle. The cardiac silhouette is mildly enlarged, unchanged. No focal pulmonary consolidation. No pneumothorax. No pleural effusion. Minimal degenerative changes of the thoracic spine..",The pulmonary nodules and masses masses on previous exam are smaller and not definitely seen. The lungs are otherwise clear. Heart size normal. No pneumothorax. There is a right chest with tip projecting over the lower SVC. Interval decrease in size of numerous pulmonary nodules and masses. No nodules or masses are definitely seen on radiograph..,35
classifier_gated,2817,Lung Opacity;Pleural Effusion;Pleural Other,lung opacity pleural abnormality,Lung Opacity;Pleural Other,1016,Lung Opacity;Atelectasis;Pleural Effusion;Pleural Other,0.75,partial,classifier_query_error,missing_only,False,True,"Comparison,. right pleural opacity along the lower chest wall compatible with thickening and/or some loculated effusion, accompanied with some adjacent atelectasis / airspace disease within the right lung base. Round opacity seen projecting adjacent to right hilum on PA view is on lateral view to represent some discoid atelectasis or fluid associated with the upper aspect of the fissure. Some opacities compatible with scarring/chronic inflammatory change are seen within the left lower lung which are more conspicuous versus previous examination. Stable mediastinal contour.","Evaluation is limited due to obscuration by the patient's arm on the lateral view. Cardiomediastinal silhouette is within normal limits of size and appearance. Pulmonary vascular is unremarkable. are chronic, coarse interstitial lung markings. Peripheral opacity along the right mid lung reflects scar or a small amount of loculated pleural fluid or thickening. Otherwise negative for focal airspace disease or consolidation. Hyperlucent lungs with apical. Negative for pneumothorax or pleural effusion. Limited evaluation reveals the to be grossly intact. 1. No acute cardiopulmonary abnormality. 2. Emphysema.",36
classifier_gated,2831,Pneumothorax;Pleural Effusion;Support Devices,pleural effusion,Pleural Effusion,3365,No Finding,0.0,poor,classifier_query_error,missing_only,False,True,No large pleural effusions. No pneumothorax. No focal airspace opacities. Heart size is normal. No acute cardiopulmonary abnormalities.,Persistent 8mm pneumothorax with small amount of pleural effusion. Heart size normal. Enteric tube tip in the stomach. Midline abdominal clips. in the right upper quadrant. Bullet overlies L3.,103
classifier_gated,2832,Cardiomegaly,no acute abnormality,No Finding,3719,No Finding,0.0,poor,classifier_query_error,normal_vs_abnormal,False,True,No active disease.,"There is stable cardiomegaly. The mediastinum is unremarkable. Atherosclerotic calcifications are present within the thoracic aorta. There is no pleural effusion, pneumothorax, or focal airspace disease. Chronic degenerative changes are present in the thoracic spine. 1. Stable cardiomegaly without acute cardiopulmonary abnormality.",104
classifier_gated,2833,No Finding,pneumothorax,Pneumothorax,1570,,0.0,poor,classifier_query_error,normal_vs_abnormal,False,False,Evaluation for pneumothorax is limited due to exclusion of the superior-most pulmonary apices. No visible pleural. No focal air space opacities or pleural effusion. Cardiomediastinal silhouette is within normal limits. No free subdiaphragmatic air. Mild degenerative changes of the thoracic spine. Included osseous structures are grossly intact. No acute pulmonary disease.,"The heart, pulmonary and mediastinum are within normal limits. There is no pleural effusion or pneumothorax. There is no focal air space opacity to suggest a pneumonia. Both clavicles appear within normal limits on this limited radiographic evaluation. No acute cardiopulmonary disease.",105
classifier_gated,2852,No Finding,no acute abnormality,No Finding,3719,No Finding,1.0,good,none,,False,False,No active disease.,Normal cardiac contours. No pleural effusion or pneumothorax. No acute bony abnormalities. Clear lung bilaterally. No intervertebral disc narrowing or loss of vertebral body. 1. No acute bony abnormalities. 2. No acute cardiopulmonary abnormalities.,110
classifier_gated,2860,Support Devices,no acute abnormality,No Finding,3719,No Finding,0.0,poor,classifier_query_error,normal_vs_abnormal,False,True,No active disease.,"No acute osseous abnormality. Scattered degenerative changes of the thoracic spine. Surgical clips overlying the right upper quadrant. Anterior cervical fusion. Tortuous and ectatic aorta. No focal area of consolidation, pleural effusion, or pneumothorax. No acute radiographic cardiopulmonary process.",106
classifier_gated,2866,No Finding,no acute abnormality,No Finding,3719,No Finding,1.0,good,none,,False,False,No active disease.,"Heart size normal. Lungs are clear. are normal. No pneumonia, effusions, edema, pneumothorax, adenopathy, nodules or masses. Normal chest",111
classifier_gated,2870,No Finding,no acute abnormality,No Finding,3719,No Finding,1.0,good,none,,False,False,No active disease.,"The examination consists of frontal and lateral radiographs of the chest. The cardiomediastinal contours are within normal limits. Pulmonary vascularity is within normal limits. No focal consolidation, pleural effusion, or pneumothorax identified. The visualized osseous structures and upper abdomen are unremarkable. No acute cardiopulmonary abnormality identified.",112
classifier_gated,2884,Support Devices,cardiomegaly,Cardiomegaly,2040,Cardiomegaly,0.0,poor,classifier_query_error,missing_and_extra,False,False,Cardiomegaly. No effusions or edema. Clear chest,"The postoperative cardiomediastinal silhouette is stable and upper limits of normal in size. There are sternotomy and surgical clips compatible with prior CABG. There is at one left-sided coronary artery stent. Pulmonary vasculature is normal in caliber. The lungs are grossly clear of focal airspace disease, pneumothorax, or pleural effusion. There are no acute bony findings. No acute findings..",107
classifier_gated,2894,Support Devices,support device,Support Devices,3929,Cardiomegaly;Support Devices,0.5,partial,retrieval_mismatch_despite_correct_query,,False,False,"A cardiac pacemaker/defibrillator device is redemonstration of the left chest wall with a single projecting over the right atrium and 2 leads projecting over the right ventricle. The cardiac silhouette is mildly enlarged, unchanged. No focal pulmonary consolidation. No pneumothorax. No pleural effusion. Minimal degenerative changes of the thoracic spine..",The tracheostomy tube is in stable position. Right subclavian catheter tip is in the lower SVC. The left upper extremity PICC tip is in the mid SVC. Surgical overlie the soft tissues of the neck. The lungs are clear. Heart size is normal. No pneumothorax. 1. No acute cardiopulmonary findings..,37
classifier_gated,2898,No Finding,no acute abnormality,No Finding,3719,No Finding,1.0,good,none,,False,False,No active disease.,"Heart size within normal limits. No focal alveolar consolidation, no definite pleural effusion seen. No typical findings of pulmonary edema. No acute cardiopulmonary findings",113
classifier_gated,2902,No Finding,pleural abnormality,Pleural Other,2814,Cardiomegaly,0.0,poor,classifier_query_error,normal_vs_abnormal,False,False,There is cardiomegaly. Lateral view somewhat limited however small bilateral pleural effusions suspected. There is central vascular congestion.,"The cardiac silhouette, upper mediastinum and pulmonary vasculature are within normal limits. There is no acute air space infiltrate, pleural effusion or pneumothorax. The visualized osseous structures are intact. No acute cardiopulmonary process.",108
classifier_gated,2910,No Finding,no acute abnormality,No Finding,3719,No Finding,1.0,good,none,,False,False,No active disease.,The heart size is normal. The mediastinal contour is within normal limits. The lungs are free of any focal infiltrates. There are no nodules or masses. No visible pneumothorax. No visible pleural fluid. The are grossly normal. There is no visible free intraperitoneal air under the diaphragm. 1. No acute radiographic cardiopulmonary process.,114
classifier_gated,2916,No Finding,no acute abnormality,No Finding,3719,No Finding,1.0,good,none,,False,False,No active disease.,"Heart size within normal limits. No focal alveolar consolidation, no definite pleural effusion seen. No typical findings of pulmonary edema. No pneumothorax. No acute cardiopulmonary findings",115
classifier_gated,2936,Cardiomegaly,cardiomegaly,Cardiomegaly,2040,Cardiomegaly,1.0,good,none,,False,True,Cardiomegaly. No effusions or edema. Clear chest,The heart size is mildly enlarged. The pulmonary and mediastinum are within normal limits. There is no pleural effusion or pneumothorax. There is no focal air space opacity to suggest a pneumonia. There is a moderate sized hiatal hernia. There mild degenerative changes of the spine. Cardiomegaly and hiatal hernia without an acute abnormality identified.,116
classifier_gated,2955,Cardiomegaly,enlarged cardiomediastinum cardiomegaly,Enlarged Cardiomediastinum;Cardiomegaly,1233,Cardiomegaly;Atelectasis,0.5,partial,classifier_query_error,extra_only,True,True,"Enlarged cardiomediastinal silhouette. Low lung volumes. Relative elevation of right hemidiaphragm. left base density. No focal consolidation, pneumothorax or large pleural effusion. Negative for acute bone abnormality. Cardiomegaly without heart failure. Minimal left basilar scarring/atelectasis.","Heart size moderately enlarged for technique, aortic ectasia/tortuosity. Right hemidiaphragm eventration. No focal alveolar consolidation, no definite pleural effusion seen. Vascular redistribution without typical findings of pulmonary edema. No pneumothorax.",38
classifier_gated,2957,Cardiomegaly;Lung Opacity;Atelectasis,lung opacity lung lesion,Lung Opacity;Lung Lesion,1972,Lung Opacity,0.3333333333333333,partial,classifier_query_error,missing_and_extra,True,True,There is a airspace opacity in the left upper lung. Heart size within normal limits. Mild calcification of the aortic. No pneumothorax or pleural effusions. airspace opacity in the left upper lung which may represent streaky atelectasis or resolving pneumonia.,The heart is mildly enlarged. Pulmonary vascularity is increased. There is again mild elevation of the right hemidiaphragm. Air space disease and/or atelectasis is noted in right lung base. There is also streaky opacity in the left base. The costophrenic are blunted. 1. Cardiomegaly and pulmonary vascular congestion. 2. Eventration of right hemidiaphragm with basilar atelectasis.,39
classifier_gated,2964,No Finding,no acute abnormality,No Finding,3719,No Finding,1.0,good,none,,False,False,No active disease.,The lungs are clear. There is no focal airspace consolidation. No pleural effusion or pneumothorax. Heart size and mediastinal contour are normal. No evidence of active disease.,117
classifier_gated,3004,Lung Opacity;Atelectasis,pleural abnormality,Pleural Other,2814,Cardiomegaly,0.0,poor,classifier_query_error,missing_and_extra,False,True,There is cardiomegaly. Lateral view somewhat limited however small bilateral pleural effusions suspected. There is central vascular congestion.,"Frontal and lateral views of the chest show normal size and configuration of the cardiac silhouette. Normal mediastinal contour, pulmonary and vasculature, central airways and lung volumes. And scattered calcified granulomas. Left greater than right basilar opacity, probable atelectasis and/or scarring. No pleural effusion. Basilar atelectasis. Otherwise, no acute cardiac or pulmonary disease process.",109
classifier_gated,3010,No Finding,no acute abnormality,No Finding,3719,No Finding,1.0,good,none,,False,False,No active disease.,"Heart and mediastinum are at the upper limits of normal size. There is no focal consolidation, pneumothorax, or large pleural effusion. There is no acute, displaced rib fracture. Bony structures are unremarkable. No acute cardiopulmonary findings.",118
classifier_gated,3022,Lung Lesion,lung opacity lung lesion consolidation pneumonia,Lung Opacity;Lung Lesion;Consolidation;Pneumonia,742,Lung Opacity,0.0,poor,classifier_query_error,extra_only,False,True,"focal opacity in the medial right lung base seen on the frontal view. No definite pleural effusion. Stable cardiomediastinal silhouette with normal heart size, no typical findings of pulmonary edema. Abnormal opacity in the right lung base which may be compatible with pneumonia in the appropriate clinical setting. Recommend clinical correlation for infection and followup to resolution. Or, if clinical findings are not compatible with may be of.","Multiple cavitary bilateral pulmonary masses and nodules. These are and increased from prior radiograph of, but were seen chest, with largest in the left base measuring approximately 3.3 x 6.1 cm. No pleural effusion, no pneumothorax. Heart size is normal.",110
classifier_gated,3025,No Finding,fracture,Fracture,2588,,0.0,poor,classifier_query_error,normal_vs_abnormal,False,False,"No focal consolidation, pneumothorax or definite pleural effusion. Nodular density projected over the left base with no lateral view correlate secondary to soft tissue overlay. Heart size and pulmonary vascularity within normal limits, no mediastinal widening characteristic in appearance of vascular injury. No acute osseous injury demonstrated. No acute findings. Please note that fractures may not be demonstrated and consider additional imaging as clinically indicated.","The lungs are clear bilaterally. Specifically, no evidence of focal consolidation, pneumothorax, or pleural effusion.. Cardio mediastinal silhouette is unremarkable. Visualized osseous structures of the thorax are without acute abnormality. No acute displaced rib fractures. No acute cardiopulmonary abnormality..",111
classifier_gated,3045,No Finding,no acute abnormality,No Finding,3719,No Finding,1.0,good,none,,False,False,No active disease.,Heart size and vascularity normal. Mediastinal contour normal. Lungs are clear. No pleural effusions or pneumothoraces. Normal chest.,119
classifier_gated,3049,No Finding,fracture,Fracture,2588,,0.0,poor,classifier_query_error,normal_vs_abnormal,False,False,"No focal consolidation, pneumothorax or definite pleural effusion. Nodular density projected over the left base with no lateral view correlate secondary to soft tissue overlay. Heart size and pulmonary vascularity within normal limits, no mediastinal widening characteristic in appearance of vascular injury. No acute osseous injury demonstrated. No acute findings. Please note that fractures may not be demonstrated and consider additional imaging as clinically indicated.","Heart size normal. Lungs are clear. are normal. No pneumonia, effusions, edema, pneumothorax, adenopathy, nodules or masses. Normal chest.",112
classifier_gated,3060,No Finding,no acute abnormality,No Finding,3719,No Finding,1.0,good,none,,False,False,No active disease.,The heart is normal in size. The mediastinum is unremarkable. The lungs are grossly clear. No acute disease.,120
classifier_gated,3069,Lung Opacity;Pneumonia,lung lesion,Lung Lesion,1220,,0.0,poor,classifier_query_error,missing_and_extra,False,False,"There is hyperexpansion, hyperlucency of both lungs, as well as flattening of the diaphragm consistent with chronic emphysematous lung disease. No focal consolidation, pneumothorax, or large pleural effusion identified (blunting of costophrenic recesses bilaterally may represent small effusions or pleural thickening/scar. Stable calcified mediastinal and hilar lymph and a left basilar calcified granuloma. Acute osseous abnormality. The mediastinal silhouette stable. Changes of chronic emphysematous lung disease without acute cardiopulmonary abnormality identified.",Right upper lobe airspace disease consistent with pneumonia given patient's history. The lungs are otherwise clear. No pleural effusions or pneumothoraces. Heart and mediastinum of normal size and contour. Right upper lobe pneumonia.,113
classifier_gated,3115,No Finding,no acute abnormality,No Finding,3719,No Finding,1.0,good,none,,False,False,No active disease.,"The heart is normal in size and contour. The lungs are clear, without evidence of infiltrate. There is no pneumothorax or effusion. No acute cardiopulmonary disease.",121
classifier_gated,3117,No Finding,no acute abnormality,No Finding,3719,No Finding,1.0,good,none,,False,False,No active disease.,Heart size is normal. The lungs and costophrenic are clear. The bony thorax is grossly intact. Normal chest.,122
classifier_gated,3134,No Finding,no acute abnormality,No Finding,3719,No Finding,1.0,good,none,,False,False,No active disease.,Lungs appear clear. Heart and pulmonary appear normal. Pleural spaces are clear. Mediastinal contours are normal. No pneumothorax. No acute cardiopulmonary disease,123
classifier_gated,3135,No Finding,fracture,Fracture,2588,,0.0,poor,classifier_query_error,normal_vs_abnormal,False,False,"No focal consolidation, pneumothorax or definite pleural effusion. Nodular density projected over the left base with no lateral view correlate secondary to soft tissue overlay. Heart size and pulmonary vascularity within normal limits, no mediastinal widening characteristic in appearance of vascular injury. No acute osseous injury demonstrated. No acute findings. Please note that fractures may not be demonstrated and consider additional imaging as clinically indicated.","The lungs are clear bilaterally. Specifically, no evidence of focal consolidation, pneumothorax, or pleural effusion.. Cardiomediastinal silhouette is unremarkable. Visualized osseous structures of the thorax are without acute abnormality. No acute cardiopulmonary abnormality.",114
classifier_gated,3148,Cardiomegaly;Pleural Effusion,pleural effusion,Pleural Effusion,3365,No Finding,0.0,poor,classifier_query_error,missing_only,False,True,No large pleural effusions. No pneumothorax. No focal airspace opacities. Heart size is normal. No acute cardiopulmonary abnormalities.,Stable cardiomediastinal contour is mild cardiomegaly. No pneumothorax or significant pulmonary edema. Small left pleural effusion. No focal lung consolidation. Mildly low lung volumes. 1. Small left pleural effusion. 2. Stable mild cardiomegaly.,115
classifier_gated,3158,Cardiomegaly;Lung Opacity;Atelectasis,pleural effusion,Pleural Effusion,3365,No Finding,0.0,poor,classifier_query_error,missing_and_extra,False,True,No large pleural effusions. No pneumothorax. No focal airspace opacities. Heart size is normal. No acute cardiopulmonary abnormalities.,Cardiomegaly is present. The pulmonary vascularity appears within normal limits. Some scattered opacities are present whose appearance scarring or atelectasis. No focal airspace disease is seen. No pleural effusion is noted. No pneumothorax is identified. The left hemidiaphragm is elevated. Scoliosis is present involving the lumbar spine. There has been previous surgical resection of the left 6th rib. 1. Cardiomegaly without overt heart failure. 2. Continued elevation of the left hemidiaphragm. 3. Scattered of left base scarring/atelectasis.,116
classifier_gated,3180,No Finding,no acute abnormality,No Finding,3719,No Finding,1.0,good,none,,False,False,No active disease.,"The heart is normal in size and contour. The lungs are clear, without evidence of infiltrate. There is no pneumothorax or effusion. No acute cardiopulmonary disease.",124
classifier_gated,3183,No Finding,no acute abnormality,No Finding,3719,No Finding,1.0,good,none,,False,False,No active disease.,The heart is normal in size. The mediastinum is unremarkable. The lungs are clear. No acute disease.,125
classifier_gated,3191,Cardiomegaly,enlarged cardiomediastinum pleural abnormality,Enlarged Cardiomediastinum;Pleural Other,2194,Cardiomegaly;Lung Opacity,0.5,partial,classifier_query_error,missing_and_extra,False,True,Stable enlarged cardiomediastinal silhouette. Tortuous aorta. Low lung volumes and left basilar bandlike opacities suggestive of scarring or atelectasis. No overt edema. Question small right pleural effusion versus pleural thickening. No visible pneumothorax.,Borderline cardiac enlargement. Enlarged calcified thoracic aorta. Emphysema. No acute pulmonary abnormality. Mild spondylosis. Emphysema. No acute pulmonary findings.,40
classifier_gated,3195,Lung Opacity;Support Devices,pulmonary edema pleural effusion,Edema;Pleural Effusion,3552,No Finding,0.0,poor,classifier_query_error,missing_and_extra,False,False,"Heart size within normal limits, stable mediastinal and hilar contours. No focal alveolar consolidation, no definite pleural effusion seen. No typical findings of pulmonary edema. No acute findings",There is a left base opacity. The right lung is grossly clear. Heart size is normal. Left venous catheter with tip in the right atrium. There is no pneumothorax. 1. Left base airspace disease. 2. Left venous catheter with tip in the right atrium.,117
classifier_gated,3207,Cardiomegaly,cardiomegaly,Cardiomegaly,2040,Cardiomegaly,1.0,good,none,,False,False,Cardiomegaly. No effusions or edema. Clear chest,There's been interval enlargement in the cardiac silhouette. These 't contours are within normal limits. The lungs are normally inflated and clear. Osseous structures are within normal limits for patient age. 1. No acute radiographic cardiopulmonary process. 2. Interval development of cardiomegaly.,126
classifier_gated,3214,Cardiomegaly;Pleural Effusion,cardiomegaly,Cardiomegaly,2040,Cardiomegaly,0.5,partial,classifier_query_error,missing_only,False,True,Cardiomegaly. No effusions or edema. Clear chest,"There is an marked interval increase in heart size. The heart also demonstrates the configuration, compatible with pericardial effusion. A small right pleural effusion the present. The lungs are otherwise clear without focal infiltrates. Normal pulmonary vascularity. No pneumothorax. Large pericardial effusion.",41
classifier_gated,3216,No Finding,no acute abnormality,No Finding,3719,No Finding,1.0,good,none,,False,False,No active disease.,"Heart size is normal. No pneumothorax, pleural effusion, or focal airspace disease. Bony structures are intact. Normal chest radiograph.",127
classifier_gated,3221,No Finding,no acute abnormality,No Finding,3719,No Finding,1.0,good,none,,False,False,No active disease.,"The lungs are clear bilaterally. Specifically, no evidence of focal consolidation, pneumothorax, or pleural effusion.. Cardio mediastinal silhouette is unremarkable. Visualized osseous structures of the thorax are without acute abnormality. No acute cardiopulmonary abnormality..",128
classifier_gated,3253,No Finding,fracture,Fracture,2588,,0.0,poor,classifier_query_error,normal_vs_abnormal,False,False,"No focal consolidation, pneumothorax or definite pleural effusion. Nodular density projected over the left base with no lateral view correlate secondary to soft tissue overlay. Heart size and pulmonary vascularity within normal limits, no mediastinal widening characteristic in appearance of vascular injury. No acute osseous injury demonstrated. No acute findings. Please note that fractures may not be demonstrated and consider additional imaging as clinically indicated.","PA and lateral views the chest were obtained. The cardiomediastinal silhouette is normal in size and configuration. The lungs are well aerated. No pneumothorax, pleural effusion, or focal air space consolidation. No acute cardiopulmonary disease.",118
classifier_gated,3279,No Finding,no acute abnormality,No Finding,3719,No Finding,1.0,good,none,,False,False,No active disease.,The heart size is normal and cardiomediastinal silhouette is normal in contour. Lungs are clear bilaterally. There is no pleural effusion or pneumothorax. No bony or soft tissue abnormalities. No acute cardiopulmonary abnormality.,129
classifier_gated,3281,Lung Lesion,no acute abnormality,No Finding,3719,No Finding,0.0,poor,classifier_query_error,normal_vs_abnormal,False,True,No active disease.,"The heart size is within normal limits. Cardiomediastinal contour is normal. There is a right upper lobe nodule measuring 8 mm in diameter. Trachea is midline. The lungs otherwise clear. and soft tissues are unremarkable. 1. Right upper lobe pulmonary nodule, granuloma.",119
classifier_gated,3285,No Finding,no acute abnormality,No Finding,3719,No Finding,1.0,good,none,,False,False,No active disease.,The lungs are clear. The cardiomediastinal silhouette is within normal limits. No pneumothorax or pleural effusion. Negative chest.,130
classifier_gated,3290,No Finding,fracture,Fracture,2588,,0.0,poor,classifier_query_error,normal_vs_abnormal,False,False,"No focal consolidation, pneumothorax or definite pleural effusion. Nodular density projected over the left base with no lateral view correlate secondary to soft tissue overlay. Heart size and pulmonary vascularity within normal limits, no mediastinal widening characteristic in appearance of vascular injury. No acute osseous injury demonstrated. No acute findings. Please note that fractures may not be demonstrated and consider additional imaging as clinically indicated.",No comparison chest x-. Well-expanded and clear lungs. Mediastinal contour within normal limits. No acute cardiopulmonary abnormality identified.,120
classifier_gated,3347,Support Devices,fracture,Fracture,2588,,0.0,poor,classifier_query_error,missing_and_extra,False,True,"No focal consolidation, pneumothorax or definite pleural effusion. Nodular density projected over the left base with no lateral view correlate secondary to soft tissue overlay. Heart size and pulmonary vascularity within normal limits, no mediastinal widening characteristic in appearance of vascular injury. No acute osseous injury demonstrated. No acute findings. Please note that fractures may not be demonstrated and consider additional imaging as clinically indicated.","The lungs and pleural spaces show no acute abnormality. Lower lung volumes on the AP projection. Heart size is upper limits of normal, pulmonary vascularity within normal limits. Implantable cardiac are visualized on the lateral projection in the region of the expected location of the mitral valve. sternotomy noted. 1. No acute pulmonary abnormality.",121
classifier_gated,3358,No Finding,no acute abnormality,No Finding,3719,No Finding,1.0,good,none,,False,False,No active disease.,No active disease.,131
classifier_gated,3363,Lung Opacity,no acute abnormality,No Finding,3719,No Finding,0.0,poor,classifier_query_error,normal_vs_abnormal,False,True,No active disease.,"The heart is normal in size. The mediastinum is stable. The lungs are grossly clear. opacities in the lung bases. There are fragments overlying the posterior left chest, right neck base and fragments in the left costophrenic. There is no pleural effusion or pneumothorax. bullet fragments, as described above. No evidence of acute parenchymal abnormality.",122
classifier_gated,3369,Lung Opacity;Atelectasis;Pneumothorax,pneumothorax,Pneumothorax,1570,,0.0,poor,classifier_query_error,missing_only,False,True,Evaluation for pneumothorax is limited due to exclusion of the superior-most pulmonary apices. No visible pleural. No focal air space opacities or pleural effusion. Cardiomediastinal silhouette is within normal limits. No free subdiaphragmatic air. Mild degenerative changes of the thoracic spine. Included osseous structures are grossly intact. No acute pulmonary disease.,A large pleural air collection is present on the right. Mediastinum is shifted to the left as compared to the previous examination. The right lower lobe is totally opaque. Large right pneumothorax with associated complete collapse of the right lower lobe.,123
classifier_gated,3370,No Finding,no acute abnormality,No Finding,3719,No Finding,1.0,good,none,,False,False,No active disease.,"Lungs are clear without focal consolidation, effusion, or pneumothorax. Normal heart size. Bony thorax and soft tissues unremarkable. Negative for acute cardiopulmonary abnormality.",132
classifier_gated,3374,Lung Lesion,no acute abnormality,No Finding,3719,No Finding,0.0,poor,classifier_query_error,normal_vs_abnormal,False,False,No active disease.,"Lungs are free of infiltrates. However, in the left lower lobe there is a 1 cm diameter nodule that is not calcified. The right lung is clear. The heart,, and mediastinum are normal. No acute disease. Left lower lobe nodule of uncertain identity. Chest CT may be of further. level Veriphy message sent.",124
classifier_gated,3378,Pneumothorax;Fracture,fracture,Fracture,2588,,0.0,poor,classifier_query_error,missing_only,False,False,"No focal consolidation, pneumothorax or definite pleural effusion. Nodular density projected over the left base with no lateral view correlate secondary to soft tissue overlay. Heart size and pulmonary vascularity within normal limits, no mediastinal widening characteristic in appearance of vascular injury. No acute osseous injury demonstrated. No acute findings. Please note that fractures may not be demonstrated and consider additional imaging as clinically indicated.",There is a moderate right-sided pneumothorax measuring approximately 3.3 cm in the right apex. There is a minimally displaced right lateral 8th rib fracture and probable nondisplaced right lateral 7th rib fracture. Cardiomediastinal silhouette is within normal limits. Left lung is clear. 1. Moderate right-sided pneumothorax measuring approximately 3.3 cm in the right apex. 2. Minimally displaced right lateral 8th rib fracture probable nondisplaced right lateral 7th rib fracture.,125
classifier_gated,3379,Cardiomegaly;Lung Opacity,enlarged cardiomediastinum,Enlarged Cardiomediastinum,1233,Cardiomegaly;Atelectasis,0.3333333333333333,partial,classifier_query_error,missing_and_extra,False,False,"Enlarged cardiomediastinal silhouette. Low lung volumes. Relative elevation of right hemidiaphragm. left base density. No focal consolidation, pneumothorax or large pleural effusion. Negative for acute bone abnormality. Cardiomegaly without heart failure. Minimal left basilar scarring/atelectasis.",No pneumothorax or large pleural effusion. Borderline cardiomegaly. Minimal retrocardiac airspace disease. Bony structures appear intact. Bony structures appear intact. Minimal retrocardiac airspace disease.,42
classifier_gated,3386,No Finding,no acute abnormality,No Finding,3719,No Finding,1.0,good,none,,False,False,No active disease.,"The trachea is midline. The cardiomediastinal silhouette appears normal. There are no acute infiltrates, effusions. There is no evidence of pneumothorax. Visualized bony structures are intact with no acute abnormalities. Normal chest x-",133
classifier_gated,3434,No Finding,lung opacity pleural abnormality,Lung Opacity;Pleural Other,1016,Lung Opacity;Atelectasis;Pleural Effusion;Pleural Other,0.0,poor,classifier_query_error,normal_vs_abnormal,False,False,"Comparison,. right pleural opacity along the lower chest wall compatible with thickening and/or some loculated effusion, accompanied with some adjacent atelectasis / airspace disease within the right lung base. Round opacity seen projecting adjacent to right hilum on PA view is on lateral view to represent some discoid atelectasis or fluid associated with the upper aspect of the fissure. Some opacities compatible with scarring/chronic inflammatory change are seen within the left lower lung which are more conspicuous versus previous examination. Stable mediastinal contour.",,126
classifier_gated,3435,Cardiomegaly,enlarged cardiomediastinum,Enlarged Cardiomediastinum,1233,Cardiomegaly;Atelectasis,0.5,partial,classifier_query_error,missing_and_extra,False,True,"Enlarged cardiomediastinal silhouette. Low lung volumes. Relative elevation of right hemidiaphragm. left base density. No focal consolidation, pneumothorax or large pleural effusion. Negative for acute bone abnormality. Cardiomegaly without heart failure. Minimal left basilar scarring/atelectasis.",1. There is cardiomegaly. No pulmonary edema. Lungs symmetrically aerated and clear of infiltrate or consolidation. No pneumothorax or pleural effusion. S-shaped curvature thoracic spine noted. 2. Left upper quadrant peripherally calcified focus 3.8 splenic and origin and may represent benign cyst but is not to be further localized or characterized on film. Vascular aneurysm would be possible but thought less.,43
classifier_gated,3450,No Finding,no acute abnormality,No Finding,3719,No Finding,1.0,good,none,,False,False,No active disease.,Cardiac and mediastinal contours are within normal limits. The lungs are clear. Bony structures are intact. No acute disease.,134
classifier_gated,3455,Cardiomegaly;Lung Opacity;Edema;Atelectasis,lung opacity pulmonary edema,Lung Opacity;Edema,2263,Cardiomegaly;Lung Opacity;Atelectasis,0.75,partial,classifier_query_error,missing_only,True,False,"Heart size moderately enlarged, stable mediastinal contours. opacity in the left lung base. Otherwise, no focal alveolar consolidation, no definite pleural effusion seen. No typical findings of pulmonary edema. 1. Cardiomegaly 2. opacity in the left base atelectasis",Central vascular prominence and diffuse bilateral interstitial and alveolar opacities. Left basilar airspace opacities. No pneumothorax. Heart size large. unremarkable. No large pleural effusion. pulmonary edema and left basilar atelectasis/airspace disease.,44
classifier_gated,3465,No Finding,no acute abnormality,No Finding,3719,No Finding,1.0,good,none,,False,False,No active disease.,Lungs are clear. No pleural effusions or pneumothoraces. Heart and mediastinum of normal size and contour. Clear lungs.,135
classifier_gated,3477,No Finding,no acute abnormality,No Finding,3719,No Finding,1.0,good,none,,False,False,No active disease.,The heart is normal in size. The mediastinum is unremarkable. The lungs are clear. No evidence of active tuberculosis. No acute disease.,136
classifier_gated,3508,Atelectasis;Pleural Effusion;Pleural Other,pleural effusion pleural abnormality,Pleural Effusion;Pleural Other,3365,No Finding,0.0,poor,classifier_query_error,missing_only,False,True,No large pleural effusions. No pneumothorax. No focal airspace opacities. Heart size is normal. No acute cardiopulmonary abnormalities.,"The heart is normal in size. The cardiomediastinal contours are stable. There are stable bilateral pleural effusions with partial right-sided loculation. Biapical scarring and pleural thickening appears stable. There is again right-sided superior hilar retraction and mild rightward deviation. No acute infiltrate is appreciated. 1. Stable bilateral pleural effusions and pleural thickening, right worse than left, with mild right-sided loculation. 2. Stable appearance of right apical thickening/atelectasis with volume loss, possibly related to prior radiation or surgery. Suggest clinical correlation.",127
classifier_gated,3528,No Finding,no acute abnormality,No Finding,3719,No Finding,1.0,good,none,,False,False,No active disease.,The heart is normal in size. The mediastinum is unremarkable. The lungs are clear. No acute disease.,137
classifier_gated,3539,No Finding,no acute abnormality,No Finding,3719,No Finding,1.0,good,none,,False,False,No active disease.,Normal heart size. The lungs are clear without pneumothorax or large pleural effusion. The trachea is midline and. No acute cardiopulmonary findings.,138
classifier_gated,3542,No Finding,no acute abnormality,No Finding,3719,No Finding,1.0,good,none,,False,False,No active disease.,"Heart size and mediastinal contours appear within normal limits. Pulmonary vascularity is within normal limits. No focal consolidation, suspicious pulmonary opacity, pneumothorax or definite pleural effusion. Visualized osseous structures appear intact. No acute cardiopulmonary abnormality. No radiographic evidence of metastatic disease in the chest.",139
classifier_gated,3559,Lung Lesion,fracture,Fracture,2588,,0.0,poor,classifier_query_error,missing_and_extra,False,True,"No focal consolidation, pneumothorax or definite pleural effusion. Nodular density projected over the left base with no lateral view correlate secondary to soft tissue overlay. Heart size and pulmonary vascularity within normal limits, no mediastinal widening characteristic in appearance of vascular injury. No acute osseous injury demonstrated. No acute findings. Please note that fractures may not be demonstrated and consider additional imaging as clinically indicated.","Heart size within normal limits. Negative for focal pulmonary consolidation, pleural effusion, or pneumothorax. Mild levocurvature of thoracic spine. A 9 mm pulmonary nodule is noted partially overlying the posterior 6th right rib on the frontal view. No acute abnormality.",128
classifier_gated,3562,Atelectasis,enlarged cardiomediastinum fracture,Enlarged Cardiomediastinum;Fracture,429,No Finding,0.0,poor,classifier_query_error,missing_and_extra,False,True,"The cardiomediastinal silhouette and pulmonary vasculature are within normal limits in size. The lungs are clear of focal airspace disease, pneumothorax, or pleural effusion. There is no definite evidence of acute fracture. No acute cardiopulmonary findings..",The cardiomediastinal silhouette and vasculature are within normal limits for size and contour. Sequela of prior granulomatous disease Lung volumes are low with central bronchovascular crowding and patchy basilar atelectasis.. Degenerative changes of the spine. 1. Low volume study without acute process.,129
classifier_gated,3565,Lung Opacity;Consolidation;Pneumonia,consolidation pneumonia,Consolidation;Pneumonia,3786,Cardiomegaly;Consolidation;Pneumonia,0.5,partial,classifier_query_error,missing_only,False,False,"In the interval, consolidations have developed in the left upper lobe and both lower lobes. Heart size remains slightly large. Pulmonary normal. Bilateral increasing consolidations, consistent with multifocal pneumonia.","The cardiomediastinal silhouette is stable in appearance. There is redemonstration of complete opacification of the right middle lobe no significant associated volume loss. The left lung appears clear. No pneumothorax or pleural effusion demonstrated. The thoracic spine appears intact. 1. Stable right middle lobe consolidation, most consistent with pneumonia.",45
classifier_gated,3589,Lung Opacity,pneumonia atelectasis,Pneumonia;Atelectasis,3140,Lung Opacity;Atelectasis,0.5,partial,classifier_query_error,missing_and_extra,False,True,"Streaky opacities in the right lower lobe most suggestive of atelectasis, differential diagnosis includes atypical infection. No definite pleural effusion seen. Heart size within normal limits, no typical findings of pulmonary edema.","Cardiomediastinal contour and pulmonary vascularity stable and within normal limits. Lung volumes are slightly low. There are streaky left basal opacities. No pleural effusion or pneumothorax. No acute osseous findings. No free air is demonstrated. Streaky left basilar airspace opacities, which could reflect atelectasis and/or infection.",46
classifier_gated,3593,No Finding,no acute abnormality,No Finding,3719,No Finding,1.0,good,none,,False,False,No active disease.,"Heart size normal. Lungs are clear. are normal. No pneumonia, effusions, edema, pneumothorax, adenopathy, nodules or masses. Normal chest",140
classifier_gated,3597,Support Devices,lung lesion,Lung Lesion,1220,,0.0,poor,classifier_query_error,missing_and_extra,False,True,"There is hyperexpansion, hyperlucency of both lungs, as well as flattening of the diaphragm consistent with chronic emphysematous lung disease. No focal consolidation, pneumothorax, or large pleural effusion identified (blunting of costophrenic recesses bilaterally may represent small effusions or pleural thickening/scar. Stable calcified mediastinal and hilar lymph and a left basilar calcified granuloma. Acute osseous abnormality. The mediastinal silhouette stable. Changes of chronic emphysematous lung disease without acute cardiopulmonary abnormality identified.","Left noted with tip approximating the high SVC, stable. No pleural effusions. No pneumothorax. Heart size is normal limits. Degenerative changes thoracic spine. No acute cardiopulmonary abnormality..",130
classifier_gated,3608,Cardiomegaly,cardiomegaly pulmonary edema,Cardiomegaly;Edema,1375,Cardiomegaly;Edema,0.5,partial,classifier_query_error,extra_only,False,False,"Cardiomegaly with interstitial edema. No effusions, pneumonia, nodules or masses.",Chest: The heart is enlarged. There may be a pericardial effusion. No definite pulmonary edema is seen. Lungs appear clear. There is no pleural effusion. The skeletal structures and soft tissues are unremarkable. KUB: single view of the abdomen was obtained. The bowel pattern is nonspecific. There is no evidence for obstruction or free intraperitoneal air. No large soft tissue masses or organomegaly are identified. The skeletal structures appear normal. Chest. 1. Cardiomegaly with possible pericardial effusion. 2. No evidence for pulmonary edema or pneumonitis. KUB. 1. Nonspecific abdomen.,47
classifier_gated,3610,No Finding,no acute abnormality,No Finding,3719,No Finding,1.0,good,none,,False,False,No active disease.,"Heart size normal. Lungs are clear. are normal. No pneumonia, effusions, edema, pneumothorax, adenopathy, nodules or masses. Normal chest No evidence of tuberculosis",141
classifier_gated,3611,Lung Opacity;Consolidation,cardiomegaly pleural abnormality,Cardiomegaly;Pleural Other,2814,Cardiomegaly,0.0,poor,classifier_query_error,missing_and_extra,False,True,There is cardiomegaly. Lateral view somewhat limited however small bilateral pleural effusions suspected. There is central vascular congestion.,Stable appearance of the cardiomediastinal silhouette. The aorta is calcified and tortuous. There is dextroscoliosis of the thoracolumbar spine. Multiple thoracic deformities appear unchanged. There is no displaced rib fracture identified. There is no pneumothorax or large pleural effusion. Stable changes of chronic lung disease with flattening of the left hemidiaphragm. There is mild right basilar airspace disease which may represent atelectasis versus infiltrate. 1. No acute posttraumatic finding. 2. Mild right basilar airspace consolidation may represent atelectasis versus infiltrate. 3. Changes of chronic lung disease.,131
classifier_gated,3624,No Finding,no acute abnormality,No Finding,3719,No Finding,1.0,good,none,,False,False,No active disease.,"The heart size and mediastinal contours appear within normal limits. No focal airspace consolidation, pleural effusion or pneumothorax. No acute bony abnormalities. No acute cardiopulmonary findings.",142
classifier_gated,3632,Lung Opacity;Atelectasis;Pleural Effusion;Pleural Other,fracture,Fracture,2588,,0.0,poor,classifier_query_error,missing_and_extra,False,True,"No focal consolidation, pneumothorax or definite pleural effusion. Nodular density projected over the left base with no lateral view correlate secondary to soft tissue overlay. Heart size and pulmonary vascularity within normal limits, no mediastinal widening characteristic in appearance of vascular injury. No acute osseous injury demonstrated. No acute findings. Please note that fractures may not be demonstrated and consider additional imaging as clinically indicated.","Normal heart size and mediastinal contours. Calcified aortic. opacities in the left lung base, atelectasis. The lateral view shows a left pleural effusion. No focal airspace consolidation. No pneumothorax. Stable bilateral apical pleural capping. 1. Small left pleural effusion.",132
classifier_gated,3639,No Finding,no acute abnormality,No Finding,3719,No Finding,1.0,good,none,,False,False,No active disease.,The cardiac and mediastinal silhouette is normal There is no evidence of pneumomediastinum or pneumothorax. Clear lungs There are no large pleural effusions No evidence of displaced fractures. 1. No evidence of pneumothorax or pneumomediastinum. 2. Clear lungs.,143
classifier_gated,3655,Lung Lesion,no acute abnormality,No Finding,3719,No Finding,0.0,poor,classifier_query_error,normal_vs_abnormal,False,True,No active disease.,"Well circumscribed 11 mm right upper lobe nodule, unchanged appearance from previous examination 7 years ago. The trachea is midline. Negative for pneumothorax, pleural effusion. The heart size is normal. Redemonstrated syndesmophyte. 1. No acute cardiopulmonary abnormality.",133
classifier_gated,3665,No Finding,no acute abnormality,No Finding,3719,No Finding,1.0,good,none,,False,False,No active disease.,"Heart size within normal limits. Negative for focal pulmonary consolidation, pleural effusion, or pneumothorax. No upper lobe airspace disease or cavitary lesions identified. 1. No acute abnormality. 2. No evidence of pulmonary tuberculosis.",144
classifier_gated,3667,Support Devices,support device,Support Devices,3929,Cardiomegaly;Support Devices,0.5,partial,retrieval_mismatch_despite_correct_query,,True,True,"A cardiac pacemaker/defibrillator device is redemonstration of the left chest wall with a single projecting over the right atrium and 2 leads projecting over the right ventricle. The cardiac silhouette is mildly enlarged, unchanged. No focal pulmonary consolidation. No pneumothorax. No pleural effusion. Minimal degenerative changes of the thoracic spine..","Density in the left upper lung on PA represents superimposed bony and vascular structures. There is calcification of the first rib costicartilage junction which contributes to this appearance. The lungs otherwise appear clear. The heart and pulmonary appear normal. In the pleural spaces are clear. The mediastinal contour is normal. There are degenerative changes of thoracic spine. There is an electronic cardiac device overlying the left chest wall with intact distal leads in the right heart. 1. Irregular density in the left upper lung on PA, artifact related to superimposed vascular bony structures. Chest fluoroscopy or would confirm this 2. Otherwise, no acute cardiopulmonary disease.",48
classifier_gated,3672,Cardiomegaly;Edema;Support Devices,pulmonary edema,Edema,1711,,0.0,poor,classifier_query_error,missing_only,False,True,"Heart size within normal limits, stable mediastinal and hilar contours. Left hemidiaphragm eventration. No focal alveolar consolidation, no definite pleural effusion seen. No typical findings of pulmonary edema. No acute findings",Stable appearance of aortic valve prosthesis. Sternotomy. Aortic calcifications. Mild interstitial edema. No focal infiltrate. No effusion or pneumothorax. Mild cardiomegaly. Mild interstitial edema.,134
classifier_gated,3683,Support Devices,no acute abnormality,No Finding,3719,No Finding,0.0,poor,classifier_query_error,normal_vs_abnormal,False,False,No active disease.,"Examination was performed with nipple markers. The previously noted small nodule in the right lower lung is not well-seen on today's study and may have been secondary to summation of structures. The heart is normal in size. The mediastinum is unremarkable. The lungs are otherwise clear. No acute disease. Previously visualized nodule in right lower lobe not well-seen on today's study, summation artifact.",135
classifier_gated,3692,No Finding,no acute abnormality,No Finding,3719,No Finding,1.0,good,none,,False,False,No active disease.,Stable cardiomediastinal silhouette. Pulmonary vascularity is within normal limits. Lungs are expanded and clear airspace disease. Negative for pneumothorax or pleural effusion. Limited evaluation reveals the to be grossly intact. 1. No acute cardiopulmonary abnormality.,145
classifier_gated,3701,No Finding,no acute abnormality,No Finding,3719,No Finding,1.0,good,none,,False,False,No active disease.,Both lungs are clear and expanded. Heart and mediastinum normal. No active disease.,146
classifier_gated,3720,No Finding,no acute abnormality,No Finding,3719,No Finding,1.0,good,none,,False,False,No active disease.,"The cardiomediastinal silhouette and pulmonary vasculature are within normal limits in size. The lungs are clear of focal airspace disease, pneumothorax, or pleural effusion. There are no acute bony findings. No acute cardiopulmonary findings..",147
classifier_gated,3726,No Finding,no acute abnormality,No Finding,3719,No Finding,1.0,good,none,,False,False,No active disease.,"Heart size normal. Lungs are clear. are normal. No pneumonia, effusions, edema, pneumothorax, adenopathy, nodules or masses. Normal chest",148
classifier_gated,3756,Lung Opacity,atelectasis,Atelectasis,3140,Lung Opacity;Atelectasis,0.5,partial,classifier_query_error,missing_and_extra,False,True,"Streaky opacities in the right lower lobe most suggestive of atelectasis, differential diagnosis includes atypical infection. No definite pleural effusion seen. Heart size within normal limits, no typical findings of pulmonary edema.","Mediastinal contours are normal. Unchanged opacity in the left lung base, scarring. Lungs are clear. There is no pneumothorax or large pleural effusion. No acute cardiopulmonary abnormality.",49
classifier_gated,3785,Lung Opacity,no acute abnormality,No Finding,3719,No Finding,0.0,poor,classifier_query_error,normal_vs_abnormal,False,True,No active disease.,"No pneumothorax or large pleural effusion. Mildly prominent perihilar opacities, due to bronchovascular crowding. Heart size within normal limits. Cardiomediastinal silhouette is. The bony structures appear intact. No acute cardiopulmonary disease.",136
classifier_gated,3787,No Finding,no acute abnormality,No Finding,3719,No Finding,1.0,good,none,,False,False,No active disease.,"Heart size is normal. No pneumothorax, pleural effusion, or focal airspace disease. Bony structures appear intact. Normal chest radiograph.",149
classifier_gated,3790,Lung Opacity,atelectasis pleural effusion fracture,Atelectasis;Pleural Effusion;Fracture,3140,Lung Opacity;Atelectasis,0.5,partial,classifier_query_error,missing_and_extra,False,True,"Streaky opacities in the right lower lobe most suggestive of atelectasis, differential diagnosis includes atypical infection. No definite pleural effusion seen. Heart size within normal limits, no typical findings of pulmonary edema.",Low lung volumes. Elevation of the right hemidiaphragm. Patchy opacities right base again noted. Left lung clear. Heart size top normal. Aortic calcification. Granulomas. No evidence of pneumothorax. Blunting of the bilateral costophrenic. Degenerative changes of the thoracic spine. Right lower lobe airspace disease..,50
classifier_gated,3793,Lung Opacity,lung opacity,Lung Opacity,1972,Lung Opacity,1.0,good,none,,False,True,There is a airspace opacity in the left upper lung. Heart size within normal limits. Mild calcification of the aortic. No pneumothorax or pleural effusions. airspace opacity in the left upper lung which may represent streaky atelectasis or resolving pneumonia.,No acute osseous abnormality. Scattered degenerative changes throughout the thoracic spine. Normal heart size. Tortuous and dilated aorta. Chronic interstitial markings. Left base opacity. No pneumothorax or pleural effusion. Left basilar airspace disease.,150
classifier_gated,3809,No Finding,no acute abnormality,No Finding,3719,No Finding,1.0,good,none,,False,False,No active disease.,Cardiac and mediastinal contours are within normal limits. The lungs are clear. Bony structures are intact. Negative chest x-.,151
classifier_gated,3814,No Finding,fracture,Fracture,2588,,0.0,poor,classifier_query_error,normal_vs_abnormal,False,False,"No focal consolidation, pneumothorax or definite pleural effusion. Nodular density projected over the left base with no lateral view correlate secondary to soft tissue overlay. Heart size and pulmonary vascularity within normal limits, no mediastinal widening characteristic in appearance of vascular injury. No acute osseous injury demonstrated. No acute findings. Please note that fractures may not be demonstrated and consider additional imaging as clinically indicated.","No focal consolidation, pneumothorax or definite pleural effusion. Heart size within normal limits, no mediastinal widening characteristic in appearance of vascular injury. No acute osseous injury demonstrated. No acute related findings. Please note that fractures may not be demonstrated and consider additional imaging if clinically indicated.",137
classifier_gated,3817,No Finding,enlarged cardiomediastinum,Enlarged Cardiomediastinum,1233,Cardiomegaly;Atelectasis,0.0,poor,classifier_query_error,normal_vs_abnormal,False,False,"Enlarged cardiomediastinal silhouette. Low lung volumes. Relative elevation of right hemidiaphragm. left base density. No focal consolidation, pneumothorax or large pleural effusion. Negative for acute bone abnormality. Cardiomegaly without heart failure. Minimal left basilar scarring/atelectasis.","Lungs are clear bilaterally with no focal infiltrate, pleural effusion, or pneumothoraces. Cardiomediastinal silhouette is within normal limits. and soft tissues are unremarkable. No acute cardiopulmonary findings..",138
classifier_gated,3830,No Finding,no acute abnormality,No Finding,3719,No Finding,1.0,good,none,,False,False,No active disease.,Cardiac and mediastinal contours are within normal limits. The lungs are clear. Bony structures are intact. No acute preoperative findings.,152
classifier_gated,3837,No Finding,no acute abnormality,No Finding,3719,No Finding,1.0,good,none,,False,False,No active disease.,Lungs are clear. There is no pneumothorax or pleural effusion. The heart and mediastinum are within normal limits. Bony structures are intact. No acute cardiopulmonary process.,153
classifier_gated,3847,Pneumothorax,pneumothorax pleural effusion,Pneumothorax;Pleural Effusion,734,No Finding,0.0,poor,classifier_query_error,extra_only,False,True,No pneumothorax. Heart size is normal. No large pleural effusions. No focal airspace consolidation. No acute cardiopulmonary abnormalities.,"Both lungs remain hyperexpanded. No focal infiltrates. A small pleural or collection is present in the right apex. However, it has decreased considerably since the previous examination. Heart size remains normal. COPD with almost completely resolved right apical pleural air collection.",139
classifier_gated,3866,Lung Opacity;Pneumonia,lung opacity consolidation pneumonia,Lung Opacity;Consolidation;Pneumonia,742,Lung Opacity,0.5,partial,classifier_query_error,extra_only,False,False,"focal opacity in the medial right lung base seen on the frontal view. No definite pleural effusion. Stable cardiomediastinal silhouette with normal heart size, no typical findings of pulmonary edema. Abnormal opacity in the right lung base which may be compatible with pneumonia in the appropriate clinical setting. Recommend clinical correlation for infection and followup to resolution. Or, if clinical findings are not compatible with may be of.",Patchy airspace disease is noted within the right middle lobe. Subtle opacities are present within the lingula as well. There is no pneumothorax or pleural effusion. The heart size is normal. Patchy right middle lobe and lingular airspace disease compatible with multilobar pneumonia..,51
classifier_gated,3875,Lung Opacity,lung opacity,Lung Opacity,1972,Lung Opacity,1.0,good,none,,False,True,There is a airspace opacity in the left upper lung. Heart size within normal limits. Mild calcification of the aortic. No pneumothorax or pleural effusions. airspace opacity in the left upper lung which may represent streaky atelectasis or resolving pneumonia.,Stable left lower lung increased interstitial markings. No focal alveolar opacities. Low lung volumes. Heart size is normal. No pneumothorax or pleural effusions. Stable left lower lung interstitial infiltrates or fibrosis. No acute cardiopulmonary findings.,154
classifier_gated,3879,No Finding,pneumonia,Pneumonia,1618,No Finding,1.0,good,none,normal_vs_abnormal,False,False,Heart size is normal and lungs are clear. No pneumonia.,The lungs and pleural spaces show no acute abnormality. Heart size and pulmonary vascularity within normal limits. 1. No acute pulmonary abnormality.,155
classifier_gated,3880,Cardiomegaly;Lung Opacity;Edema,cardiomegaly,Cardiomegaly,2040,Cardiomegaly,0.3333333333333333,partial,classifier_query_error,missing_only,False,False,Cardiomegaly. No effusions or edema. Clear chest,Unchanged cardiomegaly. Negative for pneumothorax or focal consolidation. No large effusion. Mildly prominent interstitial opacities. Stable cardiomegaly with mild pulmonary interstitial edema.,52
classifier_gated,3883,No Finding,no acute abnormality,No Finding,3719,No Finding,1.0,good,none,,False,False,No active disease.,"No pneumothorax, pleural effusion or airspace consolidation. Heart size and pulmonary vasculature appear within normal limits. are intact. No acute cardiopulmonary abnormality.",156
classifier_gated,3900,No Finding,no acute abnormality,No Finding,3719,No Finding,1.0,good,none,,False,False,No active disease.,The heart size and cardiomediastinal silhouette are within normal limits. Pulmonary vasculature appears normal. There is no focal air space consolidation. No pleural effusion or pneumothorax.,157
classifier_gated,3905,Cardiomegaly,cardiomegaly,Cardiomegaly,2040,Cardiomegaly,1.0,good,none,,False,False,Cardiomegaly. No effusions or edema. Clear chest,"The heart is enlarged, stable compared to the previous exam. The mediastinum is unremarkable. There is no pleural effusion, pneumothorax, or focal airspace disease. The are unremarkable. 1. Stable cardiomegaly without acute cardiopulmonary abnormality.",158
classifier_gated,3939,No Finding,no acute abnormality,No Finding,3719,No Finding,1.0,good,none,,False,False,No active disease.,"The cardiomediastinal silhouette is within normal limits for size and contour. The lungs are normally inflated without evidence of focal airspace disease, pleural effusion, or pneumothorax. Osseous structures are within normal limits for patient age.. 1. No acute radiographic cardiopulmonary process.",159
classifier_gated,3951,Lung Opacity;Lung Lesion,lung lesion,Lung Lesion,1220,,0.0,poor,classifier_query_error,missing_only,False,False,"There is hyperexpansion, hyperlucency of both lungs, as well as flattening of the diaphragm consistent with chronic emphysematous lung disease. No focal consolidation, pneumothorax, or large pleural effusion identified (blunting of costophrenic recesses bilaterally may represent small effusions or pleural thickening/scar. Stable calcified mediastinal and hilar lymph and a left basilar calcified granuloma. Acute osseous abnormality. The mediastinal silhouette stable. Changes of chronic emphysematous lung disease without acute cardiopulmonary abnormality identified.","The cardiomediastinal silhouette is normal in size and contour. Masslike opacification of right apex. No pneumothorax or large pleural effusion. are grossly normal. Worsening masslike opacification of right apex, suggesting worsening malignancy or malignancy with postobstructive pneumonia.",140
classifier_gated,3953,No Finding,fracture,Fracture,2588,,0.0,poor,classifier_query_error,normal_vs_abnormal,False,False,"No focal consolidation, pneumothorax or definite pleural effusion. Nodular density projected over the left base with no lateral view correlate secondary to soft tissue overlay. Heart size and pulmonary vascularity within normal limits, no mediastinal widening characteristic in appearance of vascular injury. No acute osseous injury demonstrated. No acute findings. Please note that fractures may not be demonstrated and consider additional imaging as clinically indicated.","The lungs are clear bilaterally. Specifically, no evidence of focal consolidation, pneumothorax, or pleural effusion.. Cardio mediastinal silhouette is unremarkable. Visualized osseous structures of the thorax are without acute abnormality. No acute cardiopulmonary abnormality.",141
classifier_gated,3968,Pneumonia,fracture,Fracture,2588,,0.0,poor,classifier_query_error,missing_and_extra,False,False,"No focal consolidation, pneumothorax or definite pleural effusion. Nodular density projected over the left base with no lateral view correlate secondary to soft tissue overlay. Heart size and pulmonary vascularity within normal limits, no mediastinal widening characteristic in appearance of vascular injury. No acute osseous injury demonstrated. No acute findings. Please note that fractures may not be demonstrated and consider additional imaging as clinically indicated.",Left lower lobe segment pneumonia. Heart size normal. Lungs otherwise clear. No effusion,142
classifier_gated,3972,Lung Opacity,lung opacity pneumonia pleural abnormality,Lung Opacity;Pneumonia;Pleural Other,742,Lung Opacity,1.0,good,none,extra_only,False,True,"focal opacity in the medial right lung base seen on the frontal view. No definite pleural effusion. Stable cardiomediastinal silhouette with normal heart size, no typical findings of pulmonary edema. Abnormal opacity in the right lung base which may be compatible with pneumonia in the appropriate clinical setting. Recommend clinical correlation for infection and followup to resolution. Or, if clinical findings are not compatible with may be of.",Heart size and pulmonary vascularity appear within normal limits. Bilateral hilar fullness is present consistent with adenopathy. The appearance is unchanged. There is prominence of the interstitial markings bilaterally. These are also unchanged. No focal superimposed airspace disease is seen. No pneumothorax or pleural effusion is noted. 1. Continued hilar fullness consistent with adenopathy and bilateral interstitial opacities. Stable as compared to earlier study. The changes are compatible with known diagnosis of sarcoidosis.,160
classifier_gated,3973,No Finding,fracture,Fracture,2588,,0.0,poor,classifier_query_error,normal_vs_abnormal,False,False,"No focal consolidation, pneumothorax or definite pleural effusion. Nodular density projected over the left base with no lateral view correlate secondary to soft tissue overlay. Heart size and pulmonary vascularity within normal limits, no mediastinal widening characteristic in appearance of vascular injury. No acute osseous injury demonstrated. No acute findings. Please note that fractures may not be demonstrated and consider additional imaging as clinically indicated.",,143
classifier_gated,3976,No Finding,no acute abnormality,No Finding,3719,No Finding,1.0,good,none,,False,False,No active disease.,Heart size and mediastinal contour are normal. Pulmonary vascularity is normal. Lungs are clear. No pleural effusions or pneumothoraces. No acute cardiopulmonary process.,161
classifier_gated,3980,Cardiomegaly;Lung Opacity;Pleural Effusion;Pleural Other,lung opacity pleural effusion,Lung Opacity;Pleural Effusion,1016,Lung Opacity;Atelectasis;Pleural Effusion;Pleural Other,0.6,partial,classifier_query_error,missing_only,False,True,"Comparison,. right pleural opacity along the lower chest wall compatible with thickening and/or some loculated effusion, accompanied with some adjacent atelectasis / airspace disease within the right lung base. Round opacity seen projecting adjacent to right hilum on PA view is on lateral view to represent some discoid atelectasis or fluid associated with the upper aspect of the fissure. Some opacities compatible with scarring/chronic inflammatory change are seen within the left lower lung which are more conspicuous versus previous examination. Stable mediastinal contour.","Heart size moderately enlarged. Mild left costophrenic blunting. Streaky and patchy bibasilar opacities, left greater than right. Right hemidiaphragm eventration noted. No typical findings of pulmonary edema. 1. Cardiomegaly and small left pleural effusion versus pleural thickening 2. Streaky and patchy bibasilar opacities may be compatible with atelectasis versus consolidation, aspiration, clinical correlation recommended",53
classifier_gated,3982,No Finding,no acute abnormality,No Finding,3719,No Finding,1.0,good,none,,False,False,No active disease.,"Normal heart size. No focal airspace consolidation, pneumothorax, pleural effusion, or pulmonary edema. No focal bony abnormality. No acute cardiothoracic abnormality.",162
