uid,empty_report,near_empty,extremely_short,extremely_long,missing_findings,missing_impression,duplicate_report_text,findings_equals_impression,high_anonymization,malformed,no_images,n_flags,section_status,combined_words,anonymization_tokens,duplicate_group_size,n_images
1,False,False,False,False,False,False,False,False,False,False,False,0,both,37,2,1,2
2,False,False,False,False,False,False,False,False,False,False,False,0,both,18,4,1,2
3,False,False,False,False,True,False,False,False,False,False,False,1,impression_only,23,0,1,2
4,False,False,False,True,False,False,False,False,False,False,False,1,both,111,1,1,2
5,False,False,False,False,False,False,False,False,False,False,False,0,both,46,0,1,2
6,False,False,False,False,False,False,False,False,False,False,False,0,both,36,0,1,2
7,False,False,False,False,False,False,False,False,False,False,False,0,both,27,2,1,2
8,False,False,False,False,False,False,False,False,False,False,False,0,both,42,2,1,2
9,False,False,False,False,False,False,False,False,False,False,False,0,both,106,12,1,2
10,False,False,False,False,False,False,False,False,False,False,False,0,both,42,0,1,2
11,False,False,False,False,False,False,True,False,False,False,False,1,both,25,0,9,2
12,False,False,False,False,False,False,True,False,False,False,False,1,both,27,0,21,2
13,False,False,False,False,False,False,False,False,False,False,False,0,both,36,0,1,2
14,False,False,False,False,False,False,False,False,False,False,False,0,both,40,0,1,2
15,False,False,False,False,False,False,False,False,False,False,False,0,both,30,0,1,2
16,True,False,False,False,True,True,False,False,False,False,False,3,neither,0,0,0,2
17,False,False,False,False,False,False,False,False,False,False,False,0,both,28,0,1,2
18,False,False,False,False,False,False,True,False,False,False,False,1,both,26,0,8,2
19,False,False,False,False,False,False,False,False,False,False,False,0,both,36,0,1,2
20,False,False,False,False,False,False,False,False,False,False,False,0,both,47,0,1,2
21,False,False,False,False,True,False,False,False,False,False,False,1,impression_only,39,2,1,2
22,False,False,False,False,False,False,False,False,False,False,False,0,both,32,0,1,2
23,False,False,False,False,False,False,True,False,False,False,False,1,both,30,0,7,2
24,False,False,False,False,False,False,False,False,False,False,False,0,both,46,0,1,2
25,False,False,False,False,False,False,False,False,False,False,False,0,both,75,0,1,2
26,False,False,False,False,False,False,True,False,False,False,False,1,both,14,0,10,2
27,False,False,False,False,False,False,False,False,False,False,False,0,both,35,0,1,2
28,False,False,False,False,False,False,False,False,False,False,False,0,both,64,2,1,2
29,False,False,False,False,True,False,False,False,False,False,False,1,impression_only,27,0,1,2
30,False,False,False,False,False,False,False,False,False,False,False,0,both,26,0,1,2
31,False,False,False,False,True,False,False,False,False,False,False,1,impression_only,23,0,1,2
32,False,False,False,False,False,False,False,False,False,False,False,0,both,25,1,1,2
33,False,False,False,False,False,False,False,False,False,False,False,0,both,24,0,1,2
34,False,False,False,False,False,False,True,False,False,False,False,1,both,26,0,16,2
35,False,False,False,False,False,False,False,False,False,False,False,0,both,42,0,1,2
36,False,False,False,False,False,False,True,False,False,False,False,1,both,34,0,41,2
37,False,False,False,False,False,False,False,False,False,False,False,0,both,26,2,1,2
38,False,False,False,False,False,False,True,False,False,False,False,1,both,26,0,9,2
39,False,False,False,False,False,False,True,False,False,False,False,1,both,23,2,51,2
40,False,False,False,False,False,False,False,False,False,False,False,0,both,36,0,1,2
41,False,False,False,False,False,False,False,False,False,False,False,0,both,106,0,1,2
42,False,False,False,False,False,False,False,False,False,False,False,0,both,37,0,1,3
43,False,False,False,False,False,False,True,False,False,False,False,1,both,23,2,51,2
44,False,False,False,False,False,False,True,False,False,False,False,1,both,32,1,5,1
45,False,False,False,False,False,False,False,False,False,False,False,0,both,28,1,1,1
46,False,False,False,False,True,False,True,False,False,False,False,2,impression_only,18,1,16,2
47,False,False,False,False,True,False,False,False,False,False,False,1,impression_only,30,0,1,2
48,False,False,False,False,False,False,False,False,False,False,False,0,both,64,2,1,2
49,False,False,False,False,False,False,False,False,False,False,False,0,both,74,2,1,2
50,False,False,False,False,False,False,False,False,False,False,False,0,both,32,2,1,2
51,False,False,False,False,False,False,False,False,False,False,False,0,both,33,1,1,2
52,False,False,False,False,False,False,True,False,False,False,False,1,both,27,1,5,2
53,False,False,False,False,False,False,False,False,False,False,False,0,both,41,0,1,2
54,False,False,False,False,False,False,False,False,False,False,False,0,both,57,0,1,2
55,False,False,False,False,False,False,False,False,False,False,False,0,both,25,2,1,2
56,False,False,False,False,False,False,True,False,False,False,False,1,both,17,0,50,2
57,False,False,False,False,False,False,False,False,False,False,False,0,both,60,0,1,2
58,False,False,False,False,False,False,False,False,False,False,False,0,both,27,0,1,2
59,False,False,False,False,False,False,False,False,False,False,False,0,both,42,0,1,2
60,False,False,False,True,False,False,False,False,False,False,False,1,both,124,10,1,1
61,False,False,False,False,True,False,False,False,False,False,False,1,impression_only,20,1,1,2
62,False,False,False,False,False,False,False,False,False,False,False,0,both,52,2,1,3
63,False,False,False,False,False,False,False,False,False,False,False,0,both,57,0,1,2
64,False,False,False,False,False,False,False,False,False,False,False,0,both,63,5,1,2
65,False,False,False,False,False,False,False,False,False,False,False,0,both,56,2,1,2
66,False,False,False,False,False,False,False,False,False,False,False,0,both,44,1,1,2
67,False,False,False,False,False,False,False,False,False,False,False,0,both,31,0,1,2
68,False,False,False,False,True,False,False,False,False,False,False,1,impression_only,22,0,1,1
69,False,False,False,False,False,False,True,False,False,False,False,1,both,26,0,16,2
70,False,False,False,False,False,False,False,False,False,False,False,0,both,27,0,1,2
71,False,False,False,False,False,False,False,False,False,False,False,0,both,27,0,1,1
72,False,False,False,False,False,False,False,False,False,False,False,0,both,23,0,1,2
73,False,False,False,False,True,False,False,False,False,False,False,1,impression_only,40,2,1,1
74,False,False,False,False,False,False,False,False,False,False,False,0,both,53,3,1,1
75,False,False,False,False,False,False,False,False,False,False,False,0,both,72,2,1,2
76,False,False,False,False,False,False,False,False,False,False,False,0,both,29,0,1,2
77,False,False,False,False,True,False,False,False,False,False,False,1,impression_only,26,1,1,3
78,False,False,False,False,True,False,False,False,False,False,False,1,impression_only,12,0,1,3
79,False,False,False,False,False,False,True,False,False,False,False,1,both,35,0,8,2
80,False,False,False,False,False,False,True,False,False,False,False,1,both,25,0,3,3
81,False,False,False,False,False,False,True,False,False,False,False,1,both,35,0,10,1
82,False,False,False,False,False,False,False,False,False,False,False,0,both,31,2,1,2
83,False,False,False,False,True,False,False,False,False,False,False,1,impression_only,41,1,1,2
84,False,False,False,False,False,False,False,False,False,False,False,0,both,36,0,1,2
85,False,False,False,False,False,False,False,False,False,False,False,0,both,34,0,1,2
86,False,False,False,False,False,False,True,False,False,False,False,1,both,19,0,7,3
87,False,False,False,False,False,False,False,False,False,False,False,0,both,22,0,1,2
88,False,False,False,False,False,False,False,False,False,False,False,0,both,38,0,1,1
89,False,False,False,False,False,False,True,False,False,False,False,1,both,29,1,8,2
90,False,False,False,False,False,False,False,False,False,False,False,0,both,36,0,1,2
91,False,False,False,False,False,False,False,False,False,False,False,0,both,47,1,1,1
92,False,False,False,False,True,False,False,False,False,False,False,1,impression_only,22,0,1,2
93,False,False,False,False,False,False,False,False,False,False,False,0,both,27,0,1,2
94,False,False,False,False,False,False,False,False,False,False,False,0,both,36,0,1,2
95,False,False,False,False,False,False,False,False,False,False,False,0,both,52,0,1,2
96,False,False,False,False,False,False,False,False,False,False,False,0,both,25,1,1,2
97,False,False,False,False,False,False,True,False,False,False,False,1,both,14,0,10,2
98,False,False,False,False,False,False,False,False,False,False,False,0,both,35,1,1,2
99,False,False,False,False,False,False,False,False,False,False,False,0,both,23,0,1,2
100,False,False,False,False,False,False,True,False,False,False,False,1,both,13,0,32,2
101,False,False,False,False,False,False,False,False,False,False,False,0,both,96,3,1,2
102,False,False,False,False,False,False,False,False,False,False,False,0,both,25,1,1,2
103,False,False,False,False,False,False,False,False,False,False,False,0,both,99,2,1,2
104,False,False,False,False,False,False,False,False,False,False,False,0,both,89,5,1,1
105,False,False,False,False,False,False,False,False,False,False,False,0,both,29,2,1,2
106,False,False,False,False,False,False,False,False,False,False,False,0,both,38,1,1,2
107,False,False,False,False,False,False,True,False,False,False,False,1,both,34,0,41,2
108,False,False,False,False,False,False,False,False,False,False,False,0,both,59,2,1,2
110,False,False,False,False,False,False,False,False,False,False,False,0,both,20,1,1,2
111,False,False,False,False,True,False,False,False,False,False,False,1,impression_only,11,0,1,2
112,False,False,False,False,False,False,False,False,False,False,False,0,both,47,0,1,2
113,False,False,False,False,False,False,False,False,False,False,False,0,both,46,1,1,3
114,False,False,False,False,False,False,False,False,False,False,False,0,both,31,0,1,2
115,False,False,False,False,False,False,False,False,False,False,False,0,both,33,0,1,2
116,False,False,False,False,False,False,False,False,False,False,False,0,both,25,2,1,2
117,False,False,False,False,True,False,False,False,False,False,False,1,impression_only,24,2,1,2
118,False,False,False,False,False,False,False,False,False,False,False,0,both,44,0,1,2
119,False,False,False,False,False,False,True,False,False,False,False,1,both,40,1,4,1
120,False,False,False,False,False,False,False,False,False,False,False,0,both,40,0,1,2
121,False,False,False,False,False,False,False,False,False,False,False,0,both,18,0,1,2
122,False,False,False,False,True,False,False,False,False,False,False,1,impression_only,22,1,1,2
123,False,False,False,False,False,False,False,False,False,False,False,0,both,81,8,1,2
124,False,False,False,False,True,False,False,False,False,False,False,1,impression_only,42,1,1,2
125,False,False,False,False,False,False,False,False,False,False,False,0,both,31,1,1,2
126,False,False,False,False,False,False,False,False,False,False,False,0,both,74,0,1,1
127,False,False,False,False,False,False,False,False,False,False,False,0,both,32,0,1,2
128,False,False,False,False,False,False,False,False,False,False,False,0,both,70,1,1,2
129,False,False,False,False,False,False,True,False,False,False,False,1,both,41,0,13,2
130,False,False,False,False,False,False,False,False,False,False,False,0,both,40,3,1,1
131,False,False,False,False,False,False,False,False,False,False,False,0,both,45,0,1,2
132,False,False,False,False,False,False,False,False,False,False,False,0,both,38,0,1,1
133,False,False,False,False,False,False,True,False,False,False,False,1,both,17,0,50,3
134,False,False,False,False,False,False,False,False,False,False,False,0,both,33,0,1,1
135,False,False,False,False,False,False,False,False,False,False,False,0,both,21,0,1,2
136,False,False,False,False,False,False,True,False,False,False,False,1,both,20,1,39,2
137,False,False,False,False,True,False,False,False,False,False,False,1,impression_only,33,1,1,1
138,False,False,False,False,False,False,True,False,False,False,False,1,both,20,0,8,2
139,False,False,False,True,False,False,False,False,False,False,False,1,both,112,2,1,2
141,False,False,False,False,False,False,True,False,False,False,False,1,both,31,0,5,2
142,False,False,False,False,False,False,False,False,False,False,False,0,both,34,0,1,2
143,False,False,False,False,False,False,False,False,False,False,False,0,both,34,1,1,2
144,False,False,False,False,False,False,False,False,False,False,False,0,both,47,2,1,1
145,False,False,False,False,False,False,False,False,False,False,False,0,both,31,2,1,2
146,False,False,False,False,True,False,False,False,False,False,False,1,impression_only,43,1,1,3
147,False,False,False,False,False,False,False,False,False,False,False,0,both,39,2,1,1
149,False,False,False,False,True,False,False,False,False,False,False,1,impression_only,9,0,1,2
150,False,False,False,False,False,False,False,False,False,False,False,0,both,45,0,1,2
151,False,False,False,False,False,False,True,False,False,False,False,1,both,23,2,51,2
152,False,False,False,False,False,False,False,False,False,False,False,0,both,34,0,1,2
153,False,False,False,False,False,False,False,False,False,False,False,0,both,44,2,1,2
154,False,False,False,False,False,False,True,False,False,False,False,1,both,28,1,3,2
155,False,False,False,False,True,False,False,False,False,False,False,1,impression_only,14,1,1,2
157,False,False,False,False,False,False,False,False,False,False,False,0,both,29,1,1,1
158,False,False,False,False,False,False,True,False,False,False,False,1,both,32,1,14,2
159,False,False,False,False,False,False,False,False,False,False,False,0,both,73,4,1,2
160,False,False,False,False,False,False,False,False,False,False,False,0,both,45,1,1,2
161,False,False,False,False,False,False,False,False,False,False,False,0,both,52,5,1,2
162,False,False,False,False,False,False,True,False,False,False,False,1,both,20,1,39,2
163,False,False,False,False,False,False,False,False,False,False,False,0,both,84,5,1,3
164,False,False,False,False,False,False,True,False,False,False,False,1,both,24,0,3,2
165,False,False,False,False,False,False,False,False,False,False,False,0,both,48,0,1,2
166,False,False,False,False,False,False,False,False,False,False,False,0,both,45,1,1,2
167,False,False,False,False,False,False,False,False,False,False,False,0,both,24,0,1,2
168,False,False,False,False,False,False,False,False,False,False,False,0,both,51,0,1,2
169,False,False,False,False,False,False,True,False,False,False,False,1,both,22,0,15,2
170,False,False,False,False,True,False,False,False,False,False,False,1,impression_only,27,0,1,3
171,False,False,False,False,True,False,True,False,False,False,False,2,impression_only,19,2,8,2
172,False,False,False,False,False,False,False,False,False,False,False,0,both,65,2,1,2
173,False,False,False,False,False,False,False,False,False,False,False,0,both,40,1,1,2
174,False,False,False,False,False,False,False,False,False,False,False,0,both,77,2,1,2
175,False,False,False,False,False,False,False,False,False,False,False,0,both,55,4,1,1
176,False,False,False,False,False,False,True,False,False,False,False,1,both,19,0,11,2
177,False,False,False,False,False,False,False,False,False,False,False,0,both,75,4,1,2
178,False,False,False,False,False,False,False,False,False,False,False,0,both,68,1,1,1
179,False,False,False,False,False,False,True,False,False,False,False,1,both,26,2,3,2
181,False,False,False,False,False,False,False,False,False,False,False,0,both,23,0,1,2
182,False,False,False,False,False,False,False,False,False,False,False,0,both,34,0,1,2
183,False,False,False,False,False,False,False,False,False,False,False,0,both,63,0,1,2
184,False,False,False,False,False,False,False,False,False,False,False,0,both,39,0,1,2
185,False,False,False,False,False,False,False,False,False,False,False,0,both,35,2,1,2
186,False,False,False,False,False,False,False,False,False,False,False,0,both,45,0,1,2
187,False,False,False,False,False,False,False,False,False,False,False,0,both,23,0,1,2
188,False,False,False,False,True,False,False,False,False,False,False,1,impression_only,37,1,1,2
189,False,False,False,False,False,False,False,False,False,False,False,0,both,86,3,1,2
190,False,False,False,False,False,False,False,False,False,False,False,0,both,31,0,1,2
191,False,False,False,False,False,False,True,False,False,False,False,1,both,33,0,6,2
192,False,False,False,False,False,False,False,False,False,False,False,0,both,29,0,1,2
193,False,False,False,False,False,False,False,False,False,False,False,0,both,37,0,1,2
194,False,False,False,False,False,False,False,False,False,False,False,0,both,40,0,1,2
195,False,False,False,False,False,False,False,False,False,False,False,0,both,16,0,1,2
196,False,False,False,False,False,False,True,False,False,False,False,1,both,30,1,4,1
197,False,False,False,False,False,False,False,False,False,False,False,0,both,42,0,1,2
198,False,False,False,False,False,False,True,False,False,False,False,1,both,23,2,51,1
200,False,False,False,False,False,False,True,False,False,False,False,1,both,30,0,3,2
201,False,False,False,False,False,False,False,False,False,False,False,0,both,77,3,1,2
202,False,False,False,False,False,False,False,False,False,False,False,0,both,31,0,1,2
203,False,False,False,False,False,False,True,False,False,False,False,1,both,17,0,50,1
204,False,False,False,False,False,False,True,False,False,False,False,1,both,20,1,39,1
205,False,False,False,False,True,False,False,False,False,False,False,1,impression_only,10,0,1,2
206,False,False,False,True,False,False,False,False,False,False,False,1,both,230,7,1,1
207,False,False,False,False,False,False,False,False,False,False,False,0,both,30,0,1,2
208,False,False,False,False,False,False,True,False,False,False,False,1,both,54,1,10,2
209,False,False,False,False,True,False,False,False,False,False,False,1,impression_only,16,0,1,2
210,False,False,False,False,False,False,False,False,False,False,False,0,both,47,1,1,3
211,False,False,False,False,False,False,False,False,False,False,False,0,both,17,0,1,2
212,False,False,False,False,False,False,False,False,False,False,False,0,both,54,0,1,3
214,False,False,False,False,True,False,False,False,False,False,False,1,impression_only,32,4,1,1
215,False,False,False,False,False,False,False,False,False,False,False,0,both,56,4,1,2
216,False,False,False,False,False,False,False,False,False,False,False,0,both,40,0,1,1
217,False,False,False,False,True,False,True,False,False,False,False,2,impression_only,21,2,2,2
218,False,False,False,False,False,False,False,False,False,False,False,0,both,38,2,1,2
219,False,False,False,False,False,False,False,False,False,False,False,0,both,28,1,1,2
220,False,False,False,False,False,False,False,False,False,False,False,0,both,72,2,1,3
221,False,False,False,False,False,False,False,False,False,False,False,0,both,41,0,1,2
222,False,False,False,False,False,False,True,False,False,False,False,1,both,31,0,13,2
223,False,False,False,False,False,False,True,False,False,False,False,1,both,30,0,2,2
224,False,False,False,False,False,False,False,False,False,False,False,0,both,17,0,1,2
225,False,False,False,False,False,False,False,False,False,False,False,0,both,23,0,1,2
226,False,False,False,False,False,False,True,False,False,False,False,1,both,14,0,10,2
227,False,False,False,False,False,False,False,False,False,False,False,0,both,45,2,1,3
228,False,False,False,False,False,False,False,False,False,False,False,0,both,74,1,1,2
229,False,False,False,False,False,False,False,False,False,False,False,0,both,37,0,1,2
230,False,False,False,False,True,False,False,False,False,False,False,1,impression_only,20,0,1,2
233,False,False,False,False,False,False,False,False,False,False,False,0,both,99,6,1,3
234,False,False,False,False,False,False,False,False,False,False,False,0,both,67,1,1,2
235,False,False,False,False,False,False,False,False,False,False,False,0,both,101,3,1,1
236,False,False,False,False,False,False,True,False,False,False,False,1,both,19,0,7,2
237,False,False,False,False,False,False,False,False,False,False,False,0,both,43,0,1,2
238,False,False,False,False,False,False,True,False,False,False,False,1,both,19,0,3,2
239,False,False,False,False,True,False,False,False,False,False,False,1,impression_only,17,0,1,2
240,False,False,False,False,False,False,False,False,False,False,False,0,both,87,3,1,1
241,False,False,False,False,False,False,False,False,False,False,False,0,both,39,0,1,1
242,False,False,False,False,False,False,True,False,False,False,False,1,both,29,1,3,2
243,False,False,False,False,True,False,True,False,False,False,False,2,impression_only,7,0,2,1
244,False,False,False,False,False,False,True,False,False,False,False,1,both,18,3,4,1
245,False,False,False,False,False,False,False,False,False,False,False,0,both,42,4,1,2
246,False,False,False,False,False,False,True,False,False,False,False,1,both,26,0,14,2
247,False,False,False,False,False,False,False,False,False,False,False,0,both,31,0,1,2
248,False,False,False,False,False,False,False,False,False,False,False,0,both,35,2,1,2
249,False,False,False,False,False,False,False,False,False,False,False,0,both,87,5,1,2
250,False,False,False,False,False,False,False,False,False,False,False,0,both,35,0,1,2
251,False,False,False,False,False,False,False,False,False,False,False,0,both,35,1,1,3
252,False,False,False,False,False,False,True,False,False,False,False,1,both,26,0,16,2
253,False,False,False,False,False,False,False,False,False,False,False,0,both,56,0,1,2
254,False,False,False,False,False,False,False,False,False,False,False,0,both,14,0,1,2
255,False,False,False,False,False,False,True,False,False,False,False,1,both,22,0,2,2
256,False,False,False,False,False,False,False,False,False,False,False,0,both,43,0,1,2
257,False,False,False,False,False,False,False,False,False,False,False,0,both,33,1,1,2
258,False,False,False,False,False,False,False,False,False,False,False,0,both,41,0,1,2
259,False,False,False,False,False,False,False,False,False,False,False,0,both,31,0,1,2
260,False,False,False,False,False,False,False,False,False,False,False,0,both,103,2,1,2
261,False,False,False,False,False,False,False,False,False,False,False,0,both,26,0,1,3
262,False,False,False,False,False,False,False,False,False,False,False,0,both,43,0,1,1
263,False,False,False,False,False,False,True,False,False,False,False,1,both,14,1,5,1
264,False,False,False,False,False,False,False,False,False,False,False,0,both,30,4,1,2
266,False,False,False,False,False,False,False,False,False,False,False,0,both,37,1,1,2
267,False,False,False,False,False,False,False,False,False,False,False,0,both,49,0,1,2
268,False,False,False,False,False,False,False,False,False,False,False,0,both,28,1,1,2
269,False,False,False,False,False,False,True,False,False,False,False,1,both,31,0,6,2
270,False,False,False,False,False,False,True,False,False,False,False,1,both,35,0,25,2
271,False,False,False,False,False,False,True,False,False,False,False,1,both,27,0,5,2
272,False,False,False,False,False,False,False,False,False,False,False,0,both,27,0,1,2
273,False,False,False,False,False,False,False,False,False,False,False,0,both,54,1,1,2
274,False,False,False,False,False,False,False,False,False,False,False,0,both,62,2,1,2
275,False,False,False,False,False,False,True,False,False,False,False,1,both,26,1,9,2
276,False,False,False,False,False,False,True,False,False,False,False,1,both,34,0,41,2
277,False,False,False,False,False,False,False,False,False,False,False,0,both,79,2,1,2
278,False,False,False,False,False,False,False,False,False,False,False,0,both,29,0,1,2
279,False,False,False,False,False,False,True,False,False,False,False,1,both,31,0,13,2
280,False,False,False,False,False,False,True,False,False,False,False,1,both,23,2,51,2
281,False,False,False,False,False,False,True,False,False,False,False,1,both,13,0,32,1
282,False,False,False,False,False,False,True,False,False,False,False,1,both,23,0,2,3
283,False,False,False,False,False,False,True,False,False,False,False,1,both,19,0,4,2
284,False,False,False,False,False,False,False,False,False,False,False,0,both,51,2,1,2
285,False,False,False,False,True,False,False,False,False,False,False,1,impression_only,21,0,1,2
286,False,False,False,False,False,False,False,False,False,False,False,0,both,30,1,1,2
287,False,False,False,False,False,False,False,False,False,False,False,0,both,30,0,1,2
288,False,False,False,False,False,False,False,False,False,False,False,0,both,39,1,1,2
289,False,False,False,False,False,False,False,False,False,False,False,0,both,39,1,1,2
290,False,False,False,False,False,False,False,False,False,False,False,0,both,63,1,1,2
291,False,False,False,False,False,False,True,False,False,False,False,1,both,34,0,41,2
292,False,False,False,False,False,False,False,False,False,False,False,0,both,64,0,1,2
293,False,False,False,False,False,False,False,False,False,False,False,0,both,60,11,1,1
294,False,False,False,False,False,False,False,False,False,False,False,0,both,24,0,1,2
295,False,False,False,False,False,False,False,False,False,False,False,0,both,42,0,1,2
296,False,False,False,False,True,False,False,False,False,False,False,1,impression_only,14,0,1,2
297,False,False,False,False,False,False,False,False,False,False,False,0,both,86,2,1,2
298,False,False,False,False,False,False,True,False,False,False,False,1,both,26,0,14,2
299,False,False,False,False,False,False,False,False,False,False,False,0,both,25,0,1,2
300,False,False,False,False,False,False,False,False,False,False,False,0,both,38,0,1,2
301,False,False,False,False,False,False,False,False,False,False,False,0,both,15,0,1,2
302,False,False,False,False,False,False,False,False,False,False,False,0,both,33,0,1,1
303,False,False,False,False,False,False,False,False,False,False,False,0,both,60,2,1,1
304,False,False,False,False,False,False,False,False,False,False,False,0,both,67,5,1,3
305,False,False,False,False,False,False,False,False,False,False,False,0,both,36,1,1,1
306,False,False,False,False,False,False,True,False,False,False,False,1,both,17,0,5,2
307,False,False,False,False,False,False,False,False,False,False,False,0,both,27,0,1,2
308,False,False,False,False,False,False,False,False,False,False,False,0,both,38,1,1,2
309,False,False,False,False,False,False,False,False,False,False,False,0,both,18,0,1,2
310,False,False,False,False,False,False,False,False,False,False,False,0,both,99,6,1,2
312,False,False,False,False,False,False,False,False,False,False,False,0,both,33,2,1,2
313,False,False,False,False,False,False,False,False,False,False,False,0,both,93,1,1,1
314,False,False,False,False,False,False,False,False,False,False,False,0,both,22,0,1,2
315,False,False,False,False,True,False,False,False,False,False,False,1,impression_only,12,0,1,2
316,False,False,False,False,True,False,False,False,False,False,False,1,impression_only,12,0,1,2
317,False,False,False,False,False,False,False,False,False,False,False,0,both,20,0,1,2
318,False,False,False,False,False,False,True,False,False,False,False,1,both,27,0,21,2
319,False,False,False,False,False,False,False,False,False,False,False,0,both,13,0,1,2
320,False,False,False,False,True,False,True,False,False,False,False,2,impression_only,9,0,7,2
321,False,False,False,False,False,False,False,False,False,False,False,0,both,67,6,1,2
322,False,False,False,False,False,False,False,False,False,False,False,0,both,35,0,1,2
323,False,False,False,False,False,False,False,False,False,False,False,0,both,60,0,1,2
324,False,False,False,False,False,False,True,False,False,False,False,1,both,27,0,21,2
325,False,False,False,False,False,False,True,False,False,False,False,1,both,18,0,5,2
326,False,False,False,False,False,True,False,False,False,False,False,1,findings_only,14,0,1,2
327,False,False,False,False,False,False,False,False,False,False,False,0,both,44,2,1,2
328,False,False,False,False,False,False,True,False,False,False,False,1,both,31,0,13,2
329,False,False,False,False,False,False,False,False,False,False,False,0,both,27,1,1,2
330,False,False,False,False,False,False,True,False,False,False,False,1,both,33,0,2,2
331,False,False,False,False,False,False,True,False,False,False,False,1,both,29,1,8,2
332,False,False,False,False,False,False,False,False,False,False,False,0,both,48,0,1,2
333,False,False,False,False,False,False,False,False,False,False,False,0,both,26,0,1,2
334,False,False,False,False,True,False,False,False,False,False,False,1,impression_only,22,1,1,1
335,False,False,False,False,False,False,False,False,False,False,False,0,both,50,1,1,3
336,False,False,False,False,False,False,True,False,False,False,False,1,both,30,0,3,2
337,False,False,False,False,False,False,False,False,False,False,False,0,both,42,2,1,2
338,False,False,False,False,False,False,True,False,False,False,False,1,both,36,1,2,2
339,False,False,False,False,True,False,True,False,False,False,False,2,impression_only,19,2,8,2
340,False,False,False,False,False,False,False,False,False,False,False,0,both,41,0,1,2
341,False,False,False,False,False,False,False,False,False,False,False,0,both,35,1,1,2
342,False,False,False,False,False,False,False,False,False,False,False,0,both,40,0,1,2
343,False,False,False,False,False,False,False,False,False,False,False,0,both,47,2,1,2
344,False,False,False,False,False,False,True,False,False,False,False,1,both,34,0,41,2
345,False,False,False,False,False,False,False,False,False,False,False,0,both,32,1,1,2
346,False,False,False,False,False,False,False,False,False,False,False,0,both,38,1,1,3
347,False,False,False,False,False,False,False,False,False,False,False,0,both,43,1,1,2
348,False,False,False,False,False,False,False,False,False,False,False,0,both,26,0,1,2
349,False,False,False,False,False,False,False,False,False,False,False,0,both,29,0,1,2
350,False,False,False,False,False,False,False,False,False,False,False,0,both,27,0,1,2
351,False,False,False,False,False,False,False,False,False,False,False,0,both,40,1,1,2
352,False,False,False,False,False,False,False,False,False,False,False,0,both,35,0,1,2
353,False,False,False,False,False,False,False,False,False,False,False,0,both,50,3,1,2
354,False,False,False,False,False,False,True,False,False,False,False,1,both,17,0,2,2
355,False,False,False,False,False,False,False,False,False,False,False,0,both,41,0,1,2
356,False,False,False,False,False,False,True,False,False,False,False,1,both,41,0,13,2
357,False,False,False,False,False,False,False,False,False,False,False,0,both,70,2,1,2
358,False,False,False,False,False,False,False,False,False,False,False,0,both,33,0,1,2
359,False,False,False,False,False,False,False,False,False,False,False,0,both,56,1,1,2
360,False,False,False,False,True,False,False,False,False,False,False,1,impression_only,13,0,1,2
361,False,False,False,False,False,False,False,False,False,False,False,0,both,12,0,1,2
362,False,False,False,False,True,False,False,False,False,False,False,1,impression_only,32,1,1,2
363,False,False,False,False,False,False,False,False,False,False,False,0,both,15,0,1,2
364,False,False,False,False,False,False,True,False,False,False,False,1,both,34,0,25,2
365,False,False,False,False,False,False,False,False,False,False,False,0,both,21,0,1,2
366,False,False,False,False,False,False,True,False,False,False,False,1,both,17,0,50,2
367,False,False,False,False,False,False,False,False,False,False,False,0,both,21,0,1,2
368,False,False,False,False,False,False,True,False,False,False,False,1,both,25,0,9,2
370,False,False,False,False,False,False,False,False,False,False,False,0,both,28,0,1,2
371,False,False,False,False,False,False,False,False,False,False,False,0,both,42,1,1,2
372,False,False,False,False,False,False,False,False,False,False,False,0,both,44,1,1,3
373,False,False,False,False,False,False,True,False,False,False,False,1,both,13,0,32,2
374,False,False,False,False,True,False,False,False,False,False,False,1,impression_only,15,0,1,2
375,False,False,False,False,False,False,True,False,False,False,False,1,both,26,0,2,2
376,False,False,False,False,False,False,False,False,False,False,False,0,both,36,0,1,2
377,False,False,False,False,False,False,False,False,False,False,False,0,both,36,0,1,2
378,False,False,False,False,True,False,False,False,False,False,False,1,impression_only,12,0,1,2
379,False,False,False,False,False,False,False,False,False,False,False,0,both,65,2,1,2
380,False,False,False,False,False,False,False,False,False,False,False,0,both,55,3,1,2
382,False,False,False,False,False,False,False,False,False,False,False,0,both,107,7,1,2
383,False,False,False,False,False,False,False,False,False,False,False,0,both,24,0,1,2
384,False,False,False,False,True,False,False,False,False,False,False,1,impression_only,45,1,1,1
385,False,False,False,False,True,False,False,False,False,False,False,1,impression_only,17,2,1,2
386,False,False,False,False,False,False,True,False,False,False,False,1,both,30,0,2,2
387,False,False,False,False,False,False,False,False,False,False,False,0,both,51,1,1,2
388,False,False,False,False,False,False,False,False,False,False,False,0,both,41,0,1,2
389,False,False,False,False,False,False,False,False,False,False,False,0,both,55,1,1,1
390,False,False,False,False,False,False,False,False,False,False,False,0,both,28,0,1,2
391,False,False,False,False,False,False,False,False,False,False,False,0,both,18,0,1,2
392,False,False,False,False,False,False,False,False,False,False,False,0,both,34,0,1,2
393,False,False,False,False,False,False,True,False,False,False,False,1,both,30,0,3,2
394,False,False,False,False,False,False,False,False,False,False,False,0,both,30,0,1,1
395,False,False,False,False,False,False,False,False,False,False,False,0,both,58,1,1,2
396,False,False,False,False,False,False,False,False,False,False,False,0,both,31,0,1,2
397,False,False,False,False,False,False,False,False,False,False,False,0,both,64,5,1,2
398,False,False,False,False,False,False,False,False,False,False,False,0,both,57,1,1,2
399,False,False,False,False,False,False,True,False,False,False,False,1,both,37,0,3,2
400,False,False,False,False,False,False,False,False,False,False,False,0,both,40,0,1,1
401,False,False,False,False,False,False,False,False,False,False,False,0,both,28,1,1,2
402,False,False,False,False,False,False,True,False,False,False,False,1,both,23,2,51,1
403,False,False,False,False,False,False,False,False,False,False,False,0,both,24,0,1,2
404,False,False,False,False,False,False,False,False,False,False,False,0,both,49,2,1,2
405,False,False,False,False,False,False,False,False,False,False,False,0,both,50,3,1,2
406,False,False,False,False,False,False,False,False,False,False,False,0,both,29,0,1,2
407,False,False,False,False,False,False,True,False,False,False,False,1,both,18,0,5,2
408,False,False,False,False,False,False,False,False,False,False,False,0,both,24,0,1,2
409,False,False,False,False,False,False,False,False,False,False,False,0,both,57,2,1,2
410,False,False,False,False,False,False,False,False,False,False,False,0,both,49,1,1,2
411,False,False,False,False,False,False,False,False,False,False,False,0,both,59,2,1,2
412,False,False,False,False,False,False,False,False,False,False,False,0,both,80,2,1,2
413,False,False,False,False,True,False,True,False,False,False,False,2,impression_only,12,0,2,2
414,False,False,False,False,False,False,False,False,False,False,False,0,both,19,0,1,2
415,False,False,False,False,False,False,False,False,False,False,False,0,both,23,0,1,2
416,False,False,False,False,False,False,True,False,False,False,False,1,both,28,0,3,2
417,False,False,False,False,False,False,False,False,False,False,False,0,both,26,0,1,2
418,False,False,False,False,False,False,False,False,False,False,False,0,both,56,1,1,2
419,False,False,False,False,False,False,True,False,False,False,False,1,both,20,0,8,2
420,False,False,False,False,False,False,False,False,False,False,False,0,both,67,3,1,2
421,False,False,False,False,False,False,False,False,False,False,False,0,both,27,0,1,2
422,False,False,False,False,True,False,False,False,False,False,False,1,impression_only,19,0,1,2
423,False,False,False,True,False,False,False,False,False,False,False,1,both,133,2,1,3
424,False,False,False,False,False,False,False,False,False,False,False,0,both,36,1,1,1
425,False,False,False,False,False,False,True,False,False,False,False,1,both,26,0,9,2
426,False,False,False,False,False,False,False,False,False,False,False,0,both,36,0,1,2
427,False,False,False,False,False,False,True,False,False,False,False,1,both,41,0,13,2
428,False,False,False,False,False,False,False,False,False,False,False,0,both,42,0,1,2
429,False,False,False,False,False,False,False,False,False,False,False,0,both,37,0,1,2
430,False,False,False,False,False,False,False,False,False,False,False,0,both,25,0,1,2
431,False,False,False,False,False,False,False,False,False,False,False,0,both,54,1,1,2
432,False,False,False,False,False,False,False,False,False,False,False,0,both,41,0,1,2
433,False,False,True,False,True,False,True,False,False,False,False,3,impression_only,5,0,4,2
434,False,False,False,False,False,False,False,False,False,False,False,0,both,46,2,1,1
435,False,False,False,False,False,False,True,False,False,False,False,1,both,26,0,9,2
436,False,False,False,False,True,False,False,False,False,False,False,1,impression_only,17,0,1,2
437,False,False,False,False,False,False,False,False,False,False,False,0,both,66,0,1,2
438,False,False,False,False,True,False,True,False,False,False,False,2,impression_only,8,0,7,2
439,False,False,False,False,True,False,False,False,False,False,False,1,impression_only,42,3,1,2
440,False,False,False,False,False,False,False,False,False,False,False,0,both,39,2,1,2
441,False,False,False,False,False,False,False,False,False,False,False,0,both,40,1,1,2
442,False,False,False,False,False,False,False,False,False,False,False,0,both,21,2,1,2
443,False,False,False,False,False,False,False,False,False,False,False,0,both,32,0,1,2
444,False,False,False,False,False,False,True,False,False,False,False,1,both,53,1,3,2
445,False,False,False,False,True,False,True,False,False,False,False,2,impression_only,8,0,7,2
446,False,False,False,False,False,False,True,False,False,False,False,1,both,15,0,2,2
448,False,False,False,False,False,False,True,False,False,False,False,1,both,19,0,7,1
449,False,False,False,False,False,False,False,False,False,False,False,0,both,21,0,1,1
450,False,False,False,False,False,False,False,False,False,False,False,0,both,21,0,1,2
451,False,False,False,True,False,False,False,False,False,False,False,1,both,167,3,1,2
452,False,False,False,False,False,False,False,False,False,False,False,0,both,55,1,1,2
453,False,False,False,False,True,False,False,False,False,False,False,1,impression_only,28,1,1,2
454,False,False,False,False,False,False,False,False,False,False,False,0,both,39,1,1,1
455,False,False,False,False,False,False,False,False,False,False,False,0,both,50,0,1,2
456,False,False,False,False,False,False,False,False,False,False,False,0,both,34,0,1,2
457,False,False,False,False,False,False,False,False,False,False,False,0,both,83,3,1,2
458,False,False,False,False,False,False,False,False,False,False,False,0,both,36,1,1,2
459,False,False,False,False,False,False,False,False,False,False,False,0,both,44,0,1,2
460,False,False,False,False,False,False,False,False,False,False,False,0,both,29,0,1,2
461,False,False,False,False,False,False,True,False,False,False,False,1,both,31,0,6,2
462,False,False,False,False,False,False,False,False,False,False,False,0,both,34,0,1,2
463,False,False,False,False,False,False,False,False,False,False,False,0,both,107,2,1,2
464,False,False,False,False,False,False,False,False,False,False,False,0,both,44,0,1,2
465,False,False,False,False,False,False,False,False,False,False,False,0,both,42,2,1,2
466,False,False,False,False,False,False,False,False,False,False,False,0,both,26,0,1,2
467,False,False,False,False,False,False,True,False,False,False,False,1,both,27,0,21,1
468,False,False,False,False,False,False,False,False,False,False,False,0,both,93,6,1,2
469,False,False,False,False,False,False,False,False,False,False,False,0,both,45,1,1,1
470,False,False,False,False,False,False,False,False,False,False,False,0,both,42,0,1,2
471,False,False,False,False,False,False,False,False,False,False,False,0,both,23,0,1,2
472,False,False,False,False,False,False,False,False,False,False,False,0,both,35,1,1,2
473,False,False,True,False,True,False,True,False,False,False,False,3,impression_only,5,0,4,2
474,False,False,False,False,False,False,True,False,False,False,False,1,both,26,0,14,2
475,False,False,False,False,False,False,False,False,False,False,False,0,both,38,0,1,2
476,False,False,False,False,False,False,False,False,False,False,False,0,both,28,1,1,1
477,False,False,False,False,False,False,True,False,False,False,False,1,both,41,0,13,2
478,False,False,False,False,False,False,False,False,False,False,False,0,both,14,0,1,2
479,False,False,False,False,False,False,True,False,False,False,False,1,both,54,1,10,2
480,False,False,False,False,True,False,False,False,False,False,False,1,impression_only,30,0,1,2
481,False,False,False,False,True,False,False,False,False,False,False,1,impression_only,82,3,1,1
482,False,False,False,False,False,False,False,False,False,False,False,0,both,38,0,1,2
483,False,False,False,False,False,False,False,False,False,False,False,0,both,57,0,1,2
484,False,False,False,False,False,False,False,False,False,False,False,0,both,31,0,1,1
485,False,False,False,False,False,False,True,False,False,False,False,1,both,23,2,51,2
486,False,False,False,False,False,False,False,False,False,False,False,0,both,51,4,1,1
487,False,False,False,False,False,False,True,False,False,False,False,1,both,24,0,9,2
488,False,False,False,False,False,False,False,False,False,False,False,0,both,45,4,1,1
489,False,False,False,False,False,False,False,False,False,False,False,0,both,43,0,1,2
490,False,False,False,False,False,False,False,False,False,False,False,0,both,40,1,1,2
491,False,False,False,False,False,False,False,False,False,False,False,0,both,36,0,1,2
492,False,False,False,False,False,False,True,False,False,False,False,1,both,25,2,2,2
493,False,False,False,False,False,False,False,False,False,False,False,0,both,31,1,1,2
494,False,False,False,False,False,False,False,False,False,False,False,0,both,74,7,1,2
495,False,False,False,False,False,False,False,False,False,False,False,0,both,27,0,1,2
496,False,False,False,False,False,False,False,False,False,False,False,0,both,32,0,1,2
497,False,False,False,False,False,False,True,False,False,False,False,1,both,20,1,39,2
498,False,False,False,False,False,False,False,False,False,False,False,0,both,72,9,1,2
499,False,False,False,False,False,False,True,False,False,False,False,1,both,29,0,2,2
500,False,False,False,False,False,False,False,False,False,False,False,0,both,38,0,1,1
501,False,False,False,False,True,False,False,False,False,False,False,1,impression_only,28,1,1,2
502,False,False,False,False,False,False,False,False,False,False,False,0,both,108,4,1,2
503,False,False,False,False,False,False,True,False,False,False,False,1,both,29,1,3,2
504,False,False,False,False,False,False,False,False,False,False,False,0,both,43,4,1,2
505,False,False,False,False,False,False,True,False,False,False,False,1,both,28,0,3,2
506,False,False,False,False,False,False,False,False,False,False,False,0,both,22,1,1,2
507,False,False,False,False,False,False,True,False,False,False,False,1,both,26,2,3,2
508,False,False,False,False,False,False,False,False,False,False,False,0,both,24,0,1,2
509,False,False,False,False,False,False,False,False,False,False,False,0,both,82,0,1,1
510,False,False,False,False,False,False,True,False,False,False,False,1,both,29,1,6,3
511,False,False,False,False,False,False,False,False,False,False,False,0,both,22,0,1,2
512,False,False,False,False,False,False,False,False,False,False,False,0,both,34,0,1,1
513,False,False,False,False,False,False,False,False,False,False,False,0,both,91,2,1,2
514,False,False,False,False,False,False,True,False,False,False,False,1,both,35,1,4,2
515,False,False,False,False,False,False,True,False,False,False,False,1,both,25,1,9,2
516,False,False,False,False,False,False,False,False,False,False,False,0,both,15,0,1,2
517,False,False,False,False,True,False,False,False,False,False,False,1,impression_only,30,1,1,2
518,False,False,False,False,False,False,False,True,False,False,False,1,both,54,2,1,2
519,False,False,False,False,False,False,False,False,False,False,False,0,both,21,2,1,3
520,False,False,False,False,False,False,False,False,False,False,False,0,both,44,2,1,1
521,False,False,False,False,False,False,False,False,False,False,False,0,both,42,0,1,2
522,False,False,False,False,False,False,False,False,False,False,False,0,both,52,1,1,2
523,False,False,False,False,False,False,True,False,False,False,False,1,both,20,1,39,1
524,False,False,False,False,True,False,False,False,False,False,False,1,impression_only,41,2,1,1
525,False,False,False,False,False,False,False,False,False,False,False,0,both,83,1,1,2
526,False,False,False,False,True,False,False,False,False,False,False,1,impression_only,14,1,1,1
527,False,False,False,False,False,False,True,False,False,False,False,1,both,35,1,3,1
529,False,False,False,False,False,False,False,False,False,False,False,0,both,30,0,1,2
530,False,False,False,False,True,False,False,False,False,False,False,1,impression_only,6,0,1,2
531,False,False,False,False,False,False,False,False,False,False,False,0,both,54,2,1,2
532,False,False,False,False,False,False,True,False,False,False,False,1,both,33,0,10,2
533,False,False,False,False,False,False,False,False,False,False,False,0,both,85,0,1,2
534,False,False,False,False,False,False,False,False,False,False,False,0,both,45,1,1,2
535,False,False,False,False,False,False,False,False,False,False,False,0,both,60,5,1,2
536,False,False,False,False,False,False,False,False,False,False,False,0,both,32,0,1,2
537,False,False,False,False,False,False,False,False,False,False,False,0,both,34,0,1,2
538,False,False,False,False,False,False,True,False,False,False,False,1,both,29,1,2,2
539,False,False,False,False,False,False,True,False,False,False,False,1,both,35,0,10,2
540,False,False,False,False,False,False,False,False,False,False,False,0,both,37,1,1,2
541,False,False,False,False,False,False,False,False,False,False,False,0,both,73,0,1,1
542,False,False,False,False,False,False,False,False,False,False,False,0,both,35,0,1,1
543,False,False,False,False,False,False,True,False,False,False,False,1,both,19,0,4,2
544,False,False,False,False,False,False,False,False,False,False,False,0,both,22,0,1,2
545,False,False,False,False,False,False,False,False,False,False,False,0,both,28,3,1,2
546,False,False,False,False,True,False,False,False,False,False,False,1,impression_only,19,2,1,2
547,False,False,False,False,False,False,False,False,False,False,False,0,both,44,0,1,2
548,False,False,False,False,False,False,False,False,False,False,False,0,both,50,0,1,2
549,False,False,False,False,False,False,False,False,False,False,False,0,both,71,1,1,2
550,False,False,False,False,True,False,True,False,False,False,False,2,impression_only,31,2,3,2
551,False,False,False,False,False,False,False,False,False,False,False,0,both,44,0,1,2
552,False,False,False,False,False,False,False,False,False,False,False,0,both,39,1,1,2
553,False,False,False,False,False,False,False,False,False,False,False,0,both,34,0,1,2
554,False,False,False,False,False,False,True,False,False,False,False,1,both,23,0,3,2
555,False,False,False,False,False,False,False,False,False,False,False,0,both,21,0,1,1
556,False,False,False,False,False,False,True,False,False,False,False,1,both,24,1,4,2
557,False,False,False,False,False,False,False,False,False,False,False,0,both,28,0,1,2
558,False,False,False,False,False,False,False,False,False,False,False,0,both,43,0,1,2
559,False,False,False,False,True,False,False,False,False,False,False,1,impression_only,22,0,1,2
560,False,False,False,False,False,False,True,False,False,False,False,1,both,30,0,2,1
561,False,False,False,False,False,False,True,False,False,False,False,1,both,17,0,50,1
562,False,False,False,False,False,False,True,False,False,False,False,1,both,40,1,4,2
563,False,False,False,False,False,False,False,False,False,False,False,0,both,75,3,1,2
564,False,False,False,False,False,False,False,False,False,False,False,0,both,94,0,1,2
565,False,False,False,False,False,False,True,False,False,False,False,1,both,34,0,41,2
567,False,False,False,False,False,False,False,False,False,False,False,0,both,36,0,1,2
568,False,False,False,False,False,False,False,False,False,False,False,0,both,56,4,1,2
569,False,False,False,True,False,False,False,False,False,False,False,1,both,144,2,1,2
570,False,False,False,False,False,False,True,False,False,False,False,1,both,17,0,3,2
571,False,False,False,False,False,False,True,False,False,False,False,1,both,25,0,2,2
572,False,False,False,False,False,False,True,False,False,False,False,1,both,13,0,32,2
573,False,False,False,False,False,False,False,False,False,False,False,0,both,62,2,1,3
575,False,False,False,False,False,False,False,False,False,False,False,0,both,36,1,1,2
576,False,False,False,False,False,False,False,False,False,False,False,0,both,54,0,1,2
577,False,False,False,False,False,False,True,False,False,False,False,1,both,48,1,2,2
578,False,False,False,False,False,False,False,False,False,False,False,0,both,43,2,1,2
579,False,False,False,False,False,False,True,False,False,False,False,1,both,34,0,41,2
580,False,False,False,False,False,False,False,False,False,False,False,0,both,25,1,1,2
581,False,False,False,False,False,False,True,False,False,False,False,1,both,29,1,2,2
582,False,False,False,False,False,False,True,False,False,False,False,1,both,25,0,9,2
583,False,False,False,False,True,False,False,False,False,False,False,1,impression_only,40,5,1,2
584,False,False,False,False,False,False,True,False,False,False,False,1,both,30,0,2,2
585,False,False,False,False,False,False,False,False,False,False,False,0,both,58,2,1,2
586,False,False,False,False,False,False,False,False,False,False,False,0,both,72,6,1,1
587,False,False,False,False,False,False,False,False,False,False,False,0,both,56,2,1,3
588,False,False,False,False,False,False,True,False,False,False,False,1,both,32,1,14,2
589,False,False,False,False,False,False,True,False,False,False,False,1,both,20,1,39,1
590,False,False,False,False,False,False,False,False,False,False,False,0,both,44,0,1,2
591,False,False,False,False,False,False,False,False,False,False,False,0,both,66,0,1,2
592,False,False,False,False,True,False,False,False,False,False,False,1,impression_only,41,2,1,2
593,False,False,False,False,False,False,False,False,False,False,False,0,both,32,0,1,2
594,False,False,False,False,False,False,False,False,False,False,False,0,both,53,3,1,2
595,False,False,False,False,False,False,True,False,False,False,False,1,both,32,1,5,2
596,False,False,False,False,False,False,False,False,False,False,False,0,both,32,1,1,2
597,False,False,False,False,False,False,False,False,False,False,False,0,both,61,4,1,1
598,False,False,False,False,True,False,False,False,False,False,False,1,impression_only,22,0,1,2
599,False,False,False,False,True,False,False,False,False,False,False,1,impression_only,16,0,1,2
600,False,False,False,False,False,False,False,False,False,False,False,0,both,31,1,1,2
601,False,False,False,False,False,False,False,False,False,False,False,0,both,81,2,1,2
602,False,False,False,False,True,False,False,False,False,False,False,1,impression_only,13,0,1,2
603,False,False,False,False,True,False,False,False,False,False,False,1,impression_only,33,0,1,2
604,False,False,False,False,False,False,False,False,False,False,False,0,both,44,1,1,2
605,False,False,False,False,False,False,False,False,False,False,False,0,both,54,0,1,2
606,False,False,False,False,False,False,False,False,False,False,False,0,both,59,6,1,2
607,False,False,False,False,False,False,False,False,False,False,False,0,both,39,0,1,2
608,False,False,False,False,False,False,False,False,False,False,False,0,both,34,0,1,2
609,False,False,False,False,False,False,False,False,False,False,False,0,both,33,2,1,2
610,False,False,False,False,True,False,False,False,False,False,False,1,impression_only,29,0,1,1
611,False,False,False,False,False,False,False,False,False,False,False,0,both,43,0,1,2
612,False,False,False,False,False,False,False,False,False,False,False,0,both,57,3,1,2
613,False,False,False,False,False,False,True,False,False,False,False,1,both,23,2,51,2
614,True,False,False,False,True,True,False,False,False,False,False,3,neither,0,0,0,2
615,False,False,False,False,False,False,False,False,False,False,False,0,both,41,1,1,2
616,False,False,False,False,False,False,False,False,False,False,False,0,both,50,5,1,2
617,False,False,False,False,False,False,False,False,False,False,False,0,both,24,0,1,2
618,False,False,False,False,False,False,False,False,False,False,False,0,both,54,1,1,2
619,False,False,False,False,False,False,False,False,False,False,False,0,both,49,1,1,2
620,False,False,False,False,False,False,False,False,False,False,False,0,both,34,0,1,2
621,False,False,False,False,False,False,True,False,False,False,False,1,both,40,1,4,2
622,False,False,False,False,False,False,True,False,False,False,False,1,both,13,0,32,2
623,False,False,False,False,False,False,False,False,False,False,False,0,both,52,1,1,2
624,False,False,False,False,False,False,False,False,False,False,False,0,both,41,0,1,2
626,False,False,False,False,False,False,False,False,False,False,False,0,both,34,1,1,3
627,False,False,False,False,False,False,False,False,False,False,False,0,both,32,0,1,2
628,False,False,False,False,False,False,False,False,False,False,False,0,both,98,5,1,2
629,False,False,False,False,False,False,False,False,False,False,False,0,both,39,0,1,2
630,False,False,False,False,False,False,False,False,False,False,False,0,both,30,2,1,2
631,False,False,False,False,False,False,False,False,False,False,False,0,both,55,2,1,2
632,False,False,False,False,False,False,True,False,False,False,False,1,both,27,1,3,2
633,False,False,False,False,False,False,False,False,False,False,False,0,both,37,0,1,2
634,False,False,False,False,True,False,False,False,False,False,False,1,impression_only,29,0,1,2
635,False,False,False,False,True,False,False,False,False,False,False,1,impression_only,16,0,1,2
636,False,False,False,False,False,False,False,False,False,False,False,0,both,32,0,1,2
637,False,False,False,False,False,False,True,False,False,False,False,1,both,23,2,51,2
638,False,False,False,False,True,False,False,False,False,False,False,1,impression_only,15,0,1,3
639,False,False,False,False,False,False,True,False,False,False,False,1,both,28,0,2,2
640,False,False,False,False,False,False,True,False,False,False,False,1,both,34,0,2,1
641,False,False,False,False,False,False,False,False,False,False,False,0,both,37,0,1,2
642,False,False,False,False,True,False,True,False,False,False,False,2,impression_only,17,2,5,2
643,False,False,False,False,True,False,False,False,False,False,False,1,impression_only,13,0,1,3
644,False,False,False,False,False,False,False,False,False,False,False,0,both,20,0,1,2
645,False,False,False,False,False,False,False,False,False,False,False,0,both,29,0,1,2
646,False,False,False,False,False,False,False,False,False,False,False,0,both,21,0,1,1
647,False,False,False,False,False,False,False,False,False,False,False,0,both,47,4,1,1
648,False,False,False,False,False,False,False,False,False,False,False,0,both,46,0,1,2
649,False,False,False,False,False,False,False,False,False,False,False,0,both,71,1,1,2
650,False,False,False,True,False,False,False,False,False,False,False,1,both,122,1,1,2
651,False,False,False,False,False,False,False,False,False,False,False,0,both,59,5,1,2
652,False,False,False,False,False,False,False,False,False,False,False,0,both,18,0,1,2
653,False,False,False,False,False,False,False,False,False,False,False,0,both,23,0,1,2
654,False,False,False,False,False,False,True,False,False,False,False,1,both,14,1,5,2
655,False,False,False,False,False,False,False,False,False,False,False,0,both,26,0,1,2
656,False,False,False,False,True,False,False,False,False,False,False,1,impression_only,33,1,1,2
657,False,False,False,False,False,False,False,False,False,False,False,0,both,28,0,1,2
658,False,False,False,False,False,False,True,False,False,False,False,1,both,24,1,4,2
659,False,False,False,False,False,False,False,False,False,False,False,0,both,30,0,1,2
660,False,False,False,False,False,False,False,False,False,False,False,0,both,33,1,1,2
661,False,False,False,False,False,False,False,False,False,False,False,0,both,32,1,1,2
662,False,False,False,False,False,False,True,False,False,False,False,1,both,18,3,4,2
663,False,False,False,False,False,False,True,False,False,False,False,1,both,30,0,4,3
664,False,False,False,False,False,False,False,False,False,False,False,0,both,51,0,1,2
665,False,False,False,False,True,False,False,False,False,False,False,1,impression_only,8,0,1,2
666,False,False,False,False,False,False,False,False,False,False,False,0,both,48,1,1,2
667,False,False,False,False,False,False,False,False,False,False,False,0,both,88,0,1,2
668,False,False,False,False,False,False,True,False,False,False,False,1,both,35,0,12,2
669,False,False,False,False,False,False,False,False,False,False,False,0,both,57,0,1,2
670,False,False,False,False,False,False,False,False,False,False,False,0,both,35,0,1,2
671,False,False,False,False,False,False,False,False,False,False,False,0,both,50,3,1,1
672,False,False,False,False,True,False,False,False,False,False,False,1,impression_only,14,0,1,2
673,True,False,False,False,True,True,False,False,False,False,False,3,neither,0,0,0,1
674,False,False,False,False,False,False,False,False,False,False,False,0,both,63,7,1,2
675,False,False,False,False,False,False,False,False,False,False,False,0,both,17,0,1,2
676,False,False,False,False,False,False,True,False,False,False,False,1,both,17,0,5,2
677,False,False,False,False,False,False,False,False,False,False,False,0,both,76,5,1,2
679,False,False,False,False,False,False,False,False,False,False,False,0,both,41,3,1,2
680,False,False,False,False,False,False,False,False,False,False,False,0,both,33,0,1,2
681,False,False,False,False,False,False,False,False,False,False,False,0,both,73,2,1,2
682,False,False,False,False,False,False,False,False,False,False,False,0,both,54,1,1,2
683,False,False,False,False,False,False,True,False,False,False,False,1,both,32,1,14,1
684,False,False,False,False,True,False,False,False,False,False,False,1,impression_only,35,1,1,1
685,False,False,False,False,False,False,False,False,False,False,False,0,both,87,3,1,2
686,False,False,False,False,False,False,False,False,False,False,False,0,both,33,1,1,2
687,False,False,False,False,False,False,False,False,False,False,False,0,both,47,0,1,2
688,False,False,False,True,False,False,False,False,False,False,False,1,both,121,4,1,2
689,False,False,False,False,False,False,False,False,False,False,False,0,both,86,6,1,2
690,False,False,False,False,False,False,True,False,False,False,False,1,both,19,0,8,1
691,False,False,False,False,False,False,False,False,False,False,False,0,both,30,0,1,1
692,False,False,False,False,False,False,False,False,False,False,False,0,both,28,0,1,2
693,False,False,False,False,False,False,False,False,False,False,False,0,both,37,1,1,2
694,False,False,False,False,False,False,False,False,False,False,False,0,both,36,0,1,2
695,False,False,False,False,False,False,False,False,False,False,False,0,both,57,4,1,2
696,False,False,False,False,False,False,False,False,False,False,False,0,both,39,0,1,2
697,False,False,False,False,False,False,False,False,False,False,False,0,both,45,2,1,2
698,False,False,False,False,False,False,False,False,False,False,False,0,both,23,0,1,2
699,False,False,False,False,False,False,False,False,False,False,False,0,both,67,1,1,2
700,False,False,False,False,False,False,False,False,False,False,False,0,both,51,0,1,2
701,False,False,False,False,False,False,False,False,False,False,False,0,both,66,1,1,2
702,False,False,False,False,False,False,False,False,False,False,False,0,both,82,2,1,1
703,False,False,False,False,True,False,False,False,False,False,False,1,impression_only,22,0,1,2
704,False,False,False,False,False,False,True,False,False,False,False,1,both,26,0,5,2
705,False,False,False,False,True,False,False,False,False,False,False,1,impression_only,38,3,1,2
706,False,False,False,False,False,False,False,False,False,False,False,0,both,44,0,1,2
707,False,False,False,False,False,False,True,False,False,False,False,1,both,20,1,39,2
708,False,False,False,False,False,False,False,False,False,False,False,0,both,33,0,1,2
709,False,False,False,False,False,False,False,False,False,False,False,0,both,47,0,1,1
710,False,False,False,False,False,False,False,False,False,False,False,0,both,31,1,1,2
711,False,False,False,False,False,False,False,False,False,False,False,0,both,58,1,1,1
712,False,False,False,False,False,False,False,False,False,False,False,0,both,29,0,1,3
713,False,False,False,False,False,False,False,False,False,False,False,0,both,92,4,1,2
714,False,False,False,False,False,False,False,False,False,False,False,0,both,42,0,1,3
715,False,False,False,False,False,False,False,False,False,False,False,0,both,68,0,1,2
716,False,False,False,False,True,False,False,False,False,False,False,1,impression_only,10,1,1,2
717,False,False,False,False,False,False,True,False,False,False,False,1,both,17,0,50,2
718,False,False,False,False,False,False,False,False,False,False,False,0,both,28,0,1,2
719,False,False,False,False,True,False,True,False,False,False,False,2,impression_only,7,0,2,2
720,False,False,False,False,False,False,True,False,False,False,False,1,both,26,0,2,2
721,False,False,False,False,False,False,True,False,False,False,False,1,both,25,0,2,2
722,False,False,False,False,False,False,True,False,False,False,False,1,both,30,0,3,2
723,False,False,False,False,False,False,False,False,False,False,False,0,both,42,2,1,2
725,False,False,False,False,False,False,False,False,False,False,False,0,both,25,0,1,3
726,False,False,False,False,False,False,False,False,False,False,False,0,both,63,7,1,2
727,False,False,False,False,True,False,False,False,False,False,False,1,impression_only,8,0,1,2
728,False,False,False,False,False,False,False,False,False,False,False,0,both,60,4,1,2
729,False,False,False,False,False,False,False,False,False,False,False,0,both,77,2,1,2
730,False,False,False,False,True,False,False,False,False,False,False,1,impression_only,12,0,1,2
731,False,False,False,False,False,False,False,False,False,False,False,0,both,31,0,1,2
732,False,False,False,False,False,False,False,False,False,False,False,0,both,34,0,1,2
733,False,False,False,False,False,False,False,False,False,False,False,0,both,88,0,1,2
734,False,False,False,False,False,False,False,False,False,False,False,0,both,18,0,1,2
735,False,False,False,False,False,False,True,False,False,False,False,1,both,34,0,5,3
736,False,False,False,False,True,False,False,False,False,False,False,1,impression_only,26,1,1,2
737,False,False,False,False,False,False,True,False,False,False,False,1,both,32,0,2,2
738,False,False,False,False,False,False,True,False,False,False,False,1,both,23,2,51,2
739,False,False,False,False,False,False,False,False,False,False,False,0,both,49,5,1,2
740,False,False,False,False,False,False,False,False,False,False,False,0,both,23,0,1,1
741,False,False,False,False,False,False,False,False,False,False,False,0,both,34,0,1,1
742,False,False,False,False,False,False,False,False,False,False,False,0,both,72,4,1,2
743,False,False,False,False,True,False,False,False,False,False,False,1,impression_only,35,0,1,2
744,False,False,False,False,False,False,False,False,False,False,False,0,both,85,8,1,2
745,False,False,False,False,False,False,True,False,False,False,False,1,both,36,0,4,2
746,False,False,False,False,False,False,False,False,False,False,False,0,both,47,2,1,2
747,False,False,False,False,True,False,False,False,False,False,False,1,impression_only,17,0,1,1
748,False,False,False,False,False,False,True,False,False,False,False,1,both,23,0,2,2
749,False,False,False,False,False,False,False,False,False,False,False,0,both,42,1,1,2
750,False,False,False,False,False,False,False,False,False,False,False,0,both,58,0,1,2
751,False,False,False,False,False,False,True,False,False,False,False,1,both,26,0,8,3
752,False,False,False,False,False,False,False,False,False,False,False,0,both,34,2,1,2
753,False,False,False,False,False,False,True,False,False,False,False,1,both,40,1,4,2
754,False,False,False,False,False,False,True,False,False,False,False,1,both,23,2,51,2
755,False,False,False,False,True,False,False,False,False,False,False,1,impression_only,13,1,1,2
756,False,False,False,False,False,False,False,False,False,False,False,0,both,20,0,1,3
757,False,False,False,False,False,False,False,False,False,False,False,0,both,41,0,1,2
758,False,False,False,False,False,False,False,False,False,False,False,0,both,15,0,1,2
759,False,False,False,False,False,False,False,False,False,False,False,0,both,26,0,1,2
760,False,False,False,False,False,False,False,False,False,False,False,0,both,70,3,1,2
761,False,False,False,False,False,False,False,False,False,False,False,0,both,19,1,1,2
762,False,False,False,False,False,False,False,False,False,False,False,0,both,35,1,1,2
763,False,False,False,False,False,False,False,False,False,False,False,0,both,28,0,1,2
764,False,False,False,False,False,False,False,False,False,False,False,0,both,22,0,1,2
765,False,False,False,False,False,False,False,False,False,False,False,0,both,36,3,1,2
766,False,False,False,False,True,False,True,False,False,False,False,2,impression_only,9,0,7,1
767,False,False,False,False,False,False,False,False,False,False,False,0,both,22,0,1,2
768,False,False,False,False,False,False,False,False,False,False,False,0,both,23,0,1,2
769,False,False,False,False,False,False,False,False,False,False,False,0,both,29,1,1,2
770,False,False,False,False,False,False,True,False,False,False,False,1,both,31,0,5,2
771,False,False,False,False,False,False,True,False,False,False,False,1,both,20,0,3,3
772,False,False,False,False,False,False,False,False,False,False,False,0,both,64,4,1,1
773,False,False,False,False,False,False,False,False,False,False,False,0,both,42,1,1,2
774,False,False,False,False,False,False,False,False,False,False,False,0,both,33,0,1,1
776,False,False,False,False,False,False,False,False,False,False,False,0,both,64,4,1,2
777,False,False,False,False,False,False,False,False,False,False,False,0,both,44,0,1,2
778,False,False,False,False,False,False,False,False,False,False,False,0,both,27,0,1,2
779,False,False,False,False,False,False,True,False,False,False,False,1,both,27,0,5,2
780,False,False,False,False,False,False,False,False,False,False,False,0,both,56,1,1,2
781,False,False,False,False,False,False,True,False,False,False,False,1,both,26,0,16,2
782,False,False,False,False,False,False,False,False,False,False,False,0,both,35,1,1,2
783,False,False,False,False,False,False,False,False,False,False,False,0,both,39,0,1,2
784,False,False,False,False,False,False,False,False,False,False,False,0,both,34,2,1,2
785,False,False,False,False,False,False,True,False,False,False,False,1,both,35,0,25,2
786,False,False,False,False,True,False,False,False,False,False,False,1,impression_only,25,0,1,1
787,False,False,False,False,False,False,True,False,False,False,False,1,both,14,1,5,1
788,False,False,False,False,False,False,False,False,False,False,False,0,both,43,1,1,2
790,False,False,False,False,False,False,False,False,False,False,False,0,both,22,0,1,2
791,False,False,False,False,False,False,False,False,False,False,False,0,both,24,1,1,2
792,False,False,False,False,False,False,False,False,False,False,False,0,both,25,1,1,2
793,False,False,False,False,False,False,False,False,False,False,False,0,both,74,4,1,2
794,False,False,False,False,False,False,False,False,False,False,False,0,both,32,0,1,2
795,False,False,False,False,False,False,True,False,False,False,False,1,both,24,1,6,2
796,False,False,False,False,False,False,True,False,False,False,False,1,both,23,1,5,2
797,False,False,False,False,False,False,False,False,False,False,False,0,both,56,1,1,2
798,False,False,False,False,False,False,False,False,False,False,False,0,both,14,0,1,2
799,False,False,False,False,False,False,False,False,False,False,False,0,both,46,0,1,2
800,False,False,False,True,False,False,False,False,False,False,False,1,both,119,3,1,3
801,False,False,False,False,False,False,False,False,False,False,False,0,both,20,0,1,2
802,False,False,False,False,True,False,False,False,False,False,False,1,impression_only,58,1,1,2
803,False,False,False,False,False,False,False,False,False,False,False,0,both,65,2,1,1
804,False,False,False,False,False,False,False,False,False,False,False,0,both,54,4,1,2
805,False,False,False,False,False,False,False,False,False,False,False,0,both,27,0,1,2
806,False,False,False,False,False,False,False,False,False,False,False,0,both,47,0,1,2
808,False,False,False,False,False,False,False,False,False,False,False,0,both,59,0,1,2
809,False,False,False,False,False,False,False,False,False,False,False,0,both,47,0,1,2
810,False,False,False,False,False,False,False,False,False,False,False,0,both,36,0,1,2
811,False,False,False,False,False,False,False,False,False,False,False,0,both,39,1,1,2
812,False,False,False,False,False,False,False,False,False,False,False,0,both,38,1,1,2
813,False,False,False,False,False,False,False,False,False,False,False,0,both,67,2,1,2
814,False,False,False,False,False,False,False,False,False,False,False,0,both,63,1,1,2
815,False,False,False,False,True,False,True,False,False,False,False,2,impression_only,11,0,2,2
817,False,False,False,False,False,False,False,False,False,False,False,0,both,43,3,1,3
818,False,False,False,False,False,False,False,False,False,False,False,0,both,32,0,1,2
819,False,False,False,False,False,False,False,False,False,False,False,0,both,23,1,1,2
820,False,False,False,False,False,False,False,False,False,False,False,0,both,53,3,1,2
821,False,False,False,False,False,False,False,False,False,False,False,0,both,34,0,1,1
822,False,False,False,False,False,False,False,False,False,False,False,0,both,53,3,1,2
824,False,False,False,False,False,True,False,False,False,False,False,1,findings_only,23,0,1,2
825,False,False,False,False,True,False,False,False,False,False,False,1,impression_only,25,2,1,2
826,False,False,False,False,False,False,True,False,False,False,False,1,both,32,1,5,2
827,False,False,False,False,False,False,False,False,False,False,False,0,both,24,1,1,2
828,False,False,False,False,False,False,False,False,False,False,False,0,both,69,1,1,2
829,False,False,False,False,False,False,True,False,False,False,False,1,both,24,0,9,2
830,False,False,False,False,True,False,False,False,False,False,False,1,impression_only,47,2,1,2
831,False,False,False,False,False,False,False,False,False,False,False,0,both,27,1,1,2
832,False,False,False,False,True,False,False,False,False,False,False,1,impression_only,11,0,1,2
833,False,False,False,False,False,False,True,False,False,False,False,1,both,30,0,3,2
834,False,False,False,False,False,False,False,False,False,False,False,0,both,35,1,1,2
835,False,False,False,False,False,False,False,False,False,False,False,0,both,68,3,1,2
836,False,False,False,False,False,False,False,False,False,False,False,0,both,72,5,1,2
837,False,False,False,False,False,False,False,False,False,False,False,0,both,37,1,1,2
838,False,False,False,False,False,False,False,False,False,False,False,0,both,47,2,1,2
839,False,False,False,False,False,False,False,False,False,False,False,0,both,19,1,1,2
840,False,False,False,False,True,False,False,False,False,False,False,1,impression_only,32,0,1,2
841,False,False,False,False,False,False,False,False,False,False,False,0,both,68,4,1,2
842,False,False,False,False,False,False,False,False,False,False,False,0,both,30,0,1,2
843,False,False,False,False,False,False,False,False,False,False,False,0,both,27,1,1,2
844,False,False,False,False,False,False,False,False,False,False,False,0,both,19,0,1,2
845,False,False,False,False,False,False,False,False,False,False,False,0,both,25,0,1,2
846,False,False,False,False,False,False,False,False,False,False,False,0,both,36,3,1,4
847,False,False,False,False,False,False,False,False,False,False,False,0,both,45,1,1,2
849,False,False,False,False,False,False,False,False,False,False,False,0,both,75,1,1,2
850,False,False,False,False,False,False,False,False,False,False,False,0,both,20,0,1,3
851,False,False,False,False,False,False,False,False,False,False,False,0,both,76,8,1,1
853,False,False,False,False,True,False,True,False,False,False,False,2,impression_only,26,0,9,2
854,False,False,False,True,False,False,False,False,False,False,False,1,both,114,5,1,2
855,False,False,False,False,False,False,True,False,False,False,False,1,both,17,0,50,2
856,False,False,False,False,False,False,False,False,False,False,False,0,both,65,2,1,2
857,False,False,False,False,False,False,True,False,False,False,False,1,both,31,0,13,2
858,False,False,False,False,False,False,False,False,False,False,False,0,both,47,1,1,2
859,False,False,False,False,False,False,False,False,False,False,False,0,both,51,2,1,2
860,False,False,False,False,False,False,False,False,False,False,False,0,both,49,3,1,2
861,False,False,False,False,False,False,False,False,False,False,False,0,both,26,2,1,2
862,False,False,False,False,False,False,False,False,False,False,False,0,both,31,1,1,2
863,False,False,False,False,False,False,False,False,False,False,False,0,both,26,0,1,3
864,False,False,False,False,False,False,False,False,False,False,False,0,both,29,0,1,2
865,False,False,False,False,False,False,False,False,False,False,False,0,both,28,0,1,2
866,False,False,False,False,False,False,True,False,False,False,False,1,both,33,0,2,1
867,False,False,False,True,False,False,False,False,False,False,False,1,both,109,4,1,2
868,False,False,False,False,True,False,False,False,False,False,False,1,impression_only,57,2,1,2
869,False,False,False,False,False,False,True,False,False,False,False,1,both,27,1,5,2
870,False,False,False,False,False,False,True,False,False,False,False,1,both,23,2,51,2
871,False,False,False,False,False,False,False,False,False,False,False,0,both,59,1,1,2
872,False,False,False,False,False,False,False,False,False,False,False,0,both,26,0,1,2
874,False,False,False,False,False,False,False,False,False,False,False,0,both,53,3,1,1
875,False,False,False,False,False,False,False,False,False,False,False,0,both,61,3,1,1
877,False,False,False,False,False,False,False,False,False,False,False,0,both,74,2,1,2
878,False,False,False,False,True,False,False,False,False,False,False,1,impression_only,35,3,1,2
879,False,False,False,False,False,False,True,False,False,False,False,1,both,19,1,10,2
880,False,False,False,False,False,False,True,False,False,False,False,1,both,14,0,10,2
881,False,False,False,False,False,False,False,False,False,False,False,0,both,29,0,1,2
882,False,False,False,False,True,False,True,False,False,False,False,2,impression_only,8,0,7,2
883,False,False,False,False,True,False,True,False,False,False,False,2,impression_only,11,0,2,2
884,False,False,False,False,False,False,False,False,False,False,False,0,both,39,0,1,2
885,False,False,False,False,False,False,False,False,False,False,False,0,both,71,2,1,1
886,False,False,False,False,False,False,True,False,False,False,False,1,both,17,0,50,2
887,False,False,False,False,False,False,True,False,False,False,False,1,both,35,0,25,2
888,False,False,False,False,False,False,True,False,False,False,False,1,both,19,0,7,2
889,False,False,False,False,False,False,True,False,False,False,False,1,both,31,0,5,2
890,False,False,False,False,False,False,False,False,False,False,False,0,both,24,0,1,2
891,False,False,False,False,False,False,True,False,False,False,False,1,both,31,0,13,2
892,False,False,False,False,False,False,False,False,False,False,False,0,both,52,0,1,2
893,False,False,False,False,True,False,True,False,False,False,False,2,impression_only,26,0,9,2
894,True,False,False,False,True,True,False,False,False,False,False,3,neither,0,0,0,2
896,False,False,False,False,False,False,False,False,False,False,False,0,both,28,0,1,3
897,False,False,False,False,False,False,False,False,False,False,False,0,both,69,1,1,2
899,False,False,False,False,False,False,True,False,False,False,False,1,both,32,1,2,2
900,False,False,False,False,False,False,False,False,False,False,False,0,both,47,1,1,1
901,False,False,False,False,False,False,False,False,False,False,False,0,both,51,3,1,3
902,False,False,False,False,False,False,False,False,False,False,False,0,both,37,0,1,2
903,False,False,False,False,False,False,False,False,False,False,False,0,both,45,1,1,2
904,False,False,False,False,False,False,False,False,False,False,False,0,both,37,2,1,1
905,False,False,False,False,True,False,False,False,False,False,False,1,impression_only,35,3,1,2
906,False,False,False,False,False,False,False,False,False,False,False,0,both,32,0,1,2
907,False,False,False,False,False,False,False,False,False,False,False,0,both,53,0,1,2
908,False,False,False,False,False,False,False,False,False,False,False,0,both,43,1,1,2
909,False,False,False,False,False,False,True,False,False,False,False,1,both,34,0,41,2
910,False,False,False,False,False,False,False,False,False,False,False,0,both,62,3,1,2
911,False,False,False,False,False,False,False,False,False,False,False,0,both,32,0,1,2
912,False,False,False,False,False,False,False,False,False,False,False,0,both,25,0,1,2
913,False,False,False,False,False,False,False,False,False,False,False,0,both,27,1,1,2
914,False,False,False,False,False,False,False,False,False,False,False,0,both,28,1,1,2
915,False,False,False,False,True,False,False,False,False,False,False,1,impression_only,46,2,1,2
916,False,False,False,False,False,False,False,False,False,False,False,0,both,34,1,1,2
917,False,False,False,False,False,False,False,False,False,False,False,0,both,36,2,1,2
918,False,False,False,False,False,False,True,False,False,False,False,1,both,34,0,5,2
919,False,False,False,False,True,False,False,False,False,False,False,1,impression_only,12,0,1,2
920,False,False,False,False,False,False,False,False,False,False,False,0,both,30,0,1,2
921,False,False,False,False,False,False,False,False,False,False,False,0,both,42,1,1,2
922,False,False,False,False,False,False,False,False,False,False,False,0,both,18,1,1,2
923,False,False,False,False,True,False,False,False,False,False,False,1,impression_only,48,3,1,2
925,False,False,False,False,False,False,False,False,False,False,False,0,both,30,0,1,2
926,False,False,False,False,False,False,True,False,False,False,False,1,both,28,1,3,2
927,False,False,False,False,False,False,False,False,False,False,False,0,both,36,0,1,2
928,False,False,False,False,False,False,True,False,False,False,False,1,both,17,0,50,2
929,False,False,False,False,False,False,False,False,False,False,False,0,both,38,2,1,2
930,False,False,False,False,False,False,False,False,False,False,False,0,both,20,2,1,3
931,False,False,False,False,False,False,True,False,False,False,False,1,both,22,0,15,2
932,False,False,False,False,False,False,True,False,False,False,False,1,both,28,2,4,3
933,False,False,False,False,False,False,False,False,False,False,False,0,both,19,1,1,2
934,False,False,False,False,False,False,False,False,False,False,False,0,both,67,4,1,2
935,False,False,False,False,True,False,True,False,False,False,False,2,impression_only,19,2,8,2
936,False,False,False,False,False,False,True,False,False,False,False,1,both,17,0,50,1
937,False,False,False,False,False,False,False,False,False,False,False,0,both,30,0,1,2
938,False,False,False,False,False,False,False,False,False,False,False,0,both,25,0,1,2
939,False,False,False,False,False,False,True,False,False,False,False,1,both,26,0,14,2
940,False,False,False,False,False,False,False,False,False,False,False,0,both,28,0,1,2
941,False,False,False,False,False,False,False,False,False,False,False,0,both,48,1,1,2
942,False,False,False,False,False,False,False,False,False,False,False,0,both,38,0,1,2
943,False,False,False,False,False,False,True,False,False,False,False,1,both,22,0,3,2
944,False,False,False,False,False,False,False,False,False,False,False,0,both,37,0,1,2
945,False,False,False,False,False,False,False,False,False,False,False,0,both,37,1,1,2
946,False,False,False,False,False,False,True,False,False,False,False,1,both,34,0,5,2
947,False,False,False,False,False,False,False,False,False,False,False,0,both,33,0,1,2
948,False,False,False,False,False,False,False,False,False,False,False,0,both,20,0,1,2
949,False,False,False,False,False,False,False,False,False,False,False,0,both,99,3,1,1
950,False,False,False,False,False,False,False,False,False,False,False,0,both,28,0,1,2
951,False,False,False,False,False,False,True,False,False,False,False,1,both,12,0,2,2
952,False,False,False,False,False,False,False,False,False,False,False,0,both,56,4,1,2
953,False,False,False,False,False,False,False,False,False,False,False,0,both,31,0,1,1
954,False,False,False,False,True,False,False,False,False,False,False,1,impression_only,47,2,1,1
955,False,False,False,False,False,False,False,False,False,False,False,0,both,53,1,1,2
956,False,False,False,False,False,False,False,False,False,False,False,0,both,32,1,1,1
957,False,False,False,False,False,False,False,False,False,False,False,0,both,49,3,1,2
958,False,False,False,False,False,False,True,False,False,False,False,1,both,34,0,41,2
959,False,False,False,False,False,False,False,False,False,False,False,0,both,36,0,1,2
960,False,False,False,False,False,False,False,False,False,False,False,0,both,45,1,1,2
961,False,False,False,False,False,False,False,False,False,False,False,0,both,55,3,1,2
962,False,False,False,False,False,False,True,False,False,False,False,1,both,26,0,14,2
963,False,False,False,False,False,False,True,False,False,False,False,1,both,40,1,2,2
964,False,False,False,False,False,False,False,False,False,False,False,0,both,24,1,1,2
965,False,False,False,False,False,False,False,False,False,False,False,0,both,38,2,1,2
966,False,False,False,False,True,False,False,False,False,False,False,1,impression_only,61,2,1,2
967,False,False,False,False,False,False,False,False,False,False,False,0,both,20,0,1,2
968,False,False,False,False,False,False,True,False,False,False,False,1,both,26,0,8,2
969,False,False,False,False,False,False,False,False,False,False,False,0,both,40,0,1,2
970,False,False,False,False,False,False,True,False,False,False,False,1,both,29,1,6,2
971,False,False,False,False,False,False,False,False,False,False,False,0,both,23,0,1,2
972,False,False,False,False,True,False,False,False,False,False,False,1,impression_only,37,2,1,2
973,False,False,False,False,True,False,False,False,False,False,False,1,impression_only,93,2,1,2
974,False,False,False,False,False,False,False,False,False,False,False,0,both,42,1,1,3
975,False,False,False,False,False,False,False,False,False,False,False,0,both,35,0,1,2
976,False,False,False,False,False,False,False,False,False,False,False,0,both,33,0,1,2
977,False,False,False,False,False,False,True,False,False,False,False,1,both,26,0,16,2
978,False,False,False,False,False,False,False,False,False,False,False,0,both,47,2,1,1
979,False,False,False,False,False,False,False,False,False,False,False,0,both,37,0,1,2
980,False,False,False,False,False,False,True,False,False,False,False,1,both,35,0,12,2
981,False,False,False,False,True,False,False,False,False,False,False,1,impression_only,9,0,1,1
982,False,False,False,False,False,False,False,False,False,False,False,0,both,26,0,1,2
983,False,False,False,False,False,False,False,False,False,False,False,0,both,64,4,1,2
984,False,False,False,False,False,False,False,False,False,False,False,0,both,55,1,1,3
985,False,False,False,False,True,False,True,False,False,False,False,2,impression_only,8,0,7,1
986,False,False,False,False,False,False,True,False,False,False,False,1,both,27,0,2,2
987,False,False,False,False,False,False,True,False,False,False,False,1,both,23,2,51,1
988,False,False,False,False,False,False,False,False,False,False,False,0,both,17,0,1,2
989,False,False,False,False,False,False,False,False,False,False,False,0,both,16,0,1,2
990,False,False,False,False,False,False,False,False,False,False,False,0,both,17,0,1,2
991,False,False,False,False,False,False,False,False,False,False,False,0,both,48,1,1,2
992,False,False,False,True,False,False,False,False,False,False,False,1,both,150,4,1,2
993,False,False,False,False,False,False,True,False,False,False,False,1,both,24,1,6,2
994,False,False,False,False,False,False,True,False,False,False,False,1,both,19,0,14,2
995,False,False,False,False,False,False,False,False,False,False,False,0,both,31,1,1,2
996,False,False,False,False,True,False,False,False,False,False,False,1,impression_only,13,0,1,2
997,False,False,False,False,False,False,False,False,False,False,False,0,both,29,1,1,2
998,False,False,False,False,False,False,False,False,False,False,False,0,both,39,0,1,2
999,False,False,False,False,False,False,True,False,False,False,False,1,both,26,1,9,3
1000,False,False,False,False,False,False,False,False,False,False,False,0,both,94,4,1,3
1001,False,False,False,False,False,False,False,False,False,False,False,0,both,22,1,1,2
1002,False,False,False,False,True,False,False,False,False,False,False,1,impression_only,10,0,1,2
1003,False,False,False,False,False,False,False,False,False,False,False,0,both,89,1,1,1
1004,False,False,False,False,False,False,False,False,False,False,False,0,both,58,2,1,2
1005,False,False,False,False,False,False,True,False,False,False,False,1,both,19,0,11,2
1006,False,False,False,False,False,False,False,False,False,False,False,0,both,37,1,1,2
1007,False,False,False,False,False,False,False,False,False,False,False,0,both,45,0,1,3
1008,False,False,False,False,False,False,True,False,False,False,False,1,both,30,0,3,2
1009,False,False,False,False,False,False,True,False,False,False,False,1,both,28,0,3,2
1010,False,False,False,False,False,False,True,False,False,False,False,1,both,19,1,10,2
1011,False,False,False,False,False,False,False,False,False,False,False,0,both,18,0,1,2
1012,False,False,False,False,False,False,False,False,False,False,False,0,both,36,3,1,1
1013,False,False,False,False,False,False,False,False,False,False,False,0,both,26,0,1,2
1014,False,False,False,False,True,False,False,False,False,False,False,1,impression_only,22,2,1,2
1015,False,False,False,False,False,False,False,False,False,False,False,0,both,53,1,1,4
1016,False,False,False,False,True,False,False,False,False,False,False,1,impression_only,89,6,1,2
1017,False,False,False,False,False,False,False,False,False,False,False,0,both,29,1,1,2
1018,False,False,False,False,False,False,False,False,False,False,False,0,both,38,0,1,2
1019,False,False,False,False,False,False,False,False,False,False,False,0,both,58,1,1,2
1020,False,False,False,False,False,False,False,False,False,False,False,0,both,17,0,1,2
1021,False,False,False,False,True,False,False,False,False,False,False,1,impression_only,19,1,1,2
1022,False,False,False,False,False,False,False,False,False,False,False,0,both,33,2,1,2
1023,False,False,False,False,False,False,True,False,False,False,False,1,both,44,1,2,2
1024,False,False,False,False,False,False,True,False,False,False,False,1,both,33,0,5,1
1025,False,False,False,False,False,False,False,False,False,False,False,0,both,27,1,1,2
1026,False,False,False,False,False,False,False,False,False,False,False,0,both,24,1,1,1
1027,False,False,False,False,False,False,False,False,False,False,False,0,both,56,0,1,2
1028,False,False,False,False,False,False,False,False,False,False,False,0,both,22,1,1,2
1029,False,False,False,False,True,False,False,False,False,False,False,1,impression_only,6,0,1,1
1030,False,False,False,False,False,False,False,False,False,False,False,0,both,43,1,1,2
1031,False,False,False,False,True,False,False,False,False,False,False,1,impression_only,37,1,1,1
1032,False,False,False,False,False,False,False,False,False,False,False,0,both,53,1,1,2
1033,False,False,False,False,False,False,False,False,False,False,False,0,both,38,0,1,2
1034,False,False,False,False,False,False,False,False,False,False,False,0,both,34,2,1,2
1035,False,False,False,False,False,False,False,False,False,False,False,0,both,82,3,1,2
1036,False,False,False,False,False,False,False,False,False,False,False,0,both,35,0,1,1
1037,False,False,False,False,False,False,False,False,False,False,False,0,both,41,1,1,2
1038,False,False,False,False,True,False,True,False,False,False,False,2,impression_only,6,0,3,2
1039,False,False,False,False,False,False,False,False,False,False,False,0,both,16,0,1,1
1040,False,False,False,False,True,False,False,False,False,False,False,1,impression_only,63,0,1,2
1041,False,False,False,False,False,False,False,False,False,False,False,0,both,40,1,1,2
1042,False,False,False,False,False,False,True,False,False,False,False,1,both,35,0,8,2
1043,False,False,False,False,False,False,False,False,False,False,False,0,both,60,2,1,2
1044,False,False,False,False,False,False,False,False,False,False,False,0,both,50,0,1,2
1045,False,False,False,False,False,False,False,False,False,False,False,0,both,40,0,1,2
1046,False,False,False,False,False,False,True,False,False,False,False,1,both,18,0,4,2
1047,False,False,False,False,False,False,True,False,False,False,False,1,both,34,0,41,2
1048,False,False,False,False,False,False,False,False,False,False,False,0,both,44,0,1,2
1049,False,False,False,False,True,False,True,False,False,False,False,2,impression_only,17,2,5,2
1050,False,False,False,False,False,False,False,False,False,False,False,0,both,53,2,1,2
1051,False,False,False,False,False,False,True,False,False,False,False,1,both,23,0,4,2
1052,False,False,False,False,False,False,False,False,False,False,False,0,both,37,1,1,2
1053,False,False,False,False,False,False,False,False,False,False,False,0,both,56,1,1,2
1054,False,False,False,False,False,False,False,False,False,False,False,0,both,27,0,1,2
1055,False,False,False,False,False,False,True,False,False,False,False,1,both,26,0,16,2
1056,False,False,False,False,False,False,False,False,False,False,False,0,both,44,0,1,3
1057,False,False,False,False,False,False,False,False,False,False,False,0,both,36,0,1,2
1058,False,False,False,False,False,False,False,False,False,False,False,0,both,48,0,1,2
1059,False,False,False,False,False,False,False,False,False,False,False,0,both,22,0,1,1
1060,False,False,False,False,False,False,False,False,False,False,False,0,both,18,0,1,2
1061,False,False,False,False,False,False,False,False,False,False,False,0,both,51,2,1,2
1062,False,False,False,False,False,False,False,False,False,False,False,0,both,48,3,1,1
1063,False,False,False,False,False,False,False,False,False,False,False,0,both,31,2,1,2
1064,False,False,False,False,False,False,False,False,False,False,False,0,both,39,1,1,1
1065,False,False,False,False,False,False,False,False,False,False,False,0,both,56,2,1,2
1066,False,False,False,False,True,False,False,False,False,False,False,1,impression_only,12,0,1,2
1067,False,False,False,False,False,False,False,False,False,False,False,0,both,32,0,1,2
1069,False,False,False,False,False,False,False,False,False,False,False,0,both,34,0,1,1
1070,False,False,False,False,False,False,False,False,False,False,False,0,both,97,6,1,2
1071,False,False,False,False,False,False,False,False,False,False,False,0,both,46,0,1,1
1072,False,False,False,False,False,False,False,False,False,False,False,0,both,52,0,1,2
1073,False,False,False,False,False,False,False,False,False,False,False,0,both,54,0,1,2
1074,False,False,False,False,False,False,False,False,False,False,False,0,both,39,1,1,2
1075,False,False,False,True,False,False,False,False,False,False,False,1,both,153,3,1,2
1076,False,False,False,False,False,False,False,False,False,False,False,0,both,65,0,1,2
1077,False,False,False,False,False,False,True,False,False,False,False,1,both,23,2,51,2
1078,False,False,False,False,False,False,True,False,False,False,False,1,both,26,0,14,2
1079,False,False,False,False,False,False,False,False,False,False,False,0,both,57,0,1,2
1081,False,False,False,False,False,False,False,False,False,False,False,0,both,32,0,1,1
1082,False,False,False,False,False,False,False,False,False,False,False,0,both,27,0,1,1
1083,False,False,False,False,False,False,False,False,False,False,False,0,both,50,1,1,2
1084,False,False,False,False,False,True,False,False,False,False,False,1,findings_only,32,0,1,2
1085,False,False,False,False,False,False,False,False,False,False,False,0,both,58,1,1,2
1086,False,False,False,False,False,False,False,False,False,False,False,0,both,51,1,1,2
1087,False,False,False,False,False,False,False,False,False,False,False,0,both,44,1,1,2
1088,False,False,False,False,False,False,False,False,False,False,False,0,both,33,0,1,2
1089,False,False,False,False,False,False,False,False,False,False,False,0,both,51,0,1,2
1090,False,False,False,False,True,False,True,False,False,False,False,2,impression_only,9,0,7,2
1091,False,False,False,False,False,False,True,False,False,False,False,1,both,23,2,51,2
1092,False,False,False,False,False,False,True,False,False,False,False,1,both,18,3,4,2
1093,False,False,False,False,False,False,True,False,False,False,False,1,both,31,0,13,2
1094,False,False,False,False,False,False,False,False,False,False,False,0,both,38,2,1,2
1095,False,False,False,False,False,False,False,False,False,False,False,0,both,98,3,1,1
1096,False,False,False,False,False,False,False,False,False,False,False,0,both,24,0,1,1
1097,False,False,False,False,False,False,False,False,False,False,False,0,both,64,1,1,2
1098,False,False,False,False,False,False,False,False,False,False,False,0,both,39,0,1,1
1099,False,False,False,False,False,False,False,False,False,False,False,0,both,30,1,1,2
1100,False,False,False,False,False,False,False,False,False,False,False,0,both,29,2,1,2
1101,False,False,False,False,False,False,False,False,False,False,False,0,both,39,1,1,3
1102,False,False,False,False,False,False,False,False,False,False,False,0,both,57,1,1,4
1103,False,False,False,False,False,False,False,False,False,False,False,0,both,54,0,1,2
1104,False,False,False,False,True,False,False,False,False,False,False,1,impression_only,14,0,1,3
1105,False,False,False,False,False,False,False,False,False,False,False,0,both,45,2,1,2
1106,False,False,False,False,True,False,False,False,False,False,False,1,impression_only,46,1,1,2
1107,False,False,False,False,True,False,False,False,False,False,False,1,impression_only,44,0,1,1
1108,False,False,False,False,False,False,False,False,False,False,False,0,both,19,0,1,2
1109,False,False,False,False,False,False,True,False,False,False,False,1,both,35,0,12,2
1110,False,False,False,False,False,False,False,False,False,False,False,0,both,41,1,1,2
1111,False,False,False,False,False,False,False,False,False,False,False,0,both,53,1,1,2
1112,False,False,False,False,False,False,False,False,False,False,False,0,both,86,2,1,2
1113,False,False,False,False,False,False,False,False,False,False,False,0,both,52,1,1,2
1114,False,False,False,False,False,False,True,False,False,False,False,1,both,17,0,50,2
1115,False,False,False,False,False,False,False,False,False,False,False,0,both,25,0,1,1
1116,False,False,False,False,False,False,False,False,False,False,False,0,both,43,2,1,2
1117,False,False,False,False,False,False,False,False,False,False,False,0,both,65,0,1,2
1118,False,False,False,False,False,False,True,False,False,False,False,1,both,22,0,15,2
1119,False,False,False,False,False,False,False,False,False,False,False,0,both,32,1,1,2
1120,False,False,False,False,False,False,False,False,False,False,False,0,both,38,0,1,1
1121,False,False,False,False,False,False,False,False,False,False,False,0,both,37,0,1,2
1122,False,False,False,False,False,False,False,False,False,False,False,0,both,30,0,1,3
1123,False,False,False,False,False,False,False,False,False,False,False,0,both,60,4,1,2
1124,False,False,False,False,False,False,False,False,False,False,False,0,both,55,0,1,2
1125,False,False,False,False,False,False,False,False,False,False,False,0,both,48,1,1,2
1126,False,False,False,False,False,False,False,False,False,False,False,0,both,83,5,1,2
1128,False,False,False,False,True,False,False,False,False,False,False,1,impression_only,28,1,1,2
1129,False,False,False,False,False,False,False,False,False,False,False,0,both,61,2,1,1
1130,False,False,False,False,False,False,False,False,False,False,False,0,both,80,1,1,2
1131,False,False,False,False,False,False,False,False,False,False,False,0,both,40,0,1,2
1133,False,False,False,False,False,False,False,False,False,False,False,0,both,34,1,1,2
1134,False,False,False,False,False,False,False,False,False,False,False,0,both,41,2,1,2
1135,False,False,False,False,False,False,False,False,False,False,False,0,both,29,4,1,2
1136,False,False,False,False,False,False,True,False,False,False,False,1,both,26,0,9,2
1137,True,False,False,False,True,True,False,False,False,False,False,3,neither,0,0,0,2
1138,False,False,False,False,False,False,False,False,False,False,False,0,both,23,0,1,2
1139,False,False,False,False,False,False,False,False,False,False,False,0,both,28,1,1,2
1140,False,False,False,False,True,False,False,False,False,False,False,1,impression_only,26,0,1,2
1141,False,False,False,False,False,False,True,False,False,False,False,1,both,13,0,32,2
1142,True,False,False,False,True,True,False,False,False,False,False,3,neither,0,0,0,2
1143,False,False,False,False,True,False,False,False,False,False,False,1,impression_only,40,1,1,2
1144,False,False,False,False,False,False,True,False,False,False,False,1,both,34,0,25,2
1145,False,False,False,False,False,False,False,False,False,False,False,0,both,40,0,1,2
1146,False,False,False,False,False,False,False,False,False,False,False,0,both,37,0,1,2
1147,True,False,False,False,True,True,False,False,False,False,False,3,neither,0,0,0,1
1148,False,False,False,False,False,False,True,False,False,False,False,1,both,19,1,10,2
1149,False,False,False,False,False,False,False,False,False,False,False,0,both,30,0,1,2
1150,False,False,False,False,False,False,True,False,False,False,False,1,both,23,2,51,1
1151,False,False,False,False,False,False,False,False,False,False,False,0,both,36,1,1,2
1152,False,False,False,False,False,False,False,False,False,False,False,0,both,39,0,1,2
1153,False,False,False,False,False,False,False,False,False,False,False,0,both,30,2,1,2
1154,False,False,False,False,False,False,False,False,False,False,False,0,both,33,1,1,2
1155,False,False,False,False,False,False,False,False,False,False,False,0,both,25,2,1,1
1156,False,False,False,False,True,False,False,False,False,False,False,1,impression_only,27,0,1,2
1157,False,False,False,False,False,False,False,False,False,False,False,0,both,47,1,1,2
1158,False,False,False,False,False,False,False,False,False,False,False,0,both,29,1,1,2
1159,False,False,False,False,False,False,True,False,False,False,False,1,both,26,0,9,1
1160,False,False,False,False,False,False,False,False,False,False,False,0,both,72,0,1,2
1161,False,False,False,False,False,False,True,False,False,False,False,1,both,34,0,25,2
1162,False,False,False,False,True,False,True,False,False,False,False,2,impression_only,18,1,16,2
1163,False,False,False,False,False,False,False,False,False,False,False,0,both,39,0,1,2
1164,False,False,False,False,True,False,False,False,False,False,False,1,impression_only,25,0,1,2
1165,False,False,False,False,False,False,True,False,False,False,False,1,both,40,1,4,1
1166,False,False,False,False,False,False,False,False,False,False,False,0,both,37,1,1,2
1167,False,False,False,False,False,False,False,False,False,False,False,0,both,63,2,1,2
1168,False,False,False,False,False,False,True,False,False,False,False,1,both,13,0,32,2
1169,False,False,False,False,False,False,False,False,False,False,False,0,both,94,2,1,1
1170,False,False,False,False,False,False,False,False,False,False,False,0,both,20,0,1,3
1171,False,False,False,False,False,False,False,False,False,False,False,0,both,30,0,1,2
1172,False,False,False,False,False,False,True,False,False,False,False,1,both,34,0,25,1
1173,False,False,False,False,False,False,False,False,False,False,False,0,both,68,3,1,2
1174,False,False,False,False,False,False,False,False,False,False,False,0,both,33,2,1,2
1175,False,False,False,False,False,False,True,False,False,False,False,1,both,13,0,32,2
1176,False,False,False,False,False,False,True,False,False,False,False,1,both,23,0,15,2
1177,False,False,False,False,False,False,False,False,False,False,False,0,both,20,0,1,2
1178,False,False,False,False,False,False,False,False,False,False,False,0,both,15,0,1,2
1179,False,False,False,False,False,False,False,False,False,False,False,0,both,68,0,1,2
1180,False,False,False,False,False,False,False,False,False,False,False,0,both,52,0,1,2
1182,False,False,False,False,False,False,False,False,False,False,False,0,both,21,0,1,2
1183,False,False,False,False,True,False,False,False,False,False,False,1,impression_only,45,0,1,2
1184,False,False,False,False,False,False,False,False,False,False,False,0,both,39,0,1,2
1187,False,False,False,False,False,False,False,False,False,False,False,0,both,57,1,1,2
1188,False,False,False,False,False,False,True,False,False,False,False,1,both,13,0,32,2
1189,False,False,False,False,False,False,False,False,False,False,False,0,both,52,0,1,2
1190,False,False,False,False,False,False,True,False,False,False,False,1,both,13,0,32,3
1191,False,False,False,False,False,False,True,False,False,False,False,1,both,32,0,2,2
1192,False,False,False,False,False,False,True,False,False,False,False,1,both,35,0,12,2
1193,False,False,False,False,False,False,False,False,False,False,False,0,both,40,1,1,2
1194,False,False,False,False,True,False,False,False,False,False,False,1,impression_only,56,1,1,1
1195,False,False,False,False,False,False,False,False,False,False,False,0,both,38,0,1,2
1196,False,False,False,False,False,False,False,False,False,False,False,0,both,48,2,1,2
1197,False,False,False,False,False,False,False,False,False,False,False,0,both,43,3,1,2
1198,False,False,False,False,True,False,False,False,False,False,False,1,impression_only,31,0,1,2
1199,False,False,False,False,False,False,False,False,False,False,False,0,both,33,0,1,2
1200,False,False,False,False,False,False,False,False,False,False,False,0,both,60,3,1,2
1202,False,False,False,False,False,False,False,False,False,False,False,0,both,17,1,1,2
1203,False,False,False,False,False,False,False,False,False,False,False,0,both,44,2,1,2
1204,False,False,False,False,False,False,False,False,False,False,False,0,both,42,1,1,2
1205,False,False,False,False,False,False,False,False,False,False,False,0,both,13,0,1,2
1206,False,False,False,False,True,False,True,False,False,False,False,2,impression_only,19,2,8,2
1207,False,False,False,False,False,False,False,False,False,False,False,0,both,28,1,1,2
1208,False,False,False,False,False,False,False,False,False,False,False,0,both,35,0,1,3
1209,False,False,False,False,False,False,True,False,False,False,False,1,both,34,0,41,2
1210,False,False,False,False,False,False,False,False,False,False,False,0,both,59,3,1,2
1211,False,False,False,False,False,False,False,False,False,False,False,0,both,24,1,1,2
1212,False,False,False,False,False,False,True,False,False,False,False,1,both,17,0,50,2
1213,False,False,False,False,False,False,True,False,False,False,False,1,both,44,0,2,2
1214,False,False,False,False,False,False,False,False,False,False,False,0,both,50,2,1,2
1216,False,False,False,False,False,False,False,False,False,False,False,0,both,45,2,1,1
1217,False,False,False,False,False,False,False,False,False,False,False,0,both,26,1,1,2
1218,False,False,False,False,False,False,True,False,False,False,False,1,both,30,0,4,2
1219,False,False,False,False,False,False,True,False,False,False,False,1,both,30,0,3,2
1220,False,False,False,False,False,False,False,False,False,False,False,0,both,72,1,1,3
1221,False,False,False,False,False,False,True,False,False,False,False,1,both,26,2,3,2
1222,False,False,False,False,False,False,True,False,False,False,False,1,both,23,2,51,2
1223,False,False,False,False,False,False,False,False,False,False,False,0,both,44,2,1,2
1224,False,False,False,False,False,False,True,False,False,False,False,1,both,23,2,51,1
1225,False,False,False,False,False,False,False,False,False,False,False,0,both,27,0,1,2
1226,False,False,False,False,False,False,False,False,False,False,False,0,both,42,0,1,2
1228,False,False,False,False,True,False,False,False,False,False,False,1,impression_only,33,0,1,3
1229,False,False,False,False,False,False,False,False,False,False,False,0,both,37,0,1,2
1230,False,False,False,False,True,False,False,False,False,False,False,1,impression_only,41,1,1,3
1231,False,False,False,False,False,False,False,False,False,False,False,0,both,27,0,1,2
1232,False,False,False,False,False,False,False,False,False,False,False,0,both,40,1,1,2
1233,False,False,False,False,False,False,False,False,False,False,False,0,both,37,2,1,2
1234,False,False,False,False,False,False,False,False,False,False,False,0,both,66,3,1,2
1235,False,False,False,False,False,False,False,False,False,False,False,0,both,22,2,1,2
1236,False,False,False,False,False,False,True,False,False,False,False,1,both,35,0,25,2
1237,False,False,False,False,False,False,False,False,False,False,False,0,both,59,2,1,2
1238,False,False,False,False,False,False,True,False,False,False,False,1,both,31,0,13,1
1239,False,False,False,False,True,False,False,False,False,False,False,1,impression_only,13,0,1,2
1240,False,False,False,False,False,False,False,False,False,False,False,0,both,93,0,1,2
1241,False,False,False,False,False,False,False,False,False,False,False,0,both,44,0,1,1
1242,False,False,False,False,False,False,False,False,False,False,False,0,both,53,2,1,2
1243,False,False,False,False,False,False,False,False,False,False,False,0,both,53,3,1,3
1244,False,False,False,False,False,False,False,False,False,False,False,0,both,41,0,1,2
1245,False,False,False,False,True,False,False,False,False,False,False,1,impression_only,24,0,1,2
1246,False,False,False,False,False,False,False,False,False,False,False,0,both,27,1,1,2
1248,False,False,False,False,False,False,False,False,False,False,False,0,both,25,0,1,2
1249,False,False,False,False,False,False,False,False,False,False,False,0,both,49,1,1,2
1250,False,False,False,False,False,False,False,False,False,False,False,0,both,40,1,1,2
1252,False,False,False,False,True,False,False,False,False,False,False,1,impression_only,15,0,1,2
1253,False,False,False,False,False,False,False,False,False,False,False,0,both,29,0,1,2
1254,False,False,False,False,False,False,True,False,False,False,False,1,both,35,0,25,2
1255,False,False,False,False,False,False,False,False,False,False,False,0,both,63,4,1,2
1256,False,False,False,False,False,False,False,False,False,False,False,0,both,42,1,1,2
1257,False,False,False,False,False,False,False,False,False,False,False,0,both,66,4,1,2
1258,False,False,False,False,False,False,True,False,False,False,False,1,both,23,2,51,1
1259,False,False,False,False,False,False,True,False,False,False,False,1,both,17,0,50,2
1260,False,False,False,False,True,False,True,False,False,False,False,2,impression_only,26,0,9,3
1261,False,False,False,False,False,False,False,False,False,False,False,0,both,19,0,1,2
1262,False,False,False,False,False,False,False,False,False,False,False,0,both,40,0,1,3
1263,False,False,False,False,False,False,True,False,False,False,False,1,both,19,0,11,2
1264,False,False,False,False,False,False,True,False,False,False,False,1,both,35,0,25,2
1265,False,False,False,False,False,False,False,False,False,False,False,0,both,88,7,1,2
1266,False,False,False,False,False,False,False,False,False,False,False,0,both,18,0,1,2
1267,False,False,False,False,False,False,False,False,False,False,False,0,both,25,0,1,2
1268,False,False,False,False,False,False,False,False,False,False,False,0,both,52,0,1,2
1269,False,False,False,False,False,False,False,False,False,False,False,0,both,26,0,1,2
1270,False,False,False,False,False,False,True,False,False,False,False,1,both,35,0,10,2
1271,False,False,False,False,False,False,False,False,False,False,False,0,both,36,1,1,2
1272,False,False,False,False,False,False,False,False,False,False,False,0,both,37,1,1,2
1273,False,False,False,False,False,False,False,False,False,False,False,0,both,32,0,1,2
1274,False,False,False,False,False,False,True,False,False,False,False,1,both,31,0,6,2
1275,False,False,False,False,True,False,False,False,False,False,False,1,impression_only,70,2,1,1
1276,False,False,False,False,False,False,False,False,False,False,False,0,both,36,1,1,3
1277,False,False,False,False,False,False,False,False,False,False,False,0,both,47,1,1,2
1278,False,False,False,False,False,False,True,False,False,False,False,1,both,17,0,50,2
1279,False,False,False,False,False,False,False,False,False,False,False,0,both,48,0,1,1
1280,False,False,False,False,False,False,False,False,False,False,False,0,both,36,1,1,2
1281,False,False,False,False,False,False,False,False,False,False,False,0,both,28,0,1,1
1282,False,False,False,False,False,False,False,False,False,False,False,0,both,37,0,1,2
1283,False,False,False,False,False,False,False,False,False,False,False,0,both,45,2,1,1
1284,False,False,False,False,False,False,False,False,False,False,False,0,both,59,4,1,1
1285,False,False,False,False,False,False,False,False,False,False,False,0,both,52,0,1,3
1286,False,False,False,False,True,False,False,False,False,False,False,1,impression_only,31,1,1,1
1287,False,False,False,False,False,False,False,False,False,False,False,0,both,38,0,1,2
1288,False,False,False,False,False,False,False,False,False,False,False,0,both,55,2,1,2
1289,False,False,False,False,False,False,False,False,False,False,False,0,both,33,3,1,2
1290,False,False,False,False,False,False,False,False,False,False,False,0,both,61,1,1,1
1291,False,False,False,False,False,False,False,False,False,False,False,0,both,25,0,1,2
1292,False,False,False,False,False,False,False,False,False,False,False,0,both,76,2,1,2
1293,True,False,False,False,True,True,False,False,False,False,False,3,neither,0,0,0,1
1294,False,False,False,False,False,False,False,False,False,False,False,0,both,27,0,1,2
1295,False,False,False,False,False,False,False,False,False,False,False,0,both,44,0,1,2
1296,False,False,False,False,True,False,True,False,False,False,False,2,impression_only,18,1,16,2
1297,True,False,False,False,True,True,False,False,False,False,False,3,neither,0,0,0,2
1300,False,False,False,False,False,False,False,False,False,False,False,0,both,36,1,1,1
1301,False,False,False,False,False,False,False,False,False,False,False,0,both,35,0,1,2
1302,False,False,False,False,False,False,False,False,False,False,False,0,both,38,0,1,2
1303,False,False,False,False,False,False,False,False,False,False,False,0,both,99,3,1,5
1304,False,False,False,False,False,False,True,False,False,False,False,1,both,20,1,39,2
1305,False,False,False,False,False,False,True,False,False,False,False,1,both,13,0,32,2
1306,False,False,False,False,False,False,False,False,False,False,False,0,both,58,2,1,2
1307,False,False,False,False,False,False,False,False,False,False,False,0,both,77,4,1,1
1308,False,False,False,False,False,False,True,False,False,False,False,1,both,20,1,3,2
1309,False,False,False,False,False,False,True,False,False,False,False,1,both,35,0,25,2
1310,False,False,False,False,False,False,True,False,False,False,False,1,both,34,0,4,2
1311,False,False,False,False,False,False,False,False,False,False,False,0,both,43,0,1,2
1312,False,False,False,False,True,False,False,False,False,False,False,1,impression_only,11,0,1,1
1313,False,False,False,False,False,False,False,False,False,False,False,0,both,48,1,1,1
1314,False,False,False,False,False,False,False,False,False,False,False,0,both,32,0,1,2
1315,False,False,False,False,False,False,True,False,False,False,False,1,both,18,0,2,2
1316,False,False,True,False,True,False,True,False,False,False,False,3,impression_only,5,0,4,2
1317,False,False,False,False,False,False,False,False,False,False,False,0,both,48,1,1,2
1318,False,False,False,False,False,False,False,False,False,False,False,0,both,25,0,1,2
1319,False,False,False,False,False,False,True,False,False,False,False,1,both,30,0,7,2
1320,False,False,False,False,False,False,False,False,False,False,False,0,both,54,0,1,2
1321,False,False,False,False,True,False,False,False,False,False,False,1,impression_only,18,0,1,2
1322,False,False,False,False,False,False,True,False,False,False,False,1,both,23,1,2,1
1323,False,False,False,False,False,False,True,False,False,False,False,1,both,29,1,8,2
1324,False,False,False,False,False,False,False,False,False,False,False,0,both,37,0,1,2
1326,False,False,False,False,True,False,False,False,False,False,False,1,impression_only,68,2,1,2
1327,False,False,False,False,False,False,False,False,False,False,False,0,both,37,0,1,2
1328,False,False,False,False,False,False,False,False,False,False,False,0,both,49,1,1,1
1329,False,False,False,False,False,False,False,False,False,False,False,0,both,90,5,1,2
1330,False,False,False,False,False,False,False,False,False,False,False,0,both,28,0,1,2
1331,False,False,False,False,False,False,False,False,False,False,False,0,both,44,3,1,1
1332,False,False,False,False,True,False,False,False,False,False,False,1,impression_only,28,1,1,2
1333,False,False,False,False,False,False,False,False,False,False,False,0,both,53,0,1,2
1334,False,False,False,False,False,False,True,False,False,False,False,1,both,19,0,8,2
1335,False,False,False,False,False,False,True,False,False,False,False,1,both,37,3,5,2
1336,False,False,False,False,False,False,False,False,False,False,False,0,both,29,1,1,1
1337,False,False,False,False,True,False,False,False,False,False,False,1,impression_only,54,1,1,2
1338,False,False,False,False,False,False,True,False,False,False,False,1,both,23,2,51,1
1339,False,False,False,False,False,False,False,False,False,False,False,0,both,31,0,1,2
1340,False,False,False,False,False,False,False,False,False,False,False,0,both,15,0,1,2
1341,False,False,False,False,False,False,False,False,False,False,False,0,both,45,1,1,2
1342,False,False,False,False,False,False,False,False,False,False,False,0,both,33,1,1,2
1343,False,False,False,False,False,False,False,False,False,False,False,0,both,42,1,1,2
1344,False,False,False,False,False,False,True,False,False,False,False,1,both,19,0,8,2
1345,False,False,False,False,False,False,True,False,False,False,False,1,both,20,1,39,2
1346,False,False,False,False,False,False,False,False,False,False,False,0,both,52,2,1,3
1347,False,False,False,False,False,False,True,False,False,False,False,1,both,27,0,5,2
1348,False,False,False,False,False,False,False,False,False,False,False,0,both,97,5,1,2
1349,False,False,False,False,False,False,False,False,False,False,False,0,both,35,0,1,2
1350,False,False,False,False,False,False,False,False,False,False,False,0,both,100,6,1,2
1351,False,False,False,False,True,False,False,False,False,False,False,1,impression_only,21,0,1,2
1352,False,False,False,False,False,False,False,False,False,False,False,0,both,47,2,1,2
1353,False,False,False,False,False,False,False,False,False,False,False,0,both,49,0,1,2
1354,False,False,False,False,False,False,False,False,False,False,False,0,both,34,0,1,2
1355,False,False,False,False,False,False,False,False,False,False,False,0,both,56,3,1,2
1356,False,False,False,False,False,False,False,False,False,False,False,0,both,25,2,1,2
1357,False,False,False,False,False,False,False,False,False,False,False,0,both,48,1,1,1
1358,False,False,False,False,False,False,False,False,False,False,False,0,both,40,0,1,3
1359,False,False,False,False,False,False,False,False,False,False,False,0,both,26,0,1,2
1360,False,False,False,False,False,False,False,False,False,False,False,0,both,27,2,1,2
1361,False,False,False,False,True,False,False,False,False,False,False,1,impression_only,59,6,1,2
1362,False,False,False,False,True,False,False,False,False,False,False,1,impression_only,44,2,1,2
1363,False,False,False,False,False,False,False,False,False,False,False,0,both,28,0,1,2
1364,False,False,False,False,False,False,True,False,False,False,False,1,both,34,0,25,2
1365,False,False,False,False,False,False,False,False,False,False,False,0,both,49,0,1,2
1366,False,False,False,False,False,False,True,False,False,False,False,1,both,14,1,5,2
1367,False,False,False,False,False,False,True,False,False,False,False,1,both,35,1,4,2
1368,False,False,False,False,False,False,True,False,False,False,False,1,both,17,0,50,2
1369,False,False,False,False,False,False,False,False,False,False,False,0,both,19,0,1,2
1370,False,False,False,False,False,False,False,False,False,False,False,0,both,48,1,1,2
1371,False,False,False,False,True,False,False,False,False,False,False,1,impression_only,48,2,1,2
1372,False,False,False,False,False,False,False,False,False,False,False,0,both,29,0,1,2
1373,False,False,False,False,False,False,True,False,False,False,False,1,both,36,0,4,2
1374,False,False,False,False,False,False,True,False,False,False,False,1,both,20,1,3,2
1375,False,False,False,False,True,False,False,False,False,False,False,1,impression_only,10,0,1,3
1376,False,False,False,False,False,False,False,False,False,False,False,0,both,36,0,1,2
1377,False,False,False,False,False,False,True,False,False,False,False,1,both,53,1,3,2
1378,False,False,False,False,False,False,False,False,False,False,False,0,both,31,0,1,2
1379,False,False,False,False,False,False,False,False,False,False,False,0,both,18,0,1,2
1380,False,False,False,False,False,False,True,False,False,False,False,1,both,27,0,21,2
1381,False,False,False,False,False,False,False,False,False,False,False,0,both,43,0,1,2
1382,False,False,False,False,False,False,True,False,False,False,False,1,both,35,0,10,2
1383,False,False,False,False,False,False,False,False,False,False,False,0,both,48,2,1,2
1384,False,False,False,False,False,False,True,False,False,False,False,1,both,32,1,2,2
1385,False,False,False,False,False,False,False,False,False,False,False,0,both,50,1,1,2
1386,False,False,False,False,False,False,False,False,False,False,False,0,both,91,2,1,2
1387,False,False,False,False,False,False,False,False,False,False,False,0,both,53,2,1,1
1388,False,False,False,False,False,False,False,False,False,False,False,0,both,26,2,1,2
1389,False,False,False,False,True,False,False,False,False,False,False,1,impression_only,16,0,1,3
1390,False,False,False,False,False,False,False,False,False,False,False,0,both,41,0,1,2
1391,False,False,False,False,False,False,False,False,False,False,False,0,both,30,0,1,2
1392,False,False,False,False,False,False,False,False,False,False,False,0,both,52,1,1,2
1393,False,False,False,False,False,False,False,False,False,False,False,0,both,63,3,1,2
1394,False,False,False,False,True,False,False,False,False,False,False,1,impression_only,38,0,1,2
1395,False,False,False,False,True,False,False,False,False,False,False,1,impression_only,21,2,1,2
1396,False,False,False,False,False,False,True,False,False,False,False,1,both,27,0,21,2
1397,False,False,False,False,True,False,False,False,False,False,False,1,impression_only,24,0,1,2
1398,False,False,False,False,False,False,False,False,False,False,False,0,both,45,0,1,1
1399,False,False,False,False,False,False,False,False,False,False,False,0,both,24,0,1,2
1400,False,False,False,False,False,False,True,False,False,False,False,1,both,17,0,50,2
1401,False,False,False,False,True,False,False,False,False,False,False,1,impression_only,17,1,1,2
1402,False,False,False,False,False,False,True,False,False,False,False,1,both,48,1,2,3
1403,False,False,False,False,False,False,False,False,False,False,False,0,both,33,2,1,2
1404,False,False,False,False,False,False,False,False,False,False,False,0,both,45,2,1,2
1405,False,False,False,False,False,False,False,False,False,False,False,0,both,49,0,1,2
1406,False,False,False,False,False,False,True,False,False,False,False,1,both,27,0,2,2
1407,False,False,False,False,False,False,False,False,False,False,False,0,both,23,0,1,2
1408,False,False,False,False,False,False,False,False,False,False,False,0,both,33,3,1,1
1409,False,False,False,False,False,False,False,False,False,False,False,0,both,23,0,1,2
1410,False,False,False,False,False,False,True,False,False,False,False,1,both,54,1,10,2
1411,False,False,False,False,False,False,False,False,False,False,False,0,both,32,0,1,2
1412,False,False,False,False,False,False,False,False,False,False,False,0,both,36,1,1,2
1413,False,False,False,False,False,False,False,False,False,False,False,0,both,31,0,1,2
1414,False,False,False,False,True,False,False,False,False,False,False,1,impression_only,12,0,1,2
1415,False,False,False,False,False,False,True,False,False,False,False,1,both,20,1,39,2
1416,False,False,False,False,False,False,False,False,False,False,False,0,both,78,3,1,2
1417,False,False,False,False,False,False,False,False,False,False,False,0,both,52,1,1,2
1418,False,False,False,False,True,False,True,False,False,False,False,2,impression_only,18,1,16,2
1419,False,False,False,False,False,False,False,False,False,False,False,0,both,33,0,1,2
1420,False,False,False,False,True,False,False,False,False,False,False,1,impression_only,45,1,1,3
1421,False,False,False,False,False,False,False,False,False,False,False,0,both,58,1,1,1
1422,False,False,False,False,False,False,False,False,False,False,False,0,both,67,2,1,2
1423,False,False,False,False,False,False,False,False,False,False,False,0,both,28,0,1,2
1424,False,False,False,False,False,False,True,False,False,False,False,1,both,31,0,13,2
1425,False,False,False,False,False,False,True,False,False,False,False,1,both,34,0,41,2
1426,False,False,False,False,True,False,False,False,False,False,False,1,impression_only,20,2,1,2
1427,False,False,False,False,False,False,False,False,False,False,False,0,both,33,1,1,1
1428,False,False,False,False,False,False,False,False,False,False,False,0,both,25,0,1,2
1429,False,False,False,False,False,False,False,False,False,False,False,0,both,25,0,1,2
1430,False,False,False,False,False,False,False,False,False,False,False,0,both,41,6,1,1
1431,False,False,False,False,False,False,True,False,False,False,False,1,both,34,0,25,2
1432,False,False,False,False,False,False,True,False,False,False,False,1,both,37,0,3,2
1433,False,False,False,False,False,False,False,False,False,False,False,0,both,17,0,1,2
1434,False,False,False,False,False,False,True,False,False,False,False,1,both,13,0,32,2
1435,False,False,False,False,False,False,True,False,False,False,False,1,both,23,0,6,2
1436,False,False,False,True,False,False,False,False,False,False,False,1,both,114,2,1,2
1437,False,False,False,False,False,False,False,False,False,False,False,0,both,37,1,1,2
1438,False,False,False,False,False,False,True,False,False,False,False,1,both,41,0,2,2
1439,False,False,False,False,False,False,False,False,False,False,False,0,both,25,2,1,2
1440,False,False,False,False,False,False,True,False,False,False,False,1,both,20,0,8,2
1441,False,False,False,False,False,False,False,False,False,False,False,0,both,44,2,1,2
1442,False,False,False,False,False,False,True,False,False,False,False,1,both,14,0,10,2
1443,False,False,False,False,False,False,False,False,False,False,False,0,both,45,4,1,2
1444,False,False,False,False,False,False,False,False,False,False,False,0,both,56,2,1,1
1445,False,False,False,False,False,False,False,False,False,False,False,0,both,85,3,1,2
1446,False,False,False,False,True,False,False,False,False,False,False,1,impression_only,23,0,1,2
1447,False,False,False,False,False,False,False,False,False,False,False,0,both,30,0,1,2
1448,False,False,False,False,False,False,False,False,False,False,False,0,both,62,4,1,2
1449,False,False,False,False,False,False,False,False,False,False,False,0,both,102,3,1,2
1450,False,False,False,False,False,False,False,False,False,False,False,0,both,21,0,1,2
1451,False,False,False,False,False,False,False,False,False,False,False,0,both,28,0,1,2
1452,False,False,False,False,False,False,True,False,False,False,False,1,both,35,0,2,2
1453,False,False,False,False,False,False,False,False,False,False,False,0,both,24,0,1,2
1454,False,False,False,False,False,False,True,False,False,False,False,1,both,17,0,50,2
1455,False,False,False,False,False,False,False,False,False,False,False,0,both,36,0,1,2
1456,False,False,False,False,False,False,True,False,False,False,False,1,both,24,0,2,2
1457,False,False,False,False,False,False,False,False,False,False,False,0,both,68,4,1,1
1458,False,False,False,False,False,False,False,False,False,False,False,0,both,47,1,1,2
1459,False,False,False,False,False,False,False,False,False,False,False,0,both,26,0,1,3
1460,False,False,False,False,False,False,True,False,False,False,False,1,both,19,1,10,2
1461,False,False,False,False,False,False,True,False,False,False,False,1,both,17,0,50,2
1462,False,False,False,False,False,False,True,False,False,False,False,1,both,28,2,4,2
1463,False,False,False,False,False,False,True,False,False,False,False,1,both,35,0,8,1
1464,False,False,False,False,False,False,False,False,False,False,False,0,both,47,1,1,2
1465,False,False,False,False,False,False,False,False,False,False,False,0,both,34,1,1,2
1466,False,False,False,False,False,False,True,False,False,False,False,1,both,27,1,5,2
1467,False,False,False,False,False,False,True,False,False,False,False,1,both,33,0,10,2
1468,False,False,False,False,False,False,True,False,False,False,False,1,both,40,1,5,2
1469,False,False,False,False,False,False,False,False,False,False,False,0,both,20,0,1,2
1470,False,False,False,False,False,False,True,False,False,False,False,1,both,19,0,8,2
1471,False,False,False,False,False,False,False,False,False,False,False,0,both,81,2,1,2
1472,False,False,False,False,False,False,False,False,False,False,False,0,both,18,0,1,2
1473,False,False,False,False,False,False,True,False,False,False,False,1,both,34,0,5,2
1474,False,False,False,False,False,False,False,False,False,False,False,0,both,25,0,1,2
1475,False,False,False,False,False,False,False,False,False,False,False,0,both,64,1,1,1
1476,False,False,False,False,False,False,True,False,False,False,False,1,both,17,0,50,2
1477,False,False,False,False,False,False,True,False,False,False,False,1,both,26,0,8,2
1478,False,False,False,False,False,False,False,False,False,False,False,0,both,45,0,1,3
1479,False,False,False,False,True,False,False,False,False,False,False,1,impression_only,49,1,1,2
1480,False,False,False,False,False,False,True,False,False,False,False,1,both,32,1,14,2
1481,False,False,False,False,False,False,True,False,False,False,False,1,both,32,0,2,2
1482,False,False,False,False,False,False,True,False,False,False,False,1,both,26,0,8,1
1483,False,False,False,False,False,False,False,False,False,False,False,0,both,43,0,1,2
1484,False,False,False,False,False,False,False,False,False,False,False,0,both,26,0,1,2
1485,False,False,False,False,False,False,False,False,False,False,False,0,both,105,3,1,2
1487,False,False,False,False,False,False,True,False,False,False,False,1,both,23,2,51,2
1488,False,False,False,False,False,False,True,False,False,False,False,1,both,31,0,13,2
1489,False,False,False,False,False,False,True,False,False,False,False,1,both,32,1,14,2
1491,False,False,False,False,False,False,False,False,False,False,False,0,both,32,0,1,2
1492,False,False,False,False,False,False,False,False,False,False,False,0,both,36,2,1,2
1493,False,False,False,False,True,False,False,False,False,False,False,1,impression_only,37,1,1,1
1494,False,False,False,False,True,False,False,False,False,False,False,1,impression_only,12,0,1,2
1496,False,False,False,False,True,False,False,False,False,False,False,1,impression_only,47,0,1,2
1497,False,False,False,False,False,False,False,False,False,False,False,0,both,69,1,1,2
1498,False,False,False,False,False,False,False,False,False,False,False,0,both,55,2,1,2
1499,False,False,False,False,False,False,False,False,False,False,False,0,both,27,0,1,2
1500,False,False,False,False,False,False,False,False,False,False,False,0,both,20,0,1,3
1501,False,False,False,False,False,False,False,False,False,False,False,0,both,106,0,1,2
1502,False,False,False,False,False,False,True,False,False,False,False,1,both,26,0,14,2
1503,False,False,False,False,True,False,False,False,False,False,False,1,impression_only,47,2,1,2
1504,False,False,False,False,True,False,False,False,False,False,False,1,impression_only,17,0,1,2
1505,False,False,False,False,False,False,False,False,False,False,False,0,both,29,1,1,2
1506,False,False,False,False,False,False,False,False,False,False,False,0,both,76,3,1,2
1508,False,False,False,False,False,False,True,False,False,False,False,1,both,23,2,51,2
1509,False,False,False,False,False,False,True,False,False,False,False,1,both,25,1,9,2
1510,False,False,False,False,False,False,True,False,False,False,False,1,both,27,0,21,2
1511,False,False,False,False,False,False,True,False,False,False,False,1,both,13,0,32,2
1512,False,False,False,False,False,False,False,False,False,False,False,0,both,24,1,1,2
1513,False,False,False,False,False,False,False,False,False,False,False,0,both,39,0,1,2
1514,False,False,False,False,False,False,False,False,False,False,False,0,both,63,3,1,2
1515,False,False,False,False,False,False,True,False,False,False,False,1,both,30,0,3,2
1516,False,False,False,False,False,False,True,False,False,False,False,1,both,17,0,50,2
1517,False,False,False,False,False,False,True,False,False,False,False,1,both,34,0,41,2
1518,False,False,False,False,False,False,False,False,False,False,False,0,both,23,0,1,2
1519,False,False,False,False,False,False,False,False,False,False,False,0,both,56,1,1,2
1520,False,False,False,False,False,False,False,False,False,False,False,0,both,29,1,1,2
1521,False,False,False,False,False,False,False,False,False,False,False,0,both,60,1,1,3
1522,False,False,False,False,False,False,True,False,False,False,False,1,both,28,1,2,1
1523,False,False,False,False,False,False,True,False,False,False,False,1,both,22,0,3,3
1524,False,False,False,False,False,False,False,False,False,False,False,0,both,47,0,1,2
1525,False,False,False,True,False,False,False,False,False,False,False,1,both,116,0,1,4
1526,False,False,False,False,False,False,False,False,False,False,False,0,both,32,0,1,2
1527,False,False,False,False,False,False,False,False,False,False,False,0,both,45,0,1,1
1528,False,False,False,False,False,False,False,False,False,False,False,0,both,47,2,1,2
1529,False,False,False,False,False,False,False,False,False,False,False,0,both,69,0,1,2
1530,False,False,False,False,False,False,True,False,False,False,False,1,both,19,0,8,2
1531,False,False,False,False,False,False,False,False,False,False,False,0,both,40,1,1,2
1532,False,False,False,False,False,False,False,False,False,False,False,0,both,18,0,1,2
1533,False,False,False,False,False,False,True,False,False,False,False,1,both,19,0,4,2
1534,False,False,False,False,False,False,False,False,False,False,False,0,both,72,3,1,2
1535,False,False,False,False,False,False,True,False,False,False,False,1,both,35,0,12,2
1536,True,False,False,False,True,True,False,False,False,False,False,3,neither,0,0,0,3
1537,False,False,False,False,False,False,False,False,False,False,False,0,both,39,0,1,2
1538,False,False,False,False,False,False,False,False,False,False,False,0,both,32,0,1,2
1539,False,False,False,False,False,False,True,False,False,False,False,1,both,19,0,4,2
1540,False,False,False,False,False,False,True,False,False,False,False,1,both,25,0,9,2
1541,False,False,False,False,True,False,False,False,False,False,False,1,impression_only,23,1,1,2
1542,False,False,False,False,False,False,False,False,False,False,False,0,both,41,1,1,2
1543,False,False,False,False,False,False,False,False,False,False,False,0,both,38,0,1,2
1544,False,False,False,False,False,False,False,False,False,False,False,0,both,13,0,1,2
1545,False,False,False,False,False,False,False,False,False,False,False,0,both,23,0,1,2
1546,False,False,False,False,False,False,True,False,False,False,False,1,both,23,2,51,2
1547,False,False,False,False,False,False,False,False,False,False,False,0,both,33,1,1,2
1548,False,False,False,False,False,False,True,False,False,False,False,1,both,31,0,2,2
1549,False,False,False,False,False,False,True,False,False,False,False,1,both,34,0,41,1
1550,False,False,False,False,False,False,True,False,False,False,False,1,both,22,0,3,2
1551,False,False,False,False,False,False,True,False,False,False,False,1,both,35,0,3,2
1552,False,False,False,False,False,False,False,False,False,False,False,0,both,40,1,1,2
1553,False,False,False,False,False,False,False,False,False,False,False,0,both,42,2,1,2
1554,False,False,False,False,False,False,False,False,False,False,False,0,both,26,0,1,2
1555,False,False,False,False,False,False,False,False,False,False,False,0,both,44,2,1,2
1556,False,False,False,False,False,False,False,False,False,False,False,0,both,60,2,1,2
1557,False,False,False,True,False,False,False,False,False,False,False,1,both,110,3,1,1
1558,False,False,False,False,False,False,False,False,False,False,False,0,both,40,2,1,2
1559,False,False,False,False,False,False,False,False,False,False,False,0,both,56,4,1,2
1560,False,False,False,False,False,False,False,False,False,False,False,0,both,12,0,1,2
1561,False,False,False,False,False,False,False,False,False,False,False,0,both,20,0,1,2
1562,False,False,False,False,False,False,False,False,False,False,False,0,both,31,1,1,2
1563,False,False,False,False,False,False,False,False,False,False,False,0,both,33,1,1,2
1564,False,False,False,False,False,False,False,False,False,False,False,0,both,88,6,1,2
1565,False,False,False,False,False,False,False,False,False,False,False,0,both,54,0,1,2
1566,True,False,False,False,True,True,False,False,False,False,False,3,neither,0,0,0,1
1567,False,False,False,False,False,False,False,False,False,False,False,0,both,23,2,1,2
1568,False,False,False,False,False,False,True,False,False,False,False,1,both,19,0,2,2
1569,False,False,False,False,False,False,False,False,False,False,False,0,both,25,0,1,2
1570,False,False,False,False,False,False,False,False,False,False,False,0,both,52,1,1,2
1571,False,False,False,False,False,False,False,False,False,False,False,0,both,83,2,1,1
1572,False,False,False,False,False,False,False,False,False,False,False,0,both,66,1,1,2
1573,False,False,False,False,False,False,True,False,False,False,False,1,both,24,1,6,2
1574,False,False,False,False,False,False,True,False,False,False,False,1,both,27,0,21,2
1575,False,False,False,False,True,False,False,False,False,False,False,1,impression_only,26,1,1,2
1576,False,False,False,False,False,False,False,False,False,False,False,0,both,40,1,1,2
1577,False,False,False,False,False,False,False,False,False,False,False,0,both,26,0,1,2
1578,False,False,False,False,False,False,False,False,False,False,False,0,both,50,1,1,2
1579,False,False,False,False,False,False,True,False,False,False,False,1,both,26,0,14,1
1580,False,False,False,False,False,False,False,False,False,False,False,0,both,50,0,1,2
1581,False,False,False,False,False,False,False,False,False,False,False,0,both,40,1,1,2
1582,False,False,False,False,False,False,True,False,False,False,False,1,both,13,0,32,2
1583,False,False,False,False,False,False,False,False,False,False,False,0,both,28,0,1,2
1584,False,False,False,False,False,False,False,False,False,False,False,0,both,24,0,1,2
1585,False,False,False,False,False,False,False,False,False,False,False,0,both,35,3,1,2
1586,False,False,False,False,False,False,False,False,False,False,False,0,both,57,2,1,2
1587,False,False,False,False,False,False,False,False,False,False,False,0,both,104,3,1,2
1588,False,False,False,False,False,False,True,False,False,False,False,1,both,20,1,39,2
1589,False,False,False,False,False,False,False,False,False,False,False,0,both,82,2,1,2
1590,False,False,False,False,False,False,True,False,False,False,False,1,both,34,0,41,2
1591,False,False,False,False,False,False,False,False,False,False,False,0,both,67,2,1,2
1592,False,False,False,False,False,False,False,False,False,False,False,0,both,35,0,1,1
1593,False,False,False,False,False,False,False,False,False,False,False,0,both,29,1,1,2
1594,False,False,False,False,False,False,False,False,False,False,False,0,both,30,0,1,2
1595,False,False,False,False,False,False,False,False,False,False,False,0,both,29,2,1,2
1596,False,False,False,False,False,False,False,False,False,False,False,0,both,19,0,1,2
1597,False,False,False,False,False,False,True,False,False,False,False,1,both,18,0,4,2
1598,False,False,False,False,False,False,True,False,False,False,False,1,both,30,0,3,2
1599,False,False,False,False,False,False,False,False,False,False,False,0,both,42,1,1,2
1600,False,False,False,False,False,False,False,False,False,False,False,0,both,39,0,1,2
1601,False,False,False,False,False,False,True,False,False,False,False,1,both,22,0,15,2
1602,False,False,False,False,True,False,True,False,False,False,False,2,impression_only,26,0,9,2
1603,False,False,False,False,False,False,True,False,False,False,False,1,both,24,1,6,2
1604,False,False,False,False,True,False,False,False,False,False,False,1,impression_only,29,0,1,2
1605,False,False,False,False,True,False,True,False,False,False,False,2,impression_only,16,1,2,1
1606,False,False,False,False,False,False,True,False,False,False,False,1,both,17,0,50,1
1607,False,False,False,False,False,False,False,False,False,False,False,0,both,40,1,1,1
1608,False,False,False,False,False,False,False,False,False,False,False,0,both,71,0,1,2
1609,False,False,False,False,False,False,False,False,False,False,False,0,both,46,3,1,2
1610,False,False,False,False,False,False,True,False,False,False,False,1,both,23,2,51,3
1612,False,False,False,False,False,False,False,False,False,False,False,0,both,44,1,1,1
1614,False,False,False,False,True,False,False,False,False,False,False,1,impression_only,61,1,1,2
1615,True,False,False,False,True,True,False,False,False,False,False,3,neither,0,0,0,1
1616,False,False,False,False,False,False,False,False,False,False,False,0,both,55,0,1,2
1617,False,False,False,False,False,False,False,False,False,False,False,0,both,23,0,1,2
1618,False,False,False,False,True,False,False,False,False,False,False,1,impression_only,10,0,1,2
1619,False,False,False,False,False,False,False,False,False,False,False,0,both,72,6,1,2
1620,False,False,False,False,False,False,False,False,False,False,False,0,both,56,2,1,2
1621,False,False,False,False,False,False,False,False,False,False,False,0,both,44,1,1,2
1622,False,False,False,False,False,False,True,False,False,False,False,1,both,34,0,5,2
1623,False,False,False,False,False,False,False,False,False,False,False,0,both,15,0,1,2
1624,False,False,False,False,False,False,False,False,False,False,False,0,both,37,0,1,2
1625,False,False,False,False,False,False,False,False,False,False,False,0,both,25,1,1,2
1626,False,False,False,False,False,False,False,False,False,False,False,0,both,82,1,1,2
1627,False,False,False,False,False,False,True,False,False,False,False,1,both,23,0,15,2
1629,False,False,False,False,False,False,False,False,False,False,False,0,both,40,0,1,1
1630,False,False,False,False,False,False,False,False,False,False,False,0,both,58,1,1,2
1631,False,False,False,False,False,False,False,False,False,False,False,0,both,101,3,1,2
1632,False,False,False,False,False,False,True,False,False,False,False,1,both,34,0,41,2
1633,False,False,False,False,False,False,False,False,False,False,False,0,both,36,0,1,3
1634,False,False,False,False,False,False,False,False,False,False,False,0,both,53,3,1,2
1635,False,False,False,False,False,False,False,False,False,False,False,0,both,59,2,1,2
1636,False,False,False,False,False,False,True,False,False,False,False,1,both,18,0,5,2
1637,False,False,False,False,False,False,False,False,False,False,False,0,both,32,0,1,1
1638,False,False,False,False,False,False,False,False,False,False,False,0,both,53,0,1,3
1639,False,False,False,False,False,False,False,False,False,False,False,0,both,25,1,1,2
1640,False,False,False,False,False,False,False,False,False,False,False,0,both,34,0,1,2
1641,False,False,False,False,False,False,False,False,False,False,False,0,both,46,0,1,2
1642,False,False,False,False,False,False,False,False,False,False,False,0,both,26,0,1,2
1643,False,False,False,False,False,False,False,False,False,False,False,0,both,35,0,1,3
1644,False,False,False,False,False,False,False,False,False,False,False,0,both,42,1,1,1
1645,False,False,False,False,False,False,False,False,False,False,False,0,both,38,0,1,2
1646,False,False,False,False,False,False,True,False,False,False,False,1,both,34,0,41,2
1647,False,False,False,False,False,False,True,False,False,False,False,1,both,34,0,41,2
1648,False,False,False,False,False,False,False,False,False,False,False,0,both,47,0,1,2
1649,False,False,False,False,False,False,False,False,False,False,False,0,both,86,1,1,2
1650,False,False,False,False,True,False,False,False,False,False,False,1,impression_only,31,3,1,2
1651,False,False,False,False,True,False,False,False,False,False,False,1,impression_only,22,0,1,2
1652,False,False,False,False,False,False,False,False,False,False,False,0,both,29,0,1,2
1653,False,False,False,False,False,False,False,False,False,False,False,0,both,67,2,1,1
1654,False,False,False,False,False,False,False,False,False,False,False,0,both,57,2,1,2
1655,False,False,False,False,False,False,False,False,False,False,False,0,both,41,0,1,2
1656,False,False,False,False,False,False,True,False,False,False,False,1,both,17,0,5,2
1657,False,False,False,False,False,False,True,False,False,False,False,1,both,17,0,50,2
1658,False,False,False,False,False,False,False,False,False,False,False,0,both,37,0,1,1
1659,False,False,False,False,False,False,False,False,False,False,False,0,both,25,0,1,2
1660,False,False,False,False,False,False,False,False,False,False,False,0,both,21,0,1,2
1661,False,False,False,False,True,False,False,False,False,False,False,1,impression_only,11,0,1,1
1662,False,False,False,False,False,False,False,False,False,False,False,0,both,38,0,1,1
1663,False,False,False,False,False,False,True,False,False,False,False,1,both,31,0,5,2
1664,False,False,False,False,True,False,False,False,False,False,False,1,impression_only,23,0,1,2
1665,False,False,False,False,False,False,False,False,False,False,False,0,both,22,0,1,2
1666,False,False,False,False,False,False,False,False,False,False,False,0,both,61,4,1,2
1667,False,False,False,False,False,False,False,False,False,False,False,0,both,85,3,1,2
1668,False,False,False,False,False,False,False,False,False,False,False,0,both,77,2,1,2
1669,False,False,False,False,False,False,False,False,False,False,False,0,both,50,1,1,2
1670,False,False,False,False,False,False,False,False,False,False,False,0,both,23,3,1,2
1671,False,False,False,False,False,False,False,False,False,False,False,0,both,22,0,1,2
1672,False,False,False,False,True,False,False,False,False,False,False,1,impression_only,33,2,1,2
1673,False,False,False,False,False,False,False,False,False,False,False,0,both,37,2,1,2
1674,False,False,False,False,False,False,False,False,False,False,False,0,both,34,0,1,2
1675,False,False,False,False,False,False,False,False,False,False,False,0,both,21,2,1,2
1676,False,False,False,False,False,False,False,False,False,False,False,0,both,72,7,1,2
1677,False,False,False,False,False,False,False,False,False,False,False,0,both,50,0,1,3
1678,False,False,False,True,False,False,False,False,False,False,False,1,both,114,4,1,2
1679,False,False,False,False,False,False,True,False,False,False,False,1,both,20,1,39,2
1680,False,False,False,False,True,False,False,False,False,False,False,1,impression_only,13,1,1,2
1681,False,False,False,False,False,False,True,False,False,False,False,1,both,13,0,32,2
1682,False,False,False,False,False,False,False,False,False,False,False,0,both,76,1,1,2
1683,False,False,False,False,False,False,False,False,False,False,False,0,both,78,2,1,2
1684,False,False,False,False,False,False,True,False,False,False,False,1,both,33,0,6,2
1685,False,False,False,False,False,False,False,False,False,False,False,0,both,34,1,1,2
1686,False,False,False,False,False,False,False,False,False,False,False,0,both,29,3,1,2
1687,False,False,False,False,False,False,False,False,False,False,False,0,both,42,2,1,2
1688,False,False,False,False,False,False,False,False,False,False,False,0,both,29,0,1,2
1689,False,False,False,False,False,False,True,False,False,False,False,1,both,35,0,12,2
1690,True,False,False,False,True,True,False,False,False,False,False,3,neither,0,0,0,2
1691,False,False,False,False,False,False,False,False,False,False,False,0,both,53,3,1,2
1693,False,False,False,False,False,False,False,False,False,False,False,0,both,40,0,1,1
1694,False,False,False,False,False,False,False,False,False,False,False,0,both,104,6,1,2
1695,False,False,False,True,False,False,False,False,False,False,False,1,both,119,2,1,2
1696,False,False,False,False,False,False,True,False,False,False,False,1,both,26,0,16,2
1697,False,False,False,False,False,False,True,False,False,False,False,1,both,27,0,21,2
1698,False,False,False,False,False,False,True,False,False,False,False,1,both,28,1,2,2
1699,False,False,False,False,False,False,False,False,False,False,False,0,both,91,6,1,2
1700,False,False,False,False,True,False,False,False,False,False,False,1,impression_only,22,0,1,2
1701,False,False,False,False,False,False,True,False,False,False,False,1,both,19,0,11,2
1702,False,False,False,False,False,False,False,False,False,False,False,0,both,33,0,1,2
1703,False,False,False,False,False,False,False,False,False,False,False,0,both,40,1,1,2
1704,False,False,False,False,False,False,False,False,False,False,False,0,both,80,1,1,2
1705,False,False,False,False,False,False,False,False,False,False,False,0,both,49,2,1,1
1706,False,False,False,False,False,False,False,False,False,False,False,0,both,32,0,1,2
1707,False,False,False,False,False,False,False,False,False,False,False,0,both,38,1,1,2
1708,False,False,False,False,False,False,False,False,False,False,False,0,both,41,1,1,2
1709,False,False,False,False,False,False,False,False,False,False,False,0,both,38,1,1,2
1710,False,False,False,False,False,False,False,False,False,False,False,0,both,16,0,1,2
1711,False,False,False,False,False,False,False,False,False,False,False,0,both,31,0,1,2
1712,False,False,False,False,False,False,False,False,False,False,False,0,both,21,0,1,2
1713,False,False,False,False,True,False,False,False,False,False,False,1,impression_only,27,0,1,2
1714,False,False,False,False,False,False,False,False,False,False,False,0,both,38,0,1,1
1715,False,False,False,False,False,False,False,False,False,False,False,0,both,42,0,1,1
1716,False,False,False,False,True,False,True,False,False,False,False,2,impression_only,19,2,8,2
1717,False,False,False,False,False,False,True,False,False,False,False,1,both,17,0,2,2
1718,False,False,False,False,False,False,False,False,False,False,False,0,both,28,0,1,1
1719,False,False,False,False,False,False,False,False,False,False,False,0,both,29,0,1,2
1720,False,False,False,False,False,False,False,False,False,False,False,0,both,90,2,1,3
1721,False,False,False,False,False,False,True,False,False,False,False,1,both,36,1,2,2
1722,False,False,False,False,False,False,False,False,False,False,False,0,both,40,0,1,1
1723,False,False,False,False,False,False,False,False,False,False,False,0,both,42,1,1,2
1724,False,False,False,False,False,False,False,False,False,False,False,0,both,35,0,1,1
1725,False,False,False,False,False,False,False,False,False,False,False,0,both,101,3,1,2
1726,False,False,False,False,False,False,True,False,False,False,False,1,both,13,0,32,2
1727,False,False,False,False,False,False,False,False,False,False,False,0,both,81,2,1,2
1728,False,False,False,False,False,False,False,False,False,False,False,0,both,41,1,1,2
1729,False,False,False,False,False,False,False,False,False,False,False,0,both,37,1,1,2
1730,False,False,False,False,False,False,False,False,False,False,False,0,both,44,0,1,2
1731,False,False,False,False,False,False,False,False,False,False,False,0,both,38,0,1,2
1732,False,False,False,False,False,False,True,False,False,False,False,1,both,27,1,3,2
1733,False,False,False,False,True,False,False,False,False,False,False,1,impression_only,49,1,1,3
1734,False,False,False,False,False,False,True,False,False,False,False,1,both,23,0,4,2
1735,False,False,False,False,False,False,False,False,False,False,False,0,both,78,3,1,2
1736,False,False,False,False,False,False,False,False,False,False,False,0,both,33,1,1,2
1737,False,False,False,False,False,False,True,False,False,False,False,1,both,33,0,6,2
1738,False,False,False,False,False,False,False,False,False,False,False,0,both,22,0,1,2
1739,False,False,False,True,False,False,False,False,False,False,False,1,both,116,3,1,2
1740,False,False,False,False,False,False,False,False,False,False,False,0,both,74,2,1,2
1742,False,False,False,False,False,False,False,False,False,False,False,0,both,26,0,1,2
1743,False,False,False,False,False,False,False,False,False,False,False,0,both,32,1,1,2
1744,False,False,False,False,False,False,True,False,False,False,False,1,both,27,1,3,2
1745,False,False,False,False,False,False,False,False,False,False,False,0,both,43,1,1,2
1746,False,False,False,False,True,False,False,False,False,False,False,1,impression_only,14,0,1,2
1747,False,False,False,False,False,False,False,False,False,False,False,0,both,71,2,1,2
1748,False,False,False,False,False,False,True,False,False,False,False,1,both,35,1,4,2
1750,False,False,False,False,False,False,False,False,False,False,False,0,both,66,0,1,2
1751,False,False,False,False,False,False,True,False,False,False,False,1,both,20,1,39,2
1752,False,False,False,False,False,False,False,False,False,False,False,0,both,61,4,1,2
1753,False,False,False,False,False,False,False,False,False,False,False,0,both,40,1,1,2
1754,False,False,False,False,True,False,False,False,False,False,False,1,impression_only,27,2,1,2
1755,False,False,False,False,True,False,False,False,False,False,False,1,impression_only,48,0,1,2
1756,False,False,False,False,True,False,False,False,False,False,False,1,impression_only,33,1,1,2
1757,False,False,False,False,False,False,True,False,False,False,False,1,both,54,1,10,1
1758,False,False,False,False,False,False,False,False,False,False,False,0,both,60,3,1,2
1759,False,False,False,False,False,False,False,False,False,False,False,0,both,49,1,1,2
1760,False,False,False,False,False,False,False,False,False,False,False,0,both,25,0,1,2
1761,True,False,False,False,True,True,False,False,False,False,False,3,neither,0,0,0,1
1762,False,False,False,False,True,False,False,False,False,False,False,1,impression_only,23,1,1,2
1763,False,False,False,False,False,False,False,False,False,False,False,0,both,28,3,1,2
1764,False,False,False,False,False,False,False,False,False,False,False,0,both,29,0,1,1
1765,False,False,False,False,False,False,False,False,False,False,False,0,both,44,0,1,2
1766,False,False,False,False,False,False,True,False,False,False,False,1,both,35,0,10,2
1767,False,False,False,False,False,False,False,False,False,False,False,0,both,31,0,1,2
1768,False,False,False,False,False,False,False,False,False,False,False,0,both,30,0,1,3
1769,False,False,False,False,False,False,False,False,False,False,False,0,both,43,2,1,1
1770,False,False,False,False,False,False,False,False,False,False,False,0,both,48,0,1,2
1771,False,False,False,False,False,False,True,False,False,False,False,1,both,23,2,51,2
1773,False,False,False,False,True,False,False,False,False,False,False,1,impression_only,22,0,1,2
1774,False,False,False,False,False,False,False,False,False,False,False,0,both,36,1,1,1
1775,False,False,False,False,False,False,True,False,False,False,False,1,both,22,0,15,2
1776,False,False,False,False,False,False,False,False,False,False,False,0,both,39,0,1,2
1777,False,False,False,False,False,False,False,False,False,False,False,0,both,72,5,1,2
1778,True,False,False,False,True,True,False,False,False,False,False,3,neither,0,0,0,2
1779,False,False,False,False,False,False,True,False,False,False,False,1,both,20,1,39,2
1780,False,False,False,False,False,False,True,False,False,False,False,1,both,29,1,6,2
1781,False,False,False,False,False,False,False,False,False,False,False,0,both,28,0,1,2
1782,False,False,False,False,False,False,False,False,False,False,False,0,both,46,1,1,2
1783,False,False,False,False,True,False,False,False,False,False,False,1,impression_only,38,0,1,2
1784,False,False,False,False,True,False,False,False,False,False,False,1,impression_only,18,1,1,2
1785,False,False,False,False,False,False,False,False,False,False,False,0,both,34,0,1,2
1786,False,False,False,False,False,False,False,False,False,False,False,0,both,45,2,1,2
1787,False,False,False,False,False,False,False,False,False,False,False,0,both,23,0,1,2
1788,False,False,False,False,False,False,False,False,False,False,False,0,both,23,0,1,2
1789,False,False,False,False,True,False,False,False,False,False,False,1,impression_only,11,0,1,1
1790,False,False,False,False,False,False,True,False,False,False,False,1,both,34,0,41,1
1791,False,False,False,False,False,False,False,False,False,False,False,0,both,92,1,1,2
1792,False,False,False,False,False,False,False,False,False,False,False,0,both,43,1,1,2
1793,False,False,False,False,False,False,True,False,False,False,False,1,both,28,2,4,1
1794,False,False,False,False,False,False,True,False,False,False,False,1,both,27,0,7,2
1795,False,False,False,False,False,False,False,False,False,False,False,0,both,39,0,1,2
1796,False,False,False,False,False,False,True,False,False,False,False,1,both,34,0,41,2
1797,False,False,False,False,False,False,True,False,False,False,False,1,both,31,0,2,2
1798,False,False,False,False,True,False,False,False,False,False,False,1,impression_only,33,0,1,2
1799,False,False,False,False,False,False,False,False,False,False,False,0,both,19,0,1,2
1800,False,False,False,False,False,False,False,False,False,False,False,0,both,25,1,1,2
1801,False,False,False,False,False,False,False,False,False,False,False,0,both,24,0,1,2
1802,False,False,False,False,False,False,False,False,False,False,False,0,both,29,0,1,2
1803,False,False,False,False,True,False,False,False,False,False,False,1,impression_only,22,1,1,3
1804,False,False,False,False,False,False,False,False,False,False,False,0,both,48,1,1,2
1805,False,False,False,False,True,False,False,False,False,False,False,1,impression_only,24,0,1,2
1806,False,False,False,False,False,False,True,False,False,False,False,1,both,23,2,51,1
1807,False,False,False,False,False,False,False,False,False,False,False,0,both,38,1,1,2
1808,False,False,False,False,False,False,False,False,False,False,False,0,both,59,1,1,2
1809,False,False,False,False,True,False,True,False,False,False,False,2,impression_only,8,0,7,2
1810,False,False,False,False,False,False,True,False,False,False,False,1,both,27,1,5,2
1811,False,False,False,False,False,False,False,False,False,False,False,0,both,42,2,1,1
1812,False,False,False,False,False,False,True,False,False,False,False,1,both,28,0,3,2
1813,False,False,False,False,False,False,False,False,False,False,False,0,both,40,0,1,2
1814,False,False,False,False,True,False,False,False,False,False,False,1,impression_only,6,0,1,2
1815,False,False,False,False,False,False,False,False,False,False,False,0,both,37,0,1,2
1816,False,False,False,False,False,False,False,False,False,False,False,0,both,68,2,1,2
1817,False,False,False,False,False,False,False,False,False,False,False,0,both,99,3,1,1
1818,False,False,False,False,True,False,False,False,False,False,False,1,impression_only,25,0,1,2
1819,False,False,False,False,True,False,False,False,False,False,False,1,impression_only,27,0,1,2
1820,False,False,False,False,False,False,False,False,False,False,False,0,both,30,0,1,2
1821,False,False,False,False,False,False,False,False,False,False,False,0,both,41,0,1,2
1822,False,False,False,False,False,False,False,False,False,False,False,0,both,35,2,1,2
1823,False,False,False,True,False,False,False,False,False,False,False,1,both,136,5,1,2
1824,False,False,False,False,False,False,True,False,False,False,False,1,both,13,0,32,1
1825,False,False,False,False,True,False,False,False,False,False,False,1,impression_only,13,0,1,2
1826,False,False,False,False,False,False,False,False,False,False,False,0,both,42,1,1,2
1827,False,False,False,False,False,False,True,False,False,False,False,1,both,24,0,3,2
1828,False,False,False,False,True,False,False,False,False,False,False,1,impression_only,22,2,1,2
1829,False,False,False,False,False,False,False,False,False,False,False,0,both,47,2,1,2
1830,False,False,False,False,False,False,False,False,False,False,False,0,both,27,0,1,1
1831,False,False,False,False,False,False,True,False,False,False,False,1,both,26,0,8,2
1832,False,False,False,False,False,False,False,False,False,False,False,0,both,39,2,1,2
1833,False,False,False,False,False,False,False,False,False,False,False,0,both,48,0,1,2
1834,False,False,False,False,False,False,True,False,False,False,False,1,both,24,1,6,2
1835,False,False,False,False,False,False,False,False,False,False,False,0,both,35,1,1,2
1836,False,False,False,False,False,False,False,False,False,False,False,0,both,28,0,1,2
1837,False,False,False,False,False,False,True,False,False,False,False,1,both,26,0,16,1
1838,False,False,False,False,False,False,False,False,False,False,False,0,both,22,0,1,1
1839,False,False,False,False,False,False,False,False,False,False,False,0,both,41,0,1,2
1840,False,False,False,False,False,False,False,False,False,False,False,0,both,78,1,1,2
1841,False,False,False,False,False,False,True,False,False,False,False,1,both,23,2,51,2
1842,False,False,False,False,True,False,False,False,False,False,False,1,impression_only,12,0,1,2
1843,False,False,False,False,False,False,True,False,False,False,False,1,both,34,0,41,1
1844,False,False,False,False,False,False,False,False,False,False,False,0,both,23,0,1,2
1845,False,False,False,False,True,False,False,False,False,False,False,1,impression_only,64,3,1,2
1846,False,False,False,False,False,False,False,False,False,False,False,0,both,40,0,1,2
1847,False,False,False,False,False,False,False,False,False,False,False,0,both,58,0,1,2
1848,False,False,False,False,False,False,False,False,False,False,False,0,both,55,0,1,2
1849,False,False,False,False,False,False,False,False,False,False,False,0,both,25,0,1,2
1850,False,False,False,False,False,False,True,False,False,False,False,1,both,34,0,41,1
1851,False,False,False,False,False,False,False,False,False,False,False,0,both,21,0,1,2
1852,False,False,False,False,False,False,True,False,False,False,False,1,both,22,0,2,2
1853,False,False,False,False,False,False,True,False,False,False,False,1,both,33,0,10,2
1854,False,False,False,False,False,False,True,False,False,False,False,1,both,27,0,5,2
1855,False,False,False,False,False,False,False,False,False,False,False,0,both,68,0,1,2
1856,False,False,False,False,False,False,True,False,False,False,False,1,both,25,0,9,1
1857,False,False,False,False,False,False,False,False,False,False,False,0,both,21,1,1,2
1859,False,False,False,False,True,False,False,False,False,False,False,1,impression_only,26,0,1,2
1860,False,False,False,False,False,False,False,False,False,False,False,0,both,74,2,1,2
1861,False,False,False,False,False,False,True,False,False,False,False,1,both,37,1,3,2
1863,False,False,False,False,False,False,False,False,False,False,False,0,both,34,0,1,2
1864,False,False,False,False,False,False,False,False,False,False,False,0,both,38,0,1,2
1865,False,False,False,False,False,False,False,False,False,False,False,0,both,46,1,1,2
1866,False,False,False,False,False,False,True,False,False,False,False,1,both,23,2,51,2
1867,False,False,False,False,False,False,False,False,False,False,False,0,both,65,1,1,2
1868,False,False,False,False,False,False,False,False,False,False,False,0,both,41,0,1,2
1870,False,False,False,False,False,False,False,False,False,False,False,0,both,44,1,1,2
1871,False,False,False,False,False,False,True,False,False,False,False,1,both,34,0,4,2
1872,False,False,False,False,False,False,False,False,False,False,False,0,both,24,0,1,1
1873,False,False,False,False,False,False,False,False,False,False,False,0,both,28,0,1,2
1874,False,False,False,True,False,False,False,False,False,False,False,1,both,129,2,1,2
1875,False,False,False,False,False,False,False,False,False,False,False,0,both,34,0,1,2
1876,False,False,False,False,False,False,False,False,False,False,False,0,both,45,0,1,2
1877,False,False,False,False,False,False,True,False,False,False,False,1,both,20,1,39,2
1878,False,False,False,False,False,False,False,False,False,False,False,0,both,41,4,1,2
1879,False,False,False,False,False,False,False,False,False,False,False,0,both,26,0,1,2
1880,False,False,False,False,False,False,False,False,False,False,False,0,both,85,2,1,1
1881,False,False,False,False,False,False,False,False,False,False,False,0,both,30,1,1,2
1882,False,False,False,False,False,False,False,False,False,False,False,0,both,16,0,1,2
1883,False,False,False,False,False,False,False,False,False,False,False,0,both,50,1,1,2
1884,False,False,False,False,False,False,False,False,False,False,False,0,both,71,0,1,3
1885,False,False,False,False,False,False,False,False,False,False,False,0,both,30,0,1,2
1886,False,False,False,False,False,False,False,False,False,False,False,0,both,47,1,1,2
1887,False,False,False,False,False,False,False,False,False,False,False,0,both,53,0,1,1
1888,False,False,False,False,False,False,False,False,False,False,False,0,both,34,2,1,2
1889,False,False,False,False,False,False,False,False,False,False,False,0,both,46,2,1,2
1891,False,False,False,False,False,False,True,False,False,False,False,1,both,23,2,51,2
1892,False,False,False,False,False,False,False,False,False,False,False,0,both,32,0,1,2
1893,False,False,False,False,False,False,False,False,False,False,False,0,both,45,0,1,2
1894,False,False,False,False,False,False,False,False,False,False,False,0,both,38,1,1,2
1895,False,False,False,False,False,False,False,False,False,False,False,0,both,29,1,1,2
1896,False,False,False,False,False,False,False,False,False,False,False,0,both,41,0,1,2
1897,False,False,False,False,False,False,False,False,False,False,False,0,both,31,0,1,1
1898,False,False,False,False,False,False,False,False,False,False,False,0,both,72,1,1,2
1899,False,False,False,False,False,False,True,False,False,False,False,1,both,34,0,41,2
1900,False,False,False,False,False,False,False,False,False,False,False,0,both,51,2,1,2
1901,False,False,False,False,False,False,False,False,False,False,False,0,both,61,1,1,2
1902,False,False,False,False,False,False,False,False,False,False,False,0,both,22,0,1,2
1903,False,False,False,False,False,False,True,False,False,False,False,1,both,17,0,2,2
1904,False,False,False,False,True,False,False,False,False,False,False,1,impression_only,14,0,1,2
1905,False,False,False,False,False,False,False,False,False,False,False,0,both,29,0,1,2
1906,False,False,False,False,True,False,False,False,False,False,False,1,impression_only,29,0,1,2
1907,False,False,False,False,True,False,False,False,False,False,False,1,impression_only,15,0,1,2
1908,False,False,False,False,False,False,False,False,False,False,False,0,both,38,2,1,2
1909,False,False,False,False,False,False,False,False,False,False,False,0,both,54,3,1,2
1910,False,False,False,False,True,False,False,False,False,False,False,1,impression_only,30,0,1,3
1911,False,False,False,False,False,False,False,False,False,False,False,0,both,29,1,1,2
1912,False,False,False,False,False,False,True,False,False,False,False,1,both,19,0,11,2
1913,False,False,False,False,False,False,False,False,False,False,False,0,both,34,0,1,2
1914,False,False,False,False,False,False,False,False,False,False,False,0,both,31,0,1,2
1915,False,False,False,False,False,False,True,False,False,False,False,1,both,13,0,32,2
1916,False,False,False,False,False,False,False,False,False,False,False,0,both,53,1,1,2
1918,False,False,False,False,False,False,False,False,False,False,False,0,both,90,6,1,2
1919,False,False,False,False,False,False,False,False,False,False,False,0,both,52,0,1,3
1920,False,False,False,False,False,False,False,False,False,False,False,0,both,35,0,1,2
1921,False,False,False,False,False,False,False,False,False,False,False,0,both,47,4,1,2
1922,False,False,False,False,False,False,True,False,False,False,False,1,both,18,3,4,2
1923,False,False,False,False,False,False,False,False,False,False,False,0,both,24,0,1,2
1924,False,False,False,False,False,False,False,False,False,False,False,0,both,54,1,1,2
1925,False,False,False,False,False,False,False,False,False,False,False,0,both,41,2,1,2
1926,False,False,False,False,False,False,True,False,False,False,False,1,both,23,2,51,2
1927,False,False,False,False,False,False,False,False,False,False,False,0,both,23,1,1,2
1928,False,False,False,False,False,False,True,False,False,False,False,1,both,19,0,11,2
1929,False,False,False,False,False,False,False,False,False,False,False,0,both,54,5,1,2
1930,False,False,False,False,False,False,False,False,False,False,False,0,both,48,0,1,2
1931,False,False,False,False,False,False,True,False,False,False,False,1,both,17,0,50,2
1932,False,False,False,False,False,False,True,False,False,False,False,1,both,21,0,2,2
1933,False,False,False,False,False,False,False,False,False,False,False,0,both,28,0,1,2
1934,False,False,False,False,False,False,False,False,False,False,False,0,both,76,3,1,2
1935,False,False,False,False,False,False,False,False,False,False,False,0,both,48,2,1,2
1936,False,False,False,False,False,False,False,False,False,False,False,0,both,56,2,1,2
1937,False,False,False,False,False,False,True,False,False,False,False,1,both,30,0,3,2
1938,False,False,False,False,False,False,False,False,False,False,False,0,both,20,0,1,2
1939,False,False,False,False,False,False,False,False,False,False,False,0,both,23,0,1,1
1940,False,False,False,False,False,False,False,False,False,False,False,0,both,33,0,1,2
1941,False,False,False,False,False,False,False,False,False,False,False,0,both,55,0,1,1
1942,False,False,False,False,False,False,False,False,False,False,False,0,both,58,1,1,1
1943,False,False,False,False,False,False,False,False,False,False,False,0,both,69,4,1,2
1944,False,False,False,False,True,False,False,False,False,False,False,1,impression_only,74,0,1,2
1945,False,False,False,False,True,False,False,False,False,False,False,1,impression_only,85,4,1,2
1946,False,False,False,False,False,False,False,False,False,False,False,0,both,35,0,1,2
1947,False,False,False,False,False,False,False,False,False,False,False,0,both,40,0,1,2
1948,False,False,False,False,False,False,False,False,False,False,False,0,both,40,0,1,2
1949,False,False,False,False,True,False,False,False,False,False,False,1,impression_only,34,2,1,3
1950,False,False,False,False,False,False,False,False,False,False,False,0,both,30,1,1,2
1951,False,False,False,False,False,False,True,False,False,False,False,1,both,28,1,2,2
1952,False,False,False,False,False,False,False,False,False,False,False,0,both,63,0,1,1
1953,False,False,False,False,False,False,True,False,False,False,False,1,both,40,1,5,2
1954,False,False,False,False,False,False,True,False,False,False,False,1,both,17,0,50,2
1956,False,False,False,False,False,False,True,False,False,False,False,1,both,34,0,4,2
1957,False,False,False,False,False,False,False,False,False,False,False,0,both,55,0,1,2
1958,False,False,False,False,False,False,False,False,False,False,False,0,both,36,2,1,2
1959,False,False,False,False,False,False,False,False,False,False,False,0,both,26,0,1,2
1960,False,False,False,False,False,False,True,False,False,False,False,1,both,19,1,10,2
1961,False,False,False,False,False,False,False,False,False,False,False,0,both,40,0,1,2
1962,False,False,False,False,False,False,False,False,False,False,False,0,both,36,3,1,2
1963,False,False,False,False,False,False,True,False,False,False,False,1,both,35,0,10,2
1964,False,False,False,False,False,False,True,False,False,False,False,1,both,35,0,12,2
1965,False,False,False,False,False,False,False,False,False,False,False,0,both,35,0,1,2
1966,False,False,False,False,False,False,True,False,False,False,False,1,both,17,0,50,2
1967,False,False,False,False,False,False,False,False,False,False,False,0,both,69,4,1,2
1968,False,False,False,False,False,False,False,False,False,False,False,0,both,42,0,1,2
1969,False,False,False,False,True,False,False,False,False,False,False,1,impression_only,22,1,1,1
1970,False,False,False,False,False,False,False,False,False,False,False,0,both,40,2,1,2
1971,False,False,False,False,True,False,False,False,False,False,False,1,impression_only,15,0,1,2
1972,False,False,False,False,False,False,False,False,False,False,False,0,both,43,3,1,2
1973,False,False,False,False,False,False,False,False,False,False,False,0,both,52,0,1,2
1974,False,False,False,False,False,False,True,False,False,False,False,1,both,19,0,14,2
1975,False,True,True,False,True,False,True,False,False,False,False,4,impression_only,3,0,12,3
1976,False,False,False,False,True,False,False,False,False,False,False,1,impression_only,55,4,1,3
1977,False,False,False,False,True,False,False,False,False,False,False,1,impression_only,12,0,1,2
1978,False,False,False,False,False,False,True,False,False,False,False,1,both,32,0,2,2
1979,False,False,False,False,False,False,True,False,False,False,False,1,both,37,1,3,2
1980,False,False,False,False,False,False,True,False,False,False,False,1,both,34,0,41,2
1981,False,False,False,False,False,False,True,False,False,False,False,1,both,31,0,2,2
1982,False,False,False,False,True,False,False,False,False,False,False,1,impression_only,33,1,1,2
1983,False,False,False,False,True,False,True,False,False,False,False,2,impression_only,18,1,16,2
1984,False,False,False,False,False,False,False,False,False,False,False,0,both,42,2,1,2
1985,False,False,False,False,False,False,True,False,False,False,False,1,both,37,3,5,2
1986,False,False,False,False,False,False,False,False,False,False,False,0,both,54,0,1,1
1987,False,False,False,False,False,False,True,False,False,False,False,1,both,35,0,12,2
1988,False,False,False,False,True,False,False,False,False,False,False,1,impression_only,48,3,1,2
1990,False,False,False,False,False,False,False,False,False,False,False,0,both,40,0,1,2
1991,False,False,False,False,False,False,False,False,False,False,False,0,both,77,5,1,2
1992,False,False,False,False,False,False,False,False,False,False,False,0,both,49,1,1,2
1993,False,False,False,False,False,False,False,False,False,False,False,0,both,28,0,1,2
1994,False,False,False,False,False,False,True,False,False,False,False,1,both,23,0,3,2
1995,False,False,False,False,False,False,False,False,False,False,False,0,both,33,0,1,2
1997,False,False,False,False,False,False,True,False,False,False,False,1,both,20,1,39,2
1999,False,False,False,False,False,False,True,False,False,False,False,1,both,19,0,8,2
2000,False,False,False,False,False,False,True,False,False,False,False,1,both,26,0,16,2
2001,False,False,False,False,True,False,False,False,False,False,False,1,impression_only,38,0,1,2
2002,False,False,False,False,False,False,False,False,False,False,False,0,both,105,1,1,2
2003,False,False,False,False,False,False,False,False,False,False,False,0,both,40,0,1,2
2005,False,False,False,False,False,False,True,False,False,False,False,1,both,20,1,39,2
2006,False,False,False,False,False,False,False,False,False,False,False,0,both,64,1,1,2
2007,False,False,False,False,False,False,False,False,False,False,False,0,both,45,1,1,2
2008,False,False,False,False,False,False,False,False,False,False,False,0,both,22,0,1,2
2010,False,False,False,False,True,False,False,False,False,False,False,1,impression_only,24,0,1,2
2011,False,False,False,False,False,False,False,False,False,False,False,0,both,34,0,1,2
2012,False,False,False,False,False,False,False,False,False,False,False,0,both,16,0,1,2
2013,False,False,False,False,False,False,False,False,False,False,False,0,both,26,1,1,2
2014,False,False,False,False,False,False,False,False,False,False,False,0,both,60,3,1,2
2015,False,False,False,False,False,False,True,False,False,False,False,1,both,35,0,12,2
2016,False,False,False,False,False,False,True,False,False,False,False,1,both,40,1,5,2
2017,False,False,False,False,False,False,True,False,False,False,False,1,both,17,0,50,2
2018,False,False,False,False,True,False,False,False,False,False,False,1,impression_only,25,2,1,2
2019,False,False,False,False,False,False,True,False,False,False,False,1,both,29,1,8,2
2020,False,False,False,False,False,False,True,False,False,False,False,1,both,27,0,7,2
2021,False,False,False,False,False,False,False,False,False,False,False,0,both,25,0,1,2
2022,False,False,False,False,False,False,False,False,False,False,False,0,both,35,2,1,2
2023,False,False,False,False,False,False,True,False,False,False,False,1,both,23,0,3,2
2024,False,False,False,False,True,False,True,False,False,False,False,2,impression_only,26,0,9,2
2025,False,False,False,False,False,False,True,False,False,False,False,1,both,26,1,9,1
2026,False,False,False,False,False,False,False,False,False,False,False,0,both,37,0,1,2
2027,False,False,False,False,False,False,False,False,False,False,False,0,both,100,2,1,2
2028,False,False,False,False,False,False,False,False,False,False,False,0,both,16,0,1,2
2029,False,False,False,False,False,False,False,False,False,False,False,0,both,27,0,1,2
2030,False,False,False,False,False,False,False,False,False,False,False,0,both,51,0,1,2
2031,False,False,False,False,False,False,False,False,False,False,False,0,both,26,0,1,2
2032,False,False,False,False,False,False,False,False,False,False,False,0,both,19,0,1,2
2033,False,False,False,False,False,False,False,False,False,False,False,0,both,58,0,1,2
2034,False,False,False,False,False,False,False,False,False,False,False,0,both,54,2,1,2
2035,False,False,False,False,False,False,False,False,False,False,False,0,both,37,0,1,1
2036,False,False,False,False,False,False,False,False,False,False,False,0,both,57,0,1,2
2038,False,False,False,False,False,False,False,False,False,False,False,0,both,27,0,1,2
2039,False,False,False,False,False,False,False,False,False,False,False,0,both,28,0,1,2
2040,False,False,False,False,True,False,False,False,False,False,False,1,impression_only,7,0,1,2
2041,False,False,False,False,False,False,False,False,False,False,False,0,both,19,0,1,3
2042,False,False,False,False,True,False,False,False,False,False,False,1,impression_only,15,0,1,2
2043,False,False,False,False,True,False,False,False,False,False,False,1,impression_only,36,1,1,2
2044,False,False,False,False,False,False,False,False,False,False,False,0,both,32,0,1,2
2045,False,False,False,False,False,False,False,False,False,False,False,0,both,32,0,1,2
2046,False,False,False,True,False,False,False,False,False,False,False,1,both,153,10,1,2
2047,False,False,False,False,False,False,False,False,False,False,False,0,both,28,0,1,2
2048,False,False,False,False,False,False,False,False,False,False,False,0,both,42,1,1,2
2049,False,False,False,False,True,False,False,False,False,False,False,1,impression_only,41,0,1,2
2050,False,False,False,False,True,False,False,False,False,False,False,1,impression_only,51,7,1,2
2052,False,False,False,False,False,False,False,False,False,False,False,0,both,30,0,1,2
2053,False,False,False,False,False,False,True,False,False,False,False,1,both,26,0,16,2
2054,False,False,False,False,True,False,False,False,False,False,False,1,impression_only,54,2,1,3
2055,False,False,False,False,True,False,False,False,False,False,False,1,impression_only,52,2,1,2
2056,False,False,False,False,False,False,True,False,False,False,False,1,both,39,1,2,2
2058,False,False,False,False,False,False,False,False,False,False,False,0,both,20,0,1,2
2059,False,False,False,False,False,False,False,False,False,False,False,0,both,33,1,1,2
2060,False,False,False,False,False,False,False,False,False,False,False,0,both,58,0,1,2
2061,False,False,False,False,False,False,True,False,False,False,False,1,both,23,0,6,2
2062,False,False,False,False,False,False,False,False,False,False,False,0,both,74,3,1,2
2063,False,False,False,False,True,False,False,False,False,False,False,1,impression_only,21,0,1,2
2065,False,False,False,False,False,False,False,False,False,False,False,0,both,32,0,1,2
2066,False,False,False,False,False,False,False,False,False,False,False,0,both,54,2,1,2
2067,False,False,False,False,False,False,True,False,False,False,False,1,both,19,0,7,2
2068,False,False,False,False,False,False,True,False,False,False,False,1,both,18,0,14,2
2069,False,False,False,False,False,False,True,False,False,False,False,1,both,20,1,39,2
2070,False,False,False,False,False,False,False,False,False,False,False,0,both,63,0,1,2
2071,False,False,False,True,False,False,False,False,False,False,False,1,both,144,9,1,1
2072,False,False,False,False,False,False,False,True,False,False,False,1,both,56,0,1,2
2073,False,False,False,False,True,False,False,False,False,False,False,1,impression_only,17,0,1,2
2074,False,False,False,False,False,False,False,False,False,False,False,0,both,59,1,1,2
2075,False,False,False,False,False,False,True,False,False,False,False,1,both,23,1,5,2
2077,False,False,False,False,False,False,False,False,False,False,False,0,both,64,2,1,2
2078,False,False,False,False,False,False,True,False,False,False,False,1,both,22,0,15,2
2079,False,False,False,False,False,False,False,False,False,False,False,0,both,47,0,1,2
2080,False,False,False,False,True,False,False,False,False,False,False,1,impression_only,31,0,1,2
2081,False,False,False,False,False,False,False,False,False,False,False,0,both,28,0,1,2
2082,False,False,False,False,False,False,False,False,False,False,False,0,both,46,1,1,2
2083,False,False,False,False,False,False,True,False,False,False,False,1,both,27,0,21,2
2084,False,False,False,False,False,False,False,False,False,False,False,0,both,55,3,1,2
2085,False,False,False,False,False,False,True,False,False,False,False,1,both,40,1,4,1
2086,False,False,False,False,False,False,False,False,False,False,False,0,both,28,0,1,2
2087,False,False,False,False,True,False,False,False,False,False,False,1,impression_only,24,0,1,3
2088,False,False,False,False,False,False,False,False,False,False,False,0,both,47,2,1,2
2089,False,True,True,False,True,False,True,False,False,False,False,4,impression_only,3,0,12,2
2090,False,False,False,False,False,False,True,False,False,False,False,1,both,23,0,3,2
2091,False,False,False,False,False,False,False,False,False,False,False,0,both,19,2,1,2
2092,False,False,False,False,False,False,False,False,False,False,False,0,both,78,6,1,2
2093,False,False,False,False,False,False,False,False,False,False,False,0,both,26,0,1,2
2094,False,False,False,False,False,False,False,False,False,False,False,0,both,58,2,1,2
2095,False,False,False,False,False,False,False,False,False,False,False,0,both,32,0,1,2
2096,False,False,False,False,False,False,True,False,False,False,False,1,both,20,1,3,2
2097,False,False,False,False,False,False,False,False,False,False,False,0,both,40,1,1,4
2098,False,False,False,False,False,False,True,False,False,False,False,1,both,35,1,4,2
2099,False,False,False,False,False,False,True,False,False,False,False,1,both,34,0,41,2
2100,False,False,False,False,False,False,False,False,False,False,False,0,both,51,0,1,2
2102,False,False,False,False,False,False,False,False,False,False,False,0,both,40,2,1,2
2103,False,False,False,False,False,False,False,False,False,False,False,0,both,29,0,1,2
2105,False,False,False,False,True,False,False,False,False,False,False,1,impression_only,29,0,1,2
2106,False,False,False,False,False,False,True,False,False,False,False,1,both,13,0,32,2
2108,False,False,False,False,False,False,True,False,False,False,False,1,both,23,2,51,2
2109,False,False,False,False,False,False,False,False,False,False,False,0,both,41,0,1,2
2110,False,False,False,False,False,False,True,False,False,False,False,1,both,17,0,50,2
2111,False,False,False,False,False,False,False,False,False,False,False,0,both,55,2,1,2
2112,False,False,False,False,False,False,False,False,False,False,False,0,both,82,1,1,2
2113,False,False,False,False,False,False,False,False,False,False,False,0,both,59,0,1,2
2114,False,False,False,False,True,False,False,False,False,False,False,1,impression_only,74,4,1,2
2115,True,False,False,False,True,True,False,False,False,False,False,3,neither,0,0,0,2
2116,False,False,False,False,False,False,False,False,False,False,False,0,both,39,0,1,2
2117,False,False,False,False,False,False,False,False,False,False,False,0,both,77,3,1,2
2118,False,False,False,False,False,False,False,False,False,False,False,0,both,72,6,1,2
2119,False,False,False,False,False,False,False,False,False,False,False,0,both,58,1,1,2
2120,False,False,False,False,False,False,True,False,False,False,False,1,both,17,0,50,2
2121,False,False,False,False,False,False,False,False,False,False,False,0,both,58,2,1,2
2122,False,False,False,False,False,False,False,False,False,False,False,0,both,49,3,1,1
2123,False,False,False,False,False,False,False,False,False,False,False,0,both,28,1,1,2
2124,False,False,False,False,False,False,False,False,False,False,False,0,both,35,0,1,2
2125,False,False,False,False,True,False,False,False,False,False,False,1,impression_only,11,0,1,2
2126,False,False,False,False,True,False,False,False,False,False,False,1,impression_only,80,7,1,2
2127,False,False,False,False,False,False,False,False,False,False,False,0,both,39,5,1,2
2128,False,False,False,False,True,False,False,False,False,False,False,1,impression_only,19,0,1,2
2129,False,False,False,False,False,False,True,False,False,False,False,1,both,26,0,16,2
2130,False,False,False,True,False,False,False,False,False,False,False,1,both,110,4,1,2
2131,False,False,False,False,False,False,False,False,False,False,False,0,both,38,0,1,2
2132,False,False,False,False,False,False,False,False,False,False,False,0,both,22,0,1,2
2133,False,False,False,False,True,False,False,False,False,False,False,1,impression_only,40,0,1,2
2134,False,False,False,False,True,False,False,False,False,False,False,1,impression_only,16,0,1,2
2135,False,False,False,False,False,False,False,False,False,False,False,0,both,39,3,1,2
2136,False,False,False,False,False,False,True,False,False,False,False,1,both,19,0,8,2
2137,False,False,False,False,True,False,False,False,False,False,False,1,impression_only,22,0,1,2
2138,False,False,False,False,False,False,False,False,False,False,False,0,both,43,1,1,2
2139,False,False,False,False,False,False,False,False,False,False,False,0,both,42,3,1,2
2140,False,False,False,False,False,False,False,False,False,False,False,0,both,51,1,1,2
2141,False,False,False,False,False,False,False,False,False,False,False,0,both,30,0,1,1
2142,False,False,False,False,False,False,False,False,False,False,False,0,both,41,0,1,1
2143,False,False,False,False,True,False,False,False,False,False,False,1,impression_only,33,1,1,2
2144,False,False,False,False,False,False,False,False,False,False,False,0,both,32,2,1,2
2145,False,False,False,False,False,False,False,False,False,False,False,0,both,23,1,1,3
2146,False,False,False,False,False,False,True,False,False,False,False,1,both,19,1,10,3
2147,False,False,False,False,False,False,False,False,False,False,False,0,both,17,0,1,2
2148,False,False,False,False,False,False,True,False,False,False,False,1,both,20,0,8,2
2149,False,False,False,False,False,False,False,False,False,False,False,0,both,52,0,1,2
2150,False,False,False,False,False,False,False,False,False,False,False,0,both,48,0,1,2
2151,False,False,False,False,False,False,False,False,False,False,False,0,both,40,1,1,2
2152,False,False,False,False,False,False,True,False,False,False,False,1,both,18,0,2,2
2153,False,False,False,False,False,False,False,False,False,False,False,0,both,38,0,1,1
2154,False,False,False,False,True,False,False,False,False,False,False,1,impression_only,20,0,1,2
2155,False,False,False,False,False,False,False,False,False,False,False,0,both,28,0,1,1
2156,False,False,False,False,False,False,True,False,False,False,False,1,both,33,0,6,2
2157,False,False,False,False,True,False,True,False,False,False,False,2,impression_only,17,2,5,2
2158,False,False,False,False,False,False,False,False,False,False,False,0,both,50,3,1,2
2159,False,False,False,False,False,False,True,False,False,False,False,1,both,23,0,15,2
2160,False,False,False,False,False,False,True,False,False,False,False,1,both,34,0,5,2
2161,False,False,False,False,False,False,False,False,False,False,False,0,both,42,0,1,2
2162,False,False,False,False,False,False,False,False,False,False,False,0,both,51,3,1,2
2163,False,False,False,False,False,False,False,False,False,False,False,0,both,92,5,1,2
2164,False,False,False,False,True,False,False,False,False,False,False,1,impression_only,18,0,1,2
2165,False,False,False,False,False,False,False,False,False,False,False,0,both,72,3,1,2
2166,False,False,False,False,False,False,True,False,False,False,False,1,both,23,2,51,1
2167,False,False,False,False,False,False,False,False,False,False,False,0,both,55,3,1,2
2168,False,False,False,False,False,False,False,False,False,False,False,0,both,27,0,1,2
2169,False,False,False,False,False,False,False,False,False,False,False,0,both,59,5,1,3
2170,False,False,False,False,True,False,False,False,False,False,False,1,impression_only,18,1,1,2
2171,False,False,False,False,False,False,False,False,False,False,False,0,both,35,2,1,2
2172,False,False,False,False,False,False,False,False,False,False,False,0,both,33,0,1,2
2173,False,False,False,False,False,False,False,False,False,False,False,0,both,46,0,1,2
2174,False,False,False,False,False,False,True,False,False,False,False,1,both,30,1,4,2
2175,False,False,False,False,False,False,False,False,False,False,False,0,both,53,0,1,1
2176,False,False,False,False,False,False,True,False,False,False,False,1,both,35,0,25,2
2177,False,False,False,False,False,False,False,False,False,False,False,0,both,55,5,1,3
2178,False,False,False,False,True,False,False,False,False,False,False,1,impression_only,44,3,1,2
2179,False,False,False,False,False,False,False,False,False,False,False,0,both,23,0,1,2
2180,False,False,False,False,True,False,False,False,False,False,False,1,impression_only,28,1,1,2
2181,False,False,False,False,False,False,False,False,False,False,False,0,both,50,3,1,2
2183,False,False,False,False,False,False,False,False,False,False,False,0,both,18,0,1,2
2184,False,False,False,False,False,False,False,False,False,False,False,0,both,58,1,1,2
2185,False,False,False,False,False,False,False,False,False,False,False,0,both,42,3,1,2
2186,False,False,False,False,False,False,False,False,False,False,False,0,both,23,1,1,2
2187,False,False,False,False,False,False,False,False,False,False,False,0,both,78,2,1,1
2188,False,False,False,False,True,False,False,False,False,False,False,1,impression_only,70,4,1,2
2189,False,False,False,False,False,False,True,False,False,False,False,1,both,35,0,12,2
2190,False,False,False,False,False,False,False,False,False,False,False,0,both,35,1,1,2
2191,False,False,False,False,False,False,False,False,False,False,False,0,both,33,0,1,1
2192,False,False,False,False,False,False,False,False,False,False,False,0,both,49,1,1,2
2193,False,False,False,False,False,False,False,False,False,False,False,0,both,54,3,1,1
2194,False,False,False,False,True,False,False,False,False,False,False,1,impression_only,33,0,1,3
2195,False,False,False,False,False,False,False,False,False,False,False,0,both,45,1,1,2
2197,False,False,False,False,False,False,False,False,False,False,False,0,both,46,5,1,2
2198,False,False,False,False,False,False,False,False,False,False,False,0,both,27,0,1,2
2199,False,False,False,False,False,False,False,False,False,False,False,0,both,32,3,1,1
2200,False,False,False,False,False,False,False,False,False,False,False,0,both,40,1,1,2
2201,False,False,False,False,False,False,False,False,False,False,False,0,both,30,0,1,1
2202,False,False,False,False,True,False,True,False,False,False,False,2,impression_only,8,0,7,2
2203,False,False,False,False,False,False,False,False,False,False,False,0,both,43,0,1,2
2204,False,False,False,False,False,False,True,False,False,False,False,1,both,23,2,51,2
2205,False,False,False,False,False,False,False,False,False,False,False,0,both,79,2,1,1
2206,False,False,False,False,False,False,False,False,False,False,False,0,both,27,0,1,2
2207,False,False,False,False,False,False,False,False,False,False,False,0,both,33,0,1,2
2208,False,False,False,False,False,False,False,False,False,False,False,0,both,19,0,1,2
2209,False,False,False,False,False,False,False,False,False,False,False,0,both,24,0,1,2
2210,False,False,False,False,False,False,True,False,False,False,False,1,both,30,0,3,2
2211,False,False,False,False,False,False,False,False,False,False,False,0,both,41,1,1,2
2212,False,False,False,False,False,False,False,False,False,False,False,0,both,29,0,1,2
2213,False,False,False,False,False,False,False,False,False,False,False,0,both,39,3,1,2
2214,False,False,False,False,False,False,True,False,False,False,False,1,both,34,0,5,1
2215,False,False,False,False,False,False,True,False,False,False,False,1,both,26,0,5,2
2216,False,False,False,False,False,False,False,False,False,False,False,0,both,49,0,1,2
2217,False,False,False,False,False,False,False,False,False,False,False,0,both,38,4,1,2
2218,False,False,False,False,False,False,False,False,False,False,False,0,both,79,5,1,3
2219,False,False,False,False,True,False,False,False,False,False,False,1,impression_only,33,0,1,2
2220,False,False,False,False,False,False,False,False,False,False,False,0,both,57,2,1,1
2221,False,False,True,False,True,False,False,False,False,False,False,2,impression_only,4,0,1,2
2222,False,False,False,False,False,False,False,False,False,False,False,0,both,74,1,1,2
2223,False,False,False,False,False,False,False,False,False,False,False,0,both,75,2,1,2
2224,False,False,False,False,False,False,False,False,False,False,False,0,both,40,1,1,2
2225,False,False,False,False,False,False,True,False,False,False,False,1,both,35,0,8,2
2226,False,False,False,False,False,False,False,False,False,False,False,0,both,35,1,1,2
2227,False,False,False,False,False,False,False,False,False,False,False,0,both,86,3,1,1
2228,False,False,False,False,True,False,True,False,False,False,False,2,impression_only,9,0,7,2
2229,False,False,False,False,False,False,False,False,False,False,False,0,both,62,1,1,2
2230,False,False,False,False,False,False,False,False,False,False,False,0,both,29,0,1,2
2231,False,False,False,False,False,False,False,False,False,False,False,0,both,39,3,1,3
2232,False,False,False,False,False,False,True,False,False,False,False,1,both,33,0,10,2
2233,False,False,False,False,False,False,False,False,False,False,False,0,both,38,1,1,2
2234,False,False,False,False,True,False,False,False,False,False,False,1,impression_only,9,0,1,2
2235,False,False,False,False,False,False,False,False,False,False,False,0,both,36,0,1,2
2236,False,False,False,False,False,False,False,False,False,False,False,0,both,25,1,1,2
2237,False,False,False,False,True,False,False,False,False,False,False,1,impression_only,17,1,1,2
2238,False,False,False,False,False,False,True,False,False,False,False,1,both,17,0,50,2
2239,False,False,False,False,False,False,False,False,False,False,False,0,both,70,0,1,2
2240,False,False,False,False,False,False,True,False,False,False,False,1,both,17,0,50,2
2241,False,False,False,False,False,False,False,False,False,False,False,0,both,59,2,1,1
2242,False,False,False,False,True,False,False,False,False,False,False,1,impression_only,12,0,1,2
2243,False,False,False,False,False,False,False,False,False,False,False,0,both,44,0,1,4
2244,False,False,False,False,True,False,True,False,False,False,False,2,impression_only,18,1,16,2
2245,False,False,False,False,False,False,True,False,False,False,False,1,both,24,0,9,2
2246,False,False,False,False,False,False,False,False,False,False,False,0,both,44,3,1,2
2247,False,False,False,False,False,False,False,False,False,False,False,0,both,19,0,1,2
2248,False,False,False,False,False,False,True,False,False,False,False,1,both,33,0,5,2
2249,False,False,False,False,True,False,False,False,False,False,False,1,impression_only,62,2,1,2
2250,False,False,False,False,False,False,False,False,False,False,False,0,both,58,1,1,1
2251,False,False,False,False,False,False,True,False,False,False,False,1,both,17,0,50,1
2252,False,False,False,False,False,False,True,False,False,False,False,1,both,20,1,39,2
2253,False,False,False,False,False,False,False,False,False,False,False,0,both,27,0,1,2
2254,False,False,False,False,False,False,False,False,False,False,False,0,both,25,0,1,1
2255,False,False,False,False,False,False,False,False,False,False,False,0,both,55,0,1,2
2256,False,False,False,False,False,False,False,False,False,False,False,0,both,45,3,1,3
2257,False,False,False,False,False,False,False,False,False,False,False,0,both,25,0,1,2
2258,False,False,False,False,False,False,False,False,False,False,False,0,both,67,1,1,2
2259,False,False,False,False,False,False,False,False,False,False,False,0,both,98,6,1,2
2260,False,False,False,False,False,False,True,False,False,False,False,1,both,26,0,5,2
2261,False,False,False,False,False,False,False,False,False,False,False,0,both,63,1,1,2
2262,False,False,False,False,False,False,False,False,False,False,False,0,both,31,3,1,2
2263,False,False,False,False,False,False,False,False,False,False,False,0,both,43,5,1,2
2264,False,False,False,False,False,False,False,False,False,False,False,0,both,29,0,1,2
2265,False,False,False,False,True,False,False,False,False,False,False,1,impression_only,55,3,1,2
2266,False,False,False,False,True,False,False,False,False,False,False,1,impression_only,39,2,1,3
2267,False,False,False,False,False,False,False,False,False,False,False,0,both,37,0,1,2
2268,False,False,False,False,True,False,False,False,False,False,False,1,impression_only,30,2,1,2
2269,False,False,False,False,False,False,False,False,False,False,False,0,both,28,1,1,2
2270,False,False,False,False,False,False,False,False,False,False,False,0,both,57,1,1,2
2271,False,False,False,True,False,False,False,False,False,False,False,1,both,115,7,1,1
2272,False,False,False,False,True,False,False,False,False,False,False,1,impression_only,52,2,1,2
2273,False,False,False,False,False,False,True,False,False,False,False,1,both,18,0,5,2
2274,False,False,False,False,False,False,False,False,False,False,False,0,both,21,1,1,1
2275,False,False,False,False,False,False,False,False,False,False,False,0,both,55,2,1,2
2276,False,False,False,False,False,False,False,False,False,False,False,0,both,53,4,1,2
2277,False,False,False,False,False,False,True,False,False,False,False,1,both,40,1,5,2
2278,False,False,False,False,False,False,False,False,False,False,False,0,both,47,3,1,2
2279,False,False,False,False,False,False,False,False,False,False,False,0,both,54,1,1,2
2280,False,False,False,False,True,False,False,False,False,False,False,1,impression_only,30,2,1,4
2281,False,False,False,False,False,False,False,False,False,False,False,0,both,14,0,1,1
2282,False,False,False,False,False,False,False,False,False,False,False,0,both,40,0,1,2
2283,False,False,False,False,False,False,False,False,False,False,False,0,both,42,1,1,2
2285,False,False,False,False,False,False,False,True,False,False,False,1,both,78,6,1,2
2286,False,False,False,False,False,False,False,False,False,False,False,0,both,26,1,1,2
2287,False,False,False,False,True,False,False,False,False,False,False,1,impression_only,11,0,1,2
2288,False,False,False,False,False,False,False,False,False,False,False,0,both,37,1,1,2
2289,False,False,False,False,False,False,False,False,False,False,False,0,both,58,1,1,2
2290,False,False,False,False,False,False,False,False,False,False,False,0,both,31,0,1,2
2291,False,False,False,False,False,False,False,False,False,False,False,0,both,36,0,1,2
2292,False,False,False,False,False,False,True,False,False,False,False,1,both,26,1,9,2
2293,False,False,False,False,False,False,False,False,False,False,False,0,both,51,4,1,2
2294,False,False,False,False,True,False,True,False,False,False,False,2,impression_only,18,1,16,2
2295,False,False,False,False,False,False,False,False,False,False,False,0,both,35,0,1,2
2296,False,False,False,False,False,False,False,False,False,False,False,0,both,49,0,1,2
2297,False,False,False,False,False,False,False,False,False,False,False,0,both,21,2,1,2
2298,False,False,False,False,False,False,True,False,False,False,False,1,both,31,0,2,1
2299,False,False,False,False,False,False,False,False,False,False,False,0,both,47,1,1,2
2300,False,False,False,False,False,False,False,False,False,False,False,0,both,22,0,1,2
2301,False,False,False,False,False,False,False,False,False,False,False,0,both,27,1,1,2
2302,False,False,False,False,False,False,False,False,False,False,False,0,both,40,0,1,1
2303,False,False,False,False,True,False,False,False,False,False,False,1,impression_only,6,0,1,2
2304,False,False,False,False,False,False,True,False,False,False,False,1,both,25,0,9,2
2305,False,False,False,False,False,False,False,False,False,False,False,0,both,22,0,1,2
2306,False,False,False,False,False,False,False,False,False,False,False,0,both,36,2,1,2
2307,False,False,False,False,False,False,False,False,False,False,False,0,both,35,2,1,2
2308,False,False,False,False,True,False,False,False,False,False,False,1,impression_only,12,0,1,3
2310,False,False,False,False,False,False,False,False,False,False,False,0,both,22,0,1,2
2311,False,False,False,False,False,False,False,False,False,False,False,0,both,35,1,1,2
2312,False,False,False,False,False,False,True,False,False,False,False,1,both,17,0,50,2
2313,False,False,False,False,False,False,False,False,False,False,False,0,both,32,2,1,2
2314,False,False,False,False,False,False,False,False,False,False,False,0,both,28,4,1,2
2315,False,False,False,False,False,False,False,False,False,False,False,0,both,62,1,1,2
2316,False,False,False,False,False,False,True,False,False,False,False,1,both,18,0,14,2
2317,False,False,False,False,False,False,False,False,False,False,False,0,both,20,1,1,2
2318,False,False,False,False,True,False,False,False,False,False,False,1,impression_only,31,2,1,2
2319,False,False,False,False,True,False,True,False,False,False,False,2,impression_only,18,1,16,2
2320,False,False,False,False,False,False,False,False,False,False,False,0,both,28,0,1,2
2321,False,False,False,False,False,False,True,False,False,False,False,1,both,17,0,50,3
2322,False,False,False,False,False,False,False,False,False,False,False,0,both,27,2,1,2
2323,False,False,False,False,False,False,True,False,False,False,False,1,both,30,0,4,2
2324,False,False,False,False,False,False,True,False,False,False,False,1,both,19,0,14,2
2325,False,False,False,False,True,False,False,False,False,False,False,1,impression_only,38,1,1,2
2326,False,False,False,False,False,False,False,False,False,False,False,0,both,32,0,1,2
2327,False,False,False,False,False,False,False,False,False,False,False,0,both,64,4,1,2
2328,False,False,False,False,False,False,False,False,False,False,False,0,both,49,1,1,2
2329,False,False,False,False,False,False,False,False,False,False,False,0,both,43,0,1,1
2330,False,False,False,False,True,False,False,False,False,False,False,1,impression_only,34,0,1,1
2331,False,False,False,False,False,False,False,False,False,False,False,0,both,60,2,1,1
2332,False,False,False,False,False,False,False,False,False,False,False,0,both,25,0,1,2
2333,False,False,False,False,False,False,False,False,False,False,False,0,both,29,0,1,1
2334,False,False,False,False,False,False,False,False,False,False,False,0,both,57,1,1,2
2335,False,False,False,False,False,False,False,False,False,False,False,0,both,24,0,1,2
2336,False,False,False,False,False,False,False,False,False,False,False,0,both,25,1,1,3
2337,False,False,False,False,False,False,False,False,False,False,False,0,both,41,2,1,1
2338,False,False,False,False,False,False,False,False,False,False,False,0,both,84,0,1,3
2339,False,False,False,False,False,False,False,False,False,False,False,0,both,38,1,1,1
2340,False,False,False,False,False,False,False,False,False,False,False,0,both,49,0,1,2
2341,False,False,False,False,False,False,True,False,False,False,False,1,both,14,0,10,2
2342,False,False,False,False,False,False,False,False,False,False,False,0,both,59,1,1,2
2343,False,False,False,False,False,False,True,False,False,False,False,1,both,36,0,4,2
2344,False,False,False,False,False,False,False,False,False,False,False,0,both,30,0,1,2
2345,False,False,False,False,False,False,False,False,False,False,False,0,both,38,0,1,2
2347,False,False,False,False,False,False,False,False,False,False,False,0,both,28,1,1,1
2348,False,False,False,False,False,False,False,False,False,False,False,0,both,67,3,1,2
2349,False,False,False,False,False,False,False,False,False,False,False,0,both,17,0,1,2
2350,False,False,False,False,False,False,False,False,False,False,False,0,both,30,0,1,2
2351,False,False,False,False,False,False,False,False,False,False,False,0,both,35,0,1,2
2352,False,False,False,False,True,False,False,False,False,False,False,1,impression_only,26,0,1,1
2353,False,False,False,False,False,False,True,False,False,False,False,1,both,20,1,39,2
2354,False,False,False,False,False,False,True,False,False,False,False,1,both,23,0,3,2
2355,False,False,False,False,False,False,False,False,False,False,False,0,both,76,2,1,2
2356,False,False,False,False,False,False,False,False,False,False,False,0,both,26,0,1,2
2357,False,False,False,False,False,False,True,False,False,False,False,1,both,25,0,9,2
2358,False,False,False,False,False,False,False,False,False,False,False,0,both,33,0,1,2
2359,False,False,False,False,False,False,False,False,False,False,False,0,both,91,7,1,1
2360,False,False,False,False,False,False,False,False,False,False,False,0,both,19,0,1,2
2361,False,False,False,False,False,False,False,False,False,False,False,0,both,29,0,1,2
2362,False,False,False,False,False,False,True,False,False,False,False,1,both,27,0,21,2
2363,False,False,False,False,False,False,False,False,False,False,False,0,both,52,1,1,2
2364,False,False,False,False,False,False,False,False,False,False,False,0,both,32,1,1,2
2365,False,False,False,False,False,False,True,False,False,False,False,1,both,30,0,7,2
2366,False,False,False,False,True,False,False,False,False,False,False,1,impression_only,34,4,1,2
2367,False,False,False,False,False,False,True,False,False,False,False,1,both,31,0,3,1
2368,False,False,False,False,False,False,False,False,False,False,False,0,both,32,0,1,2
2369,False,False,False,False,False,False,False,False,False,False,False,0,both,65,3,1,1
2370,False,False,False,False,False,False,False,False,False,False,False,0,both,37,1,1,2
2371,False,False,False,False,False,False,False,False,False,False,False,0,both,44,0,1,2
2372,False,False,False,False,False,False,False,False,False,False,False,0,both,42,1,1,2
2373,False,False,False,False,False,False,False,False,False,False,False,0,both,49,0,1,1
2374,False,False,False,False,True,False,True,False,False,False,False,2,impression_only,18,1,16,2
2375,False,False,False,False,False,False,False,False,False,False,False,0,both,41,0,1,2
2376,False,False,False,False,False,False,True,False,False,False,False,1,both,30,1,4,2
2377,False,False,False,False,False,False,True,False,False,False,False,1,both,30,0,7,2
2378,False,False,False,False,False,False,False,False,False,False,False,0,both,30,0,1,2
2379,False,False,False,False,False,False,False,False,False,False,False,0,both,42,0,1,2
2380,False,False,False,False,False,False,False,False,False,False,False,0,both,66,0,1,2
2381,False,False,False,False,False,False,False,False,False,False,False,0,both,27,0,1,2
2382,False,False,False,False,False,False,False,False,False,False,False,0,both,33,1,1,2
2383,False,False,False,False,False,False,False,False,False,False,False,0,both,38,4,1,2
2384,False,False,False,False,False,False,False,False,False,False,False,0,both,44,0,1,2
2385,False,False,False,False,True,False,False,False,False,False,False,1,impression_only,19,0,1,2
2386,False,False,False,False,False,False,False,False,False,False,False,0,both,44,0,1,2
2387,False,False,False,False,False,False,False,False,False,False,False,0,both,61,0,1,2
2388,False,False,False,False,False,False,True,False,False,False,False,1,both,20,1,39,1
2389,False,False,False,False,False,False,True,False,False,False,False,1,both,35,0,10,2
2390,False,False,False,False,False,False,False,False,False,False,False,0,both,68,1,1,2
2391,False,False,False,False,False,False,False,False,False,False,False,0,both,24,0,1,2
2392,False,False,False,False,False,False,True,False,False,False,False,1,both,25,0,3,1
2393,False,False,False,False,False,False,False,False,False,False,False,0,both,31,0,1,2
2394,False,False,False,False,False,False,True,False,False,False,False,1,both,35,1,3,2
2395,False,False,False,False,False,False,False,False,False,False,False,0,both,12,0,1,2
2396,False,False,False,False,False,False,False,False,False,False,False,0,both,57,3,1,2
2397,False,False,False,False,False,False,False,False,False,False,False,0,both,28,1,1,3
2398,False,False,False,False,False,False,False,False,False,False,False,0,both,45,2,1,3
2400,False,False,False,False,True,False,False,False,False,False,False,1,impression_only,10,0,1,2
2401,False,False,False,False,False,False,False,False,False,False,False,0,both,41,0,1,2
2402,False,False,False,False,False,False,False,False,False,False,False,0,both,35,0,1,2
2403,False,False,False,False,False,False,False,False,False,False,False,0,both,41,1,1,2
2404,False,False,False,False,True,False,False,False,False,False,False,1,impression_only,49,1,1,2
2405,False,False,False,False,True,False,False,False,False,False,False,1,impression_only,27,0,1,2
2406,False,False,False,False,False,False,False,False,False,False,False,0,both,26,1,1,2
2407,False,False,False,False,False,False,False,False,False,False,False,0,both,38,0,1,2
2408,False,False,False,True,False,False,False,False,False,False,False,1,both,118,11,1,2
2409,False,False,False,False,False,False,False,False,False,False,False,0,both,69,3,1,1
2410,False,False,False,False,False,False,False,False,False,False,False,0,both,51,3,1,2
2411,False,False,False,False,False,False,False,False,False,False,False,0,both,29,0,1,2
2412,False,False,False,False,False,False,False,False,False,False,False,0,both,44,1,1,2
2413,False,False,False,False,False,False,True,False,False,False,False,1,both,20,0,3,2
2414,False,False,False,False,False,False,False,False,False,False,False,0,both,105,1,1,1
2415,False,False,False,True,False,False,False,False,False,False,False,1,both,176,6,1,2
2416,False,False,False,False,False,False,False,False,False,False,False,0,both,27,1,1,2
2417,False,False,False,False,False,False,False,False,False,False,False,0,both,26,0,1,2
2418,False,False,False,False,False,False,False,False,False,False,False,0,both,64,2,1,1
2419,False,False,False,False,True,False,False,False,False,False,False,1,impression_only,33,2,1,2
2420,False,False,False,False,False,False,False,False,False,False,False,0,both,54,1,1,2
2421,False,False,False,False,False,False,False,False,False,False,False,0,both,46,2,1,1
2422,False,False,False,False,False,False,False,False,False,False,False,0,both,25,0,1,2
2423,False,False,False,False,False,False,True,False,False,False,False,1,both,17,0,50,2
2424,False,False,False,False,False,False,False,False,False,False,False,0,both,39,0,1,2
2425,False,False,False,False,False,False,False,False,False,False,False,0,both,18,0,1,3
2426,False,False,False,False,False,False,False,False,False,False,False,0,both,42,0,1,1
2427,False,False,False,False,False,False,False,False,False,False,False,0,both,46,0,1,2
2428,False,False,False,False,False,False,False,False,False,False,False,0,both,73,1,1,2
2430,False,False,False,True,False,False,False,False,False,False,False,1,both,155,14,1,1
2431,False,False,False,False,False,False,False,False,False,False,False,0,both,26,1,1,2
2432,False,False,False,False,False,False,True,False,False,False,False,1,both,35,0,25,2
2433,False,False,False,False,False,False,False,False,False,False,False,0,both,30,0,1,3
2434,False,False,False,False,False,False,False,False,False,False,False,0,both,23,1,1,2
2435,False,True,True,False,True,False,True,False,False,False,False,4,impression_only,3,0,12,2
2436,False,False,False,False,True,False,False,False,False,False,False,1,impression_only,12,0,1,2
2437,False,False,False,False,False,False,False,False,False,False,False,0,both,24,1,1,2
2438,False,False,False,False,False,False,True,False,False,False,False,1,both,22,0,15,2
2439,False,False,False,False,False,False,False,False,False,False,False,0,both,29,0,1,2
2440,False,False,False,False,False,False,False,False,False,False,False,0,both,29,0,1,2
2441,False,False,False,False,False,False,False,False,False,False,False,0,both,75,1,1,2
2442,False,False,False,False,False,False,False,False,False,False,False,0,both,55,1,1,2
2443,False,False,False,False,False,False,True,False,False,False,False,1,both,34,0,2,2
2444,False,False,False,False,False,False,False,False,False,False,False,0,both,41,1,1,2
2445,False,False,False,False,False,False,True,False,False,False,False,1,both,17,0,50,2
2446,False,False,False,False,False,False,False,False,False,False,False,0,both,30,2,1,2
2447,False,False,False,False,False,False,False,False,False,False,False,0,both,47,2,1,2
2448,False,False,False,False,False,False,False,False,False,False,False,0,both,22,0,1,2
2449,False,False,False,False,False,False,False,False,False,False,False,0,both,32,1,1,2
2450,False,False,False,False,False,False,True,False,False,False,False,1,both,34,0,4,2
2451,False,False,False,False,False,False,False,False,False,False,False,0,both,73,0,1,2
2453,False,False,False,False,False,False,True,False,False,False,False,1,both,27,0,21,2
2454,False,False,False,False,False,False,False,False,False,False,False,0,both,53,3,1,2
2455,False,False,False,False,True,False,False,False,False,False,False,1,impression_only,29,2,1,2
2456,False,False,False,False,False,False,False,False,False,False,False,0,both,70,10,1,2
2457,False,False,False,False,False,False,True,False,False,False,False,1,both,30,1,4,2
2458,False,False,False,False,False,False,False,False,False,False,False,0,both,22,0,1,2
2459,False,False,False,False,False,False,True,False,False,False,False,1,both,23,0,6,2
2460,False,True,True,False,True,False,True,False,False,False,False,4,impression_only,3,0,12,2
2461,False,False,False,False,True,False,False,False,False,False,False,1,impression_only,23,1,1,2
2462,False,False,False,False,False,False,False,False,False,False,False,0,both,46,2,1,2
2463,False,False,False,False,True,False,False,False,False,False,False,1,impression_only,22,0,1,2
2464,False,False,False,False,False,False,False,False,False,False,False,0,both,37,1,1,2
2465,False,False,False,False,False,False,False,False,False,False,False,0,both,37,0,1,2
2466,False,False,False,False,False,False,True,False,False,False,False,1,both,24,0,9,2
2467,False,False,False,False,False,False,False,False,False,False,False,0,both,48,0,1,2
2468,False,False,False,False,True,False,False,False,False,False,False,1,impression_only,19,0,1,2
2469,False,False,False,False,False,False,False,False,False,False,False,0,both,43,3,1,2
2470,False,False,False,False,False,False,False,False,False,False,False,0,both,30,1,1,3
2471,False,False,False,False,False,False,False,False,False,False,False,0,both,41,0,1,2
2472,False,False,False,False,True,False,False,False,False,False,False,1,impression_only,21,0,1,1
2473,False,False,False,False,False,False,True,False,False,False,False,1,both,19,0,2,2
2474,False,False,False,False,False,False,False,False,False,False,False,0,both,38,2,1,1
2475,False,False,False,False,False,False,False,False,False,False,False,0,both,17,2,1,2
2476,False,False,False,False,False,False,True,False,False,False,False,1,both,37,0,3,2
2477,False,False,False,False,False,False,False,False,False,False,False,0,both,70,4,1,2
2478,False,False,False,False,False,False,False,False,False,False,False,0,both,73,2,1,2
2479,False,False,False,False,False,False,False,False,False,False,False,0,both,57,1,1,1
2480,False,False,False,False,False,False,True,False,False,False,False,1,both,32,1,14,2
2481,False,False,False,False,False,False,False,False,False,False,False,0,both,63,6,1,1
2482,False,False,False,False,True,False,False,False,False,False,False,1,impression_only,13,0,1,2
2483,False,False,False,False,False,False,False,False,False,False,False,0,both,44,0,1,2
2484,False,False,False,False,False,False,False,False,False,False,False,0,both,51,2,1,2
2485,False,False,False,False,False,False,False,False,False,False,False,0,both,44,1,1,2
2486,False,False,False,False,False,False,False,False,False,False,False,0,both,60,0,1,2
2487,False,False,False,True,False,False,False,False,False,False,False,1,both,120,2,1,2
2488,False,False,False,False,True,False,False,False,False,False,False,1,impression_only,52,6,1,1
2489,False,False,False,False,False,False,False,False,False,False,False,0,both,41,1,1,2
2490,False,False,False,False,True,False,False,False,False,False,False,1,impression_only,9,0,1,2
2491,False,False,False,False,False,False,True,False,False,False,False,1,both,28,0,3,2
2492,False,False,False,False,False,False,False,False,False,False,False,0,both,51,0,1,2
2493,False,False,False,False,False,False,False,False,False,False,False,0,both,40,0,1,2
2494,False,False,False,False,False,False,False,False,False,False,False,0,both,56,1,1,2
2495,False,False,False,False,True,False,False,False,False,False,False,1,impression_only,29,1,1,2
2496,False,False,False,False,False,False,False,False,False,False,False,0,both,59,2,1,1
2497,False,False,False,False,True,False,False,False,False,False,False,1,impression_only,24,5,1,2
2498,False,False,False,False,True,False,False,False,False,False,False,1,impression_only,12,1,1,2
2499,False,False,False,False,False,False,False,False,False,False,False,0,both,56,0,1,2
2501,False,False,False,False,False,False,False,False,False,False,False,0,both,49,0,1,2
2502,False,False,False,False,False,False,False,False,False,False,False,0,both,78,0,1,2
2503,False,False,False,False,False,False,True,False,False,False,False,1,both,36,0,4,2
2504,False,False,False,False,False,False,False,False,False,False,False,0,both,23,0,1,2
2505,False,False,False,False,False,False,False,False,False,False,False,0,both,30,2,1,2
2506,False,False,False,False,False,False,False,False,False,False,False,0,both,36,1,1,2
2507,False,False,False,False,False,False,False,False,False,False,False,0,both,29,2,1,2
2509,False,False,False,False,False,False,False,False,False,False,False,0,both,35,0,1,2
2510,False,False,False,False,False,False,False,False,False,False,False,0,both,24,0,1,2
2511,False,False,False,False,False,False,False,False,False,False,False,0,both,35,2,1,2
2512,False,False,False,False,True,False,False,False,False,False,False,1,impression_only,79,4,1,1
2513,False,False,False,False,False,False,False,False,False,False,False,0,both,51,2,1,1
2514,False,False,False,False,False,False,True,False,False,False,False,1,both,36,0,2,2
2515,False,False,False,False,False,False,True,False,False,False,False,1,both,35,0,8,1
2516,False,False,False,False,False,False,False,False,False,False,False,0,both,40,0,1,2
2517,False,False,False,False,False,False,True,False,False,False,False,1,both,23,0,3,2
2518,False,False,False,False,False,False,False,False,False,False,False,0,both,33,0,1,2
2519,False,False,False,False,False,False,False,False,False,False,False,0,both,24,0,1,2
2520,False,False,False,False,False,False,False,False,False,False,False,0,both,62,1,1,2
2522,False,False,False,False,False,False,False,False,False,False,False,0,both,51,0,1,1
2523,False,False,False,False,False,False,True,False,False,False,False,1,both,26,0,8,2
2524,False,False,False,False,False,False,True,False,False,False,False,1,both,17,0,2,2
2525,False,False,False,False,True,False,False,False,False,False,False,1,impression_only,16,1,1,1
2526,False,False,False,False,True,False,True,False,False,False,False,2,impression_only,30,2,2,2
2527,False,False,False,False,False,False,False,False,False,False,False,0,both,40,0,1,2
2528,False,False,False,False,False,False,False,False,False,False,False,0,both,28,1,1,2
2529,False,False,False,False,False,False,True,False,False,False,False,1,both,34,0,41,2
2530,False,False,False,False,False,False,False,False,False,False,False,0,both,86,1,1,1
2531,False,False,False,False,False,False,False,False,False,False,False,0,both,47,0,1,2
2532,False,False,False,False,False,False,False,False,False,False,False,0,both,43,0,1,2
2533,False,False,False,False,False,False,False,False,False,False,False,0,both,34,0,1,2
2535,False,False,False,False,False,False,False,False,False,False,False,0,both,27,0,1,1
2536,False,False,False,False,False,False,False,False,False,False,False,0,both,43,2,1,2
2537,False,False,False,False,False,False,False,False,False,False,False,0,both,71,3,1,2
2538,False,False,False,False,False,False,False,False,False,False,False,0,both,27,0,1,2
2539,False,False,False,False,False,False,False,False,False,False,False,0,both,17,0,1,3
2540,False,False,False,False,False,False,True,False,False,False,False,1,both,33,0,10,2
2541,False,False,False,False,False,False,False,False,False,False,False,0,both,36,0,1,2
2542,False,False,False,False,False,False,True,False,False,False,False,1,both,47,1,2,2
2543,False,False,False,False,True,False,False,False,False,False,False,1,impression_only,14,0,1,3
2544,False,False,False,False,False,False,False,False,False,False,False,0,both,48,2,1,2
2545,False,False,False,False,False,False,False,False,False,False,False,0,both,33,2,1,2
2546,False,False,False,False,False,False,False,False,False,False,False,0,both,34,0,1,2
2547,False,False,False,False,False,False,False,False,False,False,False,0,both,68,3,1,1
2548,False,False,False,False,True,False,False,False,False,False,False,1,impression_only,73,3,1,2
2549,False,False,False,False,False,False,True,False,False,False,False,1,both,33,0,6,2
2550,False,False,False,False,True,False,False,False,False,False,False,1,impression_only,29,2,1,1
2551,False,False,False,False,False,False,True,False,False,False,False,1,both,23,0,4,2
2552,False,False,False,False,False,False,False,False,False,False,False,0,both,24,0,1,2
2553,False,False,False,False,False,False,False,False,False,False,False,0,both,52,0,1,2
2554,False,False,False,False,False,False,False,False,False,False,False,0,both,41,2,1,2
2555,False,False,False,False,False,False,False,False,False,False,False,0,both,37,0,1,2
2557,False,False,False,False,True,False,False,False,False,False,False,1,impression_only,25,0,1,2
2558,False,False,False,False,False,False,True,False,False,False,False,1,both,31,0,3,2
2559,False,False,False,False,False,False,True,False,False,False,False,1,both,30,0,7,2
2560,False,False,False,False,False,False,False,False,False,False,False,0,both,42,0,1,3
2561,False,False,False,False,False,False,True,False,False,False,False,1,both,27,0,21,1
2562,False,False,False,False,False,False,False,False,False,False,False,0,both,69,1,1,2
2563,False,False,False,False,False,False,True,False,False,False,False,1,both,35,0,25,2
2564,False,False,False,False,False,False,False,True,False,False,False,1,both,42,0,1,2
2565,False,False,False,False,False,False,False,False,False,False,False,0,both,40,0,1,2
2566,False,False,False,False,True,False,True,False,False,False,False,2,impression_only,26,0,9,2
2567,False,False,False,False,False,False,True,False,False,False,False,1,both,17,0,50,2
2568,False,False,False,False,False,False,False,False,False,False,False,0,both,43,3,1,2
2569,False,False,False,False,False,False,False,False,False,False,False,0,both,55,1,1,3
2570,False,False,False,False,False,False,False,False,False,False,False,0,both,70,3,1,2
2571,False,False,False,False,False,False,False,False,False,False,False,0,both,37,0,1,1
2572,False,False,False,False,False,False,False,False,False,False,False,0,both,26,0,1,2
2573,False,False,False,False,False,False,True,False,False,False,False,1,both,26,1,9,1
2574,False,False,False,False,True,False,False,False,False,False,False,1,impression_only,11,0,1,2
2575,False,False,False,False,False,False,False,False,False,False,False,0,both,24,0,1,2
2576,False,False,False,False,False,False,False,False,False,False,False,0,both,35,1,1,1
2577,False,False,False,False,False,False,False,False,False,False,False,0,both,27,4,1,2
2578,False,False,False,False,False,False,False,False,False,False,False,0,both,73,3,1,2
2579,False,False,False,False,False,False,False,False,False,False,False,0,both,21,0,1,2
2580,False,False,False,False,False,False,False,False,False,False,False,0,both,30,1,1,2
2581,False,False,False,False,False,False,False,False,False,False,False,0,both,79,4,1,2
2582,False,False,False,False,False,False,False,False,False,False,False,0,both,49,0,1,1
2583,False,False,False,False,False,False,True,False,False,False,False,1,both,17,0,50,2
2584,False,False,False,False,False,False,True,False,False,False,False,1,both,35,0,10,2
2585,False,False,False,False,False,False,False,False,False,False,False,0,both,75,2,1,2
2586,False,False,False,False,True,False,False,False,False,False,False,1,impression_only,12,0,1,2
2587,False,False,False,False,False,False,False,False,False,False,False,0,both,41,2,1,1
2588,False,False,False,False,False,False,False,False,False,False,False,0,both,67,2,1,2
2589,False,False,False,False,False,False,False,False,False,False,False,0,both,44,0,1,2
2590,False,False,False,False,False,False,True,False,False,False,False,1,both,17,0,50,2
2591,False,False,False,False,False,False,True,False,False,False,False,1,both,27,0,7,2
2592,False,False,False,False,False,False,True,False,False,False,False,1,both,26,0,14,2
2593,False,False,False,False,False,False,False,False,False,False,False,0,both,44,0,1,2
2594,False,False,False,False,False,False,False,False,False,False,False,0,both,68,1,1,3
2595,False,False,False,False,False,False,True,False,False,False,False,1,both,34,0,41,2
2596,False,False,False,False,False,False,False,False,False,False,False,0,both,34,0,1,2
2597,False,False,False,False,False,False,False,False,False,False,False,0,both,25,1,1,2
2599,False,False,False,False,False,False,False,False,False,False,False,0,both,54,0,1,1
2600,False,False,False,False,False,False,False,False,False,False,False,0,both,36,4,1,2
2601,True,False,False,False,True,True,False,False,False,False,False,3,neither,0,0,0,1
2604,False,True,True,False,True,False,True,False,False,False,False,4,impression_only,3,0,12,2
2605,False,False,False,False,False,False,False,False,False,False,False,0,both,37,0,1,1
2606,False,False,False,False,False,False,False,False,False,False,False,0,both,89,3,1,1
2607,False,False,False,False,True,False,False,False,False,False,False,1,impression_only,26,2,1,2
2608,False,False,False,False,False,False,False,False,False,False,False,0,both,27,3,1,2
2609,False,True,True,False,True,False,True,False,False,False,False,4,impression_only,3,0,12,2
2610,False,False,False,False,False,False,False,False,False,False,False,0,both,36,2,1,2
2611,False,False,False,False,False,False,False,False,False,False,False,0,both,22,0,1,3
2612,False,False,False,False,False,False,True,False,False,False,False,1,both,35,0,25,2
2613,False,False,False,False,True,False,False,False,False,False,False,1,impression_only,22,0,1,2
2614,False,False,False,False,False,False,False,False,False,False,False,0,both,38,2,1,2
2615,False,False,False,False,False,False,False,False,False,False,False,0,both,60,1,1,2
2616,False,False,False,False,False,False,False,False,False,False,False,0,both,71,3,1,2
2617,False,False,False,False,False,False,False,False,False,False,False,0,both,33,0,1,2
2618,False,False,False,False,False,False,False,False,False,False,False,0,both,28,0,1,2
2619,False,False,False,False,True,False,False,False,False,False,False,1,impression_only,46,2,1,1
2620,False,False,False,False,False,False,False,False,False,False,False,0,both,35,0,1,2
2621,False,False,False,False,False,False,True,False,False,False,False,1,both,13,0,32,2
2622,False,False,False,False,False,False,False,False,False,False,False,0,both,27,0,1,2
2623,False,False,False,False,False,False,True,False,False,False,False,1,both,30,0,4,2
2624,False,False,False,False,False,False,False,False,False,False,False,0,both,46,2,1,2
2625,False,False,False,False,False,False,False,False,False,False,False,0,both,22,0,1,2
2626,False,False,False,False,True,False,False,False,False,False,False,1,impression_only,23,3,1,2
2627,False,False,False,False,False,False,False,False,False,False,False,0,both,39,0,1,2
2628,False,False,False,False,False,False,False,False,False,False,False,0,both,72,1,1,2
2629,False,False,False,False,False,False,False,False,False,False,False,0,both,18,0,1,2
2630,False,False,False,False,True,False,False,False,False,False,False,1,impression_only,16,1,1,1
2631,False,False,False,False,False,False,False,False,False,False,False,0,both,54,4,1,2
2632,False,False,False,False,False,False,True,False,False,False,False,1,both,30,0,3,2
2633,False,False,False,False,False,False,False,False,False,False,False,0,both,85,2,1,2
2634,False,False,False,False,False,False,False,False,False,False,False,0,both,30,0,1,1
2635,False,False,False,False,False,False,True,False,False,False,False,1,both,26,0,16,1
2636,False,False,False,False,False,False,False,False,False,False,False,0,both,38,3,1,2
2637,False,False,False,False,False,False,False,False,False,False,False,0,both,58,0,1,3
2638,False,False,False,False,False,False,True,False,False,False,False,1,both,41,0,13,2
2639,False,False,False,False,False,False,False,False,False,False,False,0,both,46,2,1,2
2640,False,False,False,False,False,False,True,False,False,False,False,1,both,34,0,41,1
2642,False,False,False,True,True,False,False,False,False,False,False,2,impression_only,130,9,1,2
2643,False,False,False,False,False,False,True,False,False,False,False,1,both,22,0,15,2
2644,False,False,False,False,False,False,False,False,False,False,False,0,both,83,10,1,2
2645,False,False,False,False,False,False,False,False,False,False,False,0,both,33,1,1,2
2646,False,False,False,False,False,False,False,False,False,False,False,0,both,39,0,1,1
2647,False,False,False,False,False,False,False,False,False,False,False,0,both,42,1,1,2
2648,False,False,False,False,False,False,False,False,False,False,False,0,both,34,2,1,1
2649,False,False,False,False,False,False,False,False,False,False,False,0,both,31,0,1,1
2650,False,False,False,False,False,False,False,False,False,False,False,0,both,72,3,1,1
2651,False,False,False,False,False,False,True,False,False,False,False,1,both,24,0,9,2
2652,False,False,False,False,False,False,False,False,False,False,False,0,both,39,3,1,2
2653,False,False,False,False,False,False,False,False,False,False,False,0,both,37,0,1,2
2654,False,False,False,False,False,False,True,False,False,False,False,1,both,23,2,51,2
2655,False,False,False,False,False,False,False,False,False,False,False,0,both,34,1,1,2
2656,False,False,False,False,False,False,True,False,False,False,False,1,both,36,0,2,1
2657,False,False,False,False,True,False,False,False,False,False,False,1,impression_only,18,1,1,2
2658,False,False,False,False,False,False,False,False,False,False,False,0,both,33,0,1,2
2659,False,False,False,False,False,False,False,False,False,False,False,0,both,28,0,1,2
2660,False,False,False,False,False,False,True,False,False,False,False,1,both,20,1,39,2
2661,False,False,False,False,False,False,False,False,False,False,False,0,both,23,0,1,2
2662,False,False,False,False,False,False,True,False,False,False,False,1,both,17,0,50,2
2663,False,False,False,False,False,False,False,False,False,False,False,0,both,28,0,1,2
2664,False,False,False,False,True,False,False,False,False,False,False,1,impression_only,29,1,1,2
2665,False,False,False,False,False,False,True,False,False,False,False,1,both,27,0,7,2
2666,False,False,False,False,True,False,False,False,False,False,False,1,impression_only,27,1,1,2
2667,False,False,False,False,False,False,False,False,False,False,False,0,both,18,0,1,2
2668,False,False,False,False,False,False,True,False,False,False,False,1,both,17,0,50,2
2669,False,False,False,False,True,False,False,False,False,False,False,1,impression_only,34,0,1,2
2670,False,False,False,False,False,False,False,False,False,False,False,0,both,58,3,1,2
2671,False,False,False,False,True,False,False,False,False,False,False,1,impression_only,39,0,1,2
2672,False,False,False,False,False,False,True,False,False,False,False,1,both,23,0,6,2
2673,False,False,False,False,False,False,False,False,False,False,False,0,both,30,0,1,2
2674,False,False,False,False,True,False,False,False,False,False,False,1,impression_only,34,3,1,2
2676,False,False,False,False,False,False,False,False,False,False,False,0,both,48,1,1,2
2677,False,False,False,False,False,False,False,False,False,False,False,0,both,41,0,1,2
2679,False,False,False,False,True,False,False,False,False,False,False,1,impression_only,27,2,1,2
2680,False,False,False,False,False,False,True,False,False,False,False,1,both,26,0,14,3
2681,False,False,False,False,False,False,False,False,False,False,False,0,both,61,3,1,2
2683,False,False,False,False,False,False,True,False,False,False,False,1,both,20,1,39,2
2684,False,False,False,False,False,False,False,False,False,False,False,0,both,56,1,1,2
2685,False,False,False,False,False,False,False,False,False,False,False,0,both,29,0,1,2
2686,False,False,False,False,False,False,True,False,False,False,False,1,both,17,0,3,2
2687,False,False,False,False,False,False,False,False,False,False,False,0,both,41,0,1,2
2688,False,False,False,False,False,False,False,False,False,False,False,0,both,61,0,1,2
2689,False,False,False,True,False,False,False,False,False,False,False,1,both,114,2,1,2
2690,False,False,False,False,False,False,False,False,False,False,False,0,both,41,1,1,2
2691,False,False,False,False,True,False,False,False,False,False,False,1,impression_only,43,1,1,2
2692,False,False,False,False,True,False,True,False,False,False,False,2,impression_only,31,2,3,2
2693,False,False,False,False,False,False,False,False,False,False,False,0,both,35,0,1,2
2694,False,False,False,False,False,False,True,False,False,False,False,1,both,26,0,16,2
2695,False,False,False,False,False,False,False,False,False,False,False,0,both,21,0,1,2
2696,False,False,False,False,False,False,False,False,False,False,False,0,both,51,3,1,2
2697,True,False,False,False,True,True,False,False,False,False,False,3,neither,0,0,0,1
2698,False,False,False,False,False,False,False,False,False,False,False,0,both,24,1,1,2
2699,False,False,False,False,False,False,False,False,False,False,False,0,both,47,2,1,2
2700,False,False,False,False,False,False,False,False,False,False,False,0,both,23,0,1,2
2701,False,False,False,False,False,False,True,False,False,False,False,1,both,23,2,51,2
2702,False,False,False,False,False,False,False,False,False,False,False,0,both,24,3,1,2
2704,False,False,False,False,False,False,False,False,False,False,False,0,both,101,4,1,2
2705,False,False,False,False,True,False,False,False,False,False,False,1,impression_only,12,1,1,1
2706,False,False,False,False,False,False,False,False,False,False,False,0,both,28,1,1,2
2708,False,False,False,False,False,False,False,False,False,False,False,0,both,78,1,1,2
2709,False,False,False,False,False,False,False,False,False,False,False,0,both,40,1,1,2
2710,False,False,False,False,False,False,True,False,False,False,False,1,both,54,1,10,2
2711,False,False,False,False,False,False,False,False,False,False,False,0,both,35,0,1,2
2712,False,False,False,False,True,False,False,False,False,False,False,1,impression_only,21,0,1,2
2713,False,False,False,False,False,False,False,False,False,False,False,0,both,52,1,1,2
2714,False,False,False,False,True,False,True,False,False,False,False,2,impression_only,17,2,5,2
2715,False,False,False,False,False,False,False,False,False,False,False,0,both,58,1,1,2
2716,False,False,False,False,False,False,False,False,False,False,False,0,both,45,3,1,2
2717,False,False,False,False,False,False,True,False,False,False,False,1,both,14,0,10,1
2718,False,False,False,False,False,False,False,False,False,False,False,0,both,43,0,1,2
2719,False,False,False,False,False,False,False,False,False,False,False,0,both,70,2,1,2
2720,False,False,False,False,False,False,True,False,False,False,False,1,both,13,0,32,2
2721,False,False,False,False,False,False,False,False,False,False,False,0,both,64,4,1,2
2722,False,False,False,False,False,False,False,False,False,False,False,0,both,53,0,1,2
2723,False,False,False,False,False,False,False,False,False,False,False,0,both,45,0,1,2
2724,False,False,False,False,False,False,False,False,False,False,False,0,both,27,0,1,2
2725,False,False,False,False,False,False,False,False,False,False,False,0,both,27,0,1,2
2726,False,False,False,False,False,False,False,False,False,False,False,0,both,25,0,1,2
2727,False,False,False,False,False,False,False,False,False,False,False,0,both,36,0,1,3
2728,False,False,False,False,False,False,False,False,False,False,False,0,both,34,2,1,2
2729,False,False,False,False,False,False,False,False,False,False,False,0,both,73,2,1,2
2730,False,False,False,False,False,False,True,False,False,False,False,1,both,35,0,10,2
2731,False,False,False,False,True,False,False,False,False,False,False,1,impression_only,7,0,1,2
2733,False,False,False,False,False,False,False,False,False,False,False,0,both,41,1,1,2
2734,False,False,False,False,False,False,True,False,False,False,False,1,both,41,0,13,2
2735,False,False,False,False,False,False,True,False,False,False,False,1,both,13,0,32,2
2737,False,False,False,False,False,False,False,False,False,False,False,0,both,32,1,1,1
2738,False,False,False,False,False,False,False,False,False,False,False,0,both,42,1,1,2
2739,False,False,False,False,False,False,True,False,False,False,False,1,both,17,0,3,2
2740,False,False,False,False,False,False,False,False,False,False,False,0,both,46,0,1,2
2741,False,False,False,False,True,False,False,False,False,False,False,1,impression_only,28,0,1,2
2742,False,False,False,False,False,False,False,False,False,False,False,0,both,21,0,1,2
2743,False,False,False,False,False,False,False,False,False,False,False,0,both,35,0,1,2
2744,False,False,False,False,False,False,True,False,False,False,False,1,both,20,1,39,2
2745,False,False,False,False,False,False,False,False,False,False,False,0,both,26,0,1,3
2746,False,False,False,False,False,False,False,False,False,False,False,0,both,31,1,1,1
2747,False,False,False,False,False,False,False,False,False,False,False,0,both,20,0,1,2
2748,False,False,False,False,False,False,False,False,False,False,False,0,both,39,0,1,2
2749,False,False,False,False,False,False,False,False,False,False,False,0,both,30,0,1,2
2750,False,False,False,False,True,False,False,False,False,False,False,1,impression_only,73,2,1,2
2751,False,False,False,False,False,False,True,False,False,False,False,1,both,24,0,3,2
2752,False,False,False,False,False,False,False,False,False,False,False,0,both,55,2,1,2
2753,False,False,False,False,False,False,False,False,False,False,False,0,both,32,2,1,2
2754,False,False,False,False,False,False,True,False,False,False,False,1,both,24,1,4,2
2755,False,False,False,False,False,False,False,False,False,False,False,0,both,75,5,1,2
2756,False,False,False,False,False,False,False,False,False,False,False,0,both,45,1,1,1
2758,False,False,False,False,False,False,False,False,False,False,False,0,both,36,1,1,1
2759,False,False,False,False,False,False,False,False,False,False,False,0,both,58,2,1,2
2760,False,False,False,False,False,False,False,False,False,False,False,0,both,25,0,1,2
2761,False,False,False,False,False,False,False,False,False,False,False,0,both,66,0,1,2
2762,False,False,False,False,False,False,False,False,False,False,False,0,both,34,1,1,2
2763,False,False,False,False,False,False,False,False,False,False,False,0,both,41,0,1,2
2764,False,False,False,False,True,False,False,False,False,False,False,1,impression_only,9,0,1,1
2765,True,False,False,False,True,True,False,False,False,False,False,3,neither,0,0,0,2
2766,False,False,False,False,True,False,False,False,False,False,False,1,impression_only,24,0,1,2
2767,False,False,False,False,False,False,False,False,False,False,False,0,both,25,0,1,2
2768,False,False,False,False,False,False,False,False,False,False,False,0,both,36,3,1,2
2769,False,False,False,False,False,False,False,False,False,False,False,0,both,40,0,1,2
2770,False,False,False,False,False,False,True,False,False,False,False,1,both,26,0,5,2
2771,False,False,False,False,False,False,False,False,False,False,False,0,both,45,2,1,2
2772,False,False,False,False,True,False,True,False,False,False,False,2,impression_only,6,0,3,2
2773,False,False,False,False,False,False,False,False,False,False,False,0,both,34,0,1,2
2774,False,False,False,False,False,False,False,False,False,False,False,0,both,27,0,1,2
2775,False,False,False,False,False,False,True,False,False,False,False,1,both,33,0,10,2
2776,False,False,False,False,True,False,False,False,False,False,False,1,impression_only,56,9,1,2
2777,False,False,False,False,False,False,False,False,False,False,False,0,both,42,0,1,2
2778,False,False,False,False,False,False,False,False,False,False,False,0,both,59,2,1,2
2779,False,False,False,False,True,False,False,False,False,False,False,1,impression_only,8,1,1,2
2780,False,False,False,False,False,False,True,False,False,False,False,1,both,23,2,51,2
2781,False,False,False,False,False,False,False,False,False,False,False,0,both,15,0,1,2
2782,False,False,False,False,False,False,True,False,False,False,False,1,both,23,2,51,2
2783,False,False,False,False,False,False,False,False,False,False,False,0,both,93,3,1,2
2784,False,False,False,False,False,False,True,False,False,False,False,1,both,32,1,14,2
2785,False,False,False,False,False,False,True,False,False,False,False,1,both,19,1,10,2
2786,False,False,False,False,False,False,True,False,False,False,False,1,both,34,0,41,2
2787,False,False,False,False,False,False,False,False,False,False,False,0,both,29,2,1,2
2788,False,False,False,False,False,False,True,False,False,False,False,1,both,30,0,3,2
2789,False,False,False,False,False,False,False,False,False,False,False,0,both,43,0,1,2
2790,False,False,False,False,False,False,False,False,False,False,False,0,both,34,0,1,2
2791,False,False,False,False,False,False,True,False,False,False,False,1,both,30,0,7,2
2792,False,False,False,False,False,False,True,False,False,False,False,1,both,32,1,14,2
2793,False,False,False,False,False,False,False,False,False,False,False,0,both,26,1,1,2
2794,False,False,False,False,False,False,False,False,False,False,False,0,both,19,1,1,2
2795,False,False,False,False,False,False,False,False,False,False,False,0,both,55,1,1,2
2796,False,False,False,False,False,False,False,False,False,False,False,0,both,19,0,1,3
2797,False,False,False,False,False,False,False,False,False,False,False,0,both,36,0,1,2
2798,False,False,False,False,True,False,False,False,False,False,False,1,impression_only,20,2,1,2
2799,False,False,False,False,False,False,True,False,False,False,False,1,both,27,0,21,2
2801,False,False,False,False,True,False,False,False,False,False,False,1,impression_only,39,1,1,2
2802,False,False,False,False,False,False,False,False,False,False,False,0,both,25,0,1,2
2803,False,False,False,False,False,False,False,False,False,False,False,0,both,30,0,1,2
2804,False,False,False,False,False,False,False,False,False,False,False,0,both,35,0,1,2
2805,False,False,False,False,False,False,True,False,False,False,False,1,both,33,0,10,2
2806,False,False,False,False,False,False,False,True,False,False,False,1,both,22,0,1,2
2807,False,False,False,False,False,False,True,False,False,False,False,1,both,40,1,4,2
2808,False,False,False,False,False,False,False,False,False,False,False,0,both,26,0,1,2
2809,False,False,False,False,True,False,False,False,False,False,False,1,impression_only,40,0,1,2
2810,False,False,False,False,False,False,False,False,False,False,False,0,both,33,0,1,2
2811,False,False,True,False,True,False,True,False,False,False,False,3,impression_only,5,0,4,2
2812,False,False,False,False,False,False,False,False,False,False,False,0,both,33,3,1,2
2813,False,False,False,False,False,False,False,False,False,False,False,0,both,24,0,1,2
2814,False,False,False,False,True,False,False,False,False,False,False,1,impression_only,18,0,1,2
2815,False,False,False,False,False,False,False,False,False,False,False,0,both,22,0,1,2
2816,False,False,False,False,False,False,False,False,False,False,False,0,both,29,0,1,1
2817,False,False,False,False,False,False,False,False,False,False,False,0,both,91,5,1,3
2818,False,False,False,False,False,False,False,False,False,False,False,0,both,66,2,1,2
2819,False,False,False,False,False,False,False,False,False,False,False,0,both,30,2,1,1
2820,False,False,False,False,False,False,False,False,False,False,False,0,both,35,0,1,2
2821,False,False,False,False,False,False,False,False,False,False,False,0,both,35,0,1,2
2822,False,False,False,False,False,False,False,False,False,False,False,0,both,62,2,1,2
2824,False,False,False,False,False,False,False,False,False,False,False,0,both,35,0,1,2
2825,False,False,False,False,False,False,True,False,False,False,False,1,both,34,0,41,1
2826,False,False,False,False,False,False,False,False,False,False,False,0,both,27,1,1,2
2827,False,False,False,False,False,False,False,False,False,False,False,0,both,107,4,1,2
2828,False,False,False,False,False,False,False,False,False,False,False,0,both,35,0,1,2
2829,False,False,False,False,False,False,True,False,False,False,False,1,both,23,0,6,3
2830,False,False,False,False,True,False,False,False,False,False,False,1,impression_only,15,1,1,2
2831,False,False,False,False,True,False,False,False,False,False,False,1,impression_only,30,1,1,2
2832,False,False,False,False,False,False,False,False,False,False,False,0,both,42,0,1,2
2833,False,False,False,False,False,False,False,False,False,False,False,0,both,43,1,1,2
2835,False,False,False,False,False,False,False,False,False,False,False,0,both,22,0,1,3
2836,False,False,False,False,False,False,False,False,False,False,False,0,both,41,0,1,2
2837,False,False,False,False,False,False,False,False,False,False,False,0,both,90,5,1,2
2838,False,False,False,False,False,False,True,False,False,False,False,1,both,18,0,14,1
2839,False,False,False,False,False,False,True,False,False,False,False,1,both,25,1,9,2
2840,False,False,False,False,False,False,False,False,False,False,False,0,both,41,0,1,3
2841,False,False,False,False,False,False,True,False,False,False,False,1,both,26,0,16,1
2842,False,False,False,False,False,False,True,False,False,False,False,1,both,34,0,41,2
2843,False,False,False,False,False,False,False,False,False,False,False,0,both,57,0,1,2
2844,False,False,False,False,False,False,False,False,False,False,False,0,both,31,0,1,2
2845,False,False,False,False,False,False,True,False,False,False,False,1,both,14,1,5,2
2847,False,False,False,False,False,False,False,False,False,False,False,0,both,69,0,1,2
2848,False,False,False,False,False,False,False,False,False,False,False,0,both,23,1,1,2
2850,False,False,False,False,True,False,True,False,False,False,False,2,impression_only,19,2,8,2
2851,False,False,False,False,False,False,True,False,False,False,False,1,both,35,0,25,2
2852,False,False,False,False,False,False,False,False,False,False,False,0,both,36,2,1,2
2854,False,False,False,False,False,False,True,False,False,False,False,1,both,27,0,21,2
2855,False,False,False,False,False,False,True,False,False,False,False,1,both,34,0,41,2
2856,False,False,False,False,False,False,False,False,False,False,False,0,both,21,0,1,2
2857,False,False,False,False,False,False,False,False,False,False,False,0,both,56,3,1,2
2858,False,False,False,False,False,False,False,False,False,False,False,0,both,21,0,1,3
2859,False,False,False,False,False,False,False,False,False,False,False,0,both,59,1,1,2
2860,False,False,False,False,False,False,False,False,False,False,False,0,both,40,1,1,2
2861,False,False,False,False,False,False,True,False,False,False,False,1,both,31,0,13,2
2862,False,False,False,False,False,False,True,False,False,False,False,1,both,41,0,13,2
2863,False,False,False,False,False,False,True,False,False,False,False,1,both,34,0,41,2
2864,False,False,False,False,True,False,False,False,False,False,False,1,impression_only,54,6,1,1
2865,False,False,False,False,False,False,False,False,False,False,False,0,both,43,1,1,2
2866,False,False,False,False,False,False,True,False,False,False,False,1,both,20,1,39,2
2867,False,False,False,False,False,False,False,False,False,False,False,0,both,80,1,1,2
2868,False,False,False,False,False,False,False,False,False,False,False,0,both,28,0,1,2
2870,False,False,False,False,False,False,True,False,False,False,False,1,both,47,1,2,2
2871,False,False,False,False,False,False,True,False,False,False,False,1,both,39,1,2,2
2873,False,False,False,False,False,False,False,False,False,False,False,0,both,19,0,1,2
2874,False,False,False,False,False,False,False,False,False,False,False,0,both,63,3,1,2
2876,False,False,False,False,False,False,True,False,False,False,False,1,both,29,0,2,2
2877,False,False,False,False,False,False,True,False,False,False,False,1,both,23,1,5,2
2878,False,False,False,False,False,False,True,False,False,False,False,1,both,54,1,10,1
2879,False,False,False,False,False,False,False,False,False,False,False,0,both,15,0,1,2
2880,False,False,False,False,False,False,False,False,False,False,False,0,both,17,0,1,2
2881,True,False,False,False,True,True,False,False,False,False,False,3,neither,0,0,0,1
2882,False,False,False,False,False,False,False,False,False,False,False,0,both,39,0,1,2
2884,False,False,False,False,False,False,False,False,False,False,False,0,both,63,3,1,2
2885,False,False,False,False,False,False,False,False,False,False,False,0,both,78,3,1,2
2886,False,False,False,False,False,False,False,False,False,False,False,0,both,31,0,1,2
2887,False,False,False,False,False,False,False,False,False,False,False,0,both,53,1,1,3
2888,False,False,False,False,False,False,False,False,False,False,False,0,both,40,0,1,2
2889,False,False,False,False,False,False,True,False,False,False,False,1,both,41,0,13,2
2890,False,False,False,False,False,False,False,False,False,False,False,0,both,46,1,1,3
2891,False,False,False,False,False,False,False,False,False,False,False,0,both,75,1,1,1
2892,False,False,False,False,False,False,False,False,False,False,False,0,both,35,0,1,2
2893,False,False,False,False,False,False,True,False,False,False,False,1,both,29,1,6,2
2894,False,False,False,False,False,False,False,False,False,False,False,0,both,52,1,1,2
2895,False,False,False,False,True,False,False,False,False,False,False,1,impression_only,28,5,1,2
2897,False,False,False,False,False,False,True,False,False,False,False,1,both,23,2,51,2
2898,False,False,False,False,False,False,False,False,False,False,False,0,both,24,0,1,3
2899,False,False,False,False,False,False,True,False,False,False,False,1,both,35,0,25,2
2901,False,False,False,False,True,False,False,False,False,False,False,1,impression_only,18,0,1,2
2902,False,False,False,False,False,False,False,False,False,False,False,0,both,33,0,1,2
2903,False,False,False,False,False,False,False,False,False,False,False,0,both,44,0,1,2
2904,False,False,False,False,False,False,False,False,False,False,False,0,both,36,0,1,2
2905,False,False,False,False,True,False,False,False,False,False,False,1,impression_only,53,2,1,1
2906,False,False,False,False,True,False,False,False,False,False,False,1,impression_only,31,0,1,2
2908,False,False,False,False,False,False,False,False,False,False,False,0,both,37,0,1,2
2909,False,False,False,False,False,False,False,False,False,False,False,0,both,57,1,1,2
2910,False,False,False,False,False,False,True,False,False,False,False,1,both,54,1,10,2
2911,False,False,False,False,True,False,False,False,False,False,False,1,impression_only,42,1,1,2
2915,False,False,False,False,False,False,True,False,False,False,False,1,both,54,1,10,2
2916,False,False,False,False,False,False,True,False,False,False,False,1,both,26,0,8,2
2917,False,False,False,False,False,False,False,False,False,False,False,0,both,25,0,1,2
2918,False,False,False,False,False,False,True,False,False,False,False,1,both,28,1,3,2
2919,False,False,False,False,False,False,False,False,False,False,False,0,both,35,1,1,2
2920,False,False,False,False,False,False,False,False,False,False,False,0,both,27,0,1,2
2921,False,False,False,False,False,False,False,False,False,False,False,0,both,46,2,1,1
2922,False,False,False,False,False,False,False,False,False,False,False,0,both,40,1,1,3
2923,False,False,False,False,False,False,False,False,False,False,False,0,both,20,1,1,2
2924,False,False,False,False,False,False,False,False,False,False,False,0,both,64,1,1,2
2925,False,False,False,False,False,False,False,False,False,False,False,0,both,20,0,1,2
2926,False,False,False,False,False,False,True,False,False,False,False,1,both,19,1,10,2
2927,False,False,False,False,True,False,False,False,False,False,False,1,impression_only,22,1,1,2
2928,False,False,False,False,False,False,False,False,False,False,False,0,both,52,2,1,2
2929,False,False,False,False,False,False,False,False,False,False,False,0,both,31,1,1,2
2930,False,False,False,False,False,False,False,False,False,False,False,0,both,32,0,1,3
2931,False,False,False,False,False,False,False,False,False,False,False,0,both,42,2,1,2
2932,False,False,False,False,False,False,False,False,False,False,False,0,both,46,0,1,2
2933,False,False,False,False,False,False,False,False,False,False,False,0,both,22,0,1,3
2934,False,False,False,False,False,False,False,False,False,False,False,0,both,25,0,1,2
2935,False,False,False,False,False,False,False,False,False,False,False,0,both,51,1,1,2
2936,False,False,False,False,False,False,False,False,False,False,False,0,both,56,1,1,3
2937,False,False,False,False,False,False,True,False,False,False,False,1,both,26,0,5,2
2938,False,False,False,False,False,False,True,False,False,False,False,1,both,41,0,13,2
2939,False,False,False,False,False,False,False,False,False,False,False,0,both,43,1,1,2
2940,False,False,False,False,False,False,False,False,False,False,False,0,both,27,0,1,2
2941,False,False,False,False,False,False,True,False,False,False,False,1,both,28,1,2,2
2942,False,False,False,False,False,False,False,False,False,False,False,0,both,43,3,1,2
2943,False,False,False,False,True,False,False,False,False,False,False,1,impression_only,47,5,1,2
2944,False,False,False,False,True,False,False,False,False,False,False,1,impression_only,47,2,1,2
2945,False,False,False,False,False,False,False,False,False,False,False,0,both,33,0,1,2
2946,False,False,False,False,False,False,False,False,False,False,False,0,both,49,2,1,2
2947,False,False,False,False,True,False,False,False,False,False,False,1,impression_only,24,0,1,2
2948,False,False,False,False,False,False,True,False,False,False,False,1,both,31,0,13,2
2949,False,False,False,False,False,False,False,False,False,False,False,0,both,46,4,1,2
2950,False,False,False,False,False,False,True,False,False,False,False,1,both,17,0,50,2
2951,False,False,False,False,False,False,False,False,False,False,False,0,both,52,2,1,2
2952,False,False,False,False,False,False,False,False,False,False,False,0,both,39,0,1,1
2953,False,False,False,False,False,False,True,False,False,False,False,1,both,26,0,14,2
2954,False,False,False,False,False,False,False,False,False,False,False,0,both,48,1,1,2
2955,False,False,False,False,True,False,False,False,False,False,False,1,impression_only,30,0,1,2
2956,False,False,False,False,False,False,True,False,False,False,False,1,both,21,0,2,2
2957,False,False,False,False,False,False,False,False,False,False,False,0,both,58,2,1,2
2958,False,False,False,False,True,False,False,False,False,False,False,1,impression_only,21,0,1,2
2959,False,False,False,False,False,False,True,False,False,False,False,1,both,13,0,32,1
2960,False,False,False,False,False,False,False,False,False,False,False,0,both,16,1,1,2
2961,False,False,False,False,False,False,False,False,False,False,False,0,both,96,1,1,2
2962,False,False,False,False,False,False,False,False,False,False,False,0,both,38,1,1,2
2963,False,False,False,False,False,False,True,False,False,False,False,1,both,34,0,5,2
2964,False,False,False,False,False,False,True,False,False,False,False,1,both,27,0,2,2
2965,False,False,False,False,False,False,False,False,False,False,False,0,both,24,0,1,2
2966,False,False,False,False,False,False,False,False,False,False,False,0,both,40,0,1,2
2967,False,False,False,False,False,False,True,False,False,False,False,1,both,31,0,13,1
2968,False,False,False,False,False,False,False,False,False,False,False,0,both,63,12,1,2
2969,False,False,False,False,False,False,False,False,False,False,False,0,both,50,0,1,2
2970,False,False,False,False,False,False,False,False,False,False,False,0,both,43,0,1,2
2971,False,False,False,False,False,False,True,False,False,False,False,1,both,35,0,25,1
2972,False,False,False,False,False,False,False,False,False,False,False,0,both,44,5,1,2
2974,False,False,False,False,False,False,False,False,False,False,False,0,both,74,0,1,2
2975,False,False,False,False,True,False,False,False,False,False,False,1,impression_only,45,3,1,2
2976,False,False,False,False,False,False,False,False,False,False,False,0,both,29,0,1,2
2977,False,False,False,False,True,False,False,False,False,False,False,1,impression_only,16,0,1,2
2978,False,False,False,False,False,False,False,False,False,False,False,0,both,62,3,1,2
2979,False,False,False,False,False,False,False,False,False,False,False,0,both,42,1,1,2
2980,False,False,False,False,False,False,False,False,False,False,False,0,both,28,0,1,2
2981,False,False,False,False,False,False,False,False,False,False,False,0,both,37,0,1,2
2982,False,False,False,False,False,False,False,False,False,False,False,0,both,24,1,1,2
2983,False,False,False,False,False,False,False,False,False,False,False,0,both,38,0,1,2
2984,False,False,False,False,False,False,False,False,False,False,False,0,both,54,2,1,1
2985,False,False,False,False,False,False,False,False,False,False,False,0,both,49,0,1,2
2986,False,False,False,False,False,False,False,False,False,False,False,0,both,37,0,1,3
2988,False,False,False,False,False,False,True,False,False,False,False,1,both,31,0,6,2
2989,False,False,False,False,False,False,False,False,False,False,False,0,both,35,1,1,2
2991,False,False,False,False,True,False,False,False,False,False,False,1,impression_only,17,0,1,1
2992,False,False,False,False,False,False,False,False,False,False,False,0,both,24,0,1,2
2993,False,False,False,False,False,False,False,False,False,False,False,0,both,25,0,1,2
2994,False,False,False,False,False,False,True,False,False,False,False,1,both,26,0,14,2
2995,False,False,False,False,True,False,True,False,False,False,False,2,impression_only,18,1,16,2
2996,False,False,False,False,True,False,False,False,False,False,False,1,impression_only,11,0,1,2
2997,False,False,False,False,False,False,True,False,False,False,False,1,both,23,0,3,2
2998,False,False,False,False,False,False,False,False,False,False,False,0,both,39,0,1,2
2999,False,False,False,False,False,False,False,False,False,False,False,0,both,47,0,1,2
3000,False,False,False,False,False,False,False,False,False,False,False,0,both,80,3,1,2
3001,False,False,False,False,False,False,False,False,False,False,False,0,both,46,1,1,2
3002,False,False,False,False,False,False,True,False,False,False,False,1,both,24,0,9,2
3003,False,False,False,False,False,False,False,False,False,False,False,0,both,35,1,1,1
3004,False,False,False,False,False,False,False,False,False,False,False,0,both,55,1,1,2
3005,False,False,False,False,False,False,False,False,False,False,False,0,both,73,4,1,1
3006,False,False,False,False,False,False,False,False,False,False,False,0,both,61,1,1,1
3008,False,False,False,False,True,False,False,False,False,False,False,1,impression_only,13,0,1,2
3009,False,False,False,False,False,False,False,False,False,False,False,0,both,25,0,1,1
3010,False,False,False,False,False,False,False,False,False,False,False,0,both,36,0,1,2
3011,False,False,False,False,False,False,False,False,False,False,False,0,both,32,0,1,2
3012,False,False,False,False,False,False,False,False,False,False,False,0,both,30,0,1,2
3013,False,False,False,False,False,False,False,False,False,False,False,0,both,55,1,1,2
3014,False,False,False,False,False,False,False,False,False,False,False,0,both,44,0,1,2
3015,False,False,False,False,False,False,True,False,False,False,False,1,both,26,0,5,1
3016,False,False,False,False,False,False,False,False,False,False,False,0,both,20,0,1,2
3017,False,False,False,False,False,False,False,False,False,False,False,0,both,54,3,1,1
3018,False,False,False,False,False,False,False,False,False,False,False,0,both,26,0,1,2
3019,False,False,False,False,False,False,False,False,False,False,False,0,both,40,0,1,1
3020,False,False,False,False,False,False,True,False,False,False,False,1,both,30,0,3,2
3021,False,False,False,False,True,False,True,False,False,False,False,2,impression_only,26,0,9,2
3022,False,False,False,False,True,False,False,False,False,False,False,1,impression_only,45,4,1,2
3023,False,False,False,False,False,False,False,False,False,False,False,0,both,25,0,1,1
3024,False,False,False,False,False,False,False,False,False,False,False,0,both,43,0,1,2
3025,False,False,False,False,False,False,False,False,False,False,False,0,both,39,0,1,2
3026,False,True,True,False,True,False,True,False,False,False,False,4,impression_only,3,0,12,3
3027,False,False,False,False,False,False,False,False,False,False,False,0,both,25,0,1,1
3028,False,False,False,False,False,False,False,False,False,False,False,0,both,57,2,1,2
3029,False,False,False,False,False,False,False,False,False,False,False,0,both,21,1,1,2
3030,False,False,False,False,False,False,True,False,False,False,False,1,both,37,1,3,2
3031,False,False,False,False,False,False,True,False,False,False,False,1,both,18,0,14,2
3032,False,False,False,False,False,False,False,False,False,False,False,0,both,31,2,1,2
3033,False,False,False,False,False,False,True,False,False,False,False,1,both,34,0,41,1
3034,False,False,False,False,False,False,False,False,False,False,False,0,both,19,1,1,2
3036,False,False,False,False,False,False,False,False,False,False,False,0,both,60,5,1,2
3037,False,False,False,False,False,False,True,False,False,False,False,1,both,20,1,39,2
3038,False,False,False,False,False,False,False,False,False,False,False,0,both,85,2,1,2
3039,False,False,False,False,False,False,False,False,False,False,False,0,both,15,0,1,2
3040,False,False,False,False,False,False,False,False,False,False,False,0,both,38,1,1,1
3041,False,False,False,False,False,False,True,False,False,False,False,1,both,20,1,39,2
3042,False,False,False,False,False,False,False,False,False,False,False,0,both,41,2,1,1
3043,False,False,False,False,False,False,False,False,False,False,False,0,both,48,3,1,2
3044,False,False,False,False,False,False,True,False,False,False,False,1,both,54,2,2,2
3045,False,False,False,False,False,False,False,False,False,False,False,0,both,18,0,1,2
3046,False,False,False,False,False,False,False,False,False,False,False,0,both,92,1,1,2
3047,False,False,False,False,False,False,True,False,False,False,False,1,both,30,0,7,2
3048,False,False,False,False,False,False,False,False,False,False,False,0,both,17,1,1,1
3049,False,False,False,False,False,False,True,False,False,False,False,1,both,20,1,39,2
3050,False,False,False,False,False,False,True,False,False,False,False,1,both,13,0,32,1
3051,False,False,False,False,False,False,True,False,False,False,False,1,both,26,0,9,2
3052,False,False,False,False,False,False,False,False,False,False,False,0,both,31,0,1,2
3053,False,False,False,False,True,False,True,False,False,False,False,2,impression_only,18,1,16,2
3054,False,False,False,False,False,False,False,False,False,False,False,0,both,51,0,1,2
3056,False,False,False,False,False,False,False,False,False,False,False,0,both,89,4,1,1
3057,False,False,False,False,False,False,False,False,False,False,False,0,both,37,0,1,1
3058,False,False,False,False,False,False,False,False,False,False,False,0,both,38,0,1,3
3059,False,False,False,False,False,False,True,False,False,False,False,1,both,26,1,9,2
3060,False,False,False,False,False,False,False,False,False,False,False,0,both,18,0,1,1
3061,False,False,False,False,False,False,False,False,False,False,False,0,both,45,0,1,2
3062,False,False,False,False,False,False,False,False,False,False,False,0,both,30,1,1,1
3063,False,False,False,False,False,False,True,False,False,False,False,1,both,27,0,21,2
3064,False,False,False,False,False,False,False,False,False,False,False,0,both,51,1,1,2
3065,False,False,False,False,False,False,False,False,False,False,False,0,both,41,5,1,1
3066,False,False,False,False,False,False,False,False,False,False,False,0,both,31,1,1,2
3067,False,False,False,False,False,False,True,False,False,False,False,1,both,27,0,21,2
3068,False,False,False,False,True,False,False,False,False,False,False,1,impression_only,37,0,1,1
3069,False,False,False,False,False,False,False,False,False,False,False,0,both,33,0,1,2
3070,False,False,False,False,False,False,True,False,False,False,False,1,both,19,0,7,2
3071,False,False,False,False,False,False,True,False,False,False,False,1,both,33,0,5,2
3072,False,False,False,False,False,False,False,False,False,False,False,0,both,88,3,1,2
3073,False,False,False,False,False,False,False,False,False,False,False,0,both,27,0,1,2
3074,False,False,False,False,False,False,False,False,False,False,False,0,both,51,0,1,2
3075,False,False,False,False,False,False,False,False,False,False,False,0,both,49,1,1,2
3076,False,False,False,False,False,False,False,False,False,False,False,0,both,36,1,1,3
3077,False,False,False,False,False,False,False,False,False,False,False,0,both,37,0,1,2
3078,False,False,False,False,False,False,False,False,False,False,False,0,both,36,0,1,2
3079,False,False,False,False,False,False,False,False,False,False,False,0,both,71,3,1,2
3080,False,False,False,False,False,False,False,False,False,False,False,0,both,41,1,1,2
3081,False,False,False,False,False,False,False,False,False,False,False,0,both,33,0,1,2
3082,False,False,False,False,False,False,False,False,False,False,False,0,both,19,0,1,2
3083,False,False,False,False,False,False,True,False,False,False,False,1,both,23,0,15,2
3084,False,False,False,False,False,False,False,False,False,False,False,0,both,27,0,1,2
3085,False,False,False,False,False,False,False,False,False,False,False,0,both,15,0,1,2
3086,False,False,False,False,False,False,False,False,False,False,False,0,both,57,1,1,2
3087,False,False,False,False,False,False,False,False,False,False,False,0,both,58,0,1,2
3088,False,False,False,False,False,False,False,False,False,False,False,0,both,33,0,1,2
3089,False,False,False,False,False,False,False,False,False,False,False,0,both,26,0,1,2
3090,False,False,False,False,False,False,False,False,False,False,False,0,both,18,1,1,2
3091,False,False,False,False,False,False,False,False,False,False,False,0,both,63,3,1,2
3092,False,False,False,False,False,False,False,False,False,False,False,0,both,36,0,1,2
3093,False,False,False,False,False,False,False,False,False,False,False,0,both,22,0,1,2
3094,False,False,False,False,False,False,False,False,False,False,False,0,both,22,0,1,2
3095,False,False,False,False,False,False,False,False,False,False,False,0,both,30,0,1,2
3096,False,False,False,False,False,False,False,False,False,False,False,0,both,70,0,1,2
3097,False,False,False,False,False,False,False,False,False,False,False,0,both,47,1,1,1
3098,False,False,False,False,False,False,True,False,False,False,False,1,both,35,0,12,2
3099,False,False,False,False,False,False,False,False,False,False,False,0,both,28,1,1,2
3100,False,False,False,False,False,False,False,False,False,False,False,0,both,27,0,1,2
3101,False,False,False,False,False,False,False,False,False,False,False,0,both,53,0,1,2
3102,False,False,False,False,False,False,True,False,False,False,False,1,both,33,0,10,2
3103,False,False,False,False,False,False,False,False,False,False,False,0,both,52,5,1,2
3104,False,False,False,False,True,False,False,False,False,False,False,1,impression_only,11,0,1,2
3105,False,False,False,False,False,False,True,False,False,False,False,1,both,18,0,4,2
3106,False,False,False,False,False,False,True,False,False,False,False,1,both,19,0,11,2
3108,False,False,False,False,False,False,False,False,False,False,False,0,both,48,2,1,3
3109,False,False,False,False,False,False,False,False,False,False,False,0,both,25,0,1,2
3110,False,False,False,False,False,False,False,False,False,False,False,0,both,43,0,1,2
3111,False,False,False,False,False,False,False,False,False,False,False,0,both,40,1,1,2
3112,False,False,False,False,False,False,True,False,False,False,False,1,both,17,0,50,2
3113,False,False,False,False,False,False,False,False,False,False,False,0,both,45,0,1,2
3114,False,False,False,False,True,False,True,False,False,False,False,2,impression_only,8,0,7,2
3115,False,False,False,False,False,False,True,False,False,False,False,1,both,26,0,16,2
3116,False,False,False,False,False,False,False,False,False,False,False,0,both,32,0,1,2
3117,False,False,False,False,False,False,False,False,False,False,False,0,both,19,1,1,2
3118,False,False,False,False,False,False,False,False,False,False,False,0,both,30,0,1,2
3119,False,False,False,False,False,False,False,False,False,False,False,0,both,22,0,1,2
3120,False,False,False,False,False,False,False,False,False,False,False,0,both,55,0,1,2
3121,False,False,False,False,False,False,False,False,False,False,False,0,both,31,0,1,2
3122,False,False,False,False,False,False,True,False,False,False,False,1,both,31,0,6,2
3123,False,False,False,False,False,False,False,False,False,False,False,0,both,54,4,1,2
3124,False,False,False,False,False,False,False,False,False,False,False,0,both,55,1,1,2
3125,False,False,False,False,False,False,True,False,False,False,False,1,both,32,0,2,2
3126,False,False,False,False,False,False,True,False,False,False,False,1,both,35,0,3,2
3127,False,False,False,False,False,False,False,False,False,False,False,0,both,60,1,1,1
3128,False,False,False,False,False,False,False,False,False,False,False,0,both,39,2,1,2
3129,False,False,False,False,False,False,False,False,False,False,False,0,both,50,0,1,2
3130,False,False,False,False,False,False,False,False,False,False,False,0,both,77,2,1,2
3131,False,False,False,False,False,False,True,False,False,False,False,1,both,24,0,2,2
3132,False,False,False,False,False,False,False,False,False,False,False,0,both,38,2,1,2
3133,False,False,False,False,True,False,True,False,False,False,False,2,impression_only,12,0,2,2
3134,False,False,False,False,False,False,False,False,False,False,False,0,both,23,1,1,2
3135,False,False,False,False,False,False,True,False,False,False,False,1,both,33,0,10,2
3136,False,False,False,False,False,False,True,False,False,False,False,1,both,31,0,5,2
3137,False,False,False,False,False,False,False,False,False,False,False,0,both,61,1,1,2
3138,False,False,False,False,False,False,False,False,False,False,False,0,both,43,0,1,2
3139,False,False,False,False,False,False,False,False,False,False,False,0,both,25,0,1,2
3140,False,False,False,False,True,False,False,False,False,False,False,1,impression_only,32,0,1,2
3141,False,False,False,False,False,False,False,False,False,False,False,0,both,19,0,1,2
3142,False,False,False,False,False,False,False,False,False,False,False,0,both,31,0,1,3
3143,False,False,False,False,False,False,True,False,False,False,False,1,both,37,3,5,2
3144,False,False,False,False,False,False,False,False,False,False,False,0,both,49,4,1,2
3145,False,False,False,False,True,False,True,False,False,False,False,2,impression_only,31,2,3,2
3146,False,False,False,False,False,False,True,False,False,False,False,1,both,27,0,7,2
3147,False,False,False,False,False,False,True,False,False,False,False,1,both,19,0,14,1
3148,False,False,False,False,False,False,False,False,False,False,False,0,both,33,0,1,2
3149,False,False,False,False,False,False,False,False,False,False,False,0,both,29,0,1,2
3150,False,False,False,False,False,False,False,False,False,False,False,0,both,49,2,1,2
3151,False,False,False,False,False,False,False,False,False,False,False,0,both,39,1,1,1
3152,False,False,False,False,False,False,False,False,False,False,False,0,both,72,3,1,2
3153,False,False,False,False,True,False,False,False,False,False,False,1,impression_only,22,2,1,2
3154,False,False,False,False,False,False,False,False,False,False,False,0,both,82,3,1,2
3155,False,False,False,False,False,False,False,False,False,False,False,0,both,24,0,1,2
3156,False,False,False,False,False,False,True,False,False,False,False,1,both,41,0,2,2
3157,False,False,False,False,False,False,True,False,False,False,False,1,both,20,1,39,2
3158,False,False,False,False,False,False,False,False,False,False,False,0,both,80,3,1,2
3159,False,False,False,False,False,False,False,False,False,False,False,0,both,28,0,1,2
3160,False,False,False,False,False,False,False,False,False,False,False,0,both,34,0,1,1
3162,False,False,False,False,True,False,False,False,False,False,False,1,impression_only,26,0,1,2
3163,False,False,False,False,False,False,True,False,False,False,False,1,both,17,0,50,2
3164,False,False,False,False,True,False,False,False,False,False,False,1,impression_only,21,0,1,2
3165,False,False,False,False,False,False,False,False,False,False,False,0,both,42,4,1,2
3166,False,False,False,False,False,False,False,False,False,False,False,0,both,27,0,1,2
3167,False,False,False,False,False,False,True,False,False,False,False,1,both,27,0,21,2
3168,False,False,False,False,False,False,False,False,False,False,False,0,both,35,0,1,2
3169,False,False,False,False,False,False,False,False,False,False,False,0,both,55,3,1,2
3170,False,False,False,False,False,False,False,False,False,False,False,0,both,39,0,1,2
3171,False,False,False,False,False,False,True,False,False,False,False,1,both,23,2,51,2
3172,False,False,False,False,False,False,False,False,False,False,False,0,both,42,0,1,2
3173,False,False,False,False,False,False,False,False,False,False,False,0,both,15,0,1,2
3174,False,False,False,False,False,False,False,False,False,False,False,0,both,75,3,1,2
3175,False,False,False,False,False,False,False,False,False,False,False,0,both,49,3,1,2
3176,False,False,False,False,False,False,True,False,False,False,False,1,both,13,0,32,2
3177,False,False,False,False,False,False,False,False,False,False,False,0,both,40,0,1,2
3178,False,False,False,False,True,False,False,False,False,False,False,1,impression_only,31,1,1,2
3179,False,False,False,False,False,False,False,False,False,False,False,0,both,47,0,1,2
3180,False,False,False,False,False,False,True,False,False,False,False,1,both,26,0,16,2
3181,False,False,False,False,False,False,True,False,False,False,False,1,both,17,0,50,1
3182,False,False,False,False,False,False,False,False,False,False,False,0,both,62,0,1,2
3183,False,False,False,False,False,False,True,False,False,False,False,1,both,17,0,50,2
3184,False,False,False,False,False,False,False,False,False,False,False,0,both,41,1,1,2
3185,False,False,False,False,False,False,False,False,False,False,False,0,both,33,1,1,2
3186,False,False,False,False,False,False,False,False,False,False,False,0,both,31,0,1,2
3187,False,False,False,False,False,False,False,False,False,False,False,0,both,53,4,1,2
3188,False,False,False,False,True,False,False,False,False,False,False,1,impression_only,63,3,1,2
3189,False,False,False,False,False,False,False,False,False,False,False,0,both,20,0,1,1
3190,False,False,False,False,False,False,False,False,False,False,False,0,both,74,3,1,2
3191,False,False,False,False,False,False,False,False,False,False,False,0,both,19,0,1,2
3192,False,False,False,False,False,False,False,False,False,False,False,0,both,79,2,1,2
3193,False,False,False,False,False,False,False,False,False,False,False,0,both,33,0,1,2
3194,False,False,False,False,False,False,True,False,False,False,False,1,both,29,1,8,2
3195,False,False,False,False,False,False,False,False,False,False,False,0,both,44,0,1,2
3196,False,False,False,False,False,False,True,False,False,False,False,1,both,13,0,32,2
3197,False,False,False,False,True,False,False,False,False,False,False,1,impression_only,28,3,1,2
3198,False,False,False,False,True,False,False,False,False,False,False,1,impression_only,35,0,1,2
3199,False,False,False,False,False,False,True,False,False,False,False,1,both,19,0,14,1
3200,False,False,False,False,True,False,True,False,False,False,False,2,impression_only,9,0,7,2
3201,False,False,False,False,False,False,False,False,False,False,False,0,both,19,0,1,2
3202,False,False,False,False,False,False,False,False,False,False,False,0,both,25,0,1,2
3203,False,False,False,False,False,False,True,False,False,False,False,1,both,19,0,11,2
3204,False,False,False,False,False,False,False,False,False,False,False,0,both,31,0,1,2
3205,False,False,False,False,False,False,False,False,False,False,False,0,both,27,0,1,2
3206,False,False,False,False,False,False,False,False,False,False,False,0,both,17,0,1,2
3207,False,False,False,False,False,False,False,False,False,False,False,0,both,42,1,1,2
3208,False,False,False,False,False,False,False,False,False,False,False,0,both,26,0,1,2
3209,False,False,False,False,False,False,True,False,False,False,False,1,both,34,0,5,2
3210,False,False,False,False,False,False,True,False,False,False,False,1,both,35,0,10,1
3211,False,False,False,False,False,False,False,False,False,False,False,0,both,63,2,1,2
3212,False,False,False,False,False,False,False,False,False,False,False,0,both,21,0,1,2
3213,False,False,False,False,False,False,False,False,False,False,False,0,both,42,1,1,1
3214,False,False,False,False,False,False,False,False,False,False,False,0,both,44,2,1,2
3215,False,False,False,False,True,False,True,False,False,False,False,2,impression_only,9,0,7,2
3216,False,False,False,False,False,False,False,False,False,False,False,0,both,19,0,1,2
3217,False,False,False,False,False,False,False,False,False,False,False,0,both,59,0,1,1
3218,False,False,False,False,False,False,False,False,False,False,False,0,both,45,3,1,3
3219,False,False,False,False,True,False,False,False,False,False,False,1,impression_only,62,1,1,2
3220,False,False,False,False,False,False,True,False,False,False,False,1,both,26,0,9,2
3221,False,False,False,False,False,False,True,False,False,False,False,1,both,34,0,41,2
3222,False,False,False,False,False,False,True,False,False,False,False,1,both,34,0,25,2
3223,False,False,False,False,False,False,True,False,False,False,False,1,both,20,0,8,2
3224,False,False,False,False,False,False,True,False,False,False,False,1,both,26,0,5,2
3225,False,True,True,False,True,False,True,False,False,False,False,4,impression_only,3,0,12,2
3226,False,False,False,False,False,False,True,False,False,False,False,1,both,14,0,10,2
3227,False,False,False,False,False,False,True,False,False,False,False,1,both,34,0,5,2
3228,False,False,False,False,False,False,False,False,False,False,False,0,both,30,0,1,2
3229,False,False,False,False,False,False,False,False,False,False,False,0,both,33,0,1,2
3230,False,False,False,False,False,False,False,False,False,False,False,0,both,43,2,1,2
3231,False,False,False,False,False,False,False,False,False,False,False,0,both,66,3,1,2
3232,False,False,False,False,False,False,False,False,False,False,False,0,both,90,4,1,2
3233,False,False,False,False,False,False,False,False,False,False,False,0,both,69,1,1,2
3234,False,False,False,False,False,False,True,False,False,False,False,1,both,19,0,14,2
3235,False,False,False,False,False,False,False,False,False,False,False,0,both,16,0,1,2
3236,False,False,False,False,False,False,True,False,False,False,False,1,both,22,0,15,2
3237,False,False,False,False,False,False,False,False,False,False,False,0,both,48,0,1,1
3238,False,False,False,False,False,False,False,False,False,False,False,0,both,76,1,1,2
3239,False,False,False,False,False,False,True,False,False,False,False,1,both,20,0,8,2
3240,False,False,False,False,False,False,False,False,False,False,False,0,both,32,0,1,2
3241,False,False,False,False,False,False,False,False,False,False,False,0,both,51,1,1,2
3242,False,False,False,False,False,False,False,False,False,False,False,0,both,35,0,1,2
3243,False,False,False,False,False,False,False,False,False,False,False,0,both,50,5,1,1
3244,False,False,False,False,False,False,False,False,False,False,False,0,both,61,6,1,2
3245,False,False,False,False,False,False,False,False,False,False,False,0,both,29,1,1,2
3246,False,False,False,False,False,False,False,False,False,False,False,0,both,17,0,1,2
3247,False,False,False,False,True,False,False,False,False,False,False,1,impression_only,14,0,1,2
3248,False,False,False,False,True,False,False,False,False,False,False,1,impression_only,30,1,1,2
3249,False,False,False,False,False,False,False,False,False,False,False,0,both,66,8,1,2
3250,False,False,False,False,False,False,False,False,False,False,False,0,both,22,0,1,3
3251,False,False,False,False,False,False,False,False,False,False,False,0,both,59,5,1,2
3252,False,False,False,False,False,False,False,False,False,False,False,0,both,33,1,1,2
3253,False,False,False,False,False,False,True,False,False,False,False,1,both,35,0,2,2
3254,False,False,False,False,False,False,True,False,False,False,False,1,both,29,1,8,2
3255,False,False,False,False,False,False,False,False,False,False,False,0,both,49,2,1,1
3256,False,False,False,False,False,False,False,False,False,False,False,0,both,43,0,1,2
3257,False,False,False,False,False,False,True,False,False,False,False,1,both,14,0,10,2
3258,False,False,False,False,False,False,False,False,False,False,False,0,both,26,1,1,2
3259,False,False,False,False,False,False,False,False,False,False,False,0,both,49,0,1,2
3260,False,False,False,False,False,True,False,False,False,False,False,1,findings_only,44,1,1,2
3261,False,False,False,False,False,False,False,False,False,False,False,0,both,24,1,1,2
3262,False,False,False,False,False,False,False,False,False,False,False,0,both,23,0,1,3
3263,False,False,False,False,False,False,False,False,False,False,False,0,both,64,1,1,3
3264,False,False,False,False,False,False,False,False,False,False,False,0,both,40,2,1,2
3265,False,False,False,False,False,False,True,False,False,False,False,1,both,26,0,5,2
3266,False,False,False,False,False,False,True,False,False,False,False,1,both,25,0,9,2
3267,False,False,False,False,False,False,False,False,False,False,False,0,both,31,2,1,2
3268,False,False,False,False,False,False,True,False,False,False,False,1,both,32,1,14,1
3269,False,False,False,False,False,False,False,False,False,False,False,0,both,28,0,1,2
3270,False,False,False,False,False,False,False,False,False,False,False,0,both,22,0,1,1
3271,False,False,False,False,False,False,True,False,False,False,False,1,both,34,0,41,2
3272,False,False,False,False,False,False,False,False,False,False,False,0,both,34,3,1,2
3273,False,False,False,False,False,False,False,False,False,False,False,0,both,25,0,1,2
3274,False,False,False,False,True,False,False,False,False,False,False,1,impression_only,24,0,1,2
3275,False,False,False,False,False,False,False,False,False,False,False,0,both,32,0,1,3
3277,False,False,False,False,False,False,False,False,False,False,False,0,both,38,1,1,2
3278,False,False,False,True,False,False,False,False,False,False,False,1,both,174,5,1,1
3279,False,False,False,False,False,False,False,False,False,False,False,0,both,33,0,1,2
3280,False,False,False,False,False,False,False,False,False,False,False,0,both,38,0,1,2
3281,False,False,False,False,False,False,False,False,False,False,False,0,both,44,2,1,3
3282,False,False,False,False,False,False,False,False,False,False,False,0,both,34,0,1,3
3283,False,False,False,False,False,False,False,False,False,False,False,0,both,24,0,1,3
3284,False,False,False,False,False,False,True,False,False,False,False,1,both,31,0,13,1
3285,False,False,False,False,False,False,True,False,False,False,False,1,both,19,0,14,2
3286,False,False,False,False,False,False,False,False,False,False,False,0,both,35,2,1,2
3287,False,False,False,False,False,False,False,False,False,False,False,0,both,71,1,1,2
3288,False,False,False,False,False,False,True,False,False,False,False,1,both,34,0,41,2
3289,False,False,False,False,False,False,False,False,False,False,False,0,both,26,1,1,2
3290,False,False,False,False,True,False,True,False,False,False,False,2,impression_only,18,1,16,2
3291,False,False,False,False,False,False,True,False,False,False,False,1,both,24,1,4,2
3292,False,False,False,False,False,False,False,False,False,False,False,0,both,30,2,1,2
3294,False,False,False,False,False,False,False,False,False,False,False,0,both,50,0,1,2
3296,False,False,False,False,False,False,False,False,False,False,False,0,both,21,0,1,2
3297,False,False,False,False,False,False,False,False,False,False,False,0,both,23,0,1,2
3298,False,False,False,False,False,False,True,False,False,False,False,1,both,19,0,7,2
3299,False,False,False,False,False,False,False,False,False,False,False,0,both,41,0,1,2
3300,False,False,False,False,False,False,False,False,False,False,False,0,both,42,1,1,2
3301,False,False,False,False,False,False,True,False,False,False,False,1,both,41,0,13,2
3302,False,False,False,False,False,False,False,False,False,False,False,0,both,25,0,1,2
3303,False,False,False,False,False,False,False,False,False,False,False,0,both,64,0,1,1
3304,False,False,False,False,False,False,False,False,False,False,False,0,both,38,0,1,2
3305,False,False,False,False,False,False,False,False,False,False,False,0,both,69,1,1,2
3306,False,False,False,False,False,False,False,False,False,False,False,0,both,19,0,1,1
3307,False,False,False,False,False,False,True,False,False,False,False,1,both,31,0,6,4
3309,False,False,False,False,False,False,False,False,False,False,False,0,both,25,0,1,2
3310,False,False,False,False,False,False,False,False,False,False,False,0,both,37,3,1,2
3311,False,False,False,False,False,False,False,False,False,False,False,0,both,26,0,1,2
3312,False,False,False,False,False,False,False,False,False,False,False,0,both,26,0,1,2
3313,False,False,False,False,False,False,False,False,False,False,False,0,both,23,0,1,2
3314,False,False,False,False,False,False,True,False,False,False,False,1,both,20,1,39,2
3315,False,False,False,False,False,False,True,False,False,False,False,1,both,26,0,14,2
3316,False,False,False,False,False,False,False,False,False,False,False,0,both,20,0,1,1
3317,False,False,False,False,False,False,True,False,False,False,False,1,both,32,1,5,2
3318,False,False,False,False,False,False,False,False,False,False,False,0,both,23,0,1,2
3319,False,False,False,False,False,False,False,False,False,False,False,0,both,37,0,1,2
3320,False,False,False,False,True,False,False,False,False,False,False,1,impression_only,14,0,1,2
3321,False,False,False,False,False,False,True,False,False,False,False,1,both,37,3,5,2
3322,False,False,False,False,False,False,False,False,False,False,False,0,both,32,2,1,2
3323,False,False,False,False,False,False,False,False,False,False,False,0,both,54,2,1,1
3324,False,False,False,False,False,False,False,False,False,False,False,0,both,71,2,1,3
3325,False,False,False,False,False,False,True,False,False,False,False,1,both,17,0,50,2
3326,False,False,False,False,True,False,False,False,False,False,False,1,impression_only,37,2,1,2
3327,False,False,False,False,False,False,False,False,False,False,False,0,both,91,2,1,2
3328,False,False,False,False,True,False,False,False,False,False,False,1,impression_only,17,1,1,2
3329,False,False,False,False,False,False,True,False,False,False,False,1,both,32,1,14,2
3330,False,False,False,False,False,False,True,False,False,False,False,1,both,17,0,50,2
3331,False,False,False,False,False,False,False,False,False,False,False,0,both,42,0,1,1
3332,False,False,False,False,False,False,False,False,False,False,False,0,both,34,1,1,3
3333,False,False,False,False,False,False,False,False,False,False,False,0,both,26,1,1,1
3334,False,False,False,False,True,False,False,False,False,False,False,1,impression_only,19,0,1,2
3335,False,False,False,False,False,False,True,False,False,False,False,1,both,29,0,2,2
3336,False,False,False,False,False,False,False,False,False,False,False,0,both,60,1,1,2
3337,False,False,False,False,False,False,False,False,False,False,False,0,both,48,3,1,2
3338,False,False,False,False,True,False,True,False,False,False,False,2,impression_only,16,1,2,2
3339,False,False,False,False,False,False,True,False,False,False,False,1,both,33,0,2,2
3340,False,False,False,False,False,False,False,False,False,False,False,0,both,41,2,1,2
3341,False,False,False,False,False,False,True,False,False,False,False,1,both,20,1,39,2
3342,False,False,False,False,False,False,False,False,False,False,False,0,both,49,3,1,2
3343,False,False,False,False,False,False,True,False,False,False,False,1,both,34,0,5,1
3344,False,False,False,False,True,False,False,False,False,False,False,1,impression_only,35,2,1,2
3345,False,False,False,False,False,False,True,False,False,False,False,1,both,28,0,3,2
3346,False,False,False,False,False,False,True,False,False,False,False,1,both,34,0,41,2
3347,False,False,False,False,False,False,False,False,False,False,False,0,both,58,4,1,2
3348,False,False,False,False,False,False,False,False,False,False,False,0,both,29,1,1,2
3349,False,False,False,False,False,False,False,False,False,False,False,0,both,52,0,1,2
3350,False,False,False,False,False,False,True,False,False,False,False,1,both,44,1,2,2
3352,False,False,False,False,False,False,True,False,False,False,False,1,both,35,0,8,2
3353,False,False,False,False,False,False,False,False,False,False,False,0,both,59,3,1,1
3354,False,False,False,False,False,False,False,False,False,False,False,0,both,36,0,1,2
3355,False,False,False,False,False,False,False,False,False,False,False,0,both,27,0,1,2
3356,False,False,False,False,False,False,False,False,False,False,False,0,both,35,0,1,1
3357,False,False,False,False,False,False,True,False,False,False,False,1,both,23,2,51,2
3358,False,True,True,False,True,False,True,False,False,False,False,4,impression_only,3,0,12,2
3359,False,False,False,False,False,False,False,False,False,False,False,0,both,15,0,1,4
3360,False,False,False,False,False,False,False,False,False,False,False,0,both,48,0,1,2
3361,False,False,False,False,False,False,True,False,False,False,False,1,both,24,0,9,2
3362,False,False,False,False,False,False,False,False,False,False,False,0,both,27,0,1,3
3363,False,False,False,False,False,False,False,False,False,False,False,0,both,61,6,1,2
3364,False,False,False,False,True,False,False,False,False,False,False,1,impression_only,20,0,1,2
3365,False,False,False,False,False,False,False,False,False,False,False,0,both,18,0,1,2
3366,False,False,False,False,False,False,True,False,False,False,False,1,both,23,2,51,2
3367,True,False,False,False,True,True,False,False,False,False,False,3,neither,0,0,0,2
3368,False,False,False,False,False,True,False,False,False,False,False,1,findings_only,48,0,1,2
3369,False,False,False,False,False,False,False,False,False,False,False,0,both,42,1,1,2
3370,False,False,False,False,False,False,True,False,False,False,False,1,both,23,0,3,2
3371,False,False,False,False,False,False,False,False,False,False,False,0,both,23,1,1,2
3372,False,False,False,False,True,False,False,False,False,False,False,1,impression_only,7,0,1,2
3373,False,False,False,False,False,False,True,False,False,False,False,1,both,27,1,5,2
3374,False,False,False,False,False,False,False,False,False,False,False,0,both,56,3,1,2
3375,False,False,False,False,False,False,False,False,False,False,False,0,both,27,0,1,3
3376,True,False,False,False,True,True,False,False,False,False,False,3,neither,0,0,0,2
3377,False,False,False,False,False,False,False,False,False,False,False,0,both,44,2,1,1
3378,False,False,False,False,False,False,False,False,False,False,False,0,both,69,0,1,2
3379,False,False,False,False,False,False,False,False,False,False,False,0,both,24,0,1,2
3380,False,False,False,False,False,False,False,False,False,False,False,0,both,39,1,1,2
3381,False,False,False,False,True,False,True,False,False,False,False,2,impression_only,21,2,2,2
3382,False,False,False,False,False,False,False,False,False,False,False,0,both,40,0,1,2
3383,False,False,False,False,True,False,False,False,False,False,False,1,impression_only,21,0,1,2
3384,False,False,False,False,False,False,True,False,False,False,False,1,both,13,0,32,2
3385,False,False,False,False,False,False,False,False,False,False,False,0,both,19,0,1,2
3386,False,False,False,False,False,False,False,False,False,False,False,0,both,33,1,1,2
3387,False,False,False,False,False,False,False,False,False,False,False,0,both,58,3,1,2
3388,False,False,False,False,False,False,False,False,False,False,False,0,both,43,1,1,2
3389,False,False,False,False,False,False,True,False,False,False,False,1,both,23,2,51,2
3390,False,False,False,False,False,False,False,False,False,False,False,0,both,23,0,1,3
3391,False,False,False,False,False,False,False,False,False,False,False,0,both,34,0,1,2
3392,False,False,False,False,False,False,True,False,False,False,False,1,both,19,0,8,2
3393,False,False,False,False,False,False,False,False,False,False,False,0,both,51,1,1,2
3394,False,False,False,False,False,False,False,False,False,False,False,0,both,19,1,1,2
3395,False,False,False,False,True,False,True,False,False,False,False,2,impression_only,18,1,16,2
3396,False,False,False,False,True,False,False,False,False,False,False,1,impression_only,41,4,1,2
3398,False,False,False,False,False,False,False,False,False,False,False,0,both,40,0,1,2
3399,False,False,False,False,False,False,False,False,False,False,False,0,both,29,0,1,1
3400,False,False,False,False,False,False,False,False,False,False,False,0,both,33,0,1,2
3401,False,False,False,False,False,False,False,False,False,False,False,0,both,38,1,1,2
3402,False,False,False,False,False,False,False,False,False,False,False,0,both,30,0,1,2
3403,False,False,False,False,False,False,True,False,False,False,False,1,both,27,0,5,2
3404,False,False,False,False,False,False,False,False,False,False,False,0,both,25,0,1,2
3405,False,False,False,False,False,False,False,False,False,False,False,0,both,31,0,1,2
3406,False,False,False,False,False,False,False,False,False,False,False,0,both,32,0,1,2
3407,False,False,False,False,False,False,False,False,False,False,False,0,both,35,2,1,2
3408,False,False,False,False,False,False,False,False,False,False,False,0,both,39,0,1,2
3409,False,False,False,False,False,False,False,False,False,False,False,0,both,38,0,1,1
3410,False,False,False,False,False,False,False,False,False,False,False,0,both,30,2,1,2
3411,False,False,False,False,False,False,False,False,False,False,False,0,both,63,2,1,2
3412,False,False,False,False,False,False,False,False,False,False,False,0,both,43,1,1,2
3413,False,False,False,False,False,False,False,False,False,False,False,0,both,26,0,1,2
3414,False,False,False,False,False,False,False,False,False,False,False,0,both,42,0,1,2
3415,False,False,False,False,False,False,False,False,False,False,False,0,both,43,1,1,2
3416,False,False,False,False,False,False,False,False,False,False,False,0,both,55,2,1,2
3417,False,False,False,False,False,False,False,False,False,False,False,0,both,42,0,1,2
3418,False,False,False,False,False,False,False,False,False,False,False,0,both,39,2,1,2
3419,False,False,False,True,True,False,False,False,False,False,False,2,impression_only,126,3,1,3
3420,False,False,False,False,False,False,False,False,False,False,False,0,both,16,0,1,2
3421,False,False,False,False,False,False,False,False,False,False,False,0,both,47,0,1,2
3422,False,False,False,False,False,False,True,False,False,False,False,1,both,20,1,39,2
3423,False,False,False,False,False,False,False,False,False,False,False,0,both,31,0,1,2
3424,False,False,False,False,False,False,False,False,False,False,False,0,both,63,1,1,2
3426,False,False,False,False,False,False,True,False,False,False,False,1,both,40,1,2,2
3427,False,False,False,False,False,False,False,False,False,False,False,0,both,51,1,1,2
3428,False,False,False,False,False,False,False,False,False,False,False,0,both,48,0,1,2
3429,False,False,False,False,False,False,False,False,False,False,False,0,both,27,0,1,2
3430,False,False,False,False,False,False,False,False,False,False,False,0,both,48,1,1,2
3431,False,False,False,False,False,False,False,False,False,False,False,0,both,19,0,1,2
3432,False,False,False,False,False,False,False,False,False,False,False,0,both,27,0,1,2
3433,False,False,False,False,False,False,False,False,False,False,False,0,both,18,0,1,2
3434,True,False,False,False,True,True,False,False,False,False,False,3,neither,0,0,0,2
3435,False,False,False,False,True,False,False,False,False,False,False,1,impression_only,66,5,1,2
3436,False,False,False,False,False,False,False,False,False,False,False,0,both,48,0,1,2
3437,False,False,False,False,False,False,False,False,False,False,False,0,both,38,0,1,2
3438,False,False,False,False,False,False,True,False,False,False,False,1,both,32,1,14,1
3439,False,False,False,False,False,False,False,False,False,False,False,0,both,13,0,1,2
3440,False,False,False,False,False,False,False,False,False,False,False,0,both,48,2,1,2
3441,False,False,False,False,False,False,True,False,False,False,False,1,both,25,0,3,2
3442,False,False,False,False,False,False,False,False,False,False,False,0,both,25,0,1,2
3443,False,False,False,False,True,False,False,False,False,False,False,1,impression_only,17,0,1,2
3444,False,False,False,False,True,False,False,False,False,False,False,1,impression_only,14,0,1,3
3445,False,False,False,False,False,False,True,False,False,False,False,1,both,28,2,4,2
3446,False,False,False,False,False,False,True,False,False,False,False,1,both,19,1,10,2
3448,False,False,False,False,False,False,False,False,False,False,False,0,both,51,1,1,2
3449,False,False,False,False,False,False,True,False,False,False,False,1,both,54,2,2,2
3450,False,False,False,False,False,False,False,False,False,False,False,0,both,19,0,1,2
3451,False,False,False,False,False,False,False,False,False,False,False,0,both,46,3,1,2
3452,False,False,False,False,False,False,True,False,False,False,False,1,both,20,0,3,2
3453,False,False,False,False,True,False,True,False,False,False,False,2,impression_only,6,0,3,2
3454,False,False,False,False,True,False,False,False,False,False,False,1,impression_only,10,0,1,2
3455,False,False,False,False,False,False,False,False,False,False,False,0,both,34,3,1,2
3456,False,False,False,False,False,False,False,False,False,False,False,0,both,30,0,1,2
3457,False,False,False,False,True,False,False,False,False,False,False,1,impression_only,19,0,1,2
3458,False,False,False,False,False,False,False,False,False,False,False,0,both,23,1,1,2
3459,False,False,False,False,False,False,False,False,False,False,False,0,both,40,1,1,2
3460,False,False,False,False,False,False,True,False,False,False,False,1,both,23,0,6,2
3461,False,False,False,False,False,False,False,False,False,False,False,0,both,15,0,1,1
3462,False,False,False,False,False,False,False,False,False,False,False,0,both,43,0,1,2
3464,False,False,False,False,False,False,True,False,False,False,False,1,both,23,2,51,2
3465,False,False,False,False,False,False,True,False,False,False,False,1,both,18,0,5,2
3466,False,False,False,False,False,False,False,False,False,False,False,0,both,39,1,1,2
3467,False,False,False,False,False,False,False,False,False,False,False,0,both,35,1,1,2
3468,False,False,False,False,False,False,False,False,False,False,False,0,both,60,1,1,4
3469,False,False,False,False,False,False,False,False,False,False,False,0,both,53,3,1,2
3470,False,False,False,False,False,False,False,False,False,False,False,0,both,39,0,1,2
3471,False,False,False,False,False,False,False,False,False,False,False,0,both,61,0,1,2
3472,False,False,False,False,False,False,True,False,False,False,False,1,both,35,0,8,2
3473,False,False,False,False,False,False,False,False,False,False,False,0,both,37,0,1,2
3474,False,False,False,False,False,False,False,False,False,False,False,0,both,76,3,1,2
3475,False,False,False,False,False,False,True,False,False,False,False,1,both,19,0,14,2
3477,False,False,False,False,False,False,False,False,False,False,False,0,both,22,0,1,2
3478,False,False,False,False,False,False,False,False,False,False,False,0,both,19,0,1,2
3479,False,False,False,False,False,False,False,False,False,False,False,0,both,50,3,1,2
3480,False,False,False,False,False,False,True,False,False,False,False,1,both,32,0,2,2
3481,False,False,False,False,False,False,False,False,False,False,False,0,both,36,0,1,2
3482,False,False,False,False,False,False,False,False,False,False,False,0,both,30,0,1,2
3483,False,False,False,False,False,False,True,False,False,False,False,1,both,28,0,2,2
3485,False,False,False,False,False,False,False,False,False,False,False,0,both,50,1,1,2
3486,False,False,False,False,False,False,False,False,False,False,False,0,both,32,0,1,2
3487,False,False,False,False,False,False,True,False,False,False,False,1,both,23,0,15,2
3488,False,False,False,False,False,False,False,False,False,False,False,0,both,31,0,1,2
3489,False,False,False,False,False,False,True,False,False,False,False,1,both,23,1,5,2
3490,False,False,False,False,True,False,False,False,False,False,False,1,impression_only,62,1,1,2
3491,False,False,False,False,False,False,False,False,False,False,False,0,both,49,0,1,2
3492,False,False,False,False,False,False,False,False,False,False,False,0,both,28,0,1,2
3493,False,False,False,False,False,False,False,False,False,False,False,0,both,40,0,1,2
3494,False,False,False,False,False,False,False,False,False,False,False,0,both,36,0,1,2
3495,False,False,False,False,False,False,True,False,False,False,False,1,both,41,0,13,3
3496,False,False,False,False,False,False,True,False,False,False,False,1,both,54,1,10,1
3497,False,False,False,False,False,False,False,False,False,False,False,0,both,39,0,1,1
3498,False,False,False,False,False,False,False,False,False,False,False,0,both,83,4,1,2
3499,False,False,False,False,True,False,True,False,False,False,False,2,impression_only,19,2,8,2
3500,False,False,False,False,False,False,False,False,False,False,False,0,both,35,1,1,2
3501,False,False,False,False,False,False,True,False,False,False,False,1,both,30,0,3,2
3502,False,False,False,False,False,False,False,False,False,False,False,0,both,90,10,1,2
3503,False,False,False,False,False,False,True,False,False,False,False,1,both,53,1,3,1
3504,False,False,False,False,False,False,True,False,False,False,False,1,both,35,0,25,2
3505,False,False,False,False,False,False,False,True,False,False,False,1,both,18,0,1,2
3506,False,False,False,False,False,False,True,False,False,False,False,1,both,23,2,51,2
3507,False,False,False,False,False,False,False,False,False,False,False,0,both,46,1,1,2
3508,False,False,False,False,False,False,False,False,False,False,False,0,both,81,1,1,2
3509,False,False,False,False,False,False,False,False,False,False,False,0,both,59,4,1,3
3510,False,False,False,False,True,False,False,False,False,False,False,1,impression_only,23,0,1,2
3511,False,False,False,False,True,False,True,False,False,False,False,2,impression_only,18,1,16,2
3512,False,False,False,False,False,False,False,False,False,False,False,0,both,21,1,1,2
3513,False,False,False,False,False,False,True,False,False,False,False,1,both,35,0,12,1
3514,False,False,False,False,False,False,False,False,False,False,False,0,both,42,3,1,2
3515,False,False,False,False,False,False,False,False,False,False,False,0,both,22,0,1,2
3516,False,False,False,False,False,False,False,False,False,False,False,0,both,25,1,1,2
3517,False,False,False,False,False,False,False,False,False,False,False,0,both,73,1,1,1
3518,False,False,False,False,False,False,False,False,False,False,False,0,both,34,1,1,2
3519,False,False,False,False,False,False,False,False,False,False,False,0,both,52,1,1,2
3520,False,False,False,False,False,False,False,False,False,False,False,0,both,37,0,1,2
3521,False,False,False,False,False,False,False,False,False,False,False,0,both,51,2,1,3
3522,False,False,False,False,False,False,True,False,False,False,False,1,both,26,0,9,2
3523,False,False,False,False,False,False,False,False,False,False,False,0,both,43,2,1,2
3524,False,False,False,False,False,False,True,False,False,False,False,1,both,29,1,8,2
3525,False,False,False,False,False,False,False,False,False,False,False,0,both,47,2,1,2
3526,False,False,False,False,False,False,False,False,False,False,False,0,both,72,3,1,2
3527,False,False,False,False,False,False,True,False,False,False,False,1,both,13,0,32,2
3528,False,False,False,False,False,False,True,False,False,False,False,1,both,17,0,50,2
3529,False,False,False,False,False,False,False,False,False,False,False,0,both,29,2,1,2
3530,False,False,False,False,True,False,False,False,False,False,False,1,impression_only,13,0,1,2
3531,False,False,False,False,False,False,False,False,False,False,False,0,both,29,0,1,2
3532,False,False,False,False,False,False,True,False,False,False,False,1,both,23,2,51,3
3533,False,False,False,False,False,False,False,False,False,False,False,0,both,31,0,1,2
3534,False,False,False,False,False,False,False,False,False,False,False,0,both,41,2,1,2
3535,False,False,False,False,False,False,True,False,False,False,False,1,both,23,1,2,2
3536,False,False,False,False,False,False,False,False,False,False,False,0,both,75,6,1,2
3537,False,False,False,False,False,False,True,False,False,False,False,1,both,23,2,51,2
3538,False,False,False,False,True,False,True,False,False,False,False,2,impression_only,26,0,9,2
3539,False,False,False,False,False,False,False,False,False,False,False,0,both,23,1,1,2
3540,False,False,False,False,False,False,True,False,False,False,False,1,both,27,0,2,2
3541,False,False,False,False,False,False,False,False,False,False,False,0,both,39,1,1,2
3542,False,False,False,False,False,False,False,False,False,False,False,0,both,44,0,1,2
3543,False,False,False,False,False,False,False,False,False,False,False,0,both,35,1,1,2
3544,False,False,False,False,False,False,False,False,False,False,False,0,both,42,3,1,2
3545,False,False,False,False,False,False,False,False,False,False,False,0,both,72,5,1,2
3546,False,False,False,False,False,False,False,False,False,False,False,0,both,43,1,1,2
3547,False,False,False,False,False,False,True,False,False,False,False,1,both,29,0,2,2
3548,False,False,False,False,False,False,True,False,False,False,False,1,both,33,0,6,2
3549,False,False,False,False,False,False,True,False,False,False,False,1,both,34,0,41,3
3550,False,False,False,False,False,False,False,False,False,False,False,0,both,35,0,1,1
3551,False,False,False,False,False,False,False,False,False,False,False,0,both,36,0,1,3
3552,False,False,False,False,False,False,True,False,False,False,False,1,both,28,0,3,2
3553,False,False,False,False,True,False,False,False,False,False,False,1,impression_only,6,0,1,2
3555,False,False,False,False,False,False,False,False,False,False,False,0,both,30,0,1,1
3556,False,False,False,False,False,False,False,False,False,False,False,0,both,40,2,1,2
3557,False,False,False,False,False,False,False,False,False,False,False,0,both,40,1,1,2
3559,False,False,False,False,False,False,False,False,False,False,False,0,both,40,0,1,2
3560,False,False,False,False,False,False,True,False,False,False,False,1,both,13,0,32,2
3561,False,False,False,False,False,False,True,False,False,False,False,1,both,19,0,14,2
3562,False,False,False,False,False,False,False,False,False,False,False,0,both,42,0,1,2
3563,False,False,False,False,True,False,False,False,False,False,False,1,impression_only,23,1,1,2
3564,False,False,False,False,False,False,False,False,False,False,False,0,both,52,0,1,2
3565,False,False,False,False,False,False,False,False,False,False,False,0,both,49,0,1,2
3566,False,False,False,False,False,False,False,False,False,False,False,0,both,61,1,1,4
3567,False,False,False,False,False,False,False,False,False,False,False,0,both,61,2,1,1
3568,False,False,False,False,False,False,False,False,False,False,False,0,both,41,1,1,2
3569,False,False,False,False,False,False,False,False,False,False,False,0,both,26,0,1,1
3570,False,False,False,False,False,False,False,False,False,False,False,0,both,54,1,1,3
3571,False,False,False,False,False,False,False,False,False,False,False,0,both,31,0,1,2
3572,False,False,False,False,True,False,False,False,False,False,False,1,impression_only,50,2,1,2
3573,False,False,False,False,False,False,False,False,False,False,False,0,both,46,0,1,2
3574,False,False,False,False,False,False,False,False,False,False,False,0,both,35,2,1,2
3575,False,False,False,False,False,False,False,False,False,False,False,0,both,28,0,1,2
3576,False,False,False,False,False,False,True,False,False,False,False,1,both,30,0,2,2
3577,False,False,False,False,False,False,True,False,False,False,False,1,both,30,0,2,2
3578,False,False,False,False,False,False,True,False,False,False,False,1,both,23,2,51,2
3579,False,False,False,False,False,False,False,False,False,False,False,0,both,32,0,1,2
3580,False,False,False,False,False,False,False,False,False,False,False,0,both,20,1,1,2
3581,False,False,False,False,False,False,False,False,False,False,False,0,both,60,2,1,2
3582,False,False,False,False,False,False,False,False,False,False,False,0,both,20,0,1,2
3583,False,False,False,False,False,False,True,False,False,False,False,1,both,40,1,4,2
3584,False,False,False,False,True,False,False,False,False,False,False,1,impression_only,43,1,1,1
3585,False,False,True,False,True,False,False,False,False,False,False,2,impression_only,4,0,1,2
3586,False,False,False,False,False,False,False,False,False,False,False,0,both,20,0,1,2
3587,False,False,False,False,False,False,True,False,False,False,False,1,both,19,0,14,2
3588,False,False,False,False,False,False,True,False,False,False,False,1,both,37,3,5,2
3589,False,False,False,False,False,False,False,False,False,False,False,0,both,46,0,1,2
3590,False,False,False,False,False,False,True,False,False,False,False,1,both,30,0,3,2
3591,False,False,False,False,False,False,False,False,False,False,False,0,both,38,0,1,2
3592,False,False,False,False,True,False,False,False,False,False,False,1,impression_only,30,1,1,2
3593,False,False,False,False,False,False,True,False,False,False,False,1,both,20,1,39,2
3594,False,False,False,False,False,False,False,False,False,False,False,0,both,16,0,1,2
3595,False,False,False,False,False,False,False,False,False,False,False,0,both,66,1,1,2
3596,False,False,False,False,True,False,False,False,False,False,False,1,impression_only,70,4,1,2
3597,False,False,False,False,False,False,False,False,False,False,False,0,both,30,2,1,2
3598,False,False,False,False,False,False,False,False,False,False,False,0,both,36,1,1,2
3599,False,False,False,False,False,False,False,False,False,False,False,0,both,47,1,1,2
3600,False,False,False,False,True,False,False,False,False,False,False,1,impression_only,52,0,1,2
3601,False,False,False,False,False,False,False,False,False,False,False,0,both,58,0,1,2
3602,False,False,False,False,False,False,False,False,False,False,False,0,both,41,2,1,2
3603,False,False,False,False,False,False,True,False,False,False,False,1,both,20,0,8,2
3604,False,False,False,False,True,False,False,False,False,False,False,1,impression_only,27,0,1,2
3605,False,False,False,False,False,False,False,False,False,False,False,0,both,27,0,1,2
3606,False,False,False,False,False,False,True,False,False,False,False,1,both,19,0,11,2
3607,False,False,False,False,False,False,False,False,False,False,False,0,both,62,4,1,1
3608,False,False,False,False,False,False,False,False,False,False,False,0,both,92,3,1,2
3609,False,False,False,False,False,False,False,False,False,False,False,0,both,25,0,1,2
3610,False,False,False,False,False,False,True,False,False,False,False,1,both,24,1,6,2
3611,False,False,False,False,False,False,False,False,False,False,False,0,both,87,1,1,1
3612,False,False,False,False,False,False,False,False,False,False,False,0,both,36,1,1,2
3613,False,False,False,False,True,False,False,False,False,False,False,1,impression_only,23,0,1,2
3614,False,False,False,False,False,True,False,False,False,False,False,1,findings_only,21,0,1,2
3615,False,False,False,False,True,False,False,False,False,False,False,1,impression_only,27,1,1,2
3616,False,False,False,False,False,False,False,False,False,False,False,0,both,52,0,1,2
3617,False,False,False,False,False,False,False,False,False,False,False,0,both,29,0,1,2
3618,False,False,False,False,False,False,False,False,False,False,False,0,both,36,0,1,2
3619,False,False,False,False,False,False,True,False,False,False,False,1,both,35,1,3,2
3620,False,False,False,False,False,False,False,False,False,False,False,0,both,75,1,1,2
3621,False,False,False,False,False,False,False,False,False,False,False,0,both,21,2,1,2
3623,False,False,False,False,False,False,False,False,False,False,False,0,both,31,2,1,2
3624,False,False,False,False,False,False,True,False,False,False,False,1,both,26,0,5,2
3625,False,False,False,False,False,False,False,False,False,False,False,0,both,30,1,1,2
3626,False,False,False,False,True,False,False,False,False,False,False,1,impression_only,28,1,1,2
3627,False,False,False,False,False,False,False,False,False,False,False,0,both,49,2,1,1
3628,False,False,False,False,False,False,False,False,False,False,False,0,both,49,2,1,2
3629,False,True,True,False,True,False,True,False,False,False,False,4,impression_only,3,0,12,2
3630,False,False,False,False,False,False,False,False,False,False,False,0,both,62,2,1,2
3631,False,False,False,False,True,False,False,False,False,False,False,1,impression_only,30,3,1,2
3632,False,False,False,False,False,False,False,False,False,False,False,0,both,43,4,1,2
3633,False,False,False,False,False,False,False,False,False,False,False,0,both,25,0,1,2
3634,False,False,False,False,False,False,True,False,False,False,False,1,both,19,0,3,2
3635,False,False,False,False,False,False,False,False,False,False,False,0,both,27,0,1,2
3636,False,False,False,False,False,False,False,False,False,False,False,0,both,43,1,1,2
3637,False,False,False,False,False,False,True,False,False,False,False,1,both,28,0,3,3
3638,False,False,False,False,False,False,False,False,False,False,False,0,both,12,1,1,2
3639,False,False,False,False,False,False,False,False,False,False,False,0,both,38,0,1,2
3640,False,False,False,False,True,False,False,False,False,False,False,1,impression_only,20,1,1,2
3641,False,False,False,False,False,False,False,False,False,False,False,0,both,46,0,1,2
3642,False,False,False,False,False,False,False,False,False,False,False,0,both,36,1,1,2
3643,False,False,False,False,True,False,False,False,False,False,False,1,impression_only,15,0,1,2
3644,False,False,False,False,False,False,False,False,False,False,False,0,both,43,4,1,2
3645,False,False,False,False,True,False,False,False,False,False,False,1,impression_only,25,1,1,1
3646,False,False,False,False,False,False,True,False,False,False,False,1,both,17,0,5,2
3647,False,False,False,False,False,False,False,False,False,False,False,0,both,20,0,1,2
3648,False,False,False,False,False,False,False,False,False,False,False,0,both,30,0,1,2
3649,False,False,False,False,False,False,False,False,False,False,False,0,both,17,0,1,2
3650,False,False,False,False,False,False,False,False,False,False,False,0,both,53,0,1,2
3651,False,False,False,False,False,False,False,False,False,False,False,0,both,51,3,1,2
3652,False,False,False,False,False,False,False,False,False,False,False,0,both,36,2,1,2
3653,False,False,False,False,False,False,False,False,False,False,False,0,both,61,3,1,2
3654,False,False,False,False,False,False,False,False,False,False,False,0,both,89,5,1,1
3655,False,False,False,False,False,False,False,False,False,False,False,0,both,37,0,1,2
3656,False,False,False,False,False,False,False,False,False,False,False,0,both,43,0,1,2
3657,False,False,False,False,False,False,False,False,False,False,False,0,both,40,1,1,2
3658,False,False,False,False,False,False,False,False,False,False,False,0,both,79,5,1,2
3659,False,False,False,False,False,False,False,False,False,False,False,0,both,39,0,1,2
3660,False,False,False,False,False,False,False,False,False,False,False,0,both,24,0,1,2
3661,False,False,False,False,False,False,False,False,False,False,False,0,both,24,0,1,2
3662,False,False,False,False,False,False,False,False,False,False,False,0,both,44,1,1,2
3663,False,False,False,False,False,False,False,False,False,False,False,0,both,19,0,1,2
3664,False,False,False,False,False,False,False,False,False,False,False,0,both,38,0,1,2
3665,False,False,False,False,False,False,False,False,False,False,False,0,both,33,0,1,2
3666,False,False,False,False,False,False,False,False,False,False,False,0,both,36,3,1,2
3667,False,False,False,True,False,False,False,False,False,False,False,1,both,112,7,1,1
3668,False,False,False,False,True,False,False,False,False,False,False,1,impression_only,29,0,1,2
3669,False,False,False,False,True,False,False,False,False,False,False,1,impression_only,9,1,1,2
3670,False,False,False,False,False,False,False,False,False,False,False,0,both,57,1,1,2
3671,False,False,False,False,False,False,False,False,False,False,False,0,both,41,2,1,3
3672,False,False,False,False,False,False,False,False,False,False,False,0,both,25,1,1,2
3673,False,False,False,False,False,False,False,False,False,False,False,0,both,80,3,1,2
3674,False,False,False,False,True,False,True,False,False,False,False,2,impression_only,18,1,16,2
3675,False,False,False,False,False,False,False,False,False,False,False,0,both,33,2,1,2
3676,False,False,False,False,False,False,False,False,False,False,False,0,both,85,1,1,2
3677,False,False,False,False,False,False,False,False,False,False,False,0,both,31,0,1,2
3678,False,False,False,False,False,False,False,False,False,False,False,0,both,44,3,1,2
3679,False,False,False,False,False,False,True,False,False,False,False,1,both,12,0,2,2
3680,False,False,False,False,False,False,False,False,False,False,False,0,both,58,3,1,2
3681,False,False,False,False,False,False,False,False,False,False,False,0,both,39,1,1,2
3682,False,False,False,False,False,False,False,False,False,False,False,0,both,29,0,1,2
3683,False,False,False,False,False,False,False,False,False,False,False,0,both,64,1,1,2
3684,False,False,False,False,True,False,False,False,False,False,False,1,impression_only,48,1,1,1
3685,False,False,False,False,False,False,False,False,False,False,False,0,both,42,2,1,2
3686,False,False,False,False,True,False,False,False,False,False,False,1,impression_only,33,0,1,2
3687,False,False,False,False,False,False,False,False,False,False,False,0,both,67,1,1,2
3688,False,False,False,False,True,False,False,False,False,False,False,1,impression_only,43,0,1,2
3689,False,False,False,False,False,False,False,False,False,False,False,0,both,38,1,1,2
3690,False,False,False,False,False,False,False,False,False,False,False,0,both,27,0,1,2
3691,False,False,False,False,False,False,False,False,False,False,False,0,both,36,0,1,2
3692,False,False,False,False,False,False,False,False,False,False,False,0,both,37,2,1,2
3693,False,False,False,False,False,False,False,False,False,False,False,0,both,48,1,1,2
3694,False,False,False,False,False,False,False,False,False,False,False,0,both,42,0,1,2
3695,False,False,False,False,False,False,False,False,False,False,False,0,both,50,1,1,2
3696,False,False,False,False,True,False,False,False,False,False,False,1,impression_only,15,0,1,2
3697,False,False,False,False,False,False,False,False,False,False,False,0,both,68,0,1,2
3698,False,False,False,False,False,False,True,False,False,False,False,1,both,33,0,10,2
3699,False,False,False,False,False,False,False,False,False,False,False,0,both,29,0,1,2
3700,False,False,False,False,False,False,False,False,False,False,False,0,both,39,1,1,1
3701,False,False,False,False,False,False,True,False,False,False,False,1,both,13,0,32,2
3702,False,False,False,False,False,False,False,False,False,False,False,0,both,59,1,1,2
3703,False,False,False,False,False,False,False,False,False,False,False,0,both,58,2,1,2
3704,False,False,False,False,False,False,True,False,False,False,False,1,both,23,0,3,2
3705,False,False,False,False,False,False,False,False,False,False,False,0,both,43,2,1,2
3706,False,False,False,False,False,False,False,False,False,False,False,0,both,35,0,1,2
3707,False,False,False,False,False,False,False,False,False,False,False,0,both,40,0,1,2
3708,False,False,False,False,False,False,False,False,False,False,False,0,both,54,1,1,2
3709,False,False,False,False,False,False,False,False,False,False,False,0,both,49,3,1,3
3712,False,False,False,False,False,False,False,False,False,False,False,0,both,36,0,1,2
3713,False,False,False,False,True,False,False,False,False,False,False,1,impression_only,33,0,1,2
3714,False,False,False,False,False,False,False,False,False,False,False,0,both,28,0,1,2
3715,False,False,False,False,True,False,False,False,False,False,False,1,impression_only,43,1,1,2
3716,False,False,False,False,False,False,False,False,False,False,False,0,both,30,0,1,3
3717,False,False,False,False,False,False,False,False,False,False,False,0,both,22,1,1,2
3718,False,False,False,False,True,False,False,False,False,False,False,1,impression_only,37,0,1,1
3719,False,True,True,False,True,False,True,False,False,False,False,4,impression_only,3,0,12,2
3720,False,False,False,False,False,False,True,False,False,False,False,1,both,35,0,25,2
3721,False,False,False,False,False,False,False,False,False,False,False,0,both,47,0,1,2
3722,False,False,False,False,False,False,True,False,False,False,False,1,both,17,0,5,2
3723,False,False,False,False,False,False,True,False,False,False,False,1,both,27,0,21,2
3724,False,False,False,False,False,False,True,False,False,False,False,1,both,20,1,39,2
3725,False,False,False,False,False,False,False,False,False,False,False,0,both,32,0,1,2
3726,False,False,False,False,False,False,True,False,False,False,False,1,both,20,1,39,2
3727,False,False,False,False,False,False,False,False,False,False,False,0,both,33,3,1,2
3728,False,False,False,False,False,False,False,False,False,False,False,0,both,42,1,1,2
3729,False,False,False,False,False,False,False,False,False,False,False,0,both,81,3,1,2
3730,False,False,False,False,True,False,False,False,False,False,False,1,impression_only,59,2,1,2
3731,False,False,False,False,False,False,False,False,False,False,False,0,both,15,0,1,2
3732,False,False,False,False,False,False,False,False,False,False,False,0,both,34,1,1,2
3733,False,False,False,False,False,False,False,False,False,False,False,0,both,64,3,1,2
3734,False,False,False,False,False,False,True,False,False,False,False,1,both,27,0,21,2
3735,False,False,False,False,False,False,False,False,False,False,False,0,both,16,0,1,2
3736,False,False,False,False,False,False,False,False,False,False,False,0,both,27,0,1,1
3737,False,False,False,False,False,False,False,False,False,False,False,0,both,18,0,1,2
3738,False,False,False,False,False,False,True,False,False,False,False,1,both,26,0,5,2
3739,False,False,False,False,False,False,False,False,False,False,False,0,both,50,2,1,2
3740,False,False,False,False,False,False,False,False,False,False,False,0,both,32,1,1,2
3741,False,False,False,False,False,False,False,False,False,False,False,0,both,32,0,1,1
3742,False,False,False,False,False,False,False,False,False,False,False,0,both,22,0,1,2
3743,False,False,False,False,False,False,True,False,False,False,False,1,both,23,2,51,1
3744,False,False,False,False,True,False,True,False,False,False,False,2,impression_only,30,2,2,2
3745,False,False,False,False,False,False,True,False,False,False,False,1,both,25,0,9,2
3746,False,False,False,False,False,False,False,False,False,False,False,0,both,54,3,1,2
3747,False,False,False,False,False,False,True,False,False,False,False,1,both,20,1,39,2
3748,False,False,False,False,False,False,False,False,False,False,False,0,both,47,1,1,2
3749,False,False,False,False,False,False,True,False,False,False,False,1,both,27,0,21,2
3750,False,False,False,False,False,False,False,False,False,False,False,0,both,45,2,1,1
3751,False,False,False,False,False,False,True,False,False,False,False,1,both,40,1,5,2
3752,False,False,False,False,True,False,False,False,False,False,False,1,impression_only,53,1,1,2
3753,False,False,False,True,False,False,False,False,False,False,False,1,both,112,2,1,2
3754,False,False,False,False,False,False,False,False,False,False,False,0,both,18,0,1,2
3755,False,False,False,False,False,False,False,False,False,False,False,0,both,55,0,1,2
3756,False,False,False,False,False,False,False,False,False,False,False,0,both,29,2,1,2
3757,False,False,False,False,False,False,False,False,False,False,False,0,both,38,3,1,2
3758,False,False,False,False,True,False,False,False,False,False,False,1,impression_only,28,1,1,2
3759,False,False,False,False,False,False,False,False,False,False,False,0,both,53,0,1,2
3760,False,False,False,False,False,False,False,False,False,False,False,0,both,49,3,1,2
3761,False,False,False,False,False,False,False,False,False,False,False,0,both,24,0,1,2
3762,False,False,False,False,False,False,False,False,False,False,False,0,both,44,0,1,2
3763,False,False,False,False,False,False,True,False,False,False,False,1,both,13,0,32,2
3764,False,False,False,False,False,False,True,False,False,False,False,1,both,20,1,39,2
3765,False,False,False,False,False,False,False,False,False,False,False,0,both,45,0,1,2
3766,False,False,False,False,False,False,False,False,False,False,False,0,both,44,1,1,2
3767,False,False,False,False,True,False,False,False,False,False,False,1,impression_only,20,0,1,2
3768,False,False,False,False,False,False,False,False,False,False,False,0,both,23,0,1,2
3769,False,False,False,False,False,False,False,False,False,False,False,0,both,51,2,1,1
3770,False,False,False,False,False,False,False,False,False,False,False,0,both,29,0,1,2
3771,False,False,False,False,True,False,False,False,False,False,False,1,impression_only,16,0,1,2
3772,False,False,False,False,False,False,False,False,False,False,False,0,both,42,0,1,2
3773,False,False,False,False,False,False,False,False,False,False,False,0,both,35,1,1,2
3774,False,False,False,False,False,False,False,False,False,False,False,0,both,28,0,1,2
3775,False,False,False,False,False,False,True,False,False,False,False,1,both,27,0,7,2
3776,False,False,False,False,True,False,False,False,False,False,False,1,impression_only,15,1,1,1
3777,False,False,False,False,False,False,False,False,False,False,False,0,both,41,0,1,2
3778,False,False,False,False,False,False,True,False,False,False,False,1,both,19,0,11,2
3779,False,False,False,False,False,False,True,False,False,False,False,1,both,32,1,14,2
3780,False,False,False,False,True,False,False,False,False,False,False,1,impression_only,45,5,1,2
3781,False,False,False,False,False,False,False,False,False,False,False,0,both,47,2,1,2
3782,True,False,False,False,True,True,False,False,False,False,False,3,neither,0,0,0,1
3783,False,False,False,False,False,False,True,False,False,False,False,1,both,24,0,9,1
3784,False,False,False,False,False,False,False,False,False,False,False,0,both,26,0,1,2
3785,False,False,False,False,False,False,False,False,False,False,False,0,both,33,2,1,2
3786,False,False,False,False,False,False,False,False,False,False,False,0,both,30,1,1,1
3787,False,False,False,False,False,False,False,False,False,False,False,0,both,19,0,1,2
3789,False,False,False,False,False,False,False,False,False,False,False,0,both,38,1,1,2
3790,False,False,False,False,False,False,False,False,False,False,False,0,both,46,1,1,2
3791,False,False,False,False,True,False,False,False,False,False,False,1,impression_only,36,2,1,2
3792,False,False,False,False,False,False,True,False,False,False,False,1,both,34,0,41,2
3793,False,False,False,False,False,False,False,False,False,False,False,0,both,33,0,1,1
3794,False,False,False,False,False,False,False,False,False,False,False,0,both,85,4,1,2
3795,False,False,False,False,False,False,False,False,False,False,False,0,both,33,0,1,2
3796,False,False,False,False,False,False,True,False,False,False,False,1,both,35,0,3,2
3797,False,False,False,False,False,False,False,False,False,False,False,0,both,47,3,1,3
3798,False,False,False,False,False,False,False,False,False,False,False,0,both,31,0,1,2
3799,False,False,False,False,True,False,False,False,False,False,False,1,impression_only,38,2,1,2
3801,False,False,False,False,False,False,False,False,False,False,False,0,both,59,1,1,1
3802,False,False,False,False,False,False,False,False,False,False,False,0,both,80,2,1,2
3803,False,False,False,False,False,False,False,False,False,False,False,0,both,53,0,1,2
3804,False,False,False,False,False,False,False,False,False,False,False,0,both,61,1,1,2
3805,False,False,False,False,False,False,True,False,False,False,False,1,both,32,1,14,1
3806,False,False,False,False,False,False,False,False,False,False,False,0,both,32,0,1,2
3807,False,False,False,False,False,False,False,False,False,False,False,0,both,56,0,1,2
3808,False,False,False,False,False,False,False,False,False,False,False,0,both,35,0,1,2
3809,False,False,False,False,False,False,True,False,False,False,False,1,both,19,1,10,2
3810,False,False,False,False,False,False,False,False,False,False,False,0,both,44,0,1,2
3811,False,False,False,False,True,False,False,False,False,False,False,1,impression_only,29,0,1,2
3812,False,False,False,False,False,False,False,False,False,False,False,0,both,39,1,1,1
3813,False,False,False,False,False,False,False,False,False,False,False,0,both,30,2,1,2
3814,False,False,False,False,False,False,False,False,False,False,False,0,both,48,2,1,2
3815,False,False,False,False,True,False,False,False,False,False,False,1,impression_only,50,0,1,2
3816,False,False,False,False,False,False,False,False,False,False,False,0,both,49,0,1,2
3817,False,False,False,False,False,False,True,False,False,False,False,1,both,29,1,3,2
3818,False,False,False,False,False,False,True,False,False,False,False,1,both,18,0,4,2
3819,False,False,False,False,False,False,False,False,False,False,False,0,both,53,2,1,3
3820,False,False,False,False,False,False,False,False,False,False,False,0,both,37,0,1,2
3821,False,False,False,False,False,False,False,False,False,False,False,0,both,32,0,1,2
3822,False,False,False,False,True,False,False,False,False,False,False,1,impression_only,21,0,1,1
3823,False,False,False,False,True,False,False,False,False,False,False,1,impression_only,14,0,1,2
3824,False,False,False,False,True,False,False,False,False,False,False,1,impression_only,32,2,1,1
3825,False,False,False,False,True,False,False,False,False,False,False,1,impression_only,25,3,1,2
3826,False,False,False,False,False,False,False,False,False,False,False,0,both,28,0,1,2
3827,False,False,False,False,False,False,True,False,False,False,False,1,both,27,0,7,2
3828,False,False,False,False,False,False,True,False,False,False,False,1,both,32,1,14,2
3829,False,False,False,False,False,False,False,False,False,False,False,0,both,46,0,1,2
3830,False,False,False,False,False,False,True,False,False,False,False,1,both,20,0,8,2
3831,False,False,False,False,False,False,False,False,False,False,False,0,both,22,0,1,2
3832,False,False,False,False,False,False,False,False,False,False,False,0,both,31,1,1,2
3833,False,False,False,False,False,False,False,False,False,False,False,0,both,86,5,1,2
3834,False,False,False,False,False,False,False,False,False,False,False,0,both,29,0,1,1
3835,False,False,False,False,False,False,False,False,False,False,False,0,both,37,2,1,2
3836,False,False,False,False,False,False,True,False,False,False,False,1,both,54,1,10,2
3837,False,False,False,False,False,False,True,False,False,False,False,1,both,26,0,9,2
3838,False,False,False,False,False,False,False,False,False,False,False,0,both,60,4,1,1
3839,False,False,False,False,False,False,False,False,False,False,False,0,both,61,3,1,1
3840,False,False,False,False,False,False,False,False,False,False,False,0,both,60,1,1,2
3841,False,False,False,False,False,False,False,False,False,False,False,0,both,31,0,1,2
3842,False,False,False,False,True,False,False,False,False,False,False,1,impression_only,20,1,1,2
3843,False,False,False,False,False,False,False,False,False,False,False,0,both,66,4,1,3
3844,False,False,False,False,False,False,False,False,False,False,False,0,both,24,0,1,2
3845,False,False,False,False,False,False,True,False,False,False,False,1,both,35,0,25,2
3846,False,False,False,False,False,False,False,False,False,False,False,0,both,45,0,1,2
3847,False,False,False,False,False,False,False,False,False,False,False,0,both,43,2,1,2
3848,False,False,False,False,False,False,False,False,False,False,False,0,both,75,2,1,2
3849,False,False,False,False,False,False,False,False,False,False,False,0,both,32,2,1,2
3850,False,False,False,False,True,False,False,False,False,False,False,1,impression_only,35,1,1,2
3851,False,False,False,False,False,False,False,False,False,False,False,0,both,27,0,1,2
3852,False,False,False,False,False,False,False,False,False,False,False,0,both,31,0,1,2
3853,False,False,False,False,True,False,False,False,False,False,False,1,impression_only,46,3,1,2
3854,False,False,False,False,False,False,True,False,False,False,False,1,both,44,0,2,2
3855,False,False,False,False,False,False,False,False,False,False,False,0,both,65,0,1,2
3856,False,False,False,False,False,False,False,False,False,False,False,0,both,21,0,1,2
3857,False,False,False,False,False,False,True,False,False,False,False,1,both,41,0,13,1
3858,False,False,False,False,False,False,False,False,False,False,False,0,both,39,0,1,3
3860,False,False,False,False,False,False,True,False,False,False,False,1,both,29,1,8,2
3861,False,False,False,False,False,False,False,False,False,False,False,0,both,30,0,1,2
3862,False,False,False,False,True,False,False,False,False,False,False,1,impression_only,11,0,1,2
3863,False,False,False,False,False,False,False,False,False,False,False,0,both,27,0,1,2
3865,False,False,False,False,False,False,False,False,False,False,False,0,both,34,0,1,2
3866,False,False,False,False,False,False,False,False,False,False,False,0,both,44,0,1,2
3867,False,False,False,False,False,False,True,False,False,False,False,1,both,34,0,25,2
3868,False,False,False,False,True,False,False,False,False,False,False,1,impression_only,14,0,1,2
3869,False,False,False,False,False,False,False,False,False,False,False,0,both,39,0,1,2
3870,False,False,False,False,True,False,False,False,False,False,False,1,impression_only,44,1,1,2
3871,False,False,False,False,True,False,True,False,False,False,False,2,impression_only,18,1,16,2
3872,False,False,False,False,False,False,True,False,False,False,False,1,both,14,0,10,2
3873,False,False,False,False,True,False,False,False,False,False,False,1,impression_only,38,2,1,2
3874,False,False,False,False,False,False,False,False,False,False,False,0,both,52,1,1,2
3875,False,False,False,False,False,False,False,False,False,False,False,0,both,36,1,1,1
3876,False,False,False,False,False,False,False,False,False,False,False,0,both,35,1,1,2
3877,False,False,False,False,False,False,False,False,False,False,False,0,both,95,7,1,2
3878,False,False,False,False,False,False,False,False,False,False,False,0,both,51,1,1,2
3879,False,False,False,False,False,False,True,False,False,False,False,1,both,22,0,15,2
3880,False,False,False,False,False,False,False,False,False,False,False,0,both,22,0,1,2
3881,False,False,False,False,False,False,False,False,False,False,False,0,both,61,4,1,2
3882,False,False,False,False,False,False,False,False,False,False,False,0,both,52,0,1,2
3883,False,False,False,False,False,False,True,False,False,False,False,1,both,24,2,2,2
3884,False,False,False,False,False,False,False,False,False,False,False,0,both,31,1,1,2
3885,False,False,False,False,False,False,True,False,False,False,False,1,both,32,1,5,2
3886,False,False,False,False,True,False,False,False,False,False,False,1,impression_only,39,0,1,2
3887,False,False,False,False,False,False,False,False,False,False,False,0,both,53,2,1,2
3888,False,False,False,False,False,False,True,False,False,False,False,1,both,23,2,51,1
3889,False,False,False,False,False,False,False,False,False,False,False,0,both,20,0,1,2
3890,False,False,False,False,False,False,True,False,False,False,False,1,both,29,1,6,2
3891,False,False,False,False,True,False,False,False,False,False,False,1,impression_only,31,0,1,2
3892,False,False,False,True,False,False,False,False,False,False,False,1,both,131,6,1,2
3893,False,False,False,False,False,False,False,False,False,False,False,0,both,34,0,1,2
3894,False,True,True,False,True,False,True,False,False,False,False,4,impression_only,3,0,12,2
3895,False,False,False,False,False,False,False,False,False,False,False,0,both,63,3,1,2
3896,False,False,False,False,False,False,False,False,False,False,False,0,both,31,0,1,1
3897,False,False,False,False,False,False,True,False,False,False,False,1,both,17,0,50,2
3898,False,False,False,False,False,False,True,False,False,False,False,1,both,23,1,5,2
3899,False,False,False,False,False,False,False,False,False,False,False,0,both,78,2,1,1
3900,False,False,False,False,True,False,True,False,False,False,False,2,impression_only,26,0,9,2
3901,False,False,False,False,False,False,False,False,False,False,False,0,both,48,1,1,2
3902,False,False,False,False,False,False,True,False,False,False,False,1,both,23,2,51,2
3903,False,False,False,False,False,False,False,False,False,False,False,0,both,39,0,1,2
3904,False,False,False,False,False,False,True,False,False,False,False,1,both,24,0,9,2
3905,False,False,False,False,False,False,False,False,False,False,False,0,both,35,1,1,2
3906,False,False,False,False,False,False,False,False,False,False,False,0,both,16,0,1,1
3907,False,False,False,False,False,False,False,False,False,False,False,0,both,77,2,1,1
3908,False,False,False,False,False,False,False,False,False,False,False,0,both,43,1,1,2
3909,False,False,False,False,False,False,False,False,False,False,False,0,both,30,1,1,2
3910,False,False,False,False,False,False,False,False,False,False,False,0,both,29,0,1,2
3911,False,False,False,False,True,False,False,False,False,False,False,1,impression_only,16,0,1,2
3912,False,False,False,False,False,False,False,False,False,False,False,0,both,65,2,1,3
3913,False,False,False,False,True,False,True,False,False,False,False,2,impression_only,19,2,8,2
3914,False,False,False,False,False,False,True,False,False,False,False,1,both,28,0,3,1
3915,False,False,False,False,False,False,False,False,False,False,False,0,both,66,3,1,2
3916,False,False,False,False,False,False,False,False,False,False,False,0,both,20,3,1,2
3917,False,False,False,False,False,False,False,False,False,False,False,0,both,41,0,1,2
3918,False,False,False,False,False,False,False,False,False,False,False,0,both,36,1,1,2
3919,False,False,False,False,True,False,False,False,False,False,False,1,impression_only,25,0,1,2
3921,False,False,False,False,False,False,False,False,False,False,False,0,both,65,2,1,2
3922,False,False,False,False,False,False,True,False,False,False,False,1,both,19,0,3,2
3923,False,False,False,False,True,False,True,False,False,False,False,2,impression_only,17,2,5,2
3924,False,False,False,False,False,False,False,False,False,False,False,0,both,33,1,1,1
3925,False,False,False,False,False,False,False,False,False,False,False,0,both,45,1,1,3
3926,False,False,False,False,False,False,False,False,False,False,False,0,both,70,1,1,2
3927,False,False,False,False,True,False,False,False,False,False,False,1,impression_only,14,0,1,2
3928,False,False,False,False,False,False,False,False,False,False,False,0,both,19,0,1,2
3929,False,False,False,False,True,False,False,False,False,False,False,1,impression_only,52,1,1,2
3930,False,False,False,False,False,False,False,False,False,False,False,0,both,39,0,1,3
3931,False,False,False,False,False,False,False,False,False,False,False,0,both,34,1,1,2
3932,False,False,False,False,False,False,False,False,False,False,False,0,both,29,0,1,4
3933,False,False,False,False,False,False,False,False,False,False,False,0,both,20,0,1,2
3934,False,False,False,False,True,False,False,False,False,False,False,1,impression_only,65,5,1,2
3935,False,False,False,True,False,False,False,False,False,False,False,1,both,111,4,1,2
3936,False,False,False,False,False,False,False,False,False,False,False,0,both,22,0,1,2
3937,False,False,False,False,False,False,False,False,False,False,False,0,both,47,1,1,2
3938,False,False,False,False,False,False,True,False,False,False,False,1,both,20,1,39,2
3939,False,False,False,False,False,False,True,False,False,False,False,1,both,41,0,13,2
3940,False,False,False,False,False,False,False,False,False,False,False,0,both,44,1,1,2
3941,False,False,False,False,False,False,False,False,False,False,False,0,both,32,1,1,2
3942,False,False,False,False,False,False,False,False,False,False,False,0,both,47,0,1,2
3943,False,False,False,False,False,False,False,False,False,False,False,0,both,40,1,1,1
3944,False,False,False,False,False,False,False,False,False,False,False,0,both,38,0,1,2
3945,False,False,False,False,False,False,False,False,False,False,False,0,both,86,2,1,2
3946,False,False,False,False,False,False,True,False,False,False,False,1,both,33,0,2,2
3947,False,False,False,False,False,False,False,False,False,False,False,0,both,48,3,1,2
3948,False,False,False,False,False,False,True,False,False,False,False,1,both,34,0,5,2
3949,False,False,False,False,False,False,False,False,False,False,False,0,both,44,1,1,2
3950,False,False,False,False,True,False,False,False,False,False,False,1,impression_only,45,0,1,1
3951,False,False,False,False,False,False,False,False,False,False,False,0,both,38,1,1,2
3952,False,False,False,False,False,False,False,False,False,False,False,0,both,46,0,1,2
3953,False,False,False,False,False,False,True,False,False,False,False,1,both,34,0,41,2
3954,False,False,False,False,False,False,True,False,False,False,False,1,both,17,0,50,2
3955,False,False,False,False,True,False,False,False,False,False,False,1,impression_only,13,0,1,3
3956,False,False,False,False,False,False,False,False,False,False,False,0,both,30,0,1,2
3957,False,False,False,False,False,False,True,False,False,False,False,1,both,19,0,11,2
3958,False,False,False,False,False,False,True,False,False,False,False,1,both,13,0,32,2
3959,False,False,False,False,False,False,False,False,False,False,False,0,both,22,1,1,2
3960,False,False,False,False,False,False,False,False,False,False,False,0,both,38,0,1,2
3961,False,False,False,False,False,False,False,False,False,False,False,0,both,57,1,1,2
3962,False,False,False,False,False,False,True,False,False,False,False,1,both,20,1,39,2
3963,False,False,False,False,False,False,False,False,False,False,False,0,both,57,4,1,1
3964,False,False,False,False,False,False,False,False,False,False,False,0,both,30,0,1,2
3965,False,False,False,False,False,False,True,False,False,False,False,1,both,23,2,51,4
3966,False,False,False,True,False,False,False,False,False,False,False,1,both,109,1,1,2
3967,False,False,False,False,False,False,False,False,False,False,False,0,both,39,0,1,2
3968,False,False,False,False,True,False,False,False,False,False,False,1,impression_only,14,1,1,3
3969,False,False,False,False,False,False,False,False,False,False,False,0,both,43,0,1,2
3970,False,False,False,False,False,False,True,False,False,False,False,1,both,29,1,6,2
3971,False,False,False,False,False,False,False,False,False,False,False,0,both,27,0,1,3
3972,False,False,False,False,False,False,False,False,False,False,False,0,both,73,0,1,2
3973,True,False,False,False,True,True,False,False,False,False,False,3,neither,0,0,0,1
3974,False,False,False,False,False,False,False,False,False,False,False,0,both,84,1,1,2
3975,False,False,False,False,False,False,False,False,False,False,False,0,both,22,0,1,2
3976,False,False,False,False,False,False,True,False,False,False,False,1,both,23,0,4,2
3977,False,False,False,False,False,False,False,False,False,False,False,0,both,36,0,1,2
3978,False,False,False,False,False,False,False,False,False,False,False,0,both,30,1,1,2
3979,False,False,False,False,False,False,False,False,False,False,False,0,both,32,0,1,2
3980,False,False,False,False,False,False,False,False,False,False,False,0,both,55,1,1,2
3981,False,False,False,False,False,False,True,False,False,False,False,1,both,26,0,14,2
3982,False,False,False,False,False,False,False,False,False,False,False,0,both,21,0,1,2
3983,False,False,False,False,False,False,False,False,False,False,False,0,both,47,1,1,2
3984,False,False,False,False,False,False,False,False,False,False,False,0,both,59,2,1,2
3985,False,False,False,False,False,False,False,False,False,False,False,0,both,33,2,1,2
3986,False,False,False,False,False,False,True,False,False,False,False,1,both,35,0,8,3
3987,False,False,False,False,False,False,False,False,False,False,False,0,both,39,0,1,2
3988,False,False,False,False,False,False,False,False,False,False,False,0,both,66,0,1,2
3989,False,False,False,False,False,False,False,False,False,False,False,0,both,28,0,1,2
3991,False,False,False,False,False,False,True,False,False,False,False,1,both,15,0,2,2
3992,False,False,False,False,True,False,False,False,False,False,False,1,impression_only,19,1,1,2
3993,False,False,False,False,False,False,False,False,False,False,False,0,both,26,0,1,2
3994,False,False,False,False,False,False,False,False,False,False,False,0,both,27,1,1,2
3995,False,False,False,False,False,False,False,False,False,False,False,0,both,89,2,1,2
3996,False,False,False,False,False,False,False,False,False,False,False,0,both,24,0,1,2
3997,False,False,False,False,False,False,False,False,False,False,False,0,both,39,1,1,2
3998,False,False,False,False,True,False,True,False,False,False,False,2,impression_only,9,0,7,2
3999,False,False,False,False,True,False,False,False,False,False,False,1,impression_only,27,0,1,2
