uid,anon_id,system,in_clinical,words,format_ok,report_state,stated,definite,clf_pos,truth,classifier_state,reference_state,repeated_sentence_rate,bleu1,bleu4,rouge_l,meteor_exact,copy_n_sentences,copy_n_long_sentences,copy_n_copied_sentences,copy_copied_sentence_rate,copy_ngram_overlap_rate,copy_whole_report_copy,sentences,unmappable_sentences,tp,fp,fn,hall,omit,def_tp,def_fp,def_fn,def_hall,def_omit,reftext_tp,reftext_fp,reftext_fn,reftext_hall,reftext_omit,clf_fp,clf_fp_mentioned,clf_tp,clf_tp_retained,def_clf_fp,def_clf_fp_mentioned,def_clf_tp,def_clf_tp_retained,prov_A,prov_B,prov_C,prov_D
20,case_4a7e5f5a46,B0_rule_based,True,10,True,normal,[],[],[],[],normal,normal,0.0,0.012361763235169694,0.0013875392719240236,0.17543859649122806,0.0859122401847575,2,1,0,0.0,0.0,False,2,0,0.0,0.0,0.0,0.0,0.0,0.0,0.0,0.0,0.0,0.0,0.0,0.0,0.0,0.0,0.0,0.0,0.0,0.0,0.0,0.0,0.0,0.0,0.0,0.0,0.0,0.0,0.0
20,case_4a7e5f5a46,G1A_llm_no_retrieval,True,10,True,abnormal,['Enlarged Cardiomediastinum'],['Enlarged Cardiomediastinum'],[],[],normal,normal,0.0,0.004944705294067878,0.0011034693679759214,0.07017543859649122,0.023094688221709004,2,1,0,0.0,0.0,False,2,0,0.0,1.0,0.0,1.0,0.0,0.0,1.0,0.0,1.0,0.0,0.0,1.0,0.0,1.0,0.0,0.0,0.0,0.0,0.0,0.0,0.0,0.0,0.0,0.0,0.0,0.0,1.0
20,case_4a7e5f5a46,G1B_llm_sham_retrieval,True,25,True,normal,[],[],[],[],normal,normal,0.0,0.2820523799434754,0.03902920035503629,0.4444444444444445,0.328063210578349,4,2,0,0.0,0.16666666666666666,False,4,1,0.0,0.0,0.0,0.0,0.0,0.0,0.0,0.0,0.0,0.0,0.0,0.0,0.0,0.0,0.0,0.0,0.0,0.0,0.0,0.0,0.0,0.0,0.0,0.0,0.0,0.0,0.0
20,case_4a7e5f5a46,G1_single_agent_rag,True,22,True,normal,[],[],[],[],normal,normal,0.0,0.10213131000187585,0.00806587821225306,0.17391304347826086,0.07865168539325841,4,2,2,1.0,1.0,True,4,1,0.0,0.0,0.0,0.0,0.0,0.0,0.0,0.0,0.0,0.0,0.0,0.0,0.0,0.0,0.0,0.0,0.0,0.0,0.0,0.0,0.0,0.0,0.0,0.0,0.0,0.0,0.0
23,case_b1fb14530e,B0_rule_based,True,10,True,normal,[],[],[],[],normal,normal,0.0,0.04060058497098381,0.0037590985869139244,0.15,0.05357142857142856,2,1,0,0.0,0.0,False,2,0,0.0,0.0,0.0,0.0,0.0,0.0,0.0,0.0,0.0,0.0,0.0,0.0,0.0,0.0,0.0,0.0,0.0,0.0,0.0,0.0,0.0,0.0,0.0,0.0,0.0,0.0,0.0
23,case_b1fb14530e,G1A_llm_no_retrieval,True,10,True,abnormal,['Enlarged Cardiomediastinum'],['Enlarged Cardiomediastinum'],[],[],normal,normal,0.0,0.013533528323661273,0.0028562972522196747,0.05,0.017857142857142856,2,1,0,0.0,0.0,False,2,0,0.0,1.0,0.0,1.0,0.0,0.0,1.0,0.0,1.0,0.0,0.0,1.0,0.0,1.0,0.0,0.0,0.0,0.0,0.0,0.0,0.0,0.0,0.0,0.0,0.0,0.0,1.0
23,case_b1fb14530e,G1B_llm_sham_retrieval,True,11,True,normal,[],[],[],[],normal,normal,0.0,0.08080389674006265,0.008910789644856339,0.2439024390243902,0.13238434163701066,2,1,0,0.0,0.0,False,2,0,0.0,0.0,0.0,0.0,0.0,0.0,0.0,0.0,0.0,0.0,0.0,0.0,0.0,0.0,0.0,0.0,0.0,0.0,0.0,0.0,0.0,0.0,0.0,0.0,0.0,0.0,0.0
23,case_b1fb14530e,G1_single_agent_rag,True,21,True,normal,[],[],[],[],normal,normal,0.0,0.4032717975192249,0.0505307541870368,0.27450980392156865,0.31141340816202034,4,1,0,0.0,0.0,False,4,1,0.0,0.0,0.0,0.0,0.0,0.0,0.0,0.0,0.0,0.0,0.0,0.0,0.0,0.0,0.0,0.0,0.0,0.0,0.0,0.0,0.0,0.0,0.0,0.0,0.0,0.0,0.0
32,case_4358a9d750,B0_rule_based,False,10,True,normal,[],[],[],,normal,,0.0,0.07397908918248194,0.012180367867182329,0.17647058823529413,0.11307767944936085,2,1,0,0.0,0.0,False,2,0,,,,,,,,,,,,,,,,,,,,,,,,,,,
32,case_4358a9d750,G1A_llm_no_retrieval,False,10,True,abnormal,['Enlarged Cardiomediastinum'],['Enlarged Cardiomediastinum'],[],,normal,,0.0,0.024659696394160654,0.005204512922773221,0.058823529411764705,0.02212389380530973,2,1,0,0.0,0.0,False,2,0,,,,,,,,,,,,,,,,,,,,,,,,,,,
32,case_4358a9d750,G1B_llm_sham_retrieval,False,37,True,normal,[],[],[],,normal,,0.0,0.24324324324324326,0.01543646422681054,0.22950819672131148,0.17786561264822134,5,3,1,0.3333333333333333,0.2,False,5,2,,,,,,,,,,,,,,,,,,,,,,,,,,,
32,case_4358a9d750,G1_single_agent_rag,False,21,True,normal,[],[],[],,normal,,0.0,0.5366386998453506,0.037812894061137345,0.35555555555555557,0.38236836192045537,4,1,0,0.0,0.0,False,4,1,,,,,,,,,,,,,,,,,,,,,,,,,,,
33,case_db706fc12f,B0_rule_based,True,10,True,normal,[],[],[],['Support Devices'],normal,abnormal,0.0,0.024659696394160654,0.005204512922773221,0.058823529411764705,0.02212389380530973,2,1,0,0.0,0.0,False,2,0,0.0,0.0,1.0,0.0,1.0,0.0,0.0,1.0,0.0,1.0,0.0,0.0,1.0,0.0,1.0,0.0,0.0,0.0,0.0,0.0,0.0,0.0,0.0,0.0,0.0,0.0,0.0
33,case_db706fc12f,G1A_llm_no_retrieval,True,10,True,abnormal,['Enlarged Cardiomediastinum'],['Enlarged Cardiomediastinum'],[],['Support Devices'],normal,abnormal,0.0,0.024659696394160654,0.005204512922773221,0.058823529411764705,0.02212389380530973,2,1,0,0.0,0.0,False,2,0,0.0,1.0,1.0,1.0,1.0,0.0,1.0,1.0,1.0,1.0,0.0,1.0,1.0,1.0,1.0,0.0,0.0,0.0,0.0,0.0,0.0,0.0,0.0,0.0,0.0,0.0,1.0
33,case_db706fc12f,G1B_llm_sham_retrieval,True,21,True,normal,[],[],[],['Support Devices'],normal,abnormal,0.0,0.3302391999048311,0.2478602539373429,0.35555555555555557,0.26635021097046413,4,2,0,0.0,0.0,False,4,1,0.0,0.0,1.0,0.0,1.0,0.0,0.0,1.0,0.0,1.0,0.0,0.0,1.0,0.0,1.0,0.0,0.0,0.0,0.0,0.0,0.0,0.0,0.0,0.0,0.0,0.0,0.0
33,case_db706fc12f,G1_single_agent_rag,True,21,True,normal,[],[],[],['Support Devices'],normal,abnormal,0.0,0.3302391999048311,0.02816236207011613,0.26666666666666666,0.2244857594936709,4,1,0,0.0,0.0,False,4,1,0.0,0.0,1.0,0.0,1.0,0.0,0.0,1.0,0.0,1.0,0.0,0.0,1.0,0.0,1.0,0.0,0.0,0.0,0.0,0.0,0.0,0.0,0.0,0.0,0.0,0.0,0.0
50,case_e97b55ecd0,B0_rule_based,True,11,True,abnormal,"['Cardiomegaly', 'Edema']","['Cardiomegaly', 'Edema']","['Cardiomegaly', 'Edema']",['Cardiomegaly'],abnormal,abnormal,0.0,0.032321558696025064,0.003985026275819998,0.0975609756097561,0.03558718861209965,3,0,0,0.0,0.0,False,3,0,1.0,1.0,0.0,1.0,0.0,1.0,1.0,0.0,1.0,0.0,1.0,1.0,0.0,1.0,0.0,1.0,1.0,1.0,1.0,1.0,1.0,1.0,1.0,0.0,0.0,2.0,0.0
50,case_e97b55ecd0,G1A_llm_no_retrieval,True,16,True,abnormal,"['Cardiomegaly', 'Edema']","['Cardiomegaly', 'Edema']","['Cardiomegaly', 'Edema']",['Cardiomegaly'],abnormal,abnormal,0.0,0.07816162868972032,0.006748418146804365,0.13043478260869568,0.05244755244755245,3,2,0,0.0,0.0,False,3,0,1.0,1.0,0.0,1.0,0.0,1.0,1.0,0.0,1.0,0.0,1.0,1.0,0.0,1.0,0.0,1.0,1.0,1.0,1.0,1.0,1.0,1.0,1.0,0.0,0.0,2.0,0.0
50,case_e97b55ecd0,G1B_llm_sham_retrieval,True,14,True,abnormal,['Cardiomegaly'],['Cardiomegaly'],"['Cardiomegaly', 'Edema']",['Cardiomegaly'],abnormal,abnormal,0.0,0.11389519904427518,0.02561545764982477,0.18181818181818182,0.15704225352112675,3,0,0,0.0,0.0,False,3,1,1.0,0.0,0.0,0.0,0.0,1.0,0.0,0.0,0.0,0.0,1.0,0.0,0.0,0.0,0.0,1.0,0.0,1.0,1.0,1.0,0.0,1.0,1.0,0.0,0.0,1.0,0.0
50,case_e97b55ecd0,G1_single_agent_rag,True,12,True,abnormal,"['Cardiomegaly', 'Edema']","['Cardiomegaly', 'Edema']","['Cardiomegaly', 'Edema']",['Cardiomegaly'],abnormal,abnormal,0.0,0.055782540037107455,0.008894765044392764,0.14285714285714288,0.09062253743104808,3,0,0,0.0,0.0,False,3,0,1.0,1.0,0.0,1.0,0.0,1.0,1.0,0.0,1.0,0.0,1.0,1.0,0.0,1.0,0.0,1.0,1.0,1.0,1.0,1.0,1.0,1.0,1.0,0.0,0.0,2.0,0.0
54,case_9e752cc6dc,B0_rule_based,True,10,True,normal,[],[],[],['Atelectasis'],normal,abnormal,0.0,0.0065837976392160245,0.002570923547718529,0.2058823529411765,0.10000587406015035,2,1,0,0.0,0.0,False,2,0,0.0,0.0,1.0,0.0,1.0,0.0,0.0,1.0,0.0,1.0,0.0,0.0,1.0,0.0,1.0,0.0,0.0,0.0,0.0,0.0,0.0,0.0,0.0,0.0,0.0,0.0,0.0
54,case_9e752cc6dc,G1A_llm_no_retrieval,True,10,True,abnormal,['Enlarged Cardiomediastinum'],['Enlarged Cardiomediastinum'],[],['Atelectasis'],normal,abnormal,0.0,0.0016459494098040061,0.0002065553041171074,0.0588235294117647,0.018796992481203003,2,1,0,0.0,0.0,False,2,0,0.0,1.0,1.0,1.0,1.0,0.0,1.0,1.0,1.0,1.0,0.0,1.0,1.0,1.0,1.0,0.0,0.0,0.0,0.0,0.0,0.0,0.0,0.0,0.0,0.0,0.0,1.0
54,case_9e752cc6dc,G1B_llm_sham_retrieval,True,31,False,normal,[],[],[],['Atelectasis'],normal,abnormal,0.0,0.2565283825557371,0.06345662868420074,0.3370786516853933,0.2748543577464648,6,2,0,0.0,0.0,False,6,1,0.0,0.0,1.0,0.0,1.0,0.0,0.0,1.0,0.0,1.0,0.0,0.0,1.0,0.0,1.0,0.0,0.0,0.0,0.0,0.0,0.0,0.0,0.0,0.0,0.0,0.0,0.0
54,case_9e752cc6dc,G1_single_agent_rag,True,20,True,normal,[],[],[],['Atelectasis'],normal,abnormal,0.0,0.07478430961131753,0.00599438375018962,0.20512820512820515,0.13726937269372697,4,1,0,0.0,0.0,False,4,1,0.0,0.0,1.0,0.0,1.0,0.0,0.0,1.0,0.0,1.0,0.0,0.0,1.0,0.0,1.0,0.0,0.0,0.0,0.0,0.0,0.0,0.0,0.0,0.0,0.0,0.0,0.0
61,case_2e6fa8d4e5,B0_rule_based,False,4,True,abnormal,['Fracture'],['Fracture'],['Fracture'],,abnormal,,0.0,0.005879436464002277,0.0018894825370235533,0.08695652173913043,0.02857142857142857,2,0,0,0.0,0.0,False,2,0,,,,,,,,,,,,,,,,,,,,,,,,,,,
61,case_2e6fa8d4e5,G1A_llm_no_retrieval,False,5,True,abnormal,['Fracture'],['Fracture'],['Fracture'],,abnormal,,0.0,0.012162012525043595,0.0032672332424682907,0.08333333333333333,0.028409090909090908,2,0,0,0.0,0.0,False,2,0,,,,,,,,,,,,,,,,,,,,,,,,,,,
61,case_2e6fa8d4e5,G1B_llm_sham_retrieval,False,16,True,abnormal,['Fracture'],['Fracture'],['Fracture'],,abnormal,,0.5,0.10362863977255007,0.012127090711478472,0.11428571428571428,0.053475935828877004,2,2,0,0.0,0.0,False,2,0,,,,,,,,,,,,,,,,,,,,,,,,,,,
61,case_2e6fa8d4e5,G1_single_agent_rag,False,33,True,normal,[],[],['Fracture'],,abnormal,,0.0,0.15151515151515155,0.008447063994683927,0.11538461538461539,0.12254901960784313,4,2,2,1.0,0.6538461538461539,True,4,0,,,,,,,,,,,,,,,,,,,,,,,,,,,
66,case_32a5e2d0d9,B0_rule_based,True,10,True,normal,[],[],[],[],normal,normal,0.0,0.007376633480248003,0.0009257166488819954,0.07547169811320754,0.025188916876574305,2,1,0,0.0,0.0,False,2,0,0.0,0.0,0.0,0.0,0.0,0.0,0.0,0.0,0.0,0.0,0.0,0.0,0.0,0.0,0.0,0.0,0.0,0.0,0.0,0.0,0.0,0.0,0.0,0.0,0.0,0.0,0.0
66,case_32a5e2d0d9,G1A_llm_no_retrieval,True,10,True,abnormal,['Enlarged Cardiomediastinum'],['Enlarged Cardiomediastinum'],[],[],normal,normal,0.0,0.003688316740124002,0.0007784318115855515,0.03773584905660377,0.012594458438287152,2,1,0,0.0,0.0,False,2,0,0.0,1.0,0.0,1.0,0.0,0.0,1.0,0.0,1.0,0.0,0.0,1.0,0.0,1.0,0.0,0.0,0.0,0.0,0.0,0.0,0.0,0.0,0.0,0.0,0.0,0.0,1.0
66,case_32a5e2d0d9,G1B_llm_sham_retrieval,True,20,True,normal,[],[],[],[],normal,normal,0.0,0.14248654622057397,0.021979916137470818,0.22222222222222227,0.1883701883701884,4,1,0,0.0,0.0,False,4,1,0.0,0.0,0.0,0.0,0.0,0.0,0.0,0.0,0.0,0.0,0.0,0.0,0.0,0.0,0.0,0.0,0.0,0.0,0.0,0.0,0.0,0.0,0.0,0.0,0.0,0.0,0.0
66,case_32a5e2d0d9,G1_single_agent_rag,True,21,True,normal,[],[],[],[],normal,normal,0.0,0.1670342509061007,0.010132251924066837,0.25,0.15575980392156863,4,1,0,0.0,0.0,False,4,1,0.0,0.0,0.0,0.0,0.0,0.0,0.0,0.0,0.0,0.0,0.0,0.0,0.0,0.0,0.0,0.0,0.0,0.0,0.0,0.0,0.0,0.0,0.0,0.0,0.0,0.0,0.0
70,case_892374b87a,B0_rule_based,False,11,True,abnormal,"['Fracture', 'Pleural Other']","['Fracture', 'Pleural Other']","['Fracture', 'Pleural Other']",,abnormal,,0.0,0.04245572347107516,0.005234499214049016,0.10526315789473684,0.03937007874015748,3,0,0,0.0,0.0,False,3,0,,,,,,,,,,,,,,,,,,,,,,,,,,,
70,case_892374b87a,G1A_llm_no_retrieval,False,22,True,normal,[],[],"['Fracture', 'Pleural Other']",,abnormal,,0.0,0.28971035268853146,0.04844434920685517,0.20408163265306123,0.26503537735849053,5,0,0,0.0,0.0,False,5,1,,,,,,,,,,,,,,,,,,,,,,,,,,,
70,case_892374b87a,G1B_llm_sham_retrieval,False,22,True,normal,[],[],"['Fracture', 'Pleural Other']",,abnormal,,0.0,0.3259241467745979,0.049892039402121544,0.24489795918367346,0.28930817610062887,4,2,0,0.0,0.0,False,4,1,,,,,,,,,,,,,,,,,,,,,,,,,,,
70,case_892374b87a,G1_single_agent_rag,False,39,True,abnormal,['Fracture'],['Fracture'],"['Fracture', 'Pleural Other']",,abnormal,,0.0,0.1794871794871795,0.00771678504430642,0.12121212121212123,0.12411347517730496,7,3,1,0.3333333333333333,0.40625,False,7,2,,,,,,,,,,,,,,,,,,,,,,,,,,,
72,case_8b416cb366,B0_rule_based,True,10,True,normal,[],[],[],[],normal,normal,0.0,0.0817595379102038,0.028467370389807616,0.18181818181818182,0.13568868407578083,2,1,0,0.0,0.0,False,2,0,0.0,0.0,0.0,0.0,0.0,0.0,0.0,0.0,0.0,0.0,0.0,0.0,0.0,0.0,0.0,0.0,0.0,0.0,0.0,0.0,0.0,0.0,0.0,0.0,0.0,0.0,0.0
72,case_8b416cb366,G1A_llm_no_retrieval,True,10,True,abnormal,['Enlarged Cardiomediastinum'],['Enlarged Cardiomediastinum'],[],[],normal,normal,0.0,0.0027253179303401275,0.003234517754930288,0.0,0.0,2,1,0,0.0,0.0,False,2,0,0.0,1.0,0.0,1.0,0.0,0.0,1.0,0.0,1.0,0.0,0.0,1.0,0.0,1.0,0.0,0.0,0.0,0.0,0.0,0.0,0.0,0.0,0.0,0.0,0.0,0.0,1.0
72,case_8b416cb366,G1B_llm_sham_retrieval,True,20,True,normal,[],[],[],[],normal,normal,0.0,0.38731858939127606,0.08073097532448271,0.37209302325581395,0.3790721705552837,4,1,0,0.0,0.0,False,4,1,0.0,0.0,0.0,0.0,0.0,0.0,0.0,0.0,0.0,0.0,0.0,0.0,0.0,0.0,0.0,0.0,0.0,0.0,0.0,0.0,0.0,0.0,0.0,0.0,0.0,0.0,0.0
72,case_8b416cb366,G1_single_agent_rag,True,21,True,normal,[],[],[],[],normal,normal,0.0,0.38963847551859127,0.030418507260451613,0.31818181818181823,0.3018735109378385,4,1,0,0.0,0.0,False,4,1,0.0,0.0,0.0,0.0,0.0,0.0,0.0,0.0,0.0,0.0,0.0,0.0,0.0,0.0,0.0,0.0,0.0,0.0,0.0,0.0,0.0,0.0,0.0,0.0,0.0,0.0,0.0
73,case_aced45e641,B0_rule_based,True,6,True,abnormal,['Pleural Effusion'],['Pleural Effusion'],['Pleural Effusion'],"['Atelectasis', 'Pleural Effusion']",abnormal,abnormal,0.0,0.0008046583323052403,0.00019710023314267042,0.045454545454545456,0.014367816091954023,2,0,0,0.0,0.0,False,2,0,1.0,0.0,1.0,0.0,1.0,1.0,0.0,1.0,0.0,1.0,1.0,0.0,1.0,0.0,1.0,0.0,0.0,1.0,1.0,0.0,0.0,1.0,1.0,0.0,0.0,1.0,0.0
73,case_aced45e641,G1A_llm_no_retrieval,True,18,True,normal,[],[],['Pleural Effusion'],"['Atelectasis', 'Pleural Effusion']",abnormal,abnormal,0.0,0.10973099593596852,0.00556551325234934,0.14285714285714285,0.08333333333333333,4,0,0,0.0,0.0,False,4,2,0.0,0.0,2.0,0.0,1.0,0.0,0.0,2.0,0.0,1.0,0.0,0.0,2.0,0.0,1.0,0.0,0.0,1.0,0.0,0.0,0.0,1.0,0.0,0.0,0.0,0.0,0.0
73,case_aced45e641,G1B_llm_sham_retrieval,True,33,True,normal,[],[],['Pleural Effusion'],"['Atelectasis', 'Pleural Effusion']",abnormal,abnormal,0.0,0.2343831438786843,0.014952772179306888,0.1971830985915493,0.1557201646090535,4,3,3,1.0,0.8076923076923077,True,4,1,0.0,0.0,2.0,0.0,1.0,0.0,0.0,2.0,0.0,1.0,0.0,0.0,2.0,0.0,1.0,0.0,0.0,1.0,0.0,0.0,0.0,1.0,0.0,0.0,0.0,0.0,0.0
73,case_aced45e641,G1_single_agent_rag,True,12,True,abnormal,['Pleural Effusion'],['Pleural Effusion'],['Pleural Effusion'],"['Atelectasis', 'Pleural Effusion']",abnormal,abnormal,0.0,0.01909314066544796,0.00232050234319955,0.08,0.02824858757062147,3,1,0,0.0,0.0,False,3,1,1.0,0.0,1.0,0.0,1.0,1.0,0.0,1.0,0.0,1.0,1.0,0.0,1.0,0.0,1.0,0.0,0.0,1.0,1.0,0.0,0.0,1.0,1.0,0.0,0.0,1.0,0.0
78,case_f6871593cb,B0_rule_based,True,17,True,abnormal,"['Atelectasis', 'Lung Opacity', 'Pleural Effusion']","['Atelectasis', 'Lung Opacity', 'Pleural Effusion']","['Atelectasis', 'Lung Opacity', 'Pleural Effusion']",['Atelectasis'],abnormal,abnormal,0.0,0.0588235294117647,0.011502783619900045,0.06896551724137931,0.04,4,1,0,0.0,0.0,False,4,0,1.0,2.0,0.0,1.0,0.0,1.0,2.0,0.0,1.0,0.0,1.0,2.0,0.0,1.0,0.0,2.0,2.0,1.0,1.0,2.0,2.0,1.0,1.0,0.0,0.0,3.0,0.0
78,case_f6871593cb,G1A_llm_no_retrieval,True,30,True,abnormal,"['Lung Opacity', 'Pleural Effusion']","['Lung Opacity', 'Pleural Effusion']","['Atelectasis', 'Lung Opacity', 'Pleural Effusion']",['Atelectasis'],abnormal,abnormal,0.0,0.13333333333333333,0.015703799285850036,0.19047619047619044,0.14492753623188406,3,3,0,0.0,0.0,False,3,0,0.0,2.0,1.0,1.0,1.0,0.0,2.0,1.0,1.0,1.0,0.0,2.0,1.0,1.0,1.0,2.0,2.0,1.0,0.0,2.0,2.0,1.0,0.0,0.0,0.0,2.0,0.0
78,case_f6871593cb,G1B_llm_sham_retrieval,True,35,True,abnormal,"['Atelectasis', 'Lung Opacity', 'Pleural Effusion']","['Atelectasis', 'Lung Opacity', 'Pleural Effusion']","['Atelectasis', 'Lung Opacity', 'Pleural Effusion']",['Atelectasis'],abnormal,abnormal,0.0,0.11428571428571427,0.013357103092090346,0.1702127659574468,0.13986013986013984,4,4,0,0.0,0.0,False,4,0,1.0,2.0,0.0,1.0,0.0,1.0,2.0,0.0,1.0,0.0,1.0,2.0,0.0,1.0,0.0,2.0,2.0,1.0,1.0,2.0,2.0,1.0,1.0,3.0,0.0,0.0,0.0
78,case_f6871593cb,G1_single_agent_rag,True,10,True,abnormal,"['Atelectasis', 'Lung Opacity']","['Atelectasis', 'Lung Opacity']","['Atelectasis', 'Lung Opacity', 'Pleural Effusion']",['Atelectasis'],abnormal,abnormal,0.0,0.3274923012311928,0.04345587182943313,0.1818181818181818,0.267478813559322,2,1,0,0.0,0.0,False,2,0,1.0,1.0,0.0,1.0,0.0,1.0,1.0,0.0,1.0,0.0,1.0,1.0,0.0,1.0,0.0,2.0,1.0,1.0,1.0,2.0,1.0,1.0,1.0,0.0,0.0,2.0,0.0
80,case_ec693745dc,B0_rule_based,True,10,True,normal,[],[],[],[],normal,normal,0.0,0.15619111210390085,0.0724432039750157,0.4,0.14893617021276595,2,1,0,0.0,0.0,False,2,0,0.0,0.0,0.0,0.0,0.0,0.0,0.0,0.0,0.0,0.0,0.0,0.0,0.0,0.0,0.0,0.0,0.0,0.0,0.0,0.0,0.0,0.0,0.0,0.0,0.0,0.0,0.0
80,case_ec693745dc,G1A_llm_no_retrieval,True,10,True,abnormal,['Enlarged Cardiomediastinum'],['Enlarged Cardiomediastinum'],[],[],normal,normal,0.0,0.002231301601484299,0.002648199157338177,0.0,0.0,2,1,0,0.0,0.0,False,2,0,0.0,1.0,0.0,1.0,0.0,0.0,1.0,0.0,1.0,0.0,0.0,1.0,0.0,1.0,0.0,0.0,0.0,0.0,0.0,0.0,0.0,0.0,0.0,0.0,0.0,0.0,1.0
80,case_ec693745dc,G1B_llm_sham_retrieval,True,21,True,normal,[],[],[],[],normal,normal,0.0,0.4329628482793628,0.0572251417865822,0.2608695652173913,0.2791775851642814,4,1,1,1.0,1.0,True,4,1,0.0,0.0,0.0,0.0,0.0,0.0,0.0,0.0,0.0,0.0,0.0,0.0,0.0,0.0,0.0,0.0,0.0,0.0,0.0,0.0,0.0,0.0,0.0,0.0,0.0,0.0,0.0
80,case_ec693745dc,G1_single_agent_rag,True,21,True,normal,[],[],[],[],normal,normal,0.0,0.3148820714759002,0.026852726474773537,0.2608695652173913,0.21627286585365854,4,1,0,0.0,0.0,False,4,1,0.0,0.0,0.0,0.0,0.0,0.0,0.0,0.0,0.0,0.0,0.0,0.0,0.0,0.0,0.0,0.0,0.0,0.0,0.0,0.0,0.0,0.0,0.0,0.0,0.0,0.0,0.0
92,case_5105951b1a,B0_rule_based,False,10,True,normal,[],[],[],,normal,,0.0,0.060238842382440407,0.007559559445663099,0.12500000000000003,0.04807692307692308,2,1,0,0.0,0.0,False,2,0,,,,,,,,,,,,,,,,,,,,,,,,,,,
92,case_5105951b1a,G1A_llm_no_retrieval,False,10,True,abnormal,['Enlarged Cardiomediastinum'],['Enlarged Cardiomediastinum'],[],,normal,,0.0,0.0030119421191220214,0.0035746949567482876,0.0,0.0,2,1,0,0.0,0.0,False,2,0,,,,,,,,,,,,,,,,,,,,,,,,,,,
92,case_5105951b1a,G1B_llm_sham_retrieval,False,25,True,normal,[],[],[],,normal,,0.0,0.24,0.021084454569051277,0.21276595744680854,0.1912057797708022,5,1,0,0.0,0.0,False,5,1,,,,,,,,,,,,,,,,,,,,,,,,,,,
92,case_5105951b1a,G1_single_agent_rag,False,21,True,normal,[],[],[],,normal,,0.0,0.2724277013809933,0.024240315822277363,0.23255813953488372,0.19469812278031454,4,1,0,0.0,0.0,False,4,1,,,,,,,,,,,,,,,,,,,,,,,,,,,
113,case_ba82165f8f,B0_rule_based,True,10,True,normal,[],[],[],"['Lung Lesion', 'Lung Opacity']",normal,abnormal,0.0,0.01509869171115925,0.0035839478302532105,0.14545454545454545,0.08963855421686746,2,1,0,0.0,0.0,False,2,0,0.0,0.0,2.0,0.0,1.0,0.0,0.0,2.0,0.0,1.0,0.0,0.0,2.0,0.0,1.0,0.0,0.0,0.0,0.0,0.0,0.0,0.0,0.0,0.0,0.0,0.0,0.0
113,case_ba82165f8f,G1A_llm_no_retrieval,True,10,True,abnormal,['Enlarged Cardiomediastinum'],['Enlarged Cardiomediastinum'],[],"['Lung Lesion', 'Lung Opacity']",normal,abnormal,0.0,0.0030197383422318506,0.0006373260633192961,0.03636363636363636,0.012048192771084336,2,1,0,0.0,0.0,False,2,0,0.0,1.0,2.0,1.0,1.0,0.0,1.0,2.0,1.0,1.0,0.0,1.0,2.0,1.0,1.0,0.0,0.0,0.0,0.0,0.0,0.0,0.0,0.0,0.0,0.0,0.0,1.0
113,case_ba82165f8f,G1B_llm_sham_retrieval,True,35,True,abnormal,['Atelectasis'],['Atelectasis'],[],"['Lung Lesion', 'Lung Opacity']",normal,abnormal,0.0,0.2791201374279633,0.035837811561498914,0.3,0.2059575040344271,5,3,3,1.0,1.0,True,5,0,0.0,1.0,2.0,1.0,1.0,0.0,1.0,2.0,1.0,1.0,0.0,1.0,2.0,1.0,1.0,0.0,0.0,0.0,0.0,0.0,0.0,0.0,0.0,0.0,1.0,0.0,0.0
113,case_ba82165f8f,G1_single_agent_rag,True,21,True,normal,[],[],[],"['Lung Lesion', 'Lung Opacity']",normal,abnormal,0.0,0.16704629193160359,0.013341595499843054,0.24242424242424243,0.12910798122065725,4,1,0,0.0,0.0,False,4,1,0.0,0.0,2.0,0.0,1.0,0.0,0.0,2.0,0.0,1.0,0.0,0.0,2.0,0.0,1.0,0.0,0.0,0.0,0.0,0.0,0.0,0.0,0.0,0.0,0.0,0.0,0.0
116,case_cfdc057a50,B0_rule_based,False,10,True,abnormal,['Lung Lesion'],['Lung Lesion'],['Lung Lesion'],,abnormal,,0.0,0.027253179303401272,0.005751876324997854,0.06060606060606061,0.023041474654377878,2,1,0,0.0,0.0,False,2,0,,,,,,,,,,,,,,,,,,,,,,,,,,,
116,case_cfdc057a50,G1A_llm_no_retrieval,False,22,True,normal,[],[],['Lung Lesion'],,abnormal,,0.0,0.1737387338669608,0.011739995934574147,0.1333333333333333,0.08733624454148471,5,0,0,0.0,0.0,False,5,2,,,,,,,,,,,,,,,,,,,,,,,,,,,
116,case_cfdc057a50,G1B_llm_sham_retrieval,False,27,True,normal,[],[],['Lung Lesion'],,abnormal,,0.0,0.18518518518518515,0.018561813742586367,0.15999999999999998,0.158974358974359,4,3,0,0.0,0.0,False,4,0,,,,,,,,,,,,,,,,,,,,,,,,,,,
116,case_cfdc057a50,G1_single_agent_rag,False,22,True,normal,[],[],['Lung Lesion'],,abnormal,,0.0,0.21717341733370096,0.022074732512190616,0.22222222222222224,0.1624454148471616,4,1,0,0.0,0.0,False,4,1,,,,,,,,,,,,,,,,,,,,,,,,,,,
117,case_4722d7d0ac,B0_rule_based,True,10,True,normal,[],[],[],[],normal,normal,0.0,0.13626589651700632,0.07569894957046357,0.30303030303030304,0.2055299539170507,2,1,0,0.0,0.0,False,2,0,0.0,0.0,0.0,0.0,0.0,0.0,0.0,0.0,0.0,0.0,0.0,0.0,0.0,0.0,0.0,0.0,0.0,0.0,0.0,0.0,0.0,0.0,0.0,0.0,0.0,0.0,0.0
117,case_4722d7d0ac,G1A_llm_no_retrieval,True,10,True,abnormal,['Enlarged Cardiomediastinum'],['Enlarged Cardiomediastinum'],[],[],normal,normal,0.0,0.027253179303401272,0.005751876324997854,0.06060606060606061,0.023041474654377878,2,1,0,0.0,0.0,False,2,0,0.0,1.0,0.0,1.0,0.0,0.0,1.0,0.0,1.0,0.0,0.0,1.0,0.0,1.0,0.0,0.0,0.0,0.0,0.0,0.0,0.0,0.0,0.0,0.0,0.0,0.0,1.0
117,case_4722d7d0ac,G1B_llm_sham_retrieval,True,23,True,normal,[],[],[],[],normal,normal,0.0,0.3478260869565218,0.12259149958656422,0.2608695652173913,0.27445652173913043,3,2,0,0.0,0.0,False,3,0,0.0,0.0,0.0,0.0,0.0,0.0,0.0,0.0,0.0,0.0,0.0,0.0,0.0,0.0,0.0,0.0,0.0,0.0,0.0,0.0,0.0,0.0,0.0,0.0,0.0,0.0,0.0
117,case_4722d7d0ac,G1_single_agent_rag,True,21,True,normal,[],[],[],[],normal,normal,0.0,0.303052147625571,0.024021176907323107,0.2727272727272727,0.15350877192982457,4,1,0,0.0,0.0,False,4,1,0.0,0.0,0.0,0.0,0.0,0.0,0.0,0.0,0.0,0.0,0.0,0.0,0.0,0.0,0.0,0.0,0.0,0.0,0.0,0.0,0.0,0.0,0.0,0.0,0.0,0.0,0.0
120,case_2d2e21be29,B0_rule_based,False,11,True,abnormal,"['Fracture', 'Lung Opacity']","['Fracture', 'Lung Opacity']","['Fracture', 'Lung Opacity']",,abnormal,,0.0,0.007130671865193696,0.001478569834559731,0.04,0.013812154696132596,3,0,0,0.0,0.0,False,3,0,,,,,,,,,,,,,,,,,,,,,,,,,,,
120,case_2d2e21be29,G1A_llm_no_retrieval,False,19,True,normal,[],[],"['Fracture', 'Lung Opacity']",,abnormal,,0.0,0.11021623292567997,0.009890926482917303,0.10344827586206896,0.11524024024024025,4,0,0,0.0,0.0,False,4,1,,,,,,,,,,,,,,,,,,,,,,,,,,,
120,case_2d2e21be29,G1B_llm_sham_retrieval,False,127,True,abnormal,"['Atelectasis', 'Fracture', 'Lung Opacity', 'Pneumothorax', 'Support Devices']","['Atelectasis', 'Fracture', 'Lung Opacity', 'Pneumothorax', 'Support Devices']","['Fracture', 'Lung Opacity']",,abnormal,,0.0,0.11811023622047245,0.013186781944376922,0.1325301204819277,0.2519293351929336,15,11,11,1.0,1.0,True,15,6,,,,,,,,,,,,,,,,,,,,,,,,,,,
120,case_2d2e21be29,G1_single_agent_rag,False,19,True,abnormal,"['Atelectasis', 'Lung Opacity']",['Lung Opacity'],"['Fracture', 'Lung Opacity']",,abnormal,,0.0,0.09184686077139997,0.005314246098210057,0.13793103448275865,0.06756756756756756,2,2,0,0.0,0.0,False,2,0,,,,,,,,,,,,,,,,,,,,,,,,,,,
122,case_c4a59cc445,B0_rule_based,False,10,True,normal,[],[],[],,normal,,0.0,0.13626589651700632,0.07569894957046357,0.30303030303030304,0.2055299539170507,2,1,0,0.0,0.0,False,2,0,,,,,,,,,,,,,,,,,,,,,,,,,,,
122,case_c4a59cc445,G1A_llm_no_retrieval,False,10,True,abnormal,['Enlarged Cardiomediastinum'],['Enlarged Cardiomediastinum'],[],,normal,,0.0,0.027253179303401272,0.005751876324997854,0.06060606060606061,0.023041474654377878,2,1,0,0.0,0.0,False,2,0,,,,,,,,,,,,,,,,,,,,,,,,,,,
122,case_c4a59cc445,G1B_llm_sham_retrieval,False,21,True,normal,[],[],[],,normal,,0.0,0.34634531157208115,0.12292213109772182,0.22727272727272724,0.30804550438596484,4,1,0,0.0,0.0,False,4,1,,,,,,,,,,,,,,,,,,,,,,,,,,,
122,case_c4a59cc445,G1_single_agent_rag,False,21,True,normal,[],[],[],,normal,,0.0,0.303052147625571,0.024021176907323107,0.2727272727272727,0.15350877192982457,4,1,0,0.0,0.0,False,4,1,,,,,,,,,,,,,,,,,,,,,,,,,,,
128,case_d855c9f478,B0_rule_based,False,4,True,abnormal,['Fracture'],['Fracture'],['Fracture'],,abnormal,,0.0,2.191062054860909e-08,7.04144609018608e-09,0.0273972602739726,0.008,2,0,0,0.0,0.0,False,2,0,,,,,,,,,,,,,,,,,,,,,,,,,,,
128,case_d855c9f478,G1A_llm_no_retrieval,False,5,True,abnormal,['Fracture'],['Fracture'],['Fracture'],,abnormal,,0.0,5.521545144074397e-07,1.4833215972571591e-07,0.027027027027027025,0.007987220447284345,2,0,0,0.0,0.0,False,2,0,,,,,,,,,,,,,,,,,,,,,,,,,,,
128,case_d855c9f478,G1B_llm_sham_retrieval,False,24,True,normal,[],[],['Fracture'],,abnormal,,0.0,0.05750811256684818,0.003737775477964683,0.10752688172043011,0.09053497942386832,5,1,0,0.0,0.11764705882352941,False,5,1,,,,,,,,,,,,,,,,,,,,,,,,,,,
128,case_d855c9f478,G1_single_agent_rag,False,33,True,normal,[],[],['Fracture'],,abnormal,,0.0,0.1628659302977757,0.0067486589396106795,0.1372549019607843,0.12232415902140673,4,2,2,1.0,0.6538461538461539,True,4,0,,,,,,,,,,,,,,,,,,,,,,,,,,,
144,case_8dd3772c8f,B0_rule_based,True,8,True,abnormal,['Enlarged Cardiomediastinum'],['Enlarged Cardiomediastinum'],['Enlarged Cardiomediastinum'],"['Atelectasis', 'Lung Opacity']",abnormal,abnormal,0.0,0.0001225456879477729,0.00015313014747096596,0.0,0.0,2,0,0,0.0,0.0,False,2,0,0.0,1.0,2.0,1.0,1.0,0.0,1.0,2.0,1.0,1.0,0.0,1.0,2.0,1.0,1.0,1.0,1.0,0.0,0.0,1.0,1.0,0.0,0.0,1.0,0.0,0.0,0.0
144,case_8dd3772c8f,G1A_llm_no_retrieval,True,7,True,abnormal,['Enlarged Cardiomediastinum'],['Enlarged Cardiomediastinum'],['Enlarged Cardiomediastinum'],"['Atelectasis', 'Lung Opacity']",abnormal,abnormal,0.0,0.0006270516918254913,0.00014498783417917074,0.038461538461538464,0.012135922330097089,2,0,0,0.0,0.0,False,2,0,0.0,1.0,2.0,1.0,1.0,0.0,1.0,2.0,1.0,1.0,0.0,1.0,2.0,1.0,1.0,1.0,1.0,0.0,0.0,1.0,1.0,0.0,0.0,1.0,0.0,0.0,0.0
144,case_8dd3772c8f,G1B_llm_sham_retrieval,True,13,True,normal,[],[],['Enlarged Cardiomediastinum'],"['Atelectasis', 'Lung Opacity']",abnormal,abnormal,0.0,0.026247265734104294,0.0018743604252849592,0.10344827586206898,0.04784688995215311,3,0,0,0.0,0.0,False,3,1,0.0,0.0,2.0,0.0,1.0,0.0,0.0,2.0,0.0,1.0,0.0,0.0,2.0,0.0,1.0,1.0,0.0,0.0,0.0,1.0,0.0,0.0,0.0,0.0,0.0,0.0,0.0
144,case_8dd3772c8f,G1_single_agent_rag,True,21,True,abnormal,['Cardiomegaly'],['Cardiomegaly'],['Enlarged Cardiomediastinum'],"['Atelectasis', 'Lung Opacity']",abnormal,abnormal,0.0,0.1063021857746568,0.004738262425290417,0.15151515151515152,0.08215962441314555,4,2,2,1.0,0.7857142857142857,True,4,2,0.0,1.0,2.0,1.0,1.0,0.0,1.0,2.0,1.0,1.0,0.0,1.0,2.0,1.0,1.0,1.0,0.0,0.0,0.0,1.0,0.0,0.0,0.0,0.0,1.0,0.0,0.0
152,case_c9e2d1042b,B0_rule_based,True,23,True,abnormal,"['Enlarged Cardiomediastinum', 'Fracture', 'Lung Lesion']","['Enlarged Cardiomediastinum', 'Fracture', 'Lung Lesion']","['Enlarged Cardiomediastinum', 'Fracture', 'Lung Lesion']","['Cardiomegaly', 'Fracture']",abnormal,abnormal,0.0,0.08085136606387452,0.012015014667407578,0.10526315789473685,0.07767646065518406,4,2,0,0.0,0.0,False,4,0,1.0,2.0,1.0,1.0,1.0,1.0,2.0,1.0,1.0,1.0,1.0,2.0,1.0,1.0,1.0,2.0,2.0,1.0,1.0,2.0,2.0,1.0,1.0,2.0,0.0,1.0,0.0
152,case_c9e2d1042b,G1A_llm_no_retrieval,True,22,True,abnormal,"['Enlarged Cardiomediastinum', 'Fracture', 'Lung Lesion']","['Enlarged Cardiomediastinum', 'Fracture', 'Lung Lesion']","['Enlarged Cardiomediastinum', 'Fracture', 'Lung Lesion']","['Cardiomegaly', 'Fracture']",abnormal,abnormal,0.0,0.07903340165247402,0.01178381786892547,0.10714285714285714,0.07791327913279132,4,1,0,0.0,0.0,False,4,0,1.0,2.0,1.0,1.0,1.0,1.0,2.0,1.0,1.0,1.0,1.0,2.0,1.0,1.0,1.0,2.0,2.0,1.0,1.0,2.0,2.0,1.0,1.0,2.0,0.0,1.0,0.0
152,case_c9e2d1042b,G1B_llm_sham_retrieval,True,21,True,normal,[],[],"['Enlarged Cardiomediastinum', 'Fracture', 'Lung Lesion']","['Cardiomegaly', 'Fracture']",abnormal,abnormal,0.0,0.1282040499223043,0.015553645129089928,0.18181818181818185,0.11376146788990826,4,2,0,0.0,0.0,False,4,1,0.0,0.0,2.0,0.0,1.0,0.0,0.0,2.0,0.0,1.0,0.0,0.0,2.0,0.0,1.0,2.0,0.0,1.0,0.0,2.0,0.0,1.0,0.0,0.0,0.0,0.0,0.0
152,case_c9e2d1042b,G1_single_agent_rag,True,20,True,abnormal,"['Cardiomegaly', 'Enlarged Cardiomediastinum', 'Fracture', 'Lung Opacity', 'Pneumonia']","['Cardiomegaly', 'Enlarged Cardiomediastinum', 'Fracture', 'Lung Opacity']","['Enlarged Cardiomediastinum', 'Fracture', 'Lung Lesion']","['Cardiomegaly', 'Fracture']",abnormal,abnormal,0.0,0.12414632594785238,0.012716280758097807,0.14814814814814817,0.11411042944785277,5,1,0,0.0,0.0,False,5,0,2.0,3.0,0.0,1.0,0.0,2.0,2.0,0.0,1.0,0.0,2.0,3.0,0.0,1.0,0.0,2.0,1.0,1.0,1.0,2.0,1.0,1.0,1.0,1.0,2.0,1.0,1.0
160,case_61a4ba6516,B0_rule_based,True,17,True,abnormal,"['Lung Opacity', 'Pleural Effusion', 'Pneumonia']","['Lung Opacity', 'Pleural Effusion', 'Pneumonia']","['Lung Opacity', 'Pleural Effusion', 'Pneumonia']",['Lung Opacity'],abnormal,abnormal,0.0,0.036050434972746716,0.003092583538051824,0.09836065573770492,0.03631961259079903,4,1,0,0.0,0.0,False,4,0,1.0,2.0,0.0,1.0,0.0,1.0,2.0,0.0,1.0,0.0,1.0,2.0,1.0,1.0,1.0,2.0,2.0,1.0,1.0,2.0,2.0,1.0,1.0,1.0,0.0,2.0,0.0
160,case_61a4ba6516,G1A_llm_no_retrieval,True,12,True,abnormal,"['Lung Opacity', 'Pneumonia']",['Lung Opacity'],"['Lung Opacity', 'Pleural Effusion', 'Pneumonia']",['Lung Opacity'],abnormal,abnormal,0.0,0.0405320132133009,0.00860927894219503,0.25,0.14030612244897958,2,1,0,0.0,0.0,False,2,0,1.0,1.0,0.0,1.0,0.0,1.0,0.0,0.0,0.0,0.0,1.0,1.0,1.0,1.0,1.0,2.0,1.0,1.0,1.0,2.0,0.0,1.0,1.0,0.0,0.0,2.0,0.0
160,case_61a4ba6516,G1B_llm_sham_retrieval,True,13,True,abnormal,"['Lung Opacity', 'Pneumonia']",['Lung Opacity'],"['Lung Opacity', 'Pleural Effusion', 'Pneumonia']",['Lung Opacity'],abnormal,abnormal,0.0,0.04251895625989351,0.005242802554922073,0.21052631578947364,0.10425156207552294,2,1,0,0.0,0.0,False,2,0,1.0,1.0,0.0,1.0,0.0,1.0,0.0,0.0,0.0,0.0,1.0,1.0,1.0,1.0,1.0,2.0,1.0,1.0,1.0,2.0,0.0,1.0,1.0,1.0,0.0,1.0,0.0
160,case_61a4ba6516,G1_single_agent_rag,True,35,True,abnormal,"['Lung Opacity', 'Pneumonia']",['Lung Opacity'],"['Lung Opacity', 'Pleural Effusion', 'Pneumonia']",['Lung Opacity'],abnormal,abnormal,0.0,0.26511693959423677,0.01616495003663086,0.20253164556962025,0.17119425109564318,5,3,0,0.0,0.0,False,5,1,1.0,1.0,0.0,1.0,0.0,1.0,0.0,0.0,0.0,0.0,1.0,1.0,1.0,1.0,1.0,2.0,1.0,1.0,1.0,2.0,0.0,1.0,1.0,0.0,0.0,2.0,0.0
187,case_a00ffd4079,B0_rule_based,False,12,True,indeterminate,[],[],[],,indeterminate,,0.0,0.03332080452873727,0.006810713549541546,0.057142857142857134,0.0228310502283105,2,1,0,0.0,0.0,False,2,2,,,,,,,,,,,,,,,,,,,,,,,,,,,
187,case_a00ffd4079,G1A_llm_no_retrieval,False,15,True,normal,[],[],[],,indeterminate,,0.0,0.11732924390200634,0.010205178765783047,0.15789473684210528,0.06756756756756756,2,1,0,0.0,0.0,False,2,1,,,,,,,,,,,,,,,,,,,,,,,,,,,
187,case_a00ffd4079,G1B_llm_sham_retrieval,False,25,True,normal,[],[],[],,indeterminate,,0.0,0.28,0.02605892927044567,0.24999999999999994,0.24674524982406754,5,0,0,0.0,0.0,False,5,1,,,,,,,,,,,,,,,,,,,,,,,,,,,
187,case_a00ffd4079,G1_single_agent_rag,False,25,True,normal,[],[],[],,indeterminate,,0.0,0.28,0.02605892927044567,0.24999999999999994,0.24674524982406754,5,0,0,0.0,0.0,False,5,1,,,,,,,,,,,,,,,,,,,,,,,,,,,
188,case_50e4293b74,B0_rule_based,True,21,True,abnormal,"['Cardiomegaly', 'Consolidation', 'Lung Opacity', 'Pleural Effusion']","['Cardiomegaly', 'Consolidation', 'Lung Opacity', 'Pleural Effusion']","['Cardiomegaly', 'Consolidation', 'Lung Opacity', 'Pleural Effusion']","['Atelectasis', 'Lung Opacity', 'Pleural Effusion']",abnormal,abnormal,0.0,0.08477522930338331,0.012158553894254732,0.13559322033898305,0.10330578512396693,5,1,0,0.0,0.0,False,5,0,2.0,2.0,1.0,1.0,1.0,2.0,2.0,1.0,1.0,1.0,2.0,2.0,1.0,1.0,1.0,2.0,2.0,2.0,2.0,2.0,2.0,2.0,2.0,1.0,0.0,3.0,0.0
188,case_50e4293b74,G1A_llm_no_retrieval,True,19,True,abnormal,"['Cardiomegaly', 'Lung Opacity', 'Pleural Effusion']","['Cardiomegaly', 'Lung Opacity', 'Pleural Effusion']","['Cardiomegaly', 'Consolidation', 'Lung Opacity', 'Pleural Effusion']","['Atelectasis', 'Lung Opacity', 'Pleural Effusion']",abnormal,abnormal,0.0,0.07744830340451417,0.011202869121591928,0.14035087719298245,0.10387811634349028,4,1,0,0.0,0.0,False,4,0,2.0,1.0,1.0,1.0,1.0,2.0,1.0,1.0,1.0,1.0,2.0,1.0,1.0,1.0,1.0,2.0,1.0,2.0,2.0,2.0,1.0,2.0,2.0,0.0,0.0,3.0,0.0
188,case_50e4293b74,G1B_llm_sham_retrieval,True,16,True,abnormal,"['Cardiomegaly', 'Lung Opacity', 'Pleural Effusion']","['Cardiomegaly', 'Lung Opacity', 'Pleural Effusion']","['Cardiomegaly', 'Consolidation', 'Lung Opacity', 'Pleural Effusion']","['Atelectasis', 'Lung Opacity', 'Pleural Effusion']",abnormal,abnormal,0.0,0.07901237368898327,0.009835001487916679,0.14814814814814814,0.12458100558659217,4,0,0,0.0,0.0,False,4,0,2.0,1.0,1.0,1.0,1.0,2.0,1.0,1.0,1.0,1.0,2.0,1.0,1.0,1.0,1.0,2.0,1.0,2.0,2.0,2.0,1.0,2.0,2.0,3.0,0.0,0.0,0.0
188,case_50e4293b74,G1_single_agent_rag,True,20,True,abnormal,"['Atelectasis', 'Cardiomegaly', 'Lung Opacity']","['Atelectasis', 'Cardiomegaly', 'Lung Opacity']","['Cardiomegaly', 'Consolidation', 'Lung Opacity', 'Pleural Effusion']","['Atelectasis', 'Lung Opacity', 'Pleural Effusion']",abnormal,abnormal,0.0,0.14229938090920968,0.02650412884947431,0.1724137931034483,0.1324839327996392,5,2,1,0.5,0.15384615384615385,False,5,1,2.0,1.0,1.0,1.0,1.0,2.0,1.0,1.0,1.0,1.0,2.0,1.0,1.0,1.0,1.0,2.0,1.0,2.0,1.0,2.0,1.0,2.0,1.0,0.0,1.0,2.0,0.0
189,case_c7bae88f78,B0_rule_based,True,10,True,normal,[],[],[],"['Atelectasis', 'Lung Opacity']",normal,abnormal,0.0,0.0002026616325581531,1.8763893601914334e-05,0.06451612903225806,0.019815059445178335,2,1,0,0.0,0.0,False,2,0,0.0,0.0,2.0,0.0,1.0,0.0,0.0,2.0,0.0,1.0,0.0,0.0,3.0,0.0,1.0,0.0,0.0,0.0,0.0,0.0,0.0,0.0,0.0,0.0,0.0,0.0,0.0
189,case_c7bae88f78,G1A_llm_no_retrieval,True,10,True,abnormal,['Enlarged Cardiomediastinum'],['Enlarged Cardiomediastinum'],[],"['Atelectasis', 'Lung Opacity']",normal,abnormal,0.0,6.755387751938438e-05,1.425747596050411e-05,0.021505376344086023,0.0066050198150594455,2,1,0,0.0,0.0,False,2,0,0.0,1.0,2.0,1.0,1.0,0.0,1.0,2.0,1.0,1.0,0.0,1.0,3.0,1.0,1.0,0.0,0.0,0.0,0.0,0.0,0.0,0.0,0.0,0.0,0.0,0.0,1.0
189,case_c7bae88f78,G1B_llm_sham_retrieval,True,22,True,normal,[],[],[],"['Atelectasis', 'Lung Opacity']",normal,abnormal,0.0,0.039767217123700495,0.01554374886321614,0.20952380952380956,0.16506992914200788,4,2,0,0.0,0.0,False,4,1,0.0,0.0,2.0,0.0,1.0,0.0,0.0,2.0,0.0,1.0,0.0,0.0,3.0,0.0,1.0,0.0,0.0,0.0,0.0,0.0,0.0,0.0,0.0,0.0,0.0,0.0,0.0
189,case_c7bae88f78,G1_single_agent_rag,True,21,True,normal,[],[],[],"['Atelectasis', 'Lung Opacity']",normal,abnormal,0.0,0.029837277621965457,0.0015786058442626818,0.1346153846153846,0.078125,4,1,0,0.0,0.0,False,4,1,0.0,0.0,2.0,0.0,1.0,0.0,0.0,2.0,0.0,1.0,0.0,0.0,3.0,0.0,1.0,0.0,0.0,0.0,0.0,0.0,0.0,0.0,0.0,0.0,0.0,0.0,0.0
192,case_4182492123,B0_rule_based,False,10,True,normal,[],[],[],,normal,,0.0,0.07478430961131753,0.041544464364365305,0.25641025641025644,0.16457564575645758,2,1,0,0.0,0.0,False,2,0,,,,,,,,,,,,,,,,,,,,,,,,,,,
192,case_4182492123,G1A_llm_no_retrieval,False,10,True,abnormal,['Enlarged Cardiomediastinum'],['Enlarged Cardiomediastinum'],[],,normal,,0.0,0.0014956861922263511,0.0017751409810584685,0.0,0.0,2,1,0,0.0,0.0,False,2,0,,,,,,,,,,,,,,,,,,,,,,,,,,,
192,case_4182492123,G1B_llm_sham_retrieval,False,29,True,normal,[],[],[],,normal,,0.0,0.5517241379310345,0.1991148803162055,0.4482758620689655,0.46208243534482757,4,3,0,0.0,0.0,False,4,0,,,,,,,,,,,,,,,,,,,,,,,,,,,
192,case_4182492123,G1_single_agent_rag,False,22,True,normal,[],[],[],,normal,,0.0,0.3306684131928562,0.05026017505660372,0.3137254901960784,0.2927561837455831,4,2,0,0.0,0.0,False,4,1,,,,,,,,,,,,,,,,,,,,,,,,,,,
193,case_0373459e90,B0_rule_based,False,6,True,abnormal,['Pleural Other'],['Pleural Other'],['Pleural Other'],,abnormal,,0.0,0.0019011829993358005,0.0002769026108062143,0.09302325581395349,0.029498525073746312,2,0,0,0.0,0.0,False,2,0,,,,,,,,,,,,,,,,,,,,,,,,,,,
193,case_0373459e90,G1A_llm_no_retrieval,False,19,True,normal,[],[],['Pleural Other'],,abnormal,,0.0,0.32653482382848414,0.09828724817980126,0.39285714285714285,0.38069291548295453,4,0,0,0.0,0.0,False,4,1,,,,,,,,,,,,,,,,,,,,,,,,,,,
193,case_0373459e90,G1B_llm_sham_retrieval,False,22,True,normal,[],[],['Pleural Other'],,abnormal,,0.0,0.3218069956420279,0.12578418819517106,0.4067796610169491,0.32250646737568267,4,2,0,0.0,0.06666666666666667,False,4,1,,,,,,,,,,,,,,,,,,,,,,,,,,,
193,case_0373459e90,G1_single_agent_rag,False,22,True,normal,[],[],['Pleural Other'],,abnormal,,0.0,0.2758345676931668,0.036567396620633755,0.3050847457627119,0.2402190923317684,4,2,2,1.0,1.0,True,4,1,,,,,,,,,,,,,,,,,,,,,,,,,,,
195,case_03ba8f1c8b,B0_rule_based,True,4,True,abnormal,['Pneumonia'],['Pneumonia'],['Pneumonia'],[],abnormal,normal,0.0,0.0012446767091965987,0.00224938473655311,0.0,0.0,2,0,0,0.0,0.0,False,2,0,0.0,1.0,0.0,1.0,0.0,0.0,1.0,0.0,1.0,0.0,0.0,1.0,0.0,1.0,0.0,1.0,1.0,0.0,0.0,1.0,1.0,0.0,0.0,0.0,0.0,1.0,0.0
195,case_03ba8f1c8b,G1A_llm_no_retrieval,True,7,True,abnormal,"['Lung Opacity', 'Pneumonia']","['Lung Opacity', 'Pneumonia']",['Pneumonia'],[],abnormal,normal,0.0,0.0039493292375652085,0.005135131375181345,0.0,0.0,2,0,0,0.0,0.0,False,2,0,0.0,2.0,0.0,1.0,0.0,0.0,2.0,0.0,1.0,0.0,0.0,2.0,0.0,1.0,0.0,1.0,1.0,0.0,0.0,1.0,1.0,0.0,0.0,0.0,1.0,1.0,0.0
195,case_03ba8f1c8b,G1B_llm_sham_retrieval,True,29,True,normal,[],[],['Pneumonia'],[],abnormal,normal,0.0,0.4482758620689655,0.051143785080819945,0.3111111111111111,0.5804289085747512,5,3,0,0.0,0.045454545454545456,False,5,1,0.0,0.0,0.0,0.0,0.0,0.0,0.0,0.0,0.0,0.0,0.0,0.0,0.0,0.0,0.0,1.0,0.0,0.0,0.0,1.0,0.0,0.0,0.0,0.0,0.0,0.0,0.0
195,case_03ba8f1c8b,G1_single_agent_rag,True,10,True,abnormal,"['Lung Opacity', 'Pneumonia']","['Lung Opacity', 'Pneumonia']",['Pneumonia'],[],abnormal,normal,0.0,0.005488116360940266,0.006513518886352193,0.0,0.0,2,1,0,0.0,0.0,False,2,0,0.0,2.0,0.0,1.0,0.0,0.0,2.0,0.0,1.0,0.0,0.0,2.0,0.0,1.0,0.0,1.0,1.0,0.0,0.0,1.0,1.0,0.0,0.0,0.0,1.0,1.0,0.0
197,case_3fbff39ed9,B0_rule_based,False,10,True,normal,[],[],[],,normal,,0.0,0.020381101989183106,0.0022876655115529067,0.15384615384615385,0.0958762886597938,2,1,0,0.0,0.0,False,2,0,,,,,,,,,,,,,,,,,,,,,,,,,,,
197,case_3fbff39ed9,G1A_llm_no_retrieval,False,10,True,abnormal,['Enlarged Cardiomediastinum'],['Enlarged Cardiomediastinum'],[],,normal,,0.0,0.012228661193509863,0.0020134012665751757,0.11538461538461536,0.06586483390607101,2,1,0,0.0,0.0,False,2,0,,,,,,,,,,,,,,,,,,,,,,,,,,,
197,case_3fbff39ed9,G1B_llm_sham_retrieval,False,59,False,abnormal,"['Cardiomegaly', 'Pleural Effusion']","['Cardiomegaly', 'Pleural Effusion']",[],,normal,,0.0,0.2542372881355932,0.06087473628081748,0.17821782178217824,0.2755657259089754,11,6,3,0.5,0.2692307692307692,False,11,6,,,,,,,,,,,,,,,,,,,,,,,,,,,
197,case_3fbff39ed9,G1_single_agent_rag,False,21,True,normal,[],[],[],,normal,,0.0,0.1751806862721154,0.012637005307693567,0.2857142857142857,0.18646616541353384,4,1,0,0.0,0.0,False,4,1,,,,,,,,,,,,,,,,,,,,,,,,,,,
209,case_53ec9a3c31,B0_rule_based,False,4,True,abnormal,['Fracture'],['Fracture'],['Fracture'],,abnormal,,0.0,0.0012446767091965987,0.00224938473655311,0.0,0.0,2,0,0,0.0,0.0,False,2,0,,,,,,,,,,,,,,,,,,,,,,,,,,,
209,case_53ec9a3c31,G1A_llm_no_retrieval,False,5,True,abnormal,['Fracture'],['Fracture'],['Fracture'],,abnormal,,0.0,0.0022160631672466773,0.0033477793662538145,0.0,0.0,2,0,0,0.0,0.0,False,2,0,,,,,,,,,,,,,,,,,,,,,,,,,,,
209,case_53ec9a3c31,G1B_llm_sham_retrieval,False,9,True,abnormal,['Fracture'],['Fracture'],['Fracture'],,abnormal,,0.0,0.051047313781769625,0.011017167600428483,0.08,0.032679738562091505,2,1,0,0.0,0.0,False,2,0,,,,,,,,,,,,,,,,,,,,,,,,,,,
209,case_53ec9a3c31,G1_single_agent_rag,False,43,True,abnormal,['Fracture'],['Fracture'],['Fracture'],,abnormal,,0.0,0.20930232558139536,0.01737602939215228,0.23728813559322032,0.3122730573710966,7,3,2,0.6666666666666666,0.4722222222222222,False,7,2,,,,,,,,,,,,,,,,,,,,,,,,,,,
210,case_822aa4bc65,B0_rule_based,True,12,True,indeterminate,[],[],[],['Support Devices'],indeterminate,abnormal,0.0,0.01470411791060747,0.0013184849336260495,0.06896551724137931,0.035211267605633804,2,1,0,0.0,0.0,False,2,2,0.0,0.0,1.0,0.0,1.0,0.0,0.0,1.0,0.0,1.0,0.0,0.0,1.0,0.0,1.0,0.0,0.0,0.0,0.0,0.0,0.0,0.0,0.0,0.0,0.0,0.0,0.0
210,case_822aa4bc65,G1A_llm_no_retrieval,True,10,True,abnormal,['Enlarged Cardiomediastinum'],['Enlarged Cardiomediastinum'],[],['Support Devices'],indeterminate,abnormal,0.0,0.0027323722447292575,0.0005766764695808545,0.03571428571428571,0.011792452830188678,2,1,0,0.0,0.0,False,2,0,0.0,1.0,1.0,1.0,1.0,0.0,1.0,1.0,1.0,1.0,0.0,1.0,1.0,1.0,1.0,0.0,0.0,0.0,0.0,0.0,0.0,0.0,0.0,0.0,0.0,0.0,1.0
210,case_822aa4bc65,G1B_llm_sham_retrieval,True,25,True,normal,[],[],[],['Support Devices'],indeterminate,abnormal,0.0,0.276294734994611,0.03849838404726977,0.28169014084507044,0.2667194618451025,5,0,0,0.0,0.0,False,5,1,0.0,0.0,1.0,0.0,1.0,0.0,0.0,1.0,0.0,1.0,0.0,0.0,1.0,0.0,1.0,0.0,0.0,0.0,0.0,0.0,0.0,0.0,0.0,0.0,0.0,0.0,0.0
210,case_822aa4bc65,G1_single_agent_rag,True,25,True,normal,[],[],[],['Support Devices'],indeterminate,abnormal,0.0,0.276294734994611,0.03849838404726977,0.28169014084507044,0.2667194618451025,5,0,0,0.0,0.0,False,5,1,0.0,0.0,1.0,0.0,1.0,0.0,0.0,1.0,0.0,1.0,0.0,0.0,1.0,0.0,1.0,0.0,0.0,0.0,0.0,0.0,0.0,0.0,0.0,0.0,0.0,0.0,0.0
218,case_06269fd849,B0_rule_based,True,12,True,indeterminate,[],[],[],['Lung Opacity'],indeterminate,abnormal,0.0,0.036774116848244214,0.0032974517279160446,0.0851063829787234,0.045871559633027525,2,1,0,0.0,0.0,False,2,2,0.0,0.0,1.0,0.0,1.0,0.0,0.0,1.0,0.0,1.0,0.0,0.0,1.0,0.0,1.0,0.0,0.0,0.0,0.0,0.0,0.0,0.0,0.0,0.0,0.0,0.0,0.0
218,case_06269fd849,G1A_llm_no_retrieval,True,10,True,abnormal,['Enlarged Cardiomediastinum'],['Enlarged Cardiomediastinum'],[],['Lung Opacity'],indeterminate,abnormal,0.0,0.008208499862389881,0.0017324318567241814,0.04444444444444444,0.015384615384615384,2,1,0,0.0,0.0,False,2,0,0.0,1.0,1.0,1.0,1.0,0.0,1.0,1.0,1.0,1.0,0.0,1.0,1.0,1.0,1.0,0.0,0.0,0.0,0.0,0.0,0.0,0.0,0.0,0.0,0.0,0.0,1.0
218,case_06269fd849,G1B_llm_sham_retrieval,True,25,True,normal,[],[],[],['Lung Opacity'],indeterminate,abnormal,0.0,0.3485664239385325,0.0512820172297872,0.3,0.2953358858336234,5,0,0,0.0,0.0,False,5,1,0.0,0.0,1.0,0.0,1.0,0.0,0.0,1.0,0.0,1.0,0.0,0.0,1.0,0.0,1.0,0.0,0.0,0.0,0.0,0.0,0.0,0.0,0.0,0.0,0.0,0.0,0.0
218,case_06269fd849,G1_single_agent_rag,True,25,True,normal,[],[],[],['Lung Opacity'],indeterminate,abnormal,0.0,0.3485664239385325,0.0512820172297872,0.3,0.2953358858336234,5,0,0,0.0,0.0,False,5,1,0.0,0.0,1.0,0.0,1.0,0.0,0.0,1.0,0.0,1.0,0.0,0.0,1.0,0.0,1.0,0.0,0.0,0.0,0.0,0.0,0.0,0.0,0.0,0.0,0.0,0.0,0.0
220,case_da857ce1e5,B0_rule_based,True,31,True,abnormal,"['Consolidation', 'Lung Lesion', 'Lung Opacity', 'Pleural Other', 'Pneumonia']","['Consolidation', 'Lung Lesion', 'Lung Opacity', 'Pleural Other', 'Pneumonia']","['Consolidation', 'Lung Lesion', 'Lung Opacity', 'Pleural Other', 'Pneumonia']","['Lung Lesion', 'Support Devices']",abnormal,abnormal,0.0,0.09454564201008622,0.0029271767756135674,0.1553398058252427,0.08100147275405008,6,2,0,0.0,0.0,False,6,0,1.0,4.0,1.0,1.0,1.0,1.0,4.0,1.0,1.0,1.0,1.0,4.0,0.0,1.0,0.0,4.0,4.0,1.0,1.0,4.0,4.0,1.0,1.0,2.0,0.0,3.0,0.0
220,case_da857ce1e5,G1A_llm_no_retrieval,True,23,True,normal,[],[],"['Consolidation', 'Lung Lesion', 'Lung Opacity', 'Pleural Other', 'Pneumonia']","['Lung Lesion', 'Support Devices']",abnormal,abnormal,0.0,0.0774688934963536,0.030795111884864716,0.25263157894736843,0.1663189269746647,5,0,0,0.0,0.0,False,5,1,0.0,0.0,2.0,0.0,1.0,0.0,0.0,2.0,0.0,1.0,0.0,0.0,1.0,0.0,1.0,4.0,0.0,1.0,0.0,4.0,0.0,1.0,0.0,0.0,0.0,0.0,0.0
220,case_da857ce1e5,G1B_llm_sham_retrieval,True,21,True,normal,[],[],"['Consolidation', 'Lung Lesion', 'Lung Opacity', 'Pleural Other', 'Pneumonia']","['Lung Lesion', 'Support Devices']",abnormal,abnormal,0.0,0.03778400972672462,0.0052454663678598,0.15053763440860216,0.0872870877853439,4,1,0,0.0,0.0,False,4,1,0.0,0.0,2.0,0.0,1.0,0.0,0.0,2.0,0.0,1.0,0.0,0.0,1.0,0.0,1.0,4.0,0.0,1.0,0.0,4.0,0.0,1.0,0.0,0.0,0.0,0.0,0.0
220,case_da857ce1e5,G1_single_agent_rag,True,48,True,abnormal,"['Lung Opacity', 'Pneumonia']",['Lung Opacity'],"['Consolidation', 'Lung Lesion', 'Lung Opacity', 'Pleural Other', 'Pneumonia']","['Lung Lesion', 'Support Devices']",abnormal,abnormal,0.0,0.16426872033883821,0.009316842113619,0.15,0.09339080459770113,4,4,3,0.75,0.7560975609756098,False,4,2,0.0,2.0,2.0,1.0,1.0,0.0,1.0,2.0,1.0,1.0,0.0,2.0,1.0,1.0,1.0,4.0,2.0,1.0,0.0,4.0,1.0,1.0,0.0,0.0,0.0,2.0,0.0
222,case_e4c1ac5c5f,B0_rule_based,True,10,True,normal,[],[],[],[],normal,normal,0.0,0.03673692847589457,0.0034013730595258192,0.14634146341463414,0.05190311418685121,2,1,0,0.0,0.0,False,2,0,0.0,0.0,0.0,0.0,0.0,0.0,0.0,0.0,0.0,0.0,0.0,0.0,0.0,0.0,0.0,0.0,0.0,0.0,0.0,0.0,0.0,0.0,0.0,0.0,0.0,0.0,0.0
222,case_e4c1ac5c5f,G1A_llm_no_retrieval,True,10,True,abnormal,['Enlarged Cardiomediastinum'],['Enlarged Cardiomediastinum'],[],[],normal,normal,0.0,0.012245642825298194,0.0025844846308416564,0.04878048780487805,0.017301038062283735,2,1,0,0.0,0.0,False,2,0,0.0,1.0,0.0,1.0,0.0,0.0,1.0,0.0,1.0,0.0,0.0,1.0,0.0,1.0,0.0,0.0,0.0,0.0,0.0,0.0,0.0,0.0,0.0,0.0,0.0,0.0,1.0
222,case_e4c1ac5c5f,G1B_llm_sham_retrieval,True,22,True,normal,[],[],[],[],normal,normal,0.0,0.4227069909136425,0.1828490951695849,0.45283018867924524,0.4217235066784188,4,2,0,0.0,0.0,False,4,1,0.0,0.0,0.0,0.0,0.0,0.0,0.0,0.0,0.0,0.0,0.0,0.0,0.0,0.0,0.0,0.0,0.0,0.0,0.0,0.0,0.0,0.0,0.0,0.0,0.0,0.0,0.0
222,case_e4c1ac5c5f,G1_single_agent_rag,True,21,True,normal,[],[],[],[],normal,normal,0.0,0.38451843090480337,0.04818092024277854,0.2692307692307692,0.3020710059171598,4,1,0,0.0,0.0,False,4,1,0.0,0.0,0.0,0.0,0.0,0.0,0.0,0.0,0.0,0.0,0.0,0.0,0.0,0.0,0.0,0.0,0.0,0.0,0.0,0.0,0.0,0.0,0.0,0.0,0.0,0.0,0.0
229,case_a8b3b1bfc3,B0_rule_based,True,10,True,normal,[],[],[],['Lung Lesion'],normal,abnormal,0.0,0.026882205095899905,0.007543445578288735,0.1702127659574468,0.09201895043731778,2,1,0,0.0,0.0,False,2,0,0.0,0.0,1.0,0.0,1.0,0.0,0.0,1.0,0.0,1.0,0.0,0.0,1.0,0.0,1.0,0.0,0.0,0.0,0.0,0.0,0.0,0.0,0.0,0.0,0.0,0.0,0.0
229,case_a8b3b1bfc3,G1A_llm_no_retrieval,True,10,True,abnormal,['Enlarged Cardiomediastinum'],['Enlarged Cardiomediastinum'],[],['Lung Lesion'],normal,abnormal,0.0,0.0006720551273974978,0.0007976222581810299,0.0,0.0,2,1,0,0.0,0.0,False,2,0,0.0,1.0,1.0,1.0,1.0,0.0,1.0,1.0,1.0,1.0,0.0,1.0,1.0,1.0,1.0,0.0,0.0,0.0,0.0,0.0,0.0,0.0,0.0,0.0,0.0,0.0,1.0
229,case_a8b3b1bfc3,G1B_llm_sham_retrieval,True,24,True,normal,[],[],[],['Lung Lesion'],normal,abnormal,0.0,0.3151296493636461,0.13447598595624463,0.3278688524590164,0.33572008685130855,3,2,0,0.0,0.0,False,3,0,0.0,0.0,1.0,0.0,1.0,0.0,0.0,1.0,0.0,1.0,0.0,0.0,1.0,0.0,1.0,0.0,0.0,0.0,0.0,0.0,0.0,0.0,0.0,0.0,0.0,0.0,0.0
229,case_a8b3b1bfc3,G1_single_agent_rag,True,21,True,normal,[],[],[],['Lung Lesion'],normal,abnormal,0.0,0.17781961205778338,0.01516422126562215,0.20689655172413793,0.15029131355932204,4,1,0,0.0,0.0,False,4,1,0.0,0.0,1.0,0.0,1.0,0.0,0.0,1.0,0.0,1.0,0.0,0.0,1.0,0.0,1.0,0.0,0.0,0.0,0.0,0.0,0.0,0.0,0.0,0.0,0.0,0.0,0.0
239,case_7326c3ad72,B0_rule_based,True,12,True,indeterminate,[],[],[],[],indeterminate,normal,0.0,0.0549367191833703,0.011228968297774719,0.06896551724137931,0.030303030303030307,2,1,0,0.0,0.0,False,2,2,0.0,0.0,0.0,0.0,0.0,0.0,0.0,0.0,0.0,0.0,0.0,0.0,0.0,0.0,0.0,0.0,0.0,0.0,0.0,0.0,0.0,0.0,0.0,0.0,0.0,0.0,0.0
239,case_7326c3ad72,G1A_llm_no_retrieval,True,15,True,normal,[],[],[],[],indeterminate,normal,0.0,0.116689775872393,0.013756742073424323,0.125,0.059523809523809534,2,1,0,0.0,0.0,False,2,1,0.0,0.0,0.0,0.0,0.0,0.0,0.0,0.0,0.0,0.0,0.0,0.0,0.0,0.0,0.0,0.0,0.0,0.0,0.0,0.0,0.0,0.0,0.0,0.0,0.0,0.0,0.0
239,case_7326c3ad72,G1B_llm_sham_retrieval,True,25,True,normal,[],[],[],[],indeterminate,normal,0.0,0.24,0.044588192733265836,0.28571428571428564,0.23954431960049938,5,0,0,0.0,0.0,False,5,1,0.0,0.0,0.0,0.0,0.0,0.0,0.0,0.0,0.0,0.0,0.0,0.0,0.0,0.0,0.0,0.0,0.0,0.0,0.0,0.0,0.0,0.0,0.0,0.0,0.0,0.0,0.0
239,case_7326c3ad72,G1_single_agent_rag,True,25,True,normal,[],[],[],[],indeterminate,normal,0.0,0.24,0.044588192733265836,0.28571428571428564,0.23954431960049938,5,0,0,0.0,0.0,False,5,1,0.0,0.0,0.0,0.0,0.0,0.0,0.0,0.0,0.0,0.0,0.0,0.0,0.0,0.0,0.0,0.0,0.0,0.0,0.0,0.0,0.0,0.0,0.0,0.0,0.0,0.0,0.0
249,case_e9a3149fcc,B0_rule_based,True,17,True,abnormal,"['Lung Lesion', 'Lung Opacity']","['Lung Lesion', 'Lung Opacity']","['Lung Lesion', 'Lung Opacity']",['Lung Lesion'],abnormal,abnormal,0.0,0.004309562091466866,0.0002979476885284665,0.0588235294117647,0.02557544757033248,3,2,0,0.0,0.0,False,3,0,1.0,1.0,0.0,1.0,0.0,1.0,1.0,0.0,1.0,0.0,1.0,1.0,0.0,1.0,0.0,1.0,1.0,1.0,1.0,1.0,1.0,1.0,1.0,1.0,0.0,1.0,0.0
249,case_e9a3149fcc,G1A_llm_no_retrieval,True,22,True,normal,[],[],"['Lung Lesion', 'Lung Opacity']",['Lung Lesion'],abnormal,abnormal,0.0,0.02853044420301678,0.008537934212222861,0.13084112149532712,0.12176168523633005,5,0,0,0.0,0.0,False,5,2,0.0,0.0,1.0,0.0,1.0,0.0,0.0,1.0,0.0,1.0,0.0,0.0,1.0,0.0,1.0,1.0,0.0,1.0,0.0,1.0,0.0,1.0,0.0,0.0,0.0,0.0,0.0
249,case_e9a3149fcc,G1B_llm_sham_retrieval,True,31,True,normal,[],[],"['Lung Lesion', 'Lung Opacity']",['Lung Lesion'],abnormal,abnormal,0.0,0.1017180071180547,0.01569048450708033,0.13793103448275862,0.18353728519138907,5,2,2,1.0,1.0,True,5,1,0.0,0.0,1.0,0.0,1.0,0.0,0.0,1.0,0.0,1.0,0.0,0.0,1.0,0.0,1.0,1.0,0.0,1.0,0.0,1.0,0.0,1.0,0.0,0.0,0.0,0.0,0.0
249,case_e9a3149fcc,G1_single_agent_rag,True,40,True,abnormal,"['Atelectasis', 'Lung Opacity']",['Lung Opacity'],"['Lung Lesion', 'Lung Opacity']",['Lung Lesion'],abnormal,abnormal,0.0,0.11362836357542239,0.04463959479755662,0.128,0.16304347826086954,5,4,1,0.25,0.15151515151515152,False,5,1,0.0,2.0,1.0,1.0,1.0,0.0,1.0,1.0,1.0,1.0,0.0,2.0,1.0,1.0,1.0,1.0,1.0,1.0,0.0,1.0,1.0,1.0,0.0,0.0,1.0,1.0,0.0
251,case_4519b887a8,B0_rule_based,False,12,True,indeterminate,[],[],[],,indeterminate,,0.0,0.03996993651992347,0.0035840136361727204,0.08695652173913045,0.04716981132075472,2,1,0,0.0,0.0,False,2,2,,,,,,,,,,,,,,,,,,,,,,,,,,,
251,case_4519b887a8,G1A_llm_no_retrieval,False,15,True,normal,[],[],[],,indeterminate,,0.0,0.0751384770919889,0.005267113546456226,0.163265306122449,0.06230529595015576,2,1,0,0.0,0.0,False,2,1,,,,,,,,,,,,,,,,,,,,,,,,,,,
251,case_4519b887a8,G1B_llm_sham_retrieval,False,25,True,normal,[],[],[],,indeterminate,,0.0,0.4186057956426186,0.026158712052627413,0.3728813559322034,0.33716012084592145,5,0,0,0.0,0.0,False,5,1,,,,,,,,,,,,,,,,,,,,,,,,,,,
251,case_4519b887a8,G1_single_agent_rag,False,25,True,normal,[],[],[],,indeterminate,,0.0,0.4186057956426186,0.026158712052627413,0.3728813559322034,0.33716012084592145,5,0,0,0.0,0.0,False,5,1,,,,,,,,,,,,,,,,,,,,,,,,,,,
266,case_b72dbf6387,B0_rule_based,True,13,True,abnormal,"['Cardiomegaly', 'Enlarged Cardiomediastinum']","['Cardiomegaly', 'Enlarged Cardiomediastinum']","['Cardiomegaly', 'Enlarged Cardiomediastinum']",['Cardiomegaly'],abnormal,abnormal,0.0,0.05245048141807031,0.003745575164023082,0.12244897959183675,0.05934718100890208,3,0,0,0.0,0.0,False,3,0,1.0,1.0,0.0,1.0,0.0,1.0,1.0,0.0,1.0,0.0,1.0,1.0,0.0,1.0,0.0,1.0,1.0,1.0,1.0,1.0,1.0,1.0,1.0,1.0,0.0,1.0,0.0
266,case_b72dbf6387,G1A_llm_no_retrieval,True,17,True,abnormal,"['Cardiomegaly', 'Enlarged Cardiomediastinum']","['Cardiomegaly', 'Enlarged Cardiomediastinum']","['Cardiomegaly', 'Enlarged Cardiomediastinum']",['Cardiomegaly'],abnormal,abnormal,0.0,0.13466699469684099,0.010881518630232774,0.18867924528301885,0.14064276737087797,3,1,0,0.0,0.0,False,3,0,1.0,1.0,0.0,1.0,0.0,1.0,1.0,0.0,1.0,0.0,1.0,1.0,0.0,1.0,0.0,1.0,1.0,1.0,1.0,1.0,1.0,1.0,1.0,1.0,0.0,1.0,0.0
266,case_b72dbf6387,G1B_llm_sham_retrieval,True,16,True,abnormal,['Enlarged Cardiomediastinum'],['Enlarged Cardiomediastinum'],"['Cardiomegaly', 'Enlarged Cardiomediastinum']",['Cardiomegaly'],abnormal,abnormal,0.0,0.16115894823385693,0.02540400451401894,0.23076923076923078,0.2024328249818446,4,0,0,0.0,0.0,False,4,1,0.0,1.0,1.0,1.0,1.0,0.0,1.0,1.0,1.0,1.0,0.0,1.0,1.0,1.0,1.0,1.0,1.0,1.0,0.0,1.0,1.0,1.0,0.0,1.0,0.0,0.0,0.0
266,case_b72dbf6387,G1_single_agent_rag,True,44,True,abnormal,"['Atelectasis', 'Cardiomegaly', 'Lung Opacity', 'Support Devices']","['Atelectasis', 'Cardiomegaly', 'Lung Opacity', 'Support Devices']","['Cardiomegaly', 'Enlarged Cardiomediastinum']",['Cardiomegaly'],abnormal,abnormal,0.0,0.2727272727272727,0.0324217949956417,0.225,0.2317330917874396,6,4,3,0.75,0.7027027027027027,False,6,1,1.0,3.0,0.0,1.0,0.0,1.0,3.0,0.0,1.0,0.0,1.0,3.0,0.0,1.0,0.0,1.0,0.0,1.0,1.0,1.0,0.0,1.0,1.0,0.0,3.0,1.0,0.0
268,case_abe90fb23b,B0_rule_based,True,15,True,abnormal,"['Consolidation', 'Lung Opacity', 'Pneumonia']","['Consolidation', 'Lung Opacity', 'Pneumonia']","['Consolidation', 'Lung Opacity', 'Pneumonia']","['Lung Opacity', 'Pneumonia']",abnormal,abnormal,0.0,0.17973158564688863,0.009295360847069422,0.23809523809523808,0.11627906976744186,4,0,0,0.0,0.0,False,4,0,2.0,1.0,0.0,1.0,0.0,2.0,1.0,0.0,1.0,0.0,2.0,1.0,0.0,1.0,0.0,1.0,1.0,2.0,2.0,1.0,1.0,2.0,2.0,0.0,0.0,3.0,0.0
268,case_abe90fb23b,G1A_llm_no_retrieval,True,10,True,abnormal,"['Consolidation', 'Pneumonia']","['Consolidation', 'Pneumonia']","['Consolidation', 'Lung Opacity', 'Pneumonia']","['Lung Opacity', 'Pneumonia']",abnormal,abnormal,0.0,0.10961011443164076,0.025113652057346537,0.32432432432432434,0.202020202020202,2,1,0,0.0,0.0,False,2,0,1.0,1.0,1.0,1.0,1.0,1.0,1.0,1.0,1.0,1.0,1.0,1.0,1.0,1.0,1.0,1.0,1.0,2.0,1.0,1.0,1.0,2.0,1.0,0.0,0.0,2.0,0.0
268,case_abe90fb23b,G1B_llm_sham_retrieval,True,56,True,normal,[],[],"['Consolidation', 'Lung Opacity', 'Pneumonia']","['Lung Opacity', 'Pneumonia']",abnormal,abnormal,0.0,0.21428571428571425,0.010801653085734744,0.14457831325301204,0.24677164622816802,8,6,6,1.0,1.0,True,8,4,0.0,0.0,2.0,0.0,1.0,0.0,0.0,2.0,0.0,1.0,0.0,0.0,2.0,0.0,1.0,1.0,0.0,2.0,0.0,1.0,0.0,2.0,0.0,0.0,0.0,0.0,0.0
268,case_abe90fb23b,G1_single_agent_rag,True,10,True,abnormal,"['Consolidation', 'Pneumonia']","['Consolidation', 'Pneumonia']","['Consolidation', 'Lung Opacity', 'Pneumonia']","['Lung Opacity', 'Pneumonia']",abnormal,abnormal,0.0,0.0913417620263673,0.02168162090387961,0.2702702702702703,0.17628458498023716,2,1,0,0.0,0.0,False,2,0,1.0,1.0,1.0,1.0,1.0,1.0,1.0,1.0,1.0,1.0,1.0,1.0,1.0,1.0,1.0,1.0,1.0,2.0,1.0,1.0,1.0,2.0,1.0,0.0,0.0,2.0,0.0
278,case_5e57baccae,B0_rule_based,True,10,True,normal,[],[],[],"['Lung Lesion', 'Lung Opacity']",normal,abnormal,0.0,0.04487058576679052,0.007387766558024659,0.15384615384615385,0.09430094300943008,2,1,0,0.0,0.0,False,2,0,0.0,0.0,2.0,0.0,1.0,0.0,0.0,2.0,0.0,1.0,0.0,0.0,2.0,0.0,1.0,0.0,0.0,0.0,0.0,0.0,0.0,0.0,0.0,0.0,0.0,0.0,0.0
278,case_5e57baccae,G1A_llm_no_retrieval,True,22,True,normal,[],[],[],"['Lung Lesion', 'Lung Opacity']",normal,abnormal,0.0,0.264534730554285,0.02487492669087323,0.19607843137254902,0.24817800353356892,4,1,0,0.0,0.0,False,4,1,0.0,0.0,2.0,0.0,1.0,0.0,0.0,2.0,0.0,1.0,0.0,0.0,2.0,0.0,1.0,0.0,0.0,0.0,0.0,0.0,0.0,0.0,0.0,0.0,0.0,0.0,0.0
278,case_5e57baccae,G1B_llm_sham_retrieval,True,24,True,normal,[],[],[],"['Lung Lesion', 'Lung Opacity']",normal,abnormal,0.0,0.33830681089609793,0.05109656641914991,0.22641509433962265,0.3129824561403509,5,1,1,1.0,0.0,True,5,1,0.0,0.0,2.0,0.0,1.0,0.0,0.0,2.0,0.0,1.0,0.0,0.0,2.0,0.0,1.0,0.0,0.0,0.0,0.0,0.0,0.0,0.0,0.0,0.0,0.0,0.0,0.0
278,case_5e57baccae,G1_single_agent_rag,True,21,True,normal,[],[],[],"['Lung Lesion', 'Lung Opacity']",normal,abnormal,0.0,0.19520297790712807,0.01736894526485896,0.19999999999999998,0.15120173364854217,4,1,0,0.0,0.0,False,4,1,0.0,0.0,2.0,0.0,1.0,0.0,0.0,2.0,0.0,1.0,0.0,0.0,2.0,0.0,1.0,0.0,0.0,0.0,0.0,0.0,0.0,0.0,0.0,0.0,0.0,0.0,0.0
290,case_be52e6bdbc,B0_rule_based,True,10,True,normal,[],[],[],['Support Devices'],normal,abnormal,0.0,0.0011033128841521544,0.00013845816096468485,0.05555555555555555,0.0176056338028169,2,1,0,0.0,0.0,False,2,0,0.0,0.0,1.0,0.0,1.0,0.0,0.0,1.0,0.0,1.0,0.0,0.0,1.0,0.0,1.0,0.0,0.0,0.0,0.0,0.0,0.0,0.0,0.0,0.0,0.0,0.0,0.0
290,case_be52e6bdbc,G1A_llm_no_retrieval,True,22,True,normal,[],[],[],['Support Devices'],normal,abnormal,0.0,0.05902567679339933,0.005015304106276511,0.14285714285714285,0.09172952586206896,4,1,0,0.0,0.0,False,4,1,0.0,0.0,1.0,0.0,1.0,0.0,0.0,1.0,0.0,1.0,0.0,0.0,1.0,0.0,1.0,0.0,0.0,0.0,0.0,0.0,0.0,0.0,0.0,0.0,0.0,0.0,0.0
290,case_be52e6bdbc,G1B_llm_sham_retrieval,True,23,True,normal,[],[],[],['Support Devices'],normal,abnormal,0.0,0.0558415959155506,0.0024717934429972816,0.16470588235294115,0.06024096385542168,3,2,0,0.0,0.1875,False,3,0,0.0,0.0,1.0,0.0,1.0,0.0,0.0,1.0,0.0,1.0,0.0,0.0,1.0,0.0,1.0,0.0,0.0,0.0,0.0,0.0,0.0,0.0,0.0,0.0,0.0,0.0,0.0
290,case_be52e6bdbc,G1_single_agent_rag,True,21,True,normal,[],[],[],['Support Devices'],normal,abnormal,0.0,0.08110612957047642,0.0056473993809315415,0.24096385542168675,0.14728459028977167,4,1,0,0.0,0.0,False,4,1,0.0,0.0,1.0,0.0,1.0,0.0,0.0,1.0,0.0,1.0,0.0,0.0,1.0,0.0,1.0,0.0,0.0,0.0,0.0,0.0,0.0,0.0,0.0,0.0,0.0,0.0,0.0
294,case_6857e76d2d,B0_rule_based,False,4,True,abnormal,['Fracture'],['Fracture'],['Fracture'],,abnormal,,0.0,0.0016844867497713668,0.0005413458104408098,0.07142857142857142,0.022727272727272724,2,0,0,0.0,0.0,False,2,0,,,,,,,,,,,,,,,,,,,,,,,,,,,
294,case_6857e76d2d,G1A_llm_no_retrieval,False,23,True,abnormal,['Fracture'],['Fracture'],['Fracture'],,abnormal,,0.0,0.041628407307320904,0.007929899429039699,0.0425531914893617,0.020920502092050205,4,1,0,0.0,0.0,False,4,1,,,,,,,,,,,,,,,,,,,,,,,,,,,
294,case_6857e76d2d,G1B_llm_sham_retrieval,False,22,True,normal,[],[],['Fracture'],,abnormal,,0.0,0.41504578012830107,0.053048094595061705,0.2608695652173913,0.26701680672268907,4,2,1,0.5,0.6,False,4,1,,,,,,,,,,,,,,,,,,,,,,,,,,,
294,case_6857e76d2d,G1_single_agent_rag,False,33,True,normal,[],[],['Fracture'],,abnormal,,0.0,0.36363636363636365,0.05591535564944225,0.3157894736842105,0.34248103525211965,4,2,2,1.0,0.6538461538461539,True,4,0,,,,,,,,,,,,,,,,,,,,,,,,,,,
297,case_d37abed5bb,B0_rule_based,True,12,True,indeterminate,[],[],[],"['Atelectasis', 'Lung Opacity']",indeterminate,abnormal,0.0,0.0006735414446445561,6.0394935101542787e-05,0.042105263157894736,0.01976284584980237,2,1,0,0.0,0.0,False,2,2,0.0,0.0,2.0,0.0,1.0,0.0,0.0,2.0,0.0,1.0,0.0,0.0,2.0,0.0,1.0,0.0,0.0,0.0,0.0,0.0,0.0,0.0,0.0,0.0,0.0,0.0,0.0
297,case_d37abed5bb,G1A_llm_no_retrieval,True,10,True,abnormal,['Enlarged Cardiomediastinum'],['Enlarged Cardiomediastinum'],[],"['Atelectasis', 'Lung Opacity']",indeterminate,abnormal,0.0,0.00013510775503876876,1.6955091854211743e-05,0.021505376344086023,0.013210039630118891,2,1,0,0.0,0.0,False,2,0,0.0,1.0,2.0,1.0,1.0,0.0,1.0,2.0,1.0,1.0,0.0,1.0,2.0,1.0,1.0,0.0,0.0,0.0,0.0,0.0,0.0,0.0,0.0,0.0,0.0,0.0,1.0
297,case_d37abed5bb,G1B_llm_sham_retrieval,True,25,True,normal,[],[],[],"['Atelectasis', 'Lung Opacity']",indeterminate,abnormal,0.0,0.0628950947867914,0.0031488273921076635,0.24074074074074076,0.13783193005181346,5,0,0,0.0,0.0,False,5,1,0.0,0.0,2.0,0.0,1.0,0.0,0.0,2.0,0.0,1.0,0.0,0.0,2.0,0.0,1.0,0.0,0.0,0.0,0.0,0.0,0.0,0.0,0.0,0.0,0.0,0.0,0.0
297,case_d37abed5bb,G1_single_agent_rag,True,25,True,normal,[],[],[],"['Atelectasis', 'Lung Opacity']",indeterminate,abnormal,0.0,0.0628950947867914,0.0031488273921076635,0.24074074074074076,0.13783193005181346,5,0,0,0.0,0.0,False,5,1,0.0,0.0,2.0,0.0,1.0,0.0,0.0,2.0,0.0,1.0,0.0,0.0,2.0,0.0,1.0,0.0,0.0,0.0,0.0,0.0,0.0,0.0,0.0,0.0,0.0,0.0,0.0
298,case_5c5596e447,B0_rule_based,True,10,True,normal,[],[],[],[],normal,normal,0.0,0.08075860719786215,0.010716086058573793,0.16666666666666669,0.08196721311475409,2,1,0,0.0,0.0,False,2,0,0.0,0.0,0.0,0.0,0.0,0.0,0.0,0.0,0.0,0.0,0.0,0.0,0.0,0.0,0.0,0.0,0.0,0.0,0.0,0.0,0.0,0.0,0.0,0.0,0.0,0.0,0.0
298,case_5c5596e447,G1A_llm_no_retrieval,True,10,True,abnormal,['Enlarged Cardiomediastinum'],['Enlarged Cardiomediastinum'],[],[],normal,normal,0.0,0.020189651799465542,0.004261094784666207,0.05555555555555555,0.020491803278688523,2,1,0,0.0,0.0,False,2,0,0.0,1.0,0.0,1.0,0.0,0.0,1.0,0.0,1.0,0.0,0.0,1.0,0.0,1.0,0.0,0.0,0.0,0.0,0.0,0.0,0.0,0.0,0.0,0.0,0.0,0.0,1.0
298,case_5c5596e447,G1B_llm_sham_retrieval,True,21,True,normal,[],[],[],[],normal,normal,0.0,0.41282875739040104,0.08539727257528873,0.42553191489361697,0.31323934532490677,4,2,2,1.0,1.0,True,4,3,0.0,0.0,0.0,0.0,0.0,0.0,0.0,0.0,0.0,0.0,0.0,0.0,0.0,0.0,0.0,0.0,0.0,0.0,0.0,0.0,0.0,0.0,0.0,0.0,0.0,0.0,0.0
298,case_5c5596e447,G1_single_agent_rag,True,21,True,normal,[],[],[],[],normal,normal,0.0,0.562948305532365,0.154110605396738,0.5106382978723405,0.47224400871459693,4,1,0,0.0,0.0,False,4,1,0.0,0.0,0.0,0.0,0.0,0.0,0.0,0.0,0.0,0.0,0.0,0.0,0.0,0.0,0.0,0.0,0.0,0.0,0.0,0.0,0.0,0.0,0.0,0.0,0.0,0.0,0.0
310,case_161c5f46d0,B0_rule_based,True,10,True,normal,[],[],[],[],normal,normal,0.0,9.940673084318075e-05,7.41759579799842e-06,0.07766990291262137,0.02361275088547816,2,1,0,0.0,0.0,False,2,0,0.0,0.0,0.0,0.0,0.0,0.0,0.0,0.0,0.0,0.0,0.0,0.0,0.0,0.0,0.0,0.0,0.0,0.0,0.0,0.0,0.0,0.0,0.0,0.0,0.0,0.0,0.0
310,case_161c5f46d0,G1A_llm_no_retrieval,True,10,True,abnormal,['Enlarged Cardiomediastinum'],['Enlarged Cardiomediastinum'],[],[],normal,normal,0.0,9.940673084318075e-05,1.3190557879571826e-05,0.05825242718446601,0.02361275088547816,2,1,0,0.0,0.0,False,2,0,0.0,1.0,0.0,1.0,0.0,0.0,1.0,0.0,1.0,0.0,0.0,1.0,0.0,1.0,0.0,0.0,0.0,0.0,0.0,0.0,0.0,0.0,0.0,0.0,0.0,0.0,1.0
310,case_161c5f46d0,G1B_llm_sham_retrieval,True,110,True,abnormal,"['Atelectasis', 'Lung Lesion']","['Atelectasis', 'Lung Lesion']",[],[],normal,normal,0.0,0.2909090909090909,0.0551309928013933,0.23645320197044334,0.24728583685322067,13,9,9,1.0,1.0,True,13,6,0.0,2.0,0.0,1.0,0.0,0.0,2.0,0.0,1.0,0.0,0.0,2.0,0.0,1.0,0.0,0.0,0.0,0.0,0.0,0.0,0.0,0.0,0.0,0.0,2.0,0.0,0.0
310,case_161c5f46d0,G1_single_agent_rag,True,21,True,normal,[],[],[],[],normal,normal,0.0,0.016988840468702412,0.0009594440853876362,0.15789473684210525,0.0641025641025641,4,1,0,0.0,0.0,False,4,1,0.0,0.0,0.0,0.0,0.0,0.0,0.0,0.0,0.0,0.0,0.0,0.0,0.0,0.0,0.0,0.0,0.0,0.0,0.0,0.0,0.0,0.0,0.0,0.0,0.0,0.0,0.0
316,case_7da4280682,B0_rule_based,False,10,True,normal,[],[],[],,normal,,0.0,0.008187307530779822,0.009717028343213066,0.0,0.0,2,1,0,0.0,0.0,False,2,0,,,,,,,,,,,,,,,,,,,,,,,,,,,
316,case_7da4280682,G1A_llm_no_retrieval,False,10,True,abnormal,['Enlarged Cardiomediastinum'],['Enlarged Cardiomediastinum'],[],,normal,,0.0,0.008187307530779822,0.009717028343213066,0.0,0.0,2,1,0,0.0,0.0,False,2,0,,,,,,,,,,,,,,,,,,,,,,,,,,,
316,case_7da4280682,G1B_llm_sham_retrieval,False,28,True,normal,[],[],[],,normal,,0.0,0.14285714285714285,0.035720185757984545,0.2,0.2757352941176471,4,3,0,0.0,0.047619047619047616,False,4,0,,,,,,,,,,,,,,,,,,,,,,,,,,,
316,case_7da4280682,G1_single_agent_rag,False,21,True,normal,[],[],[],,normal,,0.0,0.2857142857142857,0.030232667130855925,0.18181818181818182,0.39621016365202416,4,1,0,0.0,0.0,False,4,1,,,,,,,,,,,,,,,,,,,,,,,,,,,
317,case_c0bb405ef9,B0_rule_based,True,4,True,abnormal,['Fracture'],['Fracture'],['Fracture'],[],abnormal,normal,0.0,0.0004578909722183545,0.00082750239986273,0.0,0.0,2,0,0,0.0,0.0,False,2,0,0.0,1.0,0.0,1.0,0.0,0.0,1.0,0.0,1.0,0.0,0.0,1.0,0.0,1.0,0.0,1.0,1.0,0.0,0.0,1.0,1.0,0.0,0.0,0.0,0.0,1.0,0.0
317,case_c0bb405ef9,G1A_llm_no_retrieval,True,5,True,abnormal,['Fracture'],['Fracture'],['Fracture'],[],abnormal,normal,0.0,0.000995741367357279,0.001504254234731835,0.0,0.0,2,0,0,0.0,0.0,False,2,0,0.0,1.0,0.0,1.0,0.0,0.0,1.0,0.0,1.0,0.0,0.0,1.0,0.0,1.0,0.0,1.0,1.0,0.0,0.0,1.0,1.0,0.0,0.0,0.0,0.0,1.0,0.0
317,case_c0bb405ef9,G1B_llm_sham_retrieval,True,8,True,abnormal,['Fracture'],['Fracture'],['Fracture'],[],abnormal,normal,0.5,0.002789127001855374,0.003485226092095462,0.0,0.0,2,0,0,0.0,0.0,False,2,0,0.0,1.0,0.0,1.0,0.0,0.0,1.0,0.0,1.0,0.0,0.0,1.0,0.0,1.0,0.0,1.0,1.0,0.0,0.0,1.0,1.0,0.0,0.0,1.0,0.0,0.0,0.0
317,case_c0bb405ef9,G1_single_agent_rag,True,33,True,normal,[],[],['Fracture'],[],abnormal,normal,0.0,0.3333333333333333,0.13539161487207824,0.339622641509434,0.41710316998409186,4,2,2,1.0,0.6538461538461539,True,4,0,0.0,0.0,0.0,0.0,0.0,0.0,0.0,0.0,0.0,0.0,0.0,0.0,0.0,0.0,0.0,1.0,0.0,0.0,0.0,1.0,0.0,0.0,0.0,0.0,0.0,0.0,0.0
325,case_a732dc61e5,B0_rule_based,True,10,True,normal,[],[],[],[],normal,normal,0.0,0.04493289641172216,0.009483240843460443,0.07142857142857142,0.029069767441860465,2,1,0,0.0,0.0,False,2,0,0.0,0.0,0.0,0.0,0.0,0.0,0.0,0.0,0.0,0.0,0.0,0.0,0.0,0.0,0.0,0.0,0.0,0.0,0.0,0.0,0.0,0.0,0.0,0.0,0.0,0.0,0.0
325,case_a732dc61e5,G1A_llm_no_retrieval,True,10,True,abnormal,['Enlarged Cardiomediastinum'],['Enlarged Cardiomediastinum'],[],[],normal,normal,0.0,0.004493289641172217,0.005332818223010789,0.0,0.0,2,1,0,0.0,0.0,False,2,0,0.0,1.0,0.0,1.0,0.0,0.0,1.0,0.0,1.0,0.0,0.0,1.0,0.0,1.0,0.0,0.0,0.0,0.0,0.0,0.0,0.0,0.0,0.0,0.0,0.0,0.0,1.0
325,case_a732dc61e5,G1B_llm_sham_retrieval,True,22,True,normal,[],[],[],[],normal,normal,0.0,0.3181818181818182,0.05314049749131566,0.25,0.31111357586512867,3,2,0,0.0,0.0,False,3,0,0.0,0.0,0.0,0.0,0.0,0.0,0.0,0.0,0.0,0.0,0.0,0.0,0.0,0.0,0.0,0.0,0.0,0.0,0.0,0.0,0.0,0.0,0.0,0.0,0.0,0.0,0.0
325,case_a732dc61e5,G1_single_agent_rag,True,21,True,normal,[],[],[],[],normal,normal,0.0,0.42857142857142855,0.02813466693559086,0.25641025641025644,0.319098697969372,4,1,0,0.0,0.0,False,4,1,0.0,0.0,0.0,0.0,0.0,0.0,0.0,0.0,0.0,0.0,0.0,0.0,0.0,0.0,0.0,0.0,0.0,0.0,0.0,0.0,0.0,0.0,0.0,0.0,0.0,0.0,0.0
332,case_5ba30aa31d,B0_rule_based,True,10,True,normal,[],[],[],['Lung Opacity'],normal,abnormal,0.0,0.004474154371233121,0.000561475529753365,0.06896551724137931,0.022624434389140267,2,1,0,0.0,0.0,False,2,0,0.0,0.0,1.0,0.0,1.0,0.0,0.0,1.0,0.0,1.0,0.0,0.0,2.0,0.0,1.0,0.0,0.0,0.0,0.0,0.0,0.0,0.0,0.0,0.0,0.0,0.0,0.0
332,case_5ba30aa31d,G1A_llm_no_retrieval,True,10,True,abnormal,['Enlarged Cardiomediastinum'],['Enlarged Cardiomediastinum'],[],['Lung Opacity'],normal,abnormal,0.0,0.004474154371233121,0.000561475529753365,0.06896551724137931,0.022624434389140267,2,1,0,0.0,0.0,False,2,0,0.0,1.0,1.0,1.0,1.0,0.0,1.0,1.0,1.0,1.0,0.0,1.0,2.0,1.0,1.0,0.0,0.0,0.0,0.0,0.0,0.0,0.0,0.0,0.0,0.0,0.0,1.0
332,case_5ba30aa31d,G1B_llm_sham_retrieval,True,25,True,normal,[],[],[],['Lung Opacity'],normal,abnormal,0.0,0.17534837807718626,0.01286773533818934,0.2191780821917808,0.17478344213971822,4,2,2,1.0,0.5555555555555556,True,4,1,0.0,0.0,1.0,0.0,1.0,0.0,0.0,1.0,0.0,1.0,0.0,0.0,2.0,0.0,1.0,0.0,0.0,0.0,0.0,0.0,0.0,0.0,0.0,0.0,0.0,0.0,0.0
332,case_5ba30aa31d,G1_single_agent_rag,True,22,True,normal,[],[],[],['Lung Opacity'],normal,abnormal,0.0,0.08365106115724276,0.015683096094106917,0.14285714285714288,0.11257953989231523,4,2,2,1.0,1.0,True,4,1,0.0,0.0,1.0,0.0,1.0,0.0,0.0,1.0,0.0,1.0,0.0,0.0,2.0,0.0,1.0,0.0,0.0,0.0,0.0,0.0,0.0,0.0,0.0,0.0,0.0,0.0,0.0
335,case_2500d82e89,B0_rule_based,True,18,True,abnormal,['Support Devices'],['Support Devices'],['Support Devices'],['Support Devices'],abnormal,abnormal,0.0,0.06217545680876984,0.010564338096148209,0.14492753623188406,0.1005433619988876,4,1,0,0.0,0.0,False,4,0,1.0,0.0,0.0,0.0,0.0,1.0,0.0,0.0,0.0,0.0,1.0,0.0,0.0,0.0,0.0,0.0,0.0,1.0,1.0,0.0,0.0,1.0,1.0,0.0,0.0,1.0,0.0
335,case_2500d82e89,G1A_llm_no_retrieval,True,11,True,abnormal,"['Enlarged Cardiomediastinum', 'Support Devices']","['Enlarged Cardiomediastinum', 'Support Devices']",['Support Devices'],['Support Devices'],abnormal,abnormal,0.0,0.004790541966263404,0.0005906409338274217,0.06451612903225806,0.021276595744680854,2,1,0,0.0,0.0,False,2,0,1.0,1.0,0.0,1.0,0.0,1.0,1.0,0.0,1.0,0.0,1.0,1.0,0.0,1.0,0.0,0.0,0.0,1.0,1.0,0.0,0.0,1.0,1.0,0.0,0.0,1.0,1.0
335,case_2500d82e89,G1B_llm_sham_retrieval,True,22,True,normal,[],[],['Support Devices'],['Support Devices'],abnormal,abnormal,0.0,0.19463377769349682,0.027367796025219906,0.3287671232876712,0.2624740124740125,4,2,1,0.5,0.0,False,4,1,0.0,0.0,1.0,0.0,1.0,0.0,0.0,1.0,0.0,1.0,0.0,0.0,1.0,0.0,1.0,0.0,0.0,1.0,0.0,0.0,0.0,1.0,0.0,0.0,0.0,0.0,0.0
335,case_2500d82e89,G1_single_agent_rag,True,27,True,normal,[],[],['Support Devices'],['Support Devices'],abnormal,abnormal,0.0,0.1979429546886458,0.05449092847945706,0.3333333333333333,0.2231110137093043,4,2,0,0.0,0.15,False,4,3,0.0,0.0,1.0,0.0,1.0,0.0,0.0,1.0,0.0,1.0,0.0,0.0,1.0,0.0,1.0,0.0,0.0,1.0,0.0,0.0,0.0,1.0,0.0,0.0,0.0,0.0,0.0
337,case_145511c094,B0_rule_based,True,12,True,indeterminate,[],[],[],['Lung Opacity'],indeterminate,abnormal,0.0,0.013680833103983134,0.0016627125851623222,0.037037037037037035,0.02564102564102564,2,1,0,0.0,0.0,False,2,2,0.0,0.0,1.0,0.0,1.0,0.0,0.0,1.0,0.0,1.0,0.0,0.0,1.0,0.0,1.0,0.0,0.0,0.0,0.0,0.0,0.0,0.0,0.0,0.0,0.0,0.0,0.0
337,case_145511c094,G1A_llm_no_retrieval,True,15,True,normal,[],[],[],['Lung Opacity'],indeterminate,abnormal,0.0,0.05509962940719552,0.003267205566873018,0.14035087719298245,0.06361323155216285,2,1,0,0.0,0.0,False,2,1,0.0,0.0,1.0,0.0,1.0,0.0,0.0,1.0,0.0,1.0,0.0,0.0,1.0,0.0,1.0,0.0,0.0,0.0,0.0,0.0,0.0,0.0,0.0,0.0,0.0,0.0,0.0
337,case_145511c094,G1B_llm_sham_retrieval,True,25,True,normal,[],[],[],['Lung Opacity'],indeterminate,abnormal,0.0,0.18238211725161227,0.014057964321959432,0.1791044776119403,0.14490089758906965,5,0,0,0.0,0.0,False,5,1,0.0,0.0,1.0,0.0,1.0,0.0,0.0,1.0,0.0,1.0,0.0,0.0,1.0,0.0,1.0,0.0,0.0,0.0,0.0,0.0,0.0,0.0,0.0,0.0,0.0,0.0,0.0
337,case_145511c094,G1_single_agent_rag,True,25,True,normal,[],[],[],['Lung Opacity'],indeterminate,abnormal,0.0,0.18238211725161227,0.014057964321959432,0.1791044776119403,0.14490089758906965,5,0,0,0.0,0.0,False,5,1,0.0,0.0,1.0,0.0,1.0,0.0,0.0,1.0,0.0,1.0,0.0,0.0,1.0,0.0,1.0,0.0,0.0,0.0,0.0,0.0,0.0,0.0,0.0,0.0,0.0,0.0,0.0
338,case_2c8e8811d5,B0_rule_based,True,10,True,normal,[],[],[],[],normal,normal,0.0,0.0410424993119494,0.009742180261122526,0.22222222222222224,0.11446153846153845,2,1,0,0.0,0.0,False,2,0,0.0,0.0,0.0,0.0,0.0,0.0,0.0,0.0,0.0,0.0,0.0,0.0,0.0,0.0,0.0,0.0,0.0,0.0,0.0,0.0,0.0,0.0,0.0,0.0,0.0,0.0,0.0
338,case_2c8e8811d5,G1A_llm_no_retrieval,True,10,True,abnormal,['Enlarged Cardiomediastinum'],['Enlarged Cardiomediastinum'],[],[],normal,normal,0.0,0.008208499862389881,0.0017324318567241814,0.04444444444444444,0.015384615384615384,2,1,0,0.0,0.0,False,2,0,0.0,1.0,0.0,1.0,0.0,0.0,1.0,0.0,1.0,0.0,0.0,1.0,0.0,1.0,0.0,0.0,0.0,0.0,0.0,0.0,0.0,0.0,0.0,0.0,0.0,0.0,1.0
338,case_2c8e8811d5,G1B_llm_sham_retrieval,True,16,True,normal,[],[],[],[],normal,normal,0.0,0.13342996131108845,0.022947567406581965,0.23529411764705876,0.14489179357543625,4,0,0,0.0,0.0,False,4,2,0.0,0.0,0.0,0.0,0.0,0.0,0.0,0.0,0.0,0.0,0.0,0.0,0.0,0.0,0.0,0.0,0.0,0.0,0.0,0.0,0.0,0.0,0.0,0.0,0.0,0.0,0.0
338,case_2c8e8811d5,G1_single_agent_rag,True,21,True,normal,[],[],[],[],normal,normal,0.0,0.29338121087576685,0.018458835805967983,0.25,0.1785714285714286,4,1,0,0.0,0.0,False,4,1,0.0,0.0,0.0,0.0,0.0,0.0,0.0,0.0,0.0,0.0,0.0,0.0,0.0,0.0,0.0,0.0,0.0,0.0,0.0,0.0,0.0,0.0,0.0,0.0,0.0,0.0,0.0
368,case_7d12ec6d3f,B0_rule_based,True,10,True,normal,[],[],[],[],normal,normal,0.0,0.11156508007421491,0.02930714127191787,0.28571428571428575,0.10638297872340426,2,1,0,0.0,0.0,False,2,0,0.0,0.0,0.0,0.0,0.0,0.0,0.0,0.0,0.0,0.0,0.0,0.0,0.0,0.0,0.0,0.0,0.0,0.0,0.0,0.0,0.0,0.0,0.0,0.0,0.0,0.0,0.0
368,case_7d12ec6d3f,G1A_llm_no_retrieval,True,10,True,abnormal,['Enlarged Cardiomediastinum'],['Enlarged Cardiomediastinum'],[],[],normal,normal,0.0,0.044626032029685965,0.009958825942194728,0.11428571428571428,0.07978723404255318,2,1,0,0.0,0.0,False,2,0,0.0,1.0,0.0,1.0,0.0,0.0,1.0,0.0,1.0,0.0,0.0,1.0,0.0,1.0,0.0,0.0,0.0,0.0,0.0,0.0,0.0,0.0,0.0,0.0,0.0,0.0,1.0
368,case_7d12ec6d3f,G1B_llm_sham_retrieval,True,36,True,abnormal,['Atelectasis'],['Atelectasis'],[],[],normal,normal,0.0,0.4444444444444444,0.058001489313460886,0.36065573770491804,0.48371647509578547,8,3,3,1.0,0.7586206896551724,True,8,3,0.0,1.0,0.0,1.0,0.0,0.0,1.0,0.0,1.0,0.0,0.0,1.0,0.0,1.0,0.0,0.0,0.0,0.0,0.0,0.0,0.0,0.0,0.0,0.0,1.0,0.0,0.0
368,case_7d12ec6d3f,G1_single_agent_rag,True,22,True,normal,[],[],[],[],normal,normal,0.0,0.43626264643471185,0.0652773182920853,0.29787234042553196,0.3233847492220697,4,2,2,1.0,1.0,True,4,1,0.0,0.0,0.0,0.0,0.0,0.0,0.0,0.0,0.0,0.0,0.0,0.0,0.0,0.0,0.0,0.0,0.0,0.0,0.0,0.0,0.0,0.0,0.0,0.0,0.0,0.0,0.0
373,case_4eb99eddc8,B0_rule_based,True,10,True,normal,[],[],[],[],normal,normal,0.0,0.07408182206817181,0.015635220893785457,0.08695652173913043,0.03937007874015748,2,1,0,0.0,0.0,False,2,0,0.0,0.0,0.0,0.0,0.0,0.0,0.0,0.0,0.0,0.0,0.0,0.0,0.0,0.0,0.0,0.0,0.0,0.0,0.0,0.0,0.0,0.0,0.0,0.0,0.0,0.0,0.0
373,case_4eb99eddc8,G1A_llm_no_retrieval,True,10,True,abnormal,['Enlarged Cardiomediastinum'],['Enlarged Cardiomediastinum'],[],[],normal,normal,0.0,0.007408182206817182,0.008792330837055148,0.0,0.0,2,1,0,0.0,0.0,False,2,0,0.0,1.0,0.0,1.0,0.0,0.0,1.0,0.0,1.0,0.0,0.0,1.0,0.0,1.0,0.0,0.0,0.0,0.0,0.0,0.0,0.0,0.0,0.0,0.0,0.0,0.0,1.0
373,case_4eb99eddc8,G1B_llm_sham_retrieval,True,22,True,normal,[],[],[],[],normal,normal,0.0,0.22727272727272727,0.048853266442119264,0.2285714285714286,0.320863309352518,4,2,0,0.0,0.0,False,4,1,0.0,0.0,0.0,0.0,0.0,0.0,0.0,0.0,0.0,0.0,0.0,0.0,0.0,0.0,0.0,0.0,0.0,0.0,0.0,0.0,0.0,0.0,0.0,0.0,0.0,0.0,0.0
373,case_4eb99eddc8,G1_single_agent_rag,True,22,True,normal,[],[],[],[],normal,normal,0.0,0.2727272727272727,0.013596634387289898,0.3428571428571428,0.2158273381294964,4,2,2,1.0,1.0,True,4,1,0.0,0.0,0.0,0.0,0.0,0.0,0.0,0.0,0.0,0.0,0.0,0.0,0.0,0.0,0.0,0.0,0.0,0.0,0.0,0.0,0.0,0.0,0.0,0.0,0.0,0.0,0.0
376,case_e2973213f7,B0_rule_based,False,10,True,normal,[],[],[],,normal,,0.0,0.020161653821924926,0.001866713113764509,0.12765957446808512,0.04373177842565598,2,1,0,0.0,0.0,False,2,0,,,,,,,,,,,,,,,,,,,,,,,,,,,
376,case_e2973213f7,G1A_llm_no_retrieval,False,10,True,abnormal,['Enlarged Cardiomediastinum'],['Enlarged Cardiomediastinum'],[],,normal,,0.0,0.006720551273974977,0.001418395238712075,0.0425531914893617,0.014577259475218658,2,1,0,0.0,0.0,False,2,0,,,,,,,,,,,,,,,,,,,,,,,,,,,
376,case_e2973213f7,G1B_llm_sham_retrieval,False,25,True,normal,[],[],[],,normal,,0.0,0.4455240421004214,0.27395238431609803,0.5161290322580645,0.48800779364094077,4,2,0,0.0,0.0,False,4,1,,,,,,,,,,,,,,,,,,,,,,,,,,,
376,case_e2973213f7,G1_single_agent_rag,False,22,True,normal,[],[],[],,normal,,0.0,0.3218069956420279,0.13516390653336458,0.3728813559322034,0.32250646737568267,4,2,2,1.0,1.0,True,4,1,,,,,,,,,,,,,,,,,,,,,,,,,,,
382,case_29bb897ee9,B0_rule_based,True,21,True,abnormal,"['Lung Lesion', 'Lung Opacity', 'Pneumothorax']","['Lung Lesion', 'Lung Opacity', 'Pneumothorax']","['Lung Lesion', 'Lung Opacity', 'Pneumothorax']",['Lung Opacity'],abnormal,abnormal,0.0,0.005030542828853164,0.0002885943292849427,0.08130081300813008,0.02662406815761448,4,2,0,0.0,0.0,False,4,0,1.0,2.0,0.0,1.0,0.0,1.0,2.0,0.0,1.0,0.0,1.0,2.0,0.0,1.0,0.0,2.0,2.0,1.0,1.0,2.0,2.0,1.0,1.0,2.0,0.0,1.0,0.0
382,case_29bb897ee9,G1A_llm_no_retrieval,True,22,True,abnormal,['Lung Opacity'],['Lung Opacity'],"['Lung Lesion', 'Lung Opacity', 'Pneumothorax']",['Lung Opacity'],abnormal,abnormal,0.5,0.005988177457829255,0.0003422815157777514,0.04838709677419355,0.026595744680851064,2,2,0,0.0,0.0,False,2,0,1.0,0.0,0.0,0.0,0.0,1.0,0.0,0.0,0.0,0.0,1.0,0.0,0.0,0.0,0.0,2.0,0.0,1.0,1.0,2.0,0.0,1.0,1.0,0.0,0.0,1.0,0.0
382,case_29bb897ee9,G1B_llm_sham_retrieval,True,30,True,normal,[],[],"['Lung Lesion', 'Lung Opacity', 'Pneumothorax']",['Lung Opacity'],abnormal,abnormal,0.0,0.051406840197333756,0.012729695829772764,0.16666666666666666,0.1477888251354153,4,3,3,1.0,1.0,True,4,1,0.0,0.0,1.0,0.0,1.0,0.0,0.0,1.0,0.0,1.0,0.0,0.0,1.0,0.0,1.0,2.0,0.0,1.0,0.0,2.0,0.0,1.0,0.0,0.0,0.0,0.0,0.0
382,case_29bb897ee9,G1_single_agent_rag,True,30,True,abnormal,"['Lung Opacity', 'Pleural Effusion']","['Lung Opacity', 'Pleural Effusion']","['Lung Lesion', 'Lung Opacity', 'Pneumothorax']",['Lung Opacity'],abnormal,abnormal,0.0,0.027215385986823753,0.0017447917889152256,0.0909090909090909,0.047468354430379736,9,1,1,1.0,1.0,True,9,4,1.0,1.0,0.0,1.0,0.0,1.0,1.0,0.0,1.0,0.0,1.0,1.0,0.0,1.0,0.0,2.0,0.0,1.0,1.0,2.0,0.0,1.0,1.0,0.0,1.0,1.0,0.0
383,case_4a7437f22f,B0_rule_based,False,10,True,normal,[],[],[],,normal,,0.0,0.0986387855766426,0.027679139722781982,0.23529411764705882,0.13965707964601767,2,1,0,0.0,0.0,False,2,0,,,,,,,,,,,,,,,,,,,,,,,,,,,
383,case_4a7437f22f,G1A_llm_no_retrieval,False,10,True,abnormal,['Enlarged Cardiomediastinum'],['Enlarged Cardiomediastinum'],[],,normal,,0.0,0.024659696394160654,0.005204512922773221,0.058823529411764705,0.02212389380530973,2,1,0,0.0,0.0,False,2,0,,,,,,,,,,,,,,,,,,,,,,,,,,,
383,case_4a7437f22f,G1B_llm_sham_retrieval,False,23,True,normal,[],[],[],,normal,,0.0,0.4162840730732091,0.05868782208785471,0.3829787234042554,0.3112970711297071,5,1,1,1.0,0.25,True,5,0,,,,,,,,,,,,,,,,,,,,,,,,,,,
383,case_4a7437f22f,G1_single_agent_rag,False,21,True,normal,[],[],[],,normal,,0.0,0.3302391999048311,0.02816236207011613,0.22222222222222224,0.2244857594936709,4,1,0,0.0,0.0,False,4,1,,,,,,,,,,,,,,,,,,,,,,,,,,,
388,case_aa7e873cab,B0_rule_based,True,12,True,indeterminate,[],[],[],['Cardiomegaly'],indeterminate,abnormal,0.0,0.022304629352315027,0.002000005571903481,0.07547169811320753,0.03937007874015747,2,1,0,0.0,0.0,False,2,2,0.0,0.0,1.0,0.0,1.0,0.0,0.0,1.0,0.0,1.0,0.0,0.0,1.0,0.0,1.0,0.0,0.0,0.0,0.0,0.0,0.0,0.0,0.0,0.0,0.0,0.0,0.0
388,case_aa7e873cab,G1A_llm_no_retrieval,True,15,True,normal,[],[],[],['Cardiomegaly'],indeterminate,abnormal,0.0,0.058898148585532245,0.006210540894826634,0.10714285714285712,0.096875,2,1,0,0.0,0.0,False,2,1,0.0,0.0,1.0,0.0,1.0,0.0,0.0,1.0,0.0,1.0,0.0,0.0,1.0,0.0,1.0,0.0,0.0,0.0,0.0,0.0,0.0,0.0,0.0,0.0,0.0,0.0,0.0
388,case_aa7e873cab,G1B_llm_sham_retrieval,True,25,True,normal,[],[],[],['Cardiomegaly'],indeterminate,abnormal,0.0,0.21091696961721948,0.02956353777344822,0.27272727272727276,0.18883248730964466,5,0,0,0.0,0.0,False,5,1,0.0,0.0,1.0,0.0,1.0,0.0,0.0,1.0,0.0,1.0,0.0,0.0,1.0,0.0,1.0,0.0,0.0,0.0,0.0,0.0,0.0,0.0,0.0,0.0,0.0,0.0,0.0
388,case_aa7e873cab,G1_single_agent_rag,True,25,True,normal,[],[],[],['Cardiomegaly'],indeterminate,abnormal,0.0,0.21091696961721948,0.02956353777344822,0.27272727272727276,0.18883248730964466,5,0,0,0.0,0.0,False,5,1,0.0,0.0,1.0,0.0,1.0,0.0,0.0,1.0,0.0,1.0,0.0,0.0,1.0,0.0,1.0,0.0,0.0,0.0,0.0,0.0,0.0,0.0,0.0,0.0,0.0,0.0,0.0
392,case_5235ba3a4d,B0_rule_based,True,6,True,abnormal,['Support Devices'],['Support Devices'],['Support Devices'],['Support Devices'],abnormal,abnormal,0.0,0.00015672604252492013,0.00021588217882103763,0.0,0.0,2,0,0,0.0,0.0,False,2,0,1.0,0.0,0.0,0.0,0.0,1.0,0.0,0.0,0.0,0.0,1.0,0.0,0.0,0.0,0.0,0.0,0.0,1.0,1.0,0.0,0.0,1.0,1.0,0.0,0.0,1.0,0.0
392,case_5235ba3a4d,G1A_llm_no_retrieval,True,11,True,abnormal,"['Enlarged Cardiomediastinum', 'Support Devices']","['Enlarged Cardiomediastinum', 'Support Devices']",['Support Devices'],['Support Devices'],abnormal,abnormal,0.0,0.0011234067641964906,0.001309931012846171,0.0,0.0,2,1,0,0.0,0.0,False,2,0,1.0,1.0,0.0,1.0,0.0,1.0,1.0,0.0,1.0,0.0,1.0,1.0,0.0,1.0,0.0,0.0,0.0,1.0,1.0,0.0,0.0,1.0,1.0,0.0,0.0,1.0,1.0
392,case_5235ba3a4d,G1B_llm_sham_retrieval,True,4,True,abnormal,['Support Devices'],['Support Devices'],['Support Devices'],['Support Devices'],abnormal,abnormal,0.5,1.382710925369584e-05,2.4988407251543583e-05,0.0,0.0,2,0,0,0.0,0.0,False,2,0,1.0,0.0,0.0,0.0,0.0,1.0,0.0,0.0,0.0,0.0,1.0,0.0,0.0,0.0,0.0,0.0,0.0,1.0,1.0,0.0,0.0,1.0,1.0,1.0,0.0,0.0,0.0
392,case_5235ba3a4d,G1_single_agent_rag,True,27,True,normal,[],[],['Support Devices'],['Support Devices'],abnormal,abnormal,0.0,0.2286290212490106,0.03406536442925769,0.13114754098360654,0.12012012012012012,4,2,0,0.0,0.15,False,4,3,0.0,0.0,1.0,0.0,1.0,0.0,0.0,1.0,0.0,1.0,0.0,0.0,1.0,0.0,1.0,0.0,0.0,1.0,0.0,0.0,0.0,1.0,0.0,0.0,0.0,0.0,0.0
399,case_aa421cf014,B0_rule_based,False,10,True,normal,[],[],[],,normal,,0.0,0.020161653821924926,0.001866713113764509,0.12765957446808512,0.04373177842565598,2,1,0,0.0,0.0,False,2,0,,,,,,,,,,,,,,,,,,,,,,,,,,,
399,case_aa421cf014,G1A_llm_no_retrieval,False,26,True,normal,[],[],[],,normal,,0.0,0.3527075162077242,0.1231307207943541,0.41269841269841273,0.35358990392814504,5,1,0,0.0,0.0,False,5,1,,,,,,,,,,,,,,,,,,,,,,,,,,,
399,case_aa421cf014,G1B_llm_sham_retrieval,False,27,True,normal,[],[],[],,normal,,0.0,0.43474575400410576,0.252059749738336,0.46875,0.43718762014609774,5,2,1,0.5,0.0,False,5,1,,,,,,,,,,,,,,,,,,,,,,,,,,,
399,case_aa421cf014,G1_single_agent_rag,False,21,True,normal,[],[],[],,normal,,0.0,0.288956869593898,0.01894768991787784,0.20689655172413793,0.283655935546418,4,1,0,0.0,0.0,False,4,1,,,,,,,,,,,,,,,,,,,,,,,,,,,
400,case_bbb71a1fb6,B0_rule_based,False,10,True,normal,[],[],[],,normal,,0.0,0.03982965469429116,0.015553181121654934,0.27999999999999997,0.14379222972972974,2,1,0,0.0,0.0,False,2,0,,,,,,,,,,,,,,,,,,,,,,,,,,,
400,case_bbb71a1fb6,G1A_llm_no_retrieval,False,10,True,abnormal,['Enlarged Cardiomediastinum'],['Enlarged Cardiomediastinum'],[],,normal,,0.0,0.00995741367357279,0.0012495867718131037,0.08000000000000002,0.02702702702702703,2,1,0,0.0,0.0,False,2,0,,,,,,,,,,,,,,,,,,,,,,,,,,,
400,case_bbb71a1fb6,G1B_llm_sham_retrieval,False,35,True,abnormal,"['Atelectasis', 'Lung Opacity']","['Atelectasis', 'Lung Opacity']",[],,normal,,0.0,0.24767939992862334,0.03407497335732947,0.21333333333333332,0.16088607594936705,6,4,0,0.0,0.0,False,6,1,,,,,,,,,,,,,,,,,,,,,,,,,,,
400,case_bbb71a1fb6,G1_single_agent_rag,False,21,True,normal,[],[],[],,normal,,0.0,0.19268486479380414,0.015382550938021483,0.2950819672131147,0.1952755905511811,4,1,0,0.0,0.0,False,4,1,,,,,,,,,,,,,,,,,,,,,,,,,,,
404,case_73a495f795,B0_rule_based,False,10,True,normal,[],[],[],,normal,,0.0,0.004048382289160876,0.000508044068632407,0.06779661016949151,0.02217294900221729,2,1,0,0.0,0.0,False,2,0,,,,,,,,,,,,,,,,,,,,,,,,,,,
404,case_73a495f795,G1A_llm_no_retrieval,False,10,True,abnormal,['Enlarged Cardiomediastinum'],['Enlarged Cardiomediastinum'],[],,normal,,0.0,0.004048382289160876,0.000508044068632407,0.06779661016949151,0.02217294900221729,2,1,0,0.0,0.0,False,2,0,,,,,,,,,,,,,,,,,,,,,,,,,,,
404,case_73a495f795,G1B_llm_sham_retrieval,False,21,True,normal,[],[],[],,normal,,0.0,0.07531346803306477,0.00670130916033141,0.11428571428571428,0.06493506493506493,4,2,2,1.0,1.0,True,4,3,,,,,,,,,,,,,,,,,,,,,,,,,,,
404,case_73a495f795,G1_single_agent_rag,False,21,True,normal,[],[],[],,normal,,0.0,0.1004179573774197,0.007201025327545798,0.1714285714285714,0.11515827922077922,4,1,0,0.0,0.0,False,4,1,,,,,,,,,,,,,,,,,,,,,,,,,,,
406,case_c637497cf6,B0_rule_based,True,10,True,normal,[],[],[],['Lung Lesion'],normal,abnormal,0.0,0.07478430961131753,0.041544464364365305,0.25641025641025644,0.16457564575645758,2,1,0,0.0,0.0,False,2,0,0.0,0.0,1.0,0.0,1.0,0.0,0.0,1.0,0.0,1.0,0.0,0.0,1.0,0.0,1.0,0.0,0.0,0.0,0.0,0.0,0.0,0.0,0.0,0.0,0.0,0.0,0.0
406,case_c637497cf6,G1A_llm_no_retrieval,True,10,True,abnormal,['Enlarged Cardiomediastinum'],['Enlarged Cardiomediastinum'],[],['Lung Lesion'],normal,abnormal,0.0,0.0014956861922263511,0.0017751409810584685,0.0,0.0,2,1,0,0.0,0.0,False,2,0,0.0,1.0,1.0,1.0,1.0,0.0,1.0,1.0,1.0,1.0,0.0,1.0,1.0,1.0,1.0,0.0,0.0,0.0,0.0,0.0,0.0,0.0,0.0,0.0,0.0,0.0,1.0
406,case_c637497cf6,G1B_llm_sham_retrieval,True,23,True,normal,[],[],[],['Lung Lesion'],normal,abnormal,0.0,0.3349484337357156,0.060343199330474454,0.3076923076923077,0.3140845070422535,3,2,0,0.0,0.0,False,3,0,0.0,0.0,1.0,0.0,1.0,0.0,0.0,1.0,0.0,1.0,0.0,0.0,1.0,0.0,1.0,0.0,0.0,0.0,0.0,0.0,0.0,0.0,0.0,0.0,0.0,0.0,0.0
406,case_c637497cf6,G1_single_agent_rag,True,21,True,normal,[],[],[],['Lung Lesion'],normal,abnormal,0.0,0.22773680755831607,0.023756937637533955,0.24000000000000002,0.17006802721088435,4,1,0,0.0,0.0,False,4,1,0.0,0.0,1.0,0.0,1.0,0.0,0.0,1.0,0.0,1.0,0.0,0.0,1.0,0.0,1.0,0.0,0.0,0.0,0.0,0.0,0.0,0.0,0.0,0.0,0.0,0.0,0.0
407,case_6fe716a062,B0_rule_based,True,18,True,abnormal,['Support Devices'],['Support Devices'],['Support Devices'],[],abnormal,normal,0.0,0.05555555555555554,0.010802314890908065,0.05555555555555555,0.027777777777777776,4,1,0,0.0,0.0,False,4,0,0.0,1.0,0.0,1.0,0.0,0.0,1.0,0.0,1.0,0.0,0.0,1.0,0.0,1.0,0.0,1.0,1.0,0.0,0.0,1.0,1.0,0.0,0.0,0.0,0.0,1.0,0.0
407,case_6fe716a062,G1A_llm_no_retrieval,True,11,True,abnormal,"['Enlarged Cardiomediastinum', 'Support Devices']","['Enlarged Cardiomediastinum', 'Support Devices']",['Support Devices'],[],abnormal,normal,0.0,0.004811030377273187,0.005609827264519553,0.0,0.0,2,1,0,0.0,0.0,False,2,0,0.0,2.0,0.0,1.0,0.0,0.0,2.0,0.0,1.0,0.0,0.0,2.0,0.0,1.0,0.0,1.0,1.0,0.0,0.0,1.0,1.0,0.0,0.0,0.0,0.0,1.0,1.0
407,case_6fe716a062,G1B_llm_sham_retrieval,True,22,True,normal,[],[],['Support Devices'],[],abnormal,normal,0.0,0.3181818181818182,0.12436722085116984,0.25,0.34494232475598935,4,2,0,0.0,0.0,False,4,1,0.0,0.0,0.0,0.0,0.0,0.0,0.0,0.0,0.0,0.0,0.0,0.0,0.0,0.0,0.0,1.0,0.0,0.0,0.0,1.0,0.0,0.0,0.0,0.0,0.0,0.0,0.0
407,case_6fe716a062,G1_single_agent_rag,True,27,True,normal,[],[],['Support Devices'],[],abnormal,normal,0.0,0.25925925925925924,0.04269823452354303,0.17777777777777776,0.1851851851851852,4,2,0,0.0,0.15,False,4,3,0.0,0.0,0.0,0.0,0.0,0.0,0.0,0.0,0.0,0.0,0.0,0.0,0.0,0.0,0.0,1.0,0.0,0.0,0.0,1.0,0.0,0.0,0.0,0.0,0.0,0.0,0.0
419,case_c3c924f29c,B0_rule_based,True,10,True,normal,[],[],[],[],normal,normal,0.0,0.07357588823428847,0.016419328162096694,0.13333333333333333,0.09868421052631579,2,1,0,0.0,0.0,False,2,0,0.0,0.0,0.0,0.0,0.0,0.0,0.0,0.0,0.0,0.0,0.0,0.0,0.0,0.0,0.0,0.0,0.0,0.0,0.0,0.0,0.0,0.0,0.0,0.0,0.0,0.0,0.0
419,case_c3c924f29c,G1A_llm_no_retrieval,True,10,True,abnormal,['Enlarged Cardiomediastinum'],['Enlarged Cardiomediastinum'],[],[],normal,normal,0.0,0.03678794411714424,0.007764220917386244,0.06666666666666667,0.026315789473684213,2,1,0,0.0,0.0,False,2,0,0.0,1.0,0.0,1.0,0.0,0.0,1.0,0.0,1.0,0.0,0.0,1.0,0.0,1.0,0.0,0.0,0.0,0.0,0.0,0.0,0.0,0.0,0.0,0.0,0.0,0.0,1.0
419,case_c3c924f29c,G1B_llm_sham_retrieval,True,30,True,normal,[],[],[],[],normal,normal,0.0,0.26666666666666666,0.16436148154531297,0.32,0.3005952380952382,4,3,3,1.0,1.0,True,4,1,0.0,0.0,0.0,0.0,0.0,0.0,0.0,0.0,0.0,0.0,0.0,0.0,0.0,0.0,0.0,0.0,0.0,0.0,0.0,0.0,0.0,0.0,0.0,0.0,0.0,0.0,0.0
419,case_c3c924f29c,G1_single_agent_rag,True,21,True,normal,[],[],[],[],normal,normal,0.0,0.38095238095238093,0.03595290285752276,0.2926829268292683,0.3140547263681593,4,1,0,0.0,0.0,False,4,1,0.0,0.0,0.0,0.0,0.0,0.0,0.0,0.0,0.0,0.0,0.0,0.0,0.0,0.0,0.0,0.0,0.0,0.0,0.0,0.0,0.0,0.0,0.0,0.0,0.0,0.0,0.0
427,case_e98a735ecf,B0_rule_based,True,10,True,normal,[],[],[],[],normal,normal,0.0,0.01801968095742313,0.0023910819984139277,0.15686274509803924,0.08327836411609499,2,1,0,0.0,0.0,False,2,0,0.0,0.0,0.0,0.0,0.0,0.0,0.0,0.0,0.0,0.0,0.0,0.0,0.0,0.0,0.0,0.0,0.0,0.0,0.0,0.0,0.0,0.0,0.0,0.0,0.0,0.0,0.0
427,case_e98a735ecf,G1A_llm_no_retrieval,True,10,True,abnormal,['Enlarged Cardiomediastinum'],['Enlarged Cardiomediastinum'],[],[],normal,normal,0.0,0.013514760718067346,0.0022251525262355597,0.11764705882352941,0.0674289064790384,2,1,0,0.0,0.0,False,2,0,0.0,1.0,0.0,1.0,0.0,0.0,1.0,0.0,1.0,0.0,0.0,1.0,0.0,1.0,0.0,0.0,0.0,0.0,0.0,0.0,0.0,0.0,0.0,0.0,0.0,0.0,1.0
427,case_e98a735ecf,G1B_llm_sham_retrieval,True,22,True,normal,[],[],[],[],normal,normal,0.0,0.32580199060359366,0.12882316281111988,0.3809523809523809,0.39053442950822564,4,2,1,0.5,0.0,False,4,1,0.0,0.0,0.0,0.0,0.0,0.0,0.0,0.0,0.0,0.0,0.0,0.0,0.0,0.0,0.0,0.0,0.0,0.0,0.0,0.0,0.0,0.0,0.0,0.0,0.0,0.0,0.0
427,case_e98a735ecf,G1_single_agent_rag,True,22,True,normal,[],[],[],[],normal,normal,0.0,0.2683075216735477,0.0708521622978303,0.28571428571428575,0.29281277728482696,4,2,0,0.0,0.0,False,4,1,0.0,0.0,0.0,0.0,0.0,0.0,0.0,0.0,0.0,0.0,0.0,0.0,0.0,0.0,0.0,0.0,0.0,0.0,0.0,0.0,0.0,0.0,0.0,0.0,0.0,0.0,0.0
430,case_b8bc877c65,B0_rule_based,True,12,True,indeterminate,[],[],[],[],indeterminate,normal,0.0,0.028205452092228512,0.005765144553151805,0.05405405405405406,0.02109704641350211,2,1,0,0.0,0.0,False,2,2,0.0,0.0,0.0,0.0,0.0,0.0,0.0,0.0,0.0,0.0,0.0,0.0,0.0,0.0,0.0,0.0,0.0,0.0,0.0,0.0,0.0,0.0,0.0,0.0,0.0,0.0,0.0
430,case_b8bc877c65,G1A_llm_no_retrieval,True,15,True,normal,[],[],[],[],indeterminate,normal,0.0,0.1026834238065184,0.00893130017187696,0.1,0.0625,2,1,0,0.0,0.0,False,2,1,0.0,0.0,0.0,0.0,0.0,0.0,0.0,0.0,0.0,0.0,0.0,0.0,0.0,0.0,0.0,0.0,0.0,0.0,0.0,0.0,0.0,0.0,0.0,0.0,0.0,0.0,0.0
430,case_b8bc877c65,G1B_llm_sham_retrieval,True,25,True,normal,[],[],[],[],indeterminate,normal,0.0,0.44,0.07758410052509766,0.28,0.35537190082644626,5,0,0,0.0,0.0,False,5,1,0.0,0.0,0.0,0.0,0.0,0.0,0.0,0.0,0.0,0.0,0.0,0.0,0.0,0.0,0.0,0.0,0.0,0.0,0.0,0.0,0.0,0.0,0.0,0.0,0.0,0.0,0.0
430,case_b8bc877c65,G1_single_agent_rag,True,25,True,normal,[],[],[],[],indeterminate,normal,0.0,0.44,0.07758410052509766,0.28,0.35537190082644626,5,0,0,0.0,0.0,False,5,1,0.0,0.0,0.0,0.0,0.0,0.0,0.0,0.0,0.0,0.0,0.0,0.0,0.0,0.0,0.0,0.0,0.0,0.0,0.0,0.0,0.0,0.0,0.0,0.0,0.0,0.0,0.0
436,case_d81f4005d4,B0_rule_based,True,29,True,abnormal,"['Atelectasis', 'Consolidation', 'Fracture', 'Lung Opacity', 'Pleural Effusion', 'Pneumonia']","['Atelectasis', 'Consolidation', 'Fracture', 'Lung Opacity', 'Pleural Effusion', 'Pneumonia']","['Atelectasis', 'Consolidation', 'Fracture', 'Lung Opacity', 'Pleural Effusion', 'Pneumonia']",['Cardiomegaly'],abnormal,abnormal,0.0,0.06896551724137931,0.007696339439306161,0.08695652173913043,0.054945054945054944,7,1,0,0.0,0.0,False,7,0,0.0,6.0,1.0,1.0,1.0,0.0,6.0,1.0,1.0,1.0,0.0,6.0,0.0,1.0,0.0,6.0,6.0,0.0,0.0,6.0,6.0,0.0,0.0,2.0,0.0,4.0,0.0
436,case_d81f4005d4,G1A_llm_no_retrieval,True,10,True,abnormal,"['Consolidation', 'Pneumonia']","['Consolidation', 'Pneumonia']","['Atelectasis', 'Consolidation', 'Fracture', 'Lung Opacity', 'Pleural Effusion', 'Pneumonia']",['Cardiomegaly'],abnormal,abnormal,0.0,0.04965853037914096,0.010480601989299657,0.07407407407407408,0.03067484662576687,2,1,0,0.0,0.0,False,2,0,0.0,2.0,1.0,1.0,1.0,0.0,2.0,1.0,1.0,1.0,0.0,2.0,0.0,1.0,0.0,6.0,2.0,0.0,0.0,6.0,2.0,0.0,0.0,1.0,0.0,1.0,0.0
436,case_d81f4005d4,G1B_llm_sham_retrieval,True,18,True,normal,[],[],"['Atelectasis', 'Consolidation', 'Fracture', 'Lung Opacity', 'Pleural Effusion', 'Pneumonia']",['Cardiomegaly'],abnormal,abnormal,0.0,0.16666666666666669,0.025281168697394947,0.17142857142857143,0.14944769330734245,4,0,0,0.0,0.0,False,4,1,0.0,0.0,1.0,0.0,1.0,0.0,0.0,1.0,0.0,1.0,0.0,0.0,0.0,0.0,0.0,6.0,0.0,0.0,0.0,6.0,0.0,0.0,0.0,0.0,0.0,0.0,0.0
436,case_d81f4005d4,G1_single_agent_rag,True,28,True,abnormal,"['Lung Opacity', 'Pleural Effusion']","['Lung Opacity', 'Pleural Effusion']","['Atelectasis', 'Consolidation', 'Fracture', 'Lung Opacity', 'Pleural Effusion', 'Pneumonia']",['Cardiomegaly'],abnormal,abnormal,0.1428571428571429,0.0035714285714285726,0.003776949794525176,0.0,0.0,7,2,1,0.5,0.38095238095238093,False,7,3,0.0,2.0,1.0,1.0,1.0,0.0,2.0,1.0,1.0,1.0,0.0,2.0,0.0,1.0,0.0,6.0,2.0,0.0,0.0,6.0,2.0,0.0,0.0,0.0,0.0,2.0,0.0
438,case_f4edb18323,B0_rule_based,True,10,True,normal,[],[],[],[],normal,normal,0.0,0.10000000000000002,0.021105340631872645,0.11111111111111112,0.06097560975609756,2,1,0,0.0,0.0,False,2,0,0.0,0.0,0.0,0.0,0.0,0.0,0.0,0.0,0.0,0.0,0.0,0.0,0.0,0.0,0.0,0.0,0.0,0.0,0.0,0.0,0.0,0.0,0.0,0.0,0.0,0.0,0.0
438,case_f4edb18323,G1A_llm_no_retrieval,True,10,True,abnormal,['Enlarged Cardiomediastinum'],['Enlarged Cardiomediastinum'],[],[],normal,normal,0.0,0.010000000000000004,0.011868405219520983,0.0,0.0,2,1,0,0.0,0.0,False,2,0,0.0,1.0,0.0,1.0,0.0,0.0,1.0,0.0,1.0,0.0,0.0,1.0,0.0,1.0,0.0,0.0,0.0,0.0,0.0,0.0,0.0,0.0,0.0,0.0,0.0,0.0,1.0
438,case_f4edb18323,G1B_llm_sham_retrieval,True,18,True,normal,[],[],[],[],normal,normal,0.0,0.2777777777777778,0.060745880708766846,0.30769230769230765,0.2777777777777778,3,1,0,0.0,0.0,False,3,1,0.0,0.0,0.0,0.0,0.0,0.0,0.0,0.0,0.0,0.0,0.0,0.0,0.0,0.0,0.0,0.0,0.0,0.0,0.0,0.0,0.0,0.0,0.0,0.0,0.0,0.0,0.0
438,case_f4edb18323,G1_single_agent_rag,True,22,True,normal,[],[],[],[],normal,normal,0.0,0.22727272727272727,0.02310128340501537,0.19999999999999998,0.39574468085106385,4,2,2,1.0,1.0,True,4,1,0.0,0.0,0.0,0.0,0.0,0.0,0.0,0.0,0.0,0.0,0.0,0.0,0.0,0.0,0.0,0.0,0.0,0.0,0.0,0.0,0.0,0.0,0.0,0.0,0.0,0.0,0.0
441,case_3d78f46342,B0_rule_based,True,4,True,abnormal,['Fracture'],['Fracture'],['Fracture'],['Lung Lesion'],abnormal,abnormal,0.0,3.9615331278937814e-05,1.2731233190162247e-05,0.04651162790697674,0.014084507042253521,2,0,0,0.0,0.0,False,2,0,0.0,1.0,1.0,1.0,1.0,0.0,1.0,1.0,1.0,1.0,0.0,1.0,1.0,1.0,1.0,1.0,1.0,0.0,0.0,1.0,1.0,0.0,0.0,0.0,0.0,1.0,0.0
441,case_3d78f46342,G1A_llm_no_retrieval,True,5,True,abnormal,['Fracture'],['Fracture'],['Fracture'],['Lung Lesion'],abnormal,abnormal,0.0,0.00022275502956896066,5.98414642343173e-05,0.045454545454545456,0.014044943820224719,2,0,0,0.0,0.0,False,2,0,0.0,1.0,1.0,1.0,1.0,0.0,1.0,1.0,1.0,1.0,0.0,1.0,1.0,1.0,1.0,1.0,1.0,0.0,0.0,1.0,1.0,0.0,0.0,0.0,0.0,1.0,0.0
441,case_3d78f46342,G1B_llm_sham_retrieval,True,31,True,abnormal,['Fracture'],['Fracture'],['Fracture'],['Lung Lesion'],abnormal,abnormal,0.0,0.34889146593727444,0.11660999506637491,0.3142857142857143,0.2776071161448873,7,2,0,0.0,0.0,False,7,3,0.0,1.0,1.0,1.0,1.0,0.0,1.0,1.0,1.0,1.0,0.0,1.0,1.0,1.0,1.0,1.0,1.0,0.0,0.0,1.0,1.0,0.0,0.0,1.0,0.0,0.0,0.0
441,case_3d78f46342,G1_single_agent_rag,True,40,True,abnormal,['Fracture'],['Fracture'],['Fracture'],['Lung Lesion'],abnormal,abnormal,0.0,0.5,0.0756929871088966,0.37974683544303806,0.38056265984654725,7,2,2,1.0,0.5151515151515151,True,7,2,0.0,1.0,1.0,1.0,1.0,0.0,1.0,1.0,1.0,1.0,0.0,1.0,1.0,1.0,1.0,1.0,1.0,0.0,0.0,1.0,1.0,0.0,0.0,0.0,0.0,1.0,0.0
443,case_1c150ead5a,B0_rule_based,False,4,True,abnormal,['Fracture'],['Fracture'],['Fracture'],,abnormal,,0.0,2.2797049138862906e-05,4.119891855653723e-05,0.0,0.0,2,0,0,0.0,0.0,False,2,0,,,,,,,,,,,,,,,,,,,,,,,,,,,
443,case_1c150ead5a,G1A_llm_no_retrieval,False,5,True,abnormal,['Fracture'],['Fracture'],['Fracture'],,abnormal,,0.0,9.033161885225332e-05,0.0001364628654018035,0.0,0.0,2,0,0,0.0,0.0,False,2,0,,,,,,,,,,,,,,,,,,,,,,,,,,,
443,case_1c150ead5a,G1B_llm_sham_retrieval,False,44,True,abnormal,"['Atelectasis', 'Lung Opacity']","['Atelectasis', 'Lung Opacity']",['Fracture'],,abnormal,,0.0,0.25,0.07209117403380154,0.2105263157894737,0.28863387434033655,7,4,3,0.75,0.5945945945945946,False,7,3,,,,,,,,,,,,,,,,,,,,,,,,,,,
443,case_1c150ead5a,G1_single_agent_rag,False,33,True,normal,[],[],['Fracture'],,abnormal,,0.0,0.5151515151515151,0.07016289861392626,0.43076923076923074,0.43646045554010504,4,2,2,1.0,0.6538461538461539,True,4,0,,,,,,,,,,,,,,,,,,,,,,,,,,,
450,case_7b1ea020e6,B0_rule_based,True,10,True,normal,[],[],[],[],normal,normal,0.0,0.16643554184903978,0.03950648907189891,0.3225806451612903,0.18693467336683414,2,1,0,0.0,0.0,False,2,0,0.0,0.0,0.0,0.0,0.0,0.0,0.0,0.0,0.0,0.0,0.0,0.0,0.0,0.0,0.0,0.0,0.0,0.0,0.0,0.0,0.0,0.0,0.0,0.0,0.0,0.0,0.0
450,case_7b1ea020e6,G1A_llm_no_retrieval,True,10,True,abnormal,['Enlarged Cardiomediastinum'],['Enlarged Cardiomediastinum'],[],[],normal,normal,0.0,0.033287108369807965,0.007025357607948558,0.06451612903225806,0.02512562814070352,2,1,0,0.0,0.0,False,2,0,0.0,1.0,0.0,1.0,0.0,0.0,1.0,0.0,1.0,0.0,0.0,1.0,0.0,1.0,0.0,0.0,0.0,0.0,0.0,0.0,0.0,0.0,0.0,0.0,0.0,0.0,1.0
450,case_7b1ea020e6,G1B_llm_sham_retrieval,True,22,True,normal,[],[],[],[],normal,normal,0.0,0.45454545454545453,0.06429451441231726,0.3255813953488372,0.35260663507109,3,2,0,0.0,0.0,False,3,0,0.0,0.0,0.0,0.0,0.0,0.0,0.0,0.0,0.0,0.0,0.0,0.0,0.0,0.0,0.0,0.0,0.0,0.0,0.0,0.0,0.0,0.0,0.0,0.0,0.0,0.0,0.0
450,case_7b1ea020e6,G1_single_agent_rag,True,21,True,normal,[],[],[],[],normal,normal,0.0,0.3333333333333333,0.031420504922717064,0.3333333333333333,0.22837706511175898,4,1,0,0.0,0.0,False,4,1,0.0,0.0,0.0,0.0,0.0,0.0,0.0,0.0,0.0,0.0,0.0,0.0,0.0,0.0,0.0,0.0,0.0,0.0,0.0,0.0,0.0,0.0,0.0,0.0,0.0,0.0,0.0
458,case_fdfce98b1d,B0_rule_based,False,10,True,normal,[],[],[],,normal,,0.0,0.024625499587169638,0.00857420718977086,0.13333333333333333,0.0905982905982906,2,1,0,0.0,0.0,False,2,0,,,,,,,,,,,,,,,,,,,,,,,,,,,
458,case_fdfce98b1d,G1A_llm_no_retrieval,False,10,True,abnormal,['Enlarged Cardiomediastinum'],['Enlarged Cardiomediastinum'],[],,normal,,0.0,0.008208499862389881,0.0017324318567241814,0.04444444444444444,0.015384615384615384,2,1,0,0.0,0.0,False,2,0,,,,,,,,,,,,,,,,,,,,,,,,,,,
458,case_fdfce98b1d,G1B_llm_sham_retrieval,False,33,True,normal,[],[],[],,normal,,0.0,0.4563364558181007,0.14221974508185845,0.3529411764705882,0.3057650862068966,4,4,0,0.0,0.0,False,4,0,,,,,,,,,,,,,,,,,,,,,,,,,,,
458,case_fdfce98b1d,G1_single_agent_rag,False,22,True,normal,[],[],[],,normal,,0.0,0.27691178991537935,0.022035769383329233,0.2807017543859649,0.2636290065478088,4,2,2,1.0,1.0,True,4,1,,,,,,,,,,,,,,,,,,,,,,,,,,,
466,case_768a3c365b,B0_rule_based,False,10,True,normal,[],[],[],,normal,,0.0,0.08075860719786215,0.010716086058573793,0.2222222222222222,0.08196721311475409,2,1,0,0.0,0.0,False,2,0,,,,,,,,,,,,,,,,,,,,,,,,,,,
466,case_768a3c365b,G1A_llm_no_retrieval,False,10,True,abnormal,['Enlarged Cardiomediastinum'],['Enlarged Cardiomediastinum'],[],,normal,,0.0,0.020189651799465542,0.004261094784666207,0.05555555555555555,0.020491803278688523,2,1,0,0.0,0.0,False,2,0,,,,,,,,,,,,,,,,,,,,,,,,,,,
466,case_768a3c365b,G1B_llm_sham_retrieval,False,31,True,normal,[],[],[],,normal,,0.0,0.45161290322580644,0.05218398759828462,0.2807017543859649,0.400173276857913,5,3,0,0.0,0.08333333333333333,False,5,1,,,,,,,,,,,,,,,,,,,,,,,,,,,
466,case_768a3c365b,G1_single_agent_rag,False,22,True,normal,[],[],[],,normal,,0.0,0.34108073921257387,0.052212190623198027,0.20833333333333331,0.26885609567901236,4,2,2,1.0,1.0,True,4,1,,,,,,,,,,,,,,,,,,,,,,,,,,,
481,case_53ae4581c9,B0_rule_based,True,15,True,abnormal,"['Enlarged Cardiomediastinum', 'Support Devices']","['Enlarged Cardiomediastinum', 'Support Devices']","['Enlarged Cardiomediastinum', 'Support Devices']",['Support Devices'],abnormal,abnormal,0.0,0.002624745747388194,0.00022829772592071826,0.04210526315789474,0.020408163265306117,3,1,0,0.0,0.0,False,3,0,1.0,1.0,0.0,1.0,0.0,1.0,1.0,0.0,1.0,0.0,1.0,1.0,0.0,1.0,0.0,1.0,1.0,1.0,1.0,1.0,1.0,1.0,1.0,1.0,0.0,1.0,0.0
481,case_53ae4581c9,G1A_llm_no_retrieval,True,17,True,abnormal,"['Enlarged Cardiomediastinum', 'Support Devices']","['Enlarged Cardiomediastinum', 'Support Devices']","['Enlarged Cardiomediastinum', 'Support Devices']",['Support Devices'],abnormal,abnormal,0.0,0.0057831813804432135,0.0003998284484764035,0.06185567010309278,0.027137042062415195,3,1,0,0.0,0.0,False,3,0,1.0,1.0,0.0,1.0,0.0,1.0,1.0,0.0,1.0,0.0,1.0,1.0,0.0,1.0,0.0,1.0,1.0,1.0,1.0,1.0,1.0,1.0,1.0,1.0,0.0,1.0,0.0
481,case_53ae4581c9,G1B_llm_sham_retrieval,True,7,True,abnormal,"['Cardiomegaly', 'Enlarged Cardiomediastinum']","['Cardiomegaly', 'Enlarged Cardiomediastinum']","['Enlarged Cardiomediastinum', 'Support Devices']",['Support Devices'],abnormal,abnormal,0.0,8.45008213041407e-06,1.1617606217487437e-06,0.04597701149425287,0.01375515818431912,2,0,0,0.0,0.0,False,2,0,0.0,2.0,1.0,1.0,1.0,0.0,2.0,1.0,1.0,1.0,0.0,2.0,1.0,1.0,1.0,1.0,1.0,1.0,0.0,1.0,1.0,1.0,0.0,1.0,1.0,0.0,0.0
481,case_53ae4581c9,G1_single_agent_rag,True,35,True,abnormal,['Support Devices'],['Support Devices'],"['Enlarged Cardiomediastinum', 'Support Devices']",['Support Devices'],abnormal,abnormal,0.0,0.09478390170156495,0.0048597504877478555,0.1217391304347826,0.09772810890360559,4,3,1,0.3333333333333333,0.35714285714285715,False,4,0,1.0,0.0,0.0,0.0,0.0,1.0,0.0,0.0,0.0,0.0,1.0,0.0,0.0,0.0,0.0,1.0,0.0,1.0,1.0,1.0,0.0,1.0,1.0,0.0,0.0,1.0,0.0
483,case_c2e9f67c8d,B0_rule_based,True,4,True,abnormal,['Atelectasis'],['Atelectasis'],['Atelectasis'],['Cardiomegaly'],abnormal,abnormal,0.0,4.4008657803904234e-07,1.4143122543706796e-07,0.03278688524590164,0.00967117988394584,2,0,0,0.0,0.0,False,2,0,0.0,1.0,1.0,1.0,1.0,0.0,1.0,1.0,1.0,1.0,0.0,1.0,1.0,1.0,1.0,1.0,1.0,0.0,0.0,1.0,1.0,0.0,0.0,0.0,0.0,1.0,0.0
483,case_c2e9f67c8d,G1A_llm_no_retrieval,True,23,True,normal,[],[],['Atelectasis'],['Cardiomegaly'],abnormal,abnormal,0.0,0.17846133219315527,0.022896175616064645,0.3,0.23865049751243783,5,0,0,0.0,0.0,False,5,1,0.0,0.0,1.0,0.0,1.0,0.0,0.0,1.0,0.0,1.0,0.0,0.0,1.0,0.0,1.0,1.0,0.0,0.0,0.0,1.0,0.0,0.0,0.0,0.0,0.0,0.0,0.0
483,case_c2e9f67c8d,G1B_llm_sham_retrieval,True,32,True,normal,[],[],['Atelectasis'],['Cardiomegaly'],abnormal,abnormal,0.0,0.18599480321971829,0.010726129642688802,0.15730337078651685,0.11926605504587154,4,3,1,0.3333333333333333,0.44,False,4,2,0.0,0.0,1.0,0.0,1.0,0.0,0.0,1.0,0.0,1.0,0.0,0.0,1.0,0.0,1.0,1.0,0.0,0.0,0.0,1.0,0.0,0.0,0.0,0.0,0.0,0.0,0.0
483,case_c2e9f67c8d,G1_single_agent_rag,True,8,True,abnormal,['Atelectasis'],['Atelectasis'],['Atelectasis'],['Cardiomegaly'],abnormal,abnormal,0.0,0.0002734363897728607,6.07601696659652e-05,0.030769230769230767,0.009596928982725527,2,1,0,0.0,0.0,False,2,0,0.0,1.0,1.0,1.0,1.0,0.0,1.0,1.0,1.0,1.0,0.0,1.0,1.0,1.0,1.0,1.0,1.0,0.0,0.0,1.0,1.0,0.0,0.0,0.0,0.0,1.0,0.0
499,case_2bfb6941d0,B0_rule_based,True,4,True,abnormal,['Fracture'],['Fracture'],['Fracture'],[],abnormal,normal,0.0,0.0004826135340569273,0.0001550981714514592,0.0606060606060606,0.018867924528301886,2,0,0,0.0,0.0,False,2,0,0.0,1.0,0.0,1.0,0.0,0.0,1.0,0.0,1.0,0.0,0.0,1.0,0.0,1.0,0.0,1.0,1.0,0.0,0.0,1.0,1.0,0.0,0.0,0.0,0.0,1.0,0.0
499,case_2bfb6941d0,G1A_llm_no_retrieval,True,5,True,abnormal,['Fracture'],['Fracture'],['Fracture'],[],abnormal,normal,0.0,0.0016459494098040061,0.0004421719362695226,0.0588235294117647,0.018796992481203003,2,0,0,0.0,0.0,False,2,0,0.0,1.0,0.0,1.0,0.0,0.0,1.0,0.0,1.0,0.0,0.0,1.0,0.0,1.0,0.0,1.0,1.0,0.0,0.0,1.0,1.0,0.0,0.0,0.0,0.0,1.0,0.0
499,case_2bfb6941d0,G1B_llm_sham_retrieval,True,16,True,normal,[],[],['Fracture'],[],abnormal,normal,0.0,0.19413944816047243,0.01877574096312481,0.26666666666666666,0.1731378471966404,4,0,0,0.0,0.0,False,4,2,0.0,0.0,0.0,0.0,0.0,0.0,0.0,0.0,0.0,0.0,0.0,0.0,0.0,0.0,0.0,1.0,0.0,0.0,0.0,1.0,0.0,0.0,0.0,0.0,0.0,0.0,0.0
499,case_2bfb6941d0,G1_single_agent_rag,True,33,True,normal,[],[],['Fracture'],[],abnormal,normal,0.0,0.45454545454545453,0.05912329024877922,0.2903225806451613,0.3441421012849584,4,2,2,1.0,0.6538461538461539,True,4,0,0.0,0.0,0.0,0.0,0.0,0.0,0.0,0.0,0.0,0.0,0.0,0.0,0.0,0.0,0.0,1.0,0.0,0.0,0.0,1.0,0.0,0.0,0.0,0.0,0.0,0.0,0.0
501,case_809278c190,B0_rule_based,True,4,True,abnormal,['Pneumonia'],['Pneumonia'],['Pneumonia'],['Lung Opacity'],abnormal,abnormal,0.0,0.0015913903982548334,0.0003040964971191635,0.12903225806451613,0.040485829959514164,2,0,0,0.0,0.0,False,2,0,0.0,1.0,1.0,1.0,1.0,0.0,1.0,1.0,1.0,1.0,1.0,0.0,1.0,0.0,1.0,1.0,1.0,0.0,0.0,1.0,1.0,0.0,0.0,0.0,0.0,1.0,0.0
501,case_809278c190,G1A_llm_no_retrieval,True,7,True,abnormal,"['Lung Opacity', 'Pneumonia']","['Lung Opacity', 'Pneumonia']",['Pneumonia'],['Lung Opacity'],abnormal,abnormal,0.0,0.032818639581495626,0.0026828957620308436,0.11764705882352941,0.08,2,0,0,0.0,0.0,False,2,0,1.0,1.0,0.0,1.0,0.0,1.0,1.0,0.0,1.0,0.0,2.0,0.0,0.0,0.0,0.0,1.0,1.0,0.0,0.0,1.0,1.0,0.0,0.0,0.0,1.0,1.0,0.0
501,case_809278c190,G1B_llm_sham_retrieval,True,20,True,normal,[],[],['Pneumonia'],['Lung Opacity'],abnormal,abnormal,0.0,0.317109640373421,0.02485643277655988,0.2127659574468085,0.22203445524104587,4,1,1,1.0,0.0,True,4,1,0.0,0.0,1.0,0.0,1.0,0.0,0.0,1.0,0.0,1.0,0.0,0.0,2.0,0.0,1.0,1.0,0.0,0.0,0.0,1.0,0.0,0.0,0.0,0.0,0.0,0.0,0.0
501,case_809278c190,G1_single_agent_rag,True,10,True,abnormal,"['Lung Opacity', 'Pneumonia']","['Lung Opacity', 'Pneumonia']",['Pneumonia'],['Lung Opacity'],abnormal,abnormal,0.0,0.10961011443164076,0.010730737207260225,0.21621621621621623,0.16853315766359242,2,1,0,0.0,0.0,False,2,0,1.0,1.0,0.0,1.0,0.0,1.0,1.0,0.0,1.0,0.0,2.0,0.0,0.0,0.0,0.0,1.0,1.0,0.0,0.0,1.0,1.0,0.0,0.0,0.0,1.0,1.0,0.0
504,case_4097780022,B0_rule_based,True,15,True,abnormal,"['Atelectasis', 'Fracture', 'Lung Opacity']","['Atelectasis', 'Fracture', 'Lung Opacity']","['Atelectasis', 'Fracture', 'Lung Opacity']","['Atelectasis', 'Lung Opacity']",abnormal,abnormal,0.0,0.02691953573262072,0.003173586606378992,0.07407407407407407,0.0273224043715847,4,0,0,0.0,0.0,False,4,0,2.0,1.0,0.0,1.0,0.0,2.0,1.0,0.0,1.0,0.0,2.0,1.0,0.0,1.0,0.0,1.0,1.0,2.0,2.0,1.0,1.0,2.0,2.0,0.0,0.0,3.0,0.0
504,case_4097780022,G1A_llm_no_retrieval,True,18,True,abnormal,"['Atelectasis', 'Consolidation']",[],"['Atelectasis', 'Fracture', 'Lung Opacity']","['Atelectasis', 'Lung Opacity']",abnormal,abnormal,0.0,0.13840143285093232,0.0212750178464109,0.17543859649122806,0.1441819105691057,2,1,0,0.0,0.0,False,2,1,1.0,1.0,1.0,1.0,1.0,0.0,0.0,2.0,0.0,1.0,1.0,1.0,1.0,1.0,1.0,1.0,0.0,2.0,1.0,1.0,0.0,2.0,0.0,0.0,0.0,1.0,1.0
504,case_4097780022,G1B_llm_sham_retrieval,True,13,True,abnormal,"['Atelectasis', 'Lung Opacity']",['Lung Opacity'],"['Atelectasis', 'Fracture', 'Lung Opacity']","['Atelectasis', 'Lung Opacity']",abnormal,abnormal,0.0,0.05205203201408181,0.01182447085897795,0.15384615384615385,0.1225274725274725,2,1,0,0.0,0.0,False,2,0,2.0,0.0,0.0,0.0,0.0,1.0,0.0,1.0,0.0,1.0,2.0,0.0,0.0,0.0,0.0,1.0,0.0,2.0,2.0,1.0,0.0,2.0,1.0,2.0,0.0,0.0,0.0
504,case_4097780022,G1_single_agent_rag,True,14,True,abnormal,"['Atelectasis', 'Lung Opacity']","['Atelectasis', 'Lung Opacity']","['Atelectasis', 'Fracture', 'Lung Opacity']","['Atelectasis', 'Lung Opacity']",abnormal,abnormal,0.0,0.08383862437589856,0.014650242672583677,0.22641509433962267,0.0958904109589041,2,1,0,0.0,0.0,False,2,0,2.0,0.0,0.0,0.0,0.0,2.0,0.0,0.0,0.0,0.0,2.0,0.0,0.0,0.0,0.0,1.0,0.0,2.0,2.0,1.0,0.0,2.0,2.0,0.0,0.0,2.0,0.0
505,case_956de92d44,B0_rule_based,True,17,True,abnormal,"['Fracture', 'Lung Opacity', 'Pleural Other']","['Fracture', 'Lung Opacity', 'Pleural Other']","['Fracture', 'Lung Opacity', 'Pleural Other']",[],abnormal,normal,0.0,0.15399513697499914,0.01601516342990096,0.17777777777777778,0.13828996282527883,4,1,0,0.0,0.0,False,4,0,0.0,3.0,0.0,1.0,0.0,0.0,3.0,0.0,1.0,0.0,0.0,3.0,0.0,1.0,0.0,3.0,3.0,0.0,0.0,3.0,3.0,0.0,0.0,2.0,0.0,1.0,0.0
505,case_956de92d44,G1A_llm_no_retrieval,True,22,True,normal,[],[],"['Fracture', 'Lung Opacity', 'Pleural Other']",[],abnormal,normal,0.0,0.31144106728508475,0.026809616299648117,0.23999999999999996,0.25119401640082906,5,0,0,0.0,0.0,False,5,1,0.0,0.0,0.0,0.0,0.0,0.0,0.0,0.0,0.0,0.0,0.0,0.0,0.0,0.0,0.0,3.0,0.0,0.0,0.0,3.0,0.0,0.0,0.0,0.0,0.0,0.0,0.0
505,case_956de92d44,G1B_llm_sham_retrieval,True,17,True,normal,[],[],"['Fracture', 'Lung Opacity', 'Pleural Other']",[],abnormal,normal,0.0,0.21559319176499878,0.04077028031715923,0.26666666666666666,0.23594567938699637,4,0,0,0.0,0.0,False,4,1,0.0,0.0,0.0,0.0,0.0,0.0,0.0,0.0,0.0,0.0,0.0,0.0,0.0,0.0,0.0,3.0,0.0,0.0,0.0,3.0,0.0,0.0,0.0,0.0,0.0,0.0,0.0
505,case_956de92d44,G1_single_agent_rag,True,30,True,abnormal,"['Lung Opacity', 'Pleural Effusion']","['Lung Opacity', 'Pleural Effusion']","['Fracture', 'Lung Opacity', 'Pleural Other']",[],abnormal,normal,0.0,0.26666666666666666,0.022208525930834045,0.17241379310344826,0.18866356382978722,9,1,1,1.0,1.0,True,9,4,0.0,2.0,0.0,1.0,0.0,0.0,2.0,0.0,1.0,0.0,0.0,2.0,0.0,1.0,0.0,3.0,1.0,0.0,0.0,3.0,1.0,0.0,0.0,0.0,1.0,1.0,0.0
508,case_248e80fcdb,B0_rule_based,True,10,True,normal,[],[],[],[],normal,normal,0.0,0.12329848197080324,0.06849524207737255,0.29411764705882354,0.19734513274336285,2,1,0,0.0,0.0,False,2,0,0.0,0.0,0.0,0.0,0.0,0.0,0.0,0.0,0.0,0.0,0.0,0.0,0.0,0.0,0.0,0.0,0.0,0.0,0.0,0.0,0.0,0.0,0.0,0.0,0.0,0.0,0.0
508,case_248e80fcdb,G1A_llm_no_retrieval,True,10,True,abnormal,['Enlarged Cardiomediastinum'],['Enlarged Cardiomediastinum'],[],[],normal,normal,0.0,0.002465969639416066,0.0029267126939625902,0.0,0.0,2,1,0,0.0,0.0,False,2,0,0.0,1.0,0.0,1.0,0.0,0.0,1.0,0.0,1.0,0.0,0.0,1.0,0.0,1.0,0.0,0.0,0.0,0.0,0.0,0.0,0.0,0.0,0.0,0.0,0.0,0.0,1.0
508,case_248e80fcdb,G1B_llm_sham_retrieval,True,20,True,normal,[],[],[],[],normal,normal,0.0,0.4503019141928901,0.25847011967107836,0.45454545454545453,0.4282812718868188,4,1,0,0.0,0.0,False,4,1,0.0,0.0,0.0,0.0,0.0,0.0,0.0,0.0,0.0,0.0,0.0,0.0,0.0,0.0,0.0,0.0,0.0,0.0,0.0,0.0,0.0,0.0,0.0,0.0,0.0,0.0,0.0
508,case_248e80fcdb,G1_single_agent_rag,True,22,True,normal,[],[],[],[],normal,normal,0.0,0.37354120211547104,0.02905563804238318,0.2608695652173913,0.24535740222014735,4,2,0,0.0,0.0,False,4,1,0.0,0.0,0.0,0.0,0.0,0.0,0.0,0.0,0.0,0.0,0.0,0.0,0.0,0.0,0.0,0.0,0.0,0.0,0.0,0.0,0.0,0.0,0.0,0.0,0.0,0.0,0.0
514,case_24c87a19bf,B0_rule_based,True,10,True,normal,[],[],[],[],normal,normal,0.0,0.045358976644706256,0.010766774303243234,0.1818181818181818,0.11772151898734177,2,1,0,0.0,0.0,False,2,0,0.0,0.0,0.0,0.0,0.0,0.0,0.0,0.0,0.0,0.0,0.0,0.0,1.0,0.0,1.0,0.0,0.0,0.0,0.0,0.0,0.0,0.0,0.0,0.0,0.0,0.0,0.0
514,case_24c87a19bf,G1A_llm_no_retrieval,True,10,True,abnormal,['Enlarged Cardiomediastinum'],['Enlarged Cardiomediastinum'],[],[],normal,normal,0.0,0.009071795328941253,0.0019146333055993624,0.04545454545454545,0.01582278481012658,2,1,0,0.0,0.0,False,2,0,0.0,1.0,0.0,1.0,0.0,0.0,1.0,0.0,1.0,0.0,0.0,1.0,1.0,1.0,1.0,0.0,0.0,0.0,0.0,0.0,0.0,0.0,0.0,0.0,0.0,0.0,1.0
514,case_24c87a19bf,G1B_llm_sham_retrieval,True,25,True,normal,[],[],[],[],normal,normal,0.0,0.5023269547711423,0.1935961297781464,0.4745762711864407,0.41587408153369876,4,2,0,0.0,0.16666666666666666,False,4,1,0.0,0.0,0.0,0.0,0.0,0.0,0.0,0.0,0.0,0.0,0.0,0.0,1.0,0.0,1.0,0.0,0.0,0.0,0.0,0.0,0.0,0.0,0.0,0.0,0.0,0.0,0.0
514,case_24c87a19bf,G1_single_agent_rag,True,22,True,normal,[],[],[],[],normal,normal,0.0,0.39516700826237006,0.12333357857813987,0.35714285714285715,0.3402439024390244,4,2,0,0.0,0.0,False,4,1,0.0,0.0,0.0,0.0,0.0,0.0,0.0,0.0,0.0,0.0,0.0,0.0,1.0,0.0,1.0,0.0,0.0,0.0,0.0,0.0,0.0,0.0,0.0,0.0,0.0,0.0,0.0
522,case_4c43d9be65,B0_rule_based,True,4,True,abnormal,['Fracture'],['Fracture'],['Fracture'],['Atelectasis'],abnormal,abnormal,0.0,1.9723312068000557e-06,6.338507772458264e-07,0.03636363636363636,0.01079913606911447,2,0,0,0.0,0.0,False,2,0,0.0,1.0,1.0,1.0,1.0,0.0,1.0,1.0,1.0,1.0,0.0,1.0,0.0,1.0,0.0,1.0,1.0,0.0,0.0,1.0,1.0,0.0,0.0,0.0,0.0,1.0,0.0
522,case_4c43d9be65,G1A_llm_no_retrieval,True,8,True,abnormal,['Fracture'],['Fracture'],['Fracture'],['Atelectasis'],abnormal,abnormal,0.5,0.0017365945250749672,0.00016928565296578819,0.10169491525423728,0.032119914346895075,2,0,0,0.0,0.0,False,2,0,0.0,1.0,1.0,1.0,1.0,0.0,1.0,1.0,1.0,1.0,0.0,1.0,0.0,1.0,0.0,1.0,1.0,0.0,0.0,1.0,1.0,0.0,0.0,0.0,0.0,1.0,0.0
522,case_4c43d9be65,G1B_llm_sham_retrieval,True,19,True,normal,[],[],['Fracture'],['Atelectasis'],abnormal,abnormal,0.0,0.06837559225403401,0.005466161003880145,0.14285714285714285,0.07322175732217574,4,1,0,0.0,0.0,False,4,1,0.0,0.0,1.0,0.0,1.0,0.0,0.0,1.0,0.0,1.0,0.0,0.0,0.0,0.0,0.0,1.0,0.0,0.0,0.0,1.0,0.0,0.0,0.0,0.0,0.0,0.0,0.0
522,case_4c43d9be65,G1_single_agent_rag,True,33,True,normal,[],[],['Fracture'],['Atelectasis'],abnormal,abnormal,0.0,0.2458816940299192,0.013392599817326385,0.14285714285714285,0.17063837730214035,4,2,2,1.0,0.6538461538461539,True,4,0,0.0,0.0,1.0,0.0,1.0,0.0,0.0,1.0,0.0,1.0,0.0,0.0,0.0,0.0,0.0,1.0,0.0,0.0,0.0,1.0,0.0,0.0,0.0,0.0,0.0,0.0,0.0
530,case_b997f4fbdb,B0_rule_based,True,4,True,abnormal,['Cardiomegaly'],['Cardiomegaly'],['Cardiomegaly'],['Cardiomegaly'],abnormal,abnormal,0.0,0.15163266492815836,0.04873039689743777,0.2,0.08620689655172413,2,0,0,0.0,0.0,False,2,0,1.0,0.0,0.0,0.0,0.0,1.0,0.0,0.0,0.0,0.0,1.0,0.0,0.0,0.0,0.0,0.0,0.0,1.0,1.0,0.0,0.0,1.0,1.0,0.0,0.0,1.0,0.0
530,case_b997f4fbdb,G1A_llm_no_retrieval,True,7,True,abnormal,['Cardiomegaly'],['Cardiomegaly'],['Cardiomegaly'],['Cardiomegaly'],abnormal,abnormal,0.0,0.14285714285714285,0.03303164318013808,0.15384615384615383,0.0819672131147541,2,0,0,0.0,0.0,False,2,0,1.0,0.0,0.0,0.0,0.0,1.0,0.0,0.0,0.0,0.0,1.0,0.0,0.0,0.0,0.0,0.0,0.0,1.0,1.0,0.0,0.0,1.0,1.0,0.0,0.0,1.0,0.0
530,case_b997f4fbdb,G1B_llm_sham_retrieval,True,22,True,normal,[],[],['Cardiomegaly'],['Cardiomegaly'],abnormal,abnormal,0.0,0.18181818181818182,0.012285946074705657,0.14285714285714288,0.26315789473684215,3,2,0,0.0,0.0,False,3,0,0.0,0.0,1.0,0.0,1.0,0.0,0.0,1.0,0.0,1.0,0.0,0.0,1.0,0.0,1.0,0.0,0.0,1.0,0.0,0.0,0.0,1.0,0.0,0.0,0.0,0.0,0.0
530,case_b997f4fbdb,G1_single_agent_rag,True,10,True,abnormal,['Cardiomegaly'],['Cardiomegaly'],['Cardiomegaly'],['Cardiomegaly'],abnormal,abnormal,0.25,0.4,0.029847458960098227,0.37499999999999994,0.3125,4,0,0,0.0,0.6666666666666666,False,4,1,1.0,0.0,0.0,0.0,0.0,1.0,0.0,0.0,0.0,0.0,1.0,0.0,0.0,0.0,0.0,0.0,0.0,1.0,1.0,0.0,0.0,1.0,1.0,0.0,0.0,1.0,0.0
533,case_b711b6ec4d,B0_rule_based,False,19,True,abnormal,"['Enlarged Cardiomediastinum', 'Lung Lesion']","['Enlarged Cardiomediastinum', 'Lung Lesion']","['Enlarged Cardiomediastinum', 'Lung Lesion']",,abnormal,,0.0,0.010836398069662169,0.0008662959193222166,0.11428571428571428,0.044136191677175286,3,2,0,0.0,0.0,False,3,0,,,,,,,,,,,,,,,,,,,,,,,,,,,
533,case_b711b6ec4d,G1A_llm_no_retrieval,False,17,True,abnormal,"['Enlarged Cardiomediastinum', 'Lung Lesion']","['Enlarged Cardiomediastinum', 'Lung Lesion']","['Enlarged Cardiomediastinum', 'Lung Lesion']",,abnormal,,0.0,0.005079212947273944,0.0002970440034707037,0.07766990291262135,0.0316055625790139,3,1,0,0.0,0.0,False,3,0,,,,,,,,,,,,,,,,,,,,,,,,,,,
533,case_b711b6ec4d,G1B_llm_sham_retrieval,False,23,True,normal,[],[],"['Enlarged Cardiomediastinum', 'Lung Lesion']",,abnormal,,0.0,0.05057727608364157,0.006488947387997022,0.27522935779816515,0.19238812212463405,4,2,0,0.0,0.0,False,4,1,,,,,,,,,,,,,,,,,,,,,,,,,,,
533,case_b711b6ec4d,G1_single_agent_rag,False,15,True,abnormal,"['Atelectasis', 'Cardiomegaly', 'Enlarged Cardiomediastinum']","['Atelectasis', 'Cardiomegaly', 'Enlarged Cardiomediastinum']","['Enlarged Cardiomediastinum', 'Lung Lesion']",,abnormal,,0.0,0.001172946460147401,0.00013828051170335128,0.0396039603960396,0.01267427122940431,4,0,0,0.0,0.25,False,4,1,,,,,,,,,,,,,,,,,,,,,,,,,,,
546,case_a59563712f,B0_rule_based,True,17,True,abnormal,"['Cardiomegaly', 'Lung Opacity', 'Pleural Effusion']","['Cardiomegaly', 'Lung Opacity', 'Pleural Effusion']","['Cardiomegaly', 'Lung Opacity', 'Pleural Effusion']",['Pleural Effusion'],abnormal,abnormal,0.0,0.11092625221822057,0.012897742882522783,0.11428571428571428,0.055865921787709494,4,1,0,0.0,0.0,False,4,0,1.0,2.0,0.0,1.0,0.0,1.0,2.0,0.0,1.0,0.0,0.0,3.0,0.0,1.0,0.0,2.0,2.0,1.0,1.0,2.0,2.0,1.0,1.0,0.0,0.0,3.0,0.0
546,case_a59563712f,G1A_llm_no_retrieval,True,19,True,abnormal,"['Cardiomegaly', 'Lung Opacity', 'Pleural Effusion']","['Cardiomegaly', 'Lung Opacity', 'Pleural Effusion']","['Cardiomegaly', 'Lung Opacity', 'Pleural Effusion']",['Pleural Effusion'],abnormal,abnormal,0.0,0.10526315789473682,0.012109013026441871,0.10810810810810811,0.05524861878453038,4,1,0,0.0,0.0,False,4,0,1.0,2.0,0.0,1.0,0.0,1.0,2.0,0.0,1.0,0.0,0.0,3.0,0.0,1.0,0.0,2.0,2.0,1.0,1.0,2.0,2.0,1.0,1.0,0.0,0.0,3.0,0.0
546,case_a59563712f,G1B_llm_sham_retrieval,True,16,True,abnormal,"['Cardiomegaly', 'Lung Opacity', 'Pleural Effusion']","['Cardiomegaly', 'Lung Opacity', 'Pleural Effusion']","['Cardiomegaly', 'Lung Opacity', 'Pleural Effusion']",['Pleural Effusion'],abnormal,abnormal,0.0,0.11031211282307446,0.012909220865163074,0.11764705882352941,0.05617977528089887,4,0,0,0.0,0.0,False,4,0,1.0,2.0,0.0,1.0,0.0,1.0,2.0,0.0,1.0,0.0,0.0,3.0,0.0,1.0,0.0,2.0,2.0,1.0,1.0,2.0,2.0,1.0,1.0,3.0,0.0,0.0,0.0
546,case_a59563712f,G1_single_agent_rag,True,25,True,abnormal,"['Cardiomegaly', 'Lung Opacity', 'Pleural Effusion']","['Cardiomegaly', 'Lung Opacity', 'Pleural Effusion']","['Cardiomegaly', 'Lung Opacity', 'Pleural Effusion']",['Pleural Effusion'],abnormal,abnormal,0.0,0.07999999999999999,0.00900911347430731,0.09302325581395349,0.053475935828877,4,2,0,0.0,0.0,False,4,0,1.0,2.0,0.0,1.0,0.0,1.0,2.0,0.0,1.0,0.0,0.0,3.0,0.0,1.0,0.0,2.0,2.0,1.0,1.0,2.0,2.0,1.0,1.0,0.0,0.0,3.0,0.0
548,case_4c68746deb,B0_rule_based,False,10,True,normal,[],[],[],,normal,,0.0,0.012820947222113924,0.002616792352821632,0.19999999999999998,0.07608695652173914,2,1,0,0.0,0.0,False,2,0,,,,,,,,,,,,,,,,,,,,,,,,,,,
548,case_4c68746deb,G1A_llm_no_retrieval,False,10,True,abnormal,['Enlarged Cardiomediastinum'],['Enlarged Cardiomediastinum'],[],,normal,,0.0,0.005494691666620253,0.0009046795054625257,0.06666666666666667,0.055555555555555546,2,1,0,0.0,0.0,False,2,0,,,,,,,,,,,,,,,,,,,,,,,,,,,
548,case_4c68746deb,G1B_llm_sham_retrieval,False,30,True,normal,[],[],[],,normal,,0.19999999999999996,0.3593919833228144,0.23262607326955026,0.45,0.3856056311413454,5,4,0,0.0,0.0,False,5,1,,,,,,,,,,,,,,,,,,,,,,,,,,,
548,case_4c68746deb,G1_single_agent_rag,False,21,True,normal,[],[],[],,normal,,0.0,0.1555908519261973,0.009219014309158804,0.1971830985915493,0.16746441538210277,4,1,0,0.0,0.0,False,4,1,,,,,,,,,,,,,,,,,,,,,,,,,,,
569,case_9d07911f58,B0_rule_based,True,37,True,abnormal,"['Atelectasis', 'Fracture', 'Lung Opacity', 'Pleural Effusion', 'Pleural Other', 'Pneumothorax', 'Support Devices']","['Atelectasis', 'Fracture', 'Lung Opacity', 'Pleural Effusion', 'Pleural Other', 'Pneumothorax', 'Support Devices']","['Atelectasis', 'Fracture', 'Lung Opacity', 'Pleural Effusion', 'Pleural Other', 'Pneumothorax', 'Support Devices']","['Lung Opacity', 'Support Devices']",abnormal,abnormal,0.0,0.01988466337659575,0.0011923162356341052,0.09836065573770493,0.062142177374280565,8,1,0,0.0,0.0,False,8,0,2.0,5.0,0.0,1.0,0.0,2.0,5.0,0.0,1.0,0.0,4.0,3.0,0.0,1.0,0.0,5.0,5.0,2.0,2.0,5.0,5.0,2.0,2.0,4.0,0.0,3.0,0.0
569,case_9d07911f58,G1A_llm_no_retrieval,True,15,True,abnormal,"['Atelectasis', 'Lung Opacity', 'Pneumonia']",['Lung Opacity'],"['Atelectasis', 'Fracture', 'Lung Opacity', 'Pleural Effusion', 'Pleural Other', 'Pneumothorax', 'Support Devices']","['Lung Opacity', 'Support Devices']",abnormal,abnormal,0.0,8.593305519951541e-05,8.382592642819815e-06,0.07453416149068322,0.03009781790820166,2,1,0,0.0,0.0,False,2,0,1.0,2.0,1.0,1.0,1.0,1.0,0.0,1.0,0.0,1.0,2.0,1.0,2.0,1.0,1.0,5.0,1.0,2.0,1.0,5.0,0.0,2.0,1.0,0.0,0.0,2.0,1.0
569,case_9d07911f58,G1B_llm_sham_retrieval,True,13,True,abnormal,"['Atelectasis', 'Lung Opacity']",['Lung Opacity'],"['Atelectasis', 'Fracture', 'Lung Opacity', 'Pleural Effusion', 'Pleural Other', 'Pneumothorax', 'Support Devices']","['Lung Opacity', 'Support Devices']",abnormal,abnormal,0.0,1.9408325408650937e-05,2.131860978016956e-06,0.06289308176100629,0.026375282592313486,2,1,0,0.0,0.0,False,2,0,1.0,1.0,1.0,1.0,1.0,1.0,0.0,1.0,0.0,1.0,2.0,0.0,2.0,0.0,1.0,5.0,1.0,2.0,1.0,5.0,0.0,2.0,1.0,1.0,0.0,1.0,0.0
569,case_9d07911f58,G1_single_agent_rag,True,27,True,abnormal,"['Atelectasis', 'Lung Opacity']",['Lung Opacity'],"['Atelectasis', 'Fracture', 'Lung Opacity', 'Pleural Effusion', 'Pleural Other', 'Pneumothorax', 'Support Devices']","['Lung Opacity', 'Support Devices']",abnormal,abnormal,0.0,0.006770407022931787,0.00046593552064246664,0.10404624277456648,0.06638495318584803,4,2,0,0.0,0.0,False,4,1,1.0,1.0,1.0,1.0,1.0,1.0,0.0,1.0,0.0,1.0,2.0,0.0,2.0,0.0,1.0,5.0,1.0,2.0,1.0,5.0,0.0,2.0,1.0,0.0,0.0,2.0,0.0
573,case_d400069bfb,B0_rule_based,True,6,True,abnormal,['Lung Opacity'],['Lung Opacity'],['Lung Opacity'],"['Lung Opacity', 'Support Devices']",abnormal,abnormal,0.0,2.056830068111326e-05,5.038184154486719e-06,0.0303030303030303,0.009157509157509156,2,0,0,0.0,0.0,False,2,0,1.0,0.0,1.0,0.0,1.0,1.0,0.0,1.0,0.0,1.0,1.0,0.0,2.0,0.0,1.0,0.0,0.0,1.0,1.0,0.0,0.0,1.0,1.0,0.0,0.0,1.0,0.0
573,case_d400069bfb,G1A_llm_no_retrieval,True,11,True,abnormal,['Lung Opacity'],['Lung Opacity'],['Lung Opacity'],"['Lung Opacity', 'Support Devices']",abnormal,abnormal,0.0,0.004227492014123092,0.0005511238328957003,0.11267605633802817,0.036297640653357534,2,1,0,0.0,0.0,False,2,0,1.0,0.0,1.0,0.0,1.0,1.0,0.0,1.0,0.0,1.0,1.0,0.0,2.0,0.0,1.0,0.0,0.0,1.0,1.0,0.0,0.0,1.0,1.0,0.0,0.0,1.0,0.0
573,case_d400069bfb,G1B_llm_sham_retrieval,True,58,True,normal,[],[],['Lung Opacity'],"['Lung Opacity', 'Support Devices']",abnormal,abnormal,0.0,0.31648267127562635,0.06005121983565508,0.16949152542372883,0.1826494594168929,11,5,5,1.0,1.0,True,11,8,0.0,0.0,2.0,0.0,1.0,0.0,0.0,2.0,0.0,1.0,0.0,0.0,3.0,0.0,1.0,0.0,0.0,1.0,0.0,0.0,0.0,1.0,0.0,0.0,0.0,0.0,0.0
573,case_d400069bfb,G1_single_agent_rag,True,37,True,abnormal,"['Atelectasis', 'Lung Opacity']",['Lung Opacity'],['Lung Opacity'],"['Lung Opacity', 'Support Devices']",abnormal,abnormal,0.0,0.24676317938269282,0.02705019537850335,0.2268041237113402,0.21235000269860213,4,4,1,0.25,0.16666666666666666,False,4,0,1.0,1.0,1.0,1.0,1.0,1.0,0.0,1.0,0.0,1.0,2.0,0.0,1.0,0.0,1.0,0.0,0.0,1.0,1.0,0.0,0.0,1.0,1.0,0.0,1.0,1.0,0.0
578,case_38d53752e0,B0_rule_based,False,10,True,normal,[],[],[],,normal,,0.0,0.02252460119677891,0.002528261393652923,0.19607843137254902,0.06596306068601583,2,1,0,0.0,0.0,False,2,0,,,,,,,,,,,,,,,,,,,,,,,,,,,
578,case_38d53752e0,G1A_llm_no_retrieval,False,10,True,abnormal,['Enlarged Cardiomediastinum'],['Enlarged Cardiomediastinum'],[],,normal,,0.0,0.02252460119677891,0.0030066264379187513,0.11764705882352941,0.11767810026385224,2,1,0,0.0,0.0,False,2,0,,,,,,,,,,,,,,,,,,,,,,,,,,,
578,case_38d53752e0,G1B_llm_sham_retrieval,False,19,True,normal,[],[],[],,normal,,0.0,0.14880640120281208,0.05239828548576551,0.23333333333333336,0.17738958890161638,4,1,0,0.0,0.0,False,4,3,,,,,,,,,,,,,,,,,,,,,,,,,,,
578,case_38d53752e0,G1_single_agent_rag,False,21,True,normal,[],[],[],,normal,,0.0,0.2020968750057317,0.01502089615072065,0.22580645161290325,0.2048103411739775,4,1,0,0.0,0.0,False,4,1,,,,,,,,,,,,,,,,,,,,,,,,,,,
579,case_9426363908,B0_rule_based,True,10,True,normal,[],[],[],[],normal,normal,0.0,0.07257436263153001,0.028339743727646197,0.3181818181818182,0.16836431962025314,2,1,0,0.0,0.0,False,2,0,0.0,0.0,0.0,0.0,0.0,0.0,0.0,0.0,0.0,0.0,0.0,0.0,0.0,0.0,0.0,0.0,0.0,0.0,0.0,0.0,0.0,0.0,0.0,0.0,0.0,0.0,0.0
579,case_9426363908,G1A_llm_no_retrieval,True,10,True,abnormal,['Enlarged Cardiomediastinum'],['Enlarged Cardiomediastinum'],[],[],normal,normal,0.0,0.018143590657882503,0.002276895549639941,0.0909090909090909,0.03164556962025316,2,1,0,0.0,0.0,False,2,0,0.0,1.0,0.0,1.0,0.0,0.0,1.0,0.0,1.0,0.0,0.0,1.0,0.0,1.0,0.0,0.0,0.0,0.0,0.0,0.0,0.0,0.0,0.0,0.0,0.0,0.0,1.0
579,case_9426363908,G1B_llm_sham_retrieval,True,21,True,normal,[],[],[],[],normal,normal,0.0,0.4358937697358347,0.17298364482521156,0.43636363636363634,0.42845200681459844,4,1,0,0.0,0.0,False,4,1,0.0,0.0,0.0,0.0,0.0,0.0,0.0,0.0,0.0,0.0,0.0,0.0,0.0,0.0,0.0,0.0,0.0,0.0,0.0,0.0,0.0,0.0,0.0,0.0,0.0,0.0,0.0
579,case_9426363908,G1_single_agent_rag,True,21,True,normal,[],[],[],[],normal,normal,0.0,0.2564080998446086,0.020469748161080364,0.32727272727272727,0.22752293577981653,4,1,0,0.0,0.0,False,4,1,0.0,0.0,0.0,0.0,0.0,0.0,0.0,0.0,0.0,0.0,0.0,0.0,0.0,0.0,0.0,0.0,0.0,0.0,0.0,0.0,0.0,0.0,0.0,0.0,0.0,0.0,0.0
580,case_5ad5f6b856,B0_rule_based,False,10,True,normal,[],[],[],,normal,,0.0,0.07397908918248194,0.012180367867182329,0.17647058823529413,0.11307767944936085,2,1,0,0.0,0.0,False,2,0,,,,,,,,,,,,,,,,,,,,,,,,,,,
580,case_5ad5f6b856,G1A_llm_no_retrieval,False,10,True,abnormal,['Enlarged Cardiomediastinum'],['Enlarged Cardiomediastinum'],[],,normal,,0.0,0.024659696394160654,0.005204512922773221,0.058823529411764705,0.02212389380530973,2,1,0,0.0,0.0,False,2,0,,,,,,,,,,,,,,,,,,,,,,,,,,,
580,case_5ad5f6b856,G1B_llm_sham_retrieval,False,20,True,normal,[],[],[],,normal,,0.0,0.40936537653899097,0.14020543456723472,0.2727272727272727,0.2692796610169491,4,1,0,0.0,0.0,False,4,1,,,,,,,,,,,,,,,,,,,,,,,,,,,
580,case_5ad5f6b856,G1_single_agent_rag,False,21,True,normal,[],[],[],,normal,,0.0,0.5366386998453506,0.03998226756776899,0.35555555555555557,0.38236836192045537,4,1,0,0.0,0.0,False,4,1,,,,,,,,,,,,,,,,,,,,,,,,,,,
582,case_96d420b0f4,B0_rule_based,True,10,True,normal,[],[],[],[],normal,normal,0.0,0.11156508007421491,0.02930714127191787,0.28571428571428575,0.10638297872340426,2,1,0,0.0,0.0,False,2,0,0.0,0.0,0.0,0.0,0.0,0.0,0.0,0.0,0.0,0.0,0.0,0.0,0.0,0.0,0.0,0.0,0.0,0.0,0.0,0.0,0.0,0.0,0.0,0.0,0.0,0.0,0.0
582,case_96d420b0f4,G1A_llm_no_retrieval,True,10,True,abnormal,['Enlarged Cardiomediastinum'],['Enlarged Cardiomediastinum'],[],[],normal,normal,0.0,0.044626032029685965,0.009958825942194728,0.11428571428571428,0.07978723404255318,2,1,0,0.0,0.0,False,2,0,0.0,1.0,0.0,1.0,0.0,0.0,1.0,0.0,1.0,0.0,0.0,1.0,0.0,1.0,0.0,0.0,0.0,0.0,0.0,0.0,0.0,0.0,0.0,0.0,0.0,0.0,1.0
582,case_96d420b0f4,G1B_llm_sham_retrieval,True,22,True,normal,[],[],[],[],normal,normal,0.0,0.6345638493595809,0.2889649116814955,0.5531914893617023,0.6072874493927125,4,2,1,0.5,0.6,False,4,1,0.0,0.0,0.0,0.0,0.0,0.0,0.0,0.0,0.0,0.0,0.0,0.0,0.0,0.0,0.0,0.0,0.0,0.0,0.0,0.0,0.0,0.0,0.0,0.0,0.0,0.0,0.0
582,case_96d420b0f4,G1_single_agent_rag,True,21,True,normal,[],[],[],[],normal,normal,0.0,0.3542423304103877,0.02765518185853166,0.21739130434782608,0.1829268292682927,4,1,0,0.0,0.0,False,4,1,0.0,0.0,0.0,0.0,0.0,0.0,0.0,0.0,0.0,0.0,0.0,0.0,0.0,0.0,0.0,0.0,0.0,0.0,0.0,0.0,0.0,0.0,0.0,0.0,0.0,0.0,0.0
583,case_ee7d03c9e8,B0_rule_based,False,10,True,normal,[],[],[],,normal,,0.0,0.029709431285733553,0.0022168775775719763,0.13043478260869565,0.05988023952095808,2,1,0,0.0,0.0,False,2,0,,,,,,,,,,,,,,,,,,,,,,,,,,,
583,case_ee7d03c9e8,G1A_llm_no_retrieval,False,10,True,abnormal,['Enlarged Cardiomediastinum'],['Enlarged Cardiomediastinum'],[],,normal,,0.0,0.000742735782143339,0.0008815089233515002,0.0,0.0,2,1,0,0.0,0.0,False,2,0,,,,,,,,,,,,,,,,,,,,,,,,,,,
583,case_ee7d03c9e8,G1B_llm_sham_retrieval,False,22,True,normal,[],[],[],,normal,,0.0,0.2164963669772933,0.014160709663732824,0.2413793103448276,0.16877185470634415,4,2,0,0.0,0.0,False,4,1,,,,,,,,,,,,,,,,,,,,,,,,,,,
583,case_ee7d03c9e8,G1_single_agent_rag,False,21,True,normal,[],[],[],,normal,,0.0,0.20980356838155134,0.013773091542731288,0.17543859649122806,0.16926104848810164,4,1,0,0.0,0.0,False,4,1,,,,,,,,,,,,,,,,,,,,,,,,,,,
584,case_342fe8c50f,B0_rule_based,True,10,True,normal,[],[],[],[],normal,normal,0.0,0.06766764161830635,0.03759098586913923,0.25,0.15928571428571428,2,1,0,0.0,0.0,False,2,0,0.0,0.0,0.0,0.0,0.0,0.0,0.0,0.0,0.0,0.0,0.0,0.0,0.0,0.0,0.0,0.0,0.0,0.0,0.0,0.0,0.0,0.0,0.0,0.0,0.0,0.0,0.0
584,case_342fe8c50f,G1A_llm_no_retrieval,True,10,True,abnormal,['Enlarged Cardiomediastinum'],['Enlarged Cardiomediastinum'],[],[],normal,normal,0.0,0.0013533528323661276,0.0016062139819507648,0.0,0.0,2,1,0,0.0,0.0,False,2,0,0.0,1.0,0.0,1.0,0.0,0.0,1.0,0.0,1.0,0.0,0.0,1.0,0.0,1.0,0.0,0.0,0.0,0.0,0.0,0.0,0.0,0.0,0.0,0.0,0.0,0.0,1.0
584,case_342fe8c50f,G1B_llm_sham_retrieval,True,22,True,normal,[],[],[],[],normal,normal,0.0,0.3159745129085813,0.060390460434677544,0.34615384615384615,0.2837328767123288,4,2,0,0.0,0.0,False,4,1,0.0,0.0,0.0,0.0,0.0,0.0,0.0,0.0,0.0,0.0,0.0,0.0,0.0,0.0,0.0,0.0,0.0,0.0,0.0,0.0,0.0,0.0,0.0,0.0,0.0,0.0,0.0
584,case_342fe8c50f,G1_single_agent_rag,True,21,True,normal,[],[],[],[],normal,normal,0.0,0.2791881675133095,0.02179581287302972,0.27450980392156865,0.20067031521785247,4,1,0,0.0,0.0,False,4,1,0.0,0.0,0.0,0.0,0.0,0.0,0.0,0.0,0.0,0.0,0.0,0.0,0.0,0.0,0.0,0.0,0.0,0.0,0.0,0.0,0.0,0.0,0.0,0.0,0.0,0.0,0.0
586,case_7dab9325df,B0_rule_based,True,19,True,abnormal,"['Cardiomegaly', 'Consolidation', 'Lung Opacity', 'Pneumonia']","['Cardiomegaly', 'Consolidation', 'Lung Opacity', 'Pneumonia']","['Cardiomegaly', 'Consolidation', 'Lung Opacity', 'Pneumonia']","['Atelectasis', 'Cardiomegaly', 'Lung Opacity']",abnormal,abnormal,0.0,0.03991917027870171,0.0014862931363299786,0.16470588235294117,0.0734094616639478,5,1,0,0.0,0.0,False,5,0,2.0,2.0,1.0,1.0,1.0,2.0,2.0,1.0,1.0,1.0,2.0,2.0,1.0,1.0,1.0,2.0,2.0,2.0,2.0,2.0,2.0,2.0,2.0,2.0,0.0,2.0,0.0
586,case_7dab9325df,G1A_llm_no_retrieval,True,16,True,abnormal,"['Cardiomegaly', 'Consolidation', 'Lung Opacity']","['Cardiomegaly', 'Consolidation', 'Lung Opacity']","['Cardiomegaly', 'Consolidation', 'Lung Opacity', 'Pneumonia']","['Atelectasis', 'Cardiomegaly', 'Lung Opacity']",abnormal,abnormal,0.0,0.024714525163166676,0.000936094544022951,0.17073170731707316,0.07377049180327867,4,1,0,0.0,0.0,False,4,0,2.0,1.0,1.0,1.0,1.0,2.0,1.0,1.0,1.0,1.0,2.0,1.0,1.0,1.0,1.0,2.0,1.0,2.0,2.0,2.0,1.0,2.0,2.0,1.0,0.0,2.0,0.0
586,case_7dab9325df,G1B_llm_sham_retrieval,True,13,True,normal,[],[],"['Cardiomegaly', 'Consolidation', 'Lung Opacity', 'Pneumonia']","['Atelectasis', 'Cardiomegaly', 'Lung Opacity']",abnormal,abnormal,0.0,0.007827493265277903,0.00041240440577496,0.12658227848101267,0.04942339373970346,3,0,0,0.0,0.0,False,3,1,0.0,0.0,3.0,0.0,1.0,0.0,0.0,3.0,0.0,1.0,0.0,0.0,3.0,0.0,1.0,2.0,0.0,2.0,0.0,2.0,0.0,2.0,0.0,0.0,0.0,0.0,0.0
586,case_7dab9325df,G1_single_agent_rag,True,19,True,abnormal,"['Cardiomegaly', 'Lung Opacity']","['Cardiomegaly', 'Lung Opacity']","['Cardiomegaly', 'Consolidation', 'Lung Opacity', 'Pneumonia']","['Atelectasis', 'Cardiomegaly', 'Lung Opacity']",abnormal,abnormal,0.0,0.035483706914401524,0.0025663526961637543,0.16470588235294117,0.0867913947797716,6,0,0,0.0,0.0,False,6,0,2.0,0.0,1.0,0.0,1.0,2.0,0.0,1.0,0.0,1.0,2.0,0.0,1.0,0.0,1.0,2.0,0.0,2.0,2.0,2.0,0.0,2.0,2.0,0.0,0.0,2.0,0.0
601,case_54ad53f588,B0_rule_based,True,21,True,abnormal,"['Consolidation', 'Lung Opacity', 'Pneumonia', 'Support Devices']","['Consolidation', 'Lung Opacity', 'Pneumonia', 'Support Devices']","['Consolidation', 'Lung Opacity', 'Pneumonia', 'Support Devices']","['Lung Opacity', 'Support Devices']",abnormal,abnormal,0.0,0.00028682699173055435,0.00030940010990584494,0.0,0.0,5,1,0,0.0,0.0,False,5,0,2.0,2.0,0.0,1.0,0.0,2.0,2.0,0.0,1.0,0.0,3.0,1.0,1.0,1.0,1.0,2.0,2.0,2.0,2.0,2.0,2.0,2.0,2.0,3.0,0.0,1.0,0.0
601,case_54ad53f588,G1A_llm_no_retrieval,True,23,True,normal,[],[],"['Consolidation', 'Lung Opacity', 'Pneumonia', 'Support Devices']","['Lung Opacity', 'Support Devices']",abnormal,abnormal,0.0,0.04012082259651222,0.002675843428749311,0.15533980582524273,0.10750475512496802,5,0,0,0.0,0.0,False,5,1,0.0,0.0,2.0,0.0,1.0,0.0,0.0,2.0,0.0,1.0,0.0,0.0,4.0,0.0,1.0,2.0,0.0,2.0,0.0,2.0,0.0,2.0,0.0,0.0,0.0,0.0,0.0
601,case_54ad53f588,G1B_llm_sham_retrieval,True,35,True,abnormal,"['Atelectasis', 'Lung Opacity']","['Atelectasis', 'Lung Opacity']","['Consolidation', 'Lung Opacity', 'Pneumonia', 'Support Devices']","['Lung Opacity', 'Support Devices']",abnormal,abnormal,0.0,0.11847987712695618,0.006110812723212099,0.17391304347826086,0.11791022810890361,5,4,4,1.0,1.0,True,5,1,1.0,1.0,1.0,1.0,1.0,1.0,1.0,1.0,1.0,1.0,1.0,1.0,3.0,1.0,1.0,2.0,0.0,2.0,1.0,2.0,0.0,2.0,1.0,0.0,1.0,1.0,0.0
601,case_54ad53f588,G1_single_agent_rag,True,37,True,abnormal,"['Atelectasis', 'Lung Opacity']",['Lung Opacity'],"['Consolidation', 'Lung Opacity', 'Pneumonia', 'Support Devices']","['Lung Opacity', 'Support Devices']",abnormal,abnormal,0.0,0.13526880223198576,0.005575663878386074,0.17094017094017094,0.10568031704095111,4,4,1,0.25,0.16666666666666666,False,4,0,1.0,1.0,1.0,1.0,1.0,1.0,0.0,1.0,0.0,1.0,1.0,1.0,3.0,1.0,1.0,2.0,0.0,2.0,1.0,2.0,0.0,2.0,1.0,0.0,1.0,1.0,0.0
603,case_92a4f7ae42,B0_rule_based,False,10,True,normal,[],[],[],,normal,,0.0,0.02005176874456075,0.00251635874495793,0.0930232558139535,0.03257328990228013,2,1,0,0.0,0.0,False,2,0,,,,,,,,,,,,,,,,,,,,,,,,,,,
603,case_92a4f7ae42,G1A_llm_no_retrieval,False,10,True,abnormal,['Enlarged Cardiomediastinum'],['Enlarged Cardiomediastinum'],[],,normal,,0.0,0.02005176874456075,0.00251635874495793,0.0930232558139535,0.03257328990228013,2,1,0,0.0,0.0,False,2,0,,,,,,,,,,,,,,,,,,,,,,,,,,,
603,case_92a4f7ae42,G1B_llm_sham_retrieval,False,21,True,normal,[],[],[],,normal,,0.0,0.32269606971871956,0.0844979163283141,0.37037037037037035,0.2977594339622642,4,2,1,0.5,0.0,False,4,1,,,,,,,,,,,,,,,,,,,,,,,,,,,
603,case_92a4f7ae42,G1_single_agent_rag,False,22,True,normal,[],[],[],,normal,,0.0,0.38597405618076674,0.04558199957689559,0.2909090909090909,0.3006845371377391,4,2,0,0.0,0.0,False,4,1,,,,,,,,,,,,,,,,,,,,,,,,,,,
608,case_eea3c40b28,B0_rule_based,True,4,True,abnormal,['Fracture'],['Fracture'],['Fracture'],['Fracture'],abnormal,abnormal,0.0,0.0002765421850739168,5.2844047493863976e-05,0.10526315789473684,0.03225806451612903,2,0,0,0.0,0.0,False,2,0,1.0,0.0,0.0,0.0,0.0,1.0,0.0,0.0,0.0,0.0,1.0,0.0,0.0,0.0,0.0,0.0,0.0,1.0,1.0,0.0,0.0,1.0,1.0,0.0,0.0,1.0,0.0
608,case_eea3c40b28,G1A_llm_no_retrieval,True,5,True,abnormal,['Fracture'],['Fracture'],['Fracture'],['Fracture'],abnormal,abnormal,0.0,0.0012110218981503263,0.00019344352272859572,0.10256410256410256,0.03215434083601286,2,0,0,0.0,0.0,False,2,0,1.0,0.0,0.0,0.0,0.0,1.0,0.0,0.0,0.0,0.0,1.0,0.0,0.0,0.0,0.0,0.0,0.0,1.0,1.0,0.0,0.0,1.0,1.0,0.0,0.0,1.0,0.0
608,case_eea3c40b28,G1B_llm_sham_retrieval,True,32,True,normal,[],[],['Fracture'],['Fracture'],abnormal,abnormal,0.0,0.5871331642584223,0.24987327005583035,0.48484848484848486,0.510465976331361,5,3,0,0.0,0.0,False,5,0,0.0,0.0,1.0,0.0,1.0,0.0,0.0,1.0,0.0,1.0,0.0,0.0,1.0,0.0,1.0,0.0,0.0,1.0,0.0,0.0,0.0,1.0,0.0,0.0,0.0,0.0,0.0
608,case_eea3c40b28,G1_single_agent_rag,True,33,True,normal,[],[],['Fracture'],['Fracture'],abnormal,abnormal,0.0,0.49977501705583977,0.12315098493285953,0.35820895522388063,0.36143348541915465,4,2,2,1.0,0.6538461538461539,True,4,0,0.0,0.0,1.0,0.0,1.0,0.0,0.0,1.0,0.0,1.0,0.0,0.0,1.0,0.0,1.0,0.0,0.0,1.0,0.0,0.0,0.0,1.0,0.0,0.0,0.0,0.0,0.0
618,case_d4ad2c6670,B0_rule_based,True,10,True,normal,[],[],[],[],normal,normal,0.0,0.006784279506100467,0.0016103715660178394,0.15873015873015875,0.07638603696098563,2,1,0,0.0,0.0,False,2,0,0.0,0.0,0.0,0.0,0.0,0.0,0.0,0.0,0.0,0.0,0.0,0.0,0.0,0.0,0.0,0.0,0.0,0.0,0.0,0.0,0.0,0.0,0.0,0.0,0.0,0.0,0.0
618,case_d4ad2c6670,G1A_llm_no_retrieval,True,10,True,abnormal,['Enlarged Cardiomediastinum'],['Enlarged Cardiomediastinum'],[],[],normal,normal,0.0,0.0013568559012200937,0.0002863690598361661,0.031746031746031744,0.01026694045174538,2,1,0,0.0,0.0,False,2,0,0.0,1.0,0.0,1.0,0.0,0.0,1.0,0.0,1.0,0.0,0.0,1.0,0.0,1.0,0.0,0.0,0.0,0.0,0.0,0.0,0.0,0.0,0.0,0.0,0.0,0.0,1.0
618,case_d4ad2c6670,G1B_llm_sham_retrieval,True,20,True,normal,[],[],[],[],normal,normal,0.0,0.13443493603452789,0.014888473480116375,0.27397260273972607,0.1929947029113456,4,1,0,0.0,0.0,False,4,1,0.0,0.0,0.0,0.0,0.0,0.0,0.0,0.0,0.0,0.0,0.0,0.0,0.0,0.0,0.0,0.0,0.0,0.0,0.0,0.0,0.0,0.0,0.0,0.0,0.0,0.0,0.0
618,case_d4ad2c6670,G1_single_agent_rag,True,21,True,normal,[],[],[],[],normal,normal,0.0,0.12450301932749853,0.00783342867886221,0.21621621621621623,0.12048192771084339,4,1,0,0.0,0.0,False,4,1,0.0,0.0,0.0,0.0,0.0,0.0,0.0,0.0,0.0,0.0,0.0,0.0,0.0,0.0,0.0,0.0,0.0,0.0,0.0,0.0,0.0,0.0,0.0,0.0,0.0,0.0,0.0
633,case_88766730ee,B0_rule_based,False,10,True,normal,[],[],[],,normal,,0.0,0.020161653821924926,0.001866713113764509,0.0851063829787234,0.04373177842565598,2,1,0,0.0,0.0,False,2,0,,,,,,,,,,,,,,,,,,,,,,,,,,,
633,case_88766730ee,G1A_llm_no_retrieval,False,10,True,abnormal,['Enlarged Cardiomediastinum'],['Enlarged Cardiomediastinum'],[],,normal,,0.0,0.006720551273974977,0.001418395238712075,0.0425531914893617,0.014577259475218658,2,1,0,0.0,0.0,False,2,0,,,,,,,,,,,,,,,,,,,,,,,,,,,
633,case_88766730ee,G1B_llm_sham_retrieval,False,23,True,normal,[],[],[],,normal,,0.0,0.35482177174443824,0.17790921920880237,0.3666666666666667,0.3999375780274656,4,2,0,0.0,0.0,False,4,1,,,,,,,,,,,,,,,,,,,,,,,,,,,
633,case_88766730ee,G1_single_agent_rag,False,21,True,normal,[],[],[],,normal,,0.0,0.26672941808667505,0.018572302223717994,0.3103448275862069,0.26747881355932207,4,1,0,0.0,0.0,False,4,1,,,,,,,,,,,,,,,,,,,,,,,,,,,
648,case_3844d1f786,B0_rule_based,False,13,True,abnormal,"['Enlarged Cardiomediastinum', 'Fracture']","['Enlarged Cardiomediastinum', 'Fracture']","['Enlarged Cardiomediastinum', 'Fracture']",,abnormal,,0.0,0.026247265734104294,0.0018743604252849592,0.10344827586206898,0.04784688995215311,3,0,0,0.0,0.0,False,3,0,,,,,,,,,,,,,,,,,,,,,,,,,,,
648,case_3844d1f786,G1A_llm_no_retrieval,False,13,True,abnormal,"['Enlarged Cardiomediastinum', 'Fracture']","['Enlarged Cardiomediastinum', 'Fracture']","['Enlarged Cardiomediastinum', 'Fracture']",,abnormal,,0.0,0.03280908216763037,0.0019818948510265514,0.06896551724137931,0.05980861244019138,3,0,0,0.0,0.0,False,3,0,,,,,,,,,,,,,,,,,,,,,,,,,,,
648,case_3844d1f786,G1B_llm_sham_retrieval,False,33,True,normal,[],[],"['Enlarged Cardiomediastinum', 'Fracture']",,abnormal,,0.0,0.37916941549029753,0.0808827937043291,0.3333333333333333,0.2920471841704718,5,3,3,1.0,0.6538461538461539,True,5,0,,,,,,,,,,,,,,,,,,,,,,,,,,,
648,case_3844d1f786,G1_single_agent_rag,False,25,True,normal,[],[],"['Enlarged Cardiomediastinum', 'Fracture']",,abnormal,,0.0,0.35946317129377725,0.09627953102413056,0.4,0.40125,4,2,1,0.5,0.1111111111111111,False,4,1,,,,,,,,,,,,,,,,,,,,,,,,,,,
660,case_e811e1fe58,B0_rule_based,False,12,True,indeterminate,[],[],[],,indeterminate,,0.0,0.01573963356979682,0.003217153281103461,0.045454545454545456,0.016666666666666666,2,1,0,0.0,0.0,False,2,2,,,,,,,,,,,,,,,,,,,,,,,,,,,
660,case_e811e1fe58,G1A_llm_no_retrieval,False,15,True,normal,[],[],[],,indeterminate,,0.0,0.08585553907671357,0.006018366227407526,0.12765957446808512,0.066006600660066,2,1,0,0.0,0.0,False,2,1,,,,,,,,,,,,,,,,,,,,,,,,,,,
660,case_e811e1fe58,G1B_llm_sham_retrieval,False,25,True,normal,[],[],[],,indeterminate,,0.0,0.30231349658229023,0.045534136077941975,0.2456140350877193,0.2849840255591054,5,0,0,0.0,0.0,False,5,1,,,,,,,,,,,,,,,,,,,,,,,,,,,
660,case_e811e1fe58,G1_single_agent_rag,False,25,True,normal,[],[],[],,indeterminate,,0.0,0.30231349658229023,0.045534136077941975,0.2456140350877193,0.2849840255591054,5,0,0,0.0,0.0,False,5,1,,,,,,,,,,,,,,,,,,,,,,,,,,,
661,case_6e8f9acf59,B0_rule_based,True,6,True,abnormal,['Pleural Effusion'],['Pleural Effusion'],['Pleural Effusion'],['Support Devices'],abnormal,abnormal,0.0,0.002583975599834886,0.0006329421727397563,0.05405405405405405,0.017543859649122806,2,0,0,0.0,0.0,False,2,0,0.0,1.0,1.0,1.0,1.0,0.0,1.0,1.0,1.0,1.0,0.0,1.0,0.0,1.0,0.0,1.0,1.0,0.0,0.0,1.0,1.0,0.0,0.0,0.0,0.0,1.0,0.0
661,case_6e8f9acf59,G1A_llm_no_retrieval,True,23,True,normal,[],[],['Pleural Effusion'],['Support Devices'],abnormal,abnormal,0.0,0.3070529072599158,0.0432883878064184,0.2222222222222222,0.2743377483443709,5,0,0,0.0,0.0,False,5,1,0.0,0.0,1.0,0.0,1.0,0.0,0.0,1.0,0.0,1.0,0.0,0.0,0.0,0.0,0.0,1.0,0.0,0.0,0.0,1.0,0.0,0.0,0.0,0.0,0.0,0.0,0.0
661,case_6e8f9acf59,G1B_llm_sham_retrieval,True,11,True,normal,[],[],['Pleural Effusion'],['Support Devices'],abnormal,abnormal,0.0,0.029512838396699666,0.0064706792544958125,0.09523809523809523,0.06465517241379311,2,1,0,0.0,0.0,False,2,0,0.0,0.0,1.0,0.0,1.0,0.0,0.0,1.0,0.0,1.0,0.0,0.0,0.0,0.0,0.0,1.0,0.0,0.0,0.0,1.0,0.0,0.0,0.0,0.0,0.0,0.0,0.0
661,case_6e8f9acf59,G1_single_agent_rag,True,28,True,abnormal,"['Atelectasis', 'Pleural Effusion']","['Atelectasis', 'Pleural Effusion']",['Pleural Effusion'],['Support Devices'],abnormal,abnormal,0.0,0.19251371171744375,0.009443815044944967,0.20338983050847456,0.09771986970684039,5,2,2,1.0,1.0,True,5,2,0.0,2.0,1.0,1.0,1.0,0.0,2.0,1.0,1.0,1.0,0.0,2.0,0.0,1.0,0.0,1.0,1.0,0.0,0.0,1.0,1.0,0.0,0.0,0.0,1.0,1.0,0.0
665,case_b580fd16d2,B0_rule_based,True,4,True,abnormal,['Cardiomegaly'],['Cardiomegaly'],['Cardiomegaly'],['Cardiomegaly'],abnormal,abnormal,0.0,0.09196986029286058,0.029556479778261396,0.16666666666666666,0.06578947368421052,2,0,0,0.0,0.0,False,2,0,1.0,0.0,0.0,0.0,0.0,1.0,0.0,0.0,0.0,0.0,1.0,0.0,0.0,0.0,0.0,0.0,0.0,1.0,1.0,0.0,0.0,1.0,1.0,0.0,0.0,1.0,0.0
665,case_b580fd16d2,G1A_llm_no_retrieval,True,9,True,abnormal,['Cardiomegaly'],['Cardiomegaly'],['Cardiomegaly'],['Cardiomegaly'],abnormal,abnormal,0.0,0.3333333333333333,0.031559845391129444,0.23529411764705882,0.1851851851851852,3,0,0,0.0,0.0,False,3,1,1.0,0.0,0.0,0.0,0.0,1.0,0.0,0.0,0.0,0.0,1.0,0.0,0.0,0.0,0.0,0.0,0.0,1.0,1.0,0.0,0.0,1.0,1.0,0.0,0.0,1.0,0.0
665,case_b580fd16d2,G1B_llm_sham_retrieval,True,23,True,normal,[],[],['Cardiomegaly'],['Cardiomegaly'],abnormal,abnormal,0.0,0.17391304347826086,0.020828838183973023,0.25806451612903225,0.33223684210526316,4,2,1,0.5,0.0,False,4,1,0.0,0.0,1.0,0.0,1.0,0.0,0.0,1.0,0.0,1.0,0.0,0.0,1.0,0.0,1.0,0.0,0.0,1.0,0.0,0.0,0.0,1.0,0.0,0.0,0.0,0.0,0.0
665,case_b580fd16d2,G1_single_agent_rag,True,9,True,abnormal,['Cardiomegaly'],['Cardiomegaly'],['Cardiomegaly'],['Cardiomegaly'],abnormal,abnormal,0.0,0.2222222222222222,0.028517539529041496,0.23529411764705882,0.1234567901234568,3,0,0,0.0,0.0,False,3,1,1.0,0.0,0.0,0.0,0.0,1.0,0.0,0.0,0.0,0.0,1.0,0.0,0.0,0.0,0.0,0.0,0.0,1.0,1.0,0.0,0.0,1.0,1.0,0.0,0.0,1.0,0.0
668,case_4bab7bd670,B0_rule_based,True,4,True,abnormal,['Atelectasis'],['Atelectasis'],['Atelectasis'],[],abnormal,normal,0.0,0.00010768563514392188,3.460707983469272e-05,0.05128205128205128,0.01567398119122257,2,0,0,0.0,0.0,False,2,0,0.0,1.0,0.0,1.0,0.0,0.0,1.0,0.0,1.0,0.0,0.0,1.0,0.0,1.0,0.0,1.0,1.0,0.0,0.0,1.0,1.0,0.0,0.0,0.0,0.0,1.0,0.0
668,case_4bab7bd670,G1A_llm_no_retrieval,True,15,True,abnormal,['Atelectasis'],['Atelectasis'],['Atelectasis'],[],abnormal,normal,0.0,0.12301199778733914,0.011984963795496975,0.27999999999999997,0.173469387755102,4,0,0,0.0,0.0,False,4,1,0.0,1.0,0.0,1.0,0.0,0.0,1.0,0.0,1.0,0.0,0.0,1.0,0.0,1.0,0.0,1.0,1.0,0.0,0.0,1.0,1.0,0.0,0.0,0.0,0.0,1.0,0.0
668,case_4bab7bd670,G1B_llm_sham_retrieval,True,26,True,normal,[],[],['Atelectasis'],[],abnormal,normal,0.0,0.43532532147942254,0.1780511607037782,0.42622950819672134,0.4398826979472141,4,2,1,0.5,0.15789473684210525,False,4,1,0.0,0.0,0.0,0.0,0.0,0.0,0.0,0.0,0.0,0.0,0.0,0.0,0.0,0.0,0.0,1.0,0.0,0.0,0.0,1.0,0.0,0.0,0.0,0.0,0.0,0.0,0.0
668,case_4bab7bd670,G1_single_agent_rag,True,8,True,abnormal,['Atelectasis'],['Atelectasis'],['Atelectasis'],[],abnormal,normal,0.0,0.00042772647889582563,0.0005344767318003792,0.0,0.0,2,1,0,0.0,0.0,False,2,0,0.0,1.0,0.0,1.0,0.0,0.0,1.0,0.0,1.0,0.0,0.0,1.0,0.0,1.0,0.0,1.0,1.0,0.0,0.0,1.0,1.0,0.0,0.0,0.0,0.0,1.0,0.0
672,case_5e32086e6d,B0_rule_based,True,21,True,abnormal,"['Consolidation', 'Lung Opacity', 'Pleural Effusion', 'Pneumonia']","['Consolidation', 'Lung Opacity', 'Pleural Effusion', 'Pneumonia']","['Consolidation', 'Lung Opacity', 'Pleural Effusion', 'Pneumonia']","['Cardiomegaly', 'Edema']",abnormal,abnormal,0.0,0.047619047619047616,0.009134423666564478,0.057142857142857134,0.03401360544217687,5,1,0,0.0,0.0,False,5,0,0.0,4.0,2.0,1.0,1.0,0.0,4.0,2.0,1.0,1.0,0.0,4.0,2.0,1.0,1.0,4.0,4.0,0.0,0.0,4.0,4.0,0.0,0.0,2.0,0.0,2.0,0.0
672,case_5e32086e6d,G1A_llm_no_retrieval,True,10,True,abnormal,"['Consolidation', 'Pneumonia']","['Consolidation', 'Pneumonia']","['Consolidation', 'Lung Opacity', 'Pleural Effusion', 'Pneumonia']","['Cardiomegaly', 'Edema']",abnormal,abnormal,0.0,0.006703200460356396,0.007955629933118928,0.0,0.0,2,1,0,0.0,0.0,False,2,0,0.0,2.0,2.0,1.0,1.0,0.0,2.0,2.0,1.0,1.0,0.0,2.0,2.0,1.0,1.0,4.0,2.0,0.0,0.0,4.0,2.0,0.0,0.0,1.0,0.0,1.0,0.0
672,case_5e32086e6d,G1B_llm_sham_retrieval,True,18,True,normal,[],[],"['Consolidation', 'Lung Opacity', 'Pleural Effusion', 'Pneumonia']","['Cardiomegaly', 'Edema']",abnormal,abnormal,0.0,0.005555555555555555,0.006074588070876686,0.0,0.0,4,0,0,0.0,0.0,False,4,1,0.0,0.0,2.0,0.0,1.0,0.0,0.0,2.0,0.0,1.0,0.0,0.0,2.0,0.0,1.0,4.0,0.0,0.0,0.0,4.0,0.0,0.0,0.0,0.0,0.0,0.0,0.0
672,case_5e32086e6d,G1_single_agent_rag,True,37,True,abnormal,"['Lung Opacity', 'Pneumonia']",['Lung Opacity'],"['Consolidation', 'Lung Opacity', 'Pleural Effusion', 'Pneumonia']","['Cardiomegaly', 'Edema']",abnormal,abnormal,0.0,0.02702702702702703,0.005011724662824513,0.0392156862745098,0.030674846625766874,5,4,0,0.0,0.0,False,5,1,0.0,2.0,2.0,1.0,1.0,0.0,1.0,2.0,1.0,1.0,0.0,2.0,2.0,1.0,1.0,4.0,2.0,0.0,0.0,4.0,1.0,0.0,0.0,0.0,0.0,2.0,0.0
683,case_2cbd7063b7,B0_rule_based,True,4,True,abnormal,['Fracture'],['Fracture'],['Fracture'],[],abnormal,normal,0.0,0.0002927199051977936,9.407179625067667e-05,0.05714285714285715,0.017667844522968195,2,0,0,0.0,0.0,False,2,0,0.0,1.0,0.0,1.0,0.0,0.0,1.0,0.0,1.0,0.0,0.0,1.0,0.0,1.0,0.0,1.0,1.0,0.0,0.0,1.0,1.0,0.0,0.0,0.0,0.0,1.0,0.0
683,case_2cbd7063b7,G1A_llm_no_retrieval,True,5,True,abnormal,['Fracture'],['Fracture'],['Fracture'],[],abnormal,normal,0.0,0.0011033128841521544,0.0002963967126758541,0.05555555555555555,0.0176056338028169,2,0,0,0.0,0.0,False,2,0,0.0,1.0,0.0,1.0,0.0,0.0,1.0,0.0,1.0,0.0,0.0,1.0,0.0,1.0,0.0,1.0,1.0,0.0,0.0,1.0,1.0,0.0,0.0,0.0,0.0,1.0,0.0
683,case_2cbd7063b7,G1B_llm_sham_retrieval,True,5,True,abnormal,['Fracture'],['Fracture'],['Fracture'],[],abnormal,normal,0.0,0.0011033128841521544,0.0002963967126758541,0.05555555555555555,0.0176056338028169,2,0,0,0.0,0.0,False,2,0,0.0,1.0,0.0,1.0,0.0,0.0,1.0,0.0,1.0,0.0,0.0,1.0,0.0,1.0,0.0,1.0,1.0,0.0,0.0,1.0,1.0,0.0,0.0,1.0,0.0,0.0,0.0
683,case_2cbd7063b7,G1_single_agent_rag,True,33,True,normal,[],[],['Fracture'],[],abnormal,normal,0.0,0.5757575757575758,0.1419732444669404,0.40625,0.42714326301583927,4,2,2,1.0,0.6538461538461539,True,4,0,0.0,0.0,0.0,0.0,0.0,0.0,0.0,0.0,0.0,0.0,0.0,0.0,0.0,0.0,0.0,1.0,0.0,0.0,0.0,1.0,0.0,0.0,0.0,0.0,0.0,0.0,0.0
687,case_bdc4b0c67d,B0_rule_based,False,10,True,normal,[],[],[],,normal,,0.0,0.012361763235169694,0.00293428830605541,0.14035087719298245,0.0859122401847575,2,1,0,0.0,0.0,False,2,0,,,,,,,,,,,,,,,,,,,,,,,,,,,
687,case_bdc4b0c67d,G1A_llm_no_retrieval,False,10,True,abnormal,['Enlarged Cardiomediastinum'],['Enlarged Cardiomediastinum'],[],,normal,,0.0,0.004944705294067878,0.0006205264266945366,0.07017543859649122,0.023094688221709004,2,1,0,0.0,0.0,False,2,0,,,,,,,,,,,,,,,,,,,,,,,,,,,
687,case_bdc4b0c67d,G1B_llm_sham_retrieval,False,18,True,normal,[],[],[],,normal,,0.0,0.14420296227126245,0.04930157906953301,0.3384615384615385,0.2458774436796415,4,1,0,0.0,0.0,False,4,1,,,,,,,,,,,,,,,,,,,,,,,,,,,
687,case_bdc4b0c67d,G1_single_agent_rag,False,21,True,normal,[],[],[],,normal,,0.0,0.16567768643812542,0.008765537103914795,0.20588235294117646,0.13513513513513514,4,1,0,0.0,0.0,False,4,1,,,,,,,,,,,,,,,,,,,,,,,,,,,
688,case_b7f222914f,B0_rule_based,True,15,True,abnormal,"['Atelectasis', 'Lung Opacity', 'Pneumonia']","['Atelectasis', 'Lung Opacity', 'Pneumonia']","['Atelectasis', 'Lung Opacity', 'Pneumonia']","['Atelectasis', 'Lung Opacity', 'Pleural Other']",abnormal,abnormal,0.0,0.0003039606551848387,1.8023749985523223e-05,0.07407407407407407,0.022831050228310504,4,0,0,0.0,0.0,False,4,0,2.0,1.0,1.0,1.0,1.0,2.0,1.0,1.0,1.0,1.0,2.0,1.0,0.0,1.0,0.0,1.0,1.0,2.0,2.0,1.0,1.0,2.0,2.0,1.0,0.0,2.0,0.0
688,case_b7f222914f,G1A_llm_no_retrieval,True,18,True,abnormal,"['Atelectasis', 'Pneumonia']",[],"['Atelectasis', 'Lung Opacity', 'Pneumonia']","['Atelectasis', 'Lung Opacity', 'Pleural Other']",abnormal,abnormal,0.0,0.001345313408625184,0.00012854251053124403,0.08695652173913045,0.03187613843351548,2,1,0,0.0,0.0,False,2,1,1.0,1.0,2.0,1.0,1.0,0.0,0.0,3.0,0.0,1.0,1.0,1.0,1.0,1.0,1.0,1.0,1.0,2.0,1.0,1.0,0.0,2.0,0.0,1.0,0.0,1.0,0.0
688,case_b7f222914f,G1B_llm_sham_retrieval,True,20,True,normal,[],[],"['Atelectasis', 'Lung Opacity', 'Pneumonia']","['Atelectasis', 'Lung Opacity', 'Pleural Other']",abnormal,abnormal,0.0,0.004379665549405554,0.001533521902667871,0.1571428571428571,0.07170521785906399,4,1,0,0.0,0.0,False,4,1,0.0,0.0,3.0,0.0,1.0,0.0,0.0,3.0,0.0,1.0,0.0,0.0,2.0,0.0,1.0,1.0,0.0,2.0,0.0,1.0,0.0,2.0,0.0,0.0,0.0,0.0,0.0
688,case_b7f222914f,G1_single_agent_rag,True,35,True,abnormal,"['Atelectasis', 'Lung Opacity']",['Lung Opacity'],"['Atelectasis', 'Lung Opacity', 'Pneumonia']","['Atelectasis', 'Lung Opacity', 'Pleural Other']",abnormal,abnormal,0.0,0.04030294370850626,0.0021917570849773636,0.16774193548387098,0.07174887892376682,5,4,1,0.25,0.17857142857142858,False,5,1,2.0,0.0,1.0,0.0,1.0,1.0,0.0,2.0,0.0,1.0,2.0,0.0,0.0,0.0,0.0,1.0,0.0,2.0,2.0,1.0,0.0,2.0,1.0,0.0,0.0,2.0,0.0
689,case_4d4d8f4499,B0_rule_based,True,17,True,abnormal,"['Lung Lesion', 'Lung Opacity']","['Lung Lesion', 'Lung Opacity']","['Lung Lesion', 'Lung Opacity']",['Lung Lesion'],abnormal,abnormal,0.0,0.006816008012076837,0.0003986157557505726,0.0816326530612245,0.03351206434316355,3,2,0,0.0,0.0,False,3,0,1.0,1.0,0.0,1.0,0.0,1.0,1.0,0.0,1.0,0.0,1.0,1.0,0.0,1.0,0.0,1.0,1.0,1.0,1.0,1.0,1.0,1.0,1.0,1.0,0.0,1.0,0.0
689,case_4d4d8f4499,G1A_llm_no_retrieval,True,22,True,abnormal,['Lung Opacity'],['Lung Opacity'],"['Lung Lesion', 'Lung Opacity']",['Lung Lesion'],abnormal,abnormal,0.5,0.031108457787669457,0.0022358994444488284,0.13592233009708737,0.08462050599201065,2,2,0,0.0,0.0,False,2,0,0.0,1.0,1.0,1.0,1.0,0.0,1.0,1.0,1.0,1.0,0.0,1.0,1.0,1.0,1.0,1.0,1.0,1.0,0.0,1.0,1.0,1.0,0.0,0.0,0.0,1.0,0.0
689,case_4d4d8f4499,G1B_llm_sham_retrieval,True,8,True,abnormal,['Lung Opacity'],['Lung Opacity'],"['Lung Lesion', 'Lung Opacity']",['Lung Lesion'],abnormal,abnormal,0.5,1.361359623188331e-05,3.0250707212024223e-06,0.02247191011235955,0.006784260515603799,2,0,0,0.0,0.0,False,2,0,0.0,1.0,1.0,1.0,1.0,0.0,1.0,1.0,1.0,1.0,0.0,1.0,1.0,1.0,1.0,1.0,1.0,1.0,0.0,1.0,1.0,1.0,0.0,1.0,0.0,0.0,0.0
689,case_4d4d8f4499,G1_single_agent_rag,True,25,True,abnormal,"['Atelectasis', 'Lung Opacity']","['Atelectasis', 'Lung Opacity']","['Lung Lesion', 'Lung Opacity']",['Lung Lesion'],abnormal,abnormal,0.0,0.042583401751701125,0.006413866505942891,0.1320754716981132,0.10988063660477453,3,2,0,0.0,0.0,False,3,1,0.0,2.0,1.0,1.0,1.0,0.0,2.0,1.0,1.0,1.0,0.0,2.0,1.0,1.0,1.0,1.0,1.0,1.0,0.0,1.0,1.0,1.0,0.0,0.0,1.0,1.0,0.0
691,case_3aa84a2686,B0_rule_based,True,4,True,abnormal,['Fracture'],['Fracture'],['Fracture'],[],abnormal,normal,0.0,0.0003758597982443931,0.00012079057737933942,0.058823529411764705,0.01824817518248175,2,0,0,0.0,0.0,False,2,0,0.0,1.0,0.0,1.0,0.0,0.0,1.0,0.0,1.0,0.0,0.0,1.0,0.0,1.0,0.0,1.0,1.0,0.0,0.0,1.0,1.0,0.0,0.0,0.0,0.0,1.0,0.0
691,case_3aa84a2686,G1A_llm_no_retrieval,True,23,True,abnormal,['Fracture'],['Fracture'],['Fracture'],[],abnormal,normal,0.0,0.09620925180284694,0.008039958007065678,0.11320754716981132,0.05119453924914676,4,1,0,0.0,0.0,False,4,1,0.0,1.0,0.0,1.0,0.0,0.0,1.0,0.0,1.0,0.0,0.0,1.0,0.0,1.0,0.0,1.0,1.0,0.0,0.0,1.0,1.0,0.0,0.0,0.0,0.0,1.0,0.0
691,case_3aa84a2686,G1B_llm_sham_retrieval,True,5,True,abnormal,['Fracture'],['Fracture'],['Fracture'],[],abnormal,normal,0.0,0.0013475893998170934,0.0003620197623718956,0.05714285714285715,0.01818181818181818,2,0,0,0.0,0.0,False,2,0,0.0,1.0,0.0,1.0,0.0,0.0,1.0,0.0,1.0,0.0,0.0,1.0,0.0,1.0,0.0,1.0,1.0,0.0,0.0,1.0,1.0,0.0,0.0,1.0,0.0,0.0,0.0
691,case_3aa84a2686,G1_single_agent_rag,True,33,True,normal,[],[],['Fracture'],[],abnormal,normal,0.0,0.6060606060606061,0.05912329024877922,0.4126984126984127,0.491089108910891,4,2,2,1.0,0.6538461538461539,True,4,0,0.0,0.0,0.0,0.0,0.0,0.0,0.0,0.0,0.0,0.0,0.0,0.0,0.0,0.0,0.0,1.0,0.0,0.0,0.0,1.0,0.0,0.0,0.0,0.0,0.0,0.0,0.0
699,case_5f39b3aa1c,B0_rule_based,True,12,True,indeterminate,[],[],[],"['Cardiomegaly', 'Lung Opacity']",indeterminate,abnormal,0.0,0.0018514994230403846,0.00022502367865402336,0.02564102564102564,0.0165016501650165,2,1,0,0.0,0.0,False,2,2,0.0,0.0,2.0,0.0,1.0,0.0,0.0,2.0,0.0,1.0,0.0,0.0,4.0,0.0,1.0,0.0,0.0,0.0,0.0,0.0,0.0,0.0,0.0,0.0,0.0,0.0,0.0
699,case_5f39b3aa1c,G1A_llm_no_retrieval,True,15,True,normal,[],[],[],"['Cardiomegaly', 'Lung Opacity']",indeterminate,abnormal,0.0,0.00889953865608695,0.0006238465620656573,0.09876543209876543,0.03284072249589491,2,1,0,0.0,0.0,False,2,1,0.0,0.0,2.0,0.0,1.0,0.0,0.0,2.0,0.0,1.0,0.0,0.0,4.0,0.0,1.0,0.0,0.0,0.0,0.0,0.0,0.0,0.0,0.0,0.0,0.0,0.0,0.0
699,case_5f39b3aa1c,G1B_llm_sham_retrieval,True,25,True,normal,[],[],[],"['Cardiomegaly', 'Lung Opacity']",indeterminate,abnormal,0.0,0.07759201691635675,0.006115921768958064,0.1758241758241758,0.12019386106623586,5,0,0,0.0,0.0,False,5,1,0.0,0.0,2.0,0.0,1.0,0.0,0.0,2.0,0.0,1.0,0.0,0.0,4.0,0.0,1.0,0.0,0.0,0.0,0.0,0.0,0.0,0.0,0.0,0.0,0.0,0.0,0.0
699,case_5f39b3aa1c,G1_single_agent_rag,True,25,True,normal,[],[],[],"['Cardiomegaly', 'Lung Opacity']",indeterminate,abnormal,0.0,0.07759201691635675,0.006115921768958064,0.1758241758241758,0.12019386106623586,5,0,0,0.0,0.0,False,5,1,0.0,0.0,2.0,0.0,1.0,0.0,0.0,2.0,0.0,1.0,0.0,0.0,4.0,0.0,1.0,0.0,0.0,0.0,0.0,0.0,0.0,0.0,0.0,0.0,0.0,0.0,0.0
703,case_58f9512e98,B0_rule_based,False,10,True,normal,[],[],[],,normal,,0.0,0.060238842382440407,0.007559559445663099,0.12500000000000003,0.04807692307692308,2,1,0,0.0,0.0,False,2,0,,,,,,,,,,,,,,,,,,,,,,,,,,,
703,case_58f9512e98,G1A_llm_no_retrieval,False,10,True,abnormal,['Enlarged Cardiomediastinum'],['Enlarged Cardiomediastinum'],[],,normal,,0.0,0.030119421191220207,0.006356806438755457,0.06250000000000001,0.02403846153846154,2,1,0,0.0,0.0,False,2,0,,,,,,,,,,,,,,,,,,,,,,,,,,,
703,case_58f9512e98,G1B_llm_sham_retrieval,False,23,True,normal,[],[],[],,normal,,0.0,0.5652173913043478,0.2644894679721535,0.5333333333333332,0.4906423197408232,4,2,0,0.0,0.0,False,4,1,,,,,,,,,,,,,,,,,,,,,,,,,,,
703,case_58f9512e98,G1_single_agent_rag,False,21,True,normal,[],[],[],,normal,,0.0,0.5448554027619866,0.03428098339207176,0.2790697674418604,0.33691653982749875,4,1,0,0.0,0.0,False,4,1,,,,,,,,,,,,,,,,,,,,,,,,,,,
709,case_763c1e7ad2,B0_rule_based,True,4,True,abnormal,['Fracture'],['Fracture'],['Fracture'],['Fracture'],abnormal,abnormal,0.0,1.2526275592684244e-05,1.765989846618832e-06,0.11538461538461539,0.034403669724770644,2,0,0,0.0,0.0,False,2,0,1.0,0.0,0.0,0.0,0.0,1.0,0.0,0.0,0.0,0.0,1.0,0.0,0.0,0.0,0.0,0.0,0.0,1.0,1.0,0.0,0.0,1.0,1.0,0.0,0.0,1.0,0.0
709,case_763c1e7ad2,G1A_llm_no_retrieval,True,5,True,abnormal,['Fracture'],['Fracture'],['Fracture'],['Fracture'],abnormal,abnormal,0.0,0.00011046347620054752,1.301824551580766e-05,0.11320754716981132,0.034324942791762014,2,0,0,0.0,0.0,False,2,0,1.0,0.0,0.0,0.0,0.0,1.0,0.0,0.0,0.0,0.0,1.0,0.0,0.0,0.0,0.0,0.0,0.0,1.0,1.0,0.0,0.0,1.0,1.0,0.0,0.0,1.0,0.0
709,case_763c1e7ad2,G1B_llm_sham_retrieval,True,32,True,normal,[],[],['Fracture'],['Fracture'],abnormal,abnormal,0.0,0.2843112467402969,0.06586282268810711,0.27499999999999997,0.16163793103448276,6,4,4,1.0,0.8,True,6,2,0.0,0.0,1.0,0.0,1.0,0.0,0.0,1.0,0.0,1.0,0.0,0.0,1.0,0.0,1.0,0.0,0.0,1.0,0.0,0.0,0.0,1.0,0.0,0.0,0.0,0.0,0.0
709,case_763c1e7ad2,G1_single_agent_rag,True,33,True,normal,[],[],['Fracture'],['Fracture'],abnormal,abnormal,0.0,0.3269854279389331,0.06407767473241423,0.2222222222222222,0.1827956989247312,4,2,2,1.0,0.6538461538461539,True,4,0,0.0,0.0,1.0,0.0,1.0,0.0,0.0,1.0,0.0,1.0,0.0,0.0,1.0,0.0,1.0,0.0,0.0,1.0,0.0,0.0,0.0,1.0,0.0,0.0,0.0,0.0,0.0
716,case_2037314533,B0_rule_based,True,9,True,abnormal,"['Cardiomegaly', 'Pneumonia']","['Cardiomegaly', 'Pneumonia']","['Cardiomegaly', 'Pneumonia']",['Cardiomegaly'],abnormal,abnormal,0.0,0.11111111111111109,0.023980296761827107,0.1111111111111111,0.05555555555555555,3,0,0,0.0,0.0,False,3,0,1.0,1.0,0.0,1.0,0.0,1.0,1.0,0.0,1.0,0.0,1.0,1.0,0.0,1.0,0.0,1.0,1.0,1.0,1.0,1.0,1.0,1.0,1.0,1.0,0.0,1.0,0.0
716,case_2037314533,G1A_llm_no_retrieval,True,19,True,abnormal,"['Cardiomegaly', 'Lung Opacity', 'Pneumonia']","['Cardiomegaly', 'Lung Opacity']","['Cardiomegaly', 'Pneumonia']",['Cardiomegaly'],abnormal,abnormal,0.0,0.05263157894736841,0.010182425646195498,0.07142857142857142,0.05,3,1,0,0.0,0.0,False,3,0,1.0,2.0,0.0,1.0,0.0,1.0,1.0,0.0,1.0,0.0,1.0,2.0,0.0,1.0,0.0,1.0,1.0,1.0,1.0,1.0,0.0,1.0,1.0,1.0,1.0,1.0,0.0
716,case_2037314533,G1B_llm_sham_retrieval,True,23,True,abnormal,['Cardiomegaly'],['Cardiomegaly'],"['Cardiomegaly', 'Pneumonia']",['Cardiomegaly'],abnormal,abnormal,0.0,0.13043478260869565,0.010900096978029109,0.125,0.14423076923076925,5,2,0,0.0,0.0,False,5,1,1.0,0.0,0.0,0.0,0.0,1.0,0.0,0.0,0.0,0.0,1.0,0.0,0.0,0.0,0.0,1.0,0.0,1.0,1.0,1.0,0.0,1.0,1.0,0.0,0.0,1.0,0.0
716,case_2037314533,G1_single_agent_rag,True,13,True,abnormal,"['Cardiomegaly', 'Lung Opacity', 'Pneumonia']","['Cardiomegaly', 'Lung Opacity', 'Pneumonia']","['Cardiomegaly', 'Pneumonia']",['Cardiomegaly'],abnormal,abnormal,0.0,0.07692307692307693,0.01553712569276035,0.09090909090909093,0.05319148936170213,3,0,0,0.0,0.0,False,3,0,1.0,2.0,0.0,1.0,0.0,1.0,2.0,0.0,1.0,0.0,1.0,2.0,0.0,1.0,0.0,1.0,1.0,1.0,1.0,1.0,1.0,1.0,1.0,1.0,1.0,1.0,0.0
718,case_331b9b6490,B0_rule_based,False,10,True,normal,[],[],[],,normal,,0.0,0.06611955528863463,0.008773589208784585,0.21052631578947364,0.07633587786259541,2,1,0,0.0,0.0,False,2,0,,,,,,,,,,,,,,,,,,,,,,,,,,,
718,case_331b9b6490,G1A_llm_no_retrieval,False,10,True,abnormal,['Enlarged Cardiomediastinum'],['Enlarged Cardiomediastinum'],[],,normal,,0.0,0.01652988882215866,0.0034886893419864254,0.05263157894736841,0.019083969465648852,2,1,0,0.0,0.0,False,2,0,,,,,,,,,,,,,,,,,,,,,,,,,,,
718,case_331b9b6490,G1B_llm_sham_retrieval,False,17,True,normal,[],[],[],,normal,,0.0,0.4003873561349977,0.11436014882352846,0.4444444444444445,0.40309276082796247,4,0,0,0.0,0.0,False,4,1,,,,,,,,,,,,,,,,,,,,,,,,,,,
718,case_331b9b6490,G1_single_agent_rag,False,21,True,normal,[],[],[],,normal,,0.0,0.5118080789812781,0.060909023855084655,0.4489795918367347,0.4087912087912087,4,1,0,0.0,0.0,False,4,1,,,,,,,,,,,,,,,,,,,,,,,,,,,
725,case_9f4c3aad9c,B0_rule_based,True,4,True,abnormal,['Fracture'],['Fracture'],['Fracture'],[],abnormal,normal,0.0,0.0013118795997953462,0.00042160054108372703,0.06896551724137932,0.021834061135371178,2,0,0,0.0,0.0,False,2,0,0.0,1.0,0.0,1.0,0.0,0.0,1.0,0.0,1.0,0.0,0.0,1.0,0.0,1.0,0.0,1.0,1.0,0.0,0.0,1.0,1.0,0.0,0.0,0.0,0.0,1.0,0.0
725,case_9f4c3aad9c,G1A_llm_no_retrieval,True,5,True,abnormal,['Fracture'],['Fracture'],['Fracture'],[],abnormal,normal,0.0,0.003663127777746836,0.0009840717415985853,0.06666666666666667,0.021739130434782605,2,0,0,0.0,0.0,False,2,0,0.0,1.0,0.0,1.0,0.0,0.0,1.0,0.0,1.0,0.0,0.0,1.0,0.0,1.0,0.0,1.0,1.0,0.0,0.0,1.0,1.0,0.0,0.0,0.0,0.0,1.0,0.0
725,case_9f4c3aad9c,G1B_llm_sham_retrieval,True,12,True,abnormal,['Fracture'],['Fracture'],['Fracture'],[],abnormal,normal,0.0,0.05641090418445703,0.006855950921627312,0.05405405405405406,0.04219409282700422,3,1,0,0.0,0.0,False,3,1,0.0,1.0,0.0,1.0,0.0,0.0,1.0,0.0,1.0,0.0,0.0,1.0,0.0,1.0,0.0,1.0,1.0,0.0,0.0,1.0,1.0,0.0,0.0,1.0,0.0,0.0,0.0
725,case_9f4c3aad9c,G1_single_agent_rag,True,33,True,normal,[],[],['Fracture'],[],abnormal,normal,0.0,0.6060606060606061,0.19568336427344604,0.6206896551724138,0.66875,4,2,2,1.0,0.6538461538461539,True,4,0,0.0,0.0,0.0,0.0,0.0,0.0,0.0,0.0,0.0,0.0,0.0,0.0,0.0,0.0,0.0,1.0,0.0,0.0,0.0,1.0,0.0,0.0,0.0,0.0,0.0,0.0,0.0
731,case_8037f4280a,B0_rule_based,True,10,True,normal,[],[],[],[],normal,normal,0.0,0.07347385695178914,0.035599965662813565,0.24390243902439024,0.1768550557477893,2,1,0,0.0,0.0,False,2,0,0.0,0.0,0.0,0.0,0.0,0.0,0.0,0.0,0.0,0.0,0.0,0.0,0.0,0.0,0.0,0.0,0.0,0.0,0.0,0.0,0.0,0.0,0.0,0.0,0.0,0.0,0.0
731,case_8037f4280a,G1A_llm_no_retrieval,True,10,True,abnormal,['Enlarged Cardiomediastinum'],['Enlarged Cardiomediastinum'],[],[],normal,normal,0.0,0.03673692847589457,0.006048591677615858,0.14634146341463414,0.08842752787389466,2,1,0,0.0,0.0,False,2,0,0.0,1.0,0.0,1.0,0.0,0.0,1.0,0.0,1.0,0.0,0.0,1.0,0.0,1.0,0.0,0.0,0.0,0.0,0.0,0.0,0.0,0.0,0.0,0.0,0.0,0.0,1.0
731,case_8037f4280a,G1B_llm_sham_retrieval,True,25,True,normal,[],[],[],[],normal,normal,0.0,0.5663720599679185,0.2891676382453866,0.46428571428571425,0.48057789148797914,3,2,0,0.0,0.0,False,3,0,0.0,0.0,0.0,0.0,0.0,0.0,0.0,0.0,0.0,0.0,0.0,0.0,0.0,0.0,0.0,0.0,0.0,0.0,0.0,0.0,0.0,0.0,0.0,0.0,0.0,0.0,0.0
731,case_8037f4280a,G1_single_agent_rag,True,21,True,normal,[],[],[],[],normal,normal,0.0,0.41409677174363435,0.027600774029954193,0.4230769230769231,0.3534863945578231,4,1,0,0.0,0.0,False,4,1,0.0,0.0,0.0,0.0,0.0,0.0,0.0,0.0,0.0,0.0,0.0,0.0,0.0,0.0,0.0,0.0,0.0,0.0,0.0,0.0,0.0,0.0,0.0,0.0,0.0,0.0,0.0
732,case_09c02bd079,B0_rule_based,False,12,True,indeterminate,[],[],[],,indeterminate,,0.0,0.043443485862611285,0.003895478934695435,0.04444444444444444,0.04854368932038835,2,1,0,0.0,0.0,False,2,2,,,,,,,,,,,,,,,,,,,,,,,,,,,
732,case_09c02bd079,G1A_llm_no_retrieval,False,15,True,normal,[],[],[],,indeterminate,,0.0,0.060238842382440407,0.005239513481140915,0.08333333333333333,0.04807692307692308,2,1,0,0.0,0.0,False,2,1,,,,,,,,,,,,,,,,,,,,,,,,,,,
732,case_09c02bd079,G1B_llm_sham_retrieval,False,25,True,normal,[],[],[],,indeterminate,,0.0,0.29045961482947635,0.020687491034255157,0.2413793103448276,0.231055900621118,5,0,0,0.0,0.0,False,5,1,,,,,,,,,,,,,,,,,,,,,,,,,,,
732,case_09c02bd079,G1_single_agent_rag,False,25,True,normal,[],[],[],,indeterminate,,0.0,0.29045961482947635,0.020687491034255157,0.2413793103448276,0.231055900621118,5,0,0,0.0,0.0,False,5,1,,,,,,,,,,,,,,,,,,,,,,,,,,,
733,case_579de5a494,B0_rule_based,True,18,True,abnormal,['Support Devices'],['Support Devices'],['Support Devices'],['Support Devices'],abnormal,abnormal,0.0,0.005087677469092828,0.0002958566983804631,0.07407407407407407,0.030193236714975848,4,1,0,0.0,0.0,False,4,0,1.0,0.0,0.0,0.0,0.0,1.0,0.0,0.0,0.0,0.0,1.0,0.0,0.0,0.0,0.0,0.0,0.0,1.0,1.0,0.0,0.0,1.0,1.0,0.0,0.0,1.0,0.0
733,case_579de5a494,G1A_llm_no_retrieval,True,19,True,normal,[],[],['Support Devices'],['Support Devices'],abnormal,abnormal,0.0,0.013795872694911414,0.00078579545529144,0.12844036697247707,0.082844012002911,4,0,0,0.0,0.0,False,4,1,0.0,0.0,1.0,0.0,1.0,0.0,0.0,1.0,0.0,1.0,0.0,0.0,1.0,0.0,1.0,0.0,0.0,1.0,0.0,0.0,0.0,1.0,0.0,0.0,0.0,0.0,0.0
733,case_579de5a494,G1B_llm_sham_retrieval,True,20,True,normal,[],[],['Support Devices'],['Support Devices'],abnormal,abnormal,0.0,0.019628299224507026,0.000981926307406596,0.12727272727272726,0.09503101162044623,4,1,0,0.0,0.0,False,4,1,0.0,0.0,1.0,0.0,1.0,0.0,0.0,1.0,0.0,1.0,0.0,0.0,1.0,0.0,1.0,0.0,0.0,1.0,0.0,0.0,0.0,1.0,0.0,0.0,0.0,0.0,0.0
733,case_579de5a494,G1_single_agent_rag,True,27,True,normal,[],[],['Support Devices'],['Support Devices'],abnormal,abnormal,0.0,0.05028176111487669,0.005855596263885211,0.18803418803418803,0.114597810450345,4,2,0,0.0,0.15,False,4,3,0.0,0.0,1.0,0.0,1.0,0.0,0.0,1.0,0.0,1.0,0.0,0.0,1.0,0.0,1.0,0.0,0.0,1.0,0.0,0.0,0.0,1.0,0.0,0.0,0.0,0.0,0.0
739,case_ed1ca99fe3,B0_rule_based,True,10,True,normal,[],[],[],[],normal,normal,0.0,0.0120789533689274,0.0033894885875671134,0.14545454545454545,0.07605421686746987,2,1,0,0.0,0.0,False,2,0,0.0,0.0,0.0,0.0,0.0,0.0,0.0,0.0,0.0,0.0,0.0,0.0,0.0,0.0,0.0,0.0,0.0,0.0,0.0,0.0,0.0,0.0,0.0,0.0,0.0,0.0,0.0
739,case_ed1ca99fe3,G1A_llm_no_retrieval,True,10,True,abnormal,['Enlarged Cardiomediastinum'],['Enlarged Cardiomediastinum'],[],[],normal,normal,0.0,0.0060394766844637,0.0013477805295910499,0.07272727272727272,0.04518072289156626,2,1,0,0.0,0.0,False,2,0,0.0,1.0,0.0,1.0,0.0,0.0,1.0,0.0,1.0,0.0,0.0,1.0,0.0,1.0,0.0,0.0,0.0,0.0,0.0,0.0,0.0,0.0,0.0,0.0,0.0,0.0,1.0
739,case_ed1ca99fe3,G1B_llm_sham_retrieval,True,25,True,normal,[],[],[],[],normal,normal,0.0,0.23365106134095523,0.07486743203696125,0.3142857142857143,0.23352139810100447,4,2,0,0.0,0.0,False,4,1,0.0,0.0,0.0,0.0,0.0,0.0,0.0,0.0,0.0,0.0,0.0,0.0,0.0,0.0,0.0,0.0,0.0,0.0,0.0,0.0,0.0,0.0,0.0,0.0,0.0,0.0,0.0
739,case_ed1ca99fe3,G1_single_agent_rag,True,22,True,normal,[],[],[],[],normal,normal,0.0,0.15978727081202868,0.012709801869093616,0.2686567164179105,0.11709601873536299,4,2,2,1.0,1.0,True,4,1,0.0,0.0,0.0,0.0,0.0,0.0,0.0,0.0,0.0,0.0,0.0,0.0,0.0,0.0,0.0,0.0,0.0,0.0,0.0,0.0,0.0,0.0,0.0,0.0,0.0,0.0,0.0
744,case_7f9060b8d4,B0_rule_based,True,11,True,abnormal,"['Pneumothorax', 'Support Devices']","['Pneumothorax', 'Support Devices']","['Pneumothorax', 'Support Devices']",['Lung Opacity'],abnormal,abnormal,0.0,0.0007515152219930117,9.797249722544173e-05,0.06666666666666667,0.027700831024930747,3,0,0,0.0,0.0,False,3,0,0.0,2.0,1.0,1.0,1.0,0.0,2.0,1.0,1.0,1.0,0.0,2.0,2.0,1.0,1.0,2.0,2.0,0.0,0.0,2.0,2.0,0.0,0.0,0.0,0.0,2.0,0.0
744,case_7f9060b8d4,G1A_llm_no_retrieval,True,16,True,abnormal,"['Pneumothorax', 'Support Devices']","['Pneumothorax', 'Support Devices']","['Pneumothorax', 'Support Devices']",['Lung Opacity'],abnormal,abnormal,0.0,0.0073113360407242485,0.0006674713554496539,0.08421052631578947,0.04126547455295736,3,1,0,0.0,0.0,False,3,0,0.0,2.0,1.0,1.0,1.0,0.0,2.0,1.0,1.0,1.0,0.0,2.0,2.0,1.0,1.0,2.0,2.0,0.0,0.0,2.0,2.0,0.0,0.0,0.0,0.0,2.0,0.0
744,case_7f9060b8d4,G1B_llm_sham_retrieval,True,27,True,normal,[],[],"['Pneumothorax', 'Support Devices']",['Lung Opacity'],abnormal,abnormal,0.0,0.07556927737549507,0.022793396347426022,0.20754716981132074,0.17200376085393507,5,1,1,1.0,0.25,True,5,1,0.0,0.0,1.0,0.0,1.0,0.0,0.0,1.0,0.0,1.0,0.0,0.0,2.0,0.0,1.0,2.0,0.0,0.0,0.0,2.0,0.0,0.0,0.0,0.0,0.0,0.0,0.0
744,case_7f9060b8d4,G1_single_agent_rag,True,11,True,abnormal,['Pneumothorax'],['Pneumothorax'],"['Pneumothorax', 'Support Devices']",['Lung Opacity'],abnormal,abnormal,0.0,0.0009393940274912646,0.00010359330317369246,0.08888888888888889,0.03462603878116344,2,1,0,0.0,0.0,False,2,0,0.0,1.0,1.0,1.0,1.0,0.0,1.0,1.0,1.0,1.0,0.0,1.0,2.0,1.0,1.0,2.0,1.0,0.0,0.0,2.0,1.0,0.0,0.0,0.0,0.0,1.0,0.0
755,case_5fdc50e385,B0_rule_based,False,4,True,abnormal,['Fracture'],['Fracture'],['Fracture'],,abnormal,,0.0,0.0033833820809153177,0.006114461654585456,0.0,0.0,2,0,0,0.0,0.0,False,2,0,,,,,,,,,,,,,,,,,,,,,,,,,,,
755,case_5fdc50e385,G1A_llm_no_retrieval,False,5,True,abnormal,['Fracture'],['Fracture'],['Fracture'],,abnormal,,0.0,0.00493193927883213,0.00745061999916044,0.0,0.0,2,0,0,0.0,0.0,False,2,0,,,,,,,,,,,,,,,,,,,,,,,,,,,
755,case_5fdc50e385,G1B_llm_sham_retrieval,False,5,True,abnormal,['Fracture'],['Fracture'],['Fracture'],,abnormal,,0.0,0.00493193927883213,0.00745061999916044,0.0,0.0,2,0,0,0.0,0.0,False,2,0,,,,,,,,,,,,,,,,,,,,,,,,,,,
755,case_5fdc50e385,G1_single_agent_rag,False,33,True,normal,[],[],['Fracture'],,abnormal,,0.0,0.18181818181818182,0.008840994001530048,0.13333333333333333,0.21276595744680854,4,2,2,1.0,0.6538461538461539,True,4,0,,,,,,,,,,,,,,,,,,,,,,,,,,,
756,case_a98355cf80,B0_rule_based,True,4,True,abnormal,['Fracture'],['Fracture'],['Fracture'],[],abnormal,normal,0.0,0.0004578909722183545,0.00082750239986273,0.0,0.0,2,0,0,0.0,0.0,False,2,0,0.0,1.0,0.0,1.0,0.0,0.0,1.0,0.0,1.0,0.0,0.0,1.0,0.0,1.0,0.0,1.0,1.0,0.0,0.0,1.0,1.0,0.0,0.0,0.0,0.0,1.0,0.0
756,case_a98355cf80,G1A_llm_no_retrieval,True,5,True,abnormal,['Fracture'],['Fracture'],['Fracture'],[],abnormal,normal,0.0,0.000995741367357279,0.001504254234731835,0.0,0.0,2,0,0,0.0,0.0,False,2,0,0.0,1.0,0.0,1.0,0.0,0.0,1.0,0.0,1.0,0.0,0.0,1.0,0.0,1.0,0.0,1.0,1.0,0.0,0.0,1.0,1.0,0.0,0.0,0.0,0.0,1.0,0.0
756,case_a98355cf80,G1B_llm_sham_retrieval,True,31,True,normal,[],[],['Fracture'],[],abnormal,normal,0.0,0.3225806451612903,0.04034110170120257,0.3137254901960784,0.23696682464454974,6,1,1,1.0,1.0,True,6,2,0.0,0.0,0.0,0.0,0.0,0.0,0.0,0.0,0.0,0.0,0.0,0.0,0.0,0.0,0.0,1.0,0.0,0.0,0.0,1.0,0.0,0.0,0.0,0.0,0.0,0.0,0.0
756,case_a98355cf80,G1_single_agent_rag,True,33,True,normal,[],[],['Fracture'],[],abnormal,normal,0.0,0.45454545454545453,0.05256886485157954,0.4150943396226416,0.5239436619718311,4,2,2,1.0,0.6538461538461539,True,4,0,0.0,0.0,0.0,0.0,0.0,0.0,0.0,0.0,0.0,0.0,0.0,0.0,0.0,0.0,0.0,1.0,0.0,0.0,0.0,1.0,0.0,0.0,0.0,0.0,0.0,0.0,0.0
758,case_338ef55f9e,B0_rule_based,True,4,True,abnormal,['Fracture'],['Fracture'],['Fracture'],[],abnormal,normal,0.0,0.0015981965301676893,0.0028882671736436523,0.0,0.0,2,0,0,0.0,0.0,False,2,0,0.0,1.0,0.0,1.0,0.0,0.0,1.0,0.0,1.0,0.0,0.0,1.0,0.0,1.0,0.0,1.0,1.0,0.0,0.0,1.0,1.0,0.0,0.0,0.0,0.0,1.0,0.0
758,case_338ef55f9e,G1A_llm_no_retrieval,True,5,True,abnormal,['Fracture'],['Fracture'],['Fracture'],[],abnormal,normal,0.0,0.0027067056647322543,0.004088986951654115,0.0,0.0,2,0,0,0.0,0.0,False,2,0,0.0,1.0,0.0,1.0,0.0,0.0,1.0,0.0,1.0,0.0,0.0,1.0,0.0,1.0,0.0,1.0,1.0,0.0,0.0,1.0,1.0,0.0,0.0,0.0,0.0,1.0,0.0
758,case_338ef55f9e,G1B_llm_sham_retrieval,True,13,True,abnormal,['Fracture'],['Fracture'],['Fracture'],[],abnormal,normal,0.0,0.006595414762772627,0.00749128195842381,0.0,0.0,2,1,0,0.0,0.0,False,2,0,0.0,1.0,0.0,1.0,0.0,0.0,1.0,0.0,1.0,0.0,0.0,1.0,0.0,1.0,0.0,1.0,1.0,0.0,0.0,1.0,1.0,0.0,0.0,1.0,0.0,0.0,0.0
758,case_338ef55f9e,G1_single_agent_rag,True,33,True,normal,[],[],['Fracture'],[],abnormal,normal,0.0,0.3333333333333333,0.05471217141044804,0.37499999999999994,0.4087957497048406,4,2,2,1.0,0.6538461538461539,True,4,0,0.0,0.0,0.0,0.0,0.0,0.0,0.0,0.0,0.0,0.0,0.0,0.0,0.0,0.0,0.0,1.0,0.0,0.0,0.0,1.0,0.0,0.0,0.0,0.0,0.0,0.0,0.0
760,case_62e54d18cb,B0_rule_based,True,15,True,abnormal,"['Fracture', 'Lung Opacity', 'Pneumonia']","['Fracture', 'Lung Opacity', 'Pneumonia']","['Fracture', 'Lung Opacity', 'Pneumonia']","['Atelectasis', 'Lung Opacity']",abnormal,abnormal,0.0,0.008325580576328241,0.0005836128164003832,0.07317073170731708,0.032362459546925564,4,0,0,0.0,0.0,False,4,0,1.0,2.0,1.0,1.0,1.0,1.0,2.0,1.0,1.0,1.0,1.0,2.0,1.0,1.0,1.0,2.0,2.0,1.0,1.0,2.0,2.0,1.0,1.0,1.0,0.0,2.0,0.0
760,case_62e54d18cb,G1A_llm_no_retrieval,True,19,True,normal,[],[],"['Fracture', 'Lung Opacity', 'Pneumonia']","['Atelectasis', 'Lung Opacity']",abnormal,abnormal,0.0,0.046288603363689264,0.0034698821558724097,0.1627906976744186,0.11041428609391192,4,0,0,0.0,0.0,False,4,1,0.0,0.0,2.0,0.0,1.0,0.0,0.0,2.0,0.0,1.0,0.0,0.0,2.0,0.0,1.0,2.0,0.0,1.0,0.0,2.0,0.0,1.0,0.0,0.0,0.0,0.0,0.0
760,case_62e54d18cb,G1B_llm_sham_retrieval,True,12,True,abnormal,"['Atelectasis', 'Lung Opacity']",['Lung Opacity'],"['Fracture', 'Lung Opacity', 'Pneumonia']","['Atelectasis', 'Lung Opacity']",abnormal,abnormal,0.0,0.005962115960002023,0.0024922513335280927,0.12658227848101264,0.077982412477186,2,1,0,0.0,0.0,False,2,0,2.0,0.0,0.0,0.0,0.0,1.0,0.0,1.0,0.0,1.0,2.0,0.0,0.0,0.0,0.0,2.0,0.0,1.0,1.0,2.0,0.0,1.0,1.0,0.0,1.0,1.0,0.0
760,case_62e54d18cb,G1_single_agent_rag,True,27,True,abnormal,"['Lung Opacity', 'Pneumonia']",['Lung Opacity'],"['Fracture', 'Lung Opacity', 'Pneumonia']","['Atelectasis', 'Lung Opacity']",abnormal,abnormal,0.0,0.08418544335141902,0.011742457327106628,0.1702127659574468,0.11809523809523809,3,2,0,0.0,0.35,False,3,1,1.0,1.0,1.0,1.0,1.0,1.0,0.0,1.0,0.0,1.0,1.0,1.0,1.0,1.0,1.0,2.0,1.0,1.0,1.0,2.0,0.0,1.0,1.0,0.0,0.0,2.0,0.0
766,case_111a34c18c,B0_rule_based,True,10,True,normal,[],[],[],[],normal,normal,0.0,0.10000000000000002,0.021105340631872645,0.10526315789473685,0.05494505494505494,2,1,0,0.0,0.0,False,2,0,0.0,0.0,0.0,0.0,0.0,0.0,0.0,0.0,0.0,0.0,0.0,0.0,0.0,0.0,0.0,0.0,0.0,0.0,0.0,0.0,0.0,0.0,0.0,0.0,0.0,0.0,0.0
766,case_111a34c18c,G1A_llm_no_retrieval,True,10,True,abnormal,['Enlarged Cardiomediastinum'],['Enlarged Cardiomediastinum'],[],[],normal,normal,0.0,0.10000000000000002,0.021105340631872645,0.10526315789473685,0.05494505494505494,2,1,0,0.0,0.0,False,2,0,0.0,1.0,0.0,1.0,0.0,0.0,1.0,0.0,1.0,0.0,0.0,1.0,0.0,1.0,0.0,0.0,0.0,0.0,0.0,0.0,0.0,0.0,0.0,0.0,0.0,0.0,1.0
766,case_111a34c18c,G1B_llm_sham_retrieval,True,22,True,normal,[],[],[],[],normal,normal,0.0,0.2727272727272727,0.1196655750514248,0.3870967741935484,0.4962243797195252,4,2,0,0.0,0.0,False,4,1,0.0,0.0,0.0,0.0,0.0,0.0,0.0,0.0,0.0,0.0,0.0,0.0,0.0,0.0,0.0,0.0,0.0,0.0,0.0,0.0,0.0,0.0,0.0,0.0,0.0,0.0,0.0
766,case_111a34c18c,G1_single_agent_rag,True,21,True,normal,[],[],[],[],normal,normal,0.0,0.42857142857142855,0.15821285888349254,0.33333333333333326,0.8436213991769549,4,1,0,0.0,0.0,False,4,1,0.0,0.0,0.0,0.0,0.0,0.0,0.0,0.0,0.0,0.0,0.0,0.0,0.0,0.0,0.0,0.0,0.0,0.0,0.0,0.0,0.0,0.0,0.0,0.0,0.0,0.0,0.0
793,case_d4ea76bdad,B0_rule_based,True,10,True,normal,[],[],[],[],normal,normal,0.0,0.0012393760883331792,0.00013911308302308356,0.125,0.058124999999999996,2,1,0,0.0,0.0,False,2,0,0.0,0.0,0.0,0.0,0.0,0.0,0.0,0.0,0.0,0.0,0.0,0.0,0.0,0.0,0.0,0.0,0.0,0.0,0.0,0.0,0.0,0.0,0.0,0.0,0.0,0.0,0.0
793,case_d4ea76bdad,G1A_llm_no_retrieval,True,10,True,abnormal,['Enlarged Cardiomediastinum'],['Enlarged Cardiomediastinum'],[],[],normal,normal,0.0,0.0007436256529999075,0.00012243505711012962,0.075,0.0234375,2,1,0,0.0,0.0,False,2,0,0.0,1.0,0.0,1.0,0.0,0.0,1.0,0.0,1.0,0.0,0.0,1.0,0.0,1.0,0.0,0.0,0.0,0.0,0.0,0.0,0.0,0.0,0.0,0.0,0.0,0.0,1.0
793,case_d4ea76bdad,G1B_llm_sham_retrieval,True,25,True,normal,[],[],[],[],normal,normal,0.0,0.11240324399067887,0.025427679050944545,0.2947368421052632,0.2138989408066774,4,3,0,0.0,0.0,False,4,1,0.0,0.0,0.0,0.0,0.0,0.0,0.0,0.0,0.0,0.0,0.0,0.0,0.0,0.0,0.0,0.0,0.0,0.0,0.0,0.0,0.0,0.0,0.0,0.0,0.0,0.0,0.0
793,case_d4ea76bdad,G1_single_agent_rag,True,21,True,normal,[],[],[],[],normal,normal,0.0,0.06464797857627003,0.0064434263326123105,0.21978021978021975,0.12896172293802313,4,1,0,0.0,0.0,False,4,1,0.0,0.0,0.0,0.0,0.0,0.0,0.0,0.0,0.0,0.0,0.0,0.0,0.0,0.0,0.0,0.0,0.0,0.0,0.0,0.0,0.0,0.0,0.0,0.0,0.0,0.0,0.0
808,case_cc2056e015,B0_rule_based,True,19,True,abnormal,"['Atelectasis', 'Consolidation', 'Lung Opacity', 'Pneumonia']","['Atelectasis', 'Consolidation', 'Lung Opacity', 'Pneumonia']","['Atelectasis', 'Consolidation', 'Lung Opacity', 'Pneumonia']","['Atelectasis', 'Lung Opacity', 'Pneumonia']",abnormal,abnormal,0.0,0.04487869983454417,0.003587745141994798,0.15384615384615385,0.06363636363636364,5,1,0,0.0,0.0,False,5,0,3.0,1.0,0.0,1.0,0.0,3.0,1.0,0.0,1.0,0.0,3.0,1.0,0.0,1.0,0.0,1.0,1.0,3.0,3.0,1.0,1.0,3.0,3.0,2.0,0.0,2.0,0.0
808,case_cc2056e015,G1A_llm_no_retrieval,True,23,True,normal,[],[],"['Atelectasis', 'Consolidation', 'Lung Opacity', 'Pneumonia']","['Atelectasis', 'Lung Opacity', 'Pneumonia']",abnormal,abnormal,0.0,0.09088807139028729,0.005475008177386683,0.12195121951219512,0.09025270758122741,5,0,0,0.0,0.0,False,5,1,0.0,0.0,3.0,0.0,1.0,0.0,0.0,3.0,0.0,1.0,0.0,0.0,3.0,0.0,1.0,1.0,0.0,3.0,0.0,1.0,0.0,3.0,0.0,0.0,0.0,0.0,0.0
808,case_cc2056e015,G1B_llm_sham_retrieval,True,28,True,normal,[],[],"['Atelectasis', 'Consolidation', 'Lung Opacity', 'Pneumonia']","['Atelectasis', 'Lung Opacity', 'Pneumonia']",abnormal,abnormal,0.0,0.10623275502668006,0.00813080049066391,0.13793103448275865,0.12312551072240994,4,3,3,1.0,0.8095238095238095,True,4,0,0.0,0.0,3.0,0.0,1.0,0.0,0.0,3.0,0.0,1.0,0.0,0.0,3.0,0.0,1.0,1.0,0.0,3.0,0.0,1.0,0.0,3.0,0.0,0.0,0.0,0.0,0.0
808,case_cc2056e015,G1_single_agent_rag,True,8,True,abnormal,"['Atelectasis', 'Lung Opacity']","['Atelectasis', 'Lung Opacity']","['Atelectasis', 'Consolidation', 'Lung Opacity', 'Pneumonia']","['Atelectasis', 'Lung Opacity', 'Pneumonia']",abnormal,abnormal,0.0,0.0012777148468519305,0.00015661763763881434,0.14925373134328357,0.07910740053597197,2,1,0,0.0,0.0,False,2,0,2.0,0.0,1.0,0.0,1.0,2.0,0.0,1.0,0.0,1.0,2.0,0.0,1.0,0.0,1.0,1.0,0.0,3.0,2.0,1.0,0.0,3.0,2.0,0.0,0.0,2.0,0.0
809,case_2467871063,B0_rule_based,False,9,True,abnormal,"['Cardiomegaly', 'Fracture']","['Cardiomegaly', 'Fracture']","['Cardiomegaly', 'Fracture']",,abnormal,,0.0,0.004888672372175699,0.0004628572327012533,0.07142857142857142,0.03472222222222222,3,0,0,0.0,0.0,False,3,0,,,,,,,,,,,,,,,,,,,,,,,,,,,
809,case_2467871063,G1A_llm_no_retrieval,False,13,True,abnormal,"['Cardiomegaly', 'Fracture']","['Cardiomegaly', 'Fracture']","['Cardiomegaly', 'Fracture']",,abnormal,,0.0,0.022504508507666582,0.0016070839745585556,0.06666666666666667,0.04587155963302752,3,0,0,0.0,0.0,False,3,0,,,,,,,,,,,,,,,,,,,,,,,,,,,
809,case_2467871063,G1B_llm_sham_retrieval,False,22,True,normal,[],[],"['Cardiomegaly', 'Fracture']",,abnormal,,0.0,0.29180374286250244,0.12146545334964093,0.37681159420289856,0.40089887640449445,4,2,1,0.5,0.06666666666666667,False,4,1,,,,,,,,,,,,,,,,,,,,,,,,,,,
809,case_2467871063,G1_single_agent_rag,False,12,True,abnormal,"['Cardiomegaly', 'Fracture']","['Cardiomegaly', 'Fracture']","['Cardiomegaly', 'Fracture']",,abnormal,,0.0,0.01803792207427387,0.0013035228508542225,0.06779661016949153,0.04597701149425287,3,0,0,0.0,0.0,False,3,0,,,,,,,,,,,,,,,,,,,,,,,,,,,
810,case_73348e0db0,B0_rule_based,False,10,True,normal,[],[],[],,normal,,0.0,0.022282073464300164,0.0020630370457229734,0.13043478260869565,0.04491017964071856,2,1,0,0.0,0.0,False,2,0,,,,,,,,,,,,,,,,,,,,,,,,,,,
810,case_73348e0db0,G1A_llm_no_retrieval,False,10,True,abnormal,['Enlarged Cardiomediastinum'],['Enlarged Cardiomediastinum'],[],,normal,,0.0,0.007427357821433389,0.0015675691681615517,0.04347826086956522,0.01497005988023952,2,1,0,0.0,0.0,False,2,0,,,,,,,,,,,,,,,,,,,,,,,,,,,
810,case_73348e0db0,G1B_llm_sham_retrieval,False,31,True,normal,[],[],[],,normal,,0.0,0.4667020735605431,0.14359212215326206,0.417910447761194,0.41400653053267705,4,3,0,0.0,0.20833333333333334,False,4,0,,,,,,,,,,,,,,,,,,,,,,,,,,,
810,case_73348e0db0,G1_single_agent_rag,False,21,True,normal,[],[],[],,normal,,0.0,0.3263611063713021,0.02175293256016219,0.2105263157894737,0.3318544809228039,4,1,0,0.0,0.0,False,4,1,,,,,,,,,,,,,,,,,,,,,,,,,,,
821,case_4655b70b64,B0_rule_based,False,12,True,indeterminate,[],[],[],,indeterminate,,0.0,0.02664662434661565,0.003238521902610676,0.08695652173913045,0.031446540880503145,2,1,0,0.0,0.0,False,2,2,,,,,,,,,,,,,,,,,,,,,,,,,,,
821,case_4655b70b64,G1A_llm_no_retrieval,False,10,True,abnormal,['Enlarged Cardiomediastinum'],['Enlarged Cardiomediastinum'],[],,indeterminate,,0.0,0.009071795328941253,0.0019146333055993624,0.04545454545454545,0.01582278481012658,2,1,0,0.0,0.0,False,2,0,,,,,,,,,,,,,,,,,,,,,,,,,,,
821,case_4655b70b64,G1B_llm_sham_retrieval,False,25,True,normal,[],[],[],,indeterminate,,0.0,0.2790705304284124,0.04203330533214169,0.33898305084745767,0.25030211480362535,5,0,0,0.0,0.0,False,5,1,,,,,,,,,,,,,,,,,,,,,,,,,,,
821,case_4655b70b64,G1_single_agent_rag,False,25,True,normal,[],[],[],,indeterminate,,0.0,0.2790705304284124,0.04203330533214169,0.33898305084745767,0.25030211480362535,5,0,0,0.0,0.0,False,5,1,,,,,,,,,,,,,,,,,,,,,,,,,,,
834,case_043c777282,B0_rule_based,False,10,True,normal,[],[],[],,normal,,0.0,0.045358976644706256,0.005091293226661653,0.1818181818181818,0.11772151898734177,2,1,0,0.0,0.0,False,2,0,,,,,,,,,,,,,,,,,,,,,,,,,,,
834,case_043c777282,G1A_llm_no_retrieval,False,10,True,abnormal,['Enlarged Cardiomediastinum'],['Enlarged Cardiomediastinum'],[],,normal,,0.0,0.018143590657882503,0.002276895549639941,0.0909090909090909,0.03164556962025316,2,1,0,0.0,0.0,False,2,0,,,,,,,,,,,,,,,,,,,,,,,,,,,
834,case_043c777282,G1B_llm_sham_retrieval,False,20,True,normal,[],[],[],,normal,,0.0,0.3724389778435572,0.17516032130535608,0.5185185185185185,0.41042944785276075,4,1,0,0.0,0.0,False,4,1,,,,,,,,,,,,,,,,,,,,,,,,,,,
834,case_043c777282,G1_single_agent_rag,False,21,True,normal,[],[],[],,normal,,0.0,0.33333052979799127,0.023487296041501526,0.29090909090909084,0.24121021298156084,4,1,0,0.0,0.0,False,4,1,,,,,,,,,,,,,,,,,,,,,,,,,,,
836,case_a6d2b9da71,B0_rule_based,False,13,True,abnormal,"['Enlarged Cardiomediastinum', 'Fracture']","['Enlarged Cardiomediastinum', 'Fracture']","['Enlarged Cardiomediastinum', 'Fracture']",,abnormal,,0.0,0.00483196940465479,0.00034505888422902174,0.075,0.032467532467532464,3,0,0,0.0,0.0,False,3,0,,,,,,,,,,,,,,,,,,,,,,,,,,,
836,case_a6d2b9da71,G1A_llm_no_retrieval,False,13,True,abnormal,"['Enlarged Cardiomediastinum', 'Fracture']","['Enlarged Cardiomediastinum', 'Fracture']","['Enlarged Cardiomediastinum', 'Fracture']",,abnormal,,0.0,0.0060399617558184885,0.0006488147536642995,0.09999999999999999,0.04058441558441557,3,0,0,0.0,0.0,False,3,0,,,,,,,,,,,,,,,,,,,,,,,,,,,
836,case_a6d2b9da71,G1B_llm_sham_retrieval,False,21,True,normal,[],[],"['Enlarged Cardiomediastinum', 'Fracture']",,abnormal,,0.0,0.06924881328514869,0.008074870765472846,0.20454545454545453,0.14522644515248065,4,2,0,0.0,0.0,False,4,1,,,,,,,,,,,,,,,,,,,,,,,,,,,
836,case_a6d2b9da71,G1_single_agent_rag,False,32,True,normal,[],[],"['Enlarged Cardiomediastinum', 'Fracture']",,abnormal,,0.0,0.20934877682830935,0.018482264279756966,0.2626262626262626,0.21824803149606298,5,3,1,0.3333333333333333,0.08,False,5,1,,,,,,,,,,,,,,,,,,,,,,,,,,,
841,case_fc61e4ff1d,B0_rule_based,True,10,True,normal,[],[],[],['Support Devices'],normal,abnormal,0.0,0.0018066323770450665,0.00023972711640739104,0.08108108108108107,0.034129692832764506,2,1,0,0.0,0.0,False,2,0,0.0,0.0,1.0,0.0,1.0,0.0,0.0,1.0,0.0,1.0,0.0,0.0,1.0,0.0,1.0,0.0,0.0,0.0,0.0,0.0,0.0,0.0,0.0,0.0,0.0,0.0,0.0
841,case_fc61e4ff1d,G1A_llm_no_retrieval,True,10,True,abnormal,['Enlarged Cardiomediastinum'],['Enlarged Cardiomediastinum'],[],['Support Devices'],normal,abnormal,0.0,0.00045165809426126667,9.532397928526475e-05,0.02702702702702703,0.008532423208191127,2,1,0,0.0,0.0,False,2,0,0.0,1.0,1.0,1.0,1.0,0.0,1.0,1.0,1.0,1.0,0.0,1.0,1.0,1.0,1.0,0.0,0.0,0.0,0.0,0.0,0.0,0.0,0.0,0.0,0.0,0.0,1.0
841,case_fc61e4ff1d,G1B_llm_sham_retrieval,True,21,True,normal,[],[],[],['Support Devices'],normal,abnormal,0.0,0.06759331356780948,0.0045395956132767545,0.2117647058823529,0.11503799991694007,4,2,2,1.0,1.0,True,4,3,0.0,0.0,1.0,0.0,1.0,0.0,0.0,1.0,0.0,1.0,0.0,0.0,1.0,0.0,1.0,0.0,0.0,0.0,0.0,0.0,0.0,0.0,0.0,0.0,0.0,0.0,0.0
841,case_fc61e4ff1d,G1_single_agent_rag,True,22,True,normal,[],[],[],['Support Devices'],normal,abnormal,0.0,0.060633436228985524,0.004716328925318196,0.13953488372093023,0.07525083612040134,4,2,2,1.0,1.0,True,4,1,0.0,0.0,1.0,0.0,1.0,0.0,0.0,1.0,0.0,1.0,0.0,0.0,1.0,0.0,1.0,0.0,0.0,0.0,0.0,0.0,0.0,0.0,0.0,0.0,0.0,0.0,0.0
844,case_d20599938c,B0_rule_based,True,10,True,normal,[],[],[],[],normal,normal,0.0,0.16262786389623968,0.04563518641563151,0.27586206896551724,0.174378453038674,2,1,0,0.0,0.0,False,2,0,0.0,0.0,0.0,0.0,0.0,0.0,0.0,0.0,0.0,0.0,0.0,0.0,0.0,0.0,0.0,0.0,0.0,0.0,0.0,0.0,0.0,0.0,0.0,0.0,0.0,0.0,0.0
844,case_d20599938c,G1A_llm_no_retrieval,True,10,True,abnormal,['Enlarged Cardiomediastinum'],['Enlarged Cardiomediastinum'],[],[],normal,normal,0.0,0.004065696597405993,0.004825333471764197,0.0,0.0,2,1,0,0.0,0.0,False,2,0,0.0,1.0,0.0,1.0,0.0,0.0,1.0,0.0,1.0,0.0,0.0,1.0,0.0,1.0,0.0,0.0,0.0,0.0,0.0,0.0,0.0,0.0,0.0,0.0,0.0,0.0,1.0
844,case_d20599938c,G1B_llm_sham_retrieval,True,10,True,normal,[],[],[],[],normal,normal,0.5,0.12197089792217974,0.02008203158757586,0.20689655172413793,0.08287292817679556,2,0,0,0.0,0.0,False,2,0,0.0,0.0,0.0,0.0,0.0,0.0,0.0,0.0,0.0,0.0,0.0,0.0,0.0,0.0,0.0,0.0,0.0,0.0,0.0,0.0,0.0,0.0,0.0,0.0,0.0,0.0,0.0
844,case_d20599938c,G1_single_agent_rag,True,20,True,normal,[],[],[],[],normal,normal,0.0,0.3,0.026801651563557783,0.20512820512820512,0.1570680628272251,4,1,0,0.0,0.0,False,4,1,0.0,0.0,0.0,0.0,0.0,0.0,0.0,0.0,0.0,0.0,0.0,0.0,0.0,0.0,0.0,0.0,0.0,0.0,0.0,0.0,0.0,0.0,0.0,0.0,0.0,0.0,0.0
846,case_d6e44ee4c8,B0_rule_based,False,21,True,abnormal,"['Fracture', 'Lung Lesion', 'Support Devices']","['Fracture', 'Lung Lesion', 'Support Devices']","['Fracture', 'Lung Lesion', 'Support Devices']",,abnormal,,0.0,0.09779373695858895,0.006632335607135708,0.10714285714285714,0.05952380952380952,4,2,0,0.0,0.0,False,4,0,,,,,,,,,,,,,,,,,,,,,,,,,,,
846,case_d6e44ee4c8,G1A_llm_no_retrieval,False,22,True,normal,[],[],"['Fracture', 'Lung Lesion', 'Support Devices']",,abnormal,,0.0,0.27691178991537935,0.039185754978740474,0.38596491228070173,0.28435147264389243,5,0,0,0.0,0.0,False,5,1,,,,,,,,,,,,,,,,,,,,,,,,,,,
846,case_d6e44ee4c8,G1B_llm_sham_retrieval,False,23,True,abnormal,"['Fracture', 'Lung Lesion', 'Support Devices']","['Fracture', 'Lung Lesion', 'Support Devices']","['Fracture', 'Lung Lesion', 'Support Devices']",,abnormal,,0.19999999999999996,0.1290190212513104,0.007350284072290648,0.10344827586206898,0.07396449704142011,5,1,0,0.0,0.0,False,5,0,,,,,,,,,,,,,,,,,,,,,,,,,,,
846,case_d6e44ee4c8,G1_single_agent_rag,False,18,True,normal,[],[],"['Fracture', 'Lung Lesion', 'Support Devices']",,abnormal,,0.0,0.2592637093261486,0.0349671415507374,0.22641509433962265,0.2560894227560894,3,1,0,0.0,0.0,False,3,1,,,,,,,,,,,,,,,,,,,,,,,,,,,
847,case_a8e7c940f8,B0_rule_based,True,15,True,abnormal,"['Atelectasis', 'Fracture', 'Lung Opacity']","['Atelectasis', 'Fracture', 'Lung Opacity']","['Atelectasis', 'Fracture', 'Lung Opacity']",['Cardiomegaly'],abnormal,abnormal,0.0,0.02893303532779902,0.002516566100123451,0.10169491525423728,0.0364963503649635,4,0,0,0.0,0.0,False,4,0,0.0,3.0,1.0,1.0,1.0,0.0,3.0,1.0,1.0,1.0,0.0,3.0,0.0,1.0,0.0,3.0,3.0,0.0,0.0,3.0,3.0,0.0,0.0,0.0,0.0,3.0,0.0
847,case_a8e7c940f8,G1A_llm_no_retrieval,True,18,True,abnormal,"['Atelectasis', 'Consolidation']",[],"['Atelectasis', 'Fracture', 'Lung Opacity']",['Cardiomegaly'],abnormal,abnormal,0.0,0.07862569432856664,0.007091537338771603,0.1290322580645161,0.07246376811594203,2,1,0,0.0,0.0,False,2,1,0.0,2.0,1.0,1.0,1.0,0.0,0.0,1.0,0.0,1.0,0.0,2.0,0.0,1.0,0.0,3.0,1.0,0.0,0.0,3.0,0.0,0.0,0.0,0.0,0.0,1.0,1.0
847,case_a8e7c940f8,G1B_llm_sham_retrieval,True,34,True,abnormal,"['Atelectasis', 'Lung Opacity']","['Atelectasis', 'Lung Opacity']","['Atelectasis', 'Fracture', 'Lung Opacity']",['Cardiomegaly'],abnormal,abnormal,0.0,0.3068424540643743,0.016688976549750954,0.1794871794871795,0.2230659705742762,7,3,3,1.0,0.7407407407407407,True,7,2,0.0,2.0,1.0,1.0,1.0,0.0,2.0,1.0,1.0,1.0,0.0,2.0,0.0,1.0,0.0,3.0,2.0,0.0,0.0,3.0,2.0,0.0,0.0,0.0,0.0,2.0,0.0
847,case_a8e7c940f8,G1_single_agent_rag,True,14,True,abnormal,"['Atelectasis', 'Lung Opacity']","['Atelectasis', 'Lung Opacity']","['Atelectasis', 'Fracture', 'Lung Opacity']",['Cardiomegaly'],abnormal,abnormal,0.0,0.025139821305910876,0.003921822657464619,0.06896551724137931,0.036585365853658534,2,1,0,0.0,0.0,False,2,0,0.0,2.0,1.0,1.0,1.0,0.0,2.0,1.0,1.0,1.0,0.0,2.0,0.0,1.0,0.0,3.0,2.0,0.0,0.0,3.0,2.0,0.0,0.0,0.0,0.0,2.0,0.0
854,case_9beed65845,B0_rule_based,True,12,True,indeterminate,[],[],[],['Fracture'],indeterminate,abnormal,0.0,7.099074597581416e-05,6.365579327166737e-06,0.04918032786885246,0.014970059880239521,2,1,0,0.0,0.0,False,2,2,0.0,0.0,1.0,0.0,1.0,0.0,0.0,1.0,0.0,1.0,0.0,0.0,1.0,0.0,1.0,0.0,0.0,0.0,0.0,0.0,0.0,0.0,0.0,0.0,0.0,0.0,0.0
854,case_9beed65845,G1A_llm_no_retrieval,True,15,True,normal,[],[],[],['Fracture'],indeterminate,abnormal,0.0,0.000592034515244793,3.5105471394262306e-05,0.048,0.02487562189054727,2,1,0,0.0,0.0,False,2,1,0.0,0.0,1.0,0.0,1.0,0.0,0.0,1.0,0.0,1.0,0.0,0.0,1.0,0.0,1.0,0.0,0.0,0.0,0.0,0.0,0.0,0.0,0.0,0.0,0.0,0.0,0.0
854,case_9beed65845,G1B_llm_sham_retrieval,True,25,True,normal,[],[],[],['Fracture'],indeterminate,abnormal,0.0,0.022693823573021726,0.0024276051556227675,0.17777777777777776,0.09766989960284314,5,0,0,0.0,0.0,False,5,1,0.0,0.0,1.0,0.0,1.0,0.0,0.0,1.0,0.0,1.0,0.0,0.0,1.0,0.0,1.0,0.0,0.0,0.0,0.0,0.0,0.0,0.0,0.0,0.0,0.0,0.0,0.0
854,case_9beed65845,G1_single_agent_rag,True,25,True,normal,[],[],[],['Fracture'],indeterminate,abnormal,0.0,0.022693823573021726,0.0024276051556227675,0.17777777777777776,0.09766989960284314,5,0,0,0.0,0.0,False,5,1,0.0,0.0,1.0,0.0,1.0,0.0,0.0,1.0,0.0,1.0,0.0,0.0,1.0,0.0,1.0,0.0,0.0,0.0,0.0,0.0,0.0,0.0,0.0,0.0,0.0,0.0,0.0
867,case_698f59f788,B0_rule_based,True,4,True,abnormal,['Fracture'],['Fracture'],['Fracture'],['Support Devices'],abnormal,abnormal,0.0,2.105865938617162e-12,6.767650166290326e-13,0.01818181818181818,0.005219206680584551,2,0,0,0.0,0.0,False,2,0,0.0,1.0,1.0,1.0,1.0,0.0,1.0,1.0,1.0,1.0,0.0,1.0,2.0,1.0,1.0,1.0,1.0,0.0,0.0,1.0,1.0,0.0,0.0,0.0,0.0,1.0,0.0
867,case_698f59f788,G1A_llm_no_retrieval,True,5,True,abnormal,['Fracture'],['Fracture'],['Fracture'],['Support Devices'],abnormal,abnormal,0.0,3.375059715017064e-10,9.066844219665675e-11,0.018018018018018018,0.005213764337851929,2,0,0,0.0,0.0,False,2,0,0.0,1.0,1.0,1.0,1.0,0.0,1.0,1.0,1.0,1.0,0.0,1.0,2.0,1.0,1.0,1.0,1.0,0.0,0.0,1.0,1.0,0.0,0.0,0.0,0.0,1.0,0.0
867,case_698f59f788,G1B_llm_sham_retrieval,True,41,True,abnormal,['Support Devices'],['Support Devices'],['Fracture'],['Support Devices'],abnormal,abnormal,0.0,0.049968981934444455,0.0016408215264231499,0.08163265306122447,0.05025125628140704,6,3,3,1.0,1.0,True,6,2,1.0,0.0,0.0,0.0,0.0,1.0,0.0,0.0,0.0,0.0,0.0,1.0,2.0,1.0,1.0,1.0,0.0,0.0,0.0,1.0,0.0,0.0,0.0,0.0,1.0,0.0,0.0
867,case_698f59f788,G1_single_agent_rag,True,33,True,normal,[],[],['Fracture'],['Support Devices'],abnormal,abnormal,0.0,0.04312383510186322,0.0020880316900368004,0.10071942446043164,0.07991462983279676,4,2,2,1.0,0.6538461538461539,True,4,0,0.0,0.0,1.0,0.0,1.0,0.0,0.0,1.0,0.0,1.0,0.0,0.0,2.0,0.0,1.0,1.0,0.0,0.0,0.0,1.0,0.0,0.0,0.0,0.0,0.0,0.0,0.0
868,case_26667f0257,B0_rule_based,True,10,True,abnormal,['Lung Lesion'],['Lung Lesion'],['Lung Lesion'],"['Lung Opacity', 'Support Devices']",abnormal,abnormal,0.0,0.001110899653824231,0.0002344591560178979,0.030769230769230767,0.0099009900990099,2,1,0,0.0,0.0,False,2,0,0.0,1.0,2.0,1.0,1.0,0.0,1.0,2.0,1.0,1.0,1.0,0.0,2.0,0.0,1.0,1.0,1.0,0.0,0.0,1.0,1.0,0.0,0.0,0.0,0.0,1.0,0.0
868,case_26667f0257,G1A_llm_no_retrieval,True,22,True,normal,[],[],['Lung Lesion'],"['Lung Opacity', 'Support Devices']",abnormal,abnormal,0.0,0.07099596004722766,0.005606946266452516,0.12987012987012989,0.0927643784786642,5,0,0,0.0,0.0,False,5,2,0.0,0.0,2.0,0.0,1.0,0.0,0.0,2.0,0.0,1.0,0.0,0.0,3.0,0.0,1.0,1.0,0.0,0.0,0.0,1.0,0.0,0.0,0.0,0.0,0.0,0.0,0.0
868,case_26667f0257,G1B_llm_sham_retrieval,True,33,True,normal,[],[],['Lung Lesion'],"['Lung Opacity', 'Support Devices']",abnormal,abnormal,0.0,0.12446475612911322,0.008673734520869121,0.11363636363636363,0.10076349431818181,5,3,2,0.6666666666666666,0.5384615384615384,False,5,0,0.0,0.0,2.0,0.0,1.0,0.0,0.0,2.0,0.0,1.0,0.0,0.0,3.0,0.0,1.0,1.0,0.0,0.0,0.0,1.0,0.0,0.0,0.0,0.0,0.0,0.0,0.0
868,case_26667f0257,G1_single_agent_rag,True,22,True,normal,[],[],['Lung Lesion'],"['Lung Opacity', 'Support Devices']",abnormal,abnormal,0.0,0.05071140003373405,0.0028986406954363392,0.07792207792207792,0.04835589941972921,4,1,0,0.0,0.0,False,4,1,0.0,0.0,2.0,0.0,1.0,0.0,0.0,2.0,0.0,1.0,0.0,0.0,3.0,0.0,1.0,1.0,0.0,0.0,0.0,1.0,0.0,0.0,0.0,0.0,0.0,0.0,0.0
875,case_b2bd229897,B0_rule_based,False,12,True,indeterminate,[],[],[],,indeterminate,,0.0,0.005409342679873275,0.0004850435005753175,0.05714285714285715,0.028089887640449437,2,1,0,0.0,0.0,False,2,2,,,,,,,,,,,,,,,,,,,,,,,,,,,
875,case_b2bd229897,G1A_llm_no_retrieval,False,15,True,normal,[],[],[],,indeterminate,,0.0,0.01896274611536717,0.0011244211683071052,0.10958904109589042,0.04655493482309125,2,1,0,0.0,0.0,False,2,1,,,,,,,,,,,,,,,,,,,,,,,,,,,
875,case_b2bd229897,G1B_llm_sham_retrieval,False,25,True,normal,[],[],[],,indeterminate,,0.0,0.10685412078634016,0.007610502640921012,0.1927710843373494,0.11617915904936016,5,0,0,0.0,0.0,False,5,1,,,,,,,,,,,,,,,,,,,,,,,,,,,
875,case_b2bd229897,G1_single_agent_rag,False,25,True,normal,[],[],[],,indeterminate,,0.0,0.10685412078634016,0.007610502640921012,0.1927710843373494,0.11617915904936016,5,0,0,0.0,0.0,False,5,1,,,,,,,,,,,,,,,,,,,,,,,,,,,
882,case_92c1823bf2,B0_rule_based,True,10,True,normal,[],[],[],[],normal,normal,0.0,0.10000000000000002,0.021105340631872645,0.11111111111111112,0.06097560975609756,2,1,0,0.0,0.0,False,2,0,0.0,0.0,0.0,0.0,0.0,0.0,0.0,0.0,0.0,0.0,0.0,0.0,0.0,0.0,0.0,0.0,0.0,0.0,0.0,0.0,0.0,0.0,0.0,0.0,0.0,0.0,0.0
882,case_92c1823bf2,G1A_llm_no_retrieval,True,10,True,abnormal,['Enlarged Cardiomediastinum'],['Enlarged Cardiomediastinum'],[],[],normal,normal,0.0,0.010000000000000004,0.011868405219520983,0.0,0.0,2,1,0,0.0,0.0,False,2,0,0.0,1.0,0.0,1.0,0.0,0.0,1.0,0.0,1.0,0.0,0.0,1.0,0.0,1.0,0.0,0.0,0.0,0.0,0.0,0.0,0.0,0.0,0.0,0.0,0.0,0.0,1.0
882,case_92c1823bf2,G1B_llm_sham_retrieval,True,24,True,normal,[],[],[],[],normal,normal,0.0,0.3333333333333333,0.055386962325977424,0.375,0.55419921875,4,2,1,0.5,0.058823529411764705,False,4,1,0.0,0.0,0.0,0.0,0.0,0.0,0.0,0.0,0.0,0.0,0.0,0.0,0.0,0.0,0.0,0.0,0.0,0.0,0.0,0.0,0.0,0.0,0.0,0.0,0.0,0.0,0.0
882,case_92c1823bf2,G1_single_agent_rag,True,21,True,normal,[],[],[],[],normal,normal,0.0,0.38095238095238093,0.14528679532351443,0.27586206896551724,0.8064516129032259,4,1,0,0.0,0.0,False,4,1,0.0,0.0,0.0,0.0,0.0,0.0,0.0,0.0,0.0,0.0,0.0,0.0,0.0,0.0,0.0,0.0,0.0,0.0,0.0,0.0,0.0,0.0,0.0,0.0,0.0,0.0,0.0
890,case_46326056d8,B0_rule_based,False,10,True,normal,[],[],[],,normal,,0.0,0.0493193927883213,0.011006204809490926,0.11764705882352941,0.0829646017699115,2,1,0,0.0,0.0,False,2,0,,,,,,,,,,,,,,,,,,,,,,,,,,,
890,case_46326056d8,G1A_llm_no_retrieval,False,10,True,abnormal,['Enlarged Cardiomediastinum'],['Enlarged Cardiomediastinum'],[],,normal,,0.0,0.024659696394160654,0.005204512922773221,0.058823529411764705,0.02212389380530973,2,1,0,0.0,0.0,False,2,0,,,,,,,,,,,,,,,,,,,,,,,,,,,
890,case_46326056d8,G1B_llm_sham_retrieval,False,10,True,normal,[],[],[],,normal,,0.0,0.07397908918248194,0.012180367867182329,0.17647058823529413,0.11307767944936085,2,1,0,0.0,0.0,False,2,0,,,,,,,,,,,,,,,,,,,,,,,,,,,
890,case_46326056d8,G1_single_agent_rag,False,21,True,normal,[],[],[],,normal,,0.0,0.3302391999048311,0.02816236207011613,0.26666666666666666,0.26635021097046413,4,1,0,0.0,0.0,False,4,1,,,,,,,,,,,,,,,,,,,,,,,,,,,
906,case_ca154be23d,B0_rule_based,True,10,True,normal,[],[],[],['Cardiomegaly'],normal,abnormal,0.0,0.03324094750870016,0.0054729920763277266,0.14285714285714285,0.05033557046979865,2,1,0,0.0,0.0,False,2,0,0.0,0.0,1.0,0.0,1.0,0.0,0.0,1.0,0.0,1.0,0.0,0.0,1.0,0.0,1.0,0.0,0.0,0.0,0.0,0.0,0.0,0.0,0.0,0.0,0.0,0.0,0.0
906,case_ca154be23d,G1A_llm_no_retrieval,True,10,True,abnormal,['Enlarged Cardiomediastinum'],['Enlarged Cardiomediastinum'],[],['Cardiomegaly'],normal,abnormal,0.0,0.011080315836233388,0.002338538400324384,0.047619047619047616,0.016778523489932886,2,1,0,0.0,0.0,False,2,0,0.0,1.0,1.0,1.0,1.0,0.0,1.0,1.0,1.0,1.0,0.0,1.0,1.0,1.0,1.0,0.0,0.0,0.0,0.0,0.0,0.0,0.0,0.0,0.0,0.0,0.0,1.0
906,case_ca154be23d,G1B_llm_sham_retrieval,True,28,True,normal,[],[],[],['Cardiomegaly'],normal,abnormal,0.0,0.30959924991077925,0.024231453006364177,0.30000000000000004,0.23544303797468355,4,2,0,0.0,0.047619047619047616,False,4,1,0.0,0.0,1.0,0.0,1.0,0.0,0.0,1.0,0.0,1.0,0.0,0.0,1.0,0.0,1.0,0.0,0.0,0.0,0.0,0.0,0.0,0.0,0.0,0.0,0.0,0.0,0.0
906,case_ca154be23d,G1_single_agent_rag,True,21,True,normal,[],[],[],['Cardiomegaly'],normal,abnormal,0.0,0.22562286335081636,0.03786573363619218,0.22641509433962265,0.2042880258899676,4,1,0,0.0,0.0,False,4,1,0.0,0.0,1.0,0.0,1.0,0.0,0.0,1.0,0.0,1.0,0.0,0.0,1.0,0.0,1.0,0.0,0.0,0.0,0.0,0.0,0.0,0.0,0.0,0.0,0.0,0.0,0.0
912,case_896a6d7b06,B0_rule_based,True,10,True,normal,[],[],[],[],normal,normal,0.0,0.11156508007421491,0.026481991573381755,0.28571428571428575,0.15829787234042553,2,1,0,0.0,0.0,False,2,0,0.0,0.0,0.0,0.0,0.0,0.0,0.0,0.0,0.0,0.0,0.0,0.0,0.0,0.0,0.0,0.0,0.0,0.0,0.0,0.0,0.0,0.0,0.0,0.0,0.0,0.0,0.0
912,case_896a6d7b06,G1A_llm_no_retrieval,True,10,True,abnormal,['Enlarged Cardiomediastinum'],['Enlarged Cardiomediastinum'],[],[],normal,normal,0.0,0.06693904804452894,0.011021252611669424,0.17142857142857143,0.10874704491725767,2,1,0,0.0,0.0,False,2,0,0.0,1.0,0.0,1.0,0.0,0.0,1.0,0.0,1.0,0.0,0.0,1.0,0.0,1.0,0.0,0.0,0.0,0.0,0.0,0.0,0.0,0.0,0.0,0.0,0.0,0.0,1.0
912,case_896a6d7b06,G1B_llm_sham_retrieval,True,20,True,normal,[],[],[],[],normal,normal,0.0,0.38940039153570244,0.1475954394771886,0.35555555555555557,0.3036734693877551,4,1,0,0.0,0.0,False,4,1,0.0,0.0,0.0,0.0,0.0,0.0,0.0,0.0,0.0,0.0,0.0,0.0,0.0,0.0,0.0,0.0,0.0,0.0,0.0,0.0,0.0,0.0,0.0,0.0,0.0,0.0,0.0
912,case_896a6d7b06,G1_single_agent_rag,True,21,True,normal,[],[],[],[],normal,normal,0.0,0.3542423304103877,0.17210731663474327,0.391304347826087,0.31165311653116534,4,1,0,0.0,0.0,False,4,1,0.0,0.0,0.0,0.0,0.0,0.0,0.0,0.0,0.0,0.0,0.0,0.0,0.0,0.0,0.0,0.0,0.0,0.0,0.0,0.0,0.0,0.0,0.0,0.0,0.0,0.0,0.0
914,case_5b71a798ea,B0_rule_based,False,10,True,normal,[],[],[],,normal,,0.0,0.05480505721582038,0.0050742523360922664,0.16216216216216217,0.059288537549407105,2,1,0,0.0,0.0,False,2,0,,,,,,,,,,,,,,,,,,,,,,,,,,,
914,case_5b71a798ea,G1A_llm_no_retrieval,False,10,True,abnormal,['Enlarged Cardiomediastinum'],['Enlarged Cardiomediastinum'],[],,normal,,0.0,0.05480505721582038,0.00902343845061478,0.16216216216216217,0.101010101010101,2,1,0,0.0,0.0,False,2,0,,,,,,,,,,,,,,,,,,,,,,,,,,,
914,case_5b71a798ea,G1B_llm_sham_retrieval,False,36,True,abnormal,['Support Devices'],['Support Devices'],[],,normal,,0.0,0.2222222222222222,0.01542345413162388,0.15873015873015875,0.19069220430107525,6,2,2,1.0,0.7586206896551724,True,6,2,,,,,,,,,,,,,,,,,,,,,,,,,,,
914,case_5b71a798ea,G1_single_agent_rag,False,21,True,normal,[],[],[],,normal,,0.0,0.32206169703226534,0.021142563350332568,0.25,0.22119341563786013,4,1,0,0.0,0.0,False,4,1,,,,,,,,,,,,,,,,,,,,,,,,,,,
929,case_bb5b7296da,B0_rule_based,True,15,True,abnormal,"['Fracture', 'Lung Lesion']","['Fracture', 'Lung Lesion']","['Fracture', 'Lung Lesion']","['Atelectasis', 'Lung Opacity']",abnormal,abnormal,0.0,0.0657591903844284,0.004609637244228165,0.11764705882352941,0.05899705014749262,3,2,0,0.0,0.0,False,3,0,0.0,2.0,2.0,1.0,1.0,0.0,2.0,2.0,1.0,1.0,0.0,2.0,2.0,1.0,1.0,2.0,2.0,0.0,0.0,2.0,2.0,0.0,0.0,1.0,0.0,1.0,0.0
929,case_bb5b7296da,G1A_llm_no_retrieval,True,18,True,normal,[],[],"['Fracture', 'Lung Lesion']","['Atelectasis', 'Lung Opacity']",abnormal,abnormal,0.0,0.12262648039048077,0.006219567186835934,0.1851851851851852,0.08771929824561403,4,0,0,0.0,0.0,False,4,2,0.0,0.0,2.0,0.0,1.0,0.0,0.0,2.0,0.0,1.0,0.0,0.0,2.0,0.0,1.0,2.0,0.0,0.0,0.0,2.0,0.0,0.0,0.0,0.0,0.0,0.0,0.0
929,case_bb5b7296da,G1B_llm_sham_retrieval,True,19,True,normal,[],[],"['Fracture', 'Lung Lesion']","['Atelectasis', 'Lung Opacity']",abnormal,abnormal,0.0,0.10755661608052211,0.006223210271336521,0.1090909090909091,0.0728862973760933,4,1,0,0.0,0.0,False,4,1,0.0,0.0,2.0,0.0,1.0,0.0,0.0,2.0,0.0,1.0,0.0,0.0,2.0,0.0,1.0,2.0,0.0,0.0,0.0,2.0,0.0,0.0,0.0,0.0,0.0,0.0,0.0
929,case_bb5b7296da,G1_single_agent_rag,True,92,True,abnormal,"['Atelectasis', 'Fracture']","['Atelectasis', 'Fracture']","['Fracture', 'Lung Lesion']","['Atelectasis', 'Lung Opacity']",abnormal,abnormal,0.09090909090909094,0.16304347826086957,0.009725733804500954,0.15625,0.18028846153846156,11,7,7,1.0,1.0,True,11,4,1.0,1.0,1.0,1.0,1.0,1.0,1.0,1.0,1.0,1.0,1.0,1.0,1.0,1.0,1.0,2.0,1.0,0.0,0.0,2.0,1.0,0.0,0.0,0.0,1.0,1.0,0.0
933,case_d7e274b6f8,B0_rule_based,False,10,True,normal,[],[],[],,normal,,0.0,0.13479868923516647,0.01248064683264796,0.21428571428571427,0.08720930232558138,2,1,0,0.0,0.0,False,2,0,,,,,,,,,,,,,,,,,,,,,,,,,,,
933,case_d7e274b6f8,G1A_llm_no_retrieval,False,10,True,abnormal,['Enlarged Cardiomediastinum'],['Enlarged Cardiomediastinum'],[],,normal,,0.0,0.004493289641172217,0.005332818223010789,0.0,0.0,2,1,0,0.0,0.0,False,2,0,,,,,,,,,,,,,,,,,,,,,,,,,,,
933,case_d7e274b6f8,G1B_llm_sham_retrieval,False,20,True,normal,[],[],[],,normal,,0.0,0.4,0.060905111119656546,0.3157894736842105,0.3468406593406593,4,1,1,1.0,0.0,True,4,1,,,,,,,,,,,,,,,,,,,,,,,,,,,
933,case_d7e274b6f8,G1_single_agent_rag,False,21,True,normal,[],[],[],,normal,,0.0,0.3333333333333333,0.031420504922717064,0.30769230769230765,0.2620720419315267,4,1,0,0.0,0.0,False,4,1,,,,,,,,,,,,,,,,,,,,,,,,,,,
937,case_6fdb66e944,B0_rule_based,True,10,True,normal,[],[],[],[],normal,normal,0.0,0.027067056647322542,0.003396729014902359,0.1,0.03571428571428571,2,1,0,0.0,0.0,False,2,0,0.0,0.0,0.0,0.0,0.0,0.0,0.0,0.0,0.0,0.0,0.0,0.0,0.0,0.0,0.0,0.0,0.0,0.0,0.0,0.0,0.0,0.0,0.0,0.0,0.0,0.0,0.0
937,case_6fdb66e944,G1A_llm_no_retrieval,True,10,True,abnormal,['Enlarged Cardiomediastinum'],['Enlarged Cardiomediastinum'],[],[],normal,normal,0.0,0.027067056647322542,0.006040333268682658,0.1,0.03571428571428571,2,1,0,0.0,0.0,False,2,0,0.0,1.0,0.0,1.0,0.0,0.0,1.0,0.0,1.0,0.0,0.0,1.0,0.0,1.0,0.0,0.0,0.0,0.0,0.0,0.0,0.0,0.0,0.0,0.0,0.0,0.0,1.0
937,case_6fdb66e944,G1B_llm_sham_retrieval,True,31,True,normal,[],[],[],[],normal,normal,0.0,0.3548387096774194,0.019536125064775634,0.22950819672131148,0.22816506960270166,5,2,2,1.0,1.0,True,5,1,0.0,0.0,0.0,0.0,0.0,0.0,0.0,0.0,0.0,0.0,0.0,0.0,0.0,0.0,0.0,0.0,0.0,0.0,0.0,0.0,0.0,0.0,0.0,0.0,0.0,0.0,0.0
937,case_6fdb66e944,G1_single_agent_rag,True,21,True,normal,[],[],[],[],normal,normal,0.0,0.24816726001183068,0.010007542453061282,0.19607843137254902,0.1374570446735395,4,1,0,0.0,0.0,False,4,1,0.0,0.0,0.0,0.0,0.0,0.0,0.0,0.0,0.0,0.0,0.0,0.0,0.0,0.0,0.0,0.0,0.0,0.0,0.0,0.0,0.0,0.0,0.0,0.0,0.0,0.0,0.0
940,case_5cc8d6af1e,B0_rule_based,True,10,True,normal,[],[],[],[],normal,normal,0.0,0.10961011443164076,0.01276106903609829,0.32432432432432434,0.16853315766359242,2,1,0,0.0,0.0,False,2,0,0.0,0.0,0.0,0.0,0.0,0.0,0.0,0.0,0.0,0.0,0.0,0.0,0.0,0.0,0.0,0.0,0.0,0.0,0.0,0.0,0.0,0.0,0.0,0.0,0.0,0.0,0.0
940,case_5cc8d6af1e,G1A_llm_no_retrieval,True,10,True,abnormal,['Enlarged Cardiomediastinum'],['Enlarged Cardiomediastinum'],[],[],normal,normal,0.0,0.018268352405273466,0.003855598002963863,0.05405405405405406,0.01976284584980237,2,1,0,0.0,0.0,False,2,0,0.0,1.0,0.0,1.0,0.0,0.0,1.0,0.0,1.0,0.0,0.0,1.0,0.0,1.0,0.0,0.0,0.0,0.0,0.0,0.0,0.0,0.0,0.0,0.0,0.0,0.0,1.0
940,case_5cc8d6af1e,G1B_llm_sham_retrieval,True,25,True,normal,[],[],[],[],normal,normal,0.0,0.40617119241011973,0.06022428768790015,0.34615384615384615,0.2980448994695941,4,2,0,0.0,0.16666666666666666,False,4,1,0.0,0.0,0.0,0.0,0.0,0.0,0.0,0.0,0.0,0.0,0.0,0.0,0.0,0.0,0.0,0.0,0.0,0.0,0.0,0.0,0.0,0.0,0.0,0.0,0.0,0.0,0.0
940,case_5cc8d6af1e,G1_single_agent_rag,True,21,True,normal,[],[],[],[],normal,normal,0.0,0.5009848620501905,0.25451446166221625,0.5833333333333334,0.4971590909090909,4,1,0,0.0,0.0,False,4,1,0.0,0.0,0.0,0.0,0.0,0.0,0.0,0.0,0.0,0.0,0.0,0.0,0.0,0.0,0.0,0.0,0.0,0.0,0.0,0.0,0.0,0.0,0.0,0.0,0.0,0.0,0.0
941,case_5e475007bb,B0_rule_based,True,4,True,abnormal,['Fracture'],['Fracture'],['Fracture'],[],abnormal,normal,0.0,6.88411233743679e-07,1.2440995402366274e-06,0.0,0.0,2,0,0,0.0,0.0,False,2,0,0.0,1.0,0.0,1.0,0.0,0.0,1.0,0.0,1.0,0.0,0.0,1.0,0.0,1.0,0.0,1.0,1.0,0.0,0.0,1.0,1.0,0.0,0.0,0.0,0.0,1.0,0.0
941,case_5e475007bb,G1A_llm_no_retrieval,True,5,True,abnormal,['Fracture'],['Fracture'],['Fracture'],[],abnormal,normal,0.0,5.493071399442851e-06,8.298315391100371e-06,0.0,0.0,2,0,0,0.0,0.0,False,2,0,0.0,1.0,0.0,1.0,0.0,0.0,1.0,0.0,1.0,0.0,0.0,1.0,0.0,1.0,0.0,1.0,1.0,0.0,0.0,1.0,1.0,0.0,0.0,0.0,0.0,1.0,0.0
941,case_5e475007bb,G1B_llm_sham_retrieval,True,17,True,normal,[],[],['Fracture'],[],abnormal,normal,0.0,0.10683062912596526,0.01546065792659524,0.25396825396825395,0.1474477958236659,4,0,0,0.0,0.0,False,4,1,0.0,0.0,0.0,0.0,0.0,0.0,0.0,0.0,0.0,0.0,0.0,0.0,0.0,0.0,0.0,1.0,0.0,0.0,0.0,1.0,0.0,0.0,0.0,0.0,0.0,0.0,0.0
941,case_5e475007bb,G1_single_agent_rag,True,43,True,abnormal,['Fracture'],['Fracture'],['Fracture'],[],abnormal,normal,0.0,0.45546103020377104,0.16312040571813535,0.4044943820224719,0.4264973677290026,7,3,2,0.6666666666666666,0.4722222222222222,False,7,2,0.0,1.0,0.0,1.0,0.0,0.0,1.0,0.0,1.0,0.0,0.0,1.0,0.0,1.0,0.0,1.0,1.0,0.0,0.0,1.0,1.0,0.0,0.0,0.0,0.0,1.0,0.0
942,case_b336351f7e,B0_rule_based,False,12,True,indeterminate,[],[],[],,indeterminate,,0.0,0.028639710998171933,0.002568057987841172,0.08,0.0423728813559322,2,1,0,0.0,0.0,False,2,2,,,,,,,,,,,,,,,,,,,,,,,,,,,
942,case_b336351f7e,G1A_llm_no_retrieval,False,15,True,normal,[],[],[],,indeterminate,,0.0,0.05755068890631728,0.00403423152661515,0.07547169811320754,0.056022408963585436,2,1,0,0.0,0.0,False,2,1,,,,,,,,,,,,,,,,,,,,,,,,,,,
942,case_b336351f7e,G1B_llm_sham_retrieval,False,25,True,normal,[],[],[],,indeterminate,,0.0,0.2853698630256933,0.0374888170812046,0.34920634920634924,0.25800408719346046,5,0,0,0.0,0.0,False,5,1,,,,,,,,,,,,,,,,,,,,,,,,,,,
942,case_b336351f7e,G1_single_agent_rag,False,25,True,normal,[],[],[],,indeterminate,,0.0,0.2853698630256933,0.0374888170812046,0.34920634920634924,0.25800408719346046,5,0,0,0.0,0.0,False,5,1,,,,,,,,,,,,,,,,,,,,,,,,,,,
955,case_79e12cd9f0,B0_rule_based,True,15,True,abnormal,"['Consolidation', 'Lung Opacity', 'Pneumonia']","['Consolidation', 'Lung Opacity', 'Pneumonia']","['Consolidation', 'Lung Opacity', 'Pneumonia']",['Support Devices'],abnormal,abnormal,0.0,0.016973455794003483,0.001476333988784526,0.05970149253731343,0.03105590062111801,4,0,0,0.0,0.0,False,4,0,0.0,3.0,1.0,1.0,1.0,0.0,3.0,1.0,1.0,1.0,0.0,3.0,1.0,1.0,1.0,3.0,3.0,0.0,0.0,3.0,3.0,0.0,0.0,0.0,0.0,3.0,0.0
955,case_79e12cd9f0,G1A_llm_no_retrieval,True,10,True,abnormal,"['Consolidation', 'Pneumonia']","['Consolidation', 'Pneumonia']","['Consolidation', 'Lung Opacity', 'Pneumonia']",['Support Devices'],abnormal,abnormal,0.0,0.007497788410238852,0.000841585109977265,0.12903225806451613,0.05230125523012552,2,1,0,0.0,0.0,False,2,0,0.0,2.0,1.0,1.0,1.0,0.0,2.0,1.0,1.0,1.0,0.0,2.0,1.0,1.0,1.0,3.0,2.0,0.0,0.0,3.0,2.0,0.0,0.0,0.0,0.0,2.0,0.0
955,case_79e12cd9f0,G1B_llm_sham_retrieval,True,20,True,normal,[],[],"['Consolidation', 'Lung Opacity', 'Pneumonia']",['Support Devices'],abnormal,abnormal,0.0,0.11104308489706047,0.008286689345390775,0.2777777777777778,0.14073296301314184,4,1,0,0.0,0.0,False,4,1,0.0,0.0,1.0,0.0,1.0,0.0,0.0,1.0,0.0,1.0,0.0,0.0,1.0,0.0,1.0,3.0,0.0,0.0,0.0,3.0,0.0,0.0,0.0,0.0,0.0,0.0,0.0
955,case_79e12cd9f0,G1_single_agent_rag,True,28,True,abnormal,"['Lung Opacity', 'Pneumonia']",['Lung Opacity'],"['Consolidation', 'Lung Opacity', 'Pneumonia']",['Support Devices'],abnormal,abnormal,0.0,0.10609321141923748,0.008244480761315948,0.1,0.07056451612903225,2,2,1,0.5,0.5238095238095238,False,2,0,0.0,2.0,1.0,1.0,1.0,0.0,1.0,1.0,1.0,1.0,0.0,2.0,1.0,1.0,1.0,3.0,2.0,0.0,0.0,3.0,1.0,0.0,0.0,0.0,0.0,2.0,0.0
959,case_a2a73f36f6,B0_rule_based,True,6,True,abnormal,['Lung Opacity'],['Lung Opacity'],['Lung Opacity'],['Lung Opacity'],abnormal,abnormal,0.0,0.0011229911665142447,0.00027507553436127583,0.04761904761904762,0.015151515151515152,2,0,0,0.0,0.0,False,2,0,1.0,0.0,0.0,0.0,0.0,1.0,0.0,0.0,0.0,0.0,1.0,0.0,1.0,0.0,1.0,0.0,0.0,1.0,1.0,0.0,0.0,1.0,1.0,0.0,0.0,1.0,0.0
959,case_a2a73f36f6,G1A_llm_no_retrieval,True,11,True,abnormal,['Lung Opacity'],['Lung Opacity'],['Lung Opacity'],['Lung Opacity'],abnormal,abnormal,0.0,0.018732873356684394,0.0023096346698519934,0.0851063829787234,0.029850746268656712,2,1,0,0.0,0.0,False,2,0,1.0,0.0,0.0,0.0,0.0,1.0,0.0,0.0,0.0,0.0,1.0,0.0,1.0,0.0,1.0,0.0,0.0,1.0,1.0,0.0,0.0,1.0,1.0,0.0,0.0,1.0,0.0
959,case_a2a73f36f6,G1B_llm_sham_retrieval,True,20,True,normal,[],[],['Lung Opacity'],['Lung Opacity'],abnormal,abnormal,0.0,0.22466448205861078,0.10598972952841852,0.2857142857142857,0.2593023255813954,4,1,0,0.0,0.0,False,4,1,0.0,0.0,1.0,0.0,1.0,0.0,0.0,1.0,0.0,1.0,0.0,0.0,2.0,0.0,1.0,0.0,0.0,1.0,0.0,0.0,0.0,1.0,0.0,0.0,0.0,0.0,0.0
959,case_a2a73f36f6,G1_single_agent_rag,True,37,True,abnormal,"['Atelectasis', 'Lung Opacity']",['Lung Opacity'],['Lung Opacity'],['Lung Opacity'],abnormal,abnormal,0.0,0.3783783783783784,0.022688173051219205,0.273972602739726,0.2937560065577478,4,4,1,0.25,0.16666666666666666,False,4,0,1.0,1.0,0.0,1.0,0.0,1.0,0.0,0.0,0.0,0.0,2.0,0.0,0.0,0.0,0.0,0.0,0.0,1.0,1.0,0.0,0.0,1.0,1.0,0.0,1.0,1.0,0.0
961,case_77386a710d,B0_rule_based,True,10,True,normal,[],[],[],['Lung Opacity'],normal,abnormal,0.0,0.004971802620528376,0.0004603257864043108,0.06557377049180327,0.031982942430703626,2,1,0,0.0,0.0,False,2,0,0.0,0.0,1.0,0.0,1.0,0.0,0.0,1.0,0.0,1.0,0.0,0.0,1.0,0.0,1.0,0.0,0.0,0.0,0.0,0.0,0.0,0.0,0.0,0.0,0.0,0.0,0.0
961,case_77386a710d,G1A_llm_no_retrieval,True,10,True,abnormal,['Enlarged Cardiomediastinum'],['Enlarged Cardiomediastinum'],[],['Lung Opacity'],normal,abnormal,0.0,0.0016572675401761259,0.0003497719595356281,0.032786885245901634,0.010660980810234541,2,1,0,0.0,0.0,False,2,0,0.0,1.0,1.0,1.0,1.0,0.0,1.0,1.0,1.0,1.0,0.0,1.0,1.0,1.0,1.0,0.0,0.0,0.0,0.0,0.0,0.0,0.0,0.0,0.0,0.0,0.0,1.0
961,case_77386a710d,G1B_llm_sham_retrieval,True,11,True,normal,[],[],[],['Lung Opacity'],normal,abnormal,0.0,0.007185812949395106,0.0006536516425017215,0.06451612903225806,0.031914893617021274,2,1,0,0.0,0.0,False,2,1,0.0,0.0,1.0,0.0,1.0,0.0,0.0,1.0,0.0,1.0,0.0,0.0,1.0,0.0,1.0,0.0,0.0,0.0,0.0,0.0,0.0,0.0,0.0,0.0,0.0,0.0,0.0
961,case_77386a710d,G1_single_agent_rag,True,22,True,normal,[],[],[],['Lung Opacity'],normal,abnormal,0.0,0.08515227774090485,0.006724949496305008,0.19178082191780824,0.09970724256438543,4,2,2,1.0,1.0,True,4,1,0.0,0.0,1.0,0.0,1.0,0.0,0.0,1.0,0.0,1.0,0.0,0.0,1.0,0.0,1.0,0.0,0.0,0.0,0.0,0.0,0.0,0.0,0.0,0.0,0.0,0.0,0.0
962,case_fb7302fc56,B0_rule_based,True,10,True,normal,[],[],[],[],normal,normal,0.0,0.08075860719786215,0.010716086058573793,0.16666666666666669,0.08196721311475409,2,1,0,0.0,0.0,False,2,0,0.0,0.0,0.0,0.0,0.0,0.0,0.0,0.0,0.0,0.0,0.0,0.0,0.0,0.0,0.0,0.0,0.0,0.0,0.0,0.0,0.0,0.0,0.0,0.0,0.0,0.0,0.0
962,case_fb7302fc56,G1A_llm_no_retrieval,True,10,True,abnormal,['Enlarged Cardiomediastinum'],['Enlarged Cardiomediastinum'],[],[],normal,normal,0.0,0.020189651799465542,0.004261094784666207,0.05555555555555555,0.020491803278688523,2,1,0,0.0,0.0,False,2,0,0.0,1.0,0.0,1.0,0.0,0.0,1.0,0.0,1.0,0.0,0.0,1.0,0.0,1.0,0.0,0.0,0.0,0.0,0.0,0.0,0.0,0.0,0.0,0.0,0.0,0.0,1.0
962,case_fb7302fc56,G1B_llm_sham_retrieval,True,26,True,normal,[],[],[],[],normal,normal,0.0,0.5384615384615384,0.14710052131359536,0.3076923076923077,0.4078689167974882,4,2,0,0.0,0.0,False,4,0,0.0,0.0,0.0,0.0,0.0,0.0,0.0,0.0,0.0,0.0,0.0,0.0,0.0,0.0,0.0,0.0,0.0,0.0,0.0,0.0,0.0,0.0,0.0,0.0,0.0,0.0,0.0
962,case_fb7302fc56,G1_single_agent_rag,True,22,True,normal,[],[],[],[],normal,normal,0.0,0.378978599125082,0.05360573900749627,0.37500000000000006,0.24824218750000002,4,2,2,1.0,1.0,True,4,1,0.0,0.0,0.0,0.0,0.0,0.0,0.0,0.0,0.0,0.0,0.0,0.0,0.0,0.0,0.0,0.0,0.0,0.0,0.0,0.0,0.0,0.0,0.0,0.0,0.0,0.0,0.0
963,case_a2dcfc569c,B0_rule_based,False,4,True,abnormal,['Fracture'],['Fracture'],['Fracture'],,abnormal,,0.0,3.9615331278937814e-05,1.2731233190162247e-05,0.04651162790697674,0.014084507042253521,2,0,0,0.0,0.0,False,2,0,,,,,,,,,,,,,,,,,,,,,,,,,,,
963,case_a2dcfc569c,G1A_llm_no_retrieval,False,5,True,abnormal,['Fracture'],['Fracture'],['Fracture'],,abnormal,,0.0,0.0004455100591379213,7.116389503963099e-05,0.045454545454545456,0.028089887640449437,2,0,0,0.0,0.0,False,2,0,,,,,,,,,,,,,,,,,,,,,,,,,,,
963,case_a2dcfc569c,G1B_llm_sham_retrieval,False,11,True,abnormal,['Fracture'],['Fracture'],['Fracture'],,abnormal,,0.0,0.021392015595581088,0.0019459073355995288,0.08,0.041436464088397795,2,1,0,0.0,0.0,False,2,0,,,,,,,,,,,,,,,,,,,,,,,,,,,
963,case_a2dcfc569c,G1_single_agent_rag,False,33,True,normal,[],[],['Fracture'],,abnormal,,0.0,0.5305700387751149,0.11678137925119039,0.33333333333333337,0.4018152399848829,4,2,2,1.0,0.6538461538461539,True,4,0,,,,,,,,,,,,,,,,,,,,,,,,,,,
972,case_8b1a07d051,B0_rule_based,True,19,True,abnormal,"['Enlarged Cardiomediastinum', 'Lung Lesion']","['Enlarged Cardiomediastinum', 'Lung Lesion']","['Enlarged Cardiomediastinum', 'Lung Lesion']","['Atelectasis', 'Lung Opacity']",abnormal,abnormal,0.0,0.06802146555748975,0.00577311079259556,0.07407407407407407,0.04491017964071856,3,2,0,0.0,0.0,False,3,0,0.0,2.0,2.0,1.0,1.0,0.0,2.0,2.0,1.0,1.0,0.0,2.0,2.0,1.0,1.0,2.0,2.0,0.0,0.0,2.0,2.0,0.0,0.0,2.0,0.0,0.0,0.0
972,case_8b1a07d051,G1A_llm_no_retrieval,True,17,True,abnormal,"['Enlarged Cardiomediastinum', 'Lung Lesion']","['Enlarged Cardiomediastinum', 'Lung Lesion']","['Enlarged Cardiomediastinum', 'Lung Lesion']","['Atelectasis', 'Lung Opacity']",abnormal,abnormal,0.0,0.08161497535456293,0.0056425670961670485,0.11538461538461539,0.060240963855421686,3,1,0,0.0,0.0,False,3,0,0.0,2.0,2.0,1.0,1.0,0.0,2.0,2.0,1.0,1.0,0.0,2.0,2.0,1.0,1.0,2.0,2.0,0.0,0.0,2.0,2.0,0.0,0.0,2.0,0.0,0.0,0.0
972,case_8b1a07d051,G1B_llm_sham_retrieval,True,23,True,normal,[],[],"['Enlarged Cardiomediastinum', 'Lung Lesion']","['Atelectasis', 'Lung Opacity']",abnormal,abnormal,0.0,0.23223423825235873,0.015139873630488089,0.20689655172413796,0.17276645481773686,4,1,0,0.0,0.25,False,4,1,0.0,0.0,2.0,0.0,1.0,0.0,0.0,2.0,0.0,1.0,0.0,0.0,2.0,0.0,1.0,2.0,0.0,0.0,0.0,2.0,0.0,0.0,0.0,0.0,0.0,0.0,0.0
972,case_8b1a07d051,G1_single_agent_rag,True,15,True,abnormal,"['Atelectasis', 'Cardiomegaly', 'Enlarged Cardiomediastinum']","['Atelectasis', 'Cardiomegaly', 'Enlarged Cardiomediastinum']","['Enlarged Cardiomediastinum', 'Lung Lesion']","['Atelectasis', 'Lung Opacity']",abnormal,abnormal,0.0,0.0351462850820969,0.004143451087284471,0.08,0.030303030303030307,4,0,0,0.0,0.25,False,4,1,1.0,2.0,1.0,1.0,1.0,1.0,2.0,1.0,1.0,1.0,1.0,2.0,1.0,1.0,1.0,2.0,1.0,0.0,0.0,2.0,1.0,0.0,0.0,1.0,2.0,0.0,0.0
980,case_618a0b828e,B0_rule_based,True,10,True,normal,[],[],[],[],normal,normal,0.0,0.049250999174339276,0.02386337062196437,0.22222222222222224,0.15726495726495726,2,1,0,0.0,0.0,False,2,0,0.0,0.0,0.0,0.0,0.0,0.0,0.0,0.0,0.0,0.0,0.0,0.0,0.0,0.0,0.0,0.0,0.0,0.0,0.0,0.0,0.0,0.0,0.0,0.0,0.0,0.0,0.0
980,case_618a0b828e,G1A_llm_no_retrieval,True,10,True,abnormal,['Enlarged Cardiomediastinum'],['Enlarged Cardiomediastinum'],[],[],normal,normal,0.0,0.0008208499862389883,0.0009742180261122532,0.0,0.0,2,1,0,0.0,0.0,False,2,0,0.0,1.0,0.0,1.0,0.0,0.0,1.0,0.0,1.0,0.0,0.0,1.0,0.0,1.0,0.0,0.0,0.0,0.0,0.0,0.0,0.0,0.0,0.0,0.0,0.0,0.0,1.0
980,case_618a0b828e,G1B_llm_sham_retrieval,True,28,True,normal,[],[],[],[],normal,normal,0.0,0.417214705216824,0.16373269103582117,0.38095238095238093,0.35108519598315513,4,3,0,0.0,0.047619047619047616,False,4,0,0.0,0.0,0.0,0.0,0.0,0.0,0.0,0.0,0.0,0.0,0.0,0.0,0.0,0.0,0.0,0.0,0.0,0.0,0.0,0.0,0.0,0.0,0.0,0.0,0.0,0.0,0.0
980,case_618a0b828e,G1_single_agent_rag,True,22,True,normal,[],[],[],[],normal,normal,0.0,0.35243318716502825,0.054776259195498764,0.38596491228070173,0.3397323321019803,4,2,2,1.0,1.0,True,4,1,0.0,0.0,0.0,0.0,0.0,0.0,0.0,0.0,0.0,0.0,0.0,0.0,0.0,0.0,0.0,0.0,0.0,0.0,0.0,0.0,0.0,0.0,0.0,0.0,0.0,0.0,0.0
981,case_09a58672d3,B0_rule_based,True,13,True,abnormal,"['Cardiomegaly', 'Enlarged Cardiomediastinum']","['Cardiomegaly', 'Enlarged Cardiomediastinum']","['Cardiomegaly', 'Enlarged Cardiomediastinum']",['Cardiomegaly'],abnormal,abnormal,0.0,0.07692307692307693,0.01553712569276035,0.09090909090909093,0.05319148936170213,3,0,0,0.0,0.0,False,3,0,1.0,1.0,0.0,1.0,0.0,1.0,1.0,0.0,1.0,0.0,1.0,1.0,0.0,1.0,0.0,1.0,1.0,1.0,1.0,1.0,1.0,1.0,1.0,1.0,0.0,1.0,0.0
981,case_09a58672d3,G1A_llm_no_retrieval,True,17,True,abnormal,"['Cardiomegaly', 'Enlarged Cardiomediastinum']","['Cardiomegaly', 'Enlarged Cardiomediastinum']","['Cardiomegaly', 'Enlarged Cardiomediastinum']",['Cardiomegaly'],abnormal,abnormal,0.0,0.11764705882352941,0.013679192123121896,0.15384615384615383,0.10204081632653061,3,1,0,0.0,0.0,False,3,0,1.0,1.0,0.0,1.0,0.0,1.0,1.0,0.0,1.0,0.0,1.0,1.0,0.0,1.0,0.0,1.0,1.0,1.0,1.0,1.0,1.0,1.0,1.0,1.0,0.0,1.0,0.0
981,case_09a58672d3,G1B_llm_sham_retrieval,True,22,True,normal,[],[],"['Cardiomegaly', 'Enlarged Cardiomediastinum']",['Cardiomegaly'],abnormal,abnormal,0.0,0.22727272727272727,0.11433361115787453,0.3225806451612903,0.4699029126213593,4,2,0,0.0,0.0,False,4,1,0.0,0.0,1.0,0.0,1.0,0.0,0.0,1.0,0.0,1.0,0.0,0.0,1.0,0.0,1.0,1.0,0.0,1.0,0.0,1.0,0.0,1.0,0.0,0.0,0.0,0.0,0.0
981,case_09a58672d3,G1_single_agent_rag,True,44,True,abnormal,"['Atelectasis', 'Cardiomegaly', 'Lung Opacity', 'Support Devices']","['Atelectasis', 'Cardiomegaly', 'Lung Opacity', 'Support Devices']","['Cardiomegaly', 'Enlarged Cardiomediastinum']",['Cardiomegaly'],abnormal,abnormal,0.0,0.0909090909090909,0.005919382824640362,0.11320754716981131,0.16,6,4,3,0.75,0.7027027027027027,False,6,1,1.0,3.0,0.0,1.0,0.0,1.0,3.0,0.0,1.0,0.0,1.0,3.0,0.0,1.0,0.0,1.0,0.0,1.0,1.0,1.0,0.0,1.0,1.0,0.0,3.0,1.0,0.0
984,case_98e3fbb7ed,B0_rule_based,True,10,True,normal,[],[],[],"['Atelectasis', 'Lung Opacity']",normal,abnormal,0.0,0.0049109359612273746,0.0006516458643190973,0.09375000000000001,0.04032258064516129,2,1,0,0.0,0.0,False,2,0,0.0,0.0,2.0,0.0,1.0,0.0,0.0,2.0,0.0,1.0,0.0,0.0,2.0,0.0,1.0,0.0,0.0,0.0,0.0,0.0,0.0,0.0,0.0,0.0,0.0,0.0,0.0
984,case_98e3fbb7ed,G1A_llm_no_retrieval,True,10,True,abnormal,['Enlarged Cardiomediastinum'],['Enlarged Cardiomediastinum'],[],"['Atelectasis', 'Lung Opacity']",normal,abnormal,0.0,0.0036832019709205307,0.0006064248077491394,0.09375000000000001,0.05152329749103943,2,1,0,0.0,0.0,False,2,0,0.0,1.0,2.0,1.0,1.0,0.0,1.0,2.0,1.0,1.0,0.0,1.0,2.0,1.0,1.0,0.0,0.0,0.0,0.0,0.0,0.0,0.0,0.0,0.0,0.0,0.0,1.0
984,case_98e3fbb7ed,G1B_llm_sham_retrieval,True,13,True,normal,[],[],[],"['Atelectasis', 'Lung Opacity']",normal,abnormal,0.0,0.02298564559960058,0.0019184355240154227,0.17910447761194032,0.07014028056112225,3,0,0,0.0,0.0,False,3,1,0.0,0.0,2.0,0.0,1.0,0.0,0.0,2.0,0.0,1.0,0.0,0.0,2.0,0.0,1.0,0.0,0.0,0.0,0.0,0.0,0.0,0.0,0.0,0.0,0.0,0.0,0.0
984,case_98e3fbb7ed,G1_single_agent_rag,True,22,True,normal,[],[],[],"['Atelectasis', 'Lung Opacity']",normal,abnormal,0.0,0.13798110128099428,0.01603092912810765,0.1842105263157895,0.17838838932115733,4,2,2,1.0,1.0,True,4,1,0.0,0.0,2.0,0.0,1.0,0.0,0.0,2.0,0.0,1.0,0.0,0.0,2.0,0.0,1.0,0.0,0.0,0.0,0.0,0.0,0.0,0.0,0.0,0.0,0.0,0.0,0.0
997,case_30b10ed215,B0_rule_based,False,10,True,normal,[],[],[],,normal,,0.0,0.0913417620263673,0.05074252336092265,0.2702702702702703,0.17628458498023716,2,1,0,0.0,0.0,False,2,0,,,,,,,,,,,,,,,,,,,,,,,,,,,
997,case_30b10ed215,G1A_llm_no_retrieval,False,10,True,abnormal,['Enlarged Cardiomediastinum'],['Enlarged Cardiomediastinum'],[],,normal,,0.0,0.0018268352405273467,0.0021681620903879627,0.0,0.0,2,1,0,0.0,0.0,False,2,0,,,,,,,,,,,,,,,,,,,,,,,,,,,
997,case_30b10ed215,G1B_llm_sham_retrieval,False,34,False,normal,[],[],[],,normal,,0.0,0.47058823529411764,0.05419281067412436,0.39344262295081966,0.4837686146209386,8,1,1,1.0,0.25925925925925924,True,8,4,,,,,,,,,,,,,,,,,,,,,,,,,,,
997,case_30b10ed215,G1_single_agent_rag,False,22,True,normal,[],[],[],,normal,,0.0,0.3621379408606643,0.055043407764743264,0.36734693877551017,0.31264150943396224,4,2,2,1.0,1.0,True,4,1,,,,,,,,,,,,,,,,,,,,,,,,,,,
1014,case_d3a72aebe4,B0_rule_based,True,12,True,indeterminate,[],[],[],['Cardiomegaly'],indeterminate,abnormal,0.0,0.08556951983876535,0.01039976998921129,0.125,0.05208333333333333,2,1,0,0.0,0.0,False,2,2,0.0,0.0,1.0,0.0,1.0,0.0,0.0,1.0,0.0,1.0,0.0,0.0,1.0,0.0,1.0,0.0,0.0,0.0,0.0,0.0,0.0,0.0,0.0,0.0,0.0,0.0,0.0
1014,case_d3a72aebe4,G1A_llm_no_retrieval,True,10,True,abnormal,['Enlarged Cardiomediastinum'],['Enlarged Cardiomediastinum'],[],['Cardiomegaly'],indeterminate,abnormal,0.0,0.03678794411714424,0.007764220917386244,0.06666666666666667,0.026315789473684213,2,1,0,0.0,0.0,False,2,0,0.0,1.0,1.0,1.0,1.0,0.0,1.0,1.0,1.0,1.0,0.0,1.0,1.0,1.0,1.0,0.0,0.0,0.0,0.0,0.0,0.0,0.0,0.0,0.0,0.0,0.0,1.0
1014,case_d3a72aebe4,G1B_llm_sham_retrieval,True,25,True,normal,[],[],[],['Cardiomegaly'],indeterminate,abnormal,0.0,0.32,0.026943533707378245,0.22222222222222224,0.25952743902439024,5,0,0,0.0,0.0,False,5,1,0.0,0.0,1.0,0.0,1.0,0.0,0.0,1.0,0.0,1.0,0.0,0.0,1.0,0.0,1.0,0.0,0.0,0.0,0.0,0.0,0.0,0.0,0.0,0.0,0.0,0.0,0.0
1014,case_d3a72aebe4,G1_single_agent_rag,True,25,True,normal,[],[],[],['Cardiomegaly'],indeterminate,abnormal,0.0,0.32,0.026943533707378245,0.22222222222222224,0.25952743902439024,5,0,0,0.0,0.0,False,5,1,0.0,0.0,1.0,0.0,1.0,0.0,0.0,1.0,0.0,1.0,0.0,0.0,1.0,0.0,1.0,0.0,0.0,0.0,0.0,0.0,0.0,0.0,0.0,0.0,0.0,0.0,0.0
1029,case_70c8b613ef,B0_rule_based,False,10,True,normal,[],[],[],,normal,,0.0,0.10000000000000002,0.021105340631872645,0.125,0.078125,2,1,0,0.0,0.0,False,2,0,,,,,,,,,,,,,,,,,,,,,,,,,,,
1029,case_70c8b613ef,G1A_llm_no_retrieval,False,10,True,abnormal,['Enlarged Cardiomediastinum'],['Enlarged Cardiomediastinum'],[],,normal,,0.0,0.010000000000000004,0.011868405219520983,0.0,0.0,2,1,0,0.0,0.0,False,2,0,,,,,,,,,,,,,,,,,,,,,,,,,,,
1029,case_70c8b613ef,G1B_llm_sham_retrieval,False,62,True,abnormal,"['Atelectasis', 'Consolidation', 'Enlarged Cardiomediastinum', 'Lung Opacity']","['Atelectasis', 'Consolidation', 'Enlarged Cardiomediastinum', 'Lung Opacity']",[],,normal,,0.07692307692307687,0.016129032258064516,0.002939806889647791,0.02941176470588235,0.043103448275862065,13,3,3,1.0,1.0,True,13,5,,,,,,,,,,,,,,,,,,,,,,,,,,,
1029,case_70c8b613ef,G1_single_agent_rag,False,21,True,normal,[],[],[],,normal,,0.0,0.19047619047619047,0.02297185935845028,0.22222222222222224,0.42083333333333334,4,1,0,0.0,0.0,False,4,1,,,,,,,,,,,,,,,,,,,,,,,,,,,
1045,case_c610d06193,B0_rule_based,False,12,True,indeterminate,[],[],[],,indeterminate,,0.0,0.01616199464406751,0.001964262826084266,0.07692307692307691,0.026881720430107527,2,1,0,0.0,0.0,False,2,2,,,,,,,,,,,,,,,,,,,,,,,,,,,
1045,case_c610d06193,G1A_llm_no_retrieval,False,15,True,normal,[],[],[],,indeterminate,,0.0,0.05036682742334983,0.0035306517949354774,0.10909090909090907,0.05333333333333334,2,1,0,0.0,0.0,False,2,1,,,,,,,,,,,,,,,,,,,,,,,,,,,
1045,case_c610d06193,G1B_llm_sham_retrieval,False,25,True,normal,[],[],[],,indeterminate,,0.0,0.2414771198813716,0.017720515598347475,0.3076923076923077,0.20747021573467855,5,0,0,0.0,0.0,False,5,1,,,,,,,,,,,,,,,,,,,,,,,,,,,
1045,case_c610d06193,G1_single_agent_rag,False,25,True,normal,[],[],[],,indeterminate,,0.0,0.2414771198813716,0.017720515598347475,0.3076923076923077,0.20747021573467855,5,0,0,0.0,0.0,False,5,1,,,,,,,,,,,,,,,,,,,,,,,,,,,
1049,case_925b078a07,B0_rule_based,True,18,True,abnormal,['Support Devices'],['Support Devices'],['Support Devices'],[],abnormal,normal,0.0,0.2222222222222222,0.13445273575332958,0.23529411764705882,0.24498456790123457,4,1,0,0.0,0.0,False,4,0,0.0,1.0,0.0,1.0,0.0,0.0,1.0,0.0,1.0,0.0,0.0,1.0,0.0,1.0,0.0,1.0,1.0,0.0,0.0,1.0,1.0,0.0,0.0,0.0,0.0,1.0,0.0
1049,case_925b078a07,G1A_llm_no_retrieval,True,11,True,abnormal,"['Enlarged Cardiomediastinum', 'Support Devices']","['Enlarged Cardiomediastinum', 'Support Devices']",['Support Devices'],[],abnormal,normal,0.0,0.005770331081275293,0.006728404954156584,0.0,0.0,2,1,0,0.0,0.0,False,2,0,0.0,2.0,0.0,1.0,0.0,0.0,2.0,0.0,1.0,0.0,0.0,2.0,0.0,1.0,0.0,1.0,1.0,0.0,0.0,1.0,1.0,0.0,0.0,0.0,0.0,1.0,1.0
1049,case_925b078a07,G1B_llm_sham_retrieval,True,15,True,normal,[],[],['Support Devices'],[],abnormal,normal,0.0,0.5613041910189707,0.08913576626769386,0.45161290322580644,0.48218029350104813,3,1,0,0.0,0.0,False,3,1,0.0,0.0,0.0,0.0,0.0,0.0,0.0,0.0,0.0,0.0,0.0,0.0,0.0,0.0,0.0,1.0,0.0,0.0,0.0,1.0,0.0,0.0,0.0,0.0,0.0,0.0,0.0
1049,case_925b078a07,G1_single_agent_rag,True,27,True,normal,[],[],['Support Devices'],[],abnormal,normal,0.0,0.2222222222222222,0.04108404733153058,0.18604651162790697,0.29889538661468484,4,2,0,0.0,0.15,False,4,3,0.0,0.0,0.0,0.0,0.0,0.0,0.0,0.0,0.0,0.0,0.0,0.0,0.0,0.0,0.0,1.0,0.0,0.0,0.0,1.0,0.0,0.0,0.0,0.0,0.0,0.0,0.0
1055,case_74e651118f,B0_rule_based,True,10,True,normal,[],[],[],[],normal,normal,0.0,0.10094825899732769,0.023961896879708785,0.2222222222222222,0.15245901639344261,2,1,0,0.0,0.0,False,2,0,0.0,0.0,0.0,0.0,0.0,0.0,0.0,0.0,0.0,0.0,0.0,0.0,0.0,0.0,0.0,0.0,0.0,0.0,0.0,0.0,0.0,0.0,0.0,0.0,0.0,0.0,0.0
1055,case_74e651118f,G1A_llm_no_retrieval,True,10,True,abnormal,['Enlarged Cardiomediastinum'],['Enlarged Cardiomediastinum'],[],[],normal,normal,0.0,0.020189651799465542,0.004261094784666207,0.05555555555555555,0.020491803278688523,2,1,0,0.0,0.0,False,2,0,0.0,1.0,0.0,1.0,0.0,0.0,1.0,0.0,1.0,0.0,0.0,1.0,0.0,1.0,0.0,0.0,0.0,0.0,0.0,0.0,0.0,0.0,0.0,0.0,0.0,0.0,1.0
1055,case_74e651118f,G1B_llm_sham_retrieval,True,28,True,normal,[],[],[],[],normal,normal,0.0,0.6428571428571429,0.1721916742076807,0.5555555555555555,0.5852417302798982,4,2,0,0.0,0.0,False,4,1,0.0,0.0,0.0,0.0,0.0,0.0,0.0,0.0,0.0,0.0,0.0,0.0,0.0,0.0,0.0,0.0,0.0,0.0,0.0,0.0,0.0,0.0,0.0,0.0,0.0,0.0,0.0
1055,case_74e651118f,G1_single_agent_rag,True,21,True,normal,[],[],[],[],normal,normal,0.0,0.487888531461383,0.03635013616005782,0.3404255319148936,0.35537765402018795,4,1,0,0.0,0.0,False,4,1,0.0,0.0,0.0,0.0,0.0,0.0,0.0,0.0,0.0,0.0,0.0,0.0,0.0,0.0,0.0,0.0,0.0,0.0,0.0,0.0,0.0,0.0,0.0,0.0,0.0,0.0,0.0
1064,case_1646ddce4e,B0_rule_based,True,25,True,abnormal,"['Atelectasis', 'Consolidation', 'Fracture', 'Lung Opacity', 'Pleural Effusion']","['Atelectasis', 'Consolidation', 'Fracture', 'Lung Opacity', 'Pleural Effusion']","['Atelectasis', 'Consolidation', 'Fracture', 'Lung Opacity', 'Pleural Effusion']","['Atelectasis', 'Lung Opacity']",abnormal,abnormal,0.0,0.0685450876618578,0.005695081743077666,0.09375000000000001,0.0398936170212766,6,1,0,0.0,0.0,False,6,0,2.0,3.0,0.0,1.0,0.0,2.0,3.0,0.0,1.0,0.0,2.0,3.0,0.0,1.0,0.0,3.0,3.0,2.0,2.0,3.0,3.0,2.0,2.0,2.0,0.0,3.0,0.0
1064,case_1646ddce4e,G1A_llm_no_retrieval,True,26,True,normal,[],[],"['Atelectasis', 'Consolidation', 'Fracture', 'Lung Opacity', 'Pleural Effusion']","['Atelectasis', 'Lung Opacity']",abnormal,abnormal,0.0,0.20995292066975768,0.0161420161220772,0.15384615384615385,0.15489406294004,6,0,0,0.0,0.0,False,6,1,0.0,0.0,2.0,0.0,1.0,0.0,0.0,2.0,0.0,1.0,0.0,0.0,2.0,0.0,1.0,3.0,0.0,2.0,0.0,3.0,0.0,2.0,0.0,0.0,0.0,0.0,0.0
1064,case_1646ddce4e,G1B_llm_sham_retrieval,True,37,True,abnormal,"['Atelectasis', 'Cardiomegaly', 'Consolidation', 'Fracture', 'Lung Opacity', 'Pleural Effusion']","['Atelectasis', 'Cardiomegaly', 'Consolidation', 'Fracture', 'Lung Opacity', 'Pleural Effusion']","['Atelectasis', 'Consolidation', 'Fracture', 'Lung Opacity', 'Pleural Effusion']","['Atelectasis', 'Lung Opacity']",abnormal,abnormal,0.4545454545454546,0.10241955625292964,0.0067147032450953536,0.07894736842105263,0.051546391752577324,11,0,0,0.0,0.0,False,11,0,2.0,4.0,0.0,1.0,0.0,2.0,4.0,0.0,1.0,0.0,2.0,4.0,0.0,1.0,0.0,3.0,3.0,2.0,2.0,3.0,3.0,2.0,2.0,2.0,1.0,3.0,0.0
1064,case_1646ddce4e,G1_single_agent_rag,True,10,True,abnormal,['Lung Opacity'],['Lung Opacity'],"['Atelectasis', 'Consolidation', 'Fracture', 'Lung Opacity', 'Pleural Effusion']","['Atelectasis', 'Lung Opacity']",abnormal,abnormal,0.0,0.01650696601692217,0.0027178074328711816,0.12244897959183675,0.07079101261926747,2,1,0,0.0,0.0,False,2,0,1.0,0.0,1.0,0.0,1.0,1.0,0.0,1.0,0.0,1.0,1.0,0.0,1.0,0.0,1.0,3.0,0.0,2.0,1.0,3.0,0.0,2.0,1.0,0.0,0.0,1.0,0.0
1079,case_b181d2175d,B0_rule_based,True,4,True,abnormal,['Atelectasis'],['Atelectasis'],['Atelectasis'],['Atelectasis'],abnormal,abnormal,0.0,1.320259734117127e-06,1.8613396041775065e-07,0.09836065573770492,0.02901353965183752,2,0,0,0.0,0.0,False,2,0,1.0,0.0,0.0,0.0,0.0,1.0,0.0,0.0,0.0,0.0,1.0,0.0,0.0,0.0,0.0,0.0,0.0,1.0,1.0,0.0,0.0,1.0,1.0,0.0,0.0,1.0,0.0
1079,case_b181d2175d,G1A_llm_no_retrieval,True,19,True,normal,[],[],['Atelectasis'],['Atelectasis'],abnormal,abnormal,0.0,0.09259782537241922,0.014714588512880607,0.2894736842105263,0.14826266850558348,4,0,0,0.0,0.0,False,4,1,0.0,0.0,1.0,0.0,1.0,0.0,0.0,1.0,0.0,1.0,0.0,0.0,1.0,0.0,1.0,0.0,0.0,1.0,0.0,0.0,0.0,1.0,0.0,0.0,0.0,0.0,0.0
1079,case_b181d2175d,G1B_llm_sham_retrieval,True,20,True,abnormal,['Lung Opacity'],['Lung Opacity'],['Atelectasis'],['Atelectasis'],abnormal,abnormal,0.5,0.05503300820976965,0.0024629379053356442,0.1558441558441558,0.06566604127579737,2,2,0,0.0,0.15384615384615385,False,2,0,0.0,1.0,1.0,1.0,1.0,0.0,1.0,1.0,1.0,1.0,0.0,1.0,1.0,1.0,1.0,0.0,0.0,1.0,0.0,0.0,0.0,1.0,0.0,0.0,1.0,0.0,0.0
1079,case_b181d2175d,G1_single_agent_rag,True,8,True,abnormal,['Atelectasis'],['Atelectasis'],['Atelectasis'],['Atelectasis'],abnormal,abnormal,0.0,0.0013671819488643032,9.085764565679561e-05,0.12307692307692307,0.04798464491362763,2,1,0,0.0,0.0,False,2,0,1.0,0.0,0.0,0.0,0.0,1.0,0.0,0.0,0.0,0.0,1.0,0.0,0.0,0.0,0.0,0.0,0.0,1.0,1.0,0.0,0.0,1.0,1.0,0.0,0.0,1.0,0.0
1085,case_d60d6a05f0,B0_rule_based,True,10,True,normal,[],[],[],"['Atelectasis', 'Lung Opacity']",normal,abnormal,0.0,0.0063666939711870705,0.0011741952248003186,0.17910447761194026,0.06692160611854683,2,1,0,0.0,0.0,False,2,0,0.0,0.0,2.0,0.0,1.0,0.0,0.0,2.0,0.0,1.0,0.0,0.0,2.0,0.0,1.0,0.0,0.0,0.0,0.0,0.0,0.0,0.0,0.0,0.0,0.0,0.0,0.0
1085,case_d60d6a05f0,G1A_llm_no_retrieval,True,10,True,abnormal,['Enlarged Cardiomediastinum'],['Enlarged Cardiomediastinum'],[],"['Atelectasis', 'Lung Opacity']",normal,abnormal,0.0,0.0018190554203391632,0.0002282789150844981,0.05970149253731343,0.01912045889101338,2,1,0,0.0,0.0,False,2,0,0.0,1.0,2.0,1.0,1.0,0.0,1.0,2.0,1.0,1.0,0.0,1.0,2.0,1.0,1.0,0.0,0.0,0.0,0.0,0.0,0.0,0.0,0.0,0.0,0.0,0.0,1.0
1085,case_d60d6a05f0,G1B_llm_sham_retrieval,True,28,True,normal,[],[],[],"['Atelectasis', 'Lung Opacity']",normal,abnormal,0.0,0.20284156479606974,0.01267969215442277,0.2823529411764706,0.2333641404805915,5,3,0,0.0,0.0,False,5,1,0.0,0.0,2.0,0.0,1.0,0.0,0.0,2.0,0.0,1.0,0.0,0.0,2.0,0.0,1.0,0.0,0.0,0.0,0.0,0.0,0.0,0.0,0.0,0.0,0.0,0.0,0.0
1085,case_d60d6a05f0,G1_single_agent_rag,True,21,True,normal,[],[],[],"['Atelectasis', 'Lung Opacity']",normal,abnormal,0.0,0.09433406826797504,0.006335516042755344,0.23076923076923078,0.1495805862506577,4,1,0,0.0,0.0,False,4,1,0.0,0.0,2.0,0.0,1.0,0.0,0.0,2.0,0.0,1.0,0.0,0.0,2.0,0.0,1.0,0.0,0.0,0.0,0.0,0.0,0.0,0.0,0.0,0.0,0.0,0.0,0.0
1110,case_fb9266feab,B0_rule_based,False,11,True,abnormal,"['Fracture', 'Pleural Other']","['Fracture', 'Pleural Other']","['Fracture', 'Pleural Other']",,abnormal,,0.0,0.013022043175364283,0.0016055285175671625,0.07843137254901962,0.02695417789757413,3,0,0,0.0,0.0,False,3,0,,,,,,,,,,,,,,,,,,,,,,,,,,,
1110,case_fb9266feab,G1A_llm_no_retrieval,False,22,True,normal,[],[],"['Fracture', 'Pleural Other']",,abnormal,,0.0,0.220616583879992,0.0808589422215289,0.3225806451612903,0.17978451819479904,5,0,0,0.0,0.0,False,5,1,,,,,,,,,,,,,,,,,,,,,,,,,,,
1110,case_fb9266feab,G1B_llm_sham_retrieval,False,20,True,normal,[],[],"['Fracture', 'Pleural Other']",,abnormal,,0.0,0.18393972058572117,0.07841191721902538,0.23333333333333334,0.1957894736842105,4,1,0,0.0,0.0,False,4,1,,,,,,,,,,,,,,,,,,,,,,,,,,,
1110,case_fb9266feab,G1_single_agent_rag,False,39,True,abnormal,['Fracture'],['Fracture'],"['Fracture', 'Pleural Other']",,abnormal,,0.0,0.3998707338289855,0.11132967885262415,0.3544303797468355,0.3520520050125313,7,3,1,0.3333333333333333,0.40625,False,7,2,,,,,,,,,,,,,,,,,,,,,,,,,,,
1125,case_7444cbd91b,B0_rule_based,True,6,True,abnormal,['Lung Opacity'],['Lung Opacity'],['Lung Opacity'],"['Cardiomegaly', 'Lung Opacity']",abnormal,abnormal,0.0,0.00035908708510407343,5.230014754331851e-05,0.07547169811320754,0.02331002331002331,2,0,0,0.0,0.0,False,2,0,1.0,0.0,1.0,0.0,1.0,1.0,0.0,1.0,0.0,1.0,1.0,0.0,1.0,0.0,1.0,0.0,0.0,1.0,1.0,0.0,0.0,1.0,1.0,0.0,0.0,1.0,0.0
1125,case_7444cbd91b,G1A_llm_no_retrieval,True,11,True,abnormal,['Lung Opacity'],['Lung Opacity'],['Lung Opacity'],"['Cardiomegaly', 'Lung Opacity']",abnormal,abnormal,0.0,0.006891438981992458,0.0008496671116553403,0.06896551724137931,0.02304147465437788,2,1,0,0.0,0.0,False,2,0,1.0,0.0,1.0,0.0,1.0,1.0,0.0,1.0,0.0,1.0,1.0,0.0,1.0,0.0,1.0,0.0,0.0,1.0,1.0,0.0,0.0,1.0,1.0,0.0,0.0,1.0,0.0
1125,case_7444cbd91b,G1B_llm_sham_retrieval,True,26,False,abnormal,['Lung Opacity'],['Lung Opacity'],['Lung Opacity'],"['Cardiomegaly', 'Lung Opacity']",abnormal,abnormal,0.0,0.06859782264698408,0.00814752265864864,0.1095890410958904,0.07029510022271714,4,2,2,1.0,0.21052631578947367,True,4,1,1.0,0.0,1.0,0.0,1.0,1.0,0.0,1.0,0.0,1.0,1.0,0.0,1.0,0.0,1.0,0.0,0.0,1.0,1.0,0.0,0.0,1.0,1.0,0.0,0.0,1.0,0.0
1125,case_7444cbd91b,G1_single_agent_rag,True,37,True,abnormal,"['Atelectasis', 'Lung Opacity']",['Lung Opacity'],['Lung Opacity'],"['Cardiomegaly', 'Lung Opacity']",abnormal,abnormal,0.0,0.020626302795486624,0.00382481396565198,0.023809523809523808,0.010869565217391304,4,4,1,0.25,0.16666666666666666,False,4,0,1.0,1.0,1.0,1.0,1.0,1.0,0.0,1.0,0.0,1.0,1.0,1.0,1.0,1.0,1.0,0.0,0.0,1.0,1.0,0.0,0.0,1.0,1.0,0.0,1.0,1.0,0.0
1143,case_f98a23d2d4,B0_rule_based,False,12,True,indeterminate,[],[],[],,indeterminate,,0.0,0.026349806140466083,0.0023627274081574885,0.07843137254901959,0.04132231404958678,2,1,0,0.0,0.0,False,2,2,,,,,,,,,,,,,,,,,,,,,,,,,,,
1143,case_f98a23d2d4,G1A_llm_no_retrieval,False,15,True,normal,[],[],[],,indeterminate,,0.0,0.02691953573262072,0.003173586606378992,0.07407407407407407,0.0273224043715847,2,1,0,0.0,0.0,False,2,1,,,,,,,,,,,,,,,,,,,,,,,,,,,
1143,case_f98a23d2d4,G1B_llm_sham_retrieval,False,25,True,normal,[],[],[],,indeterminate,,0.0,0.15993853787766818,0.0070387276012397765,0.15625,0.09308510638297872,5,0,0,0.0,0.0,False,5,1,,,,,,,,,,,,,,,,,,,,,,,,,,,
1143,case_f98a23d2d4,G1_single_agent_rag,False,25,True,normal,[],[],[],,indeterminate,,0.0,0.15993853787766818,0.0070387276012397765,0.15625,0.09308510638297872,5,0,0,0.0,0.0,False,5,1,,,,,,,,,,,,,,,,,,,,,,,,,,,
1150,case_16adfe797f,B0_rule_based,False,10,True,normal,[],[],[],,normal,,0.0,0.033287108369807965,0.007025357607948558,0.06451612903225806,0.02512562814070352,2,1,0,0.0,0.0,False,2,0,,,,,,,,,,,,,,,,,,,,,,,,,,,
1150,case_16adfe797f,G1A_llm_no_retrieval,False,10,True,abnormal,['Enlarged Cardiomediastinum'],['Enlarged Cardiomediastinum'],[],,normal,,0.0,0.033287108369807965,0.007025357607948558,0.06451612903225806,0.02512562814070352,2,1,0,0.0,0.0,False,2,0,,,,,,,,,,,,,,,,,,,,,,,,,,,
1150,case_16adfe797f,G1B_llm_sham_retrieval,False,28,True,normal,[],[],[],,normal,,0.0,0.17857142857142858,0.010043468297595231,0.20408163265306123,0.11520737327188939,4,3,3,1.0,0.8095238095238095,True,4,0,,,,,,,,,,,,,,,,,,,,,,,,,,,
1150,case_16adfe797f,G1_single_agent_rag,False,21,True,normal,[],[],[],,normal,,0.0,0.42857142857142855,0.03702730401700487,0.3333333333333333,0.278071722516167,4,1,0,0.0,0.0,False,4,1,,,,,,,,,,,,,,,,,,,,,,,,,,,
1159,case_3e898a83d8,B0_rule_based,True,18,True,abnormal,['Support Devices'],['Support Devices'],['Support Devices'],[],abnormal,normal,0.0,0.17810566345276518,0.038949067388366815,0.18181818181818185,0.14761904761904762,4,1,0,0.0,0.0,False,4,0,0.0,1.0,0.0,1.0,0.0,0.0,1.0,0.0,1.0,0.0,0.0,1.0,0.0,1.0,0.0,1.0,1.0,0.0,0.0,1.0,1.0,0.0,0.0,0.0,0.0,1.0,0.0
1159,case_3e898a83d8,G1A_llm_no_retrieval,True,8,True,abnormal,['Support Devices'],['Support Devices'],['Support Devices'],[],abnormal,normal,0.0,0.013174903070233045,0.0029275889231311753,0.058823529411764705,0.02066115702479339,2,1,0,0.0,0.0,False,2,0,0.0,1.0,0.0,1.0,0.0,0.0,1.0,0.0,1.0,0.0,0.0,1.0,0.0,1.0,0.0,1.0,1.0,0.0,0.0,1.0,1.0,0.0,0.0,0.0,0.0,1.0,0.0
1159,case_3e898a83d8,G1B_llm_sham_retrieval,True,27,True,normal,[],[],['Support Devices'],[],abnormal,normal,0.0,0.4444444444444444,0.06143498010483918,0.3018867924528302,0.32673478075776924,5,2,0,0.0,0.0,False,5,1,0.0,0.0,0.0,0.0,0.0,0.0,0.0,0.0,0.0,0.0,0.0,0.0,0.0,0.0,0.0,1.0,0.0,0.0,0.0,1.0,0.0,0.0,0.0,0.0,0.0,0.0,0.0
1159,case_3e898a83d8,G1_single_agent_rag,True,27,True,normal,[],[],['Support Devices'],[],abnormal,normal,0.0,0.4074074074074074,0.1472462377094902,0.33962264150943394,0.3403945410215002,4,2,0,0.0,0.15,False,4,3,0.0,0.0,0.0,0.0,0.0,0.0,0.0,0.0,0.0,0.0,0.0,0.0,0.0,0.0,0.0,1.0,0.0,0.0,0.0,1.0,0.0,0.0,0.0,0.0,0.0,0.0,0.0
1162,case_9c3aa44a15,B0_rule_based,True,10,True,normal,[],[],[],[],normal,normal,0.0,0.20328482987029958,0.11292956255471857,0.3448275862068966,0.24640883977900555,2,1,0,0.0,0.0,False,2,0,0.0,0.0,0.0,0.0,0.0,0.0,0.0,0.0,0.0,0.0,0.0,0.0,0.0,0.0,0.0,0.0,0.0,0.0,0.0,0.0,0.0,0.0,0.0,0.0,0.0,0.0,0.0
1162,case_9c3aa44a15,G1A_llm_no_retrieval,True,10,True,abnormal,['Enlarged Cardiomediastinum'],['Enlarged Cardiomediastinum'],[],[],normal,normal,0.0,0.040656965974059926,0.008580791159409903,0.06896551724137931,0.02762430939226519,2,1,0,0.0,0.0,False,2,0,0.0,1.0,0.0,1.0,0.0,0.0,1.0,0.0,1.0,0.0,0.0,1.0,0.0,1.0,0.0,0.0,0.0,0.0,0.0,0.0,0.0,0.0,0.0,0.0,0.0,0.0,1.0
1162,case_9c3aa44a15,G1B_llm_sham_retrieval,True,32,True,normal,[],[],[],[],normal,normal,0.0,0.3125,0.046398855339878003,0.3137254901960784,0.3130541871921182,6,2,2,1.0,0.52,True,6,0,0.0,0.0,0.0,0.0,0.0,0.0,0.0,0.0,0.0,0.0,0.0,0.0,0.0,0.0,0.0,0.0,0.0,0.0,0.0,0.0,0.0,0.0,0.0,0.0,0.0,0.0,0.0
1162,case_9c3aa44a15,G1_single_agent_rag,True,21,True,normal,[],[],[],[],normal,normal,0.0,0.3333333333333333,0.02642138995497447,0.3,0.18229166666666666,4,1,0,0.0,0.0,False,4,1,0.0,0.0,0.0,0.0,0.0,0.0,0.0,0.0,0.0,0.0,0.0,0.0,0.0,0.0,0.0,0.0,0.0,0.0,0.0,0.0,0.0,0.0,0.0,0.0,0.0,0.0,0.0
1180,case_e80d34d0d2,B0_rule_based,False,4,True,abnormal,['Cardiomegaly'],['Cardiomegaly'],['Cardiomegaly'],,abnormal,,0.0,1.5360530883320525e-06,4.936434816694682e-07,0.03571428571428572,0.010593220338983052,2,0,0,0.0,0.0,False,2,0,,,,,,,,,,,,,,,,,,,,,,,,,,,
1180,case_e80d34d0d2,G1A_llm_no_retrieval,False,7,True,abnormal,['Cardiomegaly'],['Cardiomegaly'],['Cardiomegaly'],,abnormal,,0.0,0.0006920382779231077,7.019681283954353e-05,0.06779661016949154,0.031578947368421054,2,0,0,0.0,0.0,False,2,0,,,,,,,,,,,,,,,,,,,,,,,,,,,
1180,case_e80d34d0d2,G1B_llm_sham_retrieval,False,22,True,normal,[],[],['Cardiomegaly'],,abnormal,,0.0,0.1976088962964868,0.09291893330585982,0.4054054054054054,0.33482804886660544,4,2,0,0.0,0.0,False,4,1,,,,,,,,,,,,,,,,,,,,,,,,,,,
1180,case_e80d34d0d2,G1_single_agent_rag,False,8,True,abnormal,['Cardiomegaly'],['Cardiomegaly'],['Cardiomegaly'],,abnormal,,0.0,0.0025542321490400416,0.000638341425484147,0.13333333333333336,0.0781512605042017,3,0,0,0.0,0.0,False,3,1,,,,,,,,,,,,,,,,,,,,,,,,,,,
1191,case_0b0a6f9d3e,B0_rule_based,True,10,True,normal,[],[],[],[],normal,normal,0.0,0.0775622108536337,0.035974230453556216,0.2857142857142857,0.16093685796466237,2,1,0,0.0,0.0,False,2,0,0.0,0.0,0.0,0.0,0.0,0.0,0.0,0.0,0.0,0.0,0.0,0.0,0.0,0.0,0.0,0.0,0.0,0.0,0.0,0.0,0.0,0.0,0.0,0.0,0.0,0.0,0.0
1191,case_0b0a6f9d3e,G1A_llm_no_retrieval,True,10,True,abnormal,['Enlarged Cardiomediastinum'],['Enlarged Cardiomediastinum'],[],[],normal,normal,0.0,0.001108031583623339,0.0013150567830469335,0.0,0.0,2,1,0,0.0,0.0,False,2,0,0.0,1.0,0.0,1.0,0.0,0.0,1.0,0.0,1.0,0.0,0.0,1.0,0.0,1.0,0.0,0.0,0.0,0.0,0.0,0.0,0.0,0.0,0.0,0.0,0.0,0.0,1.0
1191,case_0b0a6f9d3e,G1B_llm_sham_retrieval,True,23,True,normal,[],[],[],[],normal,normal,0.0,0.44098326034679186,0.18535488688428942,0.5090909090909091,0.44573061807788494,4,2,0,0.0,0.0,False,4,1,0.0,0.0,0.0,0.0,0.0,0.0,0.0,0.0,0.0,0.0,0.0,0.0,0.0,0.0,0.0,0.0,0.0,0.0,0.0,0.0,0.0,0.0,0.0,0.0,0.0,0.0,0.0
1191,case_0b0a6f9d3e,G1_single_agent_rag,True,21,True,normal,[],[],[],[],normal,normal,0.0,0.2820285791885204,0.020344689405945728,0.2641509433962264,0.20566343042071197,4,1,0,0.0,0.0,False,4,1,0.0,0.0,0.0,0.0,0.0,0.0,0.0,0.0,0.0,0.0,0.0,0.0,0.0,0.0,0.0,0.0,0.0,0.0,0.0,0.0,0.0,0.0,0.0,0.0,0.0,0.0,0.0
1197,case_8ae9929dc2,B0_rule_based,False,4,True,abnormal,['Pneumonia'],['Pneumonia'],['Pneumonia'],,abnormal,,0.0,3.085245102166989e-05,9.91509437796302e-06,0.045454545454545456,0.013736263736263736,2,0,0,0.0,0.0,False,2,0,,,,,,,,,,,,,,,,,,,,,,,,,,,
1197,case_8ae9929dc2,G1A_llm_no_retrieval,False,7,True,abnormal,"['Lung Opacity', 'Pneumonia']","['Lung Opacity', 'Pneumonia']",['Pneumonia'],,abnormal,,0.0,0.003842686396044342,0.00038978239549656245,0.0851063829787234,0.04087193460490463,2,0,0,0.0,0.0,False,2,0,,,,,,,,,,,,,,,,,,,,,,,,,,,
1197,case_8ae9929dc2,G1B_llm_sham_retrieval,False,14,True,abnormal,"['Lung Opacity', 'Pneumonia']","['Lung Opacity', 'Pneumonia']",['Pneumonia'],,abnormal,,0.0,0.04460515580456316,0.0031536012063834466,0.07407407407407408,0.053475935828877004,3,2,0,0.0,0.0,False,3,1,,,,,,,,,,,,,,,,,,,,,,,,,,,
1197,case_8ae9929dc2,G1_single_agent_rag,False,10,True,abnormal,"['Lung Opacity', 'Pneumonia']","['Lung Opacity', 'Pneumonia']",['Pneumonia'],,abnormal,,0.0,0.01991482734714558,0.0014860174798534238,0.08000000000000002,0.05405405405405406,2,1,0,0.0,0.0,False,2,0,,,,,,,,,,,,,,,,,,,,,,,,,,,
1206,case_acd9ab8196,B0_rule_based,True,4,True,abnormal,['Fracture'],['Fracture'],['Fracture'],[],abnormal,normal,0.0,0.0007549345855579625,0.0013643208082090858,0.0,0.0,2,0,0,0.0,0.0,False,2,0,0.0,1.0,0.0,1.0,0.0,0.0,1.0,0.0,1.0,0.0,0.0,1.0,0.0,1.0,0.0,1.0,1.0,0.0,0.0,1.0,1.0,0.0,0.0,0.0,0.0,1.0,0.0
1206,case_acd9ab8196,G1A_llm_no_retrieval,True,8,True,abnormal,['Fracture'],['Fracture'],['Fracture'],[],abnormal,normal,0.5,0.003581309960752378,0.004475118885153864,0.0,0.0,2,0,0,0.0,0.0,False,2,0,0.0,1.0,0.0,1.0,0.0,0.0,1.0,0.0,1.0,0.0,0.0,1.0,0.0,1.0,0.0,1.0,1.0,0.0,0.0,1.0,1.0,0.0,0.0,0.0,0.0,1.0,0.0
1206,case_acd9ab8196,G1B_llm_sham_retrieval,True,25,True,normal,[],[],['Fracture'],[],abnormal,normal,0.0,0.2,0.01132836045440099,0.13953488372093023,0.13368983957219252,5,2,2,1.0,1.0,True,5,3,0.0,0.0,0.0,0.0,0.0,0.0,0.0,0.0,0.0,0.0,0.0,0.0,0.0,0.0,0.0,1.0,0.0,0.0,0.0,1.0,0.0,0.0,0.0,0.0,0.0,0.0,0.0
1206,case_acd9ab8196,G1_single_agent_rag,True,43,True,abnormal,['Fracture'],['Fracture'],['Fracture'],[],abnormal,normal,0.0,0.20930232558139536,0.039485962215343805,0.2295081967213115,0.40138512496236073,7,3,2,0.6666666666666666,0.4722222222222222,False,7,2,0.0,1.0,0.0,1.0,0.0,0.0,1.0,0.0,1.0,0.0,0.0,1.0,0.0,1.0,0.0,1.0,1.0,0.0,0.0,1.0,1.0,0.0,0.0,0.0,0.0,1.0,0.0
1214,case_4da776b0b3,B0_rule_based,True,15,True,abnormal,"['Consolidation', 'Lung Opacity', 'Pneumonia']","['Consolidation', 'Lung Opacity', 'Pneumonia']","['Consolidation', 'Lung Opacity', 'Pneumonia']",['Atelectasis'],abnormal,abnormal,0.0,0.03693438612077796,0.002190073385994218,0.12698412698412698,0.05592841163310962,4,0,0,0.0,0.0,False,4,0,0.0,3.0,1.0,1.0,1.0,0.0,3.0,1.0,1.0,1.0,0.0,3.0,1.0,1.0,1.0,3.0,3.0,0.0,0.0,3.0,3.0,0.0,0.0,0.0,0.0,3.0,0.0
1214,case_4da776b0b3,G1A_llm_no_retrieval,True,23,True,normal,[],[],"['Consolidation', 'Lung Opacity', 'Pneumonia']",['Atelectasis'],abnormal,abnormal,0.0,0.2785906556716067,0.035670667630148596,0.3380281690140845,0.31484581900094366,5,0,0,0.0,0.0,False,5,1,0.0,0.0,1.0,0.0,1.0,0.0,0.0,1.0,0.0,1.0,0.0,0.0,1.0,0.0,1.0,3.0,0.0,0.0,0.0,3.0,0.0,0.0,0.0,0.0,0.0,0.0,0.0
1214,case_4da776b0b3,G1B_llm_sham_retrieval,True,20,True,normal,[],[],"['Consolidation', 'Lung Opacity', 'Pneumonia']",['Atelectasis'],abnormal,abnormal,0.0,0.1356283301678836,0.01799865094220269,0.23529411764705882,0.15194178307613546,4,1,0,0.0,0.0,False,4,1,0.0,0.0,1.0,0.0,1.0,0.0,0.0,1.0,0.0,1.0,0.0,0.0,1.0,0.0,1.0,3.0,0.0,0.0,0.0,3.0,0.0,0.0,0.0,0.0,0.0,0.0,0.0
1214,case_4da776b0b3,G1_single_agent_rag,True,48,True,abnormal,"['Lung Opacity', 'Pneumonia']",['Lung Opacity'],"['Consolidation', 'Lung Opacity', 'Pneumonia']",['Atelectasis'],abnormal,abnormal,0.0,0.2708333333333333,0.06869592482449395,0.1875,0.18879437869822482,4,4,3,0.75,0.7560975609756098,False,4,2,0.0,2.0,1.0,1.0,1.0,0.0,1.0,1.0,1.0,1.0,0.0,2.0,1.0,1.0,1.0,3.0,2.0,0.0,0.0,3.0,1.0,0.0,0.0,0.0,0.0,2.0,0.0
1226,case_1d0fe42f3f,B0_rule_based,True,10,True,normal,[],[],[],"['Consolidation', 'Pneumonia']",normal,abnormal,0.0,0.012228661193509863,0.0011322187363858119,0.11538461538461536,0.038659793814432984,2,1,0,0.0,0.0,False,2,0,0.0,0.0,2.0,0.0,1.0,0.0,0.0,2.0,0.0,1.0,0.0,0.0,2.0,0.0,1.0,0.0,0.0,0.0,0.0,0.0,0.0,0.0,0.0,0.0,0.0,0.0,0.0
1226,case_1d0fe42f3f,G1A_llm_no_retrieval,True,10,True,abnormal,['Enlarged Cardiomediastinum'],['Enlarged Cardiomediastinum'],[],"['Consolidation', 'Pneumonia']",normal,abnormal,0.0,0.008152440795673243,0.0010230751187228265,0.07692307692307693,0.02577319587628866,2,1,0,0.0,0.0,False,2,0,0.0,1.0,2.0,1.0,1.0,0.0,1.0,2.0,1.0,1.0,0.0,1.0,2.0,1.0,1.0,0.0,0.0,0.0,0.0,0.0,0.0,0.0,0.0,0.0,0.0,0.0,1.0
1226,case_1d0fe42f3f,G1B_llm_sham_retrieval,True,22,True,normal,[],[],[],"['Consolidation', 'Pneumonia']",normal,abnormal,0.0,0.2563847500639937,0.06770370733148796,0.34375000000000006,0.30350765306122446,4,2,0,0.0,0.0,False,4,1,0.0,0.0,2.0,0.0,1.0,0.0,0.0,2.0,0.0,1.0,0.0,0.0,2.0,0.0,1.0,0.0,0.0,0.0,0.0,0.0,0.0,0.0,0.0,0.0,0.0,0.0,0.0
1226,case_1d0fe42f3f,G1_single_agent_rag,True,22,True,normal,[],[],[],"['Consolidation', 'Pneumonia']",normal,abnormal,0.0,0.16481876789828168,0.025230240052993506,0.21874999999999997,0.19166666666666668,4,2,2,1.0,1.0,True,4,1,0.0,0.0,2.0,0.0,1.0,0.0,0.0,2.0,0.0,1.0,0.0,0.0,2.0,0.0,1.0,0.0,0.0,0.0,0.0,0.0,0.0,0.0,0.0,0.0,0.0,0.0,0.0
1234,case_20bba91038,B0_rule_based,True,4,True,abnormal,['Cardiomegaly'],['Cardiomegaly'],['Cardiomegaly'],"['Atelectasis', 'Cardiomegaly', 'Support Devices']",abnormal,abnormal,0.0,1.529511602509129e-07,2.9227216724205957e-08,0.058823529411764705,0.017241379310344827,2,0,0,0.0,0.0,False,2,0,1.0,0.0,2.0,0.0,1.0,1.0,0.0,2.0,0.0,1.0,1.0,0.0,2.0,0.0,1.0,0.0,0.0,1.0,1.0,0.0,0.0,1.0,1.0,0.0,0.0,1.0,0.0
1234,case_20bba91038,G1A_llm_no_retrieval,True,7,True,abnormal,['Cardiomegaly'],['Cardiomegaly'],['Cardiomegaly'],"['Atelectasis', 'Cardiomegaly', 'Support Devices']",abnormal,abnormal,0.0,0.00016617436475474645,1.35846124228151e-05,0.08450704225352113,0.03430531732418525,2,0,0,0.0,0.0,False,2,0,1.0,0.0,2.0,0.0,1.0,1.0,0.0,2.0,0.0,1.0,1.0,0.0,2.0,0.0,1.0,0.0,0.0,1.0,1.0,0.0,0.0,1.0,1.0,0.0,0.0,1.0,0.0
1234,case_20bba91038,G1B_llm_sham_retrieval,True,22,True,normal,[],[],['Cardiomegaly'],"['Atelectasis', 'Cardiomegaly', 'Support Devices']",abnormal,abnormal,0.0,0.0673704846988728,0.002289738885907227,0.13953488372093023,0.08361204013377926,4,2,0,0.0,0.0,False,4,1,0.0,0.0,3.0,0.0,1.0,0.0,0.0,3.0,0.0,1.0,0.0,0.0,3.0,0.0,1.0,0.0,0.0,1.0,0.0,0.0,0.0,1.0,0.0,0.0,0.0,0.0,0.0
1234,case_20bba91038,G1_single_agent_rag,True,10,True,abnormal,['Cardiomegaly'],['Cardiomegaly'],['Cardiomegaly'],"['Atelectasis', 'Cardiomegaly', 'Support Devices']",abnormal,abnormal,0.25,0.002258290471306333,0.0002534805639566462,0.08108108108108107,0.06348122866894197,4,0,0,0.0,0.6666666666666666,False,4,1,1.0,0.0,2.0,0.0,1.0,1.0,0.0,2.0,0.0,1.0,1.0,0.0,2.0,0.0,1.0,0.0,0.0,1.0,1.0,0.0,0.0,1.0,1.0,0.0,0.0,1.0,0.0
1239,case_acc020f4be,B0_rule_based,True,10,True,normal,[],[],[],[],normal,normal,0.0,0.1481636441363436,0.01859351593152887,0.17391304347826086,0.07874015748031496,2,1,0,0.0,0.0,False,2,0,0.0,0.0,0.0,0.0,0.0,0.0,0.0,0.0,0.0,0.0,0.0,0.0,0.0,0.0,0.0,0.0,0.0,0.0,0.0,0.0,0.0,0.0,0.0,0.0,0.0,0.0,0.0
1239,case_acc020f4be,G1A_llm_no_retrieval,True,10,True,abnormal,['Enlarged Cardiomediastinum'],['Enlarged Cardiomediastinum'],[],[],normal,normal,0.0,0.007408182206817182,0.008792330837055148,0.0,0.0,2,1,0,0.0,0.0,False,2,0,0.0,1.0,0.0,1.0,0.0,0.0,1.0,0.0,1.0,0.0,0.0,1.0,0.0,1.0,0.0,0.0,0.0,0.0,0.0,0.0,0.0,0.0,0.0,0.0,0.0,0.0,1.0
1239,case_acc020f4be,G1B_llm_sham_retrieval,True,22,True,normal,[],[],[],[],normal,normal,0.0,0.36363636363636365,0.12858902882463452,0.39999999999999997,0.5052832733812951,4,2,0,0.0,0.0,False,4,1,0.0,0.0,0.0,0.0,0.0,0.0,0.0,0.0,0.0,0.0,0.0,0.0,0.0,0.0,0.0,0.0,0.0,0.0,0.0,0.0,0.0,0.0,0.0,0.0,0.0,0.0,0.0
1239,case_acc020f4be,G1_single_agent_rag,True,22,True,normal,[],[],[],[],normal,normal,0.0,0.3181818181818182,0.025128589800333063,0.2285714285714286,0.34503009837028337,4,2,2,1.0,1.0,True,4,1,0.0,0.0,0.0,0.0,0.0,0.0,0.0,0.0,0.0,0.0,0.0,0.0,0.0,0.0,0.0,0.0,0.0,0.0,0.0,0.0,0.0,0.0,0.0,0.0,0.0,0.0,0.0
1248,case_f6b95d8fc0,B0_rule_based,False,10,True,normal,[],[],[],,normal,,0.0,0.11156508007421491,0.026481991573381755,0.22857142857142856,0.15829787234042553,2,1,0,0.0,0.0,False,2,0,,,,,,,,,,,,,,,,,,,,,,,,,,,
1248,case_f6b95d8fc0,G1A_llm_no_retrieval,False,10,True,abnormal,['Enlarged Cardiomediastinum'],['Enlarged Cardiomediastinum'],[],,normal,,0.0,0.022313016014842986,0.004709238035176906,0.05714285714285714,0.021276595744680847,2,1,0,0.0,0.0,False,2,0,,,,,,,,,,,,,,,,,,,,,,,,,,,
1248,case_f6b95d8fc0,G1B_llm_sham_retrieval,False,56,True,normal,[],[],[],,normal,,0.0,0.3392857142857143,0.08202346986549305,0.32098765432098764,0.5098037282755494,8,6,6,1.0,1.0,True,8,4,,,,,,,,,,,,,,,,,,,,,,,,,,,
1248,case_f6b95d8fc0,G1_single_agent_rag,False,22,True,normal,[],[],[],,normal,,0.0,0.31728192467979044,0.02695886648218516,0.21276595744680854,0.21539726720647773,4,2,2,1.0,1.0,True,4,1,,,,,,,,,,,,,,,,,,,,,,,,,,,
1260,case_32486fc223,B0_rule_based,True,10,True,normal,[],[],[],[],normal,normal,0.0,0.060568955398396615,0.00560791611282659,0.1111111111111111,0.06147540983606557,2,1,0,0.0,0.0,False,2,0,0.0,0.0,0.0,0.0,0.0,0.0,0.0,0.0,0.0,0.0,0.0,0.0,0.0,0.0,0.0,0.0,0.0,0.0,0.0,0.0,0.0,0.0,0.0,0.0,0.0,0.0,0.0
1260,case_32486fc223,G1A_llm_no_retrieval,True,10,True,abnormal,['Enlarged Cardiomediastinum'],['Enlarged Cardiomediastinum'],[],[],normal,normal,0.0,0.060568955398396615,0.009972441756665036,0.16666666666666669,0.10473588342440801,2,1,0,0.0,0.0,False,2,0,0.0,1.0,0.0,1.0,0.0,0.0,1.0,0.0,1.0,0.0,0.0,1.0,0.0,1.0,0.0,0.0,0.0,0.0,0.0,0.0,0.0,0.0,0.0,0.0,0.0,0.0,1.0
1260,case_32486fc223,G1B_llm_sham_retrieval,True,31,True,normal,[],[],[],[],normal,normal,0.0,0.4838709677419355,0.22095731396358687,0.42105263157894735,0.5231027253668763,6,1,1,1.0,1.0,True,6,2,0.0,0.0,0.0,0.0,0.0,0.0,0.0,0.0,0.0,0.0,0.0,0.0,0.0,0.0,0.0,0.0,0.0,0.0,0.0,0.0,0.0,0.0,0.0,0.0,0.0,0.0,0.0
1260,case_32486fc223,G1_single_agent_rag,True,22,True,normal,[],[],[],[],normal,normal,0.0,0.41687645903759024,0.07015387133709315,0.33333333333333337,0.3470428719008264,4,2,2,1.0,1.0,True,4,1,0.0,0.0,0.0,0.0,0.0,0.0,0.0,0.0,0.0,0.0,0.0,0.0,0.0,0.0,0.0,0.0,0.0,0.0,0.0,0.0,0.0,0.0,0.0,0.0,0.0,0.0,0.0
1263,case_9889242581,B0_rule_based,True,10,True,normal,[],[],[],[],normal,normal,0.0,0.08131393194811984,0.018146163979089743,0.13793103448275862,0.10359116022099446,2,1,0,0.0,0.0,False,2,0,0.0,0.0,0.0,0.0,0.0,0.0,0.0,0.0,0.0,0.0,0.0,0.0,0.0,0.0,0.0,0.0,0.0,0.0,0.0,0.0,0.0,0.0,0.0,0.0,0.0,0.0,0.0
1263,case_9889242581,G1A_llm_no_retrieval,True,10,True,abnormal,['Enlarged Cardiomediastinum'],['Enlarged Cardiomediastinum'],[],[],normal,normal,0.0,0.040656965974059926,0.008580791159409903,0.06896551724137931,0.02762430939226519,2,1,0,0.0,0.0,False,2,0,0.0,1.0,0.0,1.0,0.0,0.0,1.0,0.0,1.0,0.0,0.0,1.0,0.0,1.0,0.0,0.0,0.0,0.0,0.0,0.0,0.0,0.0,0.0,0.0,0.0,0.0,1.0
1263,case_9889242581,G1B_llm_sham_retrieval,True,28,True,normal,[],[],[],[],normal,normal,0.0,0.3571428571428572,0.2310325762059593,0.425531914893617,0.41633165829145724,4,3,0,0.0,0.09523809523809523,False,4,0,0.0,0.0,0.0,0.0,0.0,0.0,0.0,0.0,0.0,0.0,0.0,0.0,0.0,0.0,0.0,0.0,0.0,0.0,0.0,0.0,0.0,0.0,0.0,0.0,0.0,0.0,0.0
1263,case_9889242581,G1_single_agent_rag,True,22,True,normal,[],[],[],[],normal,normal,0.0,0.36363636363636365,0.0653402965991945,0.2926829268292683,0.3886010362694301,4,2,2,1.0,1.0,True,4,1,0.0,0.0,0.0,0.0,0.0,0.0,0.0,0.0,0.0,0.0,0.0,0.0,0.0,0.0,0.0,0.0,0.0,0.0,0.0,0.0,0.0,0.0,0.0,0.0,0.0,0.0,0.0
1277,case_ad6d56363e,B0_rule_based,True,4,True,abnormal,['Fracture'],['Fracture'],['Fracture'],['Atelectasis'],abnormal,abnormal,0.0,6.8841123374367895e-06,2.2123565964416844e-06,0.04,0.011961722488038277,2,0,0,0.0,0.0,False,2,0,0.0,1.0,1.0,1.0,1.0,0.0,1.0,1.0,1.0,1.0,0.0,1.0,0.0,1.0,0.0,1.0,1.0,0.0,0.0,1.0,1.0,0.0,0.0,0.0,0.0,1.0,0.0
1277,case_ad6d56363e,G1A_llm_no_retrieval,True,5,True,abnormal,['Fracture'],['Fracture'],['Fracture'],['Atelectasis'],abnormal,abnormal,0.0,5.493071399442851e-05,1.4756723398002886e-05,0.0392156862745098,0.011933174224343675,2,0,0,0.0,0.0,False,2,0,0.0,1.0,1.0,1.0,1.0,0.0,1.0,1.0,1.0,1.0,0.0,1.0,0.0,1.0,0.0,1.0,1.0,0.0,0.0,1.0,1.0,0.0,0.0,0.0,0.0,1.0,0.0
1277,case_ad6d56363e,G1B_llm_sham_retrieval,True,5,True,abnormal,['Fracture'],['Fracture'],['Fracture'],['Atelectasis'],abnormal,abnormal,0.0,5.493071399442851e-05,1.4756723398002886e-05,0.0392156862745098,0.011933174224343675,2,0,0,0.0,0.0,False,2,0,0.0,1.0,1.0,1.0,1.0,0.0,1.0,1.0,1.0,1.0,0.0,1.0,0.0,1.0,0.0,1.0,1.0,0.0,0.0,1.0,1.0,0.0,0.0,1.0,0.0,0.0,0.0
1277,case_ad6d56363e,G1_single_agent_rag,True,33,True,normal,[],[],['Fracture'],['Atelectasis'],abnormal,abnormal,0.0,0.40872419843742713,0.05638815536368296,0.379746835443038,0.3100391498881432,4,2,2,1.0,0.6538461538461539,True,4,0,0.0,0.0,1.0,0.0,1.0,0.0,0.0,1.0,0.0,1.0,0.0,0.0,0.0,0.0,0.0,1.0,0.0,0.0,0.0,1.0,0.0,0.0,0.0,0.0,0.0,0.0,0.0
1285,case_5ee919e3c0,B0_rule_based,True,6,True,abnormal,['Pleural Effusion'],['Pleural Effusion'],['Pleural Effusion'],['Lung Lesion'],abnormal,abnormal,0.0,0.00023408790582638865,4.4731520472807535e-05,0.10344827586206896,0.05391467416783873,2,0,0,0.0,0.0,False,2,0,0.0,1.0,1.0,1.0,1.0,0.0,1.0,1.0,1.0,1.0,0.0,1.0,0.0,1.0,0.0,1.0,1.0,0.0,0.0,1.0,1.0,0.0,0.0,0.0,0.0,1.0,0.0
1285,case_5ee919e3c0,G1A_llm_no_retrieval,True,18,True,normal,[],[],['Pleural Effusion'],['Lung Lesion'],abnormal,abnormal,0.0,0.1008265064603305,0.013598566234465013,0.2571428571428571,0.21033379058070417,4,0,0,0.0,0.0,False,4,2,0.0,0.0,1.0,0.0,1.0,0.0,0.0,1.0,0.0,1.0,0.0,0.0,0.0,0.0,0.0,1.0,0.0,0.0,0.0,1.0,0.0,0.0,0.0,0.0,0.0,0.0,0.0
1285,case_5ee919e3c0,G1B_llm_sham_retrieval,True,41,True,abnormal,['Support Devices'],['Support Devices'],['Pleural Effusion'],['Lung Lesion'],abnormal,abnormal,0.0,0.2611115887266638,0.0066617903986135995,0.17204301075268819,0.13752455795677795,6,4,4,1.0,1.0,True,6,4,0.0,1.0,1.0,1.0,1.0,0.0,1.0,1.0,1.0,1.0,0.0,1.0,0.0,1.0,0.0,1.0,0.0,0.0,0.0,1.0,0.0,0.0,0.0,0.0,1.0,0.0,0.0
1285,case_5ee919e3c0,G1_single_agent_rag,True,28,True,abnormal,"['Atelectasis', 'Pleural Effusion']","['Atelectasis', 'Pleural Effusion']",['Pleural Effusion'],['Lung Lesion'],abnormal,abnormal,0.0,0.13640555753901965,0.008779088483679089,0.125,0.11773197929111909,5,2,2,1.0,1.0,True,5,2,0.0,2.0,1.0,1.0,1.0,0.0,2.0,1.0,1.0,1.0,0.0,2.0,0.0,1.0,0.0,1.0,1.0,0.0,0.0,1.0,1.0,0.0,0.0,0.0,1.0,1.0,0.0
1288,case_cf648ba648,B0_rule_based,True,4,True,abnormal,['Atelectasis'],['Atelectasis'],['Atelectasis'],['Lung Opacity'],abnormal,abnormal,0.0,3.5888380440967564e-06,5.059645622626867e-07,0.07017543859649122,0.031185031185031187,2,0,0,0.0,0.0,False,2,0,0.0,1.0,1.0,1.0,1.0,0.0,1.0,1.0,1.0,1.0,1.0,0.0,1.0,0.0,1.0,1.0,1.0,0.0,0.0,1.0,1.0,0.0,0.0,0.0,0.0,1.0,0.0
1288,case_cf648ba648,G1A_llm_no_retrieval,True,22,True,normal,[],[],['Atelectasis'],['Lung Opacity'],abnormal,abnormal,0.0,0.1110751511404091,0.016882944720515828,0.18666666666666665,0.1490981963927856,5,0,0,0.0,0.0,False,5,2,0.0,0.0,1.0,0.0,1.0,0.0,0.0,1.0,0.0,1.0,0.0,0.0,2.0,0.0,1.0,1.0,0.0,0.0,0.0,1.0,0.0,0.0,0.0,0.0,0.0,0.0,0.0
1288,case_cf648ba648,G1B_llm_sham_retrieval,True,22,True,normal,[],[],['Atelectasis'],['Lung Opacity'],abnormal,abnormal,0.0,0.0999676360263682,0.01530291414405026,0.18666666666666665,0.11702417180039092,4,2,1,0.5,0.0,False,4,2,0.0,0.0,1.0,0.0,1.0,0.0,0.0,1.0,0.0,1.0,0.0,0.0,2.0,0.0,1.0,1.0,0.0,0.0,0.0,1.0,0.0,0.0,0.0,0.0,0.0,0.0,0.0
1288,case_cf648ba648,G1_single_agent_rag,True,8,True,abnormal,['Atelectasis'],['Atelectasis'],['Atelectasis'],['Lung Opacity'],abnormal,abnormal,0.0,0.0018032815680078652,0.0001416710839224679,0.09836065573770493,0.041237113402061855,2,1,0,0.0,0.0,False,2,0,0.0,1.0,1.0,1.0,1.0,0.0,1.0,1.0,1.0,1.0,1.0,0.0,1.0,0.0,1.0,1.0,1.0,0.0,0.0,1.0,1.0,0.0,0.0,0.0,0.0,1.0,0.0
1294,case_c66a3ffd52,B0_rule_based,True,10,True,normal,[],[],[],[],normal,normal,0.0,0.05480505721582038,0.0050742523360922664,0.10810810810810811,0.059288537549407105,2,1,0,0.0,0.0,False,2,0,0.0,0.0,0.0,0.0,0.0,0.0,0.0,0.0,0.0,0.0,0.0,0.0,0.0,0.0,0.0,0.0,0.0,0.0,0.0,0.0,0.0,0.0,0.0,0.0,0.0,0.0,0.0
1294,case_c66a3ffd52,G1A_llm_no_retrieval,True,22,True,normal,[],[],[],[],normal,normal,0.0,0.39835173494673076,0.05637070738573062,0.24489795918367346,0.3616092312490254,4,1,0,0.0,0.0,False,4,1,0.0,0.0,0.0,0.0,0.0,0.0,0.0,0.0,0.0,0.0,0.0,0.0,0.0,0.0,0.0,0.0,0.0,0.0,0.0,0.0,0.0,0.0,0.0,0.0,0.0,0.0,0.0
1294,case_c66a3ffd52,G1B_llm_sham_retrieval,True,30,True,abnormal,"['Edema', 'Lung Opacity']","['Edema', 'Lung Opacity']",[],[],normal,normal,0.0,0.2,0.017379110740253053,0.14035087719298248,0.15618640618640617,4,3,3,1.0,1.0,True,4,2,0.0,2.0,0.0,1.0,0.0,0.0,2.0,0.0,1.0,0.0,0.0,2.0,0.0,1.0,0.0,0.0,0.0,0.0,0.0,0.0,0.0,0.0,0.0,0.0,2.0,0.0,0.0
1294,case_c66a3ffd52,G1_single_agent_rag,True,21,True,normal,[],[],[],[],normal,normal,0.0,0.4294155960430205,0.03212974823946435,0.375,0.27948758417508424,4,1,0,0.0,0.0,False,4,1,0.0,0.0,0.0,0.0,0.0,0.0,0.0,0.0,0.0,0.0,0.0,0.0,0.0,0.0,0.0,0.0,0.0,0.0,0.0,0.0,0.0,0.0,0.0,0.0,0.0,0.0,0.0
1306,case_5ad865ae30,B0_rule_based,False,10,True,normal,[],[],[],,normal,,0.0,0.005025917872316793,0.0005641313696628692,0.15151515151515152,0.07237354085603113,2,1,0,0.0,0.0,False,2,0,,,,,,,,,,,,,,,,,,,,,,,,,,,
1306,case_5ad865ae30,G1A_llm_no_retrieval,False,22,True,normal,[],[],[],,normal,,0.0,0.16475699392481166,0.04356538761616659,0.3333333333333334,0.266357046061547,4,1,0,0.0,0.0,False,4,1,,,,,,,,,,,,,,,,,,,,,,,,,,,
1306,case_5ad865ae30,G1B_llm_sham_retrieval,False,28,True,normal,[],[],[],,normal,,0.16666666666666663,0.13138551470408658,0.00929189361834214,0.11904761904761905,0.11945488721804509,6,4,3,0.75,0.42857142857142855,False,6,5,,,,,,,,,,,,,,,,,,,,,,,,,,,
1306,case_5ad865ae30,G1_single_agent_rag,False,21,True,normal,[],[],[],,normal,,0.0,0.12591706855837456,0.012550080809057089,0.2857142857142857,0.15991253644314868,4,1,0,0.0,0.0,False,4,1,,,,,,,,,,,,,,,,,,,,,,,,,,,
1314,case_009f2e27be,B0_rule_based,True,10,True,normal,[],[],[],[],normal,normal,0.0,0.06648189501740032,0.03221218101250904,0.2857142857142857,0.17151379567486946,2,1,0,0.0,0.0,False,2,0,0.0,0.0,0.0,0.0,0.0,0.0,0.0,0.0,0.0,0.0,0.0,0.0,0.0,0.0,0.0,0.0,0.0,0.0,0.0,0.0,0.0,0.0,0.0,0.0,0.0,0.0,0.0
1314,case_009f2e27be,G1A_llm_no_retrieval,True,22,True,normal,[],[],[],[],normal,normal,0.0,0.34621986487651735,0.06040566187088205,0.4074074074074074,0.3297491039426523,4,1,0,0.0,0.0,False,4,1,0.0,0.0,0.0,0.0,0.0,0.0,0.0,0.0,0.0,0.0,0.0,0.0,0.0,0.0,0.0,0.0,0.0,0.0,0.0,0.0,0.0,0.0,0.0,0.0,0.0,0.0,0.0
1314,case_009f2e27be,G1B_llm_sham_retrieval,True,22,True,normal,[],[],[],[],normal,normal,0.0,0.31736820947014094,0.05647226353243005,0.3333333333333333,0.2865902426019728,4,2,1,0.5,0.06666666666666667,False,4,1,0.0,0.0,0.0,0.0,0.0,0.0,0.0,0.0,0.0,0.0,0.0,0.0,0.0,0.0,0.0,0.0,0.0,0.0,0.0,0.0,0.0,0.0,0.0,0.0,0.0,0.0,0.0
1314,case_009f2e27be,G1_single_agent_rag,True,21,True,normal,[],[],[],[],normal,normal,0.0,0.2820285791885204,0.020344689405945728,0.3018867924528302,0.20566343042071197,4,1,0,0.0,0.0,False,4,1,0.0,0.0,0.0,0.0,0.0,0.0,0.0,0.0,0.0,0.0,0.0,0.0,0.0,0.0,0.0,0.0,0.0,0.0,0.0,0.0,0.0,0.0,0.0,0.0,0.0,0.0,0.0
1334,case_2b14cbc980,B0_rule_based,True,4,True,abnormal,['Fracture'],['Fracture'],['Fracture'],[],abnormal,normal,0.0,0.005879436464002277,0.0018894825370235533,0.08695652173913043,0.02857142857142857,2,0,0,0.0,0.0,False,2,0,0.0,1.0,0.0,1.0,0.0,0.0,1.0,0.0,1.0,0.0,0.0,1.0,0.0,1.0,0.0,1.0,1.0,0.0,0.0,1.0,1.0,0.0,0.0,0.0,0.0,1.0,0.0
1334,case_2b14cbc980,G1A_llm_no_retrieval,True,5,True,abnormal,['Fracture'],['Fracture'],['Fracture'],[],abnormal,normal,0.0,0.012162012525043595,0.0032672332424682907,0.08333333333333333,0.028409090909090908,2,0,0,0.0,0.0,False,2,0,0.0,1.0,0.0,1.0,0.0,0.0,1.0,0.0,1.0,0.0,0.0,1.0,0.0,1.0,0.0,1.0,1.0,0.0,0.0,1.0,1.0,0.0,0.0,0.0,0.0,1.0,0.0
1334,case_2b14cbc980,G1B_llm_sham_retrieval,True,24,True,normal,[],[],['Fracture'],[],abnormal,normal,0.0,0.5833333333333334,0.17729842264695017,0.5116279069767442,0.5871271585557299,4,2,0,0.0,0.0,False,4,1,0.0,0.0,0.0,0.0,0.0,0.0,0.0,0.0,0.0,0.0,0.0,0.0,0.0,0.0,0.0,1.0,0.0,0.0,0.0,1.0,0.0,0.0,0.0,0.0,0.0,0.0,0.0
1334,case_2b14cbc980,G1_single_agent_rag,True,33,True,normal,[],[],['Fracture'],[],abnormal,normal,0.0,0.42424242424242425,0.14134641571854575,0.46153846153846156,0.5612244897959183,4,2,2,1.0,0.6538461538461539,True,4,0,0.0,0.0,0.0,0.0,0.0,0.0,0.0,0.0,0.0,0.0,0.0,0.0,0.0,0.0,0.0,1.0,0.0,0.0,0.0,1.0,0.0,0.0,0.0,0.0,0.0,0.0,0.0
1337,case_03bec85f3c,B0_rule_based,False,8,True,abnormal,['Enlarged Cardiomediastinum'],['Enlarged Cardiomediastinum'],['Enlarged Cardiomediastinum'],,abnormal,,0.0,4.508203920019665e-05,5.6333433078119506e-05,0.0,0.0,2,0,0,0.0,0.0,False,2,0,,,,,,,,,,,,,,,,,,,,,,,,,,,
1337,case_03bec85f3c,G1A_llm_no_retrieval,False,7,True,abnormal,['Enlarged Cardiomediastinum'],['Enlarged Cardiomediastinum'],['Enlarged Cardiomediastinum'],,abnormal,,0.0,0.0001999708963042388,4.623757105193806e-05,0.03333333333333333,0.010330578512396695,2,0,0,0.0,0.0,False,2,0,,,,,,,,,,,,,,,,,,,,,,,,,,,
1337,case_03bec85f3c,G1B_llm_sham_retrieval,False,22,True,normal,[],[],['Enlarged Cardiomediastinum'],,abnormal,,0.0,0.1110751511404091,0.016882944720515828,0.21333333333333335,0.16603206412825655,4,2,0,0.0,0.0,False,4,1,,,,,,,,,,,,,,,,,,,,,,,,,,,
1337,case_03bec85f3c,G1_single_agent_rag,False,21,True,abnormal,['Cardiomegaly'],['Cardiomegaly'],['Enlarged Cardiomediastinum'],,abnormal,,0.0,0.10375251610624878,0.008282842379240082,0.18918918918918917,0.12761044176706826,4,2,2,1.0,0.7857142857142857,True,4,2,,,,,,,,,,,,,,,,,,,,,,,,,,,
1361,case_521cb8114d,B0_rule_based,True,10,True,normal,[],[],[],"['Cardiomegaly', 'Lung Opacity']",normal,abnormal,0.0,0.0013568559012200937,0.0002863690598361661,0.031746031746031744,0.01026694045174538,2,1,0,0.0,0.0,False,2,0,0.0,0.0,2.0,0.0,1.0,0.0,0.0,2.0,0.0,1.0,0.0,0.0,2.0,0.0,1.0,0.0,0.0,0.0,0.0,0.0,0.0,0.0,0.0,0.0,0.0,0.0,0.0
1361,case_521cb8114d,G1A_llm_no_retrieval,True,10,True,abnormal,['Enlarged Cardiomediastinum'],['Enlarged Cardiomediastinum'],[],"['Cardiomegaly', 'Lung Opacity']",normal,abnormal,0.0,0.002713711802440187,0.0006055968292185068,0.06349206349206349,0.038501026694045176,2,1,0,0.0,0.0,False,2,0,0.0,1.0,2.0,1.0,1.0,0.0,1.0,2.0,1.0,1.0,0.0,1.0,2.0,1.0,1.0,0.0,0.0,0.0,0.0,0.0,0.0,0.0,0.0,0.0,0.0,0.0,1.0
1361,case_521cb8114d,G1B_llm_sham_retrieval,True,22,True,normal,[],[],[],"['Cardiomegaly', 'Lung Opacity']",normal,abnormal,0.0,0.07775260579828637,0.030391037276503923,0.13333333333333336,0.1271931618338718,4,1,1,1.0,0.2,True,4,1,0.0,0.0,2.0,0.0,1.0,0.0,0.0,2.0,0.0,1.0,0.0,0.0,2.0,0.0,1.0,0.0,0.0,0.0,0.0,0.0,0.0,0.0,0.0,0.0,0.0,0.0,0.0
1361,case_521cb8114d,G1_single_agent_rag,True,22,True,normal,[],[],[],"['Cardiomegaly', 'Lung Opacity']",normal,abnormal,0.0,0.05553757557020455,0.003174502706818923,0.08,0.05010020040080161,4,2,2,1.0,1.0,True,4,1,0.0,0.0,2.0,0.0,1.0,0.0,0.0,2.0,0.0,1.0,0.0,0.0,2.0,0.0,1.0,0.0,0.0,0.0,0.0,0.0,0.0,0.0,0.0,0.0,0.0,0.0,0.0
1365,case_2b12dc11a3,B0_rule_based,True,10,True,normal,[],[],[],['Fracture'],normal,abnormal,0.0,0.008096764578321753,0.0022720421460552605,0.13559322033898302,0.06998337028824832,2,1,0,0.0,0.0,False,2,0,0.0,0.0,1.0,0.0,1.0,0.0,0.0,1.0,0.0,1.0,0.0,0.0,1.0,0.0,1.0,0.0,0.0,0.0,0.0,0.0,0.0,0.0,0.0,0.0,0.0,0.0,0.0
1365,case_2b12dc11a3,G1A_llm_no_retrieval,True,10,True,abnormal,['Enlarged Cardiomediastinum'],['Enlarged Cardiomediastinum'],[],['Fracture'],normal,abnormal,0.0,0.0020241911445804386,0.00042721243610390315,0.033898305084745756,0.011086474501108645,2,1,0,0.0,0.0,False,2,0,0.0,1.0,1.0,1.0,1.0,0.0,1.0,1.0,1.0,1.0,0.0,1.0,1.0,1.0,1.0,0.0,0.0,0.0,0.0,0.0,0.0,0.0,0.0,0.0,0.0,0.0,1.0
1365,case_2b12dc11a3,G1B_llm_sham_retrieval,True,18,True,normal,[],[],[],['Fracture'],normal,abnormal,0.0,0.08933433247483256,0.013912531680012146,0.26865671641791045,0.1499502407272923,4,0,0,0.0,0.0,False,4,1,0.0,0.0,1.0,0.0,1.0,0.0,0.0,1.0,0.0,1.0,0.0,0.0,1.0,0.0,1.0,0.0,0.0,0.0,0.0,0.0,0.0,0.0,0.0,0.0,0.0,0.0,0.0
1365,case_2b12dc11a3,G1_single_agent_rag,True,22,True,normal,[],[],[],['Fracture'],normal,abnormal,0.0,0.15986772397295768,0.02119366879302838,0.19718309859154928,0.20450863930885527,4,2,2,1.0,1.0,True,4,1,0.0,0.0,1.0,0.0,1.0,0.0,0.0,1.0,0.0,1.0,0.0,0.0,1.0,0.0,1.0,0.0,0.0,0.0,0.0,0.0,0.0,0.0,0.0,0.0,0.0,0.0,0.0
1376,case_ec6b6807ce,B0_rule_based,False,11,True,abnormal,"['Lung Opacity', 'Pneumonia']","['Lung Opacity', 'Pneumonia']","['Lung Opacity', 'Pneumonia']",,abnormal,,0.0,0.018732873356684394,0.0023096346698519934,0.0851063829787234,0.029850746268656712,3,0,0,0.0,0.0,False,3,0,,,,,,,,,,,,,,,,,,,,,,,,,,,
1376,case_ec6b6807ce,G1A_llm_no_retrieval,False,22,True,normal,[],[],"['Lung Opacity', 'Pneumonia']",,abnormal,,0.0,0.26460667075002514,0.03484599549738672,0.20689655172413793,0.25677160464338605,5,0,0,0.0,0.0,False,5,2,,,,,,,,,,,,,,,,,,,,,,,,,,,
1376,case_ec6b6807ce,G1B_llm_sham_retrieval,False,4,True,abnormal,['Lung Opacity'],['Lung Opacity'],"['Lung Opacity', 'Pneumonia']",,abnormal,,0.5,8.386565697562797e-06,1.5156235135446682e-05,0.0,0.0,2,0,0,0.0,0.0,False,2,0,,,,,,,,,,,,,,,,,,,,,,,,,,,
1376,case_ec6b6807ce,G1_single_agent_rag,False,26,True,abnormal,"['Lung Opacity', 'Pneumonia']",['Lung Opacity'],"['Lung Opacity', 'Pneumonia']",,abnormal,,0.0,0.10472498435744391,0.012438429531063432,0.12903225806451615,0.09017857142857144,4,2,0,0.0,0.0,False,4,1,,,,,,,,,,,,,,,,,,,,,,,,,,,
1380,case_ef84739e89,B0_rule_based,True,10,True,normal,[],[],[],[],normal,normal,0.0,0.1461468192421877,0.061324884672997106,0.37837837837837834,0.15810276679841895,2,1,0,0.0,0.0,False,2,0,0.0,0.0,0.0,0.0,0.0,0.0,0.0,0.0,0.0,0.0,0.0,0.0,0.0,0.0,0.0,0.0,0.0,0.0,0.0,0.0,0.0,0.0,0.0,0.0,0.0,0.0,0.0
1380,case_ef84739e89,G1A_llm_no_retrieval,True,10,True,abnormal,['Enlarged Cardiomediastinum'],['Enlarged Cardiomediastinum'],[],[],normal,normal,0.0,0.0018268352405273467,0.0021681620903879627,0.0,0.0,2,1,0,0.0,0.0,False,2,0,0.0,1.0,0.0,1.0,0.0,0.0,1.0,0.0,1.0,0.0,0.0,1.0,0.0,1.0,0.0,0.0,0.0,0.0,0.0,0.0,0.0,0.0,0.0,0.0,0.0,0.0,1.0
1380,case_ef84739e89,G1B_llm_sham_retrieval,True,20,True,normal,[],[],[],[],normal,normal,0.0,0.4580472583171637,0.07584061134347407,0.3829787234042553,0.41228879339437974,4,1,0,0.0,0.0,False,4,1,0.0,0.0,0.0,0.0,0.0,0.0,0.0,0.0,0.0,0.0,0.0,0.0,0.0,0.0,0.0,0.0,0.0,0.0,0.0,0.0,0.0,0.0,0.0,0.0,0.0,0.0,0.0
1380,case_ef84739e89,G1_single_agent_rag,True,21,True,normal,[],[],[],[],normal,normal,0.0,0.4294155960430205,0.05713566974397378,0.4166666666666667,0.32302188552188554,4,1,0,0.0,0.0,False,4,1,0.0,0.0,0.0,0.0,0.0,0.0,0.0,0.0,0.0,0.0,0.0,0.0,0.0,0.0,0.0,0.0,0.0,0.0,0.0,0.0,0.0,0.0,0.0,0.0,0.0,0.0,0.0
1394,case_411b4ceabc,B0_rule_based,True,4,True,abnormal,['Pneumonia'],['Pneumonia'],['Pneumonia'],['Lung Lesion'],abnormal,abnormal,0.0,3.9615331278937814e-05,1.2731233190162247e-05,0.04651162790697674,0.014084507042253521,2,0,0,0.0,0.0,False,2,0,0.0,1.0,1.0,1.0,1.0,0.0,1.0,1.0,1.0,1.0,0.0,1.0,1.0,1.0,1.0,1.0,1.0,0.0,0.0,1.0,1.0,0.0,0.0,0.0,0.0,1.0,0.0
1394,case_411b4ceabc,G1A_llm_no_retrieval,True,23,True,normal,[],[],['Pneumonia'],['Lung Lesion'],abnormal,abnormal,0.0,0.2819016486917317,0.13191387637752522,0.2580645161290323,0.2684871689396576,5,0,0,0.0,0.0,False,5,1,0.0,0.0,1.0,0.0,1.0,0.0,0.0,1.0,0.0,1.0,0.0,0.0,1.0,0.0,1.0,1.0,0.0,0.0,0.0,1.0,0.0,0.0,0.0,0.0,0.0,0.0,0.0
1394,case_411b4ceabc,G1B_llm_sham_retrieval,True,7,True,abnormal,"['Lung Opacity', 'Pneumonia']",['Lung Opacity'],['Pneumonia'],['Lung Lesion'],abnormal,abnormal,0.0,0.0029551923418909285,0.00040629499684331424,0.08695652173913043,0.02793296089385475,2,0,0,0.0,0.0,False,2,0,0.0,2.0,1.0,1.0,1.0,0.0,1.0,1.0,1.0,1.0,0.0,2.0,1.0,1.0,1.0,1.0,1.0,0.0,0.0,1.0,0.0,0.0,0.0,1.0,0.0,0.0,1.0
1394,case_411b4ceabc,G1_single_agent_rag,True,10,True,abnormal,"['Lung Opacity', 'Pneumonia']","['Lung Opacity', 'Pneumonia']",['Pneumonia'],['Lung Lesion'],abnormal,abnormal,0.0,0.011004644011281447,0.0013810069598198724,0.04081632653061225,0.027700831024930744,2,1,0,0.0,0.0,False,2,0,0.0,2.0,1.0,1.0,1.0,0.0,2.0,1.0,1.0,1.0,0.0,2.0,1.0,1.0,1.0,1.0,1.0,0.0,0.0,1.0,1.0,0.0,0.0,0.0,1.0,1.0,0.0
1397,case_9ca4ffb49c,B0_rule_based,True,10,True,normal,[],[],[],[],normal,normal,0.0,0.0493193927883213,0.006189243797885522,0.11764705882352941,0.04424778761061946,2,1,0,0.0,0.0,False,2,0,0.0,0.0,0.0,0.0,0.0,0.0,0.0,0.0,0.0,0.0,0.0,0.0,0.0,0.0,0.0,0.0,0.0,0.0,0.0,0.0,0.0,0.0,0.0,0.0,0.0,0.0,0.0
1397,case_9ca4ffb49c,G1A_llm_no_retrieval,True,10,True,abnormal,['Enlarged Cardiomediastinum'],['Enlarged Cardiomediastinum'],[],[],normal,normal,0.0,0.002465969639416066,0.0029267126939625902,0.0,0.0,2,1,0,0.0,0.0,False,2,0,0.0,1.0,0.0,1.0,0.0,0.0,1.0,0.0,1.0,0.0,0.0,1.0,0.0,1.0,0.0,0.0,0.0,0.0,0.0,0.0,0.0,0.0,0.0,0.0,0.0,0.0,1.0
1397,case_9ca4ffb49c,G1B_llm_sham_retrieval,True,23,True,normal,[],[],[],[],normal,normal,0.0,0.3746556657658882,0.032144644008367945,0.3404255319148936,0.32078103207810327,3,2,0,0.0,0.0,False,3,0,0.0,0.0,0.0,0.0,0.0,0.0,0.0,0.0,0.0,0.0,0.0,0.0,0.0,0.0,0.0,0.0,0.0,0.0,0.0,0.0,0.0,0.0,0.0,0.0,0.0,0.0,0.0
1397,case_9ca4ffb49c,G1_single_agent_rag,True,21,True,normal,[],[],[],[],normal,normal,0.0,0.24767939992862334,0.0220382393071898,0.22222222222222224,0.17991092358180963,4,1,0,0.0,0.0,False,4,1,0.0,0.0,0.0,0.0,0.0,0.0,0.0,0.0,0.0,0.0,0.0,0.0,0.0,0.0,0.0,0.0,0.0,0.0,0.0,0.0,0.0,0.0,0.0,0.0,0.0,0.0,0.0
1406,case_e208ade65f,B0_rule_based,False,4,True,abnormal,['Fracture'],['Fracture'],['Fracture'],,abnormal,,0.0,0.0007956951991274167,0.00025571365431871615,0.06451612903225806,0.020242914979757082,2,0,0,0.0,0.0,False,2,0,,,,,,,,,,,,,,,,,,,,,,,,,,,
1406,case_e208ade65f,G1A_llm_no_retrieval,False,23,True,abnormal,['Fracture'],['Fracture'],['Fracture'],,abnormal,,0.0,0.07307564957659983,0.008277097518978788,0.07999999999999999,0.037593984962406006,4,1,0,0.0,0.0,False,4,1,,,,,,,,,,,,,,,,,,,,,,,,,,,
1406,case_e208ade65f,G1B_llm_sham_retrieval,False,11,True,abnormal,['Fracture'],['Fracture'],['Fracture'],,abnormal,,0.0,0.04245572347107516,0.005234499214049016,0.10526315789473684,0.03937007874015748,2,1,0,0.0,0.0,False,2,0,,,,,,,,,,,,,,,,,,,,,,,,,,,
1406,case_e208ade65f,G1_single_agent_rag,False,33,True,normal,[],[],['Fracture'],,abnormal,,0.0,0.48484848484848486,0.12503053621822974,0.36666666666666664,0.3855298913043478,4,2,2,1.0,0.6538461538461539,True,4,0,,,,,,,,,,,,,,,,,,,,,,,,,,,
1417,case_507aee9980,B0_rule_based,False,12,True,indeterminate,[],[],[],,indeterminate,,0.0,0.009693551957930502,0.0008691988385534272,0.06349206349206349,0.03184713375796178,2,1,0,0.0,0.0,False,2,2,,,,,,,,,,,,,,,,,,,,,,,,,,,
1417,case_507aee9980,G1A_llm_no_retrieval,False,15,True,normal,[],[],[],,indeterminate,,0.0,0.024191454210510003,0.0016957907734097251,0.0606060606060606,0.04219409282700422,2,1,0,0.0,0.0,False,2,1,,,,,,,,,,,,,,,,,,,,,,,,,,,
1417,case_507aee9980,G1B_llm_sham_retrieval,False,25,True,normal,[],[],[],,indeterminate,,0.0,0.16965824734021448,0.0207412020509914,0.21052631578947367,0.1956353305785124,5,0,0,0.0,0.0,False,5,1,,,,,,,,,,,,,,,,,,,,,,,,,,,
1417,case_507aee9980,G1_single_agent_rag,False,24,True,normal,[],[],[],,indeterminate,,0.0,0.16232623367917487,0.019899816408969092,0.21333333333333332,0.19604037267080746,5,0,0,0.0,0.0,False,5,1,,,,,,,,,,,,,,,,,,,,,,,,,,,
1422,case_bfbc740d54,B0_rule_based,True,25,True,abnormal,"['Consolidation', 'Lung Lesion', 'Lung Opacity', 'Pneumonia']","['Consolidation', 'Lung Lesion', 'Lung Opacity', 'Pneumonia']","['Consolidation', 'Lung Lesion', 'Lung Opacity', 'Pneumonia']","['Consolidation', 'Lung Opacity', 'Pneumonia']",abnormal,abnormal,0.0,0.06983281522472108,0.0025453190928678795,0.15384615384615385,0.07269789983844911,5,2,0,0.0,0.0,False,5,0,3.0,1.0,0.0,1.0,0.0,3.0,1.0,0.0,1.0,0.0,3.0,1.0,0.0,1.0,0.0,1.0,1.0,3.0,3.0,1.0,1.0,3.0,3.0,1.0,0.0,3.0,0.0
1422,case_bfbc740d54,G1A_llm_no_retrieval,True,22,True,normal,[],[],"['Consolidation', 'Lung Lesion', 'Lung Opacity', 'Pneumonia']","['Consolidation', 'Lung Opacity', 'Pneumonia']",abnormal,abnormal,0.0,0.10457726431920072,0.006003878174416509,0.2727272727272727,0.19890576551476208,5,0,0,0.0,0.0,False,5,2,0.0,0.0,3.0,0.0,1.0,0.0,0.0,3.0,0.0,1.0,0.0,0.0,3.0,0.0,1.0,1.0,0.0,3.0,0.0,1.0,0.0,3.0,0.0,0.0,0.0,0.0,0.0
1422,case_bfbc740d54,G1B_llm_sham_retrieval,True,26,True,normal,[],[],"['Consolidation', 'Lung Lesion', 'Lung Opacity', 'Pneumonia']","['Consolidation', 'Lung Opacity', 'Pneumonia']",abnormal,abnormal,0.0,0.14038807422341745,0.014979463740787027,0.30434782608695654,0.197622502511441,4,2,0,0.0,0.10526315789473684,False,4,1,0.0,0.0,3.0,0.0,1.0,0.0,0.0,3.0,0.0,1.0,0.0,0.0,3.0,0.0,1.0,1.0,0.0,3.0,0.0,1.0,0.0,3.0,0.0,0.0,0.0,0.0,0.0
1422,case_bfbc740d54,G1_single_agent_rag,True,28,True,abnormal,"['Lung Opacity', 'Pneumonia']",['Lung Opacity'],"['Consolidation', 'Lung Lesion', 'Lung Opacity', 'Pneumonia']","['Consolidation', 'Lung Opacity', 'Pneumonia']",abnormal,abnormal,0.0,0.11950488738154945,0.014680552276134719,0.21276595744680848,0.12680987081184952,2,2,1,0.5,0.5238095238095238,False,2,0,2.0,0.0,1.0,0.0,1.0,1.0,0.0,2.0,0.0,1.0,2.0,0.0,1.0,0.0,1.0,1.0,0.0,3.0,2.0,1.0,0.0,3.0,1.0,0.0,0.0,2.0,0.0
1423,case_2ba4a43bcc,B0_rule_based,True,12,True,indeterminate,[],[],[],['Cardiomegaly'],indeterminate,abnormal,0.0,0.020210089552970725,0.004130906582317207,0.04878048780487805,0.018315018315018316,2,1,0,0.0,0.0,False,2,2,0.0,0.0,1.0,0.0,1.0,0.0,0.0,1.0,0.0,1.0,0.0,0.0,1.0,0.0,1.0,0.0,0.0,0.0,0.0,0.0,0.0,0.0,0.0,0.0,0.0,0.0,0.0
1423,case_2ba4a43bcc,G1A_llm_no_retrieval,True,15,True,normal,[],[],[],['Cardiomegaly'],indeterminate,abnormal,0.0,0.0524320961158131,0.00618130266547955,0.09090909090909091,0.036231884057971016,2,1,0,0.0,0.0,False,2,1,0.0,0.0,1.0,0.0,1.0,0.0,0.0,1.0,0.0,1.0,0.0,0.0,1.0,0.0,1.0,0.0,0.0,0.0,0.0,0.0,0.0,0.0,0.0,0.0,0.0,0.0,0.0
1423,case_2ba4a43bcc,G1B_llm_sham_retrieval,True,25,True,normal,[],[],[],['Cardiomegaly'],indeterminate,abnormal,0.0,0.27268601246918767,0.025409156697108932,0.29629629629629634,0.22071678321678323,5,0,0,0.0,0.0,False,5,1,0.0,0.0,1.0,0.0,1.0,0.0,0.0,1.0,0.0,1.0,0.0,0.0,1.0,0.0,1.0,0.0,0.0,0.0,0.0,0.0,0.0,0.0,0.0,0.0,0.0,0.0,0.0
1423,case_2ba4a43bcc,G1_single_agent_rag,True,25,True,normal,[],[],[],['Cardiomegaly'],indeterminate,abnormal,0.0,0.27268601246918767,0.025409156697108932,0.29629629629629634,0.22071678321678323,5,0,0,0.0,0.0,False,5,1,0.0,0.0,1.0,0.0,1.0,0.0,0.0,1.0,0.0,1.0,0.0,0.0,1.0,0.0,1.0,0.0,0.0,0.0,0.0,0.0,0.0,0.0,0.0,0.0,0.0,0.0,0.0
1431,case_b089465213,B0_rule_based,True,10,True,normal,[],[],[],[],normal,normal,0.0,0.045358976644706256,0.011915394454893318,0.22727272727272727,0.14113924050632912,2,1,0,0.0,0.0,False,2,0,0.0,0.0,0.0,0.0,0.0,0.0,0.0,0.0,0.0,0.0,0.0,0.0,0.0,0.0,0.0,0.0,0.0,0.0,0.0,0.0,0.0,0.0,0.0,0.0,0.0,0.0,0.0
1431,case_b089465213,G1A_llm_no_retrieval,True,10,True,abnormal,['Enlarged Cardiomediastinum'],['Enlarged Cardiomediastinum'],[],[],normal,normal,0.0,0.027215385986823753,0.0044809069242416275,0.13636363636363635,0.08087201125175807,2,1,0,0.0,0.0,False,2,0,0.0,1.0,0.0,1.0,0.0,0.0,1.0,0.0,1.0,0.0,0.0,1.0,0.0,1.0,0.0,0.0,0.0,0.0,0.0,0.0,0.0,0.0,0.0,0.0,0.0,0.0,1.0
1431,case_b089465213,G1B_llm_sham_retrieval,True,34,True,normal,[],[],[],[],normal,normal,0.0,0.9411764705882353,0.7631724119490069,0.9117647058823528,0.9393813189338235,4,3,1,0.3333333333333333,0.4444444444444444,False,4,0,0.0,0.0,0.0,0.0,0.0,0.0,0.0,0.0,0.0,0.0,0.0,0.0,0.0,0.0,0.0,0.0,0.0,0.0,0.0,0.0,0.0,0.0,0.0,0.0,0.0,0.0,0.0
1431,case_b089465213,G1_single_agent_rag,True,22,True,normal,[],[],[],[],normal,normal,0.0,0.34247807382738743,0.047318324517933275,0.2857142857142857,0.33058522153268866,4,2,2,1.0,1.0,True,4,1,0.0,0.0,0.0,0.0,0.0,0.0,0.0,0.0,0.0,0.0,0.0,0.0,0.0,0.0,0.0,0.0,0.0,0.0,0.0,0.0,0.0,0.0,0.0,0.0,0.0,0.0,0.0
1435,case_c055bbf76a,B0_rule_based,True,10,True,normal,[],[],[],[],normal,normal,0.0,0.13626589651700632,0.032345177549302856,0.24242424242424243,0.17142857142857143,2,1,0,0.0,0.0,False,2,0,0.0,0.0,0.0,0.0,0.0,0.0,0.0,0.0,0.0,0.0,0.0,0.0,0.0,0.0,0.0,0.0,0.0,0.0,0.0,0.0,0.0,0.0,0.0,0.0,0.0,0.0,0.0
1435,case_c055bbf76a,G1A_llm_no_retrieval,True,10,True,abnormal,['Enlarged Cardiomediastinum'],['Enlarged Cardiomediastinum'],[],[],normal,normal,0.0,0.027253179303401272,0.005751876324997854,0.06060606060606061,0.023041474654377878,2,1,0,0.0,0.0,False,2,0,0.0,1.0,0.0,1.0,0.0,0.0,1.0,0.0,1.0,0.0,0.0,1.0,0.0,1.0,0.0,0.0,0.0,0.0,0.0,0.0,0.0,0.0,0.0,0.0,0.0,0.0,1.0
1435,case_c055bbf76a,G1B_llm_sham_retrieval,True,21,True,normal,[],[],[],[],normal,normal,0.0,0.4762248034116116,0.16737506462732374,0.4545454545454545,0.38966217195882263,4,1,0,0.0,0.0,False,4,1,0.0,0.0,0.0,0.0,0.0,0.0,0.0,0.0,0.0,0.0,0.0,0.0,0.0,0.0,0.0,0.0,0.0,0.0,0.0,0.0,0.0,0.0,0.0,0.0,0.0,0.0,0.0
1435,case_c055bbf76a,G1_single_agent_rag,True,21,True,normal,[],[],[],[],normal,normal,0.0,0.43293163946510144,0.03713939026893202,0.31818181818181823,0.2192982456140351,4,1,0,0.0,0.0,False,4,1,0.0,0.0,0.0,0.0,0.0,0.0,0.0,0.0,0.0,0.0,0.0,0.0,0.0,0.0,0.0,0.0,0.0,0.0,0.0,0.0,0.0,0.0,0.0,0.0,0.0,0.0,0.0
1451,case_36df25a391,B0_rule_based,True,11,True,abnormal,"['Fracture', 'Lung Opacity']","['Fracture', 'Lung Opacity']","['Fracture', 'Lung Opacity']",['Atelectasis'],abnormal,abnormal,0.0,0.019383175755860193,0.004019169513391414,0.05128205128205127,0.019011406844106463,3,0,0,0.0,0.0,False,3,0,0.0,2.0,1.0,1.0,1.0,0.0,2.0,1.0,1.0,1.0,0.0,2.0,1.0,1.0,1.0,2.0,2.0,0.0,0.0,2.0,2.0,0.0,0.0,1.0,0.0,1.0,0.0
1451,case_36df25a391,G1A_llm_no_retrieval,True,38,True,abnormal,"['Fracture', 'Lung Opacity']","['Fracture', 'Lung Opacity']","['Fracture', 'Lung Opacity']",['Atelectasis'],abnormal,abnormal,0.5,0.07894736842105263,0.006414921514603761,0.09090909090909091,0.05172413793103449,4,4,0,0.0,0.0,False,4,0,0.0,2.0,1.0,1.0,1.0,0.0,2.0,1.0,1.0,1.0,0.0,2.0,1.0,1.0,1.0,2.0,2.0,0.0,0.0,2.0,2.0,0.0,0.0,1.0,0.0,1.0,0.0
1451,case_36df25a391,G1B_llm_sham_retrieval,True,24,True,normal,[],[],"['Fracture', 'Lung Opacity']",['Atelectasis'],abnormal,abnormal,0.0,0.28216057496353797,0.026364839598023947,0.23076923076923075,0.22871376811594205,4,3,0,0.0,0.11764705882352941,False,4,0,0.0,0.0,1.0,0.0,1.0,0.0,0.0,1.0,0.0,1.0,0.0,0.0,1.0,0.0,1.0,2.0,0.0,0.0,0.0,2.0,0.0,0.0,0.0,0.0,0.0,0.0,0.0
1451,case_36df25a391,G1_single_agent_rag,True,19,True,abnormal,"['Atelectasis', 'Lung Opacity']",['Lung Opacity'],"['Fracture', 'Lung Opacity']",['Atelectasis'],abnormal,abnormal,0.0,0.09832166287069737,0.008344746006465087,0.0851063829787234,0.055350553505535055,2,2,0,0.0,0.0,False,2,0,1.0,1.0,0.0,1.0,0.0,0.0,1.0,1.0,1.0,1.0,1.0,1.0,0.0,1.0,0.0,2.0,1.0,0.0,0.0,2.0,1.0,0.0,0.0,0.0,1.0,1.0,0.0
1456,case_e09f173599,B0_rule_based,True,4,True,abnormal,['Fracture'],['Fracture'],['Fracture'],[],abnormal,normal,0.0,0.00016844867497713668,0.0003044211204295285,0.0,0.0,2,0,0,0.0,0.0,False,2,0,0.0,1.0,0.0,1.0,0.0,0.0,1.0,0.0,1.0,0.0,0.0,1.0,0.0,1.0,0.0,1.0,1.0,0.0,0.0,1.0,1.0,0.0,0.0,0.0,0.0,1.0,0.0
1456,case_e09f173599,G1A_llm_no_retrieval,True,5,True,abnormal,['Fracture'],['Fracture'],['Fracture'],[],abnormal,normal,0.0,0.00044741543712331205,0.0006759049970609996,0.0,0.0,2,0,0,0.0,0.0,False,2,0,0.0,1.0,0.0,1.0,0.0,0.0,1.0,0.0,1.0,0.0,0.0,1.0,0.0,1.0,0.0,1.0,1.0,0.0,0.0,1.0,1.0,0.0,0.0,0.0,0.0,1.0,0.0
1456,case_e09f173599,G1B_llm_sham_retrieval,True,31,True,normal,[],[],['Fracture'],[],abnormal,normal,0.0,0.41935483870967744,0.1378894112588712,0.29090909090909095,0.43899575976810484,4,3,0,0.0,0.0,False,4,0,0.0,0.0,0.0,0.0,0.0,0.0,0.0,0.0,0.0,0.0,0.0,0.0,0.0,0.0,0.0,1.0,0.0,0.0,0.0,1.0,0.0,0.0,0.0,0.0,0.0,0.0,0.0
1456,case_e09f173599,G1_single_agent_rag,True,36,True,normal,[],[],['Fracture'],[],abnormal,normal,0.0,0.3888888888888889,0.09434386306084007,0.26666666666666666,0.3806284418529316,4,3,2,0.6666666666666666,0.5862068965517241,False,4,0,0.0,0.0,0.0,0.0,0.0,0.0,0.0,0.0,0.0,0.0,0.0,0.0,0.0,0.0,0.0,1.0,0.0,0.0,0.0,1.0,0.0,0.0,0.0,0.0,0.0,0.0,0.0
1466,case_b0f6645bad,B0_rule_based,True,10,True,normal,[],[],[],[],normal,normal,0.0,0.12113791079679323,0.058694420624474906,0.2777777777777778,0.20947176684881602,2,1,0,0.0,0.0,False,2,0,0.0,0.0,0.0,0.0,0.0,0.0,0.0,0.0,0.0,0.0,0.0,0.0,0.0,0.0,0.0,0.0,0.0,0.0,0.0,0.0,0.0,0.0,0.0,0.0,0.0,0.0,0.0
1466,case_b0f6645bad,G1A_llm_no_retrieval,True,10,True,abnormal,['Enlarged Cardiomediastinum'],['Enlarged Cardiomediastinum'],[],[],normal,normal,0.0,0.020189651799465542,0.004261094784666207,0.05555555555555555,0.020491803278688523,2,1,0,0.0,0.0,False,2,0,0.0,1.0,0.0,1.0,0.0,0.0,1.0,0.0,1.0,0.0,0.0,1.0,0.0,1.0,0.0,0.0,0.0,0.0,0.0,0.0,0.0,0.0,0.0,0.0,0.0,0.0,1.0
1466,case_b0f6645bad,G1B_llm_sham_retrieval,True,23,True,normal,[],[],[],[],normal,normal,0.0,0.4579375999733125,0.07195661916607139,0.40816326530612246,0.3977518374405534,4,1,1,1.0,0.3125,True,4,1,0.0,0.0,0.0,0.0,0.0,0.0,0.0,0.0,0.0,0.0,0.0,0.0,0.0,0.0,0.0,0.0,0.0,0.0,0.0,0.0,0.0,0.0,0.0,0.0,0.0,0.0,0.0
1466,case_b0f6645bad,G1_single_agent_rag,True,21,True,normal,[],[],[],[],normal,normal,0.0,0.487888531461383,0.031992181468504834,0.3829787234042554,0.3093166260587074,4,1,0,0.0,0.0,False,4,1,0.0,0.0,0.0,0.0,0.0,0.0,0.0,0.0,0.0,0.0,0.0,0.0,0.0,0.0,0.0,0.0,0.0,0.0,0.0,0.0,0.0,0.0,0.0,0.0,0.0,0.0,0.0
1469,case_040650f6ad,B0_rule_based,True,12,True,indeterminate,[],[],[],[],indeterminate,normal,0.0,0.0930058576283412,0.011303552115363099,0.12903225806451615,0.0546448087431694,2,1,0,0.0,0.0,False,2,2,0.0,0.0,0.0,0.0,0.0,0.0,0.0,0.0,0.0,0.0,0.0,0.0,0.0,0.0,0.0,0.0,0.0,0.0,0.0,0.0,0.0,0.0,0.0,0.0,0.0,0.0,0.0
1469,case_040650f6ad,G1A_llm_no_retrieval,True,15,True,normal,[],[],[],[],indeterminate,normal,0.0,0.15318566767292974,0.013323934178453772,0.17647058823529413,0.08064516129032258,2,1,0,0.0,0.0,False,2,1,0.0,0.0,0.0,0.0,0.0,0.0,0.0,0.0,0.0,0.0,0.0,0.0,0.0,0.0,0.0,0.0,0.0,0.0,0.0,0.0,0.0,0.0,0.0,0.0,0.0,0.0,0.0
1469,case_040650f6ad,G1B_llm_sham_retrieval,True,25,True,normal,[],[],[],[],indeterminate,normal,0.0,0.44,0.15980518115118317,0.3636363636363636,0.45328048574801816,5,0,0,0.0,0.0,False,5,1,0.0,0.0,0.0,0.0,0.0,0.0,0.0,0.0,0.0,0.0,0.0,0.0,0.0,0.0,0.0,0.0,0.0,0.0,0.0,0.0,0.0,0.0,0.0,0.0,0.0,0.0,0.0
1469,case_040650f6ad,G1_single_agent_rag,True,25,True,normal,[],[],[],[],indeterminate,normal,0.0,0.44,0.15980518115118317,0.3636363636363636,0.45328048574801816,5,0,0,0.0,0.0,False,5,1,0.0,0.0,0.0,0.0,0.0,0.0,0.0,0.0,0.0,0.0,0.0,0.0,0.0,0.0,0.0,0.0,0.0,0.0,0.0,0.0,0.0,0.0,0.0,0.0,0.0,0.0,0.0
1473,case_c96be8dbf4,B0_rule_based,True,10,True,normal,[],[],[],[],normal,normal,0.0,0.06350256730258876,0.012961057371434727,0.2727272727272727,0.18115474037716348,2,1,0,0.0,0.0,False,2,0,0.0,0.0,0.0,0.0,0.0,0.0,0.0,0.0,0.0,0.0,0.0,0.0,0.0,0.0,0.0,0.0,0.0,0.0,0.0,0.0,0.0,0.0,0.0,0.0,0.0,0.0,0.0
1473,case_c96be8dbf4,G1A_llm_no_retrieval,True,22,True,normal,[],[],[],[],normal,normal,0.0,0.39516700826237006,0.15243178287174047,0.46428571428571425,0.3895663956639567,4,1,0,0.0,0.0,False,4,1,0.0,0.0,0.0,0.0,0.0,0.0,0.0,0.0,0.0,0.0,0.0,0.0,0.0,0.0,0.0,0.0,0.0,0.0,0.0,0.0,0.0,0.0,0.0,0.0,0.0,0.0,0.0
1473,case_c96be8dbf4,G1B_llm_sham_retrieval,True,21,True,normal,[],[],[],[],normal,normal,0.0,0.4102529597513738,0.12724821221656304,0.3636363636363637,0.3860856269113149,4,2,1,0.5,0.0,False,4,1,0.0,0.0,0.0,0.0,0.0,0.0,0.0,0.0,0.0,0.0,0.0,0.0,0.0,0.0,0.0,0.0,0.0,0.0,0.0,0.0,0.0,0.0,0.0,0.0,0.0,0.0,0.0
1473,case_c96be8dbf4,G1_single_agent_rag,True,21,True,normal,[],[],[],[],normal,normal,0.0,0.3076897198135304,0.019359092561749947,0.2545454545454545,0.2256413523615359,4,1,0,0.0,0.0,False,4,1,0.0,0.0,0.0,0.0,0.0,0.0,0.0,0.0,0.0,0.0,0.0,0.0,0.0,0.0,0.0,0.0,0.0,0.0,0.0,0.0,0.0,0.0,0.0,0.0,0.0,0.0,0.0
1487,case_e7dbd6413c,B0_rule_based,False,10,True,normal,[],[],[],,normal,,0.0,0.033287108369807965,0.007025357607948558,0.06451612903225806,0.02512562814070352,2,1,0,0.0,0.0,False,2,0,,,,,,,,,,,,,,,,,,,,,,,,,,,
1487,case_e7dbd6413c,G1A_llm_no_retrieval,False,22,True,normal,[],[],[],,normal,,0.0,0.3181818181818182,0.029883097780540872,0.2790697674418604,0.27130283392978044,4,1,0,0.0,0.0,False,4,1,,,,,,,,,,,,,,,,,,,,,,,,,,,
1487,case_e7dbd6413c,G1B_llm_sham_retrieval,False,18,True,normal,[],[],[],,normal,,0.0,0.32918733745746104,0.06189979959806367,0.30769230769230765,0.2765454007690032,4,0,0,0.0,0.09090909090909091,False,4,1,,,,,,,,,,,,,,,,,,,,,,,,,,,
1487,case_e7dbd6413c,G1_single_agent_rag,False,21,True,normal,[],[],[],,normal,,0.0,0.42857142857142855,0.03702730401700487,0.3333333333333333,0.278071722516167,4,1,0,0.0,0.0,False,4,1,,,,,,,,,,,,,,,,,,,,,,,,,,,
1491,case_f66dd47bfd,B0_rule_based,False,10,True,normal,[],[],[],,normal,,0.0,0.055401579181166935,0.030776896169584133,0.23809523809523808,0.14966442953020134,2,1,0,0.0,0.0,False,2,0,,,,,,,,,,,,,,,,,,,,,,,,,,,
1491,case_f66dd47bfd,G1A_llm_no_retrieval,False,22,True,normal,[],[],[],,normal,,0.0,0.31736820947014094,0.04491073817456057,0.3333333333333333,0.3091175686483605,4,1,0,0.0,0.0,False,4,1,,,,,,,,,,,,,,,,,,,,,,,,,,,
1491,case_f66dd47bfd,G1B_llm_sham_retrieval,False,24,True,normal,[],[],[],,normal,,0.0,0.4179765978347104,0.13203125213259756,0.39285714285714285,0.3891123757195186,4,3,0,0.0,0.0,False,4,1,,,,,,,,,,,,,,,,,,,,,,,,,,,
1491,case_f66dd47bfd,G1_single_agent_rag,False,21,True,normal,[],[],[],,normal,,0.0,0.2538257212696684,0.019815803701250172,0.3018867924528302,0.18898078229254067,4,1,0,0.0,0.0,False,4,1,,,,,,,,,,,,,,,,,,,,,,,,,,,
1502,case_2c35e76a8f,B0_rule_based,True,10,True,normal,[],[],[],[],normal,normal,0.0,0.08075860719786215,0.010716086058573793,0.16666666666666669,0.08196721311475409,2,1,0,0.0,0.0,False,2,0,0.0,0.0,0.0,0.0,0.0,0.0,0.0,0.0,0.0,0.0,0.0,0.0,0.0,0.0,0.0,0.0,0.0,0.0,0.0,0.0,0.0,0.0,0.0,0.0,0.0,0.0,0.0
1502,case_2c35e76a8f,G1A_llm_no_retrieval,True,22,True,normal,[],[],[],[],normal,normal,0.0,0.4547743189500984,0.06374832623269343,0.33333333333333337,0.3993055555555555,4,1,0,0.0,0.0,False,4,1,0.0,0.0,0.0,0.0,0.0,0.0,0.0,0.0,0.0,0.0,0.0,0.0,0.0,0.0,0.0,0.0,0.0,0.0,0.0,0.0,0.0,0.0,0.0,0.0,0.0,0.0,0.0
1502,case_2c35e76a8f,G1B_llm_sham_retrieval,True,23,True,normal,[],[],[],[],normal,normal,0.0,0.4960990666377552,0.18166409247151005,0.36734693877551017,0.3907167361223033,4,3,0,0.0,0.0,False,4,0,0.0,0.0,0.0,0.0,0.0,0.0,0.0,0.0,0.0,0.0,0.0,0.0,0.0,0.0,0.0,0.0,0.0,0.0,0.0,0.0,0.0,0.0,0.0,0.0,0.0,0.0,0.0
1502,case_2c35e76a8f,G1_single_agent_rag,True,21,True,normal,[],[],[],[],normal,normal,0.0,0.562948305532365,0.154110605396738,0.5106382978723405,0.47224400871459693,4,1,0,0.0,0.0,False,4,1,0.0,0.0,0.0,0.0,0.0,0.0,0.0,0.0,0.0,0.0,0.0,0.0,0.0,0.0,0.0,0.0,0.0,0.0,0.0,0.0,0.0,0.0,0.0,0.0,0.0,0.0,0.0
1503,case_9202c3e6cf,B0_rule_based,True,10,True,normal,[],[],[],[],normal,normal,0.0,0.010929488978917028,0.0014502645419250013,0.14285714285714285,0.04716981132075471,2,1,0,0.0,0.0,False,2,0,0.0,0.0,0.0,0.0,0.0,0.0,0.0,0.0,0.0,0.0,0.0,0.0,0.0,0.0,0.0,0.0,0.0,0.0,0.0,0.0,0.0,0.0,0.0,0.0,0.0,0.0,0.0
1503,case_9202c3e6cf,G1A_llm_no_retrieval,True,22,True,normal,[],[],[],[],normal,normal,0.0,0.13741812868874825,0.008988318141610817,0.1764705882352941,0.13393362781741988,4,1,0,0.0,0.0,False,4,1,0.0,0.0,0.0,0.0,0.0,0.0,0.0,0.0,0.0,0.0,0.0,0.0,0.0,0.0,0.0,0.0,0.0,0.0,0.0,0.0,0.0,0.0,0.0,0.0,0.0,0.0,0.0
1503,case_9202c3e6cf,G1B_llm_sham_retrieval,True,25,True,normal,[],[],[],[],normal,normal,0.0,0.17268420937163187,0.012299138505813859,0.1971830985915493,0.16947608200455577,5,1,0,0.0,0.0,False,5,1,0.0,0.0,0.0,0.0,0.0,0.0,0.0,0.0,0.0,0.0,0.0,0.0,0.0,0.0,0.0,0.0,0.0,0.0,0.0,0.0,0.0,0.0,0.0,0.0,0.0,0.0,0.0
1503,case_9202c3e6cf,G1_single_agent_rag,True,21,True,normal,[],[],[],[],normal,normal,0.0,0.1447983006118254,0.020556265779656545,0.2388059701492537,0.1460919540229885,4,1,0,0.0,0.0,False,4,1,0.0,0.0,0.0,0.0,0.0,0.0,0.0,0.0,0.0,0.0,0.0,0.0,0.0,0.0,0.0,0.0,0.0,0.0,0.0,0.0,0.0,0.0,0.0,0.0,0.0,0.0,0.0
1510,case_7e5e658a18,B0_rule_based,True,10,True,normal,[],[],[],[],normal,normal,0.0,0.1461468192421877,0.061324884672997106,0.37837837837837834,0.15810276679841895,2,1,0,0.0,0.0,False,2,0,0.0,0.0,0.0,0.0,0.0,0.0,0.0,0.0,0.0,0.0,0.0,0.0,0.0,0.0,0.0,0.0,0.0,0.0,0.0,0.0,0.0,0.0,0.0,0.0,0.0,0.0,0.0
1510,case_7e5e658a18,G1A_llm_no_retrieval,True,22,True,normal,[],[],[],[],normal,normal,0.0,0.3621379408606643,0.055043407764743264,0.32653061224489793,0.31264150943396224,4,1,0,0.0,0.0,False,4,1,0.0,0.0,0.0,0.0,0.0,0.0,0.0,0.0,0.0,0.0,0.0,0.0,0.0,0.0,0.0,0.0,0.0,0.0,0.0,0.0,0.0,0.0,0.0,0.0,0.0,0.0,0.0
1510,case_7e5e658a18,G1B_llm_sham_retrieval,True,20,True,normal,[],[],[],[],normal,normal,0.0,0.4932816628030993,0.33011684234146027,0.5957446808510639,0.5113680453169861,4,1,1,1.0,0.6923076923076923,True,4,1,0.0,0.0,0.0,0.0,0.0,0.0,0.0,0.0,0.0,0.0,0.0,0.0,0.0,0.0,0.0,0.0,0.0,0.0,0.0,0.0,0.0,0.0,0.0,0.0,0.0,0.0,0.0
1510,case_7e5e658a18,G1_single_agent_rag,True,21,True,normal,[],[],[],[],normal,normal,0.0,0.4294155960430205,0.05713566974397378,0.4166666666666667,0.32302188552188554,4,1,0,0.0,0.0,False,4,1,0.0,0.0,0.0,0.0,0.0,0.0,0.0,0.0,0.0,0.0,0.0,0.0,0.0,0.0,0.0,0.0,0.0,0.0,0.0,0.0,0.0,0.0,0.0,0.0,0.0,0.0,0.0
1518,case_0f269b8d14,B0_rule_based,True,13,True,abnormal,"['Cardiomegaly', 'Enlarged Cardiomediastinum']","['Cardiomegaly', 'Enlarged Cardiomediastinum']","['Cardiomegaly', 'Enlarged Cardiomediastinum']",[],abnormal,normal,0.0,0.14257519053266932,0.038288689094339676,0.2222222222222222,0.17045454545454544,3,0,0,0.0,0.0,False,3,0,0.0,2.0,0.0,1.0,0.0,0.0,2.0,0.0,1.0,0.0,0.0,2.0,0.0,1.0,0.0,2.0,2.0,0.0,0.0,2.0,2.0,0.0,0.0,1.0,0.0,1.0,0.0
1518,case_0f269b8d14,G1A_llm_no_retrieval,True,17,True,abnormal,"['Cardiomegaly', 'Enlarged Cardiomediastinum']","['Cardiomegaly', 'Enlarged Cardiomediastinum']","['Cardiomegaly', 'Enlarged Cardiomediastinum']",[],abnormal,normal,0.0,0.16532200533246952,0.02032532706454901,0.19999999999999998,0.14090401785714285,3,1,0,0.0,0.0,False,3,0,0.0,2.0,0.0,1.0,0.0,0.0,2.0,0.0,1.0,0.0,0.0,2.0,0.0,1.0,0.0,2.0,2.0,0.0,0.0,2.0,2.0,0.0,0.0,1.0,0.0,1.0,0.0
1518,case_0f269b8d14,G1B_llm_sham_retrieval,True,24,True,normal,[],[],"['Cardiomegaly', 'Enlarged Cardiomediastinum']",[],abnormal,normal,0.0,0.5833333333333334,0.2108445456905127,0.3829787234042554,0.49562682215743437,4,3,0,0.0,0.0,False,4,1,0.0,0.0,0.0,0.0,0.0,0.0,0.0,0.0,0.0,0.0,0.0,0.0,0.0,0.0,0.0,2.0,0.0,0.0,0.0,2.0,0.0,0.0,0.0,0.0,0.0,0.0,0.0
1518,case_0f269b8d14,G1_single_agent_rag,True,44,True,abnormal,"['Atelectasis', 'Cardiomegaly', 'Lung Opacity', 'Support Devices']","['Atelectasis', 'Cardiomegaly', 'Lung Opacity', 'Support Devices']","['Cardiomegaly', 'Enlarged Cardiomediastinum']",[],abnormal,normal,0.0,0.25,0.016120076571734802,0.11940298507462685,0.3182312074017978,6,4,3,0.75,0.7027027027027027,False,6,1,0.0,4.0,0.0,1.0,0.0,0.0,4.0,0.0,1.0,0.0,0.0,4.0,0.0,1.0,0.0,2.0,1.0,0.0,0.0,2.0,1.0,0.0,0.0,0.0,3.0,1.0,0.0
1529,case_6f78b35feb,B0_rule_based,True,4,True,abnormal,['Atelectasis'],['Atelectasis'],['Atelectasis'],['Support Devices'],abnormal,abnormal,0.0,2.191062054860909e-08,7.04144609018608e-09,0.0273972602739726,0.008,2,0,0,0.0,0.0,False,2,0,0.0,1.0,1.0,1.0,1.0,0.0,1.0,1.0,1.0,1.0,0.0,1.0,1.0,1.0,1.0,1.0,1.0,0.0,0.0,1.0,1.0,0.0,0.0,0.0,0.0,1.0,0.0
1529,case_6f78b35feb,G1A_llm_no_retrieval,True,19,True,normal,[],[],['Atelectasis'],['Support Devices'],abnormal,abnormal,0.0,0.05681427153293918,0.021003756517090414,0.24999999999999997,0.1996527777777778,4,0,0,0.0,0.0,False,4,1,0.0,0.0,1.0,0.0,1.0,0.0,0.0,1.0,0.0,1.0,0.0,0.0,1.0,0.0,1.0,1.0,0.0,0.0,0.0,1.0,0.0,0.0,0.0,0.0,0.0,0.0,0.0
1529,case_6f78b35feb,G1B_llm_sham_retrieval,True,44,True,abnormal,['Fracture'],['Fracture'],['Atelectasis'],['Support Devices'],abnormal,abnormal,0.0,0.21889609626183898,0.022769732748913998,0.21238938053097345,0.21068241538101307,6,3,3,1.0,1.0,True,6,1,0.0,1.0,1.0,1.0,1.0,0.0,1.0,1.0,1.0,1.0,0.0,1.0,1.0,1.0,1.0,1.0,0.0,0.0,0.0,1.0,0.0,0.0,0.0,0.0,0.0,0.0,1.0
1529,case_6f78b35feb,G1_single_agent_rag,True,8,True,abnormal,['Atelectasis'],['Atelectasis'],['Atelectasis'],['Support Devices'],abnormal,abnormal,0.0,0.00018303571632128062,3.172908650454124e-05,0.051948051948051945,0.023847376788553257,2,1,0,0.0,0.0,False,2,0,0.0,1.0,1.0,1.0,1.0,0.0,1.0,1.0,1.0,1.0,0.0,1.0,1.0,1.0,1.0,1.0,1.0,0.0,0.0,1.0,1.0,0.0,0.0,0.0,0.0,1.0,0.0
1531,case_83cc0e739a,B0_rule_based,False,10,True,normal,[],[],[],,normal,,0.0,0.014936120510359183,0.0024591738602780995,0.12,0.040540540540540536,2,1,0,0.0,0.0,False,2,0,,,,,,,,,,,,,,,,,,,,,,,,,,,
1531,case_83cc0e739a,G1A_llm_no_retrieval,False,10,True,abnormal,['Enlarged Cardiomediastinum'],['Enlarged Cardiomediastinum'],[],,normal,,0.0,0.0004978706836786396,0.0005908931020818045,0.0,0.0,2,1,0,0.0,0.0,False,2,0,,,,,,,,,,,,,,,,,,,,,,,,,,,
1531,case_83cc0e739a,G1B_llm_sham_retrieval,False,9,True,normal,[],[],[],,normal,,0.0,0.010640830611631898,0.00179156121323269,0.12244897959183673,0.04065040650406504,2,0,0,0.0,0.0,False,2,0,,,,,,,,,,,,,,,,,,,,,,,,,,,
1531,case_83cc0e739a,G1_single_agent_rag,False,21,True,normal,[],[],[],,normal,,0.0,0.15414789183504332,0.013145528282089569,0.1967213114754098,0.13964074803149606,4,1,0,0.0,0.0,False,4,1,,,,,,,,,,,,,,,,,,,,,,,,,,,
1537,case_d940e9c3d1,B0_rule_based,True,10,True,normal,[],[],[],[],normal,normal,0.0,0.03851625403948506,0.007861278678069595,0.2448979591836735,0.15857312454067496,2,1,0,0.0,0.0,False,2,0,0.0,0.0,0.0,0.0,0.0,0.0,0.0,0.0,0.0,0.0,0.0,0.0,0.0,0.0,0.0,0.0,0.0,0.0,0.0,0.0,0.0,0.0,0.0,0.0,0.0,0.0,0.0
1537,case_d940e9c3d1,G1A_llm_no_retrieval,True,10,True,abnormal,['Enlarged Cardiomediastinum'],['Enlarged Cardiomediastinum'],[],[],normal,normal,0.0,0.01650696601692217,0.0027178074328711816,0.12244897959183675,0.07079101261926747,2,1,0,0.0,0.0,False,2,0,0.0,1.0,0.0,1.0,0.0,0.0,1.0,0.0,1.0,0.0,0.0,1.0,0.0,1.0,0.0,0.0,0.0,0.0,0.0,0.0,0.0,0.0,0.0,0.0,0.0,0.0,1.0
1537,case_d940e9c3d1,G1B_llm_sham_retrieval,True,20,True,normal,[],[],[],[],normal,normal,0.0,0.2513816652454258,0.09458392214022715,0.3389830508474576,0.30957431537983054,4,1,0,0.0,0.0,False,4,1,0.0,0.0,0.0,0.0,0.0,0.0,0.0,0.0,0.0,0.0,0.0,0.0,0.0,0.0,0.0,0.0,0.0,0.0,0.0,0.0,0.0,0.0,0.0,0.0,0.0,0.0,0.0
1537,case_d940e9c3d1,G1_single_agent_rag,True,21,True,normal,[],[],[],[],normal,normal,0.0,0.2424987689582571,0.01525743569599388,0.23333333333333334,0.19834602747909205,4,1,0,0.0,0.0,False,4,1,0.0,0.0,0.0,0.0,0.0,0.0,0.0,0.0,0.0,0.0,0.0,0.0,0.0,0.0,0.0,0.0,0.0,0.0,0.0,0.0,0.0,0.0,0.0,0.0,0.0,0.0,0.0
1545,case_c1916cd558,B0_rule_based,True,4,True,abnormal,['Fracture'],['Fracture'],['Fracture'],[],abnormal,normal,0.0,0.0002777249134560577,0.0005019055765025291,0.0,0.0,2,0,0,0.0,0.0,False,2,0,0.0,1.0,0.0,1.0,0.0,0.0,1.0,0.0,1.0,0.0,0.0,1.0,0.0,1.0,0.0,1.0,1.0,0.0,0.0,1.0,1.0,0.0,0.0,0.0,0.0,1.0,0.0
1545,case_c1916cd558,G1A_llm_no_retrieval,True,5,True,abnormal,['Fracture'],['Fracture'],['Fracture'],[],abnormal,normal,0.0,0.0006674653992065214,0.0010083317678747487,0.0,0.0,2,0,0,0.0,0.0,False,2,0,0.0,1.0,0.0,1.0,0.0,0.0,1.0,0.0,1.0,0.0,0.0,1.0,0.0,1.0,0.0,1.0,1.0,0.0,0.0,1.0,1.0,0.0,0.0,0.0,0.0,1.0,0.0
1545,case_c1916cd558,G1B_llm_sham_retrieval,True,19,True,normal,[],[],['Fracture'],[],abnormal,normal,0.0,0.26966515756532683,0.11977165750310859,0.2926829268292683,0.13824884792626727,4,1,0,0.0,0.0,False,4,1,0.0,0.0,0.0,0.0,0.0,0.0,0.0,0.0,0.0,0.0,0.0,0.0,0.0,0.0,0.0,1.0,0.0,0.0,0.0,1.0,0.0,0.0,0.0,0.0,0.0,0.0,0.0
1545,case_c1916cd558,G1_single_agent_rag,True,33,True,normal,[],[],['Fracture'],[],abnormal,normal,0.0,0.36363636363636365,0.05591535564944225,0.2545454545454546,0.36916786916786914,4,2,2,1.0,0.6538461538461539,True,4,0,0.0,0.0,0.0,0.0,0.0,0.0,0.0,0.0,0.0,0.0,0.0,0.0,0.0,0.0,0.0,1.0,0.0,0.0,0.0,1.0,0.0,0.0,0.0,0.0,0.0,0.0,0.0
1546,case_b833cfd36e,B0_rule_based,False,10,True,normal,[],[],[],,normal,,0.0,0.033287108369807965,0.007025357607948558,0.06451612903225806,0.02512562814070352,2,1,0,0.0,0.0,False,2,0,,,,,,,,,,,,,,,,,,,,,,,,,,,
1546,case_b833cfd36e,G1A_llm_no_retrieval,False,10,True,abnormal,['Enlarged Cardiomediastinum'],['Enlarged Cardiomediastinum'],[],,normal,,0.0,0.033287108369807965,0.007025357607948558,0.06451612903225806,0.02512562814070352,2,1,0,0.0,0.0,False,2,0,,,,,,,,,,,,,,,,,,,,,,,,,,,
1546,case_b833cfd36e,G1B_llm_sham_retrieval,False,30,True,normal,[],[],[],,normal,,0.0,0.26666666666666666,0.04370614964591188,0.27450980392156865,0.24293664383561642,5,2,0,0.0,0.08695652173913043,False,5,0,,,,,,,,,,,,,,,,,,,,,,,,,,,
1546,case_b833cfd36e,G1_single_agent_rag,False,20,True,normal,[],[],[],,normal,,0.0,0.42805324102532133,0.03713213845732851,0.3414634146341463,0.27940220922677067,4,1,0,0.0,0.0,False,4,1,,,,,,,,,,,,,,,,,,,,,,,,,,,
1547,case_bd02ee8b71,B0_rule_based,False,10,True,normal,[],[],[],,normal,,0.0,0.06648189501740032,0.03221218101250904,0.23809523809523808,0.17151379567486946,2,1,0,0.0,0.0,False,2,0,,,,,,,,,,,,,,,,,,,,,,,,,,,
1547,case_bd02ee8b71,G1A_llm_no_retrieval,False,10,True,abnormal,['Enlarged Cardiomediastinum'],['Enlarged Cardiomediastinum'],[],,normal,,0.0,0.03324094750870016,0.0054729920763277266,0.14285714285714285,0.08575689783743473,2,1,0,0.0,0.0,False,2,0,,,,,,,,,,,,,,,,,,,,,,,,,,,
1547,case_bd02ee8b71,G1B_llm_sham_retrieval,False,19,True,normal,[],[],[],,normal,,0.0,0.39828027843056935,0.12169704413026912,0.4313725490196078,0.4162142598624684,3,1,0,0.0,0.16666666666666666,False,3,0,,,,,,,,,,,,,,,,,,,,,,,,,,,
1547,case_bd02ee8b71,G1_single_agent_rag,False,21,True,normal,[],[],[],,normal,,0.0,0.2820285791885204,0.017107776390909976,0.3018867924528302,0.16181229773462785,4,1,0,0.0,0.0,False,4,1,,,,,,,,,,,,,,,,,,,,,,,,,,,
1556,case_703cc74881,B0_rule_based,True,21,True,abnormal,"['Atelectasis', 'Consolidation', 'Lung Opacity', 'Pleural Effusion']","['Atelectasis', 'Consolidation', 'Lung Opacity', 'Pleural Effusion']","['Atelectasis', 'Consolidation', 'Lung Opacity', 'Pleural Effusion']",['Lung Opacity'],abnormal,abnormal,0.0,0.024531067317427505,0.0020643149074364418,0.050632911392405056,0.027624309392265192,5,1,0,0.0,0.0,False,5,0,1.0,3.0,0.0,1.0,0.0,1.0,3.0,0.0,1.0,0.0,1.0,3.0,0.0,1.0,0.0,3.0,3.0,1.0,1.0,3.0,3.0,1.0,1.0,1.0,0.0,3.0,0.0
1556,case_703cc74881,G1A_llm_no_retrieval,True,22,True,normal,[],[],"['Atelectasis', 'Consolidation', 'Lung Opacity', 'Pleural Effusion']",['Lung Opacity'],abnormal,abnormal,0.0,0.12389154166550649,0.030941004927309956,0.2,0.15432735594237693,5,0,0,0.0,0.0,False,5,2,0.0,0.0,1.0,0.0,1.0,0.0,0.0,1.0,0.0,1.0,0.0,0.0,1.0,0.0,1.0,3.0,0.0,1.0,0.0,3.0,0.0,1.0,0.0,0.0,0.0,0.0,0.0
1556,case_703cc74881,G1B_llm_sham_retrieval,True,8,True,abnormal,['Lung Opacity'],['Lung Opacity'],"['Atelectasis', 'Consolidation', 'Lung Opacity', 'Pleural Effusion']",['Lung Opacity'],abnormal,abnormal,0.5,0.000723920301085391,7.056875919791355e-05,0.09090909090909091,0.028301886792452827,2,0,0,0.0,0.0,False,2,0,1.0,0.0,0.0,0.0,0.0,1.0,0.0,0.0,0.0,0.0,1.0,0.0,0.0,0.0,0.0,3.0,0.0,1.0,1.0,3.0,0.0,1.0,1.0,0.0,0.0,1.0,0.0
1556,case_703cc74881,G1_single_agent_rag,True,12,True,abnormal,['Lung Opacity'],['Lung Opacity'],"['Atelectasis', 'Consolidation', 'Lung Opacity', 'Pleural Effusion']",['Lung Opacity'],abnormal,abnormal,0.0,0.01081868535974655,0.0012198198249476762,0.1142857142857143,0.07984810653349979,2,1,0,0.0,0.0,False,2,0,1.0,0.0,0.0,0.0,0.0,1.0,0.0,0.0,0.0,0.0,1.0,0.0,0.0,0.0,0.0,3.0,0.0,1.0,1.0,3.0,0.0,1.0,1.0,0.0,0.0,1.0,0.0
1558,case_0341c938d3,B0_rule_based,False,10,True,normal,[],[],[],,normal,,0.0,0.030405031312608986,0.01689071874072545,0.20833333333333334,0.13749999999999998,2,1,0,0.0,0.0,False,2,0,,,,,,,,,,,,,,,,,,,,,,,,,,,
1558,case_0341c938d3,G1A_llm_no_retrieval,False,10,True,abnormal,['Enlarged Cardiomediastinum'],['Enlarged Cardiomediastinum'],[],,normal,,0.0,0.012162012525043595,0.00271409669053997,0.08333333333333333,0.053267045454545456,2,1,0,0.0,0.0,False,2,0,,,,,,,,,,,,,,,,,,,,,,,,,,,
1558,case_0341c938d3,G1B_llm_sham_retrieval,False,12,True,normal,[],[],[],,normal,,0.0,0.09546570332723978,0.03840142382223715,0.39999999999999997,0.2648305084745763,3,0,0,0.0,0.0,False,3,1,,,,,,,,,,,,,,,,,,,,,,,,,,,
1558,case_0341c938d3,G1_single_agent_rag,False,21,True,normal,[],[],[],,normal,,0.0,0.31790710988768744,0.03578056878486039,0.30508474576271183,0.3317416590143863,4,1,0,0.0,0.0,False,4,1,,,,,,,,,,,,,,,,,,,,,,,,,,,
1567,case_d21565dc63,B0_rule_based,True,10,True,normal,[],[],[],['Lung Opacity'],normal,abnormal,0.0,0.09986132510942386,0.0164417768450318,0.19354838709677416,0.12841987716359574,2,1,0,0.0,0.0,False,2,0,0.0,0.0,1.0,0.0,1.0,0.0,0.0,1.0,0.0,1.0,0.0,0.0,1.0,0.0,1.0,0.0,0.0,0.0,0.0,0.0,0.0,0.0,0.0,0.0,0.0,0.0,0.0
1567,case_d21565dc63,G1A_llm_no_retrieval,True,10,True,abnormal,['Enlarged Cardiomediastinum'],['Enlarged Cardiomediastinum'],[],['Lung Opacity'],normal,abnormal,0.0,0.033287108369807965,0.007025357607948558,0.06451612903225806,0.02512562814070352,2,1,0,0.0,0.0,False,2,0,0.0,1.0,1.0,1.0,1.0,0.0,1.0,1.0,1.0,1.0,0.0,1.0,1.0,1.0,1.0,0.0,0.0,0.0,0.0,0.0,0.0,0.0,0.0,0.0,0.0,0.0,1.0
1567,case_d21565dc63,G1B_llm_sham_retrieval,True,31,True,normal,[],[],[],['Lung Opacity'],normal,abnormal,0.0,0.25806451612903225,0.021454591565574624,0.23076923076923075,0.24183238636363633,5,2,2,1.0,0.875,True,5,0,0.0,0.0,1.0,0.0,1.0,0.0,0.0,1.0,0.0,1.0,0.0,0.0,1.0,0.0,1.0,0.0,0.0,0.0,0.0,0.0,0.0,0.0,0.0,0.0,0.0,0.0,0.0
1567,case_d21565dc63,G1_single_agent_rag,True,21,True,normal,[],[],[],['Lung Opacity'],normal,abnormal,0.0,0.6190476190476191,0.04612214428270826,0.38095238095238093,0.4781628627782474,4,1,0,0.0,0.0,False,4,1,0.0,0.0,1.0,0.0,1.0,0.0,0.0,1.0,0.0,1.0,0.0,0.0,1.0,0.0,1.0,0.0,0.0,0.0,0.0,0.0,0.0,0.0,0.0,0.0,0.0,0.0,0.0
1581,case_65d6c809ca,B0_rule_based,True,10,True,normal,[],[],[],['Lung Lesion'],normal,abnormal,0.0,0.0055023220056407245,0.0011612838019529614,0.04081632653061225,0.013850415512465372,2,1,0,0.0,0.0,False,2,0,0.0,0.0,1.0,0.0,1.0,0.0,0.0,1.0,0.0,1.0,0.0,0.0,1.0,0.0,1.0,0.0,0.0,0.0,0.0,0.0,0.0,0.0,0.0,0.0,0.0,0.0,0.0
1581,case_65d6c809ca,G1A_llm_no_retrieval,True,10,True,abnormal,['Enlarged Cardiomediastinum'],['Enlarged Cardiomediastinum'],[],['Lung Lesion'],normal,abnormal,0.0,0.011004644011281447,0.0013810069598198724,0.04081632653061225,0.027700831024930744,2,1,0,0.0,0.0,False,2,0,0.0,1.0,1.0,1.0,1.0,0.0,1.0,1.0,1.0,1.0,0.0,1.0,1.0,1.0,1.0,0.0,0.0,0.0,0.0,0.0,0.0,0.0,0.0,0.0,0.0,0.0,1.0
1581,case_65d6c809ca,G1B_llm_sham_retrieval,True,30,True,normal,[],[],[],['Lung Lesion'],normal,abnormal,0.0,0.34571516965146837,0.08462640636210136,0.2898550724637681,0.30049815201671215,5,2,2,1.0,0.8260869565217391,True,5,0,0.0,0.0,1.0,0.0,1.0,0.0,0.0,1.0,0.0,1.0,0.0,0.0,1.0,0.0,1.0,0.0,0.0,0.0,0.0,0.0,0.0,0.0,0.0,0.0,0.0,0.0,0.0
1581,case_65d6c809ca,G1_single_agent_rag,True,21,True,normal,[],[],[],['Lung Lesion'],normal,abnormal,0.0,0.12124938447912854,0.006066896002534737,0.13333333333333333,0.08064516129032259,4,1,0,0.0,0.0,False,4,1,0.0,0.0,1.0,0.0,1.0,0.0,0.0,1.0,0.0,1.0,0.0,0.0,1.0,0.0,1.0,0.0,0.0,0.0,0.0,0.0,0.0,0.0,0.0,0.0,0.0,0.0,0.0
1582,case_1e79ee7be8,B0_rule_based,True,10,True,normal,[],[],[],[],normal,normal,0.0,0.07408182206817181,0.015635220893785457,0.08695652173913043,0.03937007874015748,2,1,0,0.0,0.0,False,2,0,0.0,0.0,0.0,0.0,0.0,0.0,0.0,0.0,0.0,0.0,0.0,0.0,0.0,0.0,0.0,0.0,0.0,0.0,0.0,0.0,0.0,0.0,0.0,0.0,0.0,0.0,0.0
1582,case_1e79ee7be8,G1A_llm_no_retrieval,True,10,True,abnormal,['Enlarged Cardiomediastinum'],['Enlarged Cardiomediastinum'],[],[],normal,normal,0.0,0.007408182206817182,0.008792330837055148,0.0,0.0,2,1,0,0.0,0.0,False,2,0,0.0,1.0,0.0,1.0,0.0,0.0,1.0,0.0,1.0,0.0,0.0,1.0,0.0,1.0,0.0,0.0,0.0,0.0,0.0,0.0,0.0,0.0,0.0,0.0,0.0,0.0,1.0
1582,case_1e79ee7be8,G1B_llm_sham_retrieval,True,12,True,normal,[],[],[],[],normal,normal,0.0,0.23001110365733082,0.02062457446156057,0.16,0.11627906976744186,2,1,0,0.0,0.0,False,2,0,0.0,0.0,0.0,0.0,0.0,0.0,0.0,0.0,0.0,0.0,0.0,0.0,0.0,0.0,0.0,0.0,0.0,0.0,0.0,0.0,0.0,0.0,0.0,0.0,0.0,0.0,0.0
1582,case_1e79ee7be8,G1_single_agent_rag,True,21,True,normal,[],[],[],[],normal,normal,0.0,0.3333333333333333,0.031420504922717064,0.35294117647058826,0.3475303164744158,4,1,0,0.0,0.0,False,4,1,0.0,0.0,0.0,0.0,0.0,0.0,0.0,0.0,0.0,0.0,0.0,0.0,0.0,0.0,0.0,0.0,0.0,0.0,0.0,0.0,0.0,0.0,0.0,0.0,0.0,0.0,0.0
1584,case_8f7e37a89c,B0_rule_based,False,10,True,normal,[],[],[],,normal,,0.0,0.07397908918248194,0.02575834192178685,0.17647058823529413,0.1302851524090462,2,1,0,0.0,0.0,False,2,0,,,,,,,,,,,,,,,,,,,,,,,,,,,
1584,case_8f7e37a89c,G1A_llm_no_retrieval,False,10,True,abnormal,['Enlarged Cardiomediastinum'],['Enlarged Cardiomediastinum'],[],,normal,,0.0,0.024659696394160654,0.005204512922773221,0.058823529411764705,0.02212389380530973,2,1,0,0.0,0.0,False,2,0,,,,,,,,,,,,,,,,,,,,,,,,,,,
1584,case_8f7e37a89c,G1B_llm_sham_retrieval,False,30,True,normal,[],[],[],,normal,,0.0,0.5333333333333333,0.26923602587557816,0.4444444444444445,0.5925273119918699,4,3,1,0.3333333333333333,0.08695652173913043,False,4,0,,,,,,,,,,,,,,,,,,,,,,,,,,,
1584,case_8f7e37a89c,G1_single_agent_rag,False,21,True,normal,[],[],[],,normal,,0.0,0.4127989998810389,0.03295485428826784,0.39999999999999997,0.34957805907172995,4,1,0,0.0,0.0,False,4,1,,,,,,,,,,,,,,,,,,,,,,,,,,,
1595,case_0a5d88f79d,B0_rule_based,True,25,True,abnormal,"['Cardiomegaly', 'Edema', 'Enlarged Cardiomediastinum', 'Lung Opacity']","['Cardiomegaly', 'Edema', 'Enlarged Cardiomediastinum', 'Lung Opacity']","['Cardiomegaly', 'Edema', 'Enlarged Cardiomediastinum', 'Lung Opacity']","['Cardiomegaly', 'Lung Opacity']",abnormal,abnormal,0.0,0.1107739615663963,0.009203675823383899,0.11538461538461538,0.05597014925373134,5,1,0,0.0,0.0,False,5,0,2.0,2.0,0.0,1.0,0.0,2.0,2.0,0.0,1.0,0.0,2.0,2.0,0.0,1.0,0.0,2.0,2.0,2.0,2.0,2.0,2.0,2.0,2.0,1.0,0.0,3.0,0.0
1595,case_0a5d88f79d,G1A_llm_no_retrieval,True,27,True,abnormal,"['Cardiomegaly', 'Enlarged Cardiomediastinum', 'Lung Opacity']","['Cardiomegaly', 'Enlarged Cardiomediastinum', 'Lung Opacity']","['Cardiomegaly', 'Edema', 'Enlarged Cardiomediastinum', 'Lung Opacity']","['Cardiomegaly', 'Lung Opacity']",abnormal,abnormal,0.0,0.2222222222222222,0.010924856017658639,0.14814814814814814,0.1111111111111111,4,2,0,0.0,0.0,False,4,0,2.0,1.0,0.0,1.0,0.0,2.0,1.0,0.0,1.0,0.0,2.0,1.0,0.0,1.0,0.0,2.0,1.0,2.0,2.0,2.0,1.0,2.0,2.0,1.0,0.0,2.0,0.0
1595,case_0a5d88f79d,G1B_llm_sham_retrieval,True,26,True,normal,[],[],"['Cardiomegaly', 'Edema', 'Enlarged Cardiomediastinum', 'Lung Opacity']","['Cardiomegaly', 'Lung Opacity']",abnormal,abnormal,0.0,0.2960826813425406,0.011758603717348229,0.2641509433962264,0.14869888475836432,5,2,0,0.0,0.0,False,5,1,0.0,0.0,2.0,0.0,1.0,0.0,0.0,2.0,0.0,1.0,0.0,0.0,2.0,0.0,1.0,2.0,0.0,2.0,0.0,2.0,0.0,2.0,0.0,0.0,0.0,0.0,0.0
1595,case_0a5d88f79d,G1_single_agent_rag,True,19,True,abnormal,"['Cardiomegaly', 'Lung Opacity']","['Cardiomegaly', 'Lung Opacity']","['Cardiomegaly', 'Edema', 'Enlarged Cardiomediastinum', 'Lung Opacity']","['Cardiomegaly', 'Lung Opacity']",abnormal,abnormal,0.0,0.20727017541184428,0.018600654483285836,0.2608695652173913,0.11450381679389314,3,2,0,0.0,0.0,False,3,0,2.0,0.0,0.0,0.0,0.0,2.0,0.0,0.0,0.0,0.0,2.0,0.0,0.0,0.0,0.0,2.0,0.0,2.0,2.0,2.0,0.0,2.0,2.0,0.0,0.0,2.0,0.0
1616,case_426b7f89b5,B0_rule_based,True,10,True,normal,[],[],[],[],normal,normal,0.0,0.008887197230593846,0.003729170077449224,0.2153846153846154,0.0792079207920792,2,1,0,0.0,0.0,False,2,0,0.0,0.0,0.0,0.0,0.0,0.0,0.0,0.0,0.0,0.0,0.0,0.0,0.0,0.0,0.0,0.0,0.0,0.0,0.0,0.0,0.0,0.0,0.0,0.0,0.0,0.0,0.0
1616,case_426b7f89b5,G1A_llm_no_retrieval,True,10,True,abnormal,['Enlarged Cardiomediastinum'],['Enlarged Cardiomediastinum'],[],[],normal,normal,0.0,0.001110899653824231,0.0002344591560178979,0.030769230769230767,0.0099009900990099,2,1,0,0.0,0.0,False,2,0,0.0,1.0,0.0,1.0,0.0,0.0,1.0,0.0,1.0,0.0,0.0,1.0,0.0,1.0,0.0,0.0,0.0,0.0,0.0,0.0,0.0,0.0,0.0,0.0,0.0,0.0,1.0
1616,case_426b7f89b5,G1B_llm_sham_retrieval,True,27,True,normal,[],[],[],[],normal,normal,0.0,0.21007615297170815,0.059577635902987786,0.2682926829268293,0.2418582375478927,5,2,0,0.0,0.0,False,5,1,0.0,0.0,0.0,0.0,0.0,0.0,0.0,0.0,0.0,0.0,0.0,0.0,0.0,0.0,0.0,0.0,0.0,0.0,0.0,0.0,0.0,0.0,0.0,0.0,0.0,0.0,0.0
1616,case_426b7f89b5,G1_single_agent_rag,True,21,True,normal,[],[],[],[],normal,normal,0.0,0.1131927221791992,0.015060799028836808,0.26315789473684215,0.16526701119724374,4,1,0,0.0,0.0,False,4,1,0.0,0.0,0.0,0.0,0.0,0.0,0.0,0.0,0.0,0.0,0.0,0.0,0.0,0.0,0.0,0.0,0.0,0.0,0.0,0.0,0.0,0.0,0.0,0.0,0.0,0.0,0.0
1622,case_00cbce6a8e,B0_rule_based,True,10,True,normal,[],[],[],[],normal,normal,0.0,0.06350256730258876,0.012961057371434727,0.2727272727272727,0.18115474037716348,2,1,0,0.0,0.0,False,2,0,0.0,0.0,0.0,0.0,0.0,0.0,0.0,0.0,0.0,0.0,0.0,0.0,0.0,0.0,0.0,0.0,0.0,0.0,0.0,0.0,0.0,0.0,0.0,0.0,0.0,0.0,0.0
1622,case_00cbce6a8e,G1A_llm_no_retrieval,True,10,True,abnormal,['Enlarged Cardiomediastinum'],['Enlarged Cardiomediastinum'],[],[],normal,normal,0.0,0.027215385986823753,0.0044809069242416275,0.13636363636363635,0.08087201125175807,2,1,0,0.0,0.0,False,2,0,0.0,1.0,0.0,1.0,0.0,0.0,1.0,0.0,1.0,0.0,0.0,1.0,0.0,1.0,0.0,0.0,0.0,0.0,0.0,0.0,0.0,0.0,0.0,0.0,0.0,0.0,1.0
1622,case_00cbce6a8e,G1B_llm_sham_retrieval,True,23,True,abnormal,"['Cardiomegaly', 'Pleural Effusion']","['Cardiomegaly', 'Pleural Effusion']",[],[],normal,normal,0.0,0.02695045535462484,0.005133859649043429,0.035087719298245605,0.01519756838905775,5,2,1,0.5,0.0,False,5,2,0.0,2.0,0.0,1.0,0.0,0.0,2.0,0.0,1.0,0.0,0.0,2.0,0.0,1.0,0.0,0.0,0.0,0.0,0.0,0.0,0.0,0.0,0.0,0.0,2.0,0.0,0.0
1622,case_00cbce6a8e,G1_single_agent_rag,True,21,True,normal,[],[],[],[],normal,normal,0.0,0.3076897198135304,0.019359092561749947,0.2545454545454545,0.2256413523615359,4,1,0,0.0,0.0,False,4,1,0.0,0.0,0.0,0.0,0.0,0.0,0.0,0.0,0.0,0.0,0.0,0.0,0.0,0.0,0.0,0.0,0.0,0.0,0.0,0.0,0.0,0.0,0.0,0.0,0.0,0.0,0.0
1623,case_16e004b21c,B0_rule_based,True,10,True,normal,[],[],[],[],normal,normal,0.0,0.3032653298563167,0.16847111051295394,0.4,0.3075862068965517,2,1,0,0.0,0.0,False,2,0,0.0,0.0,0.0,0.0,0.0,0.0,0.0,0.0,0.0,0.0,0.0,0.0,0.0,0.0,0.0,0.0,0.0,0.0,0.0,0.0,0.0,0.0,0.0,0.0,0.0,0.0,0.0
1623,case_16e004b21c,G1A_llm_no_retrieval,True,10,True,abnormal,['Enlarged Cardiomediastinum'],['Enlarged Cardiomediastinum'],[],[],normal,normal,0.0,0.060653065971263354,0.012801036176909563,0.08,0.034482758620689655,2,1,0,0.0,0.0,False,2,0,0.0,1.0,0.0,1.0,0.0,0.0,1.0,0.0,1.0,0.0,0.0,1.0,0.0,1.0,0.0,0.0,0.0,0.0,0.0,0.0,0.0,0.0,0.0,0.0,0.0,0.0,1.0
1623,case_16e004b21c,G1B_llm_sham_retrieval,True,31,True,normal,[],[],[],[],normal,normal,0.0,0.3548387096774194,0.09668881540160378,0.34782608695652173,0.5351986458229612,4,4,0,0.0,0.125,False,4,0,0.0,0.0,0.0,0.0,0.0,0.0,0.0,0.0,0.0,0.0,0.0,0.0,0.0,0.0,0.0,0.0,0.0,0.0,0.0,0.0,0.0,0.0,0.0,0.0,0.0,0.0,0.0
1623,case_16e004b21c,G1_single_agent_rag,True,21,True,normal,[],[],[],[],normal,normal,0.0,0.23809523809523808,0.024289783953423523,0.2222222222222222,0.16025641025641027,4,1,0,0.0,0.0,False,4,1,0.0,0.0,0.0,0.0,0.0,0.0,0.0,0.0,0.0,0.0,0.0,0.0,0.0,0.0,0.0,0.0,0.0,0.0,0.0,0.0,0.0,0.0,0.0,0.0,0.0,0.0,0.0
1631,case_c9ede8ccc2,B0_rule_based,True,10,True,normal,[],[],[],"['Lung Lesion', 'Lung Opacity']",normal,abnormal,0.0,3.0146615019095302e-05,3.7831923607616045e-06,0.03703703703703703,0.011210762331838563,2,1,0,0.0,0.0,False,2,0,0.0,0.0,2.0,0.0,1.0,0.0,0.0,2.0,0.0,1.0,0.0,0.0,2.0,0.0,1.0,0.0,0.0,0.0,0.0,0.0,0.0,0.0,0.0,0.0,0.0,0.0,0.0
1631,case_c9ede8ccc2,G1A_llm_no_retrieval,True,10,True,abnormal,['Enlarged Cardiomediastinum'],['Enlarged Cardiomediastinum'],[],"['Lung Lesion', 'Lung Opacity']",normal,abnormal,0.0,6.0293230038190604e-05,8.000477772674376e-06,0.05555555555555555,0.035383968609865465,2,1,0,0.0,0.0,False,2,0,0.0,1.0,2.0,1.0,1.0,0.0,1.0,2.0,1.0,1.0,0.0,1.0,2.0,1.0,1.0,0.0,0.0,0.0,0.0,0.0,0.0,0.0,0.0,0.0,0.0,0.0,1.0
1631,case_c9ede8ccc2,G1B_llm_sham_retrieval,True,100,True,normal,[],[],[],"['Lung Lesion', 'Lung Opacity']",normal,abnormal,0.0,0.41,0.10999489573699703,0.2626262626262626,0.2876494328005224,10,9,9,1.0,0.8064516129032258,True,10,5,0.0,0.0,2.0,0.0,1.0,0.0,0.0,2.0,0.0,1.0,0.0,0.0,2.0,0.0,1.0,0.0,0.0,0.0,0.0,0.0,0.0,0.0,0.0,0.0,0.0,0.0,0.0
1631,case_c9ede8ccc2,G1_single_agent_rag,True,21,True,normal,[],[],[],"['Lung Lesion', 'Lung Opacity']",normal,abnormal,0.0,0.015823806270695052,0.0007884132032895671,0.11764705882352941,0.08734854888701041,4,1,0,0.0,0.0,False,4,1,0.0,0.0,2.0,0.0,1.0,0.0,0.0,2.0,0.0,1.0,0.0,0.0,2.0,0.0,1.0,0.0,0.0,0.0,0.0,0.0,0.0,0.0,0.0,0.0,0.0,0.0,0.0
1647,case_6101e0516d,B0_rule_based,True,4,True,abnormal,['Fracture'],['Fracture'],['Fracture'],[],abnormal,normal,0.0,0.0001382710925369584,4.4436370105087256e-05,0.05263157894736842,0.016129032258064516,2,0,0,0.0,0.0,False,2,0,0.0,1.0,0.0,1.0,0.0,0.0,1.0,0.0,1.0,0.0,0.0,1.0,0.0,1.0,0.0,1.0,1.0,0.0,0.0,1.0,1.0,0.0,0.0,0.0,0.0,1.0,0.0
1647,case_6101e0516d,G1A_llm_no_retrieval,True,23,True,abnormal,['Fracture'],['Fracture'],['Fracture'],[],abnormal,normal,0.0,0.05390091070924969,0.006105222422067816,0.07017543859649121,0.0303951367781155,4,1,0,0.0,0.0,False,4,1,0.0,1.0,0.0,1.0,0.0,0.0,1.0,0.0,1.0,0.0,0.0,1.0,0.0,1.0,0.0,1.0,1.0,0.0,0.0,1.0,1.0,0.0,0.0,0.0,0.0,1.0,0.0
1647,case_6101e0516d,G1B_llm_sham_retrieval,True,28,True,normal,[],[],['Fracture'],[],abnormal,normal,0.0,0.518861408789179,0.22999286394728405,0.3870967741935484,0.43741221261181334,5,2,0,0.0,0.14285714285714285,False,5,1,0.0,0.0,0.0,0.0,0.0,0.0,0.0,0.0,0.0,0.0,0.0,0.0,0.0,0.0,0.0,1.0,0.0,0.0,0.0,1.0,0.0,0.0,0.0,0.0,0.0,0.0,0.0
1647,case_6101e0516d,G1_single_agent_rag,True,33,True,normal,[],[],['Fracture'],[],abnormal,normal,0.0,0.5585720778859387,0.1981763713215807,0.41791044776119407,0.4707098440091846,4,2,2,1.0,0.6538461538461539,True,4,0,0.0,0.0,0.0,0.0,0.0,0.0,0.0,0.0,0.0,0.0,0.0,0.0,0.0,0.0,0.0,1.0,0.0,0.0,0.0,1.0,0.0,0.0,0.0,0.0,0.0,0.0,0.0
1651,case_e2d646bc47,B0_rule_based,False,10,True,normal,[],[],[],,normal,,0.0,0.0030119421191220214,0.0035746949567482876,0.0,0.0,2,1,0,0.0,0.0,False,2,0,,,,,,,,,,,,,,,,,,,,,,,,,,,
1651,case_e2d646bc47,G1A_llm_no_retrieval,False,10,True,abnormal,['Enlarged Cardiomediastinum'],['Enlarged Cardiomediastinum'],[],,normal,,0.0,0.030119421191220207,0.006356806438755457,0.06250000000000001,0.02403846153846154,2,1,0,0.0,0.0,False,2,0,,,,,,,,,,,,,,,,,,,,,,,,,,,
1651,case_e2d646bc47,G1B_llm_sham_retrieval,False,28,True,normal,[],[],[],,normal,,0.0,0.2857142857142857,0.04701040821391918,0.2,0.23541205752212388,4,2,0,0.0,0.0,False,4,1,,,,,,,,,,,,,,,,,,,,,,,,,,,
1651,case_e2d646bc47,G1_single_agent_rag,False,21,True,normal,[],[],[],,normal,,0.0,0.31783231827782554,0.029959355763140984,0.23255813953488372,0.2613922281241263,4,1,0,0.0,0.0,False,4,1,,,,,,,,,,,,,,,,,,,,,,,,,,,
1655,case_613dbbd8b3,B0_rule_based,True,10,True,normal,[],[],[],[],normal,normal,0.0,0.02252460119677891,0.005346621888229585,0.15686274509803924,0.09815303430079156,2,1,0,0.0,0.0,False,2,0,0.0,0.0,0.0,0.0,0.0,0.0,0.0,0.0,0.0,0.0,0.0,0.0,0.0,0.0,0.0,0.0,0.0,0.0,0.0,0.0,0.0,0.0,0.0,0.0,0.0,0.0,0.0
1655,case_613dbbd8b3,G1A_llm_no_retrieval,True,10,True,abnormal,['Enlarged Cardiomediastinum'],['Enlarged Cardiomediastinum'],[],[],normal,normal,0.0,0.01801968095742313,0.002843491725068768,0.15686274509803924,0.09894459102902375,2,1,0,0.0,0.0,False,2,0,0.0,1.0,0.0,1.0,0.0,0.0,1.0,0.0,1.0,0.0,0.0,1.0,0.0,1.0,0.0,0.0,0.0,0.0,0.0,0.0,0.0,0.0,0.0,0.0,0.0,0.0,1.0
1655,case_613dbbd8b3,G1B_llm_sham_retrieval,True,28,True,normal,[],[],[],[],normal,normal,0.0,0.4265390976633529,0.06827606979068129,0.463768115942029,0.4019411514335354,4,2,1,0.5,0.38095238095238093,False,4,1,0.0,0.0,0.0,0.0,0.0,0.0,0.0,0.0,0.0,0.0,0.0,0.0,0.0,0.0,0.0,0.0,0.0,0.0,0.0,0.0,0.0,0.0,0.0,0.0,0.0,0.0,0.0
1655,case_613dbbd8b3,G1_single_agent_rag,True,22,True,normal,[],[],[],[],normal,normal,0.0,0.22997787572018374,0.015954996933162564,0.22222222222222224,0.15345268542199486,4,2,0,0.0,0.0,False,4,1,0.0,0.0,0.0,0.0,0.0,0.0,0.0,0.0,0.0,0.0,0.0,0.0,0.0,0.0,0.0,0.0,0.0,0.0,0.0,0.0,0.0,0.0,0.0,0.0,0.0,0.0,0.0
1661,case_b17806400e,B0_rule_based,True,4,True,abnormal,['Fracture'],['Fracture'],['Fracture'],[],abnormal,normal,0.0,0.043443485862611285,0.013961492464016846,0.13333333333333333,0.04854368932038835,2,0,0,0.0,0.0,False,2,0,0.0,1.0,0.0,1.0,0.0,0.0,1.0,0.0,1.0,0.0,1.0,0.0,0.0,0.0,0.0,1.0,1.0,0.0,0.0,1.0,1.0,0.0,0.0,0.0,0.0,1.0,0.0
1661,case_b17806400e,G1A_llm_no_retrieval,True,8,True,abnormal,['Fracture'],['Fracture'],['Fracture'],[],abnormal,normal,0.5,0.08591115984887154,0.019090277826420414,0.10526315789473685,0.04672897196261682,2,0,0,0.0,0.0,False,2,0,0.0,1.0,0.0,1.0,0.0,0.0,1.0,0.0,1.0,0.0,1.0,0.0,0.0,0.0,0.0,1.0,1.0,0.0,0.0,1.0,1.0,0.0,0.0,0.0,0.0,1.0,0.0
1661,case_b17806400e,G1B_llm_sham_retrieval,True,5,True,abnormal,['Fracture'],['Fracture'],['Fracture'],[],abnormal,normal,0.0,0.060238842382440407,0.016182712188007025,0.12500000000000003,0.04807692307692308,2,0,0,0.0,0.0,False,2,0,0.0,1.0,0.0,1.0,0.0,0.0,1.0,0.0,1.0,0.0,1.0,0.0,0.0,0.0,0.0,1.0,1.0,0.0,0.0,1.0,1.0,0.0,0.0,1.0,0.0,0.0,0.0
1661,case_b17806400e,G1_single_agent_rag,True,33,True,normal,[],[],['Fracture'],[],abnormal,normal,0.0,0.0909090909090909,0.007434360163166208,0.09090909090909091,0.11363636363636363,4,2,2,1.0,0.6538461538461539,True,4,0,0.0,0.0,0.0,0.0,0.0,0.0,0.0,0.0,0.0,0.0,0.0,0.0,1.0,0.0,1.0,1.0,0.0,0.0,0.0,1.0,0.0,0.0,0.0,0.0,0.0,0.0,0.0
1662,case_1f1c2c0f45,B0_rule_based,False,15,True,abnormal,"['Consolidation', 'Lung Opacity', 'Pneumonia']","['Consolidation', 'Lung Opacity', 'Pneumonia']","['Consolidation', 'Lung Opacity', 'Pneumonia']",,abnormal,,0.0,0.02877534445315864,0.0033923708290341985,0.07547169811320754,0.028011204481792718,4,0,0,0.0,0.0,False,4,0,,,,,,,,,,,,,,,,,,,,,,,,,,,
1662,case_1f1c2c0f45,G1A_llm_no_retrieval,False,23,True,normal,[],[],"['Consolidation', 'Lung Opacity', 'Pneumonia']",,abnormal,,0.0,0.2717802403365621,0.13504618646795633,0.39344262295081966,0.2800608828006088,5,0,0,0.0,0.0,False,5,1,,,,,,,,,,,,,,,,,,,,,,,,,,,
1662,case_1f1c2c0f45,G1B_llm_sham_retrieval,False,21,True,normal,[],[],"['Consolidation', 'Lung Opacity', 'Pneumonia']",,abnormal,,0.0,0.21193807325845826,0.038448723359754994,0.2711864406779661,0.22823691460055098,4,1,0,0.0,0.0,False,4,1,,,,,,,,,,,,,,,,,,,,,,,,,,,
1662,case_1f1c2c0f45,G1_single_agent_rag,False,17,True,abnormal,"['Lung Opacity', 'Pneumonia']",['Lung Opacity'],"['Consolidation', 'Lung Opacity', 'Pneumonia']",,abnormal,,0.0,0.10261737716823038,0.005234308844083096,0.14545454545454545,0.08356545961002784,2,2,0,0.0,0.0,False,2,0,,,,,,,,,,,,,,,,,,,,,,,,,,,
1669,case_9997669cd2,B0_rule_based,False,4,True,abnormal,['Fracture'],['Fracture'],['Fracture'],,abnormal,,0.0,3.251824413516905e-06,1.0450432588950027e-06,0.037735849056603765,0.011235955056179775,2,0,0,0.0,0.0,False,2,0,,,,,,,,,,,,,,,,,,,,,,,,,,,
1669,case_9997669cd2,G1A_llm_no_retrieval,False,5,True,abnormal,['Fracture'],['Fracture'],['Fracture'],,abnormal,,0.0,6.0293230038190604e-05,9.630985891409031e-06,0.07407407407407406,0.022421524663677125,2,0,0,0.0,0.0,False,2,0,,,,,,,,,,,,,,,,,,,,,,,,,,,
1669,case_9997669cd2,G1B_llm_sham_retrieval,False,5,True,abnormal,['Fracture'],['Fracture'],['Fracture'],,abnormal,,0.0,6.0293230038190604e-05,9.630985891409031e-06,0.07407407407407406,0.022421524663677125,2,0,0,0.0,0.0,False,2,0,,,,,,,,,,,,,,,,,,,,,,,,,,,
1669,case_9997669cd2,G1_single_agent_rag,False,33,True,normal,[],[],['Fracture'],,abnormal,,0.0,0.4105269941906191,0.1435970158653805,0.34146341463414637,0.3370296753495833,4,2,2,1.0,0.6538461538461539,True,4,0,,,,,,,,,,,,,,,,,,,,,,,,,,,
1672,case_dfe16e6b3e,B0_rule_based,True,10,True,normal,[],[],[],[],normal,normal,0.0,0.03673692847589457,0.0034013730595258192,0.14634146341463414,0.05190311418685121,2,1,0,0.0,0.0,False,2,0,0.0,0.0,0.0,0.0,0.0,0.0,0.0,0.0,0.0,0.0,0.0,0.0,0.0,0.0,0.0,0.0,0.0,0.0,0.0,0.0,0.0,0.0,0.0,0.0,0.0,0.0,0.0
1672,case_dfe16e6b3e,G1A_llm_no_retrieval,True,10,True,abnormal,['Enlarged Cardiomediastinum'],['Enlarged Cardiomediastinum'],[],[],normal,normal,0.0,0.0012245642825298195,0.0014533625122415872,0.0,0.0,2,1,0,0.0,0.0,False,2,0,0.0,1.0,0.0,1.0,0.0,0.0,1.0,0.0,1.0,0.0,0.0,1.0,0.0,1.0,0.0,0.0,0.0,0.0,0.0,0.0,0.0,0.0,0.0,0.0,0.0,0.0,1.0
1672,case_dfe16e6b3e,G1B_llm_sham_retrieval,True,20,True,normal,[],[],[],[],normal,normal,0.0,0.23077992415219467,0.009344031114660641,0.19607843137254902,0.13377926421404682,4,1,0,0.0,0.15384615384615385,False,4,1,0.0,0.0,0.0,0.0,0.0,0.0,0.0,0.0,0.0,0.0,0.0,0.0,0.0,0.0,0.0,0.0,0.0,0.0,0.0,0.0,0.0,0.0,0.0,0.0,0.0,0.0,0.0
1672,case_dfe16e6b3e,G1_single_agent_rag,True,21,True,normal,[],[],[],[],normal,normal,0.0,0.3253617492271413,0.018374791763007176,0.2692307692307692,0.22892561983471071,4,1,0,0.0,0.0,False,4,1,0.0,0.0,0.0,0.0,0.0,0.0,0.0,0.0,0.0,0.0,0.0,0.0,0.0,0.0,0.0,0.0,0.0,0.0,0.0,0.0,0.0,0.0,0.0,0.0,0.0,0.0,0.0
1682,case_126a044377,B0_rule_based,False,8,True,abnormal,['Enlarged Cardiomediastinum'],['Enlarged Cardiomediastinum'],['Enlarged Cardiomediastinum'],,abnormal,,0.0,0.00011527993379622081,3.405876455727799e-05,0.0963855421686747,0.046211566617862375,2,0,0,0.0,0.0,False,2,0,,,,,,,,,,,,,,,,,,,,,,,,,,,
1682,case_126a044377,G1A_llm_no_retrieval,False,7,True,abnormal,['Enlarged Cardiomediastinum'],['Enlarged Cardiomediastinum'],['Enlarged Cardiomediastinum'],,abnormal,,0.0,4.315302878442258e-05,1.1221980175125035e-05,0.12195121951219512,0.054545454545454536,2,0,0,0.0,0.0,False,2,0,,,,,,,,,,,,,,,,,,,,,,,,,,,
1682,case_126a044377,G1B_llm_sham_retrieval,False,7,True,abnormal,['Enlarged Cardiomediastinum'],['Enlarged Cardiomediastinum'],['Enlarged Cardiomediastinum'],,abnormal,,0.0,4.315302878442258e-05,2.62633312203241e-05,0.12195121951219512,0.054545454545454536,2,0,0,0.0,0.0,False,2,0,,,,,,,,,,,,,,,,,,,,,,,,,,,
1682,case_126a044377,G1_single_agent_rag,False,21,True,abnormal,['Cardiomegaly'],['Cardiomegaly'],['Enlarged Cardiomediastinum'],,abnormal,,0.0,0.02547542899692269,0.0020192887313938757,0.125,0.050287356321839075,4,2,2,1.0,0.7857142857142857,True,4,2,,,,,,,,,,,,,,,,,,,,,,,,,,,
1703,case_c9f41e4783,B0_rule_based,False,15,True,abnormal,"['Atelectasis', 'Lung Opacity', 'Pneumonia']","['Atelectasis', 'Lung Opacity', 'Pneumonia']","['Atelectasis', 'Lung Opacity', 'Pneumonia']",,abnormal,,0.0,0.01345976786631036,0.0026686576008012964,0.037037037037037035,0.01366120218579235,4,0,0,0.0,0.0,False,4,0,,,,,,,,,,,,,,,,,,,,,,,,,,,
1703,case_c9f41e4783,G1A_llm_no_retrieval,False,22,True,normal,[],[],"['Atelectasis', 'Lung Opacity', 'Pneumonia']",,abnormal,,0.0,0.209887284446699,0.026826246772554282,0.2622950819672131,0.1703753351206434,5,0,0,0.0,0.0,False,5,2,,,,,,,,,,,,,,,,,,,,,,,,,,,
1703,case_c9f41e4783,G1B_llm_sham_retrieval,False,29,True,normal,[],[],"['Atelectasis', 'Lung Opacity', 'Pneumonia']",,abnormal,,0.0,0.4152352415927635,0.09308554098991006,0.29411764705882354,0.3473411036241122,4,3,0,0.0,0.0,False,4,0,,,,,,,,,,,,,,,,,,,,,,,,,,,
1703,case_c9f41e4783,G1_single_agent_rag,False,35,True,abnormal,"['Atelectasis', 'Lung Opacity']",['Lung Opacity'],"['Atelectasis', 'Lung Opacity', 'Pneumonia']",,abnormal,,0.0,0.3822870263370404,0.18035095598049772,0.3243243243243243,0.31197466896948767,5,4,1,0.25,0.17857142857142858,False,5,1,,,,,,,,,,,,,,,,,,,,,,,,,,,
1707,case_b6813125e4,B0_rule_based,True,10,True,normal,[],[],[],[],normal,normal,0.0,0.020161653821924926,0.003319537494657071,0.12765957446808512,0.04373177842565598,2,1,0,0.0,0.0,False,2,0,0.0,0.0,0.0,0.0,0.0,0.0,0.0,0.0,0.0,0.0,0.0,0.0,0.0,0.0,0.0,0.0,0.0,0.0,0.0,0.0,0.0,0.0,0.0,0.0,0.0,0.0,0.0
1707,case_b6813125e4,G1A_llm_no_retrieval,True,10,True,abnormal,['Enlarged Cardiomediastinum'],['Enlarged Cardiomediastinum'],[],[],normal,normal,0.0,0.020161653821924926,0.003319537494657071,0.12765957446808512,0.07450599287333982,2,1,0,0.0,0.0,False,2,0,0.0,1.0,0.0,1.0,0.0,0.0,1.0,0.0,1.0,0.0,0.0,1.0,0.0,1.0,0.0,0.0,0.0,0.0,0.0,0.0,0.0,0.0,0.0,0.0,0.0,0.0,1.0
1707,case_b6813125e4,G1B_llm_sham_retrieval,True,78,True,abnormal,"['Pleural Effusion', 'Pneumothorax']","['Pleural Effusion', 'Pneumothorax']",[],[],normal,normal,0.0,0.19230769230769232,0.011505957531525089,0.17391304347826086,0.21659908083265747,10,6,3,0.5,0.4225352112676056,False,10,4,0.0,2.0,0.0,1.0,0.0,0.0,2.0,0.0,1.0,0.0,0.0,2.0,0.0,1.0,0.0,0.0,0.0,0.0,0.0,0.0,0.0,0.0,0.0,0.0,2.0,0.0,0.0
1707,case_b6813125e4,G1_single_agent_rag,True,21,True,normal,[],[],[],[],normal,normal,0.0,0.24450196657945217,0.013808238774886695,0.27586206896551724,0.15536723163841806,4,1,0,0.0,0.0,False,4,1,0.0,0.0,0.0,0.0,0.0,0.0,0.0,0.0,0.0,0.0,0.0,0.0,0.0,0.0,0.0,0.0,0.0,0.0,0.0,0.0,0.0,0.0,0.0,0.0,0.0,0.0,0.0
1731,case_db136fe31b,B0_rule_based,False,10,True,normal,[],[],[],,normal,,0.0,0.04864805010017438,0.01899669832015402,0.29166666666666663,0.15114524147727273,2,1,0,0.0,0.0,False,2,0,,,,,,,,,,,,,,,,,,,,,,,,,,,
1731,case_db136fe31b,G1A_llm_no_retrieval,False,10,True,abnormal,['Enlarged Cardiomediastinum'],['Enlarged Cardiomediastinum'],[],,normal,,0.0,0.012162012525043595,0.0015262487296529876,0.08333333333333333,0.028409090909090908,2,1,0,0.0,0.0,False,2,0,,,,,,,,,,,,,,,,,,,,,,,,,,,
1731,case_db136fe31b,G1B_llm_sham_retrieval,False,28,True,normal,[],[],[],,normal,,0.0,0.42480118340632905,0.14124028315157167,0.36363636363636365,0.33115122042457684,4,3,3,1.0,0.8095238095238095,True,4,0,,,,,,,,,,,,,,,,,,,,,,,,,,,
1731,case_db136fe31b,G1_single_agent_rag,False,21,True,normal,[],[],[],,normal,,0.0,0.21193807325845826,0.016919586346821332,0.30508474576271183,0.2049586776859504,4,1,0,0.0,0.0,False,4,1,,,,,,,,,,,,,,,,,,,,,,,,,,,
1735,case_934e0b4dbc,B0_rule_based,True,11,True,abnormal,"['Fracture', 'Pleural Effusion']","['Fracture', 'Pleural Effusion']","['Fracture', 'Pleural Effusion']",['Support Devices'],abnormal,abnormal,0.0,0.0010810929813110392,7.925550619259575e-05,0.06976744186046512,0.02915451895043732,3,0,0,0.0,0.0,False,3,0,0.0,2.0,1.0,1.0,1.0,0.0,2.0,1.0,1.0,1.0,0.0,2.0,2.0,1.0,1.0,2.0,2.0,0.0,0.0,2.0,2.0,0.0,0.0,0.0,0.0,2.0,0.0
1735,case_934e0b4dbc,G1A_llm_no_retrieval,True,20,True,normal,[],[],"['Fracture', 'Pleural Effusion']",['Support Devices'],abnormal,abnormal,0.0,0.03835671672402454,0.005124178245323698,0.1894736842105263,0.08633093525179855,4,1,0,0.0,0.0,False,4,1,0.0,0.0,1.0,0.0,1.0,0.0,0.0,1.0,0.0,1.0,0.0,0.0,2.0,0.0,1.0,2.0,0.0,0.0,0.0,2.0,0.0,0.0,0.0,0.0,0.0,0.0,0.0
1735,case_934e0b4dbc,G1B_llm_sham_retrieval,True,28,True,normal,[],[],"['Fracture', 'Pleural Effusion']",['Support Devices'],abnormal,abnormal,0.0,0.10665166562555932,0.03018086775672304,0.2330097087378641,0.16655738798008538,4,4,1,0.25,0.047619047619047616,False,4,0,0.0,0.0,1.0,0.0,1.0,0.0,0.0,1.0,0.0,1.0,0.0,0.0,2.0,0.0,1.0,2.0,0.0,0.0,0.0,2.0,0.0,0.0,0.0,0.0,0.0,0.0,0.0
1735,case_934e0b4dbc,G1_single_agent_rag,True,44,True,abnormal,['Fracture'],['Fracture'],"['Fracture', 'Pleural Effusion']",['Support Devices'],abnormal,abnormal,0.0,0.23593176414561923,0.024907839050191366,0.25210084033613445,0.18391315728887755,7,3,2,0.6666666666666666,0.40540540540540543,False,7,2,0.0,1.0,1.0,1.0,1.0,0.0,1.0,1.0,1.0,1.0,0.0,1.0,2.0,1.0,1.0,2.0,1.0,0.0,0.0,2.0,1.0,0.0,0.0,0.0,0.0,1.0,0.0
1736,case_6031ba5fe3,B0_rule_based,False,10,True,normal,[],[],[],,normal,,0.0,0.044321263344933554,0.012437039179293466,0.19047619047619047,0.10591442953020135,2,1,0,0.0,0.0,False,2,0,,,,,,,,,,,,,,,,,,,,,,,,,,,
1736,case_6031ba5fe3,G1A_llm_no_retrieval,False,10,True,abnormal,['Enlarged Cardiomediastinum'],['Enlarged Cardiomediastinum'],[],,normal,,0.0,0.022160631672466777,0.0027810065043728394,0.09523809523809523,0.03355704697986577,2,1,0,0.0,0.0,False,2,0,,,,,,,,,,,,,,,,,,,,,,,,,,,
1736,case_6031ba5fe3,G1B_llm_sham_retrieval,False,22,True,normal,[],[],[],,normal,,0.0,0.34621986487651735,0.038595781109832084,0.3333333333333333,0.275089605734767,4,1,0,0.0,0.06666666666666667,False,4,1,,,,,,,,,,,,,,,,,,,,,,,,,,,
1736,case_6031ba5fe3,G1_single_agent_rag,False,22,True,normal,[],[],[],,normal,,0.0,0.25966489865738807,0.035917421441650735,0.25925925925925924,0.18837116686579053,4,2,2,1.0,1.0,True,4,1,,,,,,,,,,,,,,,,,,,,,,,,,,,
1748,case_d55f2ae2c0,B0_rule_based,True,10,True,normal,[],[],[],[],normal,normal,0.0,0.045358976644706256,0.010766774303243234,0.1818181818181818,0.11772151898734177,2,1,0,0.0,0.0,False,2,0,0.0,0.0,0.0,0.0,0.0,0.0,0.0,0.0,0.0,0.0,0.0,0.0,1.0,0.0,1.0,0.0,0.0,0.0,0.0,0.0,0.0,0.0,0.0,0.0,0.0,0.0,0.0
1748,case_d55f2ae2c0,G1A_llm_no_retrieval,True,10,True,abnormal,['Enlarged Cardiomediastinum'],['Enlarged Cardiomediastinum'],[],[],normal,normal,0.0,0.009071795328941253,0.0019146333055993624,0.04545454545454545,0.01582278481012658,2,1,0,0.0,0.0,False,2,0,0.0,1.0,0.0,1.0,0.0,0.0,1.0,0.0,1.0,0.0,0.0,1.0,1.0,1.0,1.0,0.0,0.0,0.0,0.0,0.0,0.0,0.0,0.0,0.0,0.0,0.0,1.0
1748,case_d55f2ae2c0,G1B_llm_sham_retrieval,True,20,True,normal,[],[],[],[],normal,normal,0.0,0.24829265189570476,0.04522620048879894,0.33333333333333337,0.25414110429447856,4,1,0,0.0,0.0,False,4,1,0.0,0.0,0.0,0.0,0.0,0.0,0.0,0.0,0.0,0.0,0.0,0.0,1.0,0.0,1.0,0.0,0.0,0.0,0.0,0.0,0.0,0.0,0.0,0.0,0.0,0.0,0.0
1748,case_d55f2ae2c0,G1_single_agent_rag,True,21,True,normal,[],[],[],[],normal,normal,0.0,0.33333052979799127,0.12864521856732178,0.32727272727272727,0.331596185512911,4,1,0,0.0,0.0,False,4,1,0.0,0.0,0.0,0.0,0.0,0.0,0.0,0.0,0.0,0.0,0.0,0.0,1.0,0.0,1.0,0.0,0.0,0.0,0.0,0.0,0.0,0.0,0.0,0.0,0.0,0.0,0.0
1751,case_149b7bec29,B0_rule_based,True,10,True,normal,[],[],[],[],normal,normal,0.0,0.040656965974059926,0.008580791159409903,0.06896551724137931,0.02762430939226519,2,1,0,0.0,0.0,False,2,0,0.0,0.0,0.0,0.0,0.0,0.0,0.0,0.0,0.0,0.0,0.0,0.0,0.0,0.0,0.0,0.0,0.0,0.0,0.0,0.0,0.0,0.0,0.0,0.0,0.0,0.0,0.0
1751,case_149b7bec29,G1A_llm_no_retrieval,True,10,True,abnormal,['Enlarged Cardiomediastinum'],['Enlarged Cardiomediastinum'],[],[],normal,normal,0.0,0.040656965974059926,0.008580791159409903,0.06896551724137931,0.02762430939226519,2,1,0,0.0,0.0,False,2,0,0.0,1.0,0.0,1.0,0.0,0.0,1.0,0.0,1.0,0.0,0.0,1.0,0.0,1.0,0.0,0.0,0.0,0.0,0.0,0.0,0.0,0.0,0.0,0.0,0.0,0.0,1.0
1751,case_149b7bec29,G1B_llm_sham_retrieval,True,23,True,normal,[],[],[],[],normal,normal,0.0,0.3478260869565218,0.052381754867968186,0.3333333333333333,0.2061855670103093,4,1,0,0.0,0.1875,False,4,1,0.0,0.0,0.0,0.0,0.0,0.0,0.0,0.0,0.0,0.0,0.0,0.0,0.0,0.0,0.0,0.0,0.0,0.0,0.0,0.0,0.0,0.0,0.0,0.0,0.0,0.0,0.0
1751,case_149b7bec29,G1_single_agent_rag,True,21,True,normal,[],[],[],[],normal,normal,0.0,0.38095238095238093,0.03595290285752276,0.25,0.36580403645833337,4,1,0,0.0,0.0,False,4,1,0.0,0.0,0.0,0.0,0.0,0.0,0.0,0.0,0.0,0.0,0.0,0.0,0.0,0.0,0.0,0.0,0.0,0.0,0.0,0.0,0.0,0.0,0.0,0.0,0.0,0.0,0.0
1753,case_cacb5dac79,B0_rule_based,True,17,True,abnormal,"['Cardiomegaly', 'Edema', 'Lung Opacity']","['Cardiomegaly', 'Edema', 'Lung Opacity']","['Cardiomegaly', 'Edema', 'Lung Opacity']",['Cardiomegaly'],abnormal,abnormal,0.0,0.032251723008250285,0.0037500088803183156,0.07142857142857141,0.02717391304347826,4,1,0,0.0,0.0,False,4,0,1.0,2.0,0.0,1.0,0.0,1.0,2.0,0.0,1.0,0.0,0.0,3.0,1.0,1.0,1.0,2.0,2.0,1.0,1.0,2.0,2.0,1.0,1.0,0.0,0.0,3.0,0.0
1753,case_cacb5dac79,G1A_llm_no_retrieval,True,17,True,abnormal,"['Cardiomegaly', 'Edema', 'Lung Opacity']","['Cardiomegaly', 'Edema', 'Lung Opacity']","['Cardiomegaly', 'Edema', 'Lung Opacity']",['Cardiomegaly'],abnormal,abnormal,0.0,0.048377584512375435,0.004150067026563926,0.10714285714285716,0.04076086956521739,4,1,0,0.0,0.0,False,4,0,1.0,2.0,0.0,1.0,0.0,1.0,2.0,0.0,1.0,0.0,0.0,3.0,1.0,1.0,1.0,2.0,2.0,1.0,1.0,2.0,2.0,1.0,1.0,0.0,0.0,3.0,0.0
1753,case_cacb5dac79,G1B_llm_sham_retrieval,True,14,True,abnormal,"['Cardiomegaly', 'Edema', 'Lung Opacity']","['Cardiomegaly', 'Edema', 'Lung Opacity']","['Cardiomegaly', 'Edema', 'Lung Opacity']",['Cardiomegaly'],abnormal,abnormal,0.0,0.03593083901824223,0.003152050184267505,0.11320754716981134,0.04109589041095891,4,0,0,0.0,0.0,False,4,0,1.0,2.0,0.0,1.0,0.0,1.0,2.0,0.0,1.0,0.0,0.0,3.0,1.0,1.0,1.0,2.0,2.0,1.0,1.0,2.0,2.0,1.0,1.0,2.0,0.0,1.0,0.0
1753,case_cacb5dac79,G1_single_agent_rag,True,20,True,abnormal,"['Cardiomegaly', 'Edema', 'Lung Opacity']","['Cardiomegaly', 'Edema', 'Lung Opacity']","['Cardiomegaly', 'Edema', 'Lung Opacity']",['Cardiomegaly'],abnormal,abnormal,0.0,0.07734820469090026,0.009366104181740035,0.1016949152542373,0.08507412398921832,4,2,0,0.0,0.0,False,4,0,1.0,2.0,0.0,1.0,0.0,1.0,2.0,0.0,1.0,0.0,0.0,3.0,1.0,1.0,1.0,2.0,2.0,1.0,1.0,2.0,2.0,1.0,1.0,0.0,0.0,3.0,0.0
1785,case_d5b78f70f3,B0_rule_based,False,10,True,normal,[],[],[],,normal,,0.0,0.027215385986823753,0.0025197991378326486,0.0909090909090909,0.047468354430379736,2,1,0,0.0,0.0,False,2,0,,,,,,,,,,,,,,,,,,,,,,,,,,,
1785,case_d5b78f70f3,G1A_llm_no_retrieval,False,10,True,abnormal,['Enlarged Cardiomediastinum'],['Enlarged Cardiomediastinum'],[],,normal,,0.0,0.009071795328941253,0.0019146333055993624,0.04545454545454545,0.01582278481012658,2,1,0,0.0,0.0,False,2,0,,,,,,,,,,,,,,,,,,,,,,,,,,,
1785,case_d5b78f70f3,G1B_llm_sham_retrieval,False,23,True,normal,[],[],[],,normal,,0.0,0.2425540981916236,0.0334396803915287,0.2105263157894737,0.2092010957259184,4,2,0,0.0,0.0,False,4,1,,,,,,,,,,,,,,,,,,,,,,,,,,,
1785,case_d5b78f70f3,G1_single_agent_rag,False,21,True,normal,[],[],[],,normal,,0.0,0.17948566989122605,0.00800030779542474,0.18181818181818185,0.10703363914373089,4,1,0,0.0,0.0,False,4,1,,,,,,,,,,,,,,,,,,,,,,,,,,,
1787,case_095de2f58a,B0_rule_based,False,10,True,normal,[],[],[],,normal,,0.0,0.0817595379102038,0.013461388338273013,0.18181818181818182,0.11776753712237582,2,1,0,0.0,0.0,False,2,0,,,,,,,,,,,,,,,,,,,,,,,,,,,
1787,case_095de2f58a,G1A_llm_no_retrieval,False,10,True,abnormal,['Enlarged Cardiomediastinum'],['Enlarged Cardiomediastinum'],[],,normal,,0.0,0.027253179303401272,0.005751876324997854,0.06060606060606061,0.023041474654377878,2,1,0,0.0,0.0,False,2,0,,,,,,,,,,,,,,,,,,,,,,,,,,,
1787,case_095de2f58a,G1B_llm_sham_retrieval,False,23,True,normal,[],[],[],,normal,,0.0,0.4782608695652174,0.07132482595301583,0.43478260869565216,0.38627380524613725,4,1,0,0.0,0.25,False,4,1,,,,,,,,,,,,,,,,,,,,,,,,,,,
1787,case_095de2f58a,G1_single_agent_rag,False,21,True,normal,[],[],[],,normal,,0.0,0.5628111313046319,0.03965706850919222,0.3636363636363636,0.3974618498909996,4,1,0,0.0,0.0,False,4,1,,,,,,,,,,,,,,,,,,,,,,,,,,,
1789,case_3c819a3745,B0_rule_based,False,10,True,normal,[],[],[],,normal,,0.0,0.09048374180359597,0.01909690192411307,0.09523809523809525,0.045871559633027525,2,1,0,0.0,0.0,False,2,0,,,,,,,,,,,,,,,,,,,,,,,,,,,
1789,case_3c819a3745,G1A_llm_no_retrieval,False,10,True,abnormal,['Enlarged Cardiomediastinum'],['Enlarged Cardiomediastinum'],[],,normal,,0.0,0.009048374180359598,0.010738977135035872,0.0,0.0,2,1,0,0.0,0.0,False,2,0,,,,,,,,,,,,,,,,,,,,,,,,,,,
1789,case_3c819a3745,G1B_llm_sham_retrieval,False,29,True,normal,[],[],[],,normal,,0.0,0.034482758620689655,0.006471824245088331,0.05,0.0390625,4,2,0,0.0,0.6363636363636364,False,4,2,,,,,,,,,,,,,,,,,,,,,,,,,,,
1789,case_3c819a3745,G1_single_agent_rag,False,21,True,normal,[],[],[],,normal,,0.0,0.3333333333333333,0.14051676978912422,0.25,0.560374149659864,4,1,0,0.0,0.0,False,4,1,,,,,,,,,,,,,,,,,,,,,,,,,,,
1791,case_14ac360042,B0_rule_based,False,4,True,abnormal,['Fracture'],['Fracture'],['Fracture'],,abnormal,,0.0,1.7908739651415905e-10,3.4221552434819745e-11,0.042105263157894736,0.012150668286755772,2,0,0,0.0,0.0,False,2,0,,,,,,,,,,,,,,,,,,,,,,,,,,,
1791,case_14ac360042,G1A_llm_no_retrieval,False,5,True,abnormal,['Fracture'],['Fracture'],['Fracture'],,abnormal,,0.0,1.3557977304787697e-08,2.1656940266053915e-09,0.04166666666666668,0.012135922330097089,2,0,0,0.0,0.0,False,2,0,,,,,,,,,,,,,,,,,,,,,,,,,,,
1791,case_14ac360042,G1B_llm_sham_retrieval,False,5,True,abnormal,['Fracture'],['Fracture'],['Fracture'],,abnormal,,0.0,1.3557977304787697e-08,2.1656940266053915e-09,0.04166666666666668,0.012135922330097089,2,0,0,0.0,0.0,False,2,0,,,,,,,,,,,,,,,,,,,,,,,,,,,
1791,case_14ac360042,G1_single_agent_rag,False,33,True,normal,[],[],['Fracture'],,abnormal,,0.0,0.10974883069768658,0.012274617440264389,0.29032258064516125,0.1400200142654871,4,2,2,1.0,0.6538461538461539,True,4,0,,,,,,,,,,,,,,,,,,,,,,,,,,,
1797,case_e58db41277,B0_rule_based,False,10,True,normal,[],[],[],,normal,,0.0,0.06648189501740032,0.03221218101250904,0.23809523809523808,0.17151379567486946,2,1,0,0.0,0.0,False,2,0,,,,,,,,,,,,,,,,,,,,,,,,,,,
1797,case_e58db41277,G1A_llm_no_retrieval,False,10,True,abnormal,['Enlarged Cardiomediastinum'],['Enlarged Cardiomediastinum'],[],,normal,,0.0,0.03324094750870016,0.0054729920763277266,0.14285714285714285,0.08575689783743473,2,1,0,0.0,0.0,False,2,0,,,,,,,,,,,,,,,,,,,,,,,,,,,
1797,case_e58db41277,G1B_llm_sham_retrieval,False,44,True,normal,[],[],[],,normal,,0.0,0.4772727272727273,0.1717511667481313,0.4210526315789474,0.5575021173127885,5,4,4,1.0,0.40540540540540543,True,5,0,,,,,,,,,,,,,,,,,,,,,,,,,,,
1797,case_e58db41277,G1_single_agent_rag,False,21,True,normal,[],[],[],,normal,,0.0,0.2820285791885204,0.017107776390909976,0.3018867924528302,0.16181229773462785,4,1,0,0.0,0.0,False,4,1,,,,,,,,,,,,,,,,,,,,,,,,,,,
1798,case_68a5d2d345,B0_rule_based,False,10,True,normal,[],[],[],,normal,,0.0,0.030077653116841123,0.0027848087265247333,0.0930232558139535,0.04885993485342019,2,1,0,0.0,0.0,False,2,0,,,,,,,,,,,,,,,,,,,,,,,,,,,
1798,case_68a5d2d345,G1A_llm_no_retrieval,False,10,True,abnormal,['Enlarged Cardiomediastinum'],['Enlarged Cardiomediastinum'],[],,normal,,0.0,0.0010025884372280378,0.0011899125841428626,0.0,0.0,2,1,0,0.0,0.0,False,2,0,,,,,,,,,,,,,,,,,,,,,,,,,,,
1798,case_68a5d2d345,G1B_llm_sham_retrieval,False,22,True,normal,[],[],[],,normal,,0.0,0.27569575441483335,0.049833209960550684,0.36363636363636365,0.2796238244514107,4,2,0,0.0,0.0,False,4,1,,,,,,,,,,,,,,,,,,,,,,,,,,,
1798,case_68a5d2d345,G1_single_agent_rag,False,21,True,normal,[],[],[],,normal,,0.0,0.24202205228903967,0.0844979163283141,0.18518518518518517,0.25875456168957217,4,1,0,0.0,0.0,False,4,1,,,,,,,,,,,,,,,,,,,,,,,,,,,
1819,case_179e5ffb9e,B0_rule_based,True,29,True,abnormal,"['Atelectasis', 'Cardiomegaly', 'Edema', 'Enlarged Cardiomediastinum', 'Lung Opacity']","['Atelectasis', 'Cardiomegaly', 'Edema', 'Enlarged Cardiomediastinum', 'Lung Opacity']","['Atelectasis', 'Cardiomegaly', 'Edema', 'Enlarged Cardiomediastinum', 'Lung Opacity']","['Atelectasis', 'Cardiomegaly', 'Lung Opacity']",abnormal,abnormal,0.0,0.1724137931034483,0.009677634497170788,0.10714285714285715,0.09191176470588236,6,1,0,0.0,0.0,False,6,0,3.0,2.0,0.0,1.0,0.0,3.0,2.0,0.0,1.0,0.0,3.0,2.0,0.0,1.0,0.0,2.0,2.0,3.0,3.0,2.0,2.0,3.0,3.0,1.0,0.0,4.0,0.0
1819,case_179e5ffb9e,G1A_llm_no_retrieval,True,30,True,abnormal,"['Atelectasis', 'Cardiomegaly', 'Edema', 'Enlarged Cardiomediastinum', 'Lung Opacity']","['Atelectasis', 'Cardiomegaly', 'Edema', 'Enlarged Cardiomediastinum', 'Lung Opacity']","['Atelectasis', 'Cardiomegaly', 'Edema', 'Enlarged Cardiomediastinum', 'Lung Opacity']","['Atelectasis', 'Cardiomegaly', 'Lung Opacity']",abnormal,abnormal,0.0,0.26666666666666666,0.018675069843307503,0.17543859649122806,0.14652014652014653,6,1,0,0.0,0.0,False,6,1,3.0,2.0,0.0,1.0,0.0,3.0,2.0,0.0,1.0,0.0,3.0,2.0,0.0,1.0,0.0,2.0,2.0,3.0,3.0,2.0,2.0,3.0,3.0,1.0,0.0,4.0,0.0
1819,case_179e5ffb9e,G1B_llm_sham_retrieval,True,32,True,abnormal,"['Enlarged Cardiomediastinum', 'Lung Opacity']","['Enlarged Cardiomediastinum', 'Lung Opacity']","['Atelectasis', 'Cardiomegaly', 'Edema', 'Enlarged Cardiomediastinum', 'Lung Opacity']","['Atelectasis', 'Cardiomegaly', 'Lung Opacity']",abnormal,abnormal,0.75,0.12500000000000003,0.014672606369868058,0.13559322033898305,0.07272727272727272,8,0,0,0.0,0.0,False,8,0,1.0,1.0,2.0,1.0,1.0,1.0,1.0,2.0,1.0,1.0,1.0,1.0,2.0,1.0,1.0,2.0,1.0,3.0,1.0,2.0,1.0,3.0,1.0,2.0,0.0,0.0,0.0
1819,case_179e5ffb9e,G1_single_agent_rag,True,16,True,abnormal,"['Atelectasis', 'Cardiomegaly', 'Lung Opacity']","['Atelectasis', 'Cardiomegaly', 'Lung Opacity']","['Atelectasis', 'Cardiomegaly', 'Edema', 'Enlarged Cardiomediastinum', 'Lung Opacity']","['Atelectasis', 'Cardiomegaly', 'Lung Opacity']",abnormal,abnormal,0.0,0.21998881536228665,0.01789066139879228,0.18604651162790697,0.13513513513513514,3,1,0,0.0,0.0,False,3,0,3.0,0.0,0.0,0.0,0.0,3.0,0.0,0.0,0.0,0.0,3.0,0.0,0.0,0.0,0.0,2.0,0.0,3.0,3.0,2.0,0.0,3.0,3.0,0.0,0.0,3.0,0.0
1820,case_828446db7e,B0_rule_based,False,4,True,abnormal,['Pneumonia'],['Pneumonia'],['Pneumonia'],,abnormal,,0.0,3.758597982443931e-05,6.792553335400515e-05,0.0,0.0,2,0,0,0.0,0.0,False,2,0,,,,,,,,,,,,,,,,,,,,,,,,,,,
1820,case_828446db7e,G1A_llm_no_retrieval,False,18,True,normal,[],[],['Pneumonia'],,abnormal,,0.0,0.256708559516296,0.020314461040635272,0.33333333333333337,0.23898319615912209,4,0,0,0.0,0.0,False,4,2,,,,,,,,,,,,,,,,,,,,,,,,,,,
1820,case_828446db7e,G1B_llm_sham_retrieval,False,5,True,abnormal,"['Lung Opacity', 'Pneumonia']","['Lung Opacity', 'Pneumonia']",['Pneumonia'],,abnormal,,0.0,0.00013475893998170934,0.000203578672917307,0.0,0.0,2,0,0,0.0,0.0,False,2,0,,,,,,,,,,,,,,,,,,,,,,,,,,,
1820,case_828446db7e,G1_single_agent_rag,False,10,True,abnormal,"['Lung Opacity', 'Pneumonia']","['Lung Opacity', 'Pneumonia']",['Pneumonia'],,abnormal,,0.0,0.027067056647322542,0.006040333268682658,0.1,0.06696428571428571,2,1,0,0.0,0.0,False,2,0,,,,,,,,,,,,,,,,,,,,,,,,,,,
1826,case_79ab7b86bc,B0_rule_based,True,10,True,normal,[],[],[],[],normal,normal,0.0,0.02252460119677891,0.005346621888229585,0.15686274509803924,0.09815303430079156,2,1,0,0.0,0.0,False,2,0,0.0,0.0,0.0,0.0,0.0,0.0,0.0,0.0,0.0,0.0,0.0,0.0,0.0,0.0,0.0,0.0,0.0,0.0,0.0,0.0,0.0,0.0,0.0,0.0,0.0,0.0,0.0
1826,case_79ab7b86bc,G1A_llm_no_retrieval,True,10,True,abnormal,['Enlarged Cardiomediastinum'],['Enlarged Cardiomediastinum'],[],[],normal,normal,0.0,0.02252460119677891,0.0030066264379187513,0.11764705882352941,0.11767810026385224,2,1,0,0.0,0.0,False,2,0,0.0,1.0,0.0,1.0,0.0,0.0,1.0,0.0,1.0,0.0,0.0,1.0,0.0,1.0,0.0,0.0,0.0,0.0,0.0,0.0,0.0,0.0,0.0,0.0,0.0,0.0,1.0
1826,case_79ab7b86bc,G1B_llm_sham_retrieval,True,19,True,normal,[],[],[],[],normal,normal,0.0,0.18187449035899256,0.03794462369635394,0.3333333333333333,0.24697537701286526,3,1,0,0.0,0.0,False,3,1,0.0,0.0,0.0,0.0,0.0,0.0,0.0,0.0,0.0,0.0,0.0,0.0,0.0,0.0,0.0,0.0,0.0,0.0,0.0,0.0,0.0,0.0,0.0,0.0,0.0,0.0,0.0
1826,case_79ab7b86bc,G1_single_agent_rag,True,21,True,normal,[],[],[],[],normal,normal,0.0,0.2020968750057317,0.011413412925784194,0.29032258064516125,0.14102564102564102,4,1,0,0.0,0.0,False,4,1,0.0,0.0,0.0,0.0,0.0,0.0,0.0,0.0,0.0,0.0,0.0,0.0,0.0,0.0,0.0,0.0,0.0,0.0,0.0,0.0,0.0,0.0,0.0,0.0,0.0,0.0,0.0
1832,case_a5e12f0c90,B0_rule_based,True,23,True,abnormal,"['Cardiomegaly', 'Edema', 'Lung Opacity', 'Pleural Effusion']","['Cardiomegaly', 'Edema', 'Lung Opacity', 'Pleural Effusion']","['Cardiomegaly', 'Edema', 'Lung Opacity', 'Pleural Effusion']","['Atelectasis', 'Cardiomegaly', 'Lung Opacity']",abnormal,abnormal,0.0,0.07096435434888765,0.005930307306960077,0.1,0.04213483146067416,5,1,0,0.0,0.0,False,5,0,2.0,2.0,1.0,1.0,1.0,2.0,2.0,1.0,1.0,1.0,2.0,2.0,1.0,1.0,1.0,2.0,2.0,2.0,2.0,2.0,2.0,2.0,2.0,0.0,0.0,4.0,0.0
1832,case_a5e12f0c90,G1A_llm_no_retrieval,True,19,True,abnormal,"['Cardiomegaly', 'Lung Opacity', 'Pleural Effusion']","['Cardiomegaly', 'Lung Opacity', 'Pleural Effusion']","['Cardiomegaly', 'Edema', 'Lung Opacity', 'Pleural Effusion']","['Atelectasis', 'Cardiomegaly', 'Lung Opacity']",abnormal,abnormal,0.0,0.12245055893568155,0.006179483578641264,0.17857142857142858,0.08522727272727272,4,1,0,0.0,0.0,False,4,0,2.0,1.0,1.0,1.0,1.0,2.0,1.0,1.0,1.0,1.0,2.0,1.0,1.0,1.0,1.0,2.0,1.0,2.0,2.0,2.0,1.0,2.0,2.0,0.0,0.0,3.0,0.0
1832,case_a5e12f0c90,G1B_llm_sham_retrieval,True,30,True,normal,[],[],"['Cardiomegaly', 'Edema', 'Lung Opacity', 'Pleural Effusion']","['Atelectasis', 'Cardiomegaly', 'Lung Opacity']",abnormal,abnormal,0.0,0.18477423214524905,0.014303056983062482,0.1791044776119403,0.09641873278236913,7,3,2,0.6666666666666666,0.13043478260869565,False,7,4,0.0,0.0,3.0,0.0,1.0,0.0,0.0,3.0,0.0,1.0,0.0,0.0,3.0,0.0,1.0,2.0,0.0,2.0,0.0,2.0,0.0,2.0,0.0,0.0,0.0,0.0,0.0
1832,case_a5e12f0c90,G1_single_agent_rag,True,27,True,abnormal,"['Cardiomegaly', 'Edema', 'Lung Opacity', 'Pleural Effusion']","['Cardiomegaly', 'Edema', 'Lung Opacity', 'Pleural Effusion']","['Cardiomegaly', 'Edema', 'Lung Opacity', 'Pleural Effusion']","['Atelectasis', 'Cardiomegaly', 'Lung Opacity']",abnormal,abnormal,0.0,0.12786639823650167,0.007207266852921943,0.15625,0.06944444444444445,5,2,0,0.0,0.0,False,5,0,2.0,2.0,1.0,1.0,1.0,2.0,2.0,1.0,1.0,1.0,2.0,2.0,1.0,1.0,1.0,2.0,2.0,2.0,2.0,2.0,2.0,2.0,2.0,0.0,0.0,4.0,0.0
1833,case_8482b208f5,B0_rule_based,True,10,True,normal,[],[],[],['Atelectasis'],normal,abnormal,0.0,0.0022370771856165604,0.0004721427602222849,0.034482758620689655,0.011312217194570134,2,1,0,0.0,0.0,False,2,0,0.0,0.0,1.0,0.0,1.0,0.0,0.0,1.0,0.0,1.0,0.0,0.0,1.0,0.0,1.0,0.0,0.0,0.0,0.0,0.0,0.0,0.0,0.0,0.0,0.0,0.0,0.0
1833,case_8482b208f5,G1A_llm_no_retrieval,True,10,True,abnormal,['Enlarged Cardiomediastinum'],['Enlarged Cardiomediastinum'],[],['Atelectasis'],normal,abnormal,0.0,0.0022370771856165604,0.0004721427602222849,0.034482758620689655,0.011312217194570134,2,1,0,0.0,0.0,False,2,0,0.0,1.0,1.0,1.0,1.0,0.0,1.0,1.0,1.0,1.0,0.0,1.0,1.0,1.0,1.0,0.0,0.0,0.0,0.0,0.0,0.0,0.0,0.0,0.0,0.0,0.0,1.0
1833,case_8482b208f5,G1B_llm_sham_retrieval,True,26,True,normal,[],[],[],['Atelectasis'],normal,abnormal,0.0,0.2970429237298444,0.14555463956833692,0.4054054054054054,0.3593185616475282,5,2,2,1.0,0.15789473684210525,True,5,1,0.0,0.0,1.0,0.0,1.0,0.0,0.0,1.0,0.0,1.0,0.0,0.0,1.0,0.0,1.0,0.0,0.0,0.0,0.0,0.0,0.0,0.0,0.0,0.0,0.0,0.0,0.0
1833,case_8482b208f5,G1_single_agent_rag,True,21,True,normal,[],[],[],['Atelectasis'],normal,abnormal,0.0,0.14480873871072425,0.019139518870012744,0.26086956521739124,0.12141280353200883,4,1,0,0.0,0.0,False,4,1,0.0,0.0,1.0,0.0,1.0,0.0,0.0,1.0,0.0,1.0,0.0,0.0,1.0,0.0,1.0,0.0,0.0,0.0,0.0,0.0,0.0,0.0,0.0,0.0,0.0,0.0,0.0
1837,case_6542718443,B0_rule_based,True,10,True,normal,[],[],[],[],normal,normal,0.0,0.10094825899732769,0.023961896879708785,0.2222222222222222,0.15245901639344261,2,1,0,0.0,0.0,False,2,0,0.0,0.0,0.0,0.0,0.0,0.0,0.0,0.0,0.0,0.0,0.0,0.0,0.0,0.0,0.0,0.0,0.0,0.0,0.0,0.0,0.0,0.0,0.0,0.0,0.0,0.0,0.0
1837,case_6542718443,G1A_llm_no_retrieval,True,10,True,abnormal,['Enlarged Cardiomediastinum'],['Enlarged Cardiomediastinum'],[],[],normal,normal,0.0,0.020189651799465542,0.004261094784666207,0.05555555555555555,0.020491803278688523,2,1,0,0.0,0.0,False,2,0,0.0,1.0,0.0,1.0,0.0,0.0,1.0,0.0,1.0,0.0,0.0,1.0,0.0,1.0,0.0,0.0,0.0,0.0,0.0,0.0,0.0,0.0,0.0,0.0,0.0,0.0,1.0
1837,case_6542718443,G1B_llm_sham_retrieval,True,20,True,normal,[],[],[],[],normal,normal,0.0,0.5556136655112884,0.1403971249528161,0.34782608695652173,0.43937007874015743,4,2,1,0.5,0.0,False,4,1,0.0,0.0,0.0,0.0,0.0,0.0,0.0,0.0,0.0,0.0,0.0,0.0,0.0,0.0,0.0,0.0,0.0,0.0,0.0,0.0,0.0,0.0,0.0,0.0,0.0,0.0,0.0
1837,case_6542718443,G1_single_agent_rag,True,21,True,normal,[],[],[],[],normal,normal,0.0,0.487888531461383,0.03635013616005782,0.3404255319148936,0.35537765402018795,4,1,0,0.0,0.0,False,4,1,0.0,0.0,0.0,0.0,0.0,0.0,0.0,0.0,0.0,0.0,0.0,0.0,0.0,0.0,0.0,0.0,0.0,0.0,0.0,0.0,0.0,0.0,0.0,0.0,0.0,0.0,0.0
1847,case_ee83b7cde9,B0_rule_based,False,10,True,normal,[],[],[],,normal,,0.0,0.005760822934314021,0.0005024043172978644,0.17647058823529413,0.06578947368421054,2,1,0,0.0,0.0,False,2,0,,,,,,,,,,,,,,,,,,,,,,,,,,,
1847,case_ee83b7cde9,G1A_llm_no_retrieval,False,10,True,abnormal,['Enlarged Cardiomediastinum'],['Enlarged Cardiomediastinum'],[],,normal,,0.0,0.0016459494098040061,0.00036731304434577995,0.0588235294117647,0.018796992481203003,2,1,0,0.0,0.0,False,2,0,,,,,,,,,,,,,,,,,,,,,,,,,,,
1847,case_ee83b7cde9,G1B_llm_sham_retrieval,False,68,True,abnormal,"['Lung Opacity', 'Support Devices']","['Lung Opacity', 'Support Devices']",[],,normal,,0.0,0.35294117647058826,0.03328837218742591,0.23809523809523808,0.2501177024482109,8,6,6,1.0,1.0,True,8,3,,,,,,,,,,,,,,,,,,,,,,,,,,,
1847,case_ee83b7cde9,G1_single_agent_rag,False,21,True,normal,[],[],[],,normal,,0.0,0.08994724683056753,0.005079767164067159,0.22784810126582278,0.1012891344383057,4,1,0,0.0,0.0,False,4,1,,,,,,,,,,,,,,,,,,,,,,,,,,,
1872,case_5bc4ff2dd4,B0_rule_based,False,10,True,normal,[],[],[],,normal,,0.0,0.0986387855766426,0.027679139722781982,0.23529411764705882,0.13965707964601767,2,1,0,0.0,0.0,False,2,0,,,,,,,,,,,,,,,,,,,,,,,,,,,
1872,case_5bc4ff2dd4,G1A_llm_no_retrieval,False,10,True,abnormal,['Enlarged Cardiomediastinum'],['Enlarged Cardiomediastinum'],[],,normal,,0.0,0.002465969639416066,0.0029267126939625902,0.0,0.0,2,1,0,0.0,0.0,False,2,0,,,,,,,,,,,,,,,,,,,,,,,,,,,
1872,case_5bc4ff2dd4,G1B_llm_sham_retrieval,False,22,True,normal,[],[],[],,normal,,0.0,0.4565503581411312,0.06012301836163985,0.30434782608695654,0.37328981179248555,4,2,1,0.5,0.06666666666666667,False,4,1,,,,,,,,,,,,,,,,,,,,,,,,,,,
1872,case_5bc4ff2dd4,G1_single_agent_rag,False,21,True,normal,[],[],[],,normal,,0.0,0.24767939992862334,0.0220382393071898,0.22222222222222224,0.12658227848101264,4,1,0,0.0,0.0,False,4,1,,,,,,,,,,,,,,,,,,,,,,,,,,,
1881,case_fb4c5ada9c,B0_rule_based,False,10,True,normal,[],[],[],,normal,,0.0,0.07478430961131753,0.004720362498031076,0.20512820512820515,0.0922509225092251,2,1,0,0.0,0.0,False,2,0,,,,,,,,,,,,,,,,,,,,,,,,,,,
1881,case_fb4c5ada9c,G1A_llm_no_retrieval,False,10,True,abnormal,['Enlarged Cardiomediastinum'],['Enlarged Cardiomediastinum'],[],,normal,,0.0,0.04487058576679052,0.007387766558024659,0.15384615384615385,0.09430094300943008,2,1,0,0.0,0.0,False,2,0,,,,,,,,,,,,,,,,,,,,,,,,,,,
1881,case_fb4c5ada9c,G1B_llm_sham_retrieval,False,29,True,normal,[],[],[],,normal,,0.0,0.41379310344827586,0.11391856953132565,0.3103448275862069,0.3524904214559387,4,3,1,0.3333333333333333,0.2727272727272727,False,4,0,,,,,,,,,,,,,,,,,,,,,,,,,,,
1881,case_fb4c5ada9c,G1_single_agent_rag,False,21,True,normal,[],[],[],,normal,,0.0,0.2928044668606921,0.019221897688883924,0.24000000000000002,0.20707468698012438,4,1,0,0.0,0.0,False,4,1,,,,,,,,,,,,,,,,,,,,,,,,,,,
1882,case_051ede7305,B0_rule_based,True,10,True,normal,[],[],[],[],normal,normal,0.0,0.2744058180470132,0.15243896465019202,0.38461538461538464,0.2896103896103896,2,1,0,0.0,0.0,False,2,0,0.0,0.0,0.0,0.0,0.0,0.0,0.0,0.0,0.0,0.0,0.0,0.0,0.0,0.0,0.0,0.0,0.0,0.0,0.0,0.0,0.0,0.0,0.0,0.0,0.0,0.0,0.0
1882,case_051ede7305,G1A_llm_no_retrieval,True,10,True,abnormal,['Enlarged Cardiomediastinum'],['Enlarged Cardiomediastinum'],[],[],normal,normal,0.0,0.005488116360940266,0.006513518886352193,0.0,0.0,2,1,0,0.0,0.0,False,2,0,0.0,1.0,0.0,1.0,0.0,0.0,1.0,0.0,1.0,0.0,0.0,1.0,0.0,1.0,0.0,0.0,0.0,0.0,0.0,0.0,0.0,0.0,0.0,0.0,0.0,0.0,1.0
1882,case_051ede7305,G1B_llm_sham_retrieval,True,9,True,normal,[],[],[],[],normal,normal,0.0,0.1531419413453089,0.014499407975266087,0.24000000000000005,0.09803921568627452,2,1,0,0.0,0.0,False,2,1,0.0,0.0,0.0,0.0,0.0,0.0,0.0,0.0,0.0,0.0,0.0,0.0,0.0,0.0,0.0,0.0,0.0,0.0,0.0,0.0,0.0,0.0,0.0,0.0,0.0,0.0,0.0
1882,case_051ede7305,G1_single_agent_rag,True,21,True,normal,[],[],[],[],normal,normal,0.0,0.3333333333333333,0.02642138995497447,0.27027027027027023,0.2121212121212121,4,1,0,0.0,0.0,False,4,1,0.0,0.0,0.0,0.0,0.0,0.0,0.0,0.0,0.0,0.0,0.0,0.0,0.0,0.0,0.0,0.0,0.0,0.0,0.0,0.0,0.0,0.0,0.0,0.0,0.0,0.0,0.0
1904,case_439f3d6028,B0_rule_based,False,11,True,abnormal,"['Fracture', 'Pleural Other']","['Fracture', 'Pleural Other']","['Fracture', 'Pleural Other']",,abnormal,,0.0,0.1384182521267043,0.01706602014357155,0.16,0.072992700729927,3,0,0,0.0,0.0,False,3,0,,,,,,,,,,,,,,,,,,,,,,,,,,,
1904,case_439f3d6028,G1A_llm_no_retrieval,False,22,True,normal,[],[],"['Fracture', 'Pleural Other']",,abnormal,,0.0,0.36363636363636365,0.161692143534558,0.2222222222222222,0.5262880067567568,5,0,0,0.0,0.0,False,5,1,,,,,,,,,,,,,,,,,,,,,,,,,,,
1904,case_439f3d6028,G1B_llm_sham_retrieval,False,19,True,normal,[],[],"['Fracture', 'Pleural Other']",,abnormal,,0.0,0.10526315789473682,0.012109013026441871,0.06060606060606061,0.06896551724137931,3,1,0,0.0,0.3333333333333333,False,3,0,,,,,,,,,,,,,,,,,,,,,,,,,,,
1904,case_439f3d6028,G1_single_agent_rag,False,39,True,abnormal,['Fracture'],['Fracture'],"['Fracture', 'Pleural Other']",,abnormal,,0.0,0.10256410256410255,0.00670929504614591,0.11320754716981134,0.1212121212121212,7,3,1,0.3333333333333333,0.40625,False,7,2,,,,,,,,,,,,,,,,,,,,,,,,,,,
1907,case_2366b200c2,B0_rule_based,True,4,True,abnormal,['Cardiomegaly'],['Cardiomegaly'],['Cardiomegaly'],[],abnormal,normal,0.0,0.015981965301676893,0.005136146045581821,0.10526315789473685,0.03597122302158273,2,0,0,0.0,0.0,False,2,0,0.0,1.0,0.0,1.0,0.0,0.0,1.0,0.0,1.0,0.0,0.0,1.0,0.0,1.0,0.0,1.0,1.0,0.0,0.0,1.0,1.0,0.0,0.0,0.0,0.0,1.0,0.0
1907,case_2366b200c2,G1A_llm_no_retrieval,True,9,True,abnormal,['Cardiomegaly'],['Cardiomegaly'],['Cardiomegaly'],[],abnormal,normal,0.0,0.22818538623670756,0.06547830000798768,0.33333333333333337,0.2604166666666667,3,0,0,0.0,0.0,False,3,1,0.0,1.0,0.0,1.0,0.0,0.0,1.0,0.0,1.0,0.0,0.0,1.0,0.0,1.0,0.0,1.0,1.0,0.0,0.0,1.0,1.0,0.0,0.0,0.0,0.0,1.0,0.0
1907,case_2366b200c2,G1B_llm_sham_retrieval,True,25,True,normal,[],[],['Cardiomegaly'],[],abnormal,normal,0.0,0.24,0.044588192733265836,0.25,0.3194444444444444,4,2,2,1.0,0.7777777777777778,True,4,0,0.0,0.0,0.0,0.0,0.0,0.0,0.0,0.0,0.0,0.0,0.0,0.0,0.0,0.0,0.0,1.0,0.0,0.0,0.0,1.0,0.0,0.0,0.0,0.0,0.0,0.0,0.0
1907,case_2366b200c2,G1_single_agent_rag,True,10,True,abnormal,['Cardiomegaly'],['Cardiomegaly'],['Cardiomegaly'],[],abnormal,normal,0.25,0.1213061319425267,0.015223083300988084,0.16,0.06896551724137931,4,0,0,0.0,0.6666666666666666,False,4,1,0.0,1.0,0.0,1.0,0.0,0.0,1.0,0.0,1.0,0.0,0.0,1.0,0.0,1.0,0.0,1.0,1.0,0.0,0.0,1.0,1.0,0.0,0.0,0.0,0.0,1.0,0.0
1914,case_b1b36e8785,B0_rule_based,True,10,True,normal,[],[],[],['Lung Opacity'],normal,abnormal,0.0,0.03673692847589457,0.006048591677615858,0.14634146341463414,0.05190311418685121,2,1,0,0.0,0.0,False,2,0,0.0,0.0,1.0,0.0,1.0,0.0,0.0,1.0,0.0,1.0,0.0,0.0,1.0,0.0,1.0,0.0,0.0,0.0,0.0,0.0,0.0,0.0,0.0,0.0,0.0,0.0,0.0
1914,case_b1b36e8785,G1A_llm_no_retrieval,True,10,True,abnormal,['Enlarged Cardiomediastinum'],['Enlarged Cardiomediastinum'],[],['Lung Opacity'],normal,abnormal,0.0,0.0012245642825298195,0.0014533625122415872,0.0,0.0,2,1,0,0.0,0.0,False,2,0,0.0,1.0,1.0,1.0,1.0,0.0,1.0,1.0,1.0,1.0,0.0,1.0,1.0,1.0,1.0,0.0,0.0,0.0,0.0,0.0,0.0,0.0,0.0,0.0,0.0,0.0,1.0
1914,case_b1b36e8785,G1B_llm_sham_retrieval,True,22,True,normal,[],[],[],['Lung Opacity'],normal,abnormal,0.0,0.18116013896298963,0.016060737913438938,0.18867924528301885,0.09966777408637874,4,2,0,0.0,0.0,False,4,1,0.0,0.0,1.0,0.0,1.0,0.0,0.0,1.0,0.0,1.0,0.0,0.0,1.0,0.0,1.0,0.0,0.0,0.0,0.0,0.0,0.0,0.0,0.0,0.0,0.0,0.0,0.0
1914,case_b1b36e8785,G1_single_agent_rag,True,20,True,normal,[],[],[],['Lung Opacity'],normal,abnormal,0.0,0.11538996207609734,0.01661629813796407,0.1568627450980392,0.10556020066889632,4,1,0,0.0,0.0,False,4,1,0.0,0.0,1.0,0.0,1.0,0.0,0.0,1.0,0.0,1.0,0.0,0.0,1.0,0.0,1.0,0.0,0.0,0.0,0.0,0.0,0.0,0.0,0.0,0.0,0.0,0.0,0.0
1918,case_39b28bf5e8,B0_rule_based,True,8,True,abnormal,['Enlarged Cardiomediastinum'],['Enlarged Cardiomediastinum'],['Enlarged Cardiomediastinum'],"['Lung Opacity', 'Support Devices']",abnormal,abnormal,0.0,1.4573665932717203e-05,3.42419887247732e-06,0.0425531914893617,0.01278772378516624,2,0,0,0.0,0.0,False,2,0,0.0,1.0,2.0,1.0,1.0,0.0,1.0,2.0,1.0,1.0,0.0,1.0,3.0,1.0,1.0,1.0,1.0,0.0,0.0,1.0,1.0,0.0,0.0,1.0,0.0,0.0,0.0
1918,case_39b28bf5e8,G1A_llm_no_retrieval,True,7,True,abnormal,['Enlarged Cardiomediastinum'],['Enlarged Cardiomediastinum'],['Enlarged Cardiomediastinum'],"['Lung Opacity', 'Support Devices']",abnormal,abnormal,0.0,3.5859853998877605e-06,4.930196610469367e-07,0.04301075268817204,0.012804097311139564,2,0,0,0.0,0.0,False,2,0,0.0,1.0,2.0,1.0,1.0,0.0,1.0,2.0,1.0,1.0,0.0,1.0,3.0,1.0,1.0,1.0,1.0,0.0,0.0,1.0,1.0,0.0,0.0,1.0,0.0,0.0,0.0
1918,case_39b28bf5e8,G1B_llm_sham_retrieval,True,15,True,normal,[],[],['Enlarged Cardiomediastinum'],"['Lung Opacity', 'Support Devices']",abnormal,abnormal,0.0,0.004691785840589604,0.0007354166780193867,0.13861386138613863,0.08000633713561471,3,1,0,0.0,0.0,False,3,1,0.0,0.0,2.0,0.0,1.0,0.0,0.0,2.0,0.0,1.0,0.0,0.0,3.0,0.0,1.0,1.0,0.0,0.0,0.0,1.0,0.0,0.0,0.0,0.0,0.0,0.0,0.0
1918,case_39b28bf5e8,G1_single_agent_rag,True,21,True,abnormal,['Cardiomegaly'],['Cardiomegaly'],['Enlarged Cardiomediastinum'],"['Lung Opacity', 'Support Devices']",abnormal,abnormal,0.0,0.012932638279596263,0.0006471040807156946,0.07476635514018691,0.03773584905660378,4,2,2,1.0,0.7857142857142857,True,4,2,0.0,1.0,2.0,1.0,1.0,0.0,1.0,2.0,1.0,1.0,0.0,1.0,3.0,1.0,1.0,1.0,0.0,0.0,0.0,1.0,0.0,0.0,0.0,0.0,1.0,0.0,0.0
1937,case_21eaed993d,B0_rule_based,True,10,True,normal,[],[],[],[],normal,normal,0.0,0.04060058497098381,0.0037590985869139244,0.15,0.05357142857142856,2,1,0,0.0,0.0,False,2,0,0.0,0.0,0.0,0.0,0.0,0.0,0.0,0.0,0.0,0.0,0.0,0.0,0.0,0.0,0.0,0.0,0.0,0.0,0.0,0.0,0.0,0.0,0.0,0.0,0.0,0.0,0.0
1937,case_21eaed993d,G1A_llm_no_retrieval,True,10,True,abnormal,['Enlarged Cardiomediastinum'],['Enlarged Cardiomediastinum'],[],[],normal,normal,0.0,0.013533528323661273,0.0028562972522196747,0.05,0.017857142857142856,2,1,0,0.0,0.0,False,2,0,0.0,1.0,0.0,1.0,0.0,0.0,1.0,0.0,1.0,0.0,0.0,1.0,0.0,1.0,0.0,0.0,0.0,0.0,0.0,0.0,0.0,0.0,0.0,0.0,0.0,0.0,1.0
1937,case_21eaed993d,G1B_llm_sham_retrieval,True,21,True,normal,[],[],[],[],normal,normal,0.0,0.34122998251626724,0.060940093419125284,0.4313725490196078,0.3053023202976342,4,1,0,0.0,0.0,False,4,1,0.0,0.0,0.0,0.0,0.0,0.0,0.0,0.0,0.0,0.0,0.0,0.0,0.0,0.0,0.0,0.0,0.0,0.0,0.0,0.0,0.0,0.0,0.0,0.0,0.0,0.0,0.0
1937,case_21eaed993d,G1_single_agent_rag,True,21,True,normal,[],[],[],[],normal,normal,0.0,0.37225089001774603,0.025919735745874844,0.23529411764705882,0.32538659793814434,4,1,0,0.0,0.0,False,4,1,0.0,0.0,0.0,0.0,0.0,0.0,0.0,0.0,0.0,0.0,0.0,0.0,0.0,0.0,0.0,0.0,0.0,0.0,0.0,0.0,0.0,0.0,0.0,0.0,0.0,0.0,0.0
1939,case_e61b157d57,B0_rule_based,True,12,True,indeterminate,[],[],[],['Lung Opacity'],indeterminate,abnormal,0.0,0.03332080452873727,0.006810713549541546,0.057142857142857134,0.0228310502283105,2,1,0,0.0,0.0,False,2,2,0.0,0.0,1.0,0.0,1.0,0.0,0.0,1.0,0.0,1.0,0.0,0.0,1.0,0.0,1.0,0.0,0.0,0.0,0.0,0.0,0.0,0.0,0.0,0.0,0.0,0.0,0.0
1939,case_e61b157d57,G1A_llm_no_retrieval,True,10,True,abnormal,['Enlarged Cardiomediastinum'],['Enlarged Cardiomediastinum'],[],['Lung Opacity'],indeterminate,abnormal,0.0,0.0027253179303401275,0.003234517754930288,0.0,0.0,2,1,0,0.0,0.0,False,2,0,0.0,1.0,1.0,1.0,1.0,0.0,1.0,1.0,1.0,1.0,0.0,1.0,1.0,1.0,1.0,0.0,0.0,0.0,0.0,0.0,0.0,0.0,0.0,0.0,0.0,0.0,1.0
1939,case_e61b157d57,G1B_llm_sham_retrieval,True,25,True,normal,[],[],[],['Lung Opacity'],indeterminate,abnormal,0.0,0.4,0.06024757292375468,0.3333333333333333,0.3571120689655172,5,0,0,0.0,0.0,False,5,1,0.0,0.0,1.0,0.0,1.0,0.0,0.0,1.0,0.0,1.0,0.0,0.0,1.0,0.0,1.0,0.0,0.0,0.0,0.0,0.0,0.0,0.0,0.0,0.0,0.0,0.0,0.0
1939,case_e61b157d57,G1_single_agent_rag,True,25,True,normal,[],[],[],['Lung Opacity'],indeterminate,abnormal,0.0,0.4,0.06024757292375468,0.3333333333333333,0.3571120689655172,5,0,0,0.0,0.0,False,5,1,0.0,0.0,1.0,0.0,1.0,0.0,0.0,1.0,0.0,1.0,0.0,0.0,1.0,0.0,1.0,0.0,0.0,0.0,0.0,0.0,0.0,0.0,0.0,0.0,0.0,0.0,0.0
1943,case_4c1b60d5b1,B0_rule_based,False,10,True,normal,[],[],[],,normal,,0.0,0.0009033161885225332,0.00011335995439640884,0.05405405405405406,0.017064846416382253,2,1,0,0.0,0.0,False,2,0,,,,,,,,,,,,,,,,,,,,,,,,,,,
1943,case_4c1b60d5b1,G1A_llm_no_retrieval,False,10,True,abnormal,['Enlarged Cardiomediastinum'],['Enlarged Cardiomediastinum'],[],,normal,,0.0,4.5165809426126675e-05,5.3604612833693165e-05,0.0,0.0,2,1,0,0.0,0.0,False,2,0,,,,,,,,,,,,,,,,,,,,,,,,,,,
1943,case_4c1b60d5b1,G1B_llm_sham_retrieval,False,33,True,normal,[],[],[],,normal,,0.0,0.14213260045683898,0.008690454488434626,0.16494845360824742,0.12115717934683452,5,4,3,0.75,0.5769230769230769,False,5,1,,,,,,,,,,,,,,,,,,,,,,,,,,,
1943,case_4c1b60d5b1,G1_single_agent_rag,False,21,True,normal,[],[],[],,normal,,0.0,0.0614484668798268,0.004432706702060727,0.16470588235294117,0.12462311557788945,4,1,0,0.0,0.0,False,4,1,,,,,,,,,,,,,,,,,,,,,,,,,,,
1944,case_71ee4e9d44,B0_rule_based,False,15,True,abnormal,"['Fracture', 'Lung Lesion']","['Fracture', 'Lung Lesion']","['Fracture', 'Lung Lesion']",,abnormal,,0.0,0.006526100884970999,0.00038697380310452145,0.0898876404494382,0.03671071953010279,3,2,0,0.0,0.0,False,3,0,,,,,,,,,,,,,,,,,,,,,,,,,,,
1944,case_71ee4e9d44,G1A_llm_no_retrieval,False,18,True,normal,[],[],"['Fracture', 'Lung Lesion']",,abnormal,,0.0,0.01980063388643987,0.001439298727924023,0.15217391304347827,0.07778234649122807,4,0,0,0.0,0.0,False,4,2,,,,,,,,,,,,,,,,,,,,,,,,,,,
1944,case_71ee4e9d44,G1B_llm_sham_retrieval,False,25,True,normal,[],[],"['Fracture', 'Lung Lesion']",,abnormal,,0.0,0.0676120420421016,0.007468960868665442,0.1414141414141414,0.10677962694967037,4,2,0,0.0,0.0,False,4,1,,,,,,,,,,,,,,,,,,,,,,,,,,,
1944,case_71ee4e9d44,G1_single_agent_rag,False,92,True,abnormal,"['Atelectasis', 'Fracture']","['Atelectasis', 'Fracture']","['Fracture', 'Lung Lesion']",,abnormal,,0.09090909090909094,0.14130434782608695,0.0037313879451315833,0.08433734939759037,0.0857519788918206,11,7,7,1.0,1.0,True,11,4,,,,,,,,,,,,,,,,,,,,,,,,,,,
1947,case_92d1a34b60,B0_rule_based,True,4,True,abnormal,['Fracture'],['Fracture'],['Fracture'],['Lung Lesion'],abnormal,abnormal,0.0,3.085245102166989e-06,5.575667311891105e-06,0.0,0.0,2,0,0,0.0,0.0,False,2,0,0.0,1.0,1.0,1.0,1.0,0.0,1.0,1.0,1.0,1.0,0.0,1.0,1.0,1.0,1.0,1.0,1.0,0.0,0.0,1.0,1.0,0.0,0.0,0.0,0.0,1.0,0.0
1947,case_92d1a34b60,G1A_llm_no_retrieval,True,5,True,abnormal,['Fracture'],['Fracture'],['Fracture'],['Lung Lesion'],abnormal,abnormal,0.0,0.00018237639311090325,4.8994047077851714e-05,0.04444444444444445,0.013698630136986302,2,0,0,0.0,0.0,False,2,0,0.0,1.0,1.0,1.0,1.0,0.0,1.0,1.0,1.0,1.0,0.0,1.0,1.0,1.0,1.0,1.0,1.0,0.0,0.0,1.0,1.0,0.0,0.0,0.0,0.0,1.0,0.0
1947,case_92d1a34b60,G1B_llm_sham_retrieval,True,26,True,normal,[],[],['Fracture'],['Lung Lesion'],abnormal,abnormal,0.0,0.26937483606626494,0.044384499613237906,0.27272727272727276,0.2453044041450777,3,2,2,1.0,1.0,True,3,0,0.0,0.0,1.0,0.0,1.0,0.0,0.0,1.0,0.0,1.0,0.0,0.0,1.0,0.0,1.0,1.0,0.0,0.0,0.0,1.0,0.0,0.0,0.0,0.0,0.0,0.0,0.0
1947,case_92d1a34b60,G1_single_agent_rag,True,33,True,normal,[],[],['Fracture'],['Lung Lesion'],abnormal,abnormal,0.0,0.39217776833071016,0.04086817128304199,0.27397260273972607,0.2979385337150127,4,2,2,1.0,0.6538461538461539,True,4,0,0.0,0.0,1.0,0.0,1.0,0.0,0.0,1.0,0.0,1.0,0.0,0.0,1.0,0.0,1.0,1.0,0.0,0.0,0.0,1.0,0.0,0.0,0.0,0.0,0.0,0.0,0.0
1948,case_2c4a989054,B0_rule_based,True,10,True,normal,[],[],[],[],normal,normal,0.0,0.01991482734714558,0.002642554287381274,0.16000000000000003,0.08530405405405406,2,1,0,0.0,0.0,False,2,0,0.0,0.0,0.0,0.0,0.0,0.0,0.0,0.0,0.0,0.0,0.0,0.0,0.0,0.0,0.0,0.0,0.0,0.0,0.0,0.0,0.0,0.0,0.0,0.0,0.0,0.0,0.0
1948,case_2c4a989054,G1A_llm_no_retrieval,True,10,True,abnormal,['Enlarged Cardiomediastinum'],['Enlarged Cardiomediastinum'],[],[],normal,normal,0.0,0.014936120510359183,0.0024591738602780995,0.12,0.06906906906906907,2,1,0,0.0,0.0,False,2,0,0.0,1.0,0.0,1.0,0.0,0.0,1.0,0.0,1.0,0.0,0.0,1.0,0.0,1.0,0.0,0.0,0.0,0.0,0.0,0.0,0.0,0.0,0.0,0.0,0.0,0.0,1.0
1948,case_2c4a989054,G1B_llm_sham_retrieval,True,18,True,normal,[],[],[],[],normal,normal,0.0,0.19638321887340487,0.0264863903644042,0.2758620689655173,0.22560258671369782,4,1,1,1.0,0.6363636363636364,True,4,2,0.0,0.0,0.0,0.0,0.0,0.0,0.0,0.0,0.0,0.0,0.0,0.0,0.0,0.0,0.0,0.0,0.0,0.0,0.0,0.0,0.0,0.0,0.0,0.0,0.0,0.0,0.0
1948,case_2c4a989054,G1_single_agent_rag,True,21,True,normal,[],[],[],[],normal,normal,0.0,0.231221837752565,0.014547918474697753,0.22950819672131145,0.1936606882473024,4,1,0,0.0,0.0,False,4,1,0.0,0.0,0.0,0.0,0.0,0.0,0.0,0.0,0.0,0.0,0.0,0.0,0.0,0.0,0.0,0.0,0.0,0.0,0.0,0.0,0.0,0.0,0.0,0.0,0.0,0.0,0.0
1960,case_ff981c0f47,B0_rule_based,True,10,True,normal,[],[],[],[],normal,normal,0.0,0.004065696597405993,0.004825333471764197,0.0,0.0,2,1,0,0.0,0.0,False,2,0,0.0,0.0,0.0,0.0,0.0,0.0,0.0,0.0,0.0,0.0,0.0,0.0,0.0,0.0,0.0,0.0,0.0,0.0,0.0,0.0,0.0,0.0,0.0,0.0,0.0,0.0,0.0
1960,case_ff981c0f47,G1A_llm_no_retrieval,True,10,True,abnormal,['Enlarged Cardiomediastinum'],['Enlarged Cardiomediastinum'],[],[],normal,normal,0.0,0.08131393194811984,0.010204337899122706,0.13793103448275862,0.05524861878453038,2,1,0,0.0,0.0,False,2,0,0.0,1.0,0.0,1.0,0.0,0.0,1.0,0.0,1.0,0.0,0.0,1.0,0.0,1.0,0.0,0.0,0.0,0.0,0.0,0.0,0.0,0.0,0.0,0.0,0.0,0.0,1.0
1960,case_ff981c0f47,G1B_llm_sham_retrieval,True,23,True,normal,[],[],[],[],normal,normal,0.0,0.3043478260869566,0.07164684238257436,0.28571428571428575,0.2950767936040395,4,3,3,1.0,1.0,True,4,0,0.0,0.0,0.0,0.0,0.0,0.0,0.0,0.0,0.0,0.0,0.0,0.0,0.0,0.0,0.0,0.0,0.0,0.0,0.0,0.0,0.0,0.0,0.0,0.0,0.0,0.0,0.0
1960,case_ff981c0f47,G1_single_agent_rag,True,21,True,normal,[],[],[],[],normal,normal,0.0,0.2857142857142857,0.030232667130855925,0.2,0.22207754629629628,4,1,0,0.0,0.0,False,4,1,0.0,0.0,0.0,0.0,0.0,0.0,0.0,0.0,0.0,0.0,0.0,0.0,0.0,0.0,0.0,0.0,0.0,0.0,0.0,0.0,0.0,0.0,0.0,0.0,0.0,0.0,0.0
1976,case_a2d925f974,B0_rule_based,True,15,True,abnormal,"['Consolidation', 'Lung Opacity', 'Pneumonia']","['Consolidation', 'Lung Opacity', 'Pneumonia']","['Consolidation', 'Lung Opacity', 'Pneumonia']",['Lung Opacity'],abnormal,abnormal,0.0,0.00565781859800116,0.0011217712486188416,0.029850746268656716,0.010351966873706004,4,0,0,0.0,0.0,False,4,0,1.0,2.0,0.0,1.0,0.0,1.0,2.0,0.0,1.0,0.0,1.0,2.0,1.0,1.0,1.0,2.0,2.0,1.0,1.0,2.0,2.0,1.0,1.0,0.0,0.0,3.0,0.0
1976,case_a2d925f974,G1A_llm_no_retrieval,True,12,True,abnormal,"['Lung Opacity', 'Pneumonia']",['Lung Opacity'],"['Consolidation', 'Lung Opacity', 'Pneumonia']",['Lung Opacity'],abnormal,abnormal,0.0,0.017836996673626204,0.00357637399515709,0.125,0.10648148148148148,2,1,0,0.0,0.0,False,2,0,1.0,1.0,0.0,1.0,0.0,1.0,0.0,0.0,0.0,0.0,1.0,1.0,1.0,1.0,1.0,2.0,1.0,1.0,1.0,2.0,0.0,1.0,1.0,0.0,0.0,2.0,0.0
1976,case_a2d925f974,G1B_llm_sham_retrieval,True,8,True,abnormal,['Lung Opacity'],['Lung Opacity'],"['Consolidation', 'Lung Opacity', 'Pneumonia']",['Lung Opacity'],abnormal,abnormal,0.5,5.108464298080086e-05,6.38341425484147e-05,0.0,0.0,2,0,0,0.0,0.0,False,2,0,1.0,0.0,0.0,0.0,0.0,1.0,0.0,0.0,0.0,0.0,1.0,0.0,1.0,0.0,1.0,2.0,0.0,1.0,1.0,2.0,0.0,1.0,1.0,0.0,0.0,1.0,0.0
1976,case_a2d925f974,G1_single_agent_rag,True,26,True,abnormal,"['Consolidation', 'Lung Opacity']","['Consolidation', 'Lung Opacity']","['Consolidation', 'Lung Opacity', 'Pneumonia']",['Lung Opacity'],abnormal,abnormal,0.0,0.09904446493077296,0.016350250786438942,0.1282051282051282,0.09708336776005949,4,2,0,0.0,0.0,False,4,0,1.0,1.0,0.0,1.0,0.0,1.0,1.0,0.0,1.0,0.0,1.0,1.0,1.0,1.0,1.0,2.0,1.0,1.0,1.0,2.0,1.0,1.0,1.0,0.0,0.0,2.0,0.0
1980,case_17054cc4fb,B0_rule_based,True,10,True,normal,[],[],[],[],normal,normal,0.0,0.07257436263153001,0.028339743727646197,0.3181818181818182,0.16836431962025314,2,1,0,0.0,0.0,False,2,0,0.0,0.0,0.0,0.0,0.0,0.0,0.0,0.0,0.0,0.0,0.0,0.0,0.0,0.0,0.0,0.0,0.0,0.0,0.0,0.0,0.0,0.0,0.0,0.0,0.0,0.0,0.0
1980,case_17054cc4fb,G1A_llm_no_retrieval,True,10,True,abnormal,['Enlarged Cardiomediastinum'],['Enlarged Cardiomediastinum'],[],[],normal,normal,0.0,0.018143590657882503,0.002276895549639941,0.0909090909090909,0.03164556962025316,2,1,0,0.0,0.0,False,2,0,0.0,1.0,0.0,1.0,0.0,0.0,1.0,0.0,1.0,0.0,0.0,1.0,0.0,1.0,0.0,0.0,0.0,0.0,0.0,0.0,0.0,0.0,0.0,0.0,0.0,0.0,1.0
1980,case_17054cc4fb,G1B_llm_sham_retrieval,True,24,True,normal,[],[],[],[],normal,normal,0.0,0.38455703428359217,0.10090918799580009,0.3793103448275862,0.2906617192331478,3,2,0,0.0,0.0,False,3,0,0.0,0.0,0.0,0.0,0.0,0.0,0.0,0.0,0.0,0.0,0.0,0.0,0.0,0.0,0.0,0.0,0.0,0.0,0.0,0.0,0.0,0.0,0.0,0.0,0.0,0.0,0.0
1980,case_17054cc4fb,G1_single_agent_rag,True,21,True,normal,[],[],[],[],normal,normal,0.0,0.2564080998446086,0.020469748161080364,0.32727272727272727,0.22752293577981653,4,1,0,0.0,0.0,False,4,1,0.0,0.0,0.0,0.0,0.0,0.0,0.0,0.0,0.0,0.0,0.0,0.0,0.0,0.0,0.0,0.0,0.0,0.0,0.0,0.0,0.0,0.0,0.0,0.0,0.0,0.0,0.0
1988,case_2986a2aacb,B0_rule_based,True,17,True,abnormal,"['Edema', 'Lung Opacity', 'Pneumonia']","['Edema', 'Lung Opacity', 'Pneumonia']","['Edema', 'Lung Opacity', 'Pneumonia']","['Lung Lesion', 'Lung Opacity']",abnormal,abnormal,0.0,0.022660657973392957,0.0026348256994623686,0.03225806451612903,0.023696682464454978,4,1,0,0.0,0.0,False,4,0,1.0,2.0,1.0,1.0,1.0,1.0,2.0,1.0,1.0,1.0,1.0,2.0,0.0,1.0,0.0,2.0,2.0,1.0,1.0,2.0,2.0,1.0,1.0,1.0,0.0,2.0,0.0
1988,case_2986a2aacb,G1A_llm_no_retrieval,True,19,True,normal,[],[],"['Edema', 'Lung Opacity', 'Pneumonia']","['Lung Lesion', 'Lung Opacity']",abnormal,abnormal,0.0,0.05358073641862943,0.00651731231478984,0.125,0.04716981132075471,4,0,0,0.0,0.0,False,4,1,0.0,0.0,2.0,0.0,1.0,0.0,0.0,2.0,0.0,1.0,0.0,0.0,1.0,0.0,1.0,2.0,0.0,1.0,0.0,2.0,0.0,1.0,0.0,0.0,0.0,0.0,0.0
1988,case_2986a2aacb,G1B_llm_sham_retrieval,True,8,True,abnormal,['Lung Opacity'],['Lung Opacity'],"['Edema', 'Lung Opacity', 'Pneumonia']","['Lung Lesion', 'Lung Opacity']",abnormal,abnormal,0.5,0.0001225456879477729,0.00015313014747096596,0.0,0.0,2,0,0,0.0,0.0,False,2,0,1.0,0.0,1.0,0.0,1.0,1.0,0.0,1.0,0.0,1.0,1.0,0.0,0.0,0.0,0.0,2.0,0.0,1.0,1.0,2.0,0.0,1.0,1.0,0.0,0.0,1.0,0.0
1988,case_2986a2aacb,G1_single_agent_rag,True,35,True,abnormal,"['Lung Opacity', 'Pneumonia']",['Lung Opacity'],"['Edema', 'Lung Opacity', 'Pneumonia']","['Lung Lesion', 'Lung Opacity']",abnormal,abnormal,0.0,0.21470779802151024,0.03174155072276961,0.17500000000000002,0.11363636363636365,5,3,0,0.0,0.0,False,5,1,1.0,1.0,1.0,1.0,1.0,1.0,0.0,1.0,0.0,1.0,1.0,1.0,0.0,1.0,0.0,2.0,1.0,1.0,1.0,2.0,0.0,1.0,1.0,0.0,0.0,2.0,0.0
2003,case_9aed6c78d7,B0_rule_based,True,10,True,normal,[],[],[],['Cardiomegaly'],normal,abnormal,0.0,0.029872241020718365,0.0029244670516714233,0.2,0.08108108108108107,2,1,0,0.0,0.0,False,2,0,0.0,0.0,1.0,0.0,1.0,0.0,0.0,1.0,0.0,1.0,0.0,0.0,1.0,0.0,1.0,0.0,0.0,0.0,0.0,0.0,0.0,0.0,0.0,0.0,0.0,0.0,0.0
2003,case_9aed6c78d7,G1A_llm_no_retrieval,True,215,False,normal,[],[],[],['Cardiomegaly'],normal,abnormal,0.326530612244898,0.023255813953488372,0.0012455196301592178,0.03137254901960784,0.04347826086956522,49,15,0,0.0,0.0,False,49,45,0.0,0.0,1.0,0.0,1.0,0.0,0.0,1.0,0.0,1.0,0.0,0.0,1.0,0.0,1.0,0.0,0.0,0.0,0.0,0.0,0.0,0.0,0.0,0.0,0.0,0.0,0.0
2003,case_9aed6c78d7,G1B_llm_sham_retrieval,True,24,True,normal,[],[],[],['Cardiomegaly'],normal,abnormal,0.0,0.23531617955660467,0.11580066835228055,0.28125000000000006,0.2632145316804408,5,1,1,1.0,0.0,True,5,1,0.0,0.0,1.0,0.0,1.0,0.0,0.0,1.0,0.0,1.0,0.0,0.0,1.0,0.0,1.0,0.0,0.0,0.0,0.0,0.0,0.0,0.0,0.0,0.0,0.0,0.0,0.0
2003,case_9aed6c78d7,G1_single_agent_rag,True,21,True,normal,[],[],[],['Cardiomegaly'],normal,abnormal,0.0,0.19268486479380414,0.011688211139062106,0.1967213114754098,0.13123359580052493,4,1,0,0.0,0.0,False,4,1,0.0,0.0,1.0,0.0,1.0,0.0,0.0,1.0,0.0,1.0,0.0,0.0,1.0,0.0,1.0,0.0,0.0,0.0,0.0,0.0,0.0,0.0,0.0,0.0,0.0,0.0,0.0
2006,case_16e85c539c,B0_rule_based,True,4,True,abnormal,['Fracture'],['Fracture'],['Fracture'],['Cardiomegaly'],abnormal,abnormal,0.0,9.819658863702598e-08,3.155757198176166e-08,0.029850746268656716,0.008756567425569177,2,0,0,0.0,0.0,False,2,0,0.0,1.0,1.0,1.0,1.0,0.0,1.0,1.0,1.0,1.0,0.0,1.0,1.0,1.0,1.0,1.0,1.0,0.0,0.0,1.0,1.0,0.0,0.0,0.0,0.0,1.0,0.0
2006,case_16e85c539c,G1A_llm_no_retrieval,True,5,True,abnormal,['Fracture'],['Fracture'],['Fracture'],['Cardiomegaly'],abnormal,abnormal,0.0,3.666435094499047e-06,5.856608551991743e-07,0.058823529411764705,0.01748251748251748,2,0,0,0.0,0.0,False,2,0,0.0,1.0,1.0,1.0,1.0,0.0,1.0,1.0,1.0,1.0,0.0,1.0,1.0,1.0,1.0,1.0,1.0,0.0,0.0,1.0,1.0,0.0,0.0,0.0,0.0,1.0,0.0
2006,case_16e85c539c,G1B_llm_sham_retrieval,True,11,True,abnormal,['Fracture'],['Fracture'],['Fracture'],['Cardiomegaly'],abnormal,abnormal,0.0,0.004827586957664779,0.0009819413668579495,0.13513513513513514,0.05190311418685121,2,1,0,0.0,0.0,False,2,0,0.0,1.0,1.0,1.0,1.0,0.0,1.0,1.0,1.0,1.0,0.0,1.0,1.0,1.0,1.0,1.0,1.0,0.0,0.0,1.0,1.0,0.0,0.0,1.0,0.0,0.0,0.0
2006,case_16e85c539c,G1_single_agent_rag,True,33,True,normal,[],[],['Fracture'],['Cardiomegaly'],abnormal,abnormal,0.0,0.2808023453081836,0.04713620063056297,0.25,0.2752835538752363,4,2,2,1.0,0.6538461538461539,True,4,0,0.0,0.0,1.0,0.0,1.0,0.0,0.0,1.0,0.0,1.0,0.0,0.0,1.0,0.0,1.0,1.0,0.0,0.0,0.0,1.0,0.0,0.0,0.0,0.0,0.0,0.0,0.0
2026,case_818a7822a2,B0_rule_based,True,10,True,normal,[],[],[],[],normal,normal,0.0,0.04456414692860033,0.01021044897179918,0.2173913043478261,0.08982035928143713,2,1,0,0.0,0.0,False,2,0,0.0,0.0,0.0,0.0,0.0,0.0,0.0,0.0,0.0,0.0,0.0,0.0,0.0,0.0,0.0,0.0,0.0,0.0,0.0,0.0,0.0,0.0,0.0,0.0,0.0,0.0,0.0
2026,case_818a7822a2,G1A_llm_no_retrieval,True,10,True,abnormal,['Enlarged Cardiomediastinum'],['Enlarged Cardiomediastinum'],[],[],normal,normal,0.0,0.022282073464300164,0.003668656300556691,0.13043478260869565,0.07651363938789088,2,1,0,0.0,0.0,False,2,0,0.0,1.0,0.0,1.0,0.0,0.0,1.0,0.0,1.0,0.0,0.0,1.0,0.0,1.0,0.0,0.0,0.0,0.0,0.0,0.0,0.0,0.0,0.0,0.0,0.0,0.0,1.0
2026,case_818a7822a2,G1B_llm_sham_retrieval,True,25,True,normal,[],[],[],[],normal,normal,0.0,0.3864218526498848,0.11121821669573463,0.39344262295081966,0.31977077363896844,4,2,0,0.0,0.0,False,4,1,0.0,0.0,0.0,0.0,0.0,0.0,0.0,0.0,0.0,0.0,0.0,0.0,0.0,0.0,0.0,0.0,0.0,0.0,0.0,0.0,0.0,0.0,0.0,0.0,0.0,0.0,0.0
2026,case_818a7822a2,G1_single_agent_rag,True,21,True,normal,[],[],[],[],normal,normal,0.0,0.27973809117540177,0.039355788616142987,0.2807017543859649,0.21386876006441224,4,1,0,0.0,0.0,False,4,1,0.0,0.0,0.0,0.0,0.0,0.0,0.0,0.0,0.0,0.0,0.0,0.0,0.0,0.0,0.0,0.0,0.0,0.0,0.0,0.0,0.0,0.0,0.0,0.0,0.0,0.0,0.0
2033,case_a157356167,B0_rule_based,False,12,True,indeterminate,[],[],[],,indeterminate,,0.0,0.005409342679873275,0.0004850435005753175,0.05714285714285715,0.028089887640449437,2,1,0,0.0,0.0,False,2,2,,,,,,,,,,,,,,,,,,,,,,,,,,,
2033,case_a157356167,G1A_llm_no_retrieval,False,15,True,normal,[],[],[],,indeterminate,,0.0,0.015170196892293738,0.0010634118849119926,0.0821917808219178,0.037243947858473,2,1,0,0.0,0.0,False,2,1,,,,,,,,,,,,,,,,,,,,,,,,,,,
2033,case_a157356167,G1B_llm_sham_retrieval,False,25,True,normal,[],[],[],,indeterminate,,0.0,0.18165200533677828,0.01943169000436801,0.3132530120481928,0.18123390876944384,5,0,0,0.0,0.0,False,5,1,,,,,,,,,,,,,,,,,,,,,,,,,,,
2033,case_a157356167,G1_single_agent_rag,False,25,True,normal,[],[],[],,indeterminate,,0.0,0.18165200533677828,0.01943169000436801,0.3132530120481928,0.18123390876944384,5,0,0,0.0,0.0,False,5,1,,,,,,,,,,,,,,,,,,,,,,,,,,,
2038,case_4f0c24d611,B0_rule_based,True,10,True,normal,[],[],[],[],normal,normal,0.0,0.0913417620263673,0.02168162090387961,0.21621621621621623,0.14703557312252963,2,1,0,0.0,0.0,False,2,0,0.0,0.0,0.0,0.0,0.0,0.0,0.0,0.0,0.0,0.0,0.0,0.0,0.0,0.0,0.0,0.0,0.0,0.0,0.0,0.0,0.0,0.0,0.0,0.0,0.0,0.0,0.0
2038,case_4f0c24d611,G1A_llm_no_retrieval,True,10,True,abnormal,['Enlarged Cardiomediastinum'],['Enlarged Cardiomediastinum'],[],[],normal,normal,0.0,0.05480505721582038,0.00902343845061478,0.16216216216216217,0.101010101010101,2,1,0,0.0,0.0,False,2,0,0.0,1.0,0.0,1.0,0.0,0.0,1.0,0.0,1.0,0.0,0.0,1.0,0.0,1.0,0.0,0.0,0.0,0.0,0.0,0.0,0.0,0.0,0.0,0.0,0.0,0.0,1.0
2038,case_4f0c24d611,G1B_llm_sham_retrieval,True,24,True,normal,[],[],[],[],normal,normal,0.0,0.5515605641153721,0.1591874652417867,0.47058823529411764,0.5011235955056179,4,3,0,0.0,0.0,False,4,1,0.0,0.0,0.0,0.0,0.0,0.0,0.0,0.0,0.0,0.0,0.0,0.0,0.0,0.0,0.0,0.0,0.0,0.0,0.0,0.0,0.0,0.0,0.0,0.0,0.0,0.0,0.0
2038,case_4f0c24d611,G1_single_agent_rag,True,21,True,normal,[],[],[],[],normal,normal,0.0,0.39363096303943546,0.052026606349804626,0.2916666666666667,0.2601427498121713,4,1,0,0.0,0.0,False,4,1,0.0,0.0,0.0,0.0,0.0,0.0,0.0,0.0,0.0,0.0,0.0,0.0,0.0,0.0,0.0,0.0,0.0,0.0,0.0,0.0,0.0,0.0,0.0,0.0,0.0,0.0,0.0
2049,case_6bd1499b02,B0_rule_based,False,4,True,abnormal,['Fracture'],['Fracture'],['Fracture'],,abnormal,,0.0,1.871295747192515e-06,3.3818131730194773e-06,0.0,0.0,2,0,0,0.0,0.0,False,2,0,,,,,,,,,,,,,,,,,,,,,,,,,,,
2049,case_6bd1499b02,G1A_llm_no_retrieval,False,5,True,abnormal,['Fracture'],['Fracture'],['Fracture'],,abnormal,,0.0,1.2225055222591445e-05,1.8468240540432834e-05,0.0,0.0,2,0,0,0.0,0.0,False,2,0,,,,,,,,,,,,,,,,,,,,,,,,,,,
2049,case_6bd1499b02,G1B_llm_sham_retrieval,False,25,True,normal,[],[],['Fracture'],,abnormal,,0.0,0.24317615633548303,0.015106265763025735,0.1791044776119403,0.21160738902674384,4,2,2,1.0,0.5555555555555556,True,4,0,,,,,,,,,,,,,,,,,,,,,,,,,,,
2049,case_6bd1499b02,G1_single_agent_rag,False,33,True,normal,[],[],['Fracture'],,abnormal,,0.0,0.32297592162897676,0.01759174177676978,0.16,0.2333780227419435,4,2,2,1.0,0.6538461538461539,True,4,0,,,,,,,,,,,,,,,,,,,,,,,,,,,
2058,case_8f097f9c33,B0_rule_based,False,10,True,normal,[],[],[],,normal,,0.0,0.1103638323514327,0.018170973610618722,0.2,0.13450292397660815,2,1,0,0.0,0.0,False,2,0,,,,,,,,,,,,,,,,,,,,,,,,,,,
2058,case_8f097f9c33,G1A_llm_no_retrieval,False,10,True,abnormal,['Enlarged Cardiomediastinum'],['Enlarged Cardiomediastinum'],[],,normal,,0.0,0.03678794411714424,0.007764220917386244,0.06666666666666667,0.026315789473684213,2,1,0,0.0,0.0,False,2,0,,,,,,,,,,,,,,,,,,,,,,,,,,,
2058,case_8f097f9c33,G1B_llm_sham_retrieval,False,47,True,abnormal,"['Cardiomegaly', 'Edema']",['Cardiomegaly'],[],,normal,,0.0,0.08510638297872339,0.009831839445040182,0.11940298507462686,0.0881057268722467,5,3,2,0.6666666666666666,0.675,False,5,0,,,,,,,,,,,,,,,,,,,,,,,,,,,
2058,case_8f097f9c33,G1_single_agent_rag,False,21,True,normal,[],[],[],,normal,,0.0,0.6190476190476191,0.04361963094460515,0.3902439024390244,0.45085224763755194,4,1,0,0.0,0.0,False,4,1,,,,,,,,,,,,,,,,,,,,,,,,,,,
2062,case_f91bcff41a,B0_rule_based,True,15,True,abnormal,"['Consolidation', 'Lung Opacity', 'Pneumonia']","['Consolidation', 'Lung Opacity', 'Pneumonia']","['Consolidation', 'Lung Opacity', 'Pneumonia']","['Atelectasis', 'Lung Opacity', 'Support Devices']",abnormal,abnormal,0.0,0.005464744489458514,0.0004753179392413889,0.04761904761904762,0.023584905660377357,4,0,0,0.0,0.0,False,4,0,1.0,2.0,2.0,1.0,1.0,1.0,2.0,2.0,1.0,1.0,1.0,2.0,2.0,1.0,1.0,2.0,2.0,1.0,1.0,2.0,2.0,1.0,1.0,0.0,0.0,3.0,0.0
2062,case_f91bcff41a,G1A_llm_no_retrieval,True,23,True,normal,[],[],"['Consolidation', 'Lung Opacity', 'Pneumonia']","['Atelectasis', 'Lung Opacity', 'Support Devices']",abnormal,abnormal,0.0,0.06472557024359737,0.009129021996251836,0.15217391304347827,0.14879882962886914,5,0,0,0.0,0.0,False,5,1,0.0,0.0,3.0,0.0,1.0,0.0,0.0,3.0,0.0,1.0,0.0,0.0,3.0,0.0,1.0,2.0,0.0,1.0,0.0,2.0,0.0,1.0,0.0,0.0,0.0,0.0,0.0
2062,case_f91bcff41a,G1B_llm_sham_retrieval,True,20,True,normal,[],[],"['Consolidation', 'Lung Opacity', 'Pneumonia']","['Atelectasis', 'Lung Opacity', 'Support Devices']",abnormal,abnormal,0.0,0.03883211392471672,0.006436916696804976,0.1348314606741573,0.11960478419136765,4,1,0,0.0,0.07692307692307693,False,4,1,0.0,0.0,3.0,0.0,1.0,0.0,0.0,3.0,0.0,1.0,0.0,0.0,3.0,0.0,1.0,2.0,0.0,1.0,0.0,2.0,0.0,1.0,0.0,0.0,0.0,0.0,0.0
2062,case_f91bcff41a,G1_single_agent_rag,True,26,True,abnormal,"['Consolidation', 'Lung Opacity']","['Consolidation', 'Lung Opacity']","['Consolidation', 'Lung Opacity', 'Pneumonia']","['Atelectasis', 'Lung Opacity', 'Support Devices']",abnormal,abnormal,0.0,0.044149078567883235,0.003868730216050418,0.10526315789473685,0.06590245577880817,4,2,0,0.0,0.0,False,4,0,1.0,1.0,2.0,1.0,1.0,1.0,1.0,2.0,1.0,1.0,1.0,1.0,2.0,1.0,1.0,2.0,1.0,1.0,1.0,2.0,1.0,1.0,1.0,0.0,0.0,2.0,0.0
2066,case_fd09360e4e,B0_rule_based,True,13,True,abnormal,"['Cardiomegaly', 'Enlarged Cardiomediastinum']","['Cardiomegaly', 'Enlarged Cardiomediastinum']","['Cardiomegaly', 'Enlarged Cardiomediastinum']","['Atelectasis', 'Cardiomegaly', 'Lung Opacity']",abnormal,abnormal,0.0,0.01531909795934275,0.001093961986628833,0.12307692307692308,0.04158004158004159,3,0,0,0.0,0.0,False,3,0,1.0,1.0,2.0,1.0,1.0,1.0,1.0,2.0,1.0,1.0,1.0,1.0,2.0,1.0,1.0,1.0,1.0,1.0,1.0,1.0,1.0,1.0,1.0,1.0,0.0,1.0,0.0
2066,case_fd09360e4e,G1A_llm_no_retrieval,True,17,True,abnormal,"['Cardiomegaly', 'Enlarged Cardiomediastinum']","['Cardiomegaly', 'Enlarged Cardiomediastinum']","['Cardiomegaly', 'Enlarged Cardiomediastinum']","['Atelectasis', 'Cardiomegaly', 'Lung Opacity']",abnormal,abnormal,0.0,0.022518353643493236,0.001931735077109128,0.08695652173913045,0.030927835051546393,3,1,0,0.0,0.0,False,3,0,1.0,1.0,2.0,1.0,1.0,1.0,1.0,2.0,1.0,1.0,1.0,1.0,2.0,1.0,1.0,1.0,1.0,1.0,1.0,1.0,1.0,1.0,1.0,1.0,0.0,1.0,0.0
2066,case_fd09360e4e,G1B_llm_sham_retrieval,True,28,True,normal,[],[],"['Cardiomegaly', 'Enlarged Cardiomediastinum']","['Atelectasis', 'Cardiomegaly', 'Lung Opacity']",abnormal,abnormal,0.0,0.06062469223956427,0.004030916452228984,0.075,0.040322580645161296,3,3,3,1.0,0.6666666666666666,True,3,1,0.0,0.0,3.0,0.0,1.0,0.0,0.0,3.0,0.0,1.0,0.0,0.0,3.0,0.0,1.0,1.0,0.0,1.0,0.0,1.0,0.0,1.0,0.0,0.0,0.0,0.0,0.0
2066,case_fd09360e4e,G1_single_agent_rag,True,44,True,abnormal,"['Atelectasis', 'Cardiomegaly', 'Lung Opacity', 'Support Devices']","['Atelectasis', 'Cardiomegaly', 'Lung Opacity', 'Support Devices']","['Cardiomegaly', 'Enlarged Cardiomediastinum']","['Atelectasis', 'Cardiomegaly', 'Lung Opacity']",abnormal,abnormal,0.0,0.30318287930006566,0.039249017774980334,0.27083333333333337,0.20782470703125003,6,4,3,0.75,0.7027027027027027,False,6,1,3.0,1.0,0.0,1.0,0.0,3.0,1.0,0.0,1.0,0.0,3.0,1.0,0.0,1.0,0.0,1.0,0.0,1.0,1.0,1.0,0.0,1.0,1.0,0.0,3.0,1.0,0.0
2069,case_b082bc9daf,B0_rule_based,True,10,True,normal,[],[],[],[],normal,normal,0.0,0.040656965974059926,0.008580791159409903,0.06896551724137931,0.02762430939226519,2,1,0,0.0,0.0,False,2,0,0.0,0.0,0.0,0.0,0.0,0.0,0.0,0.0,0.0,0.0,0.0,0.0,0.0,0.0,0.0,0.0,0.0,0.0,0.0,0.0,0.0,0.0,0.0,0.0,0.0,0.0,0.0
2069,case_b082bc9daf,G1A_llm_no_retrieval,True,10,True,abnormal,['Enlarged Cardiomediastinum'],['Enlarged Cardiomediastinum'],[],[],normal,normal,0.0,0.040656965974059926,0.008580791159409903,0.06896551724137931,0.02762430939226519,2,1,0,0.0,0.0,False,2,0,0.0,1.0,0.0,1.0,0.0,0.0,1.0,0.0,1.0,0.0,0.0,1.0,0.0,1.0,0.0,0.0,0.0,0.0,0.0,0.0,0.0,0.0,0.0,0.0,0.0,0.0,1.0
2069,case_b082bc9daf,G1B_llm_sham_retrieval,True,52,True,abnormal,"['Cardiomegaly', 'Pneumothorax', 'Support Devices']","['Cardiomegaly', 'Pneumothorax', 'Support Devices']",[],[],normal,normal,0.0,0.1153846153846154,0.009802862511942357,0.14084507042253522,0.19120577977080214,8,4,1,0.25,0.17777777777777778,False,8,4,0.0,3.0,0.0,1.0,0.0,0.0,3.0,0.0,1.0,0.0,0.0,3.0,0.0,1.0,0.0,0.0,0.0,0.0,0.0,0.0,0.0,0.0,0.0,0.0,2.0,0.0,1.0
2069,case_b082bc9daf,G1_single_agent_rag,True,21,True,normal,[],[],[],[],normal,normal,0.0,0.38095238095238093,0.03595290285752276,0.25,0.36580403645833337,4,1,0,0.0,0.0,False,4,1,0.0,0.0,0.0,0.0,0.0,0.0,0.0,0.0,0.0,0.0,0.0,0.0,0.0,0.0,0.0,0.0,0.0,0.0,0.0,0.0,0.0,0.0,0.0,0.0,0.0,0.0,0.0
2074,case_08dad26235,B0_rule_based,True,15,True,abnormal,"['Enlarged Cardiomediastinum', 'Pleural Effusion']","['Enlarged Cardiomediastinum', 'Pleural Effusion']","['Enlarged Cardiomediastinum', 'Pleural Effusion']","['Atelectasis', 'Lung Opacity', 'Pleural Effusion']",abnormal,abnormal,0.0,0.015170196892293738,0.0010634118849119926,0.0821917808219178,0.037243947858473,3,1,0,0.0,0.0,False,3,0,1.0,1.0,2.0,1.0,1.0,1.0,1.0,2.0,1.0,1.0,1.0,1.0,2.0,1.0,1.0,1.0,1.0,1.0,1.0,1.0,1.0,1.0,1.0,2.0,0.0,0.0,0.0
2074,case_08dad26235,G1A_llm_no_retrieval,True,19,True,abnormal,"['Enlarged Cardiomediastinum', 'Pleural Effusion']","['Enlarged Cardiomediastinum', 'Pleural Effusion']","['Enlarged Cardiomediastinum', 'Pleural Effusion']","['Atelectasis', 'Lung Opacity', 'Pleural Effusion']",abnormal,abnormal,0.0,0.047304000539507444,0.0037816313475708984,0.12987012987012989,0.08864913802859406,3,2,0,0.0,0.0,False,3,0,1.0,1.0,2.0,1.0,1.0,1.0,1.0,2.0,1.0,1.0,1.0,1.0,2.0,1.0,1.0,1.0,1.0,1.0,1.0,1.0,1.0,1.0,1.0,2.0,0.0,0.0,0.0
2074,case_08dad26235,G1B_llm_sham_retrieval,True,18,True,normal,[],[],"['Enlarged Cardiomediastinum', 'Pleural Effusion']","['Atelectasis', 'Lung Opacity', 'Pleural Effusion']",abnormal,abnormal,0.0,0.03612267440729862,0.0018321279362253726,0.13157894736842107,0.05555555555555555,4,0,0,0.0,0.0,False,4,1,0.0,0.0,3.0,0.0,1.0,0.0,0.0,3.0,0.0,1.0,0.0,0.0,3.0,0.0,1.0,1.0,0.0,1.0,0.0,1.0,0.0,1.0,0.0,0.0,0.0,0.0,0.0
2074,case_08dad26235,G1_single_agent_rag,True,17,True,normal,[],[],"['Enlarged Cardiomediastinum', 'Pleural Effusion']","['Atelectasis', 'Lung Opacity', 'Pleural Effusion']",abnormal,abnormal,0.0,0.03691756219618622,0.0016774954732740553,0.13333333333333333,0.06493506493506493,4,0,0,0.0,0.0,False,4,1,0.0,0.0,3.0,0.0,1.0,0.0,0.0,3.0,0.0,1.0,0.0,0.0,3.0,0.0,1.0,1.0,0.0,1.0,0.0,1.0,0.0,1.0,0.0,0.0,0.0,0.0,0.0
2075,case_0403c3160e,B0_rule_based,True,10,True,normal,[],[],[],[],normal,normal,0.0,0.12047768476488081,0.008989881879068578,0.25000000000000006,0.09615384615384616,2,1,0,0.0,0.0,False,2,0,0.0,0.0,0.0,0.0,0.0,0.0,0.0,0.0,0.0,0.0,0.0,0.0,0.0,0.0,0.0,0.0,0.0,0.0,0.0,0.0,0.0,0.0,0.0,0.0,0.0,0.0,0.0
2075,case_0403c3160e,G1A_llm_no_retrieval,True,10,True,abnormal,['Enlarged Cardiomediastinum'],['Enlarged Cardiomediastinum'],[],[],normal,normal,0.0,0.0903582635736606,0.014877134908381997,0.18749999999999997,0.12286324786324786,2,1,0,0.0,0.0,False,2,0,0.0,1.0,0.0,1.0,0.0,0.0,1.0,0.0,1.0,0.0,0.0,1.0,0.0,1.0,0.0,0.0,0.0,0.0,0.0,0.0,0.0,0.0,0.0,0.0,0.0,0.0,1.0
2075,case_0403c3160e,G1B_llm_sham_retrieval,True,26,True,normal,[],[],[],[],normal,normal,0.0,0.5769230769230769,0.28598266033267306,0.4999999999999999,0.6356150793650794,5,2,1,0.5,0.0,False,5,1,0.0,0.0,0.0,0.0,0.0,0.0,0.0,0.0,0.0,0.0,0.0,0.0,0.0,0.0,0.0,0.0,0.0,0.0,0.0,0.0,0.0,0.0,0.0,0.0,0.0,0.0,0.0
2075,case_0403c3160e,G1_single_agent_rag,True,21,True,normal,[],[],[],[],normal,normal,0.0,0.4540461689683222,0.027542316286560075,0.2790697674418604,0.2901826484018264,4,1,0,0.0,0.0,False,4,1,0.0,0.0,0.0,0.0,0.0,0.0,0.0,0.0,0.0,0.0,0.0,0.0,0.0,0.0,0.0,0.0,0.0,0.0,0.0,0.0,0.0,0.0,0.0,0.0,0.0,0.0,0.0
2094,case_ab52b32bf8,B0_rule_based,False,12,True,indeterminate,[],[],[],,indeterminate,,0.0,0.006390383301626848,0.0005730111900974549,0.08823529411764706,0.02906976744186046,2,1,0,0.0,0.0,False,2,2,,,,,,,,,,,,,,,,,,,,,,,,,,,
2094,case_ab52b32bf8,G1A_llm_no_retrieval,False,15,True,normal,[],[],[],,indeterminate,,0.0,0.021667417987678177,0.0012847982723430428,0.08450704225352113,0.048169556840077066,2,1,0,0.0,0.0,False,2,1,,,,,,,,,,,,,,,,,,,,,,,,,,,
2094,case_ab52b32bf8,G1B_llm_sham_retrieval,False,25,True,normal,[],[],[],,indeterminate,,0.0,0.1967812681985544,0.021050098484800616,0.2962962962962962,0.23161805587352255,5,0,0,0.0,0.0,False,5,1,,,,,,,,,,,,,,,,,,,,,,,,,,,
2094,case_ab52b32bf8,G1_single_agent_rag,False,25,True,normal,[],[],[],,indeterminate,,0.0,0.1967812681985544,0.021050098484800616,0.2962962962962962,0.23161805587352255,5,0,0,0.0,0.0,False,5,1,,,,,,,,,,,,,,,,,,,,,,,,,,,
2096,case_c6a05e5311,B0_rule_based,True,10,True,normal,[],[],[],[],normal,normal,0.0,0.17973158564688863,0.05043468086751678,0.2857142857142857,0.18350290697674418,2,1,0,0.0,0.0,False,2,0,0.0,0.0,0.0,0.0,0.0,0.0,0.0,0.0,0.0,0.0,0.0,0.0,0.0,0.0,0.0,0.0,0.0,0.0,0.0,0.0,0.0,0.0,0.0,0.0,0.0,0.0,0.0
2096,case_c6a05e5311,G1A_llm_no_retrieval,True,10,True,abnormal,['Enlarged Cardiomediastinum'],['Enlarged Cardiomediastinum'],[],[],normal,normal,0.0,0.004493289641172217,0.005332818223010789,0.0,0.0,2,1,0,0.0,0.0,False,2,0,0.0,1.0,0.0,1.0,0.0,0.0,1.0,0.0,1.0,0.0,0.0,1.0,0.0,1.0,0.0,0.0,0.0,0.0,0.0,0.0,0.0,0.0,0.0,0.0,0.0,0.0,1.0
2096,case_c6a05e5311,G1B_llm_sham_retrieval,True,26,True,normal,[],[],[],[],normal,normal,0.0,0.5769230769230769,0.14299133016633656,0.4545454545454546,0.6405437352245864,4,2,0,0.0,0.0,False,4,1,0.0,0.0,0.0,0.0,0.0,0.0,0.0,0.0,0.0,0.0,0.0,0.0,0.0,0.0,0.0,0.0,0.0,0.0,0.0,0.0,0.0,0.0,0.0,0.0,0.0,0.0,0.0
2096,case_c6a05e5311,G1_single_agent_rag,True,21,True,normal,[],[],[],[],normal,normal,0.0,0.42857142857142855,0.03345794609803644,0.20512820512820512,0.319098697969372,4,1,0,0.0,0.0,False,4,1,0.0,0.0,0.0,0.0,0.0,0.0,0.0,0.0,0.0,0.0,0.0,0.0,0.0,0.0,0.0,0.0,0.0,0.0,0.0,0.0,0.0,0.0,0.0,0.0,0.0,0.0,0.0
2100,case_6d3b4b7fb8,B0_rule_based,False,12,True,indeterminate,[],[],[],,indeterminate,,0.0,0.005945665557875402,0.0007226119107737181,0.0625,0.020833333333333336,2,1,0,0.0,0.0,False,2,2,,,,,,,,,,,,,,,,,,,,,,,,,,,
2100,case_6d3b4b7fb8,G1A_llm_no_retrieval,False,15,True,normal,[],[],[],,indeterminate,,0.0,0.02263127439200464,0.0015864241136769666,0.11940298507462686,0.041407867494824016,2,1,0,0.0,0.0,False,2,1,,,,,,,,,,,,,,,,,,,,,,,,,,,
2100,case_6d3b4b7fb8,G1B_llm_sham_retrieval,False,25,True,normal,[],[],[],,indeterminate,,0.0,0.19017349436116593,0.027984562819414416,0.33766233766233766,0.23223082336382822,5,0,0,0.0,0.0,False,5,1,,,,,,,,,,,,,,,,,,,,,,,,,,,
2100,case_6d3b4b7fb8,G1_single_agent_rag,False,25,True,normal,[],[],[],,indeterminate,,0.0,0.19017349436116593,0.027984562819414416,0.33766233766233766,0.23223082336382822,5,0,0,0.0,0.0,False,5,1,,,,,,,,,,,,,,,,,,,,,,,,,,,
2116,case_c937ae3189,B0_rule_based,True,10,True,abnormal,['Lung Lesion'],['Lung Lesion'],['Lung Lesion'],['Fracture'],abnormal,abnormal,0.0,0.011004644011281447,0.0013810069598198724,0.0816326530612245,0.027700831024930744,2,1,0,0.0,0.0,False,2,0,0.0,1.0,1.0,1.0,1.0,0.0,1.0,1.0,1.0,1.0,0.0,1.0,1.0,1.0,1.0,1.0,1.0,0.0,0.0,1.0,1.0,0.0,0.0,0.0,0.0,1.0,0.0
2116,case_c937ae3189,G1A_llm_no_retrieval,True,10,True,abnormal,['Enlarged Cardiomediastinum'],['Enlarged Cardiomediastinum'],['Lung Lesion'],['Fracture'],abnormal,abnormal,0.0,0.011004644011281447,0.0013810069598198724,0.0816326530612245,0.027700831024930744,2,1,0,0.0,0.0,False,2,0,0.0,1.0,1.0,1.0,1.0,0.0,1.0,1.0,1.0,1.0,0.0,1.0,1.0,1.0,1.0,1.0,0.0,0.0,0.0,1.0,0.0,0.0,0.0,0.0,0.0,0.0,1.0
2116,case_c937ae3189,G1B_llm_sham_retrieval,True,20,True,normal,[],[],['Lung Lesion'],['Fracture'],abnormal,abnormal,0.0,0.2127075628999757,0.10433719679780018,0.27118644067796605,0.21529928047938338,4,1,1,1.0,0.23076923076923078,True,4,1,0.0,0.0,1.0,0.0,1.0,0.0,0.0,1.0,0.0,1.0,0.0,0.0,1.0,0.0,1.0,1.0,0.0,0.0,0.0,1.0,0.0,0.0,0.0,0.0,0.0,0.0,0.0
2116,case_c937ae3189,G1_single_agent_rag,True,22,True,normal,[],[],['Lung Lesion'],['Fracture'],abnormal,abnormal,0.0,0.39878584044872806,0.14893295847843746,0.5245901639344261,0.407491849420362,4,1,0,0.0,0.0,False,4,1,0.0,0.0,1.0,0.0,1.0,0.0,0.0,1.0,0.0,1.0,0.0,0.0,1.0,0.0,1.0,1.0,0.0,0.0,0.0,1.0,0.0,0.0,0.0,0.0,0.0,0.0,0.0
2138,case_727c825b4f,B0_rule_based,True,21,True,abnormal,"['Fracture', 'Lung Lesion', 'Lung Opacity']","['Fracture', 'Lung Lesion', 'Lung Opacity']","['Fracture', 'Lung Lesion', 'Lung Opacity']","['Fracture', 'Lung Opacity']",abnormal,abnormal,0.0,0.05255420588163462,0.007864425137147238,0.09523809523809523,0.06404901141743247,4,2,0,0.0,0.0,False,4,0,2.0,1.0,0.0,1.0,0.0,2.0,1.0,0.0,1.0,0.0,2.0,1.0,0.0,1.0,0.0,1.0,1.0,2.0,2.0,1.0,1.0,2.0,2.0,2.0,0.0,1.0,0.0
2138,case_727c825b4f,G1A_llm_no_retrieval,True,36,True,abnormal,"['Fracture', 'Lung Lesion', 'Lung Opacity']","['Fracture', 'Lung Lesion', 'Lung Opacity']","['Fracture', 'Lung Lesion', 'Lung Opacity']","['Fracture', 'Lung Opacity']",abnormal,abnormal,0.0,0.16459366872873052,0.029551638094649536,0.15384615384615383,0.1382727003845016,4,4,0,0.0,0.0,False,4,0,2.0,1.0,0.0,1.0,0.0,2.0,1.0,0.0,1.0,0.0,2.0,1.0,0.0,1.0,0.0,1.0,1.0,2.0,2.0,1.0,1.0,2.0,2.0,2.0,0.0,1.0,0.0
2138,case_727c825b4f,G1B_llm_sham_retrieval,True,25,True,abnormal,"['Lung Opacity', 'Pleural Effusion']","['Lung Opacity', 'Pleural Effusion']","['Fracture', 'Lung Lesion', 'Lung Opacity']","['Fracture', 'Lung Opacity']",abnormal,abnormal,0.0,0.12158807816774152,0.010681742959441673,0.1791044776119403,0.10580369451337192,4,3,0,0.0,0.0,False,4,0,1.0,1.0,1.0,1.0,1.0,1.0,1.0,1.0,1.0,1.0,1.0,1.0,1.0,1.0,1.0,1.0,0.0,2.0,1.0,1.0,0.0,2.0,1.0,0.0,1.0,1.0,0.0
2138,case_727c825b4f,G1_single_agent_rag,True,40,True,abnormal,"['Atelectasis', 'Lung Opacity']",['Lung Opacity'],"['Fracture', 'Lung Lesion', 'Lung Opacity']","['Fracture', 'Lung Opacity']",abnormal,abnormal,0.0,0.2853688273502142,0.12109143253178553,0.24390243902439024,0.2691387559808612,5,4,1,0.25,0.15151515151515152,False,5,1,1.0,1.0,1.0,1.0,1.0,1.0,0.0,1.0,0.0,1.0,1.0,1.0,1.0,1.0,1.0,1.0,0.0,2.0,1.0,1.0,0.0,2.0,1.0,0.0,1.0,1.0,0.0
2140,case_7bd6e5df66,B0_rule_based,True,10,True,normal,[],[],[],['Fracture'],normal,abnormal,0.0,0.0029991153640955407,0.0006692880037311181,0.06451612903225806,0.03922594142259414,2,1,0,0.0,0.0,False,2,0,0.0,0.0,1.0,0.0,1.0,0.0,0.0,1.0,0.0,1.0,0.0,0.0,1.0,0.0,1.0,0.0,0.0,0.0,0.0,0.0,0.0,0.0,0.0,0.0,0.0,0.0,0.0
2140,case_7bd6e5df66,G1A_llm_no_retrieval,True,10,True,abnormal,['Enlarged Cardiomediastinum'],['Enlarged Cardiomediastinum'],[],['Fracture'],normal,abnormal,0.0,0.0029991153640955407,0.00037636830295216035,0.06451612903225806,0.02092050209205021,2,1,0,0.0,0.0,False,2,0,0.0,1.0,1.0,1.0,1.0,0.0,1.0,1.0,1.0,1.0,0.0,1.0,1.0,1.0,1.0,0.0,0.0,0.0,0.0,0.0,0.0,0.0,0.0,0.0,0.0,0.0,1.0
2140,case_7bd6e5df66,G1B_llm_sham_retrieval,True,34,True,normal,[],[],[],['Fracture'],normal,abnormal,0.0,0.2598314601840677,0.06345649414147761,0.20930232558139533,0.17733510402833114,4,3,3,1.0,1.0,True,4,0,0.0,0.0,1.0,0.0,1.0,0.0,0.0,1.0,0.0,1.0,0.0,0.0,1.0,0.0,1.0,0.0,0.0,0.0,0.0,0.0,0.0,0.0,0.0,0.0,0.0,0.0,0.0
2140,case_7bd6e5df66,G1_single_agent_rag,True,21,True,normal,[],[],[],['Fracture'],normal,abnormal,0.0,0.13057516198281127,0.019227060680929952,0.3013698630136986,0.22104351283799137,4,1,0,0.0,0.0,False,4,1,0.0,0.0,1.0,0.0,1.0,0.0,0.0,1.0,0.0,1.0,0.0,0.0,1.0,0.0,1.0,0.0,0.0,0.0,0.0,0.0,0.0,0.0,0.0,0.0,0.0,0.0,0.0
2148,case_ee409e0f47,B0_rule_based,True,10,True,normal,[],[],[],[],normal,normal,0.0,0.07357588823428847,0.016419328162096694,0.13333333333333333,0.09868421052631579,2,1,0,0.0,0.0,False,2,0,0.0,0.0,0.0,0.0,0.0,0.0,0.0,0.0,0.0,0.0,0.0,0.0,0.0,0.0,0.0,0.0,0.0,0.0,0.0,0.0,0.0,0.0,0.0,0.0,0.0,0.0,0.0
2148,case_ee409e0f47,G1A_llm_no_retrieval,True,22,True,normal,[],[],[],[],normal,normal,0.0,0.36363636363636365,0.14610534486579724,0.380952380952381,0.31250000000000006,4,1,0,0.0,0.0,False,4,1,0.0,0.0,0.0,0.0,0.0,0.0,0.0,0.0,0.0,0.0,0.0,0.0,0.0,0.0,0.0,0.0,0.0,0.0,0.0,0.0,0.0,0.0,0.0,0.0,0.0,0.0,0.0
2148,case_ee409e0f47,G1B_llm_sham_retrieval,True,27,True,normal,[],[],[],[],normal,normal,0.0,0.37037037037037035,0.19095230982774114,0.29787234042553196,0.40024154589371985,5,2,0,0.0,0.0,False,5,1,0.0,0.0,0.0,0.0,0.0,0.0,0.0,0.0,0.0,0.0,0.0,0.0,0.0,0.0,0.0,0.0,0.0,0.0,0.0,0.0,0.0,0.0,0.0,0.0,0.0,0.0,0.0
2148,case_ee409e0f47,G1_single_agent_rag,True,21,True,normal,[],[],[],[],normal,normal,0.0,0.38095238095238093,0.03595290285752276,0.2926829268292683,0.3140547263681593,4,1,0,0.0,0.0,False,4,1,0.0,0.0,0.0,0.0,0.0,0.0,0.0,0.0,0.0,0.0,0.0,0.0,0.0,0.0,0.0,0.0,0.0,0.0,0.0,0.0,0.0,0.0,0.0,0.0,0.0,0.0,0.0
2153,case_294e853cfd,B0_rule_based,False,10,True,normal,[],[],[],,normal,,0.0,0.01824301878756539,0.0016890718740725451,0.125,0.042613636363636354,2,1,0,0.0,0.0,False,2,0,,,,,,,,,,,,,,,,,,,,,,,,,,,
2153,case_294e853cfd,G1A_llm_no_retrieval,False,22,True,normal,[],[],[],,normal,,0.0,0.30750686984807074,0.10504238923675473,0.43333333333333335,0.360576923076923,4,1,0,0.0,0.0,False,4,1,,,,,,,,,,,,,,,,,,,,,,,,,,,
2153,case_294e853cfd,G1B_llm_sham_retrieval,False,24,True,normal,[],[],[],,normal,,0.0,0.37202343051336473,0.18191328265331883,0.48387096774193544,0.41885459357923494,3,2,0,0.0,0.0,False,3,0,,,,,,,,,,,,,,,,,,,,,,,,,,,
2153,case_294e853cfd,G1_single_agent_rag,False,21,True,normal,[],[],[],,normal,,0.0,0.2967133025618416,0.03516870964772108,0.23728813559322035,0.2642379265755889,4,1,0,0.0,0.0,False,4,1,,,,,,,,,,,,,,,,,,,,,,,,,,,
2157,case_c80df5fd29,B0_rule_based,True,6,True,abnormal,['Pleural Other'],['Pleural Other'],['Pleural Other'],[],abnormal,normal,0.0,0.003147926713959365,0.004336109473768155,0.0,0.0,2,0,0,0.0,0.0,False,2,0,0.0,1.0,0.0,1.0,0.0,0.0,1.0,0.0,1.0,0.0,0.0,1.0,0.0,1.0,0.0,1.0,1.0,0.0,0.0,1.0,1.0,0.0,0.0,1.0,0.0,0.0,0.0
2157,case_c80df5fd29,G1A_llm_no_retrieval,True,19,True,normal,[],[],['Pleural Other'],[],abnormal,normal,0.0,0.3684210526315789,0.062284969540134474,0.34285714285714286,0.29422812069613125,4,0,0,0.0,0.0,False,4,1,0.0,0.0,0.0,0.0,0.0,0.0,0.0,0.0,0.0,0.0,0.0,0.0,0.0,0.0,0.0,1.0,0.0,0.0,0.0,1.0,0.0,0.0,0.0,0.0,0.0,0.0,0.0
2157,case_c80df5fd29,G1B_llm_sham_retrieval,True,20,True,normal,[],[],['Pleural Other'],[],abnormal,normal,0.0,0.25,0.05415315253510895,0.22222222222222224,0.22682926829268296,3,2,0,0.0,0.0,False,3,0,0.0,0.0,0.0,0.0,0.0,0.0,0.0,0.0,0.0,0.0,0.0,0.0,0.0,0.0,0.0,1.0,0.0,0.0,0.0,1.0,0.0,0.0,0.0,0.0,0.0,0.0,0.0
2157,case_c80df5fd29,G1_single_agent_rag,True,22,True,normal,[],[],['Pleural Other'],[],abnormal,normal,0.0,0.36363636363636365,0.06080599751038281,0.3684210526315789,0.4230986445783133,4,2,2,1.0,1.0,True,4,1,0.0,0.0,0.0,0.0,0.0,0.0,0.0,0.0,0.0,0.0,0.0,0.0,0.0,0.0,0.0,1.0,0.0,0.0,0.0,1.0,0.0,0.0,0.0,0.0,0.0,0.0,0.0
2160,case_7331ea7d0e,B0_rule_based,True,4,True,abnormal,['Fracture'],['Fracture'],['Fracture'],[],abnormal,normal,0.0,0.0001382710925369584,4.4436370105087256e-05,0.05263157894736842,0.016129032258064516,2,0,0,0.0,0.0,False,2,0,0.0,1.0,0.0,1.0,0.0,0.0,1.0,0.0,1.0,0.0,0.0,1.0,0.0,1.0,0.0,1.0,1.0,0.0,0.0,1.0,1.0,0.0,0.0,0.0,0.0,1.0,0.0
2160,case_7331ea7d0e,G1A_llm_no_retrieval,True,5,True,abnormal,['Fracture'],['Fracture'],['Fracture'],[],abnormal,normal,0.0,0.0006055109490751632,0.0001626659648165266,0.05128205128205128,0.01607717041800643,2,0,0,0.0,0.0,False,2,0,0.0,1.0,0.0,1.0,0.0,0.0,1.0,0.0,1.0,0.0,0.0,1.0,0.0,1.0,0.0,1.0,1.0,0.0,0.0,1.0,1.0,0.0,0.0,0.0,0.0,1.0,0.0
2160,case_7331ea7d0e,G1B_llm_sham_retrieval,True,11,True,abnormal,['Fracture'],['Fracture'],['Fracture'],[],abnormal,normal,0.0,0.022468135283929803,0.002770166820146267,0.08888888888888888,0.031545741324921134,2,1,0,0.0,0.0,False,2,0,0.0,1.0,0.0,1.0,0.0,0.0,1.0,0.0,1.0,0.0,0.0,1.0,0.0,1.0,0.0,1.0,1.0,0.0,0.0,1.0,1.0,0.0,0.0,1.0,0.0,0.0,0.0
2160,case_7331ea7d0e,G1_single_agent_rag,True,33,True,normal,[],[],['Fracture'],[],abnormal,normal,0.0,0.7349632603762349,0.20479129737271107,0.6268656716417911,0.6856165191740413,4,2,2,1.0,0.6538461538461539,True,4,0,0.0,0.0,0.0,0.0,0.0,0.0,0.0,0.0,0.0,0.0,0.0,0.0,0.0,0.0,0.0,1.0,0.0,0.0,0.0,1.0,0.0,0.0,0.0,0.0,0.0,0.0,0.0
2170,case_9d0be69894,B0_rule_based,True,10,True,normal,[],[],[],[],normal,normal,0.0,0.17973158564688863,0.11803467016908868,0.2857142857142857,0.23074127906976744,2,1,0,0.0,0.0,False,2,0,0.0,0.0,0.0,0.0,0.0,0.0,0.0,0.0,0.0,0.0,0.0,0.0,0.0,0.0,0.0,0.0,0.0,0.0,0.0,0.0,0.0,0.0,0.0,0.0,0.0,0.0,0.0
2170,case_9d0be69894,G1A_llm_no_retrieval,True,10,True,abnormal,['Enlarged Cardiomediastinum'],['Enlarged Cardiomediastinum'],[],[],normal,normal,0.0,0.04493289641172216,0.009483240843460443,0.07142857142857142,0.029069767441860465,2,1,0,0.0,0.0,False,2,0,0.0,1.0,0.0,1.0,0.0,0.0,1.0,0.0,1.0,0.0,0.0,1.0,0.0,1.0,0.0,0.0,0.0,0.0,0.0,0.0,0.0,0.0,0.0,0.0,0.0,0.0,1.0
2170,case_9d0be69894,G1B_llm_sham_retrieval,True,25,True,normal,[],[],[],[],normal,normal,0.0,0.4,0.07164684238257436,0.37209302325581395,0.47700534759358293,3,2,0,0.0,0.0,False,3,0,0.0,0.0,0.0,0.0,0.0,0.0,0.0,0.0,0.0,0.0,0.0,0.0,0.0,0.0,0.0,0.0,0.0,0.0,0.0,0.0,0.0,0.0,0.0,0.0,0.0,0.0,0.0
2170,case_9d0be69894,G1_single_agent_rag,True,22,True,normal,[],[],[],[],normal,normal,0.0,0.36363636363636365,0.06080599751038281,0.35000000000000003,0.38170855978260865,4,2,2,1.0,1.0,True,4,1,0.0,0.0,0.0,0.0,0.0,0.0,0.0,0.0,0.0,0.0,0.0,0.0,0.0,0.0,0.0,0.0,0.0,0.0,0.0,0.0,0.0,0.0,0.0,0.0,0.0,0.0,0.0
2173,case_5939bb2a6b,B0_rule_based,False,10,True,normal,[],[],[],,normal,,0.0,0.005464744489458514,0.0006857877606802024,0.07142857142857142,0.023584905660377357,2,1,0,0.0,0.0,False,2,0,,,,,,,,,,,,,,,,,,,,,,,,,,,
2173,case_5939bb2a6b,G1A_llm_no_retrieval,False,10,True,abnormal,['Enlarged Cardiomediastinum'],['Enlarged Cardiomediastinum'],[],,normal,,0.0,0.00819711673418777,0.0013496232296988867,0.10714285714285714,0.060272536687631016,2,1,0,0.0,0.0,False,2,0,,,,,,,,,,,,,,,,,,,,,,,,,,,
2173,case_5939bb2a6b,G1B_llm_sham_retrieval,False,22,True,normal,[],[],[],,normal,,0.0,0.19849285255041416,0.012968327222099882,0.2058823529411765,0.23030780087943112,3,2,0,0.0,0.0,False,3,0,,,,,,,,,,,,,,,,,,,,,,,,,,,
2173,case_5939bb2a6b,G1_single_agent_rag,False,22,True,normal,[],[],[],,normal,,0.0,0.15268680965416473,0.02159723342453696,0.2058823529411765,0.19002293577981652,4,2,2,1.0,1.0,True,4,1,,,,,,,,,,,,,,,,,,,,,,,,,,,
2177,case_61413ab0d3,B0_rule_based,True,12,True,indeterminate,[],[],[],"['Atelectasis', 'Cardiomegaly', 'Lung Opacity']",indeterminate,abnormal,0.0,0.014047947836425462,0.001015184616996738,0.06451612903225806,0.04329004329004329,2,1,0,0.0,0.0,False,2,2,0.0,0.0,3.0,0.0,1.0,0.0,0.0,3.0,0.0,1.0,0.0,0.0,4.0,0.0,1.0,0.0,0.0,0.0,0.0,0.0,0.0,0.0,0.0,0.0,0.0,0.0,0.0
2177,case_61413ab0d3,G1A_llm_no_retrieval,True,15,True,normal,[],[],[],"['Atelectasis', 'Cardiomegaly', 'Lung Opacity']",indeterminate,abnormal,0.0,0.038788787145762026,0.002006079076431203,0.12307692307692307,0.06451612903225806,2,1,0,0.0,0.0,False,2,1,0.0,0.0,3.0,0.0,1.0,0.0,0.0,3.0,0.0,1.0,0.0,0.0,4.0,0.0,1.0,0.0,0.0,0.0,0.0,0.0,0.0,0.0,0.0,0.0,0.0,0.0,0.0
2177,case_61413ab0d3,G1B_llm_sham_retrieval,True,25,True,normal,[],[],[],"['Atelectasis', 'Cardiomegaly', 'Lung Opacity']",indeterminate,abnormal,0.0,0.11772142117486155,0.004687082232215115,0.13333333333333333,0.08421052631578946,5,0,0,0.0,0.0,False,5,1,0.0,0.0,3.0,0.0,1.0,0.0,0.0,3.0,0.0,1.0,0.0,0.0,4.0,0.0,1.0,0.0,0.0,0.0,0.0,0.0,0.0,0.0,0.0,0.0,0.0,0.0,0.0
2177,case_61413ab0d3,G1_single_agent_rag,True,25,True,normal,[],[],[],"['Atelectasis', 'Cardiomegaly', 'Lung Opacity']",indeterminate,abnormal,0.0,0.11772142117486155,0.004687082232215115,0.13333333333333333,0.08421052631578946,5,0,0,0.0,0.0,False,5,1,0.0,0.0,3.0,0.0,1.0,0.0,0.0,3.0,0.0,1.0,0.0,0.0,4.0,0.0,1.0,0.0,0.0,0.0,0.0,0.0,0.0,0.0,0.0,0.0,0.0,0.0,0.0
2186,case_0525c68bf0,B0_rule_based,False,25,True,abnormal,"['Atelectasis', 'Fracture', 'Lung Opacity', 'Pleural Other', 'Pneumonia']","['Atelectasis', 'Fracture', 'Lung Opacity', 'Pleural Other', 'Pneumonia']","['Atelectasis', 'Fracture', 'Lung Opacity', 'Pleural Other', 'Pneumonia']",,abnormal,,0.0,0.12000000000000001,0.009970222994544455,0.0851063829787234,0.06726457399103139,6,1,0,0.0,0.0,False,6,0,,,,,,,,,,,,,,,,,,,,,,,,,,,
2186,case_0525c68bf0,G1A_llm_no_retrieval,False,23,True,normal,[],[],"['Atelectasis', 'Fracture', 'Lung Opacity', 'Pleural Other', 'Pneumonia']",,abnormal,,0.0,0.4782608695652174,0.07132482595301583,0.4444444444444445,0.40200441269959986,5,0,0,0.0,0.0,False,5,1,,,,,,,,,,,,,,,,,,,,,,,,,,,
2186,case_0525c68bf0,G1B_llm_sham_retrieval,False,13,True,abnormal,['Lung Opacity'],['Lung Opacity'],"['Atelectasis', 'Fracture', 'Lung Opacity', 'Pleural Other', 'Pneumonia']",,abnormal,,0.0,0.1924692001386808,0.043722528405325915,0.2857142857142857,0.21137440758293838,2,1,0,0.0,0.0,False,2,0,,,,,,,,,,,,,,,,,,,,,,,,,,,
2186,case_0525c68bf0,G1_single_agent_rag,False,31,True,abnormal,"['Atelectasis', 'Lung Opacity']",['Lung Opacity'],"['Atelectasis', 'Fracture', 'Lung Opacity', 'Pleural Other', 'Pneumonia']",,abnormal,,0.0,0.16129032258064513,0.009020544569112136,0.1509433962264151,0.10917030567685587,4,4,1,0.25,0.20833333333333334,False,4,0,,,,,,,,,,,,,,,,,,,,,,,,,,,
2191,case_02470de19c,B0_rule_based,True,10,True,normal,[],[],[],"['Cardiomegaly', 'Lung Opacity']",normal,abnormal,0.0,0.050129421861401874,0.0056267492095019855,0.186046511627907,0.1211726384364821,2,1,0,0.0,0.0,False,2,0,0.0,0.0,2.0,0.0,1.0,0.0,0.0,2.0,0.0,1.0,0.0,0.0,1.0,0.0,1.0,0.0,0.0,0.0,0.0,0.0,0.0,0.0,0.0,0.0,0.0,0.0,0.0
2191,case_02470de19c,G1A_llm_no_retrieval,True,10,True,abnormal,['Enlarged Cardiomediastinum'],['Enlarged Cardiomediastinum'],[],"['Cardiomegaly', 'Lung Opacity']",normal,abnormal,0.0,0.010025884372280377,0.0021159970481274596,0.04651162790697675,0.016286644951140065,2,1,0,0.0,0.0,False,2,0,0.0,1.0,2.0,1.0,1.0,0.0,1.0,2.0,1.0,1.0,0.0,1.0,1.0,1.0,1.0,0.0,0.0,0.0,0.0,0.0,0.0,0.0,0.0,0.0,0.0,0.0,1.0
2191,case_02470de19c,G1B_llm_sham_retrieval,True,65,True,abnormal,"['Fracture', 'Support Devices']","['Fracture', 'Support Devices']",[],"['Cardiomegaly', 'Lung Opacity']",normal,abnormal,0.0,0.24615384615384614,0.05601748457840769,0.163265306122449,0.37017653660220995,10,6,6,1.0,1.0,True,10,3,0.0,2.0,2.0,1.0,1.0,0.0,2.0,2.0,1.0,1.0,0.0,2.0,1.0,1.0,1.0,0.0,0.0,0.0,0.0,0.0,0.0,0.0,0.0,0.0,2.0,0.0,0.0
2191,case_02470de19c,G1_single_agent_rag,True,21,True,normal,[],[],[],"['Cardiomegaly', 'Lung Opacity']",normal,abnormal,0.0,0.24202205228903967,0.01889430848671998,0.18518518518518517,0.183632269586148,4,1,0,0.0,0.0,False,4,1,0.0,0.0,2.0,0.0,1.0,0.0,0.0,2.0,0.0,1.0,0.0,0.0,1.0,0.0,1.0,0.0,0.0,0.0,0.0,0.0,0.0,0.0,0.0,0.0,0.0,0.0,0.0
2204,case_8cddda5403,B0_rule_based,False,10,True,normal,[],[],[],,normal,,0.0,0.033287108369807965,0.007025357607948558,0.06451612903225806,0.02512562814070352,2,1,0,0.0,0.0,False,2,0,,,,,,,,,,,,,,,,,,,,,,,,,,,
2204,case_8cddda5403,G1A_llm_no_retrieval,False,10,True,abnormal,['Enlarged Cardiomediastinum'],['Enlarged Cardiomediastinum'],[],,normal,,0.0,0.033287108369807965,0.007025357607948558,0.06451612903225806,0.02512562814070352,2,1,0,0.0,0.0,False,2,0,,,,,,,,,,,,,,,,,,,,,,,,,,,
2204,case_8cddda5403,G1B_llm_sham_retrieval,False,67,True,abnormal,"['Fracture', 'Pleural Other']",['Pleural Other'],[],,normal,,0.0,0.08955223880597013,0.00424971489805439,0.09090909090909091,0.11718749999999999,9,5,5,1.0,0.8833333333333333,True,9,5,,,,,,,,,,,,,,,,,,,,,,,,,,,
2204,case_8cddda5403,G1_single_agent_rag,False,21,True,normal,[],[],[],,normal,,0.0,0.42857142857142855,0.03702730401700487,0.3333333333333333,0.278071722516167,4,1,0,0.0,0.0,False,4,1,,,,,,,,,,,,,,,,,,,,,,,,,,,
2207,case_81d6b4ee65,B0_rule_based,True,4,True,abnormal,['Fracture'],['Fracture'],['Fracture'],"['Lung Opacity', 'Pneumonia']",abnormal,abnormal,0.0,0.00017754359721063726,5.705742864027535e-05,0.054054054054054064,0.016611295681063124,2,0,0,0.0,0.0,False,2,0,0.0,1.0,2.0,1.0,1.0,0.0,1.0,2.0,1.0,1.0,0.0,1.0,2.0,1.0,1.0,1.0,1.0,0.0,0.0,1.0,1.0,0.0,0.0,0.0,0.0,1.0,0.0
2207,case_81d6b4ee65,G1A_llm_no_retrieval,True,5,True,abnormal,['Fracture'],['Fracture'],['Fracture'],"['Lung Opacity', 'Pneumonia']",abnormal,abnormal,0.0,0.0007395727432965865,0.00019868065808569075,0.052631578947368425,0.016556291390728478,2,0,0,0.0,0.0,False,2,0,0.0,1.0,2.0,1.0,1.0,0.0,1.0,2.0,1.0,1.0,0.0,1.0,2.0,1.0,1.0,1.0,1.0,0.0,0.0,1.0,1.0,0.0,0.0,0.0,0.0,1.0,0.0
2207,case_81d6b4ee65,G1B_llm_sham_retrieval,True,21,True,normal,[],[],['Fracture'],"['Lung Opacity', 'Pneumonia']",abnormal,abnormal,0.0,0.18823937400258642,0.07384569770275456,0.2222222222222222,0.1995892696701322,4,2,0,0.0,0.0,False,4,1,0.0,0.0,2.0,0.0,1.0,0.0,0.0,2.0,0.0,1.0,0.0,0.0,2.0,0.0,1.0,1.0,0.0,0.0,0.0,1.0,0.0,0.0,0.0,0.0,0.0,0.0,0.0
2207,case_81d6b4ee65,G1_single_agent_rag,True,33,True,normal,[],[],['Fracture'],"['Lung Opacity', 'Pneumonia']",abnormal,abnormal,0.0,0.3939393939393939,0.1242416606498705,0.2727272727272727,0.3631880939573247,4,2,2,1.0,0.6538461538461539,True,4,0,0.0,0.0,2.0,0.0,1.0,0.0,0.0,2.0,0.0,1.0,0.0,0.0,2.0,0.0,1.0,1.0,0.0,0.0,0.0,1.0,0.0,0.0,0.0,0.0,0.0,0.0,0.0
2212,case_6e9b85b75f,B0_rule_based,True,10,True,normal,[],[],[],[],normal,normal,0.0,0.05982744768905403,0.007938671806584802,0.15384615384615385,0.07380073800738007,2,1,0,0.0,0.0,False,2,0,0.0,0.0,0.0,0.0,0.0,0.0,0.0,0.0,0.0,0.0,0.0,0.0,0.0,0.0,0.0,0.0,0.0,0.0,0.0,0.0,0.0,0.0,0.0,0.0,0.0,0.0,0.0
2212,case_6e9b85b75f,G1A_llm_no_retrieval,True,10,True,abnormal,['Enlarged Cardiomediastinum'],['Enlarged Cardiomediastinum'],[],[],normal,normal,0.0,0.014956861922263509,0.0031566966565325675,0.05128205128205129,0.01845018450184502,2,1,0,0.0,0.0,False,2,0,0.0,1.0,0.0,1.0,0.0,0.0,1.0,0.0,1.0,0.0,0.0,1.0,0.0,1.0,0.0,0.0,0.0,0.0,0.0,0.0,0.0,0.0,0.0,0.0,0.0,0.0,1.0
2212,case_6e9b85b75f,G1B_llm_sham_retrieval,True,36,True,normal,[],[],[],[],normal,normal,0.0,0.3888888888888889,0.12008699630291321,0.3384615384615385,0.38548752834467115,6,2,2,1.0,1.0,True,6,1,0.0,0.0,0.0,0.0,0.0,0.0,0.0,0.0,0.0,0.0,0.0,0.0,0.0,0.0,0.0,0.0,0.0,0.0,0.0,0.0,0.0,0.0,0.0,0.0,0.0,0.0,0.0
2212,case_6e9b85b75f,G1_single_agent_rag,True,21,True,normal,[],[],[],[],normal,normal,0.0,0.4880074447678202,0.06078497764759981,0.48000000000000004,0.42702915681639086,4,1,0,0.0,0.0,False,4,1,0.0,0.0,0.0,0.0,0.0,0.0,0.0,0.0,0.0,0.0,0.0,0.0,0.0,0.0,0.0,0.0,0.0,0.0,0.0,0.0,0.0,0.0,0.0,0.0,0.0,0.0,0.0
2223,case_9972c8908e,B0_rule_based,True,6,True,abnormal,['Edema'],['Edema'],['Edema'],[],abnormal,normal,0.0,2.3562807489223484e-07,3.2456572870494107e-07,0.0,0.0,2,0,0,0.0,0.0,False,2,0,0.0,1.0,0.0,1.0,0.0,0.0,1.0,0.0,1.0,0.0,0.0,1.0,0.0,1.0,0.0,1.0,1.0,0.0,0.0,1.0,1.0,0.0,0.0,0.0,0.0,1.0,0.0
2223,case_9972c8908e,G1A_llm_no_retrieval,True,7,True,abnormal,['Edema'],['Edema'],['Edema'],[],abnormal,normal,0.0,1.1484852352045538e-06,1.4933225898551215e-06,0.0,0.0,2,0,0,0.0,0.0,False,2,0,0.0,1.0,0.0,1.0,0.0,0.0,1.0,0.0,1.0,0.0,0.0,1.0,0.0,1.0,0.0,1.0,1.0,0.0,0.0,1.0,1.0,0.0,0.0,0.0,0.0,1.0,0.0
2223,case_9972c8908e,G1B_llm_sham_retrieval,True,5,True,abnormal,['Edema'],['Edema'],['Edema'],[],abnormal,normal,0.0,2.480990159913427e-08,3.748001315123331e-08,0.0,0.0,2,0,0,0.0,0.0,False,2,0,0.0,1.0,0.0,1.0,0.0,0.0,1.0,0.0,1.0,0.0,0.0,1.0,0.0,1.0,0.0,1.0,1.0,0.0,0.0,1.0,1.0,0.0,0.0,1.0,0.0,0.0,0.0
2223,case_9972c8908e,G1_single_agent_rag,True,20,True,abnormal,"['Cardiomegaly', 'Edema', 'Lung Opacity']","['Cardiomegaly', 'Edema', 'Lung Opacity']",['Edema'],[],abnormal,normal,0.0,0.010597681959064438,0.0015922955481005375,0.06451612903225806,0.03774823568028885,3,2,0,0.0,0.0,False,3,1,0.0,3.0,0.0,1.0,0.0,0.0,3.0,0.0,1.0,0.0,0.0,3.0,0.0,1.0,0.0,1.0,1.0,0.0,0.0,1.0,1.0,0.0,0.0,0.0,2.0,1.0,0.0
2228,case_f22593f49e,B0_rule_based,True,10,True,normal,[],[],[],[],normal,normal,0.0,0.10000000000000002,0.021105340631872645,0.10526315789473685,0.05494505494505494,2,1,0,0.0,0.0,False,2,0,0.0,0.0,0.0,0.0,0.0,0.0,0.0,0.0,0.0,0.0,0.0,0.0,0.0,0.0,0.0,0.0,0.0,0.0,0.0,0.0,0.0,0.0,0.0,0.0,0.0,0.0,0.0
2228,case_f22593f49e,G1A_llm_no_retrieval,True,10,True,abnormal,['Enlarged Cardiomediastinum'],['Enlarged Cardiomediastinum'],[],[],normal,normal,0.0,0.10000000000000002,0.021105340631872645,0.10526315789473685,0.05494505494505494,2,1,0,0.0,0.0,False,2,0,0.0,1.0,0.0,1.0,0.0,0.0,1.0,0.0,1.0,0.0,0.0,1.0,0.0,1.0,0.0,0.0,0.0,0.0,0.0,0.0,0.0,0.0,0.0,0.0,0.0,0.0,1.0
2228,case_f22593f49e,G1B_llm_sham_retrieval,True,13,True,normal,[],[],[],[],normal,normal,0.0,0.46153846153846156,0.22997519112894443,0.5454545454545455,0.598404255319149,3,0,0,0.0,0.0,False,3,1,0.0,0.0,0.0,0.0,0.0,0.0,0.0,0.0,0.0,0.0,0.0,0.0,0.0,0.0,0.0,0.0,0.0,0.0,0.0,0.0,0.0,0.0,0.0,0.0,0.0,0.0,0.0
2228,case_f22593f49e,G1_single_agent_rag,True,21,True,normal,[],[],[],[],normal,normal,0.0,0.42857142857142855,0.15821285888349254,0.33333333333333326,0.8436213991769549,4,1,0,0.0,0.0,False,4,1,0.0,0.0,0.0,0.0,0.0,0.0,0.0,0.0,0.0,0.0,0.0,0.0,0.0,0.0,0.0,0.0,0.0,0.0,0.0,0.0,0.0,0.0,0.0,0.0,0.0,0.0,0.0
2233,case_c1ab4fd7d9,B0_rule_based,False,12,True,indeterminate,[],[],[],,indeterminate,,0.0,0.010376205953676913,0.0021208781564860703,0.04081632653061225,0.014492753623188406,2,1,0,0.0,0.0,False,2,2,,,,,,,,,,,,,,,,,,,,,,,,,,,
2233,case_c1ab4fd7d9,G1A_llm_no_retrieval,False,15,True,normal,[],[],[],,indeterminate,,0.0,0.030759090967328373,0.00362623784035086,0.07692307692307693,0.02873563218390805,2,1,0,0.0,0.0,False,2,1,,,,,,,,,,,,,,,,,,,,,,,,,,,
2233,case_c1ab4fd7d9,G1B_llm_sham_retrieval,False,25,True,normal,[],[],[],,indeterminate,,0.0,0.12375667836122817,0.014823924925890124,0.16129032258064516,0.10391061452513965,5,0,0,0.0,0.0,False,5,1,,,,,,,,,,,,,,,,,,,,,,,,,,,
2233,case_c1ab4fd7d9,G1_single_agent_rag,False,25,True,normal,[],[],[],,indeterminate,,0.0,0.12375667836122817,0.014823924925890124,0.16129032258064516,0.10391061452513965,5,0,0,0.0,0.0,False,5,1,,,,,,,,,,,,,,,,,,,,,,,,,,,
2235,case_df70668f41,B0_rule_based,False,4,True,abnormal,['Fracture'],['Fracture'],['Fracture'],,abnormal,,0.0,8.386565697562796e-05,2.6952020875073312e-05,0.049999999999999996,0.01524390243902439,2,0,0,0.0,0.0,False,2,0,,,,,,,,,,,,,,,,,,,,,,,,,,,
2235,case_df70668f41,G1A_llm_no_retrieval,False,5,True,abnormal,['Fracture'],['Fracture'],['Fracture'],,abnormal,,0.0,0.00040588612725914685,0.00010903825702424575,0.048780487804878044,0.015197568389057751,2,0,0,0.0,0.0,False,2,0,,,,,,,,,,,,,,,,,,,,,,,,,,,
2235,case_df70668f41,G1B_llm_sham_retrieval,False,22,True,normal,[],[],['Fracture'],,abnormal,,0.0,0.312716974522757,0.02043104324114729,0.3448275862068966,0.2902144542873756,4,2,0,0.0,0.0,False,4,1,,,,,,,,,,,,,,,,,,,,,,,,,,,
2235,case_df70668f41,G1_single_agent_rag,False,43,True,abnormal,['Fracture'],['Fracture'],['Fracture'],,abnormal,,0.0,0.37209302325581395,0.08972942994535511,0.32911392405063294,0.3651332595367847,7,3,2,0.6666666666666666,0.4722222222222222,False,7,2,,,,,,,,,,,,,,,,,,,,,,,,,,,
2236,case_1cf5078265,B0_rule_based,True,10,True,normal,[],[],[],[],normal,normal,0.0,0.0493193927883213,0.006189243797885522,0.11764705882352941,0.04424778761061946,2,1,0,0.0,0.0,False,2,0,0.0,0.0,0.0,0.0,0.0,0.0,0.0,0.0,0.0,0.0,0.0,0.0,0.0,0.0,0.0,0.0,0.0,0.0,0.0,0.0,0.0,0.0,0.0,0.0,0.0,0.0,0.0
2236,case_1cf5078265,G1A_llm_no_retrieval,True,10,True,abnormal,['Enlarged Cardiomediastinum'],['Enlarged Cardiomediastinum'],[],[],normal,normal,0.0,0.07397908918248194,0.006849524207737257,0.11764705882352941,0.0663716814159292,2,1,0,0.0,0.0,False,2,0,0.0,1.0,0.0,1.0,0.0,0.0,1.0,0.0,1.0,0.0,0.0,1.0,0.0,1.0,0.0,0.0,0.0,0.0,0.0,0.0,0.0,0.0,0.0,0.0,0.0,0.0,1.0
2236,case_1cf5078265,G1B_llm_sham_retrieval,True,22,True,normal,[],[],[],[],normal,normal,0.0,0.5395595141667915,0.08470287051723113,0.3913043478260869,0.42190840833374765,4,2,0,0.0,0.0,False,4,1,0.0,0.0,0.0,0.0,0.0,0.0,0.0,0.0,0.0,0.0,0.0,0.0,0.0,0.0,0.0,0.0,0.0,0.0,0.0,0.0,0.0,0.0,0.0,0.0,0.0,0.0,0.0
2236,case_1cf5078265,G1_single_agent_rag,True,21,True,normal,[],[],[],[],normal,normal,0.0,0.4127989998810389,0.025040274303674323,0.22222222222222224,0.21097046413502107,4,1,0,0.0,0.0,False,4,1,0.0,0.0,0.0,0.0,0.0,0.0,0.0,0.0,0.0,0.0,0.0,0.0,0.0,0.0,0.0,0.0,0.0,0.0,0.0,0.0,0.0,0.0,0.0,0.0,0.0,0.0,0.0
2238,case_733787883d,B0_rule_based,True,4,True,abnormal,['Fracture'],['Fracture'],['Fracture'],[],abnormal,normal,0.0,0.009693551957930502,0.003115230049407175,0.09523809523809523,0.03184713375796178,2,0,0,0.0,0.0,False,2,0,0.0,1.0,0.0,1.0,0.0,0.0,1.0,0.0,1.0,0.0,0.0,1.0,0.0,1.0,0.0,1.0,1.0,0.0,0.0,1.0,1.0,0.0,0.0,0.0,0.0,1.0,0.0
2238,case_733787883d,G1A_llm_no_retrieval,True,5,True,abnormal,['Fracture'],['Fracture'],['Fracture'],[],abnormal,normal,0.0,0.018143590657882503,0.004874139244068765,0.0909090909090909,0.03164556962025316,2,0,0,0.0,0.0,False,2,0,0.0,1.0,0.0,1.0,0.0,0.0,1.0,0.0,1.0,0.0,0.0,1.0,0.0,1.0,0.0,1.0,1.0,0.0,0.0,1.0,1.0,0.0,0.0,0.0,0.0,1.0,0.0
2238,case_733787883d,G1B_llm_sham_retrieval,True,14,True,abnormal,['Fracture'],['Fracture'],['Fracture'],[],abnormal,normal,0.0,0.2306050705729684,0.0163038647806417,0.2580645161290323,0.11976047904191618,2,2,0,0.0,0.0,False,2,0,0.0,1.0,0.0,1.0,0.0,0.0,1.0,0.0,1.0,0.0,0.0,1.0,0.0,1.0,0.0,1.0,1.0,0.0,0.0,1.0,1.0,0.0,0.0,1.0,0.0,0.0,0.0
2238,case_733787883d,G1_single_agent_rag,True,33,True,normal,[],[],['Fracture'],[],abnormal,normal,0.0,0.36363636363636365,0.1217802106941195,0.39999999999999997,0.5090725806451614,4,2,2,1.0,0.6538461538461539,True,4,0,0.0,0.0,0.0,0.0,0.0,0.0,0.0,0.0,0.0,0.0,0.0,0.0,0.0,0.0,0.0,1.0,0.0,0.0,0.0,1.0,0.0,0.0,0.0,0.0,0.0,0.0,0.0
2239,case_f7e1d4609a,B0_rule_based,True,11,True,abnormal,"['Lung Opacity', 'Pneumonia']","['Lung Opacity', 'Pneumonia']","['Lung Opacity', 'Pneumonia']","['Lung Opacity', 'Support Devices']",abnormal,abnormal,0.0,0.002332811099568507,0.00012617622359453834,0.12195121951219513,0.04615384615384615,3,0,0,0.0,0.0,False,3,0,1.0,1.0,1.0,1.0,1.0,1.0,1.0,1.0,1.0,1.0,1.0,1.0,1.0,1.0,1.0,1.0,1.0,1.0,1.0,1.0,1.0,1.0,1.0,0.0,0.0,2.0,0.0
2239,case_f7e1d4609a,G1A_llm_no_retrieval,True,12,True,abnormal,"['Lung Opacity', 'Pneumonia']",['Lung Opacity'],"['Lung Opacity', 'Pneumonia']","['Lung Opacity', 'Support Devices']",abnormal,abnormal,0.0,0.0030514591161522517,0.00033170894896444257,0.07228915662650602,0.05714285714285715,2,1,0,0.0,0.0,False,2,0,1.0,1.0,1.0,1.0,1.0,1.0,0.0,1.0,0.0,1.0,1.0,1.0,1.0,1.0,1.0,1.0,1.0,1.0,1.0,1.0,0.0,1.0,1.0,0.0,0.0,2.0,0.0
2239,case_f7e1d4609a,G1B_llm_sham_retrieval,True,30,True,normal,[],[],"['Lung Opacity', 'Pneumonia']","['Lung Opacity', 'Support Devices']",abnormal,abnormal,0.0,0.11897918481237131,0.006512435782675379,0.1782178217821782,0.12549190079619288,4,3,0,0.0,0.0,False,4,0,0.0,0.0,2.0,0.0,1.0,0.0,0.0,2.0,0.0,1.0,0.0,0.0,2.0,0.0,1.0,1.0,0.0,1.0,0.0,1.0,0.0,1.0,0.0,0.0,0.0,0.0,0.0
2239,case_f7e1d4609a,G1_single_agent_rag,True,28,True,abnormal,"['Lung Opacity', 'Pneumonia']",['Lung Opacity'],"['Lung Opacity', 'Pneumonia']","['Lung Opacity', 'Support Devices']",abnormal,abnormal,0.0,0.06920416581350798,0.005296721008611142,0.10101010101010102,0.10318914616765691,2,2,1,0.5,0.5238095238095238,False,2,0,1.0,1.0,1.0,1.0,1.0,1.0,0.0,1.0,0.0,1.0,1.0,1.0,1.0,1.0,1.0,1.0,1.0,1.0,1.0,1.0,0.0,1.0,1.0,0.0,0.0,2.0,0.0
2244,case_436f85fc7d,B0_rule_based,True,10,True,normal,[],[],[],[],normal,normal,0.0,0.20328482987029958,0.11292956255471857,0.3448275862068966,0.24640883977900555,2,1,0,0.0,0.0,False,2,0,0.0,0.0,0.0,0.0,0.0,0.0,0.0,0.0,0.0,0.0,0.0,0.0,0.0,0.0,0.0,0.0,0.0,0.0,0.0,0.0,0.0,0.0,0.0,0.0,0.0,0.0,0.0
2244,case_436f85fc7d,G1A_llm_no_retrieval,True,10,True,abnormal,['Enlarged Cardiomediastinum'],['Enlarged Cardiomediastinum'],[],[],normal,normal,0.0,0.040656965974059926,0.008580791159409903,0.06896551724137931,0.02762430939226519,2,1,0,0.0,0.0,False,2,0,0.0,1.0,0.0,1.0,0.0,0.0,1.0,0.0,1.0,0.0,0.0,1.0,0.0,1.0,0.0,0.0,0.0,0.0,0.0,0.0,0.0,0.0,0.0,0.0,0.0,0.0,1.0
2244,case_436f85fc7d,G1B_llm_sham_retrieval,True,23,True,normal,[],[],[],[],normal,normal,0.0,0.3478260869565218,0.0740789881551835,0.28571428571428575,0.3620328608247423,3,2,0,0.0,0.0625,False,3,0,0.0,0.0,0.0,0.0,0.0,0.0,0.0,0.0,0.0,0.0,0.0,0.0,0.0,0.0,0.0,0.0,0.0,0.0,0.0,0.0,0.0,0.0,0.0,0.0,0.0,0.0,0.0
2244,case_436f85fc7d,G1_single_agent_rag,True,21,True,normal,[],[],[],[],normal,normal,0.0,0.3333333333333333,0.02642138995497447,0.3,0.18229166666666666,4,1,0,0.0,0.0,False,4,1,0.0,0.0,0.0,0.0,0.0,0.0,0.0,0.0,0.0,0.0,0.0,0.0,0.0,0.0,0.0,0.0,0.0,0.0,0.0,0.0,0.0,0.0,0.0,0.0,0.0,0.0,0.0
2253,case_7053405ea2,B0_rule_based,False,12,True,indeterminate,[],[],[],,indeterminate,,0.0,0.04775079947669835,0.005803437161904483,0.05128205128205128,0.0392156862745098,2,1,0,0.0,0.0,False,2,2,,,,,,,,,,,,,,,,,,,,,,,,,,,
2253,case_7053405ea2,G1A_llm_no_retrieval,False,15,True,normal,[],[],[],,indeterminate,,0.0,0.08986579282344431,0.007816435614790406,0.09523809523809523,0.05813953488372093,2,1,0,0.0,0.0,False,2,1,,,,,,,,,,,,,,,,,,,,,,,,,,,
2253,case_7053405ea2,G1B_llm_sham_retrieval,False,25,True,normal,[],[],[],,indeterminate,,0.0,0.36924653855465434,0.05561551939603883,0.2692307692307692,0.18656716417910446,5,0,0,0.0,0.0,False,5,1,,,,,,,,,,,,,,,,,,,,,,,,,,,
2253,case_7053405ea2,G1_single_agent_rag,False,25,True,normal,[],[],[],,indeterminate,,0.0,0.36924653855465434,0.05561551939603883,0.2692307692307692,0.18656716417910446,5,0,0,0.0,0.0,False,5,1,,,,,,,,,,,,,,,,,,,,,,,,,,,
2270,case_5cab6e7ac7,B0_rule_based,False,10,True,normal,[],[],[],,normal,,0.0,0.005760822934314021,0.0011758005972032112,0.17647058823529413,0.06578947368421054,2,1,0,0.0,0.0,False,2,0,,,,,,,,,,,,,,,,,,,,,,,,,,,
2270,case_5cab6e7ac7,G1A_llm_no_retrieval,False,10,True,abnormal,['Enlarged Cardiomediastinum'],['Enlarged Cardiomediastinum'],[],,normal,,0.0,0.002468924114706009,0.00040649870504755705,0.0588235294117647,0.04803675856307435,2,1,0,0.0,0.0,False,2,0,,,,,,,,,,,,,,,,,,,,,,,,,,,
2270,case_5cab6e7ac7,G1B_llm_sham_retrieval,False,30,True,normal,[],[],[],,normal,,0.0,0.2621604805790655,0.12233293617112809,0.36363636363636365,0.3231884057971015,4,3,3,1.0,1.0,True,4,1,,,,,,,,,,,,,,,,,,,,,,,,,,,
2270,case_5cab6e7ac7,G1_single_agent_rag,False,21,True,normal,[],[],[],,normal,,0.0,0.10630129170885254,0.006298526662806782,0.17721518987341772,0.14525918903309465,4,1,0,0.0,0.0,False,4,1,,,,,,,,,,,,,,,,,,,,,,,,,,,
2277,case_59ab47a44d,B0_rule_based,True,10,True,normal,[],[],[],[],normal,normal,0.0,0.027511610028203615,0.0030880254395575543,0.163265306122449,0.10304709141274236,2,1,0,0.0,0.0,False,2,0,0.0,0.0,0.0,0.0,0.0,0.0,0.0,0.0,0.0,0.0,0.0,0.0,0.0,0.0,0.0,0.0,0.0,0.0,0.0,0.0,0.0,0.0,0.0,0.0,0.0,0.0,0.0
2277,case_59ab47a44d,G1A_llm_no_retrieval,True,10,True,abnormal,['Enlarged Cardiomediastinum'],['Enlarged Cardiomediastinum'],[],[],normal,normal,0.0,0.0055023220056407245,0.0011612838019529614,0.04081632653061225,0.013850415512465372,2,1,0,0.0,0.0,False,2,0,0.0,1.0,0.0,1.0,0.0,0.0,1.0,0.0,1.0,0.0,0.0,1.0,0.0,1.0,0.0,0.0,0.0,0.0,0.0,0.0,0.0,0.0,0.0,0.0,0.0,0.0,1.0
2277,case_59ab47a44d,G1B_llm_sham_retrieval,True,21,True,normal,[],[],[],[],normal,normal,0.0,0.34353992269086425,0.07871200373515021,0.36666666666666664,0.37662313502251,4,2,1,0.5,0.0,False,4,1,0.0,0.0,0.0,0.0,0.0,0.0,0.0,0.0,0.0,0.0,0.0,0.0,0.0,0.0,0.0,0.0,0.0,0.0,0.0,0.0,0.0,0.0,0.0,0.0,0.0,0.0,0.0
2277,case_59ab47a44d,G1_single_agent_rag,True,21,True,normal,[],[],[],[],normal,normal,0.0,0.2424987689582571,0.01525743569599388,0.3,0.22924133811230588,4,1,0,0.0,0.0,False,4,1,0.0,0.0,0.0,0.0,0.0,0.0,0.0,0.0,0.0,0.0,0.0,0.0,0.0,0.0,0.0,0.0,0.0,0.0,0.0,0.0,0.0,0.0,0.0,0.0,0.0,0.0,0.0
2290,case_1f7f05c822,B0_rule_based,True,10,True,normal,[],[],[],[],normal,normal,0.0,0.06122821412649095,0.03401373059525818,0.24390243902439024,0.1543252595155709,2,1,0,0.0,0.0,False,2,0,0.0,0.0,0.0,0.0,0.0,0.0,0.0,0.0,0.0,0.0,0.0,0.0,0.0,0.0,0.0,0.0,0.0,0.0,0.0,0.0,0.0,0.0,0.0,0.0,0.0,0.0,0.0
2290,case_1f7f05c822,G1A_llm_no_retrieval,True,10,True,abnormal,['Enlarged Cardiomediastinum'],['Enlarged Cardiomediastinum'],[],[],normal,normal,0.0,0.0012245642825298195,0.0014533625122415872,0.0,0.0,2,1,0,0.0,0.0,False,2,0,0.0,1.0,0.0,1.0,0.0,0.0,1.0,0.0,1.0,0.0,0.0,1.0,0.0,1.0,0.0,0.0,0.0,0.0,0.0,0.0,0.0,0.0,0.0,0.0,0.0,0.0,1.0
2290,case_1f7f05c822,G1B_llm_sham_retrieval,True,16,True,normal,[],[],[],[],normal,normal,0.0,0.22027816500569944,0.04437224373635515,0.3404255319148936,0.2598870056497175,3,1,0,0.0,0.0,False,3,1,0.0,0.0,0.0,0.0,0.0,0.0,0.0,0.0,0.0,0.0,0.0,0.0,0.0,0.0,0.0,0.0,0.0,0.0,0.0,0.0,0.0,0.0,0.0,0.0,0.0,0.0,0.0
2290,case_1f7f05c822,G1_single_agent_rag,True,21,True,normal,[],[],[],[],normal,normal,0.0,0.2662050675494792,0.020782241202554126,0.2692307692307692,0.19465020576131692,4,1,0,0.0,0.0,False,4,1,0.0,0.0,0.0,0.0,0.0,0.0,0.0,0.0,0.0,0.0,0.0,0.0,0.0,0.0,0.0,0.0,0.0,0.0,0.0,0.0,0.0,0.0,0.0,0.0,0.0,0.0,0.0
2310,case_4554cdf69e,B0_rule_based,True,10,True,normal,[],[],[],[],normal,normal,0.0,0.150597105956101,0.03574694956748285,0.3125,0.17884615384615385,2,1,0,0.0,0.0,False,2,0,0.0,0.0,0.0,0.0,0.0,0.0,0.0,0.0,0.0,0.0,0.0,0.0,0.0,0.0,0.0,0.0,0.0,0.0,0.0,0.0,0.0,0.0,0.0,0.0,0.0,0.0,0.0
2310,case_4554cdf69e,G1A_llm_no_retrieval,True,10,True,abnormal,['Enlarged Cardiomediastinum'],['Enlarged Cardiomediastinum'],[],[],normal,normal,0.0,0.030119421191220207,0.006356806438755457,0.06250000000000001,0.02403846153846154,2,1,0,0.0,0.0,False,2,0,0.0,1.0,0.0,1.0,0.0,0.0,1.0,0.0,1.0,0.0,0.0,1.0,0.0,1.0,0.0,0.0,0.0,0.0,0.0,0.0,0.0,0.0,0.0,0.0,0.0,0.0,1.0
2310,case_4554cdf69e,G1B_llm_sham_retrieval,True,22,True,normal,[],[],[],[],normal,normal,0.0,0.5454545454545454,0.23933115010284964,0.5,0.49131944444444436,4,2,0,0.0,0.0,False,4,1,0.0,0.0,0.0,0.0,0.0,0.0,0.0,0.0,0.0,0.0,0.0,0.0,0.0,0.0,0.0,0.0,0.0,0.0,0.0,0.0,0.0,0.0,0.0,0.0,0.0,0.0,0.0
2310,case_4554cdf69e,G1_single_agent_rag,True,21,True,normal,[],[],[],[],normal,normal,0.0,0.40864155207148994,0.1985369758351683,0.3255813953488372,0.35007610350076107,4,1,0,0.0,0.0,False,4,1,0.0,0.0,0.0,0.0,0.0,0.0,0.0,0.0,0.0,0.0,0.0,0.0,0.0,0.0,0.0,0.0,0.0,0.0,0.0,0.0,0.0,0.0,0.0,0.0,0.0,0.0,0.0
2313,case_81864d567c,B0_rule_based,True,8,True,abnormal,['Enlarged Cardiomediastinum'],['Enlarged Cardiomediastinum'],['Enlarged Cardiomediastinum'],[],abnormal,normal,0.0,0.007990982650838448,0.0017756724409141499,0.052631578947368425,0.017985611510791366,2,0,0,0.0,0.0,False,2,0,0.0,1.0,0.0,1.0,0.0,0.0,1.0,0.0,1.0,0.0,0.0,1.0,0.0,1.0,0.0,1.0,1.0,0.0,0.0,1.0,1.0,0.0,0.0,1.0,0.0,0.0,0.0
2313,case_81864d567c,G1A_llm_no_retrieval,True,7,True,abnormal,['Enlarged Cardiomediastinum'],['Enlarged Cardiomediastinum'],['Enlarged Cardiomediastinum'],[],abnormal,normal,0.0,0.005344835909605227,0.0012358409883572803,0.05405405405405406,0.018050541516245487,2,0,0,0.0,0.0,False,2,0,0.0,1.0,0.0,1.0,0.0,0.0,1.0,0.0,1.0,0.0,0.0,1.0,0.0,1.0,0.0,1.0,1.0,0.0,0.0,1.0,1.0,0.0,0.0,1.0,0.0,0.0,0.0
2313,case_81864d567c,G1B_llm_sham_retrieval,True,22,True,normal,[],[],['Enlarged Cardiomediastinum'],[],abnormal,normal,0.0,0.4423643180720138,0.21741808252031575,0.423076923076923,0.44948630136986306,4,2,0,0.0,0.0,False,4,1,0.0,0.0,0.0,0.0,0.0,0.0,0.0,0.0,0.0,0.0,0.0,0.0,0.0,0.0,0.0,1.0,0.0,0.0,0.0,1.0,0.0,0.0,0.0,0.0,0.0,0.0,0.0
2313,case_81864d567c,G1_single_agent_rag,True,21,True,abnormal,['Cardiomegaly'],['Cardiomegaly'],['Enlarged Cardiomediastinum'],[],abnormal,normal,0.0,0.37225089001774603,0.1107516629343632,0.3529411764705882,0.20618556701030927,4,2,2,1.0,0.7857142857142857,True,4,2,0.0,1.0,0.0,1.0,0.0,0.0,1.0,0.0,1.0,0.0,0.0,1.0,0.0,1.0,0.0,1.0,0.0,0.0,0.0,1.0,0.0,0.0,0.0,0.0,1.0,0.0,0.0
2326,case_5331262931,B0_rule_based,True,10,True,normal,[],[],[],['Cardiomegaly'],normal,abnormal,0.0,0.03324094750870016,0.0054729920763277266,0.14285714285714285,0.05033557046979865,2,1,0,0.0,0.0,False,2,0,0.0,0.0,1.0,0.0,1.0,0.0,0.0,1.0,0.0,1.0,0.0,0.0,1.0,0.0,1.0,0.0,0.0,0.0,0.0,0.0,0.0,0.0,0.0,0.0,0.0,0.0,0.0
2326,case_5331262931,G1A_llm_no_retrieval,True,10,True,abnormal,['Enlarged Cardiomediastinum'],['Enlarged Cardiomediastinum'],[],['Cardiomegaly'],normal,abnormal,0.0,0.011080315836233388,0.002338538400324384,0.047619047619047616,0.016778523489932886,2,1,0,0.0,0.0,False,2,0,0.0,1.0,1.0,1.0,1.0,0.0,1.0,1.0,1.0,1.0,0.0,1.0,1.0,1.0,1.0,0.0,0.0,0.0,0.0,0.0,0.0,0.0,0.0,0.0,0.0,0.0,1.0
2326,case_5331262931,G1B_llm_sham_retrieval,True,19,True,normal,[],[],[],['Cardiomegaly'],normal,abnormal,0.0,0.21241614849630364,0.020218791877431485,0.2745098039215686,0.20561889250814333,4,1,0,0.0,0.0,False,4,1,0.0,0.0,1.0,0.0,1.0,0.0,0.0,1.0,0.0,1.0,0.0,0.0,1.0,0.0,1.0,0.0,0.0,0.0,0.0,0.0,0.0,0.0,0.0,0.0,0.0,0.0,0.0
2326,case_5331262931,G1_single_agent_rag,True,21,True,normal,[],[],[],['Cardiomegaly'],normal,abnormal,0.0,0.22562286335081636,0.03786573363619218,0.22641509433962265,0.2042880258899676,4,1,0,0.0,0.0,False,4,1,0.0,0.0,1.0,0.0,1.0,0.0,0.0,1.0,0.0,1.0,0.0,0.0,1.0,0.0,1.0,0.0,0.0,0.0,0.0,0.0,0.0,0.0,0.0,0.0,0.0,0.0,0.0
2328,case_67fa8e79eb,B0_rule_based,False,10,True,abnormal,['Lung Lesion'],['Lung Lesion'],['Lung Lesion'],,abnormal,,0.0,0.004474154371233121,0.000561475529753365,0.06896551724137931,0.022624434389140267,2,1,0,0.0,0.0,False,2,0,,,,,,,,,,,,,,,,,,,,,,,,,,,
2328,case_67fa8e79eb,G1A_llm_no_retrieval,False,18,True,normal,[],[],['Lung Lesion'],,abnormal,,0.0,0.1573963356979682,0.06176785471841925,0.2727272727272727,0.2973333333333334,4,0,0,0.0,0.0,False,4,2,,,,,,,,,,,,,,,,,,,,,,,,,,,
2328,case_67fa8e79eb,G1B_llm_sham_retrieval,False,26,True,normal,[],[],['Lung Lesion'],,abnormal,,0.0,0.2970429237298444,0.0799241234394954,0.4054054054054054,0.3005552859992452,5,2,0,0.0,0.0,False,5,2,,,,,,,,,,,,,,,,,,,,,,,,,,,
2328,case_67fa8e79eb,G1_single_agent_rag,False,22,True,normal,[],[],['Lung Lesion'],,abnormal,,0.0,0.19518580936689978,0.05154285857227377,0.3714285714285714,0.25218016722107345,4,1,0,0.0,0.0,False,4,1,,,,,,,,,,,,,,,,,,,,,,,,,,,
2344,case_c9451b4038,B0_rule_based,False,10,True,normal,[],[],[],,normal,,0.0,0.03673692847589457,0.0034013730595258192,0.14634146341463414,0.05190311418685121,2,1,0,0.0,0.0,False,2,0,,,,,,,,,,,,,,,,,,,,,,,,,,,
2344,case_c9451b4038,G1A_llm_no_retrieval,False,10,True,abnormal,['Enlarged Cardiomediastinum'],['Enlarged Cardiomediastinum'],[],,normal,,0.0,0.012245642825298194,0.0025844846308416564,0.04878048780487805,0.017301038062283735,2,1,0,0.0,0.0,False,2,0,,,,,,,,,,,,,,,,,,,,,,,,,,,
2344,case_c9451b4038,G1B_llm_sham_retrieval,False,28,True,normal,[],[],[],,normal,,0.0,0.2566849489565917,0.018046050031207655,0.2711864406779661,0.17330008143322476,4,3,2,0.6666666666666666,0.19047619047619047,False,4,0,,,,,,,,,,,,,,,,,,,,,,,,,,,
2344,case_c9451b4038,G1_single_agent_rag,False,21,True,normal,[],[],[],,normal,,0.0,0.35494009006597227,0.024714389103780075,0.30769230769230765,0.2459490740740741,4,1,0,0.0,0.0,False,4,1,,,,,,,,,,,,,,,,,,,,,,,,,,,
2356,case_e06ef9b74c,B0_rule_based,False,12,True,indeterminate,[],[],[],,indeterminate,,0.0,0.02595026865954981,0.005304189045657985,0.05263157894736842,0.02032520325203252,2,1,0,0.0,0.0,False,2,2,,,,,,,,,,,,,,,,,,,,,,,,,,,
2356,case_e06ef9b74c,G1A_llm_no_retrieval,False,15,True,normal,[],[],[],,indeterminate,,0.0,0.12808141362394648,0.008978347377496664,0.14634146341463417,0.08032128514056225,2,1,0,0.0,0.0,False,2,1,,,,,,,,,,,,,,,,,,,,,,,,,,,
2356,case_e06ef9b74c,G1B_llm_sham_retrieval,False,25,True,normal,[],[],[],,indeterminate,,0.0,0.34588419809483634,0.026660660538547255,0.23529411764705882,0.26574193240859906,5,0,0,0.0,0.0,False,5,1,,,,,,,,,,,,,,,,,,,,,,,,,,,
2356,case_e06ef9b74c,G1_single_agent_rag,False,25,True,normal,[],[],[],,indeterminate,,0.0,0.34588419809483634,0.026660660538547255,0.23529411764705882,0.26574193240859906,5,0,0,0.0,0.0,False,5,1,,,,,,,,,,,,,,,,,,,,,,,,,,,
2363,case_eb3be8f238,B0_rule_based,True,21,True,abnormal,"['Consolidation', 'Lung Opacity', 'Pleural Effusion', 'Pneumonia']","['Consolidation', 'Lung Opacity', 'Pleural Effusion', 'Pneumonia']","['Consolidation', 'Lung Opacity', 'Pleural Effusion', 'Pneumonia']","['Lung Opacity', 'Pneumonia']",abnormal,abnormal,0.0,0.09793137148710845,0.0064289552117826375,0.19178082191780818,0.11941730414804719,5,1,0,0.0,0.0,False,5,0,2.0,2.0,0.0,1.0,0.0,2.0,2.0,0.0,1.0,0.0,2.0,2.0,0.0,1.0,0.0,2.0,2.0,2.0,2.0,2.0,2.0,2.0,2.0,1.0,0.0,3.0,0.0
2363,case_eb3be8f238,G1A_llm_no_retrieval,True,23,True,normal,[],[],"['Consolidation', 'Lung Opacity', 'Pleural Effusion', 'Pneumonia']","['Lung Opacity', 'Pneumonia']",abnormal,abnormal,0.0,0.17250889967352293,0.06984581178043803,0.32,0.23317677376449558,5,0,0,0.0,0.0,False,5,1,0.0,0.0,2.0,0.0,1.0,0.0,0.0,2.0,0.0,1.0,0.0,0.0,2.0,0.0,1.0,2.0,0.0,2.0,0.0,2.0,0.0,2.0,0.0,0.0,0.0,0.0,0.0
2363,case_eb3be8f238,G1B_llm_sham_retrieval,True,34,True,normal,[],[],"['Consolidation', 'Lung Opacity', 'Pleural Effusion', 'Pneumonia']","['Lung Opacity', 'Pneumonia']",abnormal,abnormal,0.0,0.3117977522208813,0.1284704942272536,0.3255813953488372,0.23264964832029908,5,4,3,0.75,0.7777777777777778,False,5,1,0.0,0.0,2.0,0.0,1.0,0.0,0.0,2.0,0.0,1.0,0.0,0.0,2.0,0.0,1.0,2.0,0.0,2.0,0.0,2.0,0.0,2.0,0.0,0.0,0.0,0.0,0.0
2363,case_eb3be8f238,G1_single_agent_rag,True,28,True,abnormal,"['Lung Opacity', 'Pneumonia']",['Lung Opacity'],"['Consolidation', 'Lung Opacity', 'Pleural Effusion', 'Pneumonia']","['Lung Opacity', 'Pneumonia']",abnormal,abnormal,0.0,0.13640555753901965,0.008779088483679089,0.2,0.0907258064516129,2,2,1,0.5,0.5238095238095238,False,2,0,2.0,0.0,0.0,0.0,0.0,1.0,0.0,1.0,0.0,1.0,2.0,0.0,0.0,0.0,0.0,2.0,0.0,2.0,2.0,2.0,0.0,2.0,1.0,0.0,0.0,2.0,0.0
2365,case_a3f187611c,B0_rule_based,True,10,True,normal,[],[],[],[],normal,normal,0.0,0.04060058497098381,0.0037590985869139244,0.15,0.05357142857142856,2,1,0,0.0,0.0,False,2,0,0.0,0.0,0.0,0.0,0.0,0.0,0.0,0.0,0.0,0.0,0.0,0.0,0.0,0.0,0.0,0.0,0.0,0.0,0.0,0.0,0.0,0.0,0.0,0.0,0.0,0.0,0.0
2365,case_a3f187611c,G1A_llm_no_retrieval,True,10,True,abnormal,['Enlarged Cardiomediastinum'],['Enlarged Cardiomediastinum'],[],[],normal,normal,0.0,0.013533528323661273,0.0028562972522196747,0.05,0.017857142857142856,2,1,0,0.0,0.0,False,2,0,0.0,1.0,0.0,1.0,0.0,0.0,1.0,0.0,1.0,0.0,0.0,1.0,0.0,1.0,0.0,0.0,0.0,0.0,0.0,0.0,0.0,0.0,0.0,0.0,0.0,0.0,1.0
2365,case_a3f187611c,G1B_llm_sham_retrieval,True,18,False,normal,[],[],[],[],normal,normal,0.0,0.256708559516296,0.05108816483697276,0.33333333333333337,0.2662037037037037,4,0,0,0.0,0.0,False,4,1,0.0,0.0,0.0,0.0,0.0,0.0,0.0,0.0,0.0,0.0,0.0,0.0,0.0,0.0,0.0,0.0,0.0,0.0,0.0,0.0,0.0,0.0,0.0,0.0,0.0,0.0,0.0
2365,case_a3f187611c,G1_single_agent_rag,True,22,True,normal,[],[],[],[],normal,normal,0.0,0.4107668667811557,0.17640105802774284,0.3846153846153846,0.3713423036394586,4,2,2,1.0,1.0,True,4,1,0.0,0.0,0.0,0.0,0.0,0.0,0.0,0.0,0.0,0.0,0.0,0.0,0.0,0.0,0.0,0.0,0.0,0.0,0.0,0.0,0.0,0.0,0.0,0.0,0.0,0.0,0.0
2366,case_eee3a47526,B0_rule_based,False,10,True,normal,[],[],[],,normal,,0.0,0.03673692847589457,0.0034013730595258192,0.14634146341463414,0.05190311418685121,2,1,0,0.0,0.0,False,2,0,,,,,,,,,,,,,,,,,,,,,,,,,,,
2366,case_eee3a47526,G1A_llm_no_retrieval,False,10,True,abnormal,['Enlarged Cardiomediastinum'],['Enlarged Cardiomediastinum'],[],,normal,,0.0,0.012245642825298194,0.0025844846308416564,0.04878048780487805,0.017301038062283735,2,1,0,0.0,0.0,False,2,0,,,,,,,,,,,,,,,,,,,,,,,,,,,
2366,case_eee3a47526,G1B_llm_sham_retrieval,False,26,True,normal,[],[],[],,normal,,0.0,0.19039683853396985,0.009382239919927782,0.14035087719298245,0.09836065573770492,4,2,2,1.0,1.0,True,4,0,,,,,,,,,,,,,,,,,,,,,,,,,,,
2366,case_eee3a47526,G1_single_agent_rag,False,22,True,normal,[],[],[],,normal,,0.0,0.15096678246915804,0.00862919302233993,0.1509433962264151,0.08305647840531562,4,2,2,1.0,1.0,True,4,1,,,,,,,,,,,,,,,,,,,,,,,,,,,
2368,case_05ed6a5402,B0_rule_based,False,4,True,abnormal,['Fracture'],['Fracture'],['Fracture'],,abnormal,,0.0,0.00022797049138862906,7.326318858496064e-05,0.05555555555555555,0.017123287671232876,2,0,0,0.0,0.0,False,2,0,,,,,,,,,,,,,,,,,,,,,,,,,,,
2368,case_05ed6a5402,G1A_llm_no_retrieval,False,5,True,abnormal,['Fracture'],['Fracture'],['Fracture'],,abnormal,,0.0,0.0009033161885225332,0.00024266910377894013,0.05405405405405406,0.017064846416382253,2,0,0,0.0,0.0,False,2,0,,,,,,,,,,,,,,,,,,,,,,,,,,,
2368,case_05ed6a5402,G1B_llm_sham_retrieval,False,39,True,abnormal,['Atelectasis'],['Atelectasis'],['Fracture'],,abnormal,,0.0,0.2564102564102564,0.037729138673427344,0.28169014084507044,0.2533639143730887,5,3,3,1.0,1.0,True,5,0,,,,,,,,,,,,,,,,,,,,,,,,,,,
2368,case_05ed6a5402,G1_single_agent_rag,False,33,True,normal,[],[],['Fracture'],,abnormal,,0.0,0.5151515151515151,0.1269399516092172,0.3692307692307692,0.3817007836669578,4,2,2,1.0,0.6538461538461539,True,4,0,,,,,,,,,,,,,,,,,,,,,,,,,,,
2377,case_f6cd710729,B0_rule_based,True,10,True,normal,[],[],[],[],normal,normal,0.0,0.04060058497098381,0.0037590985869139244,0.15,0.05357142857142856,2,1,0,0.0,0.0,False,2,0,0.0,0.0,0.0,0.0,0.0,0.0,0.0,0.0,0.0,0.0,0.0,0.0,0.0,0.0,0.0,0.0,0.0,0.0,0.0,0.0,0.0,0.0,0.0,0.0,0.0,0.0,0.0
2377,case_f6cd710729,G1A_llm_no_retrieval,True,10,True,abnormal,['Enlarged Cardiomediastinum'],['Enlarged Cardiomediastinum'],[],[],normal,normal,0.0,0.013533528323661273,0.0028562972522196747,0.05,0.017857142857142856,2,1,0,0.0,0.0,False,2,0,0.0,1.0,0.0,1.0,0.0,0.0,1.0,0.0,1.0,0.0,0.0,1.0,0.0,1.0,0.0,0.0,0.0,0.0,0.0,0.0,0.0,0.0,0.0,0.0,0.0,0.0,1.0
2377,case_f6cd710729,G1B_llm_sham_retrieval,True,29,True,abnormal,"['Cardiomegaly', 'Edema', 'Enlarged Cardiomediastinum']","['Cardiomegaly', 'Edema', 'Enlarged Cardiomediastinum']",[],[],normal,normal,0.0,0.13325586158973743,0.00884231619066572,0.06779661016949153,0.06688963210702341,6,2,0,0.0,0.0,False,6,3,0.0,3.0,0.0,1.0,0.0,0.0,3.0,0.0,1.0,0.0,0.0,3.0,0.0,1.0,0.0,0.0,0.0,0.0,0.0,0.0,0.0,0.0,0.0,0.0,2.0,0.0,1.0
2377,case_f6cd710729,G1_single_agent_rag,True,21,True,normal,[],[],[],[],normal,normal,0.0,0.4032717975192249,0.0505307541870368,0.27450980392156865,0.31141340816202034,4,1,0,0.0,0.0,False,4,1,0.0,0.0,0.0,0.0,0.0,0.0,0.0,0.0,0.0,0.0,0.0,0.0,0.0,0.0,0.0,0.0,0.0,0.0,0.0,0.0,0.0,0.0,0.0,0.0,0.0,0.0,0.0
2380,case_f837941127,B0_rule_based,False,4,True,abnormal,['Atelectasis'],['Atelectasis'],['Atelectasis'],,abnormal,,0.0,4.638478406539946e-08,1.4906741489901188e-08,0.028571428571428574,0.008361204013377926,2,0,0,0.0,0.0,False,2,0,,,,,,,,,,,,,,,,,,,,,,,,,,,
2380,case_f837941127,G1A_llm_no_retrieval,False,23,True,normal,[],[],['Atelectasis'],,abnormal,,0.0,0.10726308638082953,0.017289921045338275,0.24719101123595505,0.2046191247974068,5,0,0,0.0,0.0,False,5,1,,,,,,,,,,,,,,,,,,,,,,,,,,,
2380,case_f837941127,G1B_llm_sham_retrieval,False,22,True,normal,[],[],['Atelectasis'],,abnormal,,0.0,0.07997084918527114,0.03434294133361696,0.2727272727272727,0.18644816721739796,4,1,0,0.0,0.0,False,4,1,,,,,,,,,,,,,,,,,,,,,,,,,,,
2380,case_f837941127,G1_single_agent_rag,False,8,True,abnormal,['Atelectasis'],['Atelectasis'],['Atelectasis'],,abnormal,,0.0,0.00017754359721063726,4.1715282084202584e-05,0.054054054054054064,0.016611295681063124,2,1,0,0.0,0.0,False,2,0,,,,,,,,,,,,,,,,,,,,,,,,,,,
2388,case_1ee15a9211,B0_rule_based,True,10,True,normal,[],[],[],[],normal,normal,0.0,0.040656965974059926,0.008580791159409903,0.06896551724137931,0.02762430939226519,2,1,0,0.0,0.0,False,2,0,0.0,0.0,0.0,0.0,0.0,0.0,0.0,0.0,0.0,0.0,0.0,0.0,0.0,0.0,0.0,0.0,0.0,0.0,0.0,0.0,0.0,0.0,0.0,0.0,0.0,0.0,0.0
2388,case_1ee15a9211,G1A_llm_no_retrieval,True,10,True,abnormal,['Enlarged Cardiomediastinum'],['Enlarged Cardiomediastinum'],[],[],normal,normal,0.0,0.040656965974059926,0.008580791159409903,0.06896551724137931,0.02762430939226519,2,1,0,0.0,0.0,False,2,0,0.0,1.0,0.0,1.0,0.0,0.0,1.0,0.0,1.0,0.0,0.0,1.0,0.0,1.0,0.0,0.0,0.0,0.0,0.0,0.0,0.0,0.0,0.0,0.0,0.0,0.0,1.0
2388,case_1ee15a9211,G1B_llm_sham_retrieval,True,182,True,abnormal,['Lung Opacity'],[],[],[],normal,normal,0.5,0.032967032967032975,0.0015419451946457167,0.02985074626865672,0.084985835694051,18,18,18,1.0,0.96,True,18,14,0.0,1.0,0.0,1.0,0.0,0.0,0.0,0.0,0.0,0.0,0.0,1.0,0.0,1.0,0.0,0.0,0.0,0.0,0.0,0.0,0.0,0.0,0.0,0.0,1.0,0.0,0.0
2388,case_1ee15a9211,G1_single_agent_rag,True,21,True,normal,[],[],[],[],normal,normal,0.0,0.38095238095238093,0.03595290285752276,0.25,0.36580403645833337,4,1,0,0.0,0.0,False,4,1,0.0,0.0,0.0,0.0,0.0,0.0,0.0,0.0,0.0,0.0,0.0,0.0,0.0,0.0,0.0,0.0,0.0,0.0,0.0,0.0,0.0,0.0,0.0,0.0,0.0,0.0,0.0
2396,case_37c5b65b82,B0_rule_based,True,6,True,abnormal,['Lung Opacity'],['Lung Opacity'],['Lung Opacity'],"['Edema', 'Lung Opacity']",abnormal,abnormal,0.0,5.591043798375198e-05,1.3695204435571546e-05,0.03333333333333333,0.01016260162601626,2,0,0,0.0,0.0,False,2,0,1.0,0.0,1.0,0.0,1.0,1.0,0.0,1.0,0.0,1.0,1.0,0.0,1.0,0.0,1.0,0.0,0.0,1.0,1.0,0.0,0.0,1.0,1.0,0.0,0.0,1.0,0.0
2396,case_37c5b65b82,G1A_llm_no_retrieval,True,11,True,abnormal,['Lung Opacity'],['Lung Opacity'],['Lung Opacity'],"['Edema', 'Lung Opacity']",abnormal,abnormal,0.0,0.0036470414514039326,0.00044965517132181885,0.061538461538461535,0.02012072434607646,2,1,0,0.0,0.0,False,2,0,1.0,0.0,1.0,0.0,1.0,1.0,0.0,1.0,0.0,1.0,1.0,0.0,1.0,0.0,1.0,0.0,0.0,1.0,1.0,0.0,0.0,1.0,1.0,0.0,0.0,1.0,0.0
2396,case_37c5b65b82,G1B_llm_sham_retrieval,True,18,True,normal,[],[],['Lung Opacity'],"['Edema', 'Lung Opacity']",abnormal,abnormal,0.0,0.09022352215774179,0.012168531718903629,0.2222222222222222,0.20282186948853614,4,1,1,1.0,1.0,True,4,2,0.0,0.0,2.0,0.0,1.0,0.0,0.0,2.0,0.0,1.0,0.0,0.0,2.0,0.0,1.0,0.0,0.0,1.0,0.0,0.0,0.0,1.0,0.0,0.0,0.0,0.0,0.0
2396,case_37c5b65b82,G1_single_agent_rag,True,37,True,abnormal,"['Atelectasis', 'Lung Opacity']",['Lung Opacity'],['Lung Opacity'],"['Edema', 'Lung Opacity']",abnormal,abnormal,0.0,0.32434795867266736,0.03399455854548606,0.3076923076923077,0.2906203820913863,4,4,1,0.25,0.16666666666666666,False,4,0,1.0,1.0,1.0,1.0,1.0,1.0,0.0,1.0,0.0,1.0,1.0,1.0,1.0,1.0,1.0,0.0,0.0,1.0,1.0,0.0,0.0,1.0,1.0,0.0,1.0,1.0,0.0
2415,case_a5fbb69525,B0_rule_based,True,27,True,abnormal,"['Atelectasis', 'Consolidation', 'Lung Opacity', 'Pleural Effusion', 'Pleural Other']","['Atelectasis', 'Consolidation', 'Lung Opacity', 'Pleural Effusion', 'Pleural Other']","['Atelectasis', 'Consolidation', 'Lung Opacity', 'Pleural Effusion', 'Pleural Other']","['Cardiomegaly', 'Lung Opacity']",abnormal,abnormal,0.0,0.0016604623680662358,5.565071018355363e-05,0.09,0.03156565656565656,6,1,0,0.0,0.0,False,6,0,1.0,4.0,1.0,1.0,1.0,1.0,4.0,1.0,1.0,1.0,2.0,3.0,1.0,1.0,1.0,4.0,4.0,1.0,1.0,4.0,4.0,1.0,1.0,1.0,0.0,4.0,0.0
2415,case_a5fbb69525,G1A_llm_no_retrieval,True,12,True,abnormal,['Consolidation'],['Consolidation'],"['Atelectasis', 'Consolidation', 'Lung Opacity', 'Pleural Effusion', 'Pleural Other']","['Cardiomegaly', 'Lung Opacity']",abnormal,abnormal,0.0,7.450504913593932e-07,8.400534165904295e-08,0.06486486486486485,0.01912045889101338,2,1,0,0.0,0.0,False,2,0,0.0,1.0,2.0,1.0,1.0,0.0,1.0,2.0,1.0,1.0,0.0,1.0,3.0,1.0,1.0,4.0,1.0,1.0,0.0,4.0,1.0,1.0,0.0,1.0,0.0,0.0,0.0
2415,case_a5fbb69525,G1B_llm_sham_retrieval,True,24,True,normal,[],[],"['Atelectasis', 'Consolidation', 'Lung Opacity', 'Pleural Effusion', 'Pleural Other']","['Cardiomegaly', 'Lung Opacity']",abnormal,abnormal,0.0,0.0008385787438897572,0.00010650434531864974,0.10152284263959391,0.047058823529411764,4,2,1,0.5,0.11764705882352941,False,4,1,0.0,0.0,2.0,0.0,1.0,0.0,0.0,2.0,0.0,1.0,0.0,0.0,3.0,0.0,1.0,4.0,0.0,1.0,0.0,4.0,0.0,1.0,0.0,0.0,0.0,0.0,0.0
2415,case_a5fbb69525,G1_single_agent_rag,True,12,True,abnormal,"['Atelectasis', 'Lung Opacity']",['Lung Opacity'],"['Atelectasis', 'Consolidation', 'Lung Opacity', 'Pleural Effusion', 'Pleural Other']","['Cardiomegaly', 'Lung Opacity']",abnormal,abnormal,0.0,1.3659259008255542e-06,2.458285157541634e-07,0.08648648648648648,0.050908880215329015,2,2,0,0.0,0.0,False,2,0,1.0,1.0,1.0,1.0,1.0,1.0,0.0,1.0,0.0,1.0,2.0,0.0,1.0,0.0,1.0,4.0,1.0,1.0,1.0,4.0,0.0,1.0,1.0,0.0,0.0,2.0,0.0
2416,case_4482686a32,B0_rule_based,True,12,True,indeterminate,[],[],[],['Cardiomegaly'],indeterminate,abnormal,0.0,0.07162619921504752,0.006422558979196639,0.10256410256410256,0.058823529411764705,2,1,0,0.0,0.0,False,2,2,0.0,0.0,1.0,0.0,1.0,0.0,0.0,1.0,0.0,1.0,0.0,0.0,1.0,0.0,1.0,0.0,0.0,0.0,0.0,0.0,0.0,0.0,0.0,0.0,0.0,0.0,0.0
2416,case_4482686a32,G1A_llm_no_retrieval,True,15,True,normal,[],[],[],['Cardiomegaly'],indeterminate,abnormal,0.0,0.08986579282344431,0.007816435614790406,0.14285714285714285,0.05813953488372093,2,1,0,0.0,0.0,False,2,1,0.0,0.0,1.0,0.0,1.0,0.0,0.0,1.0,0.0,1.0,0.0,0.0,1.0,0.0,1.0,0.0,0.0,0.0,0.0,0.0,0.0,0.0,0.0,0.0,0.0,0.0,0.0
2416,case_4482686a32,G1B_llm_sham_retrieval,True,25,True,normal,[],[],[],['Cardiomegaly'],indeterminate,abnormal,0.0,0.36924653855465434,0.05561551939603883,0.30769230769230765,0.30914179104477607,5,0,0,0.0,0.0,False,5,1,0.0,0.0,1.0,0.0,1.0,0.0,0.0,1.0,0.0,1.0,0.0,0.0,1.0,0.0,1.0,0.0,0.0,0.0,0.0,0.0,0.0,0.0,0.0,0.0,0.0,0.0,0.0
2416,case_4482686a32,G1_single_agent_rag,True,25,True,normal,[],[],[],['Cardiomegaly'],indeterminate,abnormal,0.0,0.36924653855465434,0.05561551939603883,0.30769230769230765,0.30914179104477607,5,0,0,0.0,0.0,False,5,1,0.0,0.0,1.0,0.0,1.0,0.0,0.0,1.0,0.0,1.0,0.0,0.0,1.0,0.0,1.0,0.0,0.0,0.0,0.0,0.0,0.0,0.0,0.0,0.0,0.0,0.0,0.0
2424,case_095d3f9f27,B0_rule_based,False,10,True,normal,[],[],[],,normal,,0.0,0.022009288022562894,0.0029204741478499013,0.163265306122449,0.05540166204986149,2,1,0,0.0,0.0,False,2,0,,,,,,,,,,,,,,,,,,,,,,,,,,,
2424,case_095d3f9f27,G1A_llm_no_retrieval,False,10,True,abnormal,['Enlarged Cardiomediastinum'],['Enlarged Cardiomediastinum'],[],,normal,,0.0,0.011004644011281447,0.0013810069598198724,0.0816326530612245,0.027700831024930744,2,1,0,0.0,0.0,False,2,0,,,,,,,,,,,,,,,,,,,,,,,,,,,
2424,case_095d3f9f27,G1B_llm_sham_retrieval,False,22,True,normal,[],[],[],,normal,,0.0,0.31483092667004847,0.14693340490528134,0.3934426229508197,0.3716413464402741,4,2,0,0.0,0.0,False,4,1,,,,,,,,,,,,,,,,,,,,,,,,,,,
2424,case_095d3f9f27,G1_single_agent_rag,False,22,True,normal,[],[],[],,normal,,0.0,0.1888985560020291,0.028916342321745503,0.2622950819672131,0.1565551252771986,4,2,2,1.0,1.0,True,4,1,,,,,,,,,,,,,,,,,,,,,,,,,,,
2453,case_ce0089f9e5,B0_rule_based,True,4,True,abnormal,['Pneumonia'],['Pneumonia'],['Pneumonia'],[],abnormal,normal,0.0,0.0007956951991274167,0.00025571365431871615,0.06451612903225806,0.020242914979757082,2,0,0,0.0,0.0,False,2,0,0.0,1.0,0.0,1.0,0.0,0.0,1.0,0.0,1.0,0.0,0.0,1.0,0.0,1.0,0.0,1.0,1.0,0.0,0.0,1.0,1.0,0.0,0.0,0.0,0.0,1.0,0.0
2453,case_ce0089f9e5,G1A_llm_no_retrieval,True,23,True,normal,[],[],['Pneumonia'],[],abnormal,normal,0.0,0.4384538974595989,0.16757352000247433,0.48,0.4063544277360066,5,0,0,0.0,0.0,False,5,1,0.0,0.0,0.0,0.0,0.0,0.0,0.0,0.0,0.0,0.0,0.0,0.0,0.0,0.0,0.0,1.0,0.0,0.0,0.0,1.0,0.0,0.0,0.0,0.0,0.0,0.0,0.0
2453,case_ce0089f9e5,G1B_llm_sham_retrieval,True,15,True,normal,[],[],['Pneumonia'],[],abnormal,normal,0.0,0.26959737847033294,0.05784809590927465,0.38095238095238093,0.26677193989855486,3,1,0,0.0,0.0,False,3,1,0.0,0.0,0.0,0.0,0.0,0.0,0.0,0.0,0.0,0.0,0.0,0.0,0.0,0.0,0.0,1.0,0.0,0.0,0.0,1.0,0.0,0.0,0.0,0.0,0.0,0.0,0.0
2453,case_ce0089f9e5,G1_single_agent_rag,True,10,True,abnormal,"['Lung Opacity', 'Pneumonia']","['Lung Opacity', 'Pneumonia']",['Pneumonia'],[],abnormal,normal,0.0,0.036536704810546924,0.0045851045777149085,0.10810810810810811,0.03952569169960474,2,1,0,0.0,0.0,False,2,0,0.0,2.0,0.0,1.0,0.0,0.0,2.0,0.0,1.0,0.0,0.0,2.0,0.0,1.0,0.0,1.0,1.0,0.0,0.0,1.0,1.0,0.0,0.0,0.0,1.0,1.0,0.0
2475,case_2d33c14b83,B0_rule_based,True,8,True,abnormal,['Enlarged Cardiomediastinum'],['Enlarged Cardiomediastinum'],['Enlarged Cardiomediastinum'],['Cardiomegaly'],abnormal,abnormal,0.0,0.005210775245981358,0.00651125955729465,0.0,0.0,2,0,0,0.0,0.0,False,2,0,0.0,1.0,1.0,1.0,1.0,0.0,1.0,1.0,1.0,1.0,0.0,1.0,0.0,1.0,0.0,1.0,1.0,0.0,0.0,1.0,1.0,0.0,0.0,1.0,0.0,0.0,0.0
2475,case_2d33c14b83,G1A_llm_no_retrieval,True,7,True,abnormal,['Enlarged Cardiomediastinum'],['Enlarged Cardiomediastinum'],['Enlarged Cardiomediastinum'],['Cardiomegaly'],abnormal,abnormal,0.0,0.004555807961771009,0.005923707798596774,0.0,0.0,2,0,0,0.0,0.0,False,2,0,0.0,1.0,1.0,1.0,1.0,0.0,1.0,1.0,1.0,1.0,0.0,1.0,0.0,1.0,0.0,1.0,1.0,0.0,0.0,1.0,1.0,0.0,0.0,1.0,0.0,0.0,0.0
2475,case_2d33c14b83,G1B_llm_sham_retrieval,True,22,True,normal,[],[],['Enlarged Cardiomediastinum'],['Cardiomegaly'],abnormal,abnormal,0.0,0.18181818181818182,0.012285946074705657,0.16216216216216214,0.12738853503184713,4,2,0,0.0,0.0,False,4,1,0.0,0.0,1.0,0.0,1.0,0.0,0.0,1.0,0.0,1.0,0.0,0.0,0.0,0.0,0.0,1.0,0.0,0.0,0.0,1.0,0.0,0.0,0.0,0.0,0.0,0.0,0.0
2475,case_2d33c14b83,G1_single_agent_rag,True,21,True,abnormal,['Cardiomegaly'],['Cardiomegaly'],['Enlarged Cardiomediastinum'],['Cardiomegaly'],abnormal,abnormal,0.0,0.23809523809523808,0.024289783953423523,0.2777777777777778,0.23846153846153847,4,2,2,1.0,0.7857142857142857,True,4,2,1.0,0.0,0.0,0.0,0.0,1.0,0.0,0.0,0.0,0.0,0.0,1.0,0.0,1.0,0.0,1.0,0.0,0.0,0.0,1.0,0.0,0.0,0.0,0.0,1.0,0.0,0.0
2493,case_c30c164e93,B0_rule_based,True,13,True,abnormal,"['Enlarged Cardiomediastinum', 'Fracture']","['Enlarged Cardiomediastinum', 'Fracture']","['Enlarged Cardiomediastinum', 'Fracture']",[],abnormal,normal,0.0,0.04164162561126544,0.011182894095780972,0.15384615384615385,0.08671016483516483,3,0,0,0.0,0.0,False,3,0,0.0,2.0,0.0,1.0,0.0,0.0,2.0,0.0,1.0,0.0,0.0,2.0,0.0,1.0,0.0,2.0,2.0,0.0,0.0,2.0,2.0,0.0,0.0,2.0,0.0,0.0,0.0
2493,case_c30c164e93,G1A_llm_no_retrieval,True,13,True,abnormal,"['Enlarged Cardiomediastinum', 'Fracture']","['Enlarged Cardiomediastinum', 'Fracture']","['Enlarged Cardiomediastinum', 'Fracture']",[],abnormal,normal,0.0,0.04164162561126544,0.011182894095780972,0.15384615384615385,0.08671016483516483,3,0,0,0.0,0.0,False,3,0,0.0,2.0,0.0,1.0,0.0,0.0,2.0,0.0,1.0,0.0,0.0,2.0,0.0,1.0,0.0,2.0,2.0,0.0,0.0,2.0,2.0,0.0,0.0,2.0,0.0,0.0,0.0
2493,case_c30c164e93,G1B_llm_sham_retrieval,True,19,True,abnormal,"['Cardiomegaly', 'Enlarged Cardiomediastinum', 'Fracture']","['Enlarged Cardiomediastinum', 'Fracture']","['Enlarged Cardiomediastinum', 'Fracture']",[],abnormal,normal,0.0,0.12858560507995997,0.024057693354008966,0.20689655172413793,0.12961941533370105,3,2,0,0.0,0.0,False,3,0,0.0,3.0,0.0,1.0,0.0,0.0,2.0,0.0,1.0,0.0,0.0,3.0,0.0,1.0,0.0,2.0,2.0,0.0,0.0,2.0,2.0,0.0,0.0,2.0,0.0,0.0,1.0
2493,case_c30c164e93,G1_single_agent_rag,True,32,True,normal,[],[],"['Enlarged Cardiomediastinum', 'Fracture']",[],abnormal,normal,0.0,0.5273116889834462,0.2200129121695986,0.47887323943661975,0.3756594021420578,5,3,1,0.3333333333333333,0.08,False,5,1,0.0,0.0,0.0,0.0,0.0,0.0,0.0,0.0,0.0,0.0,0.0,0.0,0.0,0.0,0.0,2.0,0.0,0.0,0.0,2.0,0.0,0.0,0.0,0.0,0.0,0.0,0.0
2498,case_f64b67b07e,B0_rule_based,False,13,True,abnormal,"['Cardiomegaly', 'Enlarged Cardiomediastinum']","['Cardiomegaly', 'Enlarged Cardiomediastinum']","['Cardiomegaly', 'Enlarged Cardiomediastinum']",,abnormal,,0.0,0.0076923076923076945,0.00873716785171588,0.0,0.0,3,0,0,0.0,0.0,False,3,0,,,,,,,,,,,,,,,,,,,,,,,,,,,
2498,case_f64b67b07e,G1A_llm_no_retrieval,False,17,True,abnormal,"['Cardiomegaly', 'Enlarged Cardiomediastinum']","['Cardiomegaly', 'Enlarged Cardiomediastinum']","['Cardiomegaly', 'Enlarged Cardiomediastinum']",,abnormal,,0.0,0.0588235294117647,0.011502783619900045,0.06896551724137931,0.04,3,1,0,0.0,0.0,False,3,0,,,,,,,,,,,,,,,,,,,,,,,,,,,
2498,case_f64b67b07e,G1B_llm_sham_retrieval,False,23,True,normal,[],[],"['Cardiomegaly', 'Enlarged Cardiomediastinum']",,abnormal,,0.0,0.2608695652173913,0.0539471088086188,0.1714285714285714,0.42938931297709915,4,2,0,0.0,0.0,False,4,1,,,,,,,,,,,,,,,,,,,,,,,,,,,
2498,case_f64b67b07e,G1_single_agent_rag,False,45,True,abnormal,"['Atelectasis', 'Cardiomegaly', 'Lung Opacity', 'Support Devices']","['Atelectasis', 'Cardiomegaly', 'Lung Opacity', 'Support Devices']","['Cardiomegaly', 'Enlarged Cardiomediastinum']",,abnormal,,0.0,0.06666666666666667,0.009570498942763545,0.10526315789473685,0.16702977487291215,6,5,4,0.8,0.6842105263157895,False,6,1,,,,,,,,,,,,,,,,,,,,,,,,,,,
2503,case_9c20e3ceeb,B0_rule_based,False,10,True,normal,[],[],[],,normal,,0.0,0.029709431285733553,0.003942227750773211,0.1739130434782609,0.05988023952095808,2,1,0,0.0,0.0,False,2,0,,,,,,,,,,,,,,,,,,,,,,,,,,,
2503,case_9c20e3ceeb,G1A_llm_no_retrieval,False,10,True,abnormal,['Enlarged Cardiomediastinum'],['Enlarged Cardiomediastinum'],[],,normal,,0.0,0.014854715642866776,0.0018641644080366142,0.08695652173913045,0.02994011976047904,2,1,0,0.0,0.0,False,2,0,,,,,,,,,,,,,,,,,,,,,,,,,,,
2503,case_9c20e3ceeb,G1B_llm_sham_retrieval,False,22,True,normal,[],[],[],,normal,,0.0,0.38488243018185475,0.12665723767097917,0.4482758620689656,0.387294526734104,4,3,3,1.0,0.3333333333333333,True,4,0,,,,,,,,,,,,,,,,,,,,,,,,,,,
2503,case_9c20e3ceeb,G1_single_agent_rag,False,21,True,normal,[],[],[],,normal,,0.0,0.30304959877335197,0.040151256973404,0.3859649122807018,0.2910556556041506,4,1,0,0.0,0.0,False,4,1,,,,,,,,,,,,,,,,,,,,,,,,,,,
2513,case_81a71ee09f,B0_rule_based,True,17,True,abnormal,"['Atelectasis', 'Lung Opacity', 'Pleural Effusion']","['Atelectasis', 'Lung Opacity', 'Pleural Effusion']","['Atelectasis', 'Lung Opacity', 'Pleural Effusion']",['Atelectasis'],abnormal,abnormal,0.0,0.0805931429704876,0.005393467701423918,0.21212121212121207,0.12750013477815517,4,1,0,0.0,0.0,False,4,0,1.0,2.0,0.0,1.0,0.0,1.0,2.0,0.0,1.0,0.0,1.0,2.0,0.0,1.0,0.0,2.0,2.0,1.0,1.0,2.0,2.0,1.0,1.0,0.0,0.0,3.0,0.0
2513,case_81a71ee09f,G1A_llm_no_retrieval,True,18,True,abnormal,"['Atelectasis', 'Consolidation']",[],"['Atelectasis', 'Lung Opacity', 'Pleural Effusion']",['Atelectasis'],abnormal,abnormal,0.0,0.0794082955331845,0.013508839308526723,0.208955223880597,0.15301606753812638,2,1,0,0.0,0.0,False,2,1,1.0,1.0,0.0,1.0,0.0,0.0,0.0,1.0,0.0,1.0,1.0,1.0,0.0,1.0,0.0,2.0,0.0,1.0,1.0,2.0,0.0,1.0,0.0,0.0,0.0,1.0,1.0
2513,case_81a71ee09f,G1B_llm_sham_retrieval,True,25,True,abnormal,"['Lung Opacity', 'Pleural Effusion']","['Lung Opacity', 'Pleural Effusion']","['Atelectasis', 'Lung Opacity', 'Pleural Effusion']",['Atelectasis'],abnormal,abnormal,0.0,0.18378858526805378,0.02552934475312747,0.2702702702702703,0.23195338578922267,3,2,0,0.0,0.0,False,3,0,0.0,2.0,1.0,1.0,1.0,0.0,2.0,1.0,1.0,1.0,0.0,2.0,1.0,1.0,1.0,2.0,2.0,1.0,0.0,2.0,2.0,1.0,0.0,1.0,0.0,1.0,0.0
2513,case_81a71ee09f,G1_single_agent_rag,True,10,True,abnormal,"['Atelectasis', 'Lung Opacity']","['Atelectasis', 'Lung Opacity']","['Atelectasis', 'Lung Opacity', 'Pleural Effusion']",['Atelectasis'],abnormal,abnormal,0.0,0.016193529156643505,0.009896736523942294,0.27118644067796605,0.16629711751662968,2,1,0,0.0,0.0,False,2,0,1.0,1.0,0.0,1.0,0.0,1.0,1.0,0.0,1.0,0.0,1.0,1.0,0.0,1.0,0.0,2.0,1.0,1.0,1.0,2.0,1.0,1.0,1.0,0.0,0.0,2.0,0.0
2515,case_cb77c6feff,B0_rule_based,True,12,True,indeterminate,[],[],[],[],indeterminate,normal,0.0,0.024516077898829477,0.002979583988151683,0.0425531914893617,0.030581039755351685,2,1,0,0.0,0.0,False,2,2,0.0,0.0,0.0,0.0,0.0,0.0,0.0,0.0,0.0,0.0,0.0,0.0,0.0,0.0,0.0,0.0,0.0,0.0,0.0,0.0,0.0,0.0,0.0,0.0,0.0,0.0,0.0
2515,case_cb77c6feff,G1A_llm_no_retrieval,True,15,True,normal,[],[],[],[],indeterminate,normal,0.0,0.1054388552462907,0.020506900727532966,0.2,0.1548821548821549,2,1,0,0.0,0.0,False,2,1,0.0,0.0,0.0,0.0,0.0,0.0,0.0,0.0,0.0,0.0,0.0,0.0,0.0,0.0,0.0,0.0,0.0,0.0,0.0,0.0,0.0,0.0,0.0,0.0,0.0,0.0,0.0
2515,case_cb77c6feff,G1B_llm_sham_retrieval,True,25,True,normal,[],[],[],[],indeterminate,normal,0.0,0.32175362209710684,0.01998755058415169,0.3333333333333333,0.2170138888888889,5,0,0,0.0,0.0,False,5,1,0.0,0.0,0.0,0.0,0.0,0.0,0.0,0.0,0.0,0.0,0.0,0.0,0.0,0.0,0.0,0.0,0.0,0.0,0.0,0.0,0.0,0.0,0.0,0.0,0.0,0.0,0.0
2515,case_cb77c6feff,G1_single_agent_rag,True,25,True,normal,[],[],[],[],indeterminate,normal,0.0,0.32175362209710684,0.01998755058415169,0.3333333333333333,0.2170138888888889,5,0,0,0.0,0.0,False,5,1,0.0,0.0,0.0,0.0,0.0,0.0,0.0,0.0,0.0,0.0,0.0,0.0,0.0,0.0,0.0,0.0,0.0,0.0,0.0,0.0,0.0,0.0,0.0,0.0,0.0,0.0,0.0
2517,case_0a2f02c873,B0_rule_based,True,10,True,normal,[],[],[],[],normal,normal,0.0,0.13626589651700632,0.07569894957046357,0.30303030303030304,0.2055299539170507,2,1,0,0.0,0.0,False,2,0,0.0,0.0,0.0,0.0,0.0,0.0,0.0,0.0,0.0,0.0,0.0,0.0,0.0,0.0,0.0,0.0,0.0,0.0,0.0,0.0,0.0,0.0,0.0,0.0,0.0,0.0,0.0
2517,case_0a2f02c873,G1A_llm_no_retrieval,True,10,False,indeterminate,[],[],[],[],normal,normal,0.0,0.027253179303401272,0.005751876324997854,0.06060606060606061,0.023041474654377878,1,1,0,0.0,0.0,False,1,1,0.0,0.0,0.0,0.0,0.0,0.0,0.0,0.0,0.0,0.0,0.0,0.0,0.0,0.0,0.0,0.0,0.0,0.0,0.0,0.0,0.0,0.0,0.0,0.0,0.0,0.0,0.0
2517,case_0a2f02c873,G1B_llm_sham_retrieval,True,23,True,normal,[],[],[],[],normal,normal,0.0,0.43478260869565216,0.16299446731288944,0.34782608695652173,0.3602173913043478,4,2,0,0.0,0.0625,False,4,1,0.0,0.0,0.0,0.0,0.0,0.0,0.0,0.0,0.0,0.0,0.0,0.0,0.0,0.0,0.0,0.0,0.0,0.0,0.0,0.0,0.0,0.0,0.0,0.0,0.0,0.0,0.0
2517,case_0a2f02c873,G1_single_agent_rag,True,22,True,normal,[],[],[],[],normal,normal,0.0,0.4343468346674019,0.026251428965278982,0.3555555555555555,0.21834061135371183,4,2,2,1.0,1.0,True,4,1,0.0,0.0,0.0,0.0,0.0,0.0,0.0,0.0,0.0,0.0,0.0,0.0,0.0,0.0,0.0,0.0,0.0,0.0,0.0,0.0,0.0,0.0,0.0,0.0,0.0,0.0,0.0
2533,case_d68a4ccafc,B0_rule_based,True,4,True,abnormal,['Fracture'],['Fracture'],['Fracture'],[],abnormal,normal,0.0,0.0001382710925369584,4.4436370105087256e-05,0.05263157894736842,0.016129032258064516,2,0,0,0.0,0.0,False,2,0,0.0,1.0,0.0,1.0,0.0,0.0,1.0,0.0,1.0,0.0,0.0,1.0,0.0,1.0,0.0,1.0,1.0,0.0,0.0,1.0,1.0,0.0,0.0,0.0,0.0,1.0,0.0
2533,case_d68a4ccafc,G1A_llm_no_retrieval,True,5,True,abnormal,['Fracture'],['Fracture'],['Fracture'],[],abnormal,normal,0.0,0.0006055109490751632,0.0001626659648165266,0.05128205128205128,0.01607717041800643,2,0,0,0.0,0.0,False,2,0,0.0,1.0,0.0,1.0,0.0,0.0,1.0,0.0,1.0,0.0,0.0,1.0,0.0,1.0,0.0,1.0,1.0,0.0,0.0,1.0,1.0,0.0,0.0,0.0,0.0,1.0,0.0
2533,case_d68a4ccafc,G1B_llm_sham_retrieval,True,11,True,abnormal,['Fracture'],['Fracture'],['Fracture'],[],abnormal,normal,0.0,0.0112340676419649,0.002329423348715776,0.04444444444444444,0.015772870662460567,2,1,0,0.0,0.0,False,2,0,0.0,1.0,0.0,1.0,0.0,0.0,1.0,0.0,1.0,0.0,0.0,1.0,0.0,1.0,0.0,1.0,1.0,0.0,0.0,1.0,1.0,0.0,0.0,1.0,0.0,0.0,0.0
2533,case_d68a4ccafc,G1_single_agent_rag,True,33,True,normal,[],[],['Fracture'],[],abnormal,normal,0.0,0.587970608300988,0.24447060143058458,0.5373134328358209,0.5408923303834807,4,2,2,1.0,0.6538461538461539,True,4,0,0.0,0.0,0.0,0.0,0.0,0.0,0.0,0.0,0.0,0.0,0.0,0.0,0.0,0.0,0.0,1.0,0.0,0.0,0.0,1.0,0.0,0.0,0.0,0.0,0.0,0.0,0.0
2542,case_d826be93d4,B0_rule_based,True,12,True,indeterminate,[],[],[],[],indeterminate,normal,0.0,0.019605490547476626,0.0014168042652369108,0.10344827586206896,0.046948356807511735,2,1,0,0.0,0.0,False,2,2,0.0,0.0,0.0,0.0,0.0,0.0,0.0,0.0,0.0,0.0,0.0,0.0,0.0,0.0,0.0,0.0,0.0,0.0,0.0,0.0,0.0,0.0,0.0,0.0,0.0,0.0,0.0
2542,case_d826be93d4,G1A_llm_no_retrieval,True,15,True,normal,[],[],[],[],indeterminate,normal,0.0,0.0675237881541779,0.005951851584896443,0.22950819672131148,0.09324009324009325,2,1,0,0.0,0.0,False,2,1,0.0,0.0,0.0,0.0,0.0,0.0,0.0,0.0,0.0,0.0,0.0,0.0,0.0,0.0,0.0,0.0,0.0,0.0,0.0,0.0,0.0,0.0,0.0,0.0,0.0,0.0,0.0
2542,case_d826be93d4,G1B_llm_sham_retrieval,True,25,True,normal,[],[],[],[],indeterminate,normal,0.0,0.276294734994611,0.029252446039035557,0.33802816901408445,0.28758542141230065,5,0,0,0.0,0.0,False,5,1,0.0,0.0,0.0,0.0,0.0,0.0,0.0,0.0,0.0,0.0,0.0,0.0,0.0,0.0,0.0,0.0,0.0,0.0,0.0,0.0,0.0,0.0,0.0,0.0,0.0,0.0,0.0
2542,case_d826be93d4,G1_single_agent_rag,True,25,True,normal,[],[],[],[],indeterminate,normal,0.0,0.276294734994611,0.029252446039035557,0.33802816901408445,0.28758542141230065,5,0,0,0.0,0.0,False,5,1,0.0,0.0,0.0,0.0,0.0,0.0,0.0,0.0,0.0,0.0,0.0,0.0,0.0,0.0,0.0,0.0,0.0,0.0,0.0,0.0,0.0,0.0,0.0,0.0,0.0,0.0,0.0
2545,case_fda4a8b704,B0_rule_based,True,10,True,normal,[],[],[],[],normal,normal,0.0,0.011080315836233388,0.002338538400324384,0.047619047619047616,0.016778523489932886,2,1,0,0.0,0.0,False,2,0,0.0,0.0,0.0,0.0,0.0,0.0,0.0,0.0,0.0,0.0,0.0,0.0,0.0,0.0,0.0,0.0,0.0,0.0,0.0,0.0,0.0,0.0,0.0,0.0,0.0,0.0,0.0
2545,case_fda4a8b704,G1A_llm_no_retrieval,True,10,True,abnormal,['Enlarged Cardiomediastinum'],['Enlarged Cardiomediastinum'],[],[],normal,normal,0.0,0.044321263344933554,0.00588111272233027,0.14285714285714285,0.10591442953020135,2,1,0,0.0,0.0,False,2,0,0.0,1.0,0.0,1.0,0.0,0.0,1.0,0.0,1.0,0.0,0.0,1.0,0.0,1.0,0.0,0.0,0.0,0.0,0.0,0.0,0.0,0.0,0.0,0.0,0.0,0.0,1.0
2545,case_fda4a8b704,G1B_llm_sham_retrieval,True,23,True,normal,[],[],[],[],normal,normal,0.0,0.2939888402311946,0.02106038121473224,0.2545454545454546,0.20434083601286168,4,2,0,0.0,0.0,False,4,1,0.0,0.0,0.0,0.0,0.0,0.0,0.0,0.0,0.0,0.0,0.0,0.0,0.0,0.0,0.0,0.0,0.0,0.0,0.0,0.0,0.0,0.0,0.0,0.0,0.0,0.0,0.0
2545,case_fda4a8b704,G1_single_agent_rag,True,21,True,normal,[],[],[],[],normal,normal,0.0,0.22562286335081636,0.01924081929344897,0.18867924528301888,0.1721783980582524,4,1,0,0.0,0.0,False,4,1,0.0,0.0,0.0,0.0,0.0,0.0,0.0,0.0,0.0,0.0,0.0,0.0,0.0,0.0,0.0,0.0,0.0,0.0,0.0,0.0,0.0,0.0,0.0,0.0,0.0,0.0,0.0
2546,case_4ee633fbf7,B0_rule_based,False,10,True,normal,[],[],[],,normal,,0.0,0.018143590657882503,0.002276895549639941,0.0909090909090909,0.03164556962025316,2,1,0,0.0,0.0,False,2,0,,,,,,,,,,,,,,,,,,,,,,,,,,,
2546,case_4ee633fbf7,G1A_llm_no_retrieval,False,10,True,abnormal,['Enlarged Cardiomediastinum'],['Enlarged Cardiomediastinum'],[],,normal,,0.0,0.009071795328941253,0.0019146333055993624,0.04545454545454545,0.01582278481012658,2,1,0,0.0,0.0,False,2,0,,,,,,,,,,,,,,,,,,,,,,,,,,,
2546,case_4ee633fbf7,G1B_llm_sham_retrieval,False,24,True,normal,[],[],[],,normal,,0.0,0.38455703428359217,0.1552307365719801,0.41379310344827586,0.3846629560915275,3,2,0,0.0,0.23529411764705882,False,3,0,,,,,,,,,,,,,,,,,,,,,,,,,,,
2546,case_4ee633fbf7,G1_single_agent_rag,False,21,True,normal,[],[],[],,normal,,0.0,0.384612149766913,0.0402842529544107,0.2545454545454545,0.309412164458036,4,1,0,0.0,0.0,False,4,1,,,,,,,,,,,,,,,,,,,,,,,,,,,
2564,case_e551a8501d,B0_rule_based,True,10,True,normal,[],[],[],[],normal,normal,0.0,0.12047768476488081,0.01598652184422968,0.25000000000000006,0.15174278846153846,2,1,0,0.0,0.0,False,2,0,0.0,0.0,0.0,0.0,0.0,0.0,0.0,0.0,0.0,0.0,0.0,0.0,0.0,0.0,0.0,0.0,0.0,0.0,0.0,0.0,0.0,0.0,0.0,0.0,0.0,0.0,0.0
2564,case_e551a8501d,G1A_llm_no_retrieval,True,10,True,abnormal,['Enlarged Cardiomediastinum'],['Enlarged Cardiomediastinum'],[],[],normal,normal,0.0,0.030119421191220207,0.006356806438755457,0.06250000000000001,0.02403846153846154,2,1,0,0.0,0.0,False,2,0,0.0,1.0,0.0,1.0,0.0,0.0,1.0,0.0,1.0,0.0,0.0,1.0,0.0,1.0,0.0,0.0,0.0,0.0,0.0,0.0,0.0,0.0,0.0,0.0,0.0,0.0,1.0
2564,case_e551a8501d,G1B_llm_sham_retrieval,True,24,True,normal,[],[],[],[],normal,normal,0.0,0.4583333333333333,0.1362935817240798,0.3913043478260869,0.4316506589233862,3,2,0,0.0,0.0,False,3,0,0.0,0.0,0.0,0.0,0.0,0.0,0.0,0.0,0.0,0.0,0.0,0.0,0.0,0.0,0.0,0.0,0.0,0.0,0.0,0.0,0.0,0.0,0.0,0.0,0.0,0.0,0.0
2564,case_e551a8501d,G1_single_agent_rag,True,21,True,normal,[],[],[],[],normal,normal,0.0,0.3632369351746577,0.014647818769917364,0.18604651162790697,0.182648401826484,4,1,0,0.0,0.0,False,4,1,0.0,0.0,0.0,0.0,0.0,0.0,0.0,0.0,0.0,0.0,0.0,0.0,0.0,0.0,0.0,0.0,0.0,0.0,0.0,0.0,0.0,0.0,0.0,0.0,0.0,0.0,0.0
2575,case_979373131f,B0_rule_based,False,4,True,abnormal,['Fracture'],['Fracture'],['Fracture'],,abnormal,,0.0,0.0021629238007801585,0.0006951017798234239,0.07407407407407408,0.023696682464454975,2,0,0,0.0,0.0,False,2,0,,,,,,,,,,,,,,,,,,,,,,,,,,,
2575,case_979373131f,G1A_llm_no_retrieval,False,8,True,abnormal,['Fracture'],['Fracture'],['Fracture'],,abnormal,,0.5,0.019169370855616062,0.004259616748687206,0.06451612903225806,0.023255813953488372,2,0,0,0.0,0.0,False,2,0,,,,,,,,,,,,,,,,,,,,,,,,,,,
2575,case_979373131f,G1B_llm_sham_retrieval,False,13,True,abnormal,['Fracture'],['Fracture'],['Fracture'],,abnormal,,0.0,0.106931392899502,0.009474980272538827,0.16666666666666669,0.06818181818181818,2,1,0,0.0,0.0,False,2,0,,,,,,,,,,,,,,,,,,,,,,,,,,,
2575,case_979373131f,G1_single_agent_rag,False,33,True,normal,[],[],['Fracture'],,abnormal,,0.0,0.45454545454545453,0.12302940193512721,0.28571428571428575,0.31250000000000006,4,2,2,1.0,0.6538461538461539,True,4,0,,,,,,,,,,,,,,,,,,,,,,,,,,,
2591,case_669e80f39c,B0_rule_based,True,10,True,normal,[],[],[],[],normal,normal,0.0,0.07307340962109385,0.020505211039432,0.21621621621621623,0.12475296442687744,2,1,0,0.0,0.0,False,2,0,0.0,0.0,0.0,0.0,0.0,0.0,0.0,0.0,0.0,0.0,0.0,0.0,0.0,0.0,0.0,0.0,0.0,0.0,0.0,0.0,0.0,0.0,0.0,0.0,0.0,0.0,0.0
2591,case_669e80f39c,G1A_llm_no_retrieval,True,10,True,abnormal,['Enlarged Cardiomediastinum'],['Enlarged Cardiomediastinum'],[],[],normal,normal,0.0,0.0018268352405273467,0.0021681620903879627,0.0,0.0,2,1,0,0.0,0.0,False,2,0,0.0,1.0,0.0,1.0,0.0,0.0,1.0,0.0,1.0,0.0,0.0,1.0,0.0,1.0,0.0,0.0,0.0,0.0,0.0,0.0,0.0,0.0,0.0,0.0,0.0,0.0,1.0
2591,case_669e80f39c,G1B_llm_sham_retrieval,True,44,True,abnormal,"['Atelectasis', 'Cardiomegaly', 'Lung Opacity', 'Support Devices']","['Atelectasis', 'Cardiomegaly', 'Lung Opacity', 'Support Devices']",[],[],normal,normal,0.0,0.22727272727272727,0.013236142380740562,0.16901408450704225,0.2214285714285714,6,4,4,1.0,1.0,True,6,1,0.0,4.0,0.0,1.0,0.0,0.0,4.0,0.0,1.0,0.0,0.0,4.0,0.0,1.0,0.0,0.0,0.0,0.0,0.0,0.0,0.0,0.0,0.0,0.0,4.0,0.0,0.0
2591,case_669e80f39c,G1_single_agent_rag,True,21,True,normal,[],[],[],[],normal,normal,0.0,0.3578463300358504,0.028567834871986886,0.2916666666666667,0.2818181818181818,4,1,0,0.0,0.0,False,4,1,0.0,0.0,0.0,0.0,0.0,0.0,0.0,0.0,0.0,0.0,0.0,0.0,0.0,0.0,0.0,0.0,0.0,0.0,0.0,0.0,0.0,0.0,0.0,0.0,0.0,0.0,0.0
2594,case_097ae4ef10,B0_rule_based,True,13,True,abnormal,"['Enlarged Cardiomediastinum', 'Fracture']","['Enlarged Cardiomediastinum', 'Fracture']","['Enlarged Cardiomediastinum', 'Fracture']","['Atelectasis', 'Lung Opacity']",abnormal,abnormal,0.0,0.0024159847023273954,0.000290158778799631,0.049999999999999996,0.016233766233766232,3,0,0,0.0,0.0,False,3,0,0.0,2.0,2.0,1.0,1.0,0.0,2.0,2.0,1.0,1.0,0.0,2.0,2.0,1.0,1.0,2.0,2.0,0.0,0.0,2.0,2.0,0.0,0.0,2.0,0.0,0.0,0.0
2594,case_097ae4ef10,G1A_llm_no_retrieval,True,13,True,abnormal,"['Enlarged Cardiomediastinum', 'Fracture']","['Enlarged Cardiomediastinum', 'Fracture']","['Enlarged Cardiomediastinum', 'Fracture']","['Atelectasis', 'Lung Opacity']",abnormal,abnormal,0.0,0.0024159847023273954,0.000290158778799631,0.049999999999999996,0.016233766233766232,3,0,0,0.0,0.0,False,3,0,0.0,2.0,2.0,1.0,1.0,0.0,2.0,2.0,1.0,1.0,0.0,2.0,2.0,1.0,1.0,2.0,2.0,0.0,0.0,2.0,2.0,0.0,0.0,2.0,0.0,0.0,0.0
2594,case_097ae4ef10,G1B_llm_sham_retrieval,True,17,True,abnormal,"['Cardiomegaly', 'Edema', 'Enlarged Cardiomediastinum', 'Lung Opacity']","['Cardiomegaly', 'Edema', 'Enlarged Cardiomediastinum', 'Lung Opacity']","['Enlarged Cardiomediastinum', 'Fracture']","['Atelectasis', 'Lung Opacity']",abnormal,abnormal,0.0,0.01242436949042365,0.0015275000624134555,0.07142857142857144,0.03225806451612903,3,1,0,0.0,0.0,False,3,0,1.0,3.0,1.0,1.0,1.0,1.0,3.0,1.0,1.0,1.0,1.0,3.0,1.0,1.0,1.0,2.0,1.0,0.0,0.0,2.0,1.0,0.0,0.0,1.0,3.0,0.0,0.0
2594,case_097ae4ef10,G1_single_agent_rag,True,32,True,normal,[],[],"['Enlarged Cardiomediastinum', 'Fracture']","['Atelectasis', 'Lung Opacity']",abnormal,abnormal,0.0,0.15701158262123202,0.00683920299076506,0.2222222222222222,0.14019247594050743,5,3,1,0.3333333333333333,0.08,False,5,1,0.0,0.0,2.0,0.0,1.0,0.0,0.0,2.0,0.0,1.0,0.0,0.0,2.0,0.0,1.0,2.0,0.0,0.0,0.0,2.0,0.0,0.0,0.0,0.0,0.0,0.0,0.0
2596,case_a3f1a327ec,B0_rule_based,True,10,True,normal,[],[],[],[],normal,normal,0.0,0.0401035374891215,0.006328307213970193,0.186046511627907,0.12214983713355049,2,1,0,0.0,0.0,False,2,0,0.0,0.0,0.0,0.0,0.0,0.0,0.0,0.0,0.0,0.0,0.0,0.0,0.0,0.0,0.0,0.0,0.0,0.0,0.0,0.0,0.0,0.0,0.0,0.0,0.0,0.0,0.0
2596,case_a3f1a327ec,G1A_llm_no_retrieval,True,10,True,abnormal,['Enlarged Cardiomediastinum'],['Enlarged Cardiomediastinum'],[],[],normal,normal,0.0,0.030077653116841123,0.004952168019275646,0.13953488372093023,0.08324285197249366,2,1,0,0.0,0.0,False,2,0,0.0,1.0,0.0,1.0,0.0,0.0,1.0,0.0,1.0,0.0,0.0,1.0,0.0,1.0,0.0,0.0,0.0,0.0,0.0,0.0,0.0,0.0,0.0,0.0,0.0,0.0,1.0
2596,case_a3f1a327ec,G1B_llm_sham_retrieval,True,34,True,normal,[],[],[],[],normal,normal,0.0,0.5588235294117647,0.15744827002744993,0.4477611940298507,0.4327941016478228,5,2,1,0.5,0.9629629629629629,False,5,1,0.0,0.0,0.0,0.0,0.0,0.0,0.0,0.0,0.0,0.0,0.0,0.0,0.0,0.0,0.0,0.0,0.0,0.0,0.0,0.0,0.0,0.0,0.0,0.0,0.0,0.0,0.0
2596,case_a3f1a327ec,G1_single_agent_rag,True,21,True,normal,[],[],[],[],normal,normal,0.0,0.32269606971871956,0.022469246085463693,0.25925925925925924,0.23202742837176804,4,1,0,0.0,0.0,False,4,1,0.0,0.0,0.0,0.0,0.0,0.0,0.0,0.0,0.0,0.0,0.0,0.0,0.0,0.0,0.0,0.0,0.0,0.0,0.0,0.0,0.0,0.0,0.0,0.0,0.0,0.0,0.0
2605,case_7f8228ee15,B0_rule_based,True,13,True,abnormal,"['Lung Opacity', 'Pleural Effusion']","['Lung Opacity', 'Pleural Effusion']","['Lung Opacity', 'Pleural Effusion']",[],abnormal,normal,0.0,0.04856710434918512,0.0034682568190146815,0.12,0.057803468208092484,3,0,0,0.0,0.0,False,3,0,0.0,2.0,0.0,1.0,0.0,0.0,2.0,0.0,1.0,0.0,0.0,2.0,0.0,1.0,0.0,2.0,2.0,0.0,0.0,2.0,2.0,0.0,0.0,0.0,0.0,2.0,0.0
2605,case_7f8228ee15,G1A_llm_no_retrieval,True,18,True,normal,[],[],"['Lung Opacity', 'Pleural Effusion']",[],abnormal,normal,0.0,0.15466624035211346,0.023775238131187638,0.2545454545454546,0.15157585470085472,4,0,0,0.0,0.0,False,4,2,0.0,0.0,0.0,0.0,0.0,0.0,0.0,0.0,0.0,0.0,0.0,0.0,0.0,0.0,0.0,2.0,0.0,0.0,0.0,2.0,0.0,0.0,0.0,0.0,0.0,0.0,0.0
2605,case_7f8228ee15,G1B_llm_sham_retrieval,True,27,True,abnormal,"['Lung Opacity', 'Pleural Effusion']",['Pleural Effusion'],"['Lung Opacity', 'Pleural Effusion']",[],abnormal,normal,0.0,0.15343967788380203,0.01341423510834932,0.125,0.08333333333333334,3,3,0,0.0,0.0,False,3,0,0.0,2.0,0.0,1.0,0.0,0.0,1.0,0.0,1.0,0.0,0.0,2.0,0.0,1.0,0.0,2.0,2.0,0.0,0.0,2.0,1.0,0.0,0.0,1.0,0.0,1.0,0.0
2605,case_7f8228ee15,G1_single_agent_rag,True,25,True,abnormal,"['Lung Opacity', 'Pleural Effusion']","['Lung Opacity', 'Pleural Effusion']","['Lung Opacity', 'Pleural Effusion']",[],abnormal,normal,0.0,0.04950267134449126,0.005574689792798283,0.06451612903225806,0.027932960893854747,7,1,1,1.0,0.6111111111111112,True,7,3,0.0,2.0,0.0,1.0,0.0,0.0,2.0,0.0,1.0,0.0,0.0,2.0,0.0,1.0,0.0,2.0,2.0,0.0,0.0,2.0,2.0,0.0,0.0,0.0,0.0,2.0,0.0
2612,case_96f3b1cceb,B0_rule_based,True,10,True,normal,[],[],[],[],normal,normal,0.0,0.045358976644706256,0.011915394454893318,0.22727272727272727,0.14113924050632912,2,1,0,0.0,0.0,False,2,0,0.0,0.0,0.0,0.0,0.0,0.0,0.0,0.0,0.0,0.0,0.0,0.0,0.0,0.0,0.0,0.0,0.0,0.0,0.0,0.0,0.0,0.0,0.0,0.0,0.0,0.0,0.0
2612,case_96f3b1cceb,G1A_llm_no_retrieval,True,10,True,abnormal,['Enlarged Cardiomediastinum'],['Enlarged Cardiomediastinum'],[],[],normal,normal,0.0,0.027215385986823753,0.0044809069242416275,0.13636363636363635,0.08087201125175807,2,1,0,0.0,0.0,False,2,0,0.0,1.0,0.0,1.0,0.0,0.0,1.0,0.0,1.0,0.0,0.0,1.0,0.0,1.0,0.0,0.0,0.0,0.0,0.0,0.0,0.0,0.0,0.0,0.0,0.0,0.0,1.0
2612,case_96f3b1cceb,G1B_llm_sham_retrieval,True,20,True,normal,[],[],[],[],normal,normal,0.0,0.39726824303312763,0.1471277553794506,0.4444444444444445,0.32639953987730064,4,1,0,0.0,0.0,False,4,1,0.0,0.0,0.0,0.0,0.0,0.0,0.0,0.0,0.0,0.0,0.0,0.0,0.0,0.0,0.0,0.0,0.0,0.0,0.0,0.0,0.0,0.0,0.0,0.0,0.0,0.0,0.0
2612,case_96f3b1cceb,G1_single_agent_rag,True,21,True,normal,[],[],[],[],normal,normal,0.0,0.3076897198135304,0.021424357719893646,0.2545454545454545,0.2256413523615359,4,1,0,0.0,0.0,False,4,1,0.0,0.0,0.0,0.0,0.0,0.0,0.0,0.0,0.0,0.0,0.0,0.0,0.0,0.0,0.0,0.0,0.0,0.0,0.0,0.0,0.0,0.0,0.0,0.0,0.0,0.0,0.0
2616,case_15e988c3d4,B0_rule_based,True,13,True,abnormal,"['Pleural Effusion', 'Pleural Other']","['Pleural Effusion', 'Pleural Other']","['Pleural Effusion', 'Pleural Other']",['Pleural Effusion'],abnormal,abnormal,0.0,0.004440226427889556,0.0004769706386385024,0.09523809523809525,0.057055214723926384,3,0,0,0.0,0.0,False,3,0,1.0,1.0,0.0,1.0,0.0,1.0,1.0,0.0,1.0,0.0,1.0,1.0,0.0,1.0,0.0,1.0,1.0,1.0,1.0,1.0,1.0,1.0,1.0,2.0,0.0,0.0,0.0
2616,case_15e988c3d4,G1A_llm_no_retrieval,True,29,True,normal,[],[],"['Pleural Effusion', 'Pleural Other']",['Pleural Effusion'],abnormal,abnormal,0.0,0.10533365138459368,0.006106492618745966,0.18,0.11807745455833893,6,1,0,0.0,0.0,False,6,2,0.0,0.0,1.0,0.0,1.0,0.0,0.0,1.0,0.0,1.0,0.0,0.0,1.0,0.0,1.0,1.0,0.0,1.0,0.0,1.0,0.0,1.0,0.0,0.0,0.0,0.0,0.0
2616,case_15e988c3d4,G1B_llm_sham_retrieval,True,24,True,normal,[],[],"['Pleural Effusion', 'Pleural Other']",['Pleural Effusion'],abnormal,abnormal,0.0,0.05878890862555895,0.004198738962576497,0.16842105263157894,0.09585218702865762,5,3,3,1.0,0.5294117647058824,True,5,1,0.0,0.0,1.0,0.0,1.0,0.0,0.0,1.0,0.0,1.0,0.0,0.0,1.0,0.0,1.0,1.0,0.0,1.0,0.0,1.0,0.0,1.0,0.0,0.0,0.0,0.0,0.0
2616,case_15e988c3d4,G1_single_agent_rag,True,23,True,normal,[],[],"['Pleural Effusion', 'Pleural Other']",['Pleural Effusion'],abnormal,abnormal,0.0,0.048546840658763545,0.003763695442072817,0.14893617021276595,0.08821006303382942,4,1,0,0.0,0.0,False,4,1,0.0,0.0,1.0,0.0,1.0,0.0,0.0,1.0,0.0,1.0,0.0,0.0,1.0,0.0,1.0,1.0,0.0,1.0,0.0,1.0,0.0,1.0,0.0,0.0,0.0,0.0,0.0
2622,case_1ed3c2e41d,B0_rule_based,True,6,True,abnormal,['Pleural Other'],['Pleural Other'],['Pleural Other'],['Support Devices'],abnormal,abnormal,0.0,0.005032897237053084,0.0012328030158643326,0.06060606060606061,0.020080321285140562,2,0,0,0.0,0.0,False,2,0,0.0,1.0,1.0,1.0,1.0,0.0,1.0,1.0,1.0,1.0,0.0,1.0,0.0,1.0,0.0,1.0,1.0,0.0,0.0,1.0,1.0,0.0,0.0,1.0,0.0,0.0,0.0
2622,case_1ed3c2e41d,G1A_llm_no_retrieval,True,19,True,normal,[],[],['Pleural Other'],['Support Devices'],abnormal,abnormal,0.0,0.3454502923530738,0.06683291641049177,0.34782608695652173,0.31622137404580153,4,0,0,0.0,0.0,False,4,1,0.0,0.0,1.0,0.0,1.0,0.0,0.0,1.0,0.0,1.0,0.0,0.0,0.0,0.0,0.0,1.0,0.0,0.0,0.0,1.0,0.0,0.0,0.0,0.0,0.0,0.0,0.0
2622,case_1ed3c2e41d,G1B_llm_sham_retrieval,True,33,True,normal,[],[],['Pleural Other'],['Support Devices'],abnormal,abnormal,0.0,0.45454545454545453,0.19255141986430632,0.43333333333333324,0.5158615136876007,6,3,1,0.3333333333333333,0.0,False,6,0,0.0,0.0,1.0,0.0,1.0,0.0,0.0,1.0,0.0,1.0,0.0,0.0,0.0,0.0,0.0,1.0,0.0,0.0,0.0,1.0,0.0,0.0,0.0,0.0,0.0,0.0,0.0
2622,case_1ed3c2e41d,G1_single_agent_rag,True,22,True,normal,[],[],['Pleural Other'],['Support Devices'],abnormal,abnormal,0.0,0.3621379408606643,0.05122366272740833,0.24489795918367346,0.23981132075471695,4,2,2,1.0,1.0,True,4,1,0.0,0.0,1.0,0.0,1.0,0.0,0.0,1.0,0.0,1.0,0.0,0.0,0.0,0.0,0.0,1.0,0.0,0.0,0.0,1.0,0.0,0.0,0.0,0.0,0.0,0.0,0.0
2624,case_6ec67e89f7,B0_rule_based,False,4,True,abnormal,['Pneumothorax'],['Pneumothorax'],['Pneumothorax'],,abnormal,,0.0,8.839375212602495e-06,2.8407221006079074e-06,0.04081632653061225,0.012224938875305624,2,0,0,0.0,0.0,False,2,0,,,,,,,,,,,,,,,,,,,,,,,,,,,
2624,case_6ec67e89f7,G1A_llm_no_retrieval,False,7,True,abnormal,['Pneumothorax'],['Pneumothorax'],['Pneumothorax'],,abnormal,,0.0,0.0012541033836509826,0.00017242056399470457,0.038461538461538464,0.024271844660194178,2,0,0,0.0,0.0,False,2,0,,,,,,,,,,,,,,,,,,,,,,,,,,,
2624,case_6ec67e89f7,G1B_llm_sham_retrieval,False,28,True,normal,[],[],['Pneumothorax'],,abnormal,,0.0,0.21407002571479966,0.027739006629063048,0.24657534246575344,0.15860897448132383,5,2,0,0.0,0.0,False,5,0,,,,,,,,,,,,,,,,,,,,,,,,,,,
2624,case_6ec67e89f7,G1_single_agent_rag,False,12,True,abnormal,['Pneumothorax'],['Pneumothorax'],['Pneumothorax'],,abnormal,,0.0,0.015981965301676893,0.001433066613590882,0.07017543859649122,0.03597122302158273,3,1,0,0.0,0.0,False,3,1,,,,,,,,,,,,,,,,,,,,,,,,,,,
2629,case_fbfbf2b450,B0_rule_based,True,4,True,abnormal,['Fracture'],['Fracture'],['Fracture'],[],abnormal,normal,0.0,0.007549345855579625,0.0024261436019258793,0.0909090909090909,0.03012048192771084,2,0,0,0.0,0.0,False,2,0,0.0,1.0,0.0,1.0,0.0,0.0,1.0,0.0,1.0,0.0,0.0,1.0,0.0,1.0,0.0,1.0,1.0,0.0,0.0,1.0,1.0,0.0,0.0,0.0,0.0,1.0,0.0
2629,case_fbfbf2b450,G1A_llm_no_retrieval,True,5,True,abnormal,['Fracture'],['Fracture'],['Fracture'],[],abnormal,normal,0.0,0.014854715642866776,0.003990607693903365,0.08695652173913045,0.02994011976047904,2,0,0,0.0,0.0,False,2,0,0.0,1.0,0.0,1.0,0.0,0.0,1.0,0.0,1.0,0.0,0.0,1.0,0.0,1.0,0.0,1.0,1.0,0.0,0.0,1.0,1.0,0.0,0.0,0.0,0.0,1.0,0.0
2629,case_fbfbf2b450,G1B_llm_sham_retrieval,True,5,True,abnormal,['Fracture'],['Fracture'],['Fracture'],[],abnormal,normal,0.0,0.014854715642866776,0.003990607693903365,0.08695652173913045,0.02994011976047904,2,0,0,0.0,0.0,False,2,0,0.0,1.0,0.0,1.0,0.0,0.0,1.0,0.0,1.0,0.0,0.0,1.0,0.0,1.0,0.0,1.0,1.0,0.0,0.0,1.0,1.0,0.0,0.0,1.0,0.0,0.0,0.0
2629,case_fbfbf2b450,G1_single_agent_rag,True,43,True,abnormal,['Fracture'],['Fracture'],['Fracture'],[],abnormal,normal,0.0,0.27906976744186046,0.0356795945722473,0.3278688524590164,0.4986449864498645,7,3,2,0.6666666666666666,0.4722222222222222,False,7,2,0.0,1.0,0.0,1.0,0.0,0.0,1.0,0.0,1.0,0.0,0.0,1.0,0.0,1.0,0.0,1.0,1.0,0.0,0.0,1.0,1.0,0.0,0.0,0.0,0.0,1.0,0.0
2644,case_c7395d541e,B0_rule_based,True,13,True,abnormal,"['Cardiomegaly', 'Enlarged Cardiomediastinum']","['Cardiomegaly', 'Enlarged Cardiomediastinum']","['Cardiomegaly', 'Enlarged Cardiomediastinum']","['Cardiomegaly', 'Lung Lesion']",abnormal,abnormal,0.0,0.001919715898802442,0.00013709007044609156,0.06521739130434784,0.02762430939226519,3,0,0,0.0,0.0,False,3,0,1.0,1.0,1.0,1.0,1.0,1.0,1.0,1.0,1.0,1.0,1.0,1.0,1.0,1.0,1.0,1.0,1.0,1.0,1.0,1.0,1.0,1.0,1.0,1.0,0.0,1.0,0.0
2644,case_c7395d541e,G1A_llm_no_retrieval,True,17,True,abnormal,"['Cardiomegaly', 'Enlarged Cardiomediastinum']","['Cardiomegaly', 'Enlarged Cardiomediastinum']","['Cardiomegaly', 'Enlarged Cardiomediastinum']","['Cardiomegaly', 'Lung Lesion']",abnormal,abnormal,0.0,0.007666966412892851,0.0004483817515434998,0.0625,0.03434065934065935,3,1,0,0.0,0.0,False,3,0,1.0,1.0,1.0,1.0,1.0,1.0,1.0,1.0,1.0,1.0,1.0,1.0,1.0,1.0,1.0,1.0,1.0,1.0,1.0,1.0,1.0,1.0,1.0,1.0,0.0,1.0,0.0
2644,case_c7395d541e,G1B_llm_sham_retrieval,True,13,True,normal,[],[],"['Cardiomegaly', 'Enlarged Cardiomediastinum']","['Cardiomegaly', 'Lung Lesion']",abnormal,abnormal,0.0,0.0033595028229042737,0.0013877247192849952,0.15217391304347827,0.08766490021422933,3,1,0,0.0,0.0,False,3,1,0.0,0.0,2.0,0.0,1.0,0.0,0.0,2.0,0.0,1.0,0.0,0.0,2.0,0.0,1.0,1.0,0.0,1.0,0.0,1.0,0.0,1.0,0.0,0.0,0.0,0.0,0.0
2644,case_c7395d541e,G1_single_agent_rag,True,45,True,abnormal,"['Atelectasis', 'Cardiomegaly', 'Lung Opacity', 'Support Devices']","['Atelectasis', 'Cardiomegaly', 'Lung Opacity', 'Support Devices']","['Cardiomegaly', 'Enlarged Cardiomediastinum']","['Cardiomegaly', 'Lung Lesion']",abnormal,abnormal,0.0,0.17746094875787224,0.009809522904507477,0.12903225806451613,0.13113088372603943,6,5,4,0.8,0.6842105263157895,False,6,1,1.0,3.0,1.0,1.0,1.0,1.0,3.0,1.0,1.0,1.0,1.0,3.0,1.0,1.0,1.0,1.0,0.0,1.0,1.0,1.0,0.0,1.0,1.0,0.0,3.0,1.0,0.0
2691,case_d43368ae23,B0_rule_based,True,8,True,abnormal,['Enlarged Cardiomediastinum'],['Enlarged Cardiomediastinum'],['Enlarged Cardiomediastinum'],['Cardiomegaly'],abnormal,abnormal,0.0,0.0015735177803042502,0.00034965063495432557,0.03921568627450981,0.012658227848101266,2,0,0,0.0,0.0,False,2,0,0.0,1.0,1.0,1.0,1.0,0.0,1.0,1.0,1.0,1.0,0.0,1.0,1.0,1.0,1.0,1.0,1.0,0.0,0.0,1.0,1.0,0.0,0.0,1.0,0.0,0.0,0.0
2691,case_d43368ae23,G1A_llm_no_retrieval,True,7,True,abnormal,['Enlarged Cardiomediastinum'],['Enlarged Cardiomediastinum'],['Enlarged Cardiomediastinum'],['Cardiomegaly'],abnormal,abnormal,0.0,0.000834425334742178,0.00019293707942369628,0.04,0.012690355329949238,2,0,0,0.0,0.0,False,2,0,0.0,1.0,1.0,1.0,1.0,0.0,1.0,1.0,1.0,1.0,0.0,1.0,1.0,1.0,1.0,1.0,1.0,0.0,0.0,1.0,1.0,0.0,0.0,1.0,0.0,0.0,0.0
2691,case_d43368ae23,G1B_llm_sham_retrieval,True,21,True,normal,[],[],['Enlarged Cardiomediastinum'],['Cardiomegaly'],abnormal,abnormal,0.0,0.08351712545305034,0.004791246118746245,0.125,0.06127450980392157,3,1,1,1.0,0.5714285714285714,True,3,1,0.0,0.0,1.0,0.0,1.0,0.0,0.0,1.0,0.0,1.0,0.0,0.0,1.0,0.0,1.0,1.0,0.0,0.0,0.0,1.0,0.0,0.0,0.0,0.0,0.0,0.0,0.0
2691,case_d43368ae23,G1_single_agent_rag,True,21,True,abnormal,['Cardiomegaly'],['Cardiomegaly'],['Enlarged Cardiomediastinum'],['Cardiomegaly'],abnormal,abnormal,0.0,0.10022055054366041,0.010604770904901625,0.18749999999999997,0.1252723311546841,4,2,2,1.0,0.7857142857142857,True,4,2,1.0,0.0,0.0,0.0,0.0,1.0,0.0,0.0,0.0,0.0,1.0,0.0,0.0,0.0,0.0,1.0,0.0,0.0,0.0,1.0,0.0,0.0,0.0,0.0,1.0,0.0,0.0
2698,case_eabe206821,B0_rule_based,True,10,True,normal,[],[],[],[],normal,normal,0.0,0.0817595379102038,0.028467370389807616,0.18181818181818182,0.13568868407578083,2,1,0,0.0,0.0,False,2,0,0.0,0.0,0.0,0.0,0.0,0.0,0.0,0.0,0.0,0.0,0.0,0.0,0.0,0.0,0.0,0.0,0.0,0.0,0.0,0.0,0.0,0.0,0.0,0.0,0.0,0.0,0.0
2698,case_eabe206821,G1A_llm_no_retrieval,True,10,True,abnormal,['Enlarged Cardiomediastinum'],['Enlarged Cardiomediastinum'],[],[],normal,normal,0.0,0.027253179303401272,0.005751876324997854,0.06060606060606061,0.023041474654377878,2,1,0,0.0,0.0,False,2,0,0.0,1.0,0.0,1.0,0.0,0.0,1.0,0.0,1.0,0.0,0.0,1.0,0.0,1.0,0.0,0.0,0.0,0.0,0.0,0.0,0.0,0.0,0.0,0.0,0.0,0.0,1.0
2698,case_eabe206821,G1B_llm_sham_retrieval,True,24,True,normal,[],[],[],[],normal,normal,0.0,0.625,0.09525977696807739,0.4680851063829787,0.48311688311688317,3,2,0,0.0,0.0,False,3,0,0.0,0.0,0.0,0.0,0.0,0.0,0.0,0.0,0.0,0.0,0.0,0.0,0.0,0.0,0.0,0.0,0.0,0.0,0.0,0.0,0.0,0.0,0.0,0.0,0.0,0.0,0.0
2698,case_eabe206821,G1_single_agent_rag,True,21,True,normal,[],[],[],[],normal,normal,0.0,0.6493974591976522,0.22512214161783975,0.4545454545454545,0.6079922027290448,4,1,0,0.0,0.0,False,4,1,0.0,0.0,0.0,0.0,0.0,0.0,0.0,0.0,0.0,0.0,0.0,0.0,0.0,0.0,0.0,0.0,0.0,0.0,0.0,0.0,0.0,0.0,0.0,0.0,0.0,0.0,0.0
2705,case_44929dc1f1,B0_rule_based,False,12,True,indeterminate,[],[],[],,indeterminate,,0.0,0.16666666666666669,0.02025598602712565,0.08695652173913043,0.09009009009009009,2,1,0,0.0,0.0,False,2,2,,,,,,,,,,,,,,,,,,,,,,,,,,,
2705,case_44929dc1f1,G1A_llm_no_retrieval,False,10,True,abnormal,['Enlarged Cardiomediastinum'],['Enlarged Cardiomediastinum'],[],,indeterminate,,0.0,0.09048374180359597,0.01909690192411307,0.09523809523809525,0.045871559633027525,2,1,0,0.0,0.0,False,2,0,,,,,,,,,,,,,,,,,,,,,,,,,,,
2705,case_44929dc1f1,G1B_llm_sham_retrieval,False,25,True,normal,[],[],[],,indeterminate,,0.0,0.28,0.11653907453915101,0.3888888888888889,0.5118499012508229,5,0,0,0.0,0.0,False,5,1,,,,,,,,,,,,,,,,,,,,,,,,,,,
2705,case_44929dc1f1,G1_single_agent_rag,False,25,True,normal,[],[],[],,indeterminate,,0.0,0.28,0.11653907453915101,0.3888888888888889,0.5118499012508229,5,0,0,0.0,0.0,False,5,1,,,,,,,,,,,,,,,,,,,,,,,,,,,
2709,case_cdafc0d4c8,B0_rule_based,True,10,True,normal,[],[],[],['Lung Opacity'],normal,abnormal,0.0,0.011004644011281447,0.0013810069598198724,0.0816326530612245,0.027700831024930744,2,1,0,0.0,0.0,False,2,0,0.0,0.0,1.0,0.0,1.0,0.0,0.0,1.0,0.0,1.0,0.0,0.0,2.0,0.0,1.0,0.0,0.0,0.0,0.0,0.0,0.0,0.0,0.0,0.0,0.0,0.0,0.0
2709,case_cdafc0d4c8,G1A_llm_no_retrieval,True,10,True,abnormal,['Enlarged Cardiomediastinum'],['Enlarged Cardiomediastinum'],[],['Lung Opacity'],normal,abnormal,0.0,0.011004644011281447,0.002455816241768129,0.0816326530612245,0.05193905817174514,2,1,0,0.0,0.0,False,2,0,0.0,1.0,1.0,1.0,1.0,0.0,1.0,1.0,1.0,1.0,0.0,1.0,2.0,1.0,1.0,0.0,0.0,0.0,0.0,0.0,0.0,0.0,0.0,0.0,0.0,0.0,1.0
2709,case_cdafc0d4c8,G1B_llm_sham_retrieval,True,28,True,normal,[],[],[],['Lung Opacity'],normal,abnormal,0.0,0.24111613826883443,0.030323757964004876,0.2686567164179105,0.19630606860158312,5,1,0,0.0,0.3333333333333333,False,5,2,0.0,0.0,1.0,0.0,1.0,0.0,0.0,1.0,0.0,1.0,0.0,0.0,2.0,0.0,1.0,0.0,0.0,0.0,0.0,0.0,0.0,0.0,0.0,0.0,0.0,0.0,0.0
2709,case_cdafc0d4c8,G1_single_agent_rag,True,22,True,normal,[],[],[],['Lung Opacity'],normal,abnormal,0.0,0.12593237066801938,0.006278273472158344,0.13114754098360654,0.0804289544235925,4,2,2,1.0,1.0,True,4,1,0.0,0.0,1.0,0.0,1.0,0.0,0.0,1.0,0.0,1.0,0.0,0.0,2.0,0.0,1.0,0.0,0.0,0.0,0.0,0.0,0.0,0.0,0.0,0.0,0.0,0.0,0.0
2720,case_f88dabbd9b,B0_rule_based,True,10,True,normal,[],[],[],[],normal,normal,0.0,0.07408182206817181,0.015635220893785457,0.08695652173913043,0.03937007874015748,2,1,0,0.0,0.0,False,2,0,0.0,0.0,0.0,0.0,0.0,0.0,0.0,0.0,0.0,0.0,0.0,0.0,0.0,0.0,0.0,0.0,0.0,0.0,0.0,0.0,0.0,0.0,0.0,0.0,0.0,0.0,0.0
2720,case_f88dabbd9b,G1A_llm_no_retrieval,True,10,True,abnormal,['Enlarged Cardiomediastinum'],['Enlarged Cardiomediastinum'],[],[],normal,normal,0.0,0.007408182206817182,0.008792330837055148,0.0,0.0,2,1,0,0.0,0.0,False,2,0,0.0,1.0,0.0,1.0,0.0,0.0,1.0,0.0,1.0,0.0,0.0,1.0,0.0,1.0,0.0,0.0,0.0,0.0,0.0,0.0,0.0,0.0,0.0,0.0,0.0,0.0,1.0
2720,case_f88dabbd9b,G1B_llm_sham_retrieval,True,32,True,normal,[],[],[],[],normal,normal,0.0,0.15625,0.015514392335273455,0.13333333333333333,0.24966442953020135,6,2,2,1.0,0.28,True,6,0,0.0,0.0,0.0,0.0,0.0,0.0,0.0,0.0,0.0,0.0,0.0,0.0,0.0,0.0,0.0,0.0,0.0,0.0,0.0,0.0,0.0,0.0,0.0,0.0,0.0,0.0,0.0
2720,case_f88dabbd9b,G1_single_agent_rag,True,21,True,normal,[],[],[],[],normal,normal,0.0,0.3333333333333333,0.031420504922717064,0.35294117647058826,0.3475303164744158,4,1,0,0.0,0.0,False,4,1,0.0,0.0,0.0,0.0,0.0,0.0,0.0,0.0,0.0,0.0,0.0,0.0,0.0,0.0,0.0,0.0,0.0,0.0,0.0,0.0,0.0,0.0,0.0,0.0,0.0,0.0,0.0
2723,case_fdcfee118f,B0_rule_based,True,10,True,normal,[],[],[],['Atelectasis'],normal,abnormal,0.0,0.00819711673418777,0.0013496232296988867,0.10714285714285714,0.060272536687631016,2,1,0,0.0,0.0,False,2,0,0.0,0.0,1.0,0.0,1.0,0.0,0.0,1.0,0.0,1.0,0.0,0.0,1.0,0.0,1.0,0.0,0.0,0.0,0.0,0.0,0.0,0.0,0.0,0.0,0.0,0.0,0.0
2723,case_fdcfee118f,G1A_llm_no_retrieval,True,10,True,abnormal,['Enlarged Cardiomediastinum'],['Enlarged Cardiomediastinum'],[],['Atelectasis'],normal,abnormal,0.0,0.0027323722447292575,0.0005766764695808545,0.03571428571428571,0.011792452830188678,2,1,0,0.0,0.0,False,2,0,0.0,1.0,1.0,1.0,1.0,0.0,1.0,1.0,1.0,1.0,0.0,1.0,1.0,1.0,1.0,0.0,0.0,0.0,0.0,0.0,0.0,0.0,0.0,0.0,0.0,0.0,1.0
2723,case_fdcfee118f,G1B_llm_sham_retrieval,True,22,True,normal,[],[],[],['Atelectasis'],normal,abnormal,0.0,0.12214944772333179,0.010378815797242008,0.2058823529411765,0.1447821100917431,4,1,0,0.0,0.8,False,4,1,0.0,0.0,1.0,0.0,1.0,0.0,0.0,1.0,0.0,1.0,0.0,0.0,1.0,0.0,1.0,0.0,0.0,0.0,0.0,0.0,0.0,0.0,0.0,0.0,0.0,0.0,0.0
2723,case_fdcfee118f,G1_single_agent_rag,True,21,True,normal,[],[],[],['Atelectasis'],normal,abnormal,0.0,0.08687898036709522,0.004347120943811097,0.1492537313432836,0.06896551724137931,4,1,0,0.0,0.0,False,4,1,0.0,0.0,1.0,0.0,1.0,0.0,0.0,1.0,0.0,1.0,0.0,0.0,1.0,0.0,1.0,0.0,0.0,0.0,0.0,0.0,0.0,0.0,0.0,0.0,0.0,0.0,0.0
2725,case_c02b195dc0,B0_rule_based,False,11,True,abnormal,"['Fracture', 'Pleural Other']","['Fracture', 'Pleural Other']","['Fracture', 'Pleural Other']",,abnormal,,0.0,0.021227861735537576,0.004401671624742202,0.05263157894736842,0.01968503937007874,3,0,0,0.0,0.0,False,3,0,,,,,,,,,,,,,,,,,,,,,,,,,,,
2725,case_c02b195dc0,G1A_llm_no_retrieval,False,23,True,normal,[],[],"['Fracture', 'Pleural Other']",,abnormal,,0.0,0.21922694872979945,0.04533553021814728,0.19999999999999998,0.16029657477025894,5,0,0,0.0,0.0,False,5,1,,,,,,,,,,,,,,,,,,,,,,,,,,,
2725,case_c02b195dc0,G1B_llm_sham_retrieval,False,20,True,normal,[],[],"['Fracture', 'Pleural Other']",,abnormal,,0.0,0.317109640373421,0.07655956006674242,0.3829787234042553,0.2915082382762991,4,2,0,0.0,0.0,False,4,1,,,,,,,,,,,,,,,,,,,,,,,,,,,
2725,case_c02b195dc0,G1_single_agent_rag,False,39,True,abnormal,['Fracture'],['Fracture'],"['Fracture', 'Pleural Other']",,abnormal,,0.0,0.1794871794871795,0.03211565002110334,0.18181818181818185,0.2029960920538428,7,3,1,0.3333333333333333,0.40625,False,7,2,,,,,,,,,,,,,,,,,,,,,,,,,,,
2729,case_d8f92ae21b,B0_rule_based,False,4,True,abnormal,['Fracture'],['Fracture'],['Fracture'],,abnormal,,0.0,1.3289463136061054e-08,4.270852942411506e-09,0.02666666666666667,0.007776049766718507,2,0,0,0.0,0.0,False,2,0,,,,,,,,,,,,,,,,,,,,,,,,,,,
2729,case_d8f92ae21b,G1A_llm_no_retrieval,False,5,True,abnormal,['Fracture'],['Fracture'],['Fracture'],,abnormal,,0.0,7.402404790327633e-07,1.1824288739048543e-07,0.02631578947368421,0.015527950310559006,2,0,0,0.0,0.0,False,2,0,,,,,,,,,,,,,,,,,,,,,,,,,,,
2729,case_d8f92ae21b,G1B_llm_sham_retrieval,False,11,True,abnormal,['Fracture'],['Fracture'],['Fracture'],,abnormal,,0.0,0.0015552073997123382,0.0002027471276619336,0.07317073170731707,0.030769230769230774,2,1,0,0.0,0.0,False,2,0,,,,,,,,,,,,,,,,,,,,,,,,,,,
2729,case_d8f92ae21b,G1_single_agent_rag,False,33,True,normal,[],[],['Fracture'],,abnormal,,0.0,0.17244947998019233,0.007779330674861814,0.21153846153846154,0.17379482657260434,4,2,2,1.0,0.6538461538461539,True,4,0,,,,,,,,,,,,,,,,,,,,,,,,,,,
2737,case_b961621b12,B0_rule_based,True,4,True,abnormal,['Fracture'],['Fracture'],['Fracture'],['Atelectasis'],abnormal,abnormal,0.0,0.0002927199051977936,9.407179625067667e-05,0.05714285714285715,0.017667844522968195,2,0,0,0.0,0.0,False,2,0,0.0,1.0,1.0,1.0,1.0,0.0,1.0,1.0,1.0,1.0,0.0,1.0,1.0,1.0,1.0,1.0,1.0,0.0,0.0,1.0,1.0,0.0,0.0,0.0,0.0,1.0,0.0
2737,case_b961621b12,G1A_llm_no_retrieval,True,5,True,abnormal,['Fracture'],['Fracture'],['Fracture'],['Atelectasis'],abnormal,abnormal,0.0,0.0011033128841521544,0.0002963967126758541,0.05555555555555555,0.0176056338028169,2,0,0,0.0,0.0,False,2,0,0.0,1.0,1.0,1.0,1.0,0.0,1.0,1.0,1.0,1.0,0.0,1.0,1.0,1.0,1.0,1.0,1.0,0.0,0.0,1.0,1.0,0.0,0.0,0.0,0.0,1.0,0.0
2737,case_b961621b12,G1B_llm_sham_retrieval,True,18,True,normal,[],[],['Fracture'],['Atelectasis'],abnormal,abnormal,0.0,0.21585412677676102,0.03318101774526604,0.20408163265306123,0.179135101010101,4,1,1,1.0,1.0,True,4,2,0.0,0.0,1.0,0.0,1.0,0.0,0.0,1.0,0.0,1.0,0.0,0.0,1.0,0.0,1.0,1.0,0.0,0.0,0.0,1.0,0.0,0.0,0.0,0.0,0.0,0.0,0.0
2737,case_b961621b12,G1_single_agent_rag,True,33,True,normal,[],[],['Fracture'],['Atelectasis'],abnormal,abnormal,0.0,0.3939393939393939,0.06031830394876569,0.3125,0.3218403884084357,4,2,2,1.0,0.6538461538461539,True,4,0,0.0,0.0,1.0,0.0,1.0,0.0,0.0,1.0,0.0,1.0,0.0,0.0,1.0,0.0,1.0,1.0,0.0,0.0,0.0,1.0,0.0,0.0,0.0,0.0,0.0,0.0,0.0
2743,case_a9267309d7,B0_rule_based,False,12,True,indeterminate,[],[],[],,indeterminate,,0.0,0.024516077898829477,0.002979583988151683,0.0851063829787234,0.030581039755351685,2,1,0,0.0,0.0,False,2,2,,,,,,,,,,,,,,,,,,,,,,,,,,,
2743,case_a9267309d7,G1A_llm_no_retrieval,False,15,True,normal,[],[],[],,indeterminate,,0.0,0.05271942762314535,0.0045854824034603624,0.12000000000000001,0.045454545454545456,2,1,0,0.0,0.0,False,2,1,,,,,,,,,,,,,,,,,,,,,,,,,,,
2743,case_a9267309d7,G1B_llm_sham_retrieval,False,25,True,normal,[],[],[],,indeterminate,,0.0,0.3485664239385325,0.02424976874391377,0.3666666666666667,0.2953358858336234,5,0,0,0.0,0.0,False,5,1,,,,,,,,,,,,,,,,,,,,,,,,,,,
2743,case_a9267309d7,G1_single_agent_rag,False,25,True,normal,[],[],[],,indeterminate,,0.0,0.3485664239385325,0.02424976874391377,0.3666666666666667,0.2953358858336234,5,0,0,0.0,0.0,False,5,1,,,,,,,,,,,,,,,,,,,,,,,,,,,
2747,case_7e91ee1dd2,B0_rule_based,True,4,True,abnormal,['Atelectasis'],['Atelectasis'],['Atelectasis'],['Pleural Effusion'],abnormal,abnormal,0.0,0.004578909722183545,0.001471530479433688,0.08333333333333334,0.02717391304347826,2,0,0,0.0,0.0,False,2,0,0.0,1.0,1.0,1.0,1.0,0.0,1.0,1.0,1.0,1.0,0.0,1.0,1.0,1.0,1.0,1.0,1.0,0.0,0.0,1.0,1.0,0.0,0.0,0.0,0.0,1.0,0.0
2747,case_7e91ee1dd2,G1A_llm_no_retrieval,True,22,True,normal,[],[],['Atelectasis'],['Pleural Effusion'],abnormal,abnormal,0.0,0.5,0.2082198320914845,0.47619047619047616,0.5003682186400459,5,0,0,0.0,0.0,False,5,2,0.0,0.0,1.0,0.0,1.0,0.0,0.0,1.0,0.0,1.0,0.0,0.0,1.0,0.0,1.0,1.0,0.0,0.0,0.0,1.0,0.0,0.0,0.0,0.0,0.0,0.0,0.0
2747,case_7e91ee1dd2,G1B_llm_sham_retrieval,True,9,True,abnormal,['Atelectasis'],['Atelectasis'],['Atelectasis'],['Pleural Effusion'],abnormal,abnormal,0.0,0.06546107295780162,0.008400549310594098,0.06896551724137932,0.052910052910052914,2,1,0,0.0,0.0,False,2,0,0.0,1.0,1.0,1.0,1.0,0.0,1.0,1.0,1.0,1.0,0.0,1.0,1.0,1.0,1.0,1.0,1.0,0.0,0.0,1.0,1.0,0.0,0.0,1.0,0.0,0.0,0.0
2747,case_7e91ee1dd2,G1_single_agent_rag,True,8,True,abnormal,['Atelectasis'],['Atelectasis'],['Atelectasis'],['Pleural Effusion'],abnormal,abnormal,0.0,0.027891270018553734,0.00619770579890378,0.07142857142857144,0.026595744680851064,2,1,0,0.0,0.0,False,2,0,0.0,1.0,1.0,1.0,1.0,0.0,1.0,1.0,1.0,1.0,0.0,1.0,1.0,1.0,1.0,1.0,1.0,0.0,0.0,1.0,1.0,0.0,0.0,0.0,0.0,1.0,0.0
2750,case_46d4df697a,B0_rule_based,True,12,True,indeterminate,[],[],[],['Lung Opacity'],indeterminate,abnormal,0.0,0.001830875469691351,0.0001641704546174871,0.04819277108433735,0.02304147465437788,2,1,0,0.0,0.0,False,2,2,0.0,0.0,1.0,0.0,1.0,0.0,0.0,1.0,0.0,1.0,0.0,0.0,2.0,0.0,1.0,0.0,0.0,0.0,0.0,0.0,0.0,0.0,0.0,0.0,0.0,0.0,0.0
2750,case_46d4df697a,G1A_llm_no_retrieval,True,15,True,normal,[],[],[],['Lung Opacity'],indeterminate,abnormal,0.0,0.007970997620935104,0.00047265087044759304,0.09302325581395349,0.0382262996941896,2,1,0,0.0,0.0,False,2,1,0.0,0.0,1.0,0.0,1.0,0.0,0.0,1.0,0.0,1.0,0.0,0.0,2.0,0.0,1.0,0.0,0.0,0.0,0.0,0.0,0.0,0.0,0.0,0.0,0.0,0.0,0.0
2750,case_46d4df697a,G1B_llm_sham_retrieval,True,25,True,normal,[],[],[],['Lung Opacity'],indeterminate,abnormal,0.0,0.0698796674870451,0.004633705002873051,0.125,0.08283132530120482,5,0,0,0.0,0.0,False,5,1,0.0,0.0,1.0,0.0,1.0,0.0,0.0,1.0,0.0,1.0,0.0,0.0,2.0,0.0,1.0,0.0,0.0,0.0,0.0,0.0,0.0,0.0,0.0,0.0,0.0,0.0,0.0
2750,case_46d4df697a,G1_single_agent_rag,True,25,True,normal,[],[],[],['Lung Opacity'],indeterminate,abnormal,0.0,0.0698796674870451,0.004633705002873051,0.125,0.08283132530120482,5,0,0,0.0,0.0,False,5,1,0.0,0.0,1.0,0.0,1.0,0.0,0.0,1.0,0.0,1.0,0.0,0.0,2.0,0.0,1.0,0.0,0.0,0.0,0.0,0.0,0.0,0.0,0.0,0.0,0.0,0.0,0.0
2753,case_0e360aa188,B0_rule_based,False,10,True,normal,[],[],[],,normal,,0.0,0.08120116994196762,0.0393440467350332,0.3,0.1825396825396825,2,1,0,0.0,0.0,False,2,0,,,,,,,,,,,,,,,,,,,,,,,,,,,
2753,case_0e360aa188,G1A_llm_no_retrieval,False,10,True,abnormal,['Enlarged Cardiomediastinum'],['Enlarged Cardiomediastinum'],[],,normal,,0.0,0.027067056647322542,0.006040333268682658,0.1,0.06696428571428571,2,1,0,0.0,0.0,False,2,0,,,,,,,,,,,,,,,,,,,,,,,,,,,
2753,case_0e360aa188,G1B_llm_sham_retrieval,False,25,True,normal,[],[],[],,normal,,0.0,0.5567369120930278,0.09755589494576863,0.4,0.5176235997888686,4,2,0,0.0,0.16666666666666666,False,4,1,,,,,,,,,,,,,,,,,,,,,,,,,,,
2753,case_0e360aa188,G1_single_agent_rag,False,22,True,normal,[],[],[],,normal,,0.0,0.2843770616177232,0.04353206629118894,0.30769230769230765,0.23570945374598343,4,2,2,1.0,1.0,True,4,1,,,,,,,,,,,,,,,,,,,,,,,,,,,
2758,case_d900a4460b,B0_rule_based,True,10,True,normal,[],[],[],[],normal,normal,0.0,0.024625499587169638,0.004054492251790247,0.13333333333333333,0.04615384615384615,2,1,0,0.0,0.0,False,2,0,0.0,0.0,0.0,0.0,0.0,0.0,0.0,0.0,0.0,0.0,0.0,0.0,0.0,0.0,0.0,0.0,0.0,0.0,0.0,0.0,0.0,0.0,0.0,0.0,0.0,0.0,0.0
2758,case_d900a4460b,G1A_llm_no_retrieval,True,10,True,abnormal,['Enlarged Cardiomediastinum'],['Enlarged Cardiomediastinum'],[],[],normal,normal,0.0,0.0410424993119494,0.005478430558282903,0.22222222222222224,0.1372307692307692,2,1,0,0.0,0.0,False,2,0,0.0,1.0,0.0,1.0,0.0,0.0,1.0,0.0,1.0,0.0,0.0,1.0,0.0,1.0,0.0,0.0,0.0,0.0,0.0,0.0,0.0,0.0,0.0,0.0,0.0,0.0,1.0
2758,case_d900a4460b,G1B_llm_sham_retrieval,True,28,True,normal,[],[],[],[],normal,normal,0.0,0.38940039153570244,0.025445711461326907,0.3174603174603175,0.27964538585113347,4,3,3,1.0,1.0,True,4,0,0.0,0.0,0.0,0.0,0.0,0.0,0.0,0.0,0.0,0.0,0.0,0.0,0.0,0.0,0.0,0.0,0.0,0.0,0.0,0.0,0.0,0.0,0.0,0.0,0.0,0.0,0.0
2758,case_d900a4460b,G1_single_agent_rag,True,22,True,normal,[],[],[],[],normal,normal,0.0,0.27691178991537935,0.015581641959615006,0.21052631578947367,0.1632047477744807,4,2,2,1.0,1.0,True,4,1,0.0,0.0,0.0,0.0,0.0,0.0,0.0,0.0,0.0,0.0,0.0,0.0,0.0,0.0,0.0,0.0,0.0,0.0,0.0,0.0,0.0,0.0,0.0,0.0,0.0,0.0,0.0
2762,case_3b1378c800,B0_rule_based,False,10,True,normal,[],[],[],,normal,,0.0,0.02005176874456075,0.00251635874495793,0.0930232558139535,0.03257328990228013,2,1,0,0.0,0.0,False,2,0,,,,,,,,,,,,,,,,,,,,,,,,,,,
2762,case_3b1378c800,G1A_llm_no_retrieval,False,10,True,abnormal,['Enlarged Cardiomediastinum'],['Enlarged Cardiomediastinum'],[],,normal,,0.0,0.0010025884372280378,0.0011899125841428626,0.0,0.0,2,1,0,0.0,0.0,False,2,0,,,,,,,,,,,,,,,,,,,,,,,,,,,
2762,case_3b1378c800,G1B_llm_sham_retrieval,False,63,True,abnormal,"['Pleural Other', 'Pneumonia']","['Pleural Other', 'Pneumonia']",[],,normal,,0.0,0.15873015873015872,0.00514276487376302,0.10416666666666667,0.1388888888888889,7,6,6,1.0,0.875,True,7,2,,,,,,,,,,,,,,,,,,,,,,,,,,,
2762,case_3b1378c800,G1_single_agent_rag,False,22,True,normal,[],[],[],,normal,,0.0,0.27569575441483335,0.03899659424240621,0.2545454545454546,0.25971786833855803,4,2,2,1.0,1.0,True,4,1,,,,,,,,,,,,,,,,,,,,,,,,,,,
2778,case_b3a2037033,B0_rule_based,True,18,True,abnormal,['Support Devices'],['Support Devices'],['Support Devices'],['Support Devices'],abnormal,abnormal,0.0,0.026911851642739938,0.0018500689933210056,0.08108108108108107,0.038314176245210725,4,1,0,0.0,0.0,False,4,0,1.0,0.0,0.0,0.0,0.0,1.0,0.0,0.0,0.0,0.0,0.0,1.0,1.0,1.0,1.0,0.0,0.0,1.0,1.0,0.0,0.0,1.0,1.0,0.0,0.0,1.0,0.0
2778,case_b3a2037033,G1A_llm_no_retrieval,True,11,True,abnormal,"['Enlarged Cardiomediastinum', 'Support Devices']","['Enlarged Cardiomediastinum', 'Support Devices']",['Support Devices'],['Support Devices'],abnormal,abnormal,0.0,0.004561097178673756,0.0004148965027959763,0.08955223880597014,0.029126213592233004,2,1,0,0.0,0.0,False,2,0,1.0,1.0,0.0,1.0,0.0,1.0,1.0,0.0,1.0,0.0,0.0,2.0,1.0,1.0,1.0,0.0,0.0,1.0,1.0,0.0,0.0,1.0,1.0,0.0,0.0,1.0,1.0
2778,case_b3a2037033,G1B_llm_sham_retrieval,True,32,True,normal,[],[],['Support Devices'],['Support Devices'],abnormal,abnormal,0.0,0.20666036682419392,0.02384066768399712,0.20454545454545459,0.17895217788607984,5,2,1,0.5,0.8,False,5,1,0.0,0.0,1.0,0.0,1.0,0.0,0.0,1.0,0.0,1.0,0.0,0.0,1.0,0.0,1.0,0.0,0.0,1.0,0.0,0.0,0.0,1.0,0.0,0.0,0.0,0.0,0.0
2778,case_b3a2037033,G1_single_agent_rag,True,27,True,normal,[],[],['Support Devices'],['Support Devices'],abnormal,abnormal,0.0,0.20243787738676186,0.01984832100800221,0.1927710843373494,0.1771789665725047,4,2,0,0.0,0.15,False,4,3,0.0,0.0,1.0,0.0,1.0,0.0,0.0,1.0,0.0,1.0,0.0,0.0,1.0,0.0,1.0,0.0,0.0,1.0,0.0,0.0,0.0,1.0,0.0,0.0,0.0,0.0,0.0
2817,case_4eabaebd42,B0_rule_based,True,17,True,abnormal,"['Lung Opacity', 'Pleural Other', 'Pneumonia']","['Lung Opacity', 'Pleural Other', 'Pneumonia']","['Lung Opacity', 'Pleural Other', 'Pneumonia']","['Lung Opacity', 'Pleural Effusion', 'Pleural Other']",abnormal,abnormal,0.0,0.008620296263828224,0.00032440846767542984,0.11538461538461539,0.056249999999999994,4,1,0,0.0,0.0,False,4,0,2.0,1.0,1.0,1.0,1.0,2.0,1.0,1.0,1.0,1.0,1.0,2.0,1.0,1.0,1.0,1.0,1.0,2.0,2.0,1.0,1.0,2.0,2.0,1.0,0.0,2.0,0.0
2817,case_4eabaebd42,G1A_llm_no_retrieval,True,23,True,normal,[],[],"['Lung Opacity', 'Pleural Other', 'Pneumonia']","['Lung Opacity', 'Pleural Effusion', 'Pleural Other']",abnormal,abnormal,0.0,0.0403544861116725,0.004197411758619665,0.1818181818181818,0.11044940722360076,5,0,0,0.0,0.0,False,5,1,0.0,0.0,3.0,0.0,1.0,0.0,0.0,3.0,0.0,1.0,0.0,0.0,2.0,0.0,1.0,1.0,0.0,2.0,0.0,1.0,0.0,2.0,0.0,0.0,0.0,0.0,0.0
2817,case_4eabaebd42,G1B_llm_sham_retrieval,True,26,True,normal,[],[],"['Lung Opacity', 'Pleural Other', 'Pneumonia']","['Lung Opacity', 'Pleural Effusion', 'Pleural Other']",abnormal,abnormal,0.0,0.07732577433326436,0.03835157598276621,0.3185840707964602,0.2021756374572903,4,3,0,0.0,0.0,False,4,0,0.0,0.0,3.0,0.0,1.0,0.0,0.0,3.0,0.0,1.0,0.0,0.0,2.0,0.0,1.0,1.0,0.0,2.0,0.0,1.0,0.0,2.0,0.0,0.0,0.0,0.0,0.0
2817,case_4eabaebd42,G1_single_agent_rag,True,35,True,abnormal,"['Lung Opacity', 'Pneumonia']",['Lung Opacity'],"['Lung Opacity', 'Pleural Other', 'Pneumonia']","['Lung Opacity', 'Pleural Effusion', 'Pleural Other']",abnormal,abnormal,0.0,0.11640374282968746,0.011709015785409687,0.18032786885245902,0.1427752120498657,5,3,0,0.0,0.0,False,5,1,1.0,1.0,2.0,1.0,1.0,1.0,0.0,2.0,0.0,1.0,1.0,1.0,1.0,1.0,1.0,1.0,1.0,2.0,1.0,1.0,0.0,2.0,1.0,0.0,0.0,2.0,0.0
2831,case_ecfa65f129,B0_rule_based,True,6,True,abnormal,['Pleural Effusion'],['Pleural Effusion'],['Pleural Effusion'],"['Pleural Effusion', 'Pneumothorax', 'Support Devices']",abnormal,abnormal,0.0,0.0072124569064977,0.001868040809936753,0.1142857142857143,0.0702247191011236,2,0,0,0.0,0.0,False,2,0,1.0,0.0,2.0,0.0,1.0,1.0,0.0,2.0,0.0,1.0,1.0,0.0,2.0,0.0,1.0,0.0,0.0,1.0,1.0,0.0,0.0,1.0,1.0,0.0,0.0,1.0,0.0
2831,case_ecfa65f129,G1A_llm_no_retrieval,True,19,True,normal,[],[],['Pleural Effusion'],"['Pleural Effusion', 'Pneumothorax', 'Support Devices']",abnormal,abnormal,0.0,0.217654873542559,0.020692226008245333,0.125,0.20444606413994168,4,0,0,0.0,0.0,False,4,1,0.0,0.0,3.0,0.0,1.0,0.0,0.0,3.0,0.0,1.0,0.0,0.0,3.0,0.0,1.0,0.0,0.0,1.0,0.0,0.0,0.0,1.0,0.0,0.0,0.0,0.0,0.0
2831,case_ecfa65f129,G1B_llm_sham_retrieval,True,6,True,abnormal,['Pleural Effusion'],['Pleural Effusion'],['Pleural Effusion'],"['Pleural Effusion', 'Pneumothorax', 'Support Devices']",abnormal,abnormal,0.0,0.0072124569064977,0.001868040809936753,0.1142857142857143,0.0702247191011236,2,0,0,0.0,0.0,False,2,0,1.0,0.0,2.0,0.0,1.0,1.0,0.0,2.0,0.0,1.0,1.0,0.0,2.0,0.0,1.0,0.0,0.0,1.0,1.0,0.0,0.0,1.0,1.0,1.0,0.0,0.0,0.0
2831,case_ecfa65f129,G1_single_agent_rag,True,12,True,abnormal,['Pleural Effusion'],['Pleural Effusion'],['Pleural Effusion'],"['Pleural Effusion', 'Pneumothorax', 'Support Devices']",abnormal,abnormal,0.0,0.06063026865891218,0.009667756146290372,0.14634146341463414,0.0936100936100936,3,1,0,0.0,0.0,False,3,1,1.0,0.0,2.0,0.0,1.0,1.0,0.0,2.0,0.0,1.0,1.0,0.0,2.0,0.0,1.0,0.0,0.0,1.0,1.0,0.0,0.0,1.0,1.0,0.0,0.0,1.0,0.0
2832,case_5fb25a6201,B0_rule_based,True,10,True,normal,[],[],[],['Cardiomegaly'],normal,abnormal,0.0,0.020381101989183106,0.004837823544560202,0.1923076923076923,0.11494845360824742,2,1,0,0.0,0.0,False,2,0,0.0,0.0,1.0,0.0,1.0,0.0,0.0,1.0,0.0,1.0,0.0,0.0,1.0,0.0,1.0,0.0,0.0,0.0,0.0,0.0,0.0,0.0,0.0,0.0,0.0,0.0,0.0
2832,case_5fb25a6201,G1A_llm_no_retrieval,True,10,True,abnormal,['Enlarged Cardiomediastinum'],['Enlarged Cardiomediastinum'],[],['Cardiomegaly'],normal,abnormal,0.0,0.004076220397836622,0.0008603001998692931,0.038461538461538464,0.01288659793814433,2,1,0,0.0,0.0,False,2,0,0.0,1.0,1.0,1.0,1.0,0.0,1.0,1.0,1.0,1.0,0.0,1.0,1.0,1.0,1.0,0.0,0.0,0.0,0.0,0.0,0.0,0.0,0.0,0.0,0.0,0.0,1.0
2832,case_5fb25a6201,G1B_llm_sham_retrieval,True,24,True,normal,[],[],[],['Cardiomegaly'],normal,abnormal,0.0,0.25586521606804963,0.029539288266588574,0.2727272727272727,0.2497865701080397,4,2,0,0.0,0.0,False,4,1,0.0,0.0,1.0,0.0,1.0,0.0,0.0,1.0,0.0,1.0,0.0,0.0,1.0,0.0,1.0,0.0,0.0,0.0,0.0,0.0,0.0,0.0,0.0,0.0,0.0,0.0,0.0
2832,case_5fb25a6201,G1_single_agent_rag,True,21,True,normal,[],[],[],['Cardiomegaly'],normal,abnormal,0.0,0.1751806862721154,0.005975670866339891,0.2222222222222222,0.12531328320802004,4,1,0,0.0,0.0,False,4,1,0.0,0.0,1.0,0.0,1.0,0.0,0.0,1.0,0.0,1.0,0.0,0.0,1.0,0.0,1.0,0.0,0.0,0.0,0.0,0.0,0.0,0.0,0.0,0.0,0.0,0.0,0.0
2833,case_6fbc43aae3,B0_rule_based,True,4,True,abnormal,['Pneumothorax'],['Pneumothorax'],['Pneumothorax'],[],abnormal,normal,0.0,3.74259149438503e-05,7.1516641349510945e-06,0.08695652173913042,0.02617801047120419,2,0,0,0.0,0.0,False,2,0,0.0,1.0,0.0,1.0,0.0,0.0,1.0,0.0,1.0,0.0,0.0,1.0,0.0,1.0,0.0,1.0,1.0,0.0,0.0,1.0,1.0,0.0,0.0,0.0,0.0,1.0,0.0
2833,case_6fbc43aae3,G1A_llm_no_retrieval,True,7,True,abnormal,['Pneumothorax'],['Pneumothorax'],['Pneumothorax'],[],abnormal,normal,0.0,0.0028876915710366285,0.00029291261945615726,0.08163265306122448,0.03896103896103896,2,0,0,0.0,0.0,False,2,0,0.0,1.0,0.0,1.0,0.0,0.0,1.0,0.0,1.0,0.0,0.0,1.0,0.0,1.0,0.0,1.0,1.0,0.0,0.0,1.0,1.0,0.0,0.0,0.0,0.0,1.0,0.0
2833,case_6fbc43aae3,G1B_llm_sham_retrieval,True,30,True,normal,[],[],['Pneumothorax'],[],abnormal,normal,0.0,0.4245360291559049,0.06116643315288247,0.3333333333333333,0.39110450274292546,5,3,0,0.0,0.0,False,5,1,0.0,0.0,0.0,0.0,0.0,0.0,0.0,0.0,0.0,0.0,0.0,0.0,0.0,0.0,0.0,1.0,0.0,0.0,0.0,1.0,0.0,0.0,0.0,0.0,0.0,0.0,0.0
2833,case_6fbc43aae3,G1_single_agent_rag,True,21,True,abnormal,['Pneumothorax'],['Pneumothorax'],['Pneumothorax'],[],abnormal,normal,0.0,0.12262648039048077,0.0054658936704418196,0.12698412698412698,0.08771929824561403,5,1,0,0.0,0.0,False,5,2,0.0,1.0,0.0,1.0,0.0,0.0,1.0,0.0,1.0,0.0,0.0,1.0,0.0,1.0,0.0,1.0,1.0,0.0,0.0,1.0,1.0,0.0,0.0,0.0,0.0,1.0,0.0
2852,case_feb3186de0,B0_rule_based,True,10,True,normal,[],[],[],[],normal,normal,0.0,0.045358976644706256,0.011915394454893318,0.22727272727272727,0.07911392405063292,2,1,0,0.0,0.0,False,2,0,0.0,0.0,0.0,0.0,0.0,0.0,0.0,0.0,0.0,0.0,0.0,0.0,0.0,0.0,0.0,0.0,0.0,0.0,0.0,0.0,0.0,0.0,0.0,0.0,0.0,0.0,0.0
2852,case_feb3186de0,G1A_llm_no_retrieval,True,10,True,abnormal,['Enlarged Cardiomediastinum'],['Enlarged Cardiomediastinum'],[],[],normal,normal,0.0,0.0009071795328941255,0.0010766774303243242,0.0,0.0,2,1,0,0.0,0.0,False,2,0,0.0,1.0,0.0,1.0,0.0,0.0,1.0,0.0,1.0,0.0,0.0,1.0,0.0,1.0,0.0,0.0,0.0,0.0,0.0,0.0,0.0,0.0,0.0,0.0,0.0,0.0,1.0
2852,case_feb3186de0,G1B_llm_sham_retrieval,True,13,False,normal,[],[],[],[],normal,normal,0.0,0.06117359653479205,0.016428221556305963,0.1702127659574468,0.06269592476489028,2,1,0,0.0,0.0,False,2,0,0.0,0.0,0.0,0.0,0.0,0.0,0.0,0.0,0.0,0.0,0.0,0.0,0.0,0.0,0.0,0.0,0.0,0.0,0.0,0.0,0.0,0.0,0.0,0.0,0.0,0.0,0.0
2852,case_feb3186de0,G1_single_agent_rag,True,22,True,normal,[],[],[],[],normal,normal,0.0,0.18441127052243939,0.03408478284326999,0.21428571428571427,0.10670731707317073,4,2,2,1.0,1.0,True,4,1,0.0,0.0,0.0,0.0,0.0,0.0,0.0,0.0,0.0,0.0,0.0,0.0,0.0,0.0,0.0,0.0,0.0,0.0,0.0,0.0,0.0,0.0,0.0,0.0,0.0,0.0,0.0
2858,case_9445fae687,B0_rule_based,False,6,True,abnormal,['Pleural Other'],['Pleural Other'],['Pleural Other'],,abnormal,,0.0,0.0013680833103983136,0.00188446540919021,0.0,0.0,2,0,0,0.0,0.0,False,2,0,,,,,,,,,,,,,,,,,,,,,,,,,,,
2858,case_9445fae687,G1A_llm_no_retrieval,False,23,True,normal,[],[],['Pleural Other'],,abnormal,,0.0,0.391304347826087,0.05970228993860437,0.31818181818181823,0.32465641742371304,5,0,0,0.0,0.0,False,5,1,,,,,,,,,,,,,,,,,,,,,,,,,,,
2858,case_9445fae687,G1B_llm_sham_retrieval,False,22,True,normal,[],[],['Pleural Other'],,abnormal,,0.0,0.3181818181818182,0.05314049749131566,0.2790697674418604,0.2272947093529355,4,2,1,0.5,0.0,False,4,1,,,,,,,,,,,,,,,,,,,,,,,,,,,
2858,case_9445fae687,G1_single_agent_rag,False,22,True,normal,[],[],['Pleural Other'],,abnormal,,0.0,0.3181818181818182,0.029883097780540872,0.23255813953488372,0.27130283392978044,4,2,2,1.0,1.0,True,4,1,,,,,,,,,,,,,,,,,,,,,,,,,,,
2860,case_cc68d5fb3e,B0_rule_based,True,10,True,normal,[],[],[],['Support Devices'],normal,abnormal,0.0,0.03301393203384434,0.0038435601314848297,0.2448979591836735,0.11811326562019084,2,1,0,0.0,0.0,False,2,0,0.0,0.0,1.0,0.0,1.0,0.0,0.0,1.0,0.0,1.0,0.0,0.0,1.0,0.0,1.0,0.0,0.0,0.0,0.0,0.0,0.0,0.0,0.0,0.0,0.0,0.0,0.0
2860,case_cc68d5fb3e,G1A_llm_no_retrieval,True,10,True,abnormal,['Enlarged Cardiomediastinum'],['Enlarged Cardiomediastinum'],[],['Support Devices'],normal,abnormal,0.0,0.0055023220056407245,0.0011612838019529614,0.04081632653061225,0.013850415512465372,2,1,0,0.0,0.0,False,2,0,0.0,1.0,1.0,1.0,1.0,0.0,1.0,1.0,1.0,1.0,0.0,1.0,1.0,1.0,1.0,0.0,0.0,0.0,0.0,0.0,0.0,0.0,0.0,0.0,0.0,0.0,1.0
2860,case_cc68d5fb3e,G1B_llm_sham_retrieval,True,28,True,normal,[],[],[],['Support Devices'],normal,abnormal,0.0,0.2652277520957178,0.014684991312498674,0.23880597014925373,0.14511873350923482,5,1,0,0.0,0.19047619047619047,False,5,1,0.0,0.0,1.0,0.0,1.0,0.0,0.0,1.0,0.0,1.0,0.0,0.0,1.0,0.0,1.0,0.0,0.0,0.0,0.0,0.0,0.0,0.0,0.0,0.0,0.0,0.0,0.0
2860,case_cc68d5fb3e,G1_single_agent_rag,True,21,True,normal,[],[],[],['Support Devices'],normal,abnormal,0.0,0.14145761522564998,0.011212520441932897,0.16666666666666666,0.12892253675663815,4,1,0,0.0,0.0,False,4,1,0.0,0.0,1.0,0.0,1.0,0.0,0.0,1.0,0.0,1.0,0.0,0.0,1.0,0.0,1.0,0.0,0.0,0.0,0.0,0.0,0.0,0.0,0.0,0.0,0.0,0.0,0.0
2866,case_63c463b623,B0_rule_based,True,10,True,normal,[],[],[],[],normal,normal,0.0,0.040656965974059926,0.008580791159409903,0.06896551724137931,0.02762430939226519,2,1,0,0.0,0.0,False,2,0,0.0,0.0,0.0,0.0,0.0,0.0,0.0,0.0,0.0,0.0,0.0,0.0,0.0,0.0,0.0,0.0,0.0,0.0,0.0,0.0,0.0,0.0,0.0,0.0,0.0,0.0,0.0
2866,case_63c463b623,G1A_llm_no_retrieval,True,10,True,abnormal,['Enlarged Cardiomediastinum'],['Enlarged Cardiomediastinum'],[],[],normal,normal,0.0,0.040656965974059926,0.008580791159409903,0.06896551724137931,0.02762430939226519,2,1,0,0.0,0.0,False,2,0,0.0,1.0,0.0,1.0,0.0,0.0,1.0,0.0,1.0,0.0,0.0,1.0,0.0,1.0,0.0,0.0,0.0,0.0,0.0,0.0,0.0,0.0,0.0,0.0,0.0,0.0,1.0
2866,case_63c463b623,G1B_llm_sham_retrieval,True,31,False,normal,[],[],[],[],normal,normal,0.0,0.25806451612903225,0.021454591565574624,0.28,0.31249999999999994,4,4,3,0.75,0.75,False,4,1,0.0,0.0,0.0,0.0,0.0,0.0,0.0,0.0,0.0,0.0,0.0,0.0,0.0,0.0,0.0,0.0,0.0,0.0,0.0,0.0,0.0,0.0,0.0,0.0,0.0,0.0,0.0
2866,case_63c463b623,G1_single_agent_rag,True,21,True,normal,[],[],[],[],normal,normal,0.0,0.38095238095238093,0.03595290285752276,0.25,0.36580403645833337,4,1,0,0.0,0.0,False,4,1,0.0,0.0,0.0,0.0,0.0,0.0,0.0,0.0,0.0,0.0,0.0,0.0,0.0,0.0,0.0,0.0,0.0,0.0,0.0,0.0,0.0,0.0,0.0,0.0,0.0,0.0,0.0
2870,case_2089e92ba1,B0_rule_based,True,10,True,normal,[],[],[],[],normal,normal,0.0,0.01639423346837554,0.007943426039622196,0.17857142857142855,0.12054507337526203,2,1,0,0.0,0.0,False,2,0,0.0,0.0,0.0,0.0,0.0,0.0,0.0,0.0,0.0,0.0,0.0,0.0,0.0,0.0,0.0,0.0,0.0,0.0,0.0,0.0,0.0,0.0,0.0,0.0,0.0,0.0,0.0
2870,case_2089e92ba1,G1A_llm_no_retrieval,True,10,True,abnormal,['Enlarged Cardiomediastinum'],['Enlarged Cardiomediastinum'],[],[],normal,normal,0.0,0.00819711673418777,0.0013496232296988867,0.10714285714285714,0.03537735849056603,2,1,0,0.0,0.0,False,2,0,0.0,1.0,0.0,1.0,0.0,0.0,1.0,0.0,1.0,0.0,0.0,1.0,0.0,1.0,0.0,0.0,0.0,0.0,0.0,0.0,0.0,0.0,0.0,0.0,0.0,0.0,1.0
2870,case_2089e92ba1,G1B_llm_sham_retrieval,True,9,True,normal,[],[],[],[],normal,normal,0.0,0.012747430725721692,0.0011368317473023882,0.1818181818181818,0.08274231678486997,2,1,0,0.0,0.0,False,2,0,0.0,0.0,0.0,0.0,0.0,0.0,0.0,0.0,0.0,0.0,0.0,0.0,0.0,0.0,0.0,0.0,0.0,0.0,0.0,0.0,0.0,0.0,0.0,0.0,0.0,0.0,0.0
2870,case_2089e92ba1,G1_single_agent_rag,True,21,True,normal,[],[],[],[],normal,normal,0.0,0.20271762085655554,0.022360228284609842,0.32835820895522383,0.19299788881069666,4,1,0,0.0,0.0,False,4,1,0.0,0.0,0.0,0.0,0.0,0.0,0.0,0.0,0.0,0.0,0.0,0.0,0.0,0.0,0.0,0.0,0.0,0.0,0.0,0.0,0.0,0.0,0.0,0.0,0.0,0.0,0.0
2884,case_21704c8a9c,B0_rule_based,True,4,True,abnormal,['Cardiomegaly'],['Cardiomegaly'],['Cardiomegaly'],['Support Devices'],abnormal,abnormal,0.0,2.0788217977589197e-07,6.68073804096451e-08,0.03125,0.009191176470588234,2,0,0,0.0,0.0,False,2,0,0.0,1.0,1.0,1.0,1.0,0.0,1.0,1.0,1.0,1.0,0.0,1.0,1.0,1.0,1.0,1.0,1.0,0.0,0.0,1.0,1.0,0.0,0.0,0.0,0.0,1.0,0.0
2884,case_21704c8a9c,G1A_llm_no_retrieval,True,7,True,abnormal,['Cardiomegaly'],['Cardiomegaly'],['Cardiomegaly'],['Support Devices'],abnormal,abnormal,0.0,0.0001471303631659116,2.0228236785359153e-05,0.05970149253731343,0.018281535648994512,2,0,0,0.0,0.0,False,2,0,0.0,1.0,1.0,1.0,1.0,0.0,1.0,1.0,1.0,1.0,0.0,1.0,1.0,1.0,1.0,1.0,1.0,0.0,0.0,1.0,1.0,0.0,0.0,0.0,0.0,1.0,0.0
2884,case_21704c8a9c,G1B_llm_sham_retrieval,True,22,True,normal,[],[],['Cardiomegaly'],['Support Devices'],abnormal,abnormal,0.0,0.1454470141321128,0.01872242202637962,0.3170731707317074,0.24493651421290802,4,2,2,1.0,0.0,True,4,1,0.0,0.0,1.0,0.0,1.0,0.0,0.0,1.0,0.0,1.0,0.0,0.0,1.0,0.0,1.0,1.0,0.0,0.0,0.0,1.0,0.0,0.0,0.0,0.0,0.0,0.0,0.0
2884,case_21704c8a9c,G1_single_agent_rag,True,10,True,abnormal,['Cardiomegaly'],['Cardiomegaly'],['Cardiomegaly'],['Support Devices'],abnormal,abnormal,0.25,0.00404276819945128,0.001958824744665532,0.1142857142857143,0.10227272727272725,4,0,0,0.0,0.6666666666666666,False,4,1,0.0,1.0,1.0,1.0,1.0,0.0,1.0,1.0,1.0,1.0,0.0,1.0,1.0,1.0,1.0,1.0,1.0,0.0,0.0,1.0,1.0,0.0,0.0,0.0,0.0,1.0,0.0
2894,case_88d52a7f70,B0_rule_based,True,18,True,abnormal,['Support Devices'],['Support Devices'],['Support Devices'],['Support Devices'],abnormal,abnormal,0.0,0.06572740043569238,0.011167854906465808,0.14705882352941177,0.10247688819117391,4,1,0,0.0,0.0,False,4,0,1.0,0.0,0.0,0.0,0.0,1.0,0.0,0.0,0.0,0.0,1.0,0.0,0.0,0.0,0.0,0.0,0.0,1.0,1.0,0.0,0.0,1.0,1.0,0.0,0.0,1.0,0.0
2894,case_88d52a7f70,G1A_llm_no_retrieval,True,11,True,abnormal,"['Enlarged Cardiomediastinum', 'Support Devices']","['Enlarged Cardiomediastinum', 'Support Devices']",['Support Devices'],['Support Devices'],abnormal,abnormal,0.0,0.002623227580944382,0.0005439354444707856,0.032786885245901634,0.010845986984815618,2,1,0,0.0,0.0,False,2,0,1.0,1.0,0.0,1.0,0.0,1.0,1.0,0.0,1.0,0.0,1.0,1.0,0.0,1.0,0.0,0.0,0.0,1.0,1.0,0.0,0.0,1.0,1.0,0.0,0.0,1.0,1.0
2894,case_88d52a7f70,G1B_llm_sham_retrieval,True,28,True,normal,[],[],['Support Devices'],['Support Devices'],abnormal,abnormal,0.0,0.22789700916400857,0.07660045513569604,0.25641025641025644,0.22185338570574678,4,3,1,0.3333333333333333,0.0,False,4,0,0.0,0.0,1.0,0.0,1.0,0.0,0.0,1.0,0.0,1.0,0.0,0.0,1.0,0.0,1.0,0.0,0.0,1.0,0.0,0.0,0.0,1.0,0.0,0.0,0.0,0.0,0.0
2894,case_88d52a7f70,G1_single_agent_rag,True,27,True,normal,[],[],['Support Devices'],['Support Devices'],abnormal,abnormal,0.0,0.18961073566316905,0.052419292979088206,0.18181818181818182,0.12578616352201258,4,2,0,0.0,0.15,False,4,3,0.0,0.0,1.0,0.0,1.0,0.0,0.0,1.0,0.0,1.0,0.0,0.0,1.0,0.0,1.0,0.0,0.0,1.0,0.0,0.0,0.0,1.0,0.0,0.0,0.0,0.0,0.0
2897,case_bd5142b644,B0_rule_based,False,12,True,indeterminate,[],[],[],,indeterminate,,0.0,0.07872775879016912,0.009568250292003505,0.060606060606060615,0.04975124378109453,2,1,0,0.0,0.0,False,2,2,,,,,,,,,,,,,,,,,,,,,,,,,,,
2897,case_bd5142b644,G1A_llm_no_retrieval,False,10,True,abnormal,['Enlarged Cardiomediastinum'],['Enlarged Cardiomediastinum'],[],,indeterminate,,0.0,0.033287108369807965,0.007025357607948558,0.06451612903225806,0.02512562814070352,2,1,0,0.0,0.0,False,2,0,,,,,,,,,,,,,,,,,,,,,,,,,,,
2897,case_bd5142b644,G1B_llm_sham_retrieval,False,25,True,normal,[],[],[],,indeterminate,,0.0,0.28,0.02605892927044567,0.2608695652173913,0.22410833492275414,5,0,0,0.0,0.0,False,5,1,,,,,,,,,,,,,,,,,,,,,,,,,,,
2897,case_bd5142b644,G1_single_agent_rag,False,25,True,normal,[],[],[],,indeterminate,,0.0,0.28,0.02605892927044567,0.2608695652173913,0.22410833492275414,5,0,0,0.0,0.0,False,5,1,,,,,,,,,,,,,,,,,,,,,,,,,,,
2898,case_f3bb728d20,B0_rule_based,True,10,True,normal,[],[],[],[],normal,normal,0.0,0.0986387855766426,0.027679139722781982,0.23529411764705882,0.13965707964601767,2,1,0,0.0,0.0,False,2,0,0.0,0.0,0.0,0.0,0.0,0.0,0.0,0.0,0.0,0.0,0.0,0.0,0.0,0.0,0.0,0.0,0.0,0.0,0.0,0.0,0.0,0.0,0.0,0.0,0.0,0.0,0.0
2898,case_f3bb728d20,G1A_llm_no_retrieval,True,10,True,abnormal,['Enlarged Cardiomediastinum'],['Enlarged Cardiomediastinum'],[],[],normal,normal,0.0,0.002465969639416066,0.0029267126939625902,0.0,0.0,2,1,0,0.0,0.0,False,2,0,0.0,1.0,0.0,1.0,0.0,0.0,1.0,0.0,1.0,0.0,0.0,1.0,0.0,1.0,0.0,0.0,0.0,0.0,0.0,0.0,0.0,0.0,0.0,0.0,0.0,0.0,1.0
2898,case_f3bb728d20,G1B_llm_sham_retrieval,True,24,True,normal,[],[],[],[],normal,normal,0.0,0.5,0.22656720908801994,0.4583333333333333,0.46875,3,2,0,0.0,0.0,False,3,0,0.0,0.0,0.0,0.0,0.0,0.0,0.0,0.0,0.0,0.0,0.0,0.0,0.0,0.0,0.0,0.0,0.0,0.0,0.0,0.0,0.0,0.0,0.0,0.0,0.0,0.0,0.0
2898,case_f3bb728d20,G1_single_agent_rag,True,21,True,normal,[],[],[],[],normal,normal,0.0,0.2889592999167272,0.027237741316495215,0.26666666666666666,0.20235942478257127,4,1,0,0.0,0.0,False,4,1,0.0,0.0,0.0,0.0,0.0,0.0,0.0,0.0,0.0,0.0,0.0,0.0,0.0,0.0,0.0,0.0,0.0,0.0,0.0,0.0,0.0,0.0,0.0,0.0,0.0,0.0,0.0
2902,case_20709c7497,B0_rule_based,True,13,True,abnormal,"['Pleural Effusion', 'Pleural Other']","['Pleural Effusion', 'Pleural Other']","['Pleural Effusion', 'Pleural Other']",[],abnormal,normal,0.0,0.06606497610513762,0.008389581941447403,0.13043478260869568,0.10181451612903225,3,0,0,0.0,0.0,False,3,0,0.0,2.0,0.0,1.0,0.0,0.0,2.0,0.0,1.0,0.0,0.0,2.0,0.0,1.0,0.0,2.0,2.0,0.0,0.0,2.0,2.0,0.0,0.0,2.0,0.0,0.0,0.0
2902,case_20709c7497,G1A_llm_no_retrieval,True,25,True,normal,[],[],"['Pleural Effusion', 'Pleural Other']",[],abnormal,normal,0.0,0.319505576312424,0.037675237105900025,0.3103448275862069,0.24806221446537646,5,1,0,0.0,0.0,False,5,2,0.0,0.0,0.0,0.0,0.0,0.0,0.0,0.0,0.0,0.0,0.0,0.0,0.0,0.0,0.0,2.0,0.0,0.0,0.0,2.0,0.0,0.0,0.0,0.0,0.0,0.0,0.0
2902,case_20709c7497,G1B_llm_sham_retrieval,True,10,True,normal,[],[],"['Pleural Effusion', 'Pleural Other']",[],abnormal,normal,0.0,0.060155306233682246,0.0033117143515048798,0.27906976744186046,0.09771986970684038,2,1,0,0.0,0.0,False,2,1,0.0,0.0,0.0,0.0,0.0,0.0,0.0,0.0,0.0,0.0,0.0,0.0,0.0,0.0,0.0,2.0,0.0,0.0,0.0,2.0,0.0,0.0,0.0,0.0,0.0,0.0,0.0
2902,case_20709c7497,G1_single_agent_rag,True,24,True,normal,[],[],"['Pleural Effusion', 'Pleural Other']",[],abnormal,normal,0.0,0.4009187459614005,0.12185530503179937,0.38596491228070173,0.37820268294233583,3,2,0,0.0,0.0,False,3,0,0.0,0.0,0.0,0.0,0.0,0.0,0.0,0.0,0.0,0.0,0.0,0.0,0.0,0.0,0.0,2.0,0.0,0.0,0.0,2.0,0.0,0.0,0.0,0.0,0.0,0.0,0.0
2910,case_cce542a1e2,B0_rule_based,True,10,True,normal,[],[],[],[],normal,normal,0.0,0.006784279506100467,0.0007614976979693378,0.15873015873015875,0.051334702258726904,2,1,0,0.0,0.0,False,2,0,0.0,0.0,0.0,0.0,0.0,0.0,0.0,0.0,0.0,0.0,0.0,0.0,0.0,0.0,0.0,0.0,0.0,0.0,0.0,0.0,0.0,0.0,0.0,0.0,0.0,0.0,0.0
2910,case_cce542a1e2,G1A_llm_no_retrieval,True,10,True,abnormal,['Enlarged Cardiomediastinum'],['Enlarged Cardiomediastinum'],[],[],normal,normal,0.0,0.0013568559012200937,0.0002863690598361661,0.031746031746031744,0.01026694045174538,2,1,0,0.0,0.0,False,2,0,0.0,1.0,0.0,1.0,0.0,0.0,1.0,0.0,1.0,0.0,0.0,1.0,0.0,1.0,0.0,0.0,0.0,0.0,0.0,0.0,0.0,0.0,0.0,0.0,0.0,0.0,1.0
2910,case_cce542a1e2,G1B_llm_sham_retrieval,True,23,True,normal,[],[],[],[],normal,normal,0.0,0.15337142508460025,0.017760088950718095,0.2894736842105263,0.13,3,2,0,0.0,0.0,False,3,0,0.0,0.0,0.0,0.0,0.0,0.0,0.0,0.0,0.0,0.0,0.0,0.0,0.0,0.0,0.0,0.0,0.0,0.0,0.0,0.0,0.0,0.0,0.0,0.0,0.0,0.0,0.0
2910,case_cce542a1e2,G1_single_agent_rag,True,21,True,normal,[],[],[],[],normal,normal,0.0,0.1452535225487483,0.06553916646309646,0.27027027027027023,0.21294361117941152,4,1,0,0.0,0.0,False,4,1,0.0,0.0,0.0,0.0,0.0,0.0,0.0,0.0,0.0,0.0,0.0,0.0,0.0,0.0,0.0,0.0,0.0,0.0,0.0,0.0,0.0,0.0,0.0,0.0,0.0,0.0,0.0
2916,case_d17bf6e179,B0_rule_based,True,10,True,normal,[],[],[],[],normal,normal,0.0,0.08075860719786215,0.02266176290978397,0.2222222222222222,0.1293545081967213,2,1,0,0.0,0.0,False,2,0,0.0,0.0,0.0,0.0,0.0,0.0,0.0,0.0,0.0,0.0,0.0,0.0,0.0,0.0,0.0,0.0,0.0,0.0,0.0,0.0,0.0,0.0,0.0,0.0,0.0,0.0,0.0
2916,case_d17bf6e179,G1A_llm_no_retrieval,True,10,True,abnormal,['Enlarged Cardiomediastinum'],['Enlarged Cardiomediastinum'],[],[],normal,normal,0.0,0.002018965179946555,0.00239618968797088,0.0,0.0,2,1,0,0.0,0.0,False,2,0,0.0,1.0,0.0,1.0,0.0,0.0,1.0,0.0,1.0,0.0,0.0,1.0,0.0,1.0,0.0,0.0,0.0,0.0,0.0,0.0,0.0,0.0,0.0,0.0,0.0,0.0,1.0
2916,case_d17bf6e179,G1B_llm_sham_retrieval,True,31,True,normal,[],[],[],[],normal,normal,0.0,0.45161290322580644,0.06867798997033753,0.3859649122807018,0.4320369657296881,4,3,3,1.0,0.8333333333333334,True,4,0,0.0,0.0,0.0,0.0,0.0,0.0,0.0,0.0,0.0,0.0,0.0,0.0,0.0,0.0,0.0,0.0,0.0,0.0,0.0,0.0,0.0,0.0,0.0,0.0,0.0,0.0,0.0
2916,case_d17bf6e179,G1_single_agent_rag,True,21,True,normal,[],[],[],[],normal,normal,0.0,0.262709209248437,0.024763368007300866,0.25531914893617025,0.1880752300920368,4,1,0,0.0,0.0,False,4,1,0.0,0.0,0.0,0.0,0.0,0.0,0.0,0.0,0.0,0.0,0.0,0.0,0.0,0.0,0.0,0.0,0.0,0.0,0.0,0.0,0.0,0.0,0.0,0.0,0.0,0.0,0.0
2933,case_0386729ff4,B0_rule_based,True,12,True,indeterminate,[],[],[],[],indeterminate,normal,0.0,0.036216517375589855,0.007402592137125811,0.05882352941176471,0.02380952380952381,2,1,0,0.0,0.0,False,2,2,0.0,0.0,0.0,0.0,0.0,0.0,0.0,0.0,0.0,0.0,0.0,0.0,0.0,0.0,0.0,0.0,0.0,0.0,0.0,0.0,0.0,0.0,0.0,0.0,0.0,0.0,0.0
2933,case_0386729ff4,G1A_llm_no_retrieval,True,10,True,abnormal,['Enlarged Cardiomediastinum'],['Enlarged Cardiomediastinum'],[],[],indeterminate,normal,0.0,0.0030119421191220214,0.0035746949567482876,0.0,0.0,2,1,0,0.0,0.0,False,2,0,0.0,1.0,0.0,1.0,0.0,0.0,1.0,0.0,1.0,0.0,0.0,1.0,0.0,1.0,0.0,0.0,0.0,0.0,0.0,0.0,0.0,0.0,0.0,0.0,0.0,0.0,1.0
2933,case_0386729ff4,G1B_llm_sham_retrieval,True,25,True,normal,[],[],[],[],indeterminate,normal,0.0,0.36,0.05868136174076832,0.3404255319148936,0.343796711509716,5,0,0,0.0,0.0,False,5,1,0.0,0.0,0.0,0.0,0.0,0.0,0.0,0.0,0.0,0.0,0.0,0.0,0.0,0.0,0.0,0.0,0.0,0.0,0.0,0.0,0.0,0.0,0.0,0.0,0.0,0.0,0.0
2933,case_0386729ff4,G1_single_agent_rag,True,25,True,normal,[],[],[],[],indeterminate,normal,0.0,0.36,0.05868136174076832,0.3404255319148936,0.343796711509716,5,0,0,0.0,0.0,False,5,1,0.0,0.0,0.0,0.0,0.0,0.0,0.0,0.0,0.0,0.0,0.0,0.0,0.0,0.0,0.0,0.0,0.0,0.0,0.0,0.0,0.0,0.0,0.0,0.0,0.0,0.0,0.0
2936,case_271094c2f0,B0_rule_based,True,13,True,abnormal,"['Cardiomegaly', 'Enlarged Cardiomediastinum']","['Cardiomegaly', 'Enlarged Cardiomediastinum']","['Cardiomegaly', 'Enlarged Cardiomediastinum']",['Cardiomegaly'],abnormal,abnormal,0.0,0.01520272370906869,0.0009183493670026875,0.1176470588235294,0.049212598425196846,3,0,0,0.0,0.0,False,3,0,1.0,1.0,0.0,1.0,0.0,1.0,1.0,0.0,1.0,0.0,1.0,1.0,0.0,1.0,0.0,1.0,1.0,1.0,1.0,1.0,1.0,1.0,1.0,1.0,0.0,1.0,0.0
2936,case_271094c2f0,G1A_llm_no_retrieval,True,17,True,abnormal,"['Cardiomegaly', 'Enlarged Cardiomediastinum']","['Cardiomegaly', 'Enlarged Cardiomediastinum']","['Cardiomegaly', 'Enlarged Cardiomediastinum']",['Cardiomegaly'],abnormal,abnormal,0.0,0.03775082336712772,0.004072136816544701,0.1388888888888889,0.0832790798611111,3,1,0,0.0,0.0,False,3,0,1.0,1.0,0.0,1.0,0.0,1.0,1.0,0.0,1.0,0.0,1.0,1.0,0.0,1.0,0.0,1.0,1.0,1.0,1.0,1.0,1.0,1.0,1.0,1.0,0.0,1.0,0.0
2936,case_271094c2f0,G1B_llm_sham_retrieval,True,16,True,abnormal,"['Cardiomegaly', 'Enlarged Cardiomediastinum']","['Cardiomegaly', 'Enlarged Cardiomediastinum']","['Cardiomegaly', 'Enlarged Cardiomediastinum']",['Cardiomegaly'],abnormal,abnormal,0.0,0.04915070223492397,0.003310527274764727,0.22535211267605632,0.11427605034910972,4,0,0,0.0,0.0,False,4,1,1.0,1.0,0.0,1.0,0.0,1.0,1.0,0.0,1.0,0.0,1.0,1.0,0.0,1.0,0.0,1.0,1.0,1.0,1.0,1.0,1.0,1.0,1.0,1.0,0.0,1.0,0.0
2936,case_271094c2f0,G1_single_agent_rag,True,44,True,abnormal,"['Atelectasis', 'Cardiomegaly', 'Lung Opacity', 'Support Devices']","['Atelectasis', 'Cardiomegaly', 'Lung Opacity', 'Support Devices']","['Cardiomegaly', 'Enlarged Cardiomediastinum']",['Cardiomegaly'],abnormal,abnormal,0.0,0.4071004093327798,0.09833211806443481,0.3434343434343434,0.3244473592839782,6,4,3,0.75,0.7027027027027027,False,6,1,1.0,3.0,0.0,1.0,0.0,1.0,3.0,0.0,1.0,0.0,1.0,3.0,0.0,1.0,0.0,1.0,0.0,1.0,1.0,1.0,0.0,1.0,1.0,0.0,3.0,1.0,0.0
2955,case_32081caf37,B0_rule_based,True,19,True,abnormal,"['Cardiomegaly', 'Edema', 'Enlarged Cardiomediastinum']","['Cardiomegaly', 'Edema', 'Enlarged Cardiomediastinum']","['Cardiomegaly', 'Edema', 'Enlarged Cardiomediastinum']",['Cardiomegaly'],abnormal,abnormal,0.0,0.08396076791535326,0.012671858345217736,0.12000000000000001,0.08575689783743475,4,1,0,0.0,0.0,False,4,0,1.0,2.0,0.0,1.0,0.0,1.0,2.0,0.0,1.0,0.0,1.0,2.0,0.0,1.0,0.0,2.0,2.0,1.0,1.0,2.0,2.0,1.0,1.0,1.0,0.0,2.0,0.0
2955,case_32081caf37,G1A_llm_no_retrieval,True,22,True,abnormal,"['Cardiomegaly', 'Edema', 'Enlarged Cardiomediastinum']","['Cardiomegaly', 'Edema', 'Enlarged Cardiomediastinum']","['Cardiomegaly', 'Edema', 'Enlarged Cardiomediastinum']",['Cardiomegaly'],abnormal,abnormal,0.0,0.12077342597532643,0.030690232553757264,0.1509433962264151,0.12458471760797343,4,2,0,0.0,0.0,False,4,0,1.0,2.0,0.0,1.0,0.0,1.0,2.0,0.0,1.0,0.0,1.0,2.0,0.0,1.0,0.0,2.0,2.0,1.0,1.0,2.0,2.0,1.0,1.0,1.0,0.0,2.0,0.0
2955,case_32081caf37,G1B_llm_sham_retrieval,True,21,True,normal,[],[],"['Cardiomegaly', 'Edema', 'Enlarged Cardiomediastinum']",['Cardiomegaly'],abnormal,abnormal,0.0,0.059156681677662054,0.006747326930133959,0.07692307692307691,0.033333333333333326,4,2,2,1.0,1.0,True,4,3,0.0,0.0,1.0,0.0,1.0,0.0,0.0,1.0,0.0,1.0,0.0,0.0,1.0,0.0,1.0,2.0,0.0,1.0,0.0,2.0,0.0,1.0,0.0,0.0,0.0,0.0,0.0
2955,case_32081caf37,G1_single_agent_rag,True,20,True,abnormal,['Cardiomegaly'],['Cardiomegaly'],"['Cardiomegaly', 'Edema', 'Enlarged Cardiomediastinum']",['Cardiomegaly'],abnormal,abnormal,0.0,0.14423745259512166,0.014774210424904802,0.19607843137254902,0.12441471571906354,3,2,0,0.0,0.0,False,3,1,1.0,0.0,0.0,0.0,0.0,1.0,0.0,0.0,0.0,0.0,1.0,0.0,0.0,0.0,0.0,2.0,0.0,1.0,1.0,2.0,0.0,1.0,1.0,0.0,0.0,1.0,0.0
2957,case_5b73fa16b1,B0_rule_based,True,25,True,abnormal,"['Atelectasis', 'Lung Lesion', 'Lung Opacity', 'Pneumonia']","['Atelectasis', 'Lung Lesion', 'Lung Opacity', 'Pneumonia']","['Atelectasis', 'Lung Lesion', 'Lung Opacity', 'Pneumonia']","['Atelectasis', 'Cardiomegaly', 'Lung Opacity']",abnormal,abnormal,0.0,0.1334579042175332,0.006971447045755657,0.19512195121951217,0.1371463238331268,5,2,0,0.0,0.0,False,5,0,2.0,2.0,1.0,1.0,1.0,2.0,2.0,1.0,1.0,1.0,2.0,2.0,1.0,1.0,1.0,2.0,2.0,2.0,2.0,2.0,2.0,2.0,2.0,2.0,0.0,2.0,0.0
2957,case_5b73fa16b1,G1A_llm_no_retrieval,True,22,True,abnormal,['Lung Opacity'],['Lung Opacity'],"['Atelectasis', 'Lung Lesion', 'Lung Opacity', 'Pneumonia']","['Atelectasis', 'Cardiomegaly', 'Lung Opacity']",abnormal,abnormal,0.5,0.1018701545278536,0.01441563364346011,0.2278481012658228,0.1283695064493705,2,2,0,0.0,0.0,False,2,0,1.0,0.0,2.0,0.0,1.0,1.0,0.0,2.0,0.0,1.0,1.0,0.0,2.0,0.0,1.0,2.0,0.0,2.0,1.0,2.0,0.0,2.0,1.0,0.0,0.0,1.0,0.0
2957,case_5b73fa16b1,G1B_llm_sham_retrieval,True,6,True,abnormal,"['Lung Opacity', 'Pneumonia']",['Lung Opacity'],"['Atelectasis', 'Lung Lesion', 'Lung Opacity', 'Pneumonia']","['Atelectasis', 'Cardiomegaly', 'Lung Opacity']",abnormal,abnormal,0.0,0.00010173418450532208,1.0932049570800757e-05,0.06349206349206349,0.02890173410404624,2,0,0,0.0,0.0,False,2,0,1.0,1.0,2.0,1.0,1.0,1.0,0.0,2.0,0.0,1.0,1.0,1.0,2.0,1.0,1.0,2.0,1.0,2.0,1.0,2.0,0.0,2.0,1.0,1.0,0.0,1.0,0.0
2957,case_5b73fa16b1,G1_single_agent_rag,True,15,True,abnormal,"['Atelectasis', 'Lung Opacity']",['Lung Opacity'],"['Atelectasis', 'Lung Lesion', 'Lung Opacity', 'Pneumonia']","['Atelectasis', 'Cardiomegaly', 'Lung Opacity']",abnormal,abnormal,0.0,0.04054004175014531,0.014293529337627436,0.22222222222222224,0.12035984848484849,2,2,0,0.0,0.0,False,2,0,2.0,0.0,1.0,0.0,1.0,1.0,0.0,2.0,0.0,1.0,2.0,0.0,1.0,0.0,1.0,2.0,0.0,2.0,2.0,2.0,0.0,2.0,1.0,0.0,0.0,2.0,0.0
2964,case_12e6f3bbd2,B0_rule_based,True,10,True,normal,[],[],[],[],normal,normal,0.0,0.05480505721582038,0.0050742523360922664,0.10810810810810811,0.059288537549407105,2,1,0,0.0,0.0,False,2,0,0.0,0.0,0.0,0.0,0.0,0.0,0.0,0.0,0.0,0.0,0.0,0.0,0.0,0.0,0.0,0.0,0.0,0.0,0.0,0.0,0.0,0.0,0.0,0.0,0.0,0.0,0.0
2964,case_12e6f3bbd2,G1A_llm_no_retrieval,True,10,True,abnormal,['Enlarged Cardiomediastinum'],['Enlarged Cardiomediastinum'],[],[],normal,normal,0.0,0.018268352405273466,0.003855598002963863,0.05405405405405406,0.01976284584980237,2,1,0,0.0,0.0,False,2,0,0.0,1.0,0.0,1.0,0.0,0.0,1.0,0.0,1.0,0.0,0.0,1.0,0.0,1.0,0.0,0.0,0.0,0.0,0.0,0.0,0.0,0.0,0.0,0.0,0.0,0.0,1.0
2964,case_12e6f3bbd2,G1B_llm_sham_retrieval,True,27,True,normal,[],[],[],[],normal,normal,0.0,0.5555555555555556,0.27560016787236363,0.3333333333333333,0.4732510288065844,4,3,1,0.3333333333333333,0.0,False,4,0,0.0,0.0,0.0,0.0,0.0,0.0,0.0,0.0,0.0,0.0,0.0,0.0,0.0,0.0,0.0,0.0,0.0,0.0,0.0,0.0,0.0,0.0,0.0,0.0,0.0,0.0,0.0
2964,case_12e6f3bbd2,G1_single_agent_rag,True,21,True,normal,[],[],[],[],normal,normal,0.0,0.39363096303943546,0.03143838168665302,0.3333333333333333,0.336526421237165,4,1,0,0.0,0.0,False,4,1,0.0,0.0,0.0,0.0,0.0,0.0,0.0,0.0,0.0,0.0,0.0,0.0,0.0,0.0,0.0,0.0,0.0,0.0,0.0,0.0,0.0,0.0,0.0,0.0,0.0,0.0,0.0
2977,case_6d77821650,B0_rule_based,False,15,True,abnormal,"['Fracture', 'Lung Lesion']","['Fracture', 'Lung Lesion']","['Fracture', 'Lung Lesion']",,abnormal,,0.0,0.06236713233544119,0.012365482332258055,0.06451612903225808,0.031446540880503145,3,2,0,0.0,0.0,False,3,0,,,,,,,,,,,,,,,,,,,,,,,,,,,
2977,case_6d77821650,G1A_llm_no_retrieval,False,19,True,normal,[],[],"['Fracture', 'Lung Lesion']",,abnormal,,0.0,0.42105263157894735,0.0712695567709093,0.2857142857142857,0.43088573619631904,4,0,0,0.0,0.0,False,4,1,,,,,,,,,,,,,,,,,,,,,,,,,,,
2977,case_6d77821650,G1B_llm_sham_retrieval,False,25,True,normal,[],[],"['Fracture', 'Lung Lesion']",,abnormal,,0.0,0.28,0.10845182904139573,0.34146341463414637,0.28378215191402,4,2,0,0.0,0.0,False,4,1,,,,,,,,,,,,,,,,,,,,,,,,,,,
2977,case_6d77821650,G1_single_agent_rag,False,92,True,abnormal,"['Atelectasis', 'Fracture']","['Atelectasis', 'Fracture']","['Fracture', 'Lung Lesion']",,abnormal,,0.09090909090909094,0.043478260869565216,0.00494196384590131,0.07407407407407408,0.13373940677966104,11,7,7,1.0,1.0,True,11,4,,,,,,,,,,,,,,,,,,,,,,,,,,,
3004,case_15c93406f8,B0_rule_based,True,13,True,abnormal,"['Lung Opacity', 'Pleural Other']","['Lung Opacity', 'Pleural Other']","['Lung Opacity', 'Pleural Other']","['Atelectasis', 'Lung Opacity']",abnormal,abnormal,0.0,0.01520272370906869,0.0009183493670026875,0.1176470588235294,0.049212598425196846,3,0,0,0.0,0.0,False,3,0,1.0,1.0,1.0,1.0,1.0,1.0,1.0,1.0,1.0,1.0,1.0,1.0,1.0,1.0,1.0,1.0,1.0,1.0,1.0,1.0,1.0,1.0,1.0,1.0,0.0,1.0,0.0
3004,case_15c93406f8,G1A_llm_no_retrieval,True,23,True,normal,[],[],"['Lung Opacity', 'Pleural Other']","['Atelectasis', 'Lung Opacity']",abnormal,abnormal,0.0,0.11896769528038155,0.015615026739116054,0.25641025641025644,0.17151153514789877,5,0,0,0.0,0.0,False,5,1,0.0,0.0,2.0,0.0,1.0,0.0,0.0,2.0,0.0,1.0,0.0,0.0,2.0,0.0,1.0,1.0,0.0,1.0,0.0,1.0,0.0,1.0,0.0,0.0,0.0,0.0,0.0
3004,case_15c93406f8,G1B_llm_sham_retrieval,True,40,True,normal,[],[],"['Lung Opacity', 'Pleural Other']","['Atelectasis', 'Lung Opacity']",abnormal,abnormal,0.0,0.22336901560706598,0.025097371614793564,0.16842105263157894,0.16938561079466902,7,4,4,1.0,1.0,True,7,4,0.0,0.0,2.0,0.0,1.0,0.0,0.0,2.0,0.0,1.0,0.0,0.0,2.0,0.0,1.0,1.0,0.0,1.0,0.0,1.0,0.0,1.0,0.0,0.0,0.0,0.0,0.0
3004,case_15c93406f8,G1_single_agent_rag,True,15,True,abnormal,"['Atelectasis', 'Lung Opacity', 'Pneumonia']",['Lung Opacity'],"['Lung Opacity', 'Pleural Other']","['Atelectasis', 'Lung Opacity']",abnormal,abnormal,0.0,0.02779338048912062,0.001437418469749907,0.14285714285714288,0.0588235294117647,2,2,0,0.0,0.0,False,2,0,2.0,1.0,0.0,1.0,0.0,1.0,0.0,1.0,0.0,1.0,2.0,1.0,0.0,1.0,0.0,1.0,0.0,1.0,1.0,1.0,0.0,1.0,1.0,0.0,1.0,1.0,1.0
3010,case_fcc60721d2,B0_rule_based,True,10,True,normal,[],[],[],[],normal,normal,0.0,0.04456414692860033,0.01021044897179918,0.2173913043478261,0.08982035928143713,2,1,0,0.0,0.0,False,2,0,0.0,0.0,0.0,0.0,0.0,0.0,0.0,0.0,0.0,0.0,0.0,0.0,0.0,0.0,0.0,0.0,0.0,0.0,0.0,0.0,0.0,0.0,0.0,0.0,0.0,0.0,0.0
3010,case_fcc60721d2,G1A_llm_no_retrieval,True,10,True,abnormal,['Enlarged Cardiomediastinum'],['Enlarged Cardiomediastinum'],[],[],normal,normal,0.0,0.007427357821433389,0.0015675691681615517,0.04347826086956522,0.01497005988023952,2,1,0,0.0,0.0,False,2,0,0.0,1.0,0.0,1.0,0.0,0.0,1.0,0.0,1.0,0.0,0.0,1.0,0.0,1.0,0.0,0.0,0.0,0.0,0.0,0.0,0.0,0.0,0.0,0.0,0.0,0.0,1.0
3010,case_fcc60721d2,G1B_llm_sham_retrieval,True,20,True,normal,[],[],[],[],normal,normal,0.0,0.22466448205861078,0.07277138749141282,0.2857142857142857,0.14534883720930233,4,1,0,0.0,0.0,False,4,1,0.0,0.0,0.0,0.0,0.0,0.0,0.0,0.0,0.0,0.0,0.0,0.0,0.0,0.0,0.0,0.0,0.0,0.0,0.0,0.0,0.0,0.0,0.0,0.0,0.0,0.0,0.0
3010,case_fcc60721d2,G1_single_agent_rag,True,21,True,normal,[],[],[],[],normal,normal,0.0,0.2564265835774517,0.014481681042492929,0.2807017543859649,0.1594202898550725,4,1,0,0.0,0.0,False,4,1,0.0,0.0,0.0,0.0,0.0,0.0,0.0,0.0,0.0,0.0,0.0,0.0,0.0,0.0,0.0,0.0,0.0,0.0,0.0,0.0,0.0,0.0,0.0,0.0,0.0,0.0,0.0
3022,case_bb8ec2a5b0,B0_rule_based,True,25,True,abnormal,"['Consolidation', 'Lung Lesion', 'Lung Opacity', 'Pneumonia']","['Consolidation', 'Lung Lesion', 'Lung Opacity', 'Pneumonia']","['Consolidation', 'Lung Lesion', 'Lung Opacity', 'Pneumonia']",['Lung Lesion'],abnormal,abnormal,0.0,0.060794039083870766,0.005051084386710355,0.059701492537313425,0.03722084367245657,5,2,0,0.0,0.0,False,5,0,1.0,3.0,0.0,1.0,0.0,1.0,3.0,0.0,1.0,0.0,1.0,3.0,0.0,1.0,0.0,3.0,3.0,1.0,1.0,3.0,3.0,1.0,1.0,3.0,0.0,1.0,0.0
3022,case_bb8ec2a5b0,G1A_llm_no_retrieval,True,20,True,abnormal,['Lung Opacity'],['Lung Opacity'],"['Consolidation', 'Lung Lesion', 'Lung Opacity', 'Pneumonia']",['Lung Lesion'],abnormal,abnormal,0.5,0.04993066255471193,0.007502052996747663,0.09677419354838708,0.06420993858179787,2,2,0,0.0,0.0,False,2,0,0.0,1.0,1.0,1.0,1.0,0.0,1.0,1.0,1.0,1.0,0.0,1.0,1.0,1.0,1.0,3.0,1.0,1.0,0.0,3.0,1.0,1.0,0.0,0.0,0.0,1.0,0.0
3022,case_bb8ec2a5b0,G1B_llm_sham_retrieval,True,13,True,abnormal,"['Lung Opacity', 'Pneumonia']",['Lung Opacity'],"['Consolidation', 'Lung Lesion', 'Lung Opacity', 'Pneumonia']",['Lung Lesion'],abnormal,abnormal,0.0,0.02479517256086695,0.003906971340499971,0.07272727272727272,0.06535947712418301,2,1,0,0.0,0.0,False,2,0,0.0,2.0,1.0,1.0,1.0,0.0,1.0,1.0,1.0,1.0,0.0,2.0,1.0,1.0,1.0,3.0,2.0,1.0,0.0,3.0,1.0,1.0,0.0,1.0,0.0,1.0,0.0
3022,case_bb8ec2a5b0,G1_single_agent_rag,True,31,True,abnormal,"['Atelectasis', 'Consolidation', 'Lung Opacity']",['Lung Opacity'],"['Consolidation', 'Lung Lesion', 'Lung Opacity', 'Pneumonia']",['Lung Lesion'],abnormal,abnormal,0.0,0.1809771728568426,0.03181802777063033,0.1917808219178082,0.17172218826405863,3,3,0,0.0,0.0,False,3,0,0.0,3.0,1.0,1.0,1.0,0.0,1.0,1.0,1.0,1.0,0.0,3.0,1.0,1.0,1.0,3.0,2.0,1.0,0.0,3.0,1.0,1.0,0.0,1.0,1.0,1.0,0.0
3025,case_2e3869a68b,B0_rule_based,True,4,True,abnormal,['Fracture'],['Fracture'],['Fracture'],[],abnormal,normal,0.0,3.9615331278937814e-05,1.2731233190162247e-05,0.04651162790697674,0.014084507042253521,2,0,0,0.0,0.0,False,2,0,0.0,1.0,0.0,1.0,0.0,0.0,1.0,0.0,1.0,0.0,0.0,1.0,0.0,1.0,0.0,1.0,1.0,0.0,0.0,1.0,1.0,0.0,0.0,0.0,0.0,1.0,0.0
3025,case_2e3869a68b,G1A_llm_no_retrieval,True,5,True,abnormal,['Fracture'],['Fracture'],['Fracture'],[],abnormal,normal,0.0,0.00022275502956896066,5.98414642343173e-05,0.045454545454545456,0.014044943820224719,2,0,0,0.0,0.0,False,2,0,0.0,1.0,0.0,1.0,0.0,0.0,1.0,0.0,1.0,0.0,0.0,1.0,0.0,1.0,0.0,1.0,1.0,0.0,0.0,1.0,1.0,0.0,0.0,0.0,0.0,1.0,0.0
3025,case_2e3869a68b,G1B_llm_sham_retrieval,True,11,True,abnormal,['Fracture'],['Fracture'],['Fracture'],[],abnormal,normal,0.0,0.014261343730387394,0.0017583257672868292,0.08,0.027624309392265192,2,1,0,0.0,0.0,False,2,0,0.0,1.0,0.0,1.0,0.0,0.0,1.0,0.0,1.0,0.0,0.0,1.0,0.0,1.0,0.0,1.0,1.0,0.0,0.0,1.0,1.0,0.0,0.0,1.0,0.0,0.0,0.0
3025,case_2e3869a68b,G1_single_agent_rag,True,33,True,normal,[],[],['Fracture'],[],abnormal,normal,0.0,0.48003955889177063,0.1748594268267275,0.41666666666666663,0.3958189058171746,4,2,2,1.0,0.6538461538461539,True,4,0,0.0,0.0,0.0,0.0,0.0,0.0,0.0,0.0,0.0,0.0,0.0,0.0,0.0,0.0,0.0,1.0,0.0,0.0,0.0,1.0,0.0,0.0,0.0,0.0,0.0,0.0,0.0
3045,case_6638243e04,B0_rule_based,True,10,True,normal,[],[],[],[],normal,normal,0.0,0.04493289641172216,0.009483240843460443,0.07142857142857142,0.029069767441860465,2,1,0,0.0,0.0,False,2,0,0.0,0.0,0.0,0.0,0.0,0.0,0.0,0.0,0.0,0.0,0.0,0.0,0.0,0.0,0.0,0.0,0.0,0.0,0.0,0.0,0.0,0.0,0.0,0.0,0.0,0.0,0.0
3045,case_6638243e04,G1A_llm_no_retrieval,True,10,True,abnormal,['Enlarged Cardiomediastinum'],['Enlarged Cardiomediastinum'],[],[],normal,normal,0.0,0.04493289641172216,0.009483240843460443,0.07142857142857142,0.029069767441860465,2,1,0,0.0,0.0,False,2,0,0.0,1.0,0.0,1.0,0.0,0.0,1.0,0.0,1.0,0.0,0.0,1.0,0.0,1.0,0.0,0.0,0.0,0.0,0.0,0.0,0.0,0.0,0.0,0.0,0.0,0.0,1.0
3045,case_6638243e04,G1B_llm_sham_retrieval,True,22,True,normal,[],[],[],[],normal,normal,0.0,0.3181818181818182,0.05314049749131566,0.25,0.31111357586512867,3,2,0,0.0,0.2,False,3,0,0.0,0.0,0.0,0.0,0.0,0.0,0.0,0.0,0.0,0.0,0.0,0.0,0.0,0.0,0.0,0.0,0.0,0.0,0.0,0.0,0.0,0.0,0.0,0.0,0.0,0.0,0.0
3045,case_6638243e04,G1_single_agent_rag,True,21,True,normal,[],[],[],[],normal,normal,0.0,0.5238095238095238,0.03517926982663473,0.25641025641025644,0.43648105496093575,4,1,0,0.0,0.0,False,4,1,0.0,0.0,0.0,0.0,0.0,0.0,0.0,0.0,0.0,0.0,0.0,0.0,0.0,0.0,0.0,0.0,0.0,0.0,0.0,0.0,0.0,0.0,0.0,0.0,0.0,0.0,0.0
3049,case_94ee8dcded,B0_rule_based,True,4,True,abnormal,['Fracture'],['Fracture'],['Fracture'],[],abnormal,normal,0.0,0.0005879436464002277,0.001062534113793848,0.0,0.0,2,0,0,0.0,0.0,False,2,0,0.0,1.0,0.0,1.0,0.0,0.0,1.0,0.0,1.0,0.0,0.0,1.0,0.0,1.0,0.0,1.0,1.0,0.0,0.0,1.0,1.0,0.0,0.0,0.0,0.0,1.0,0.0
3049,case_94ee8dcded,G1A_llm_no_retrieval,True,23,True,abnormal,['Fracture'],['Fracture'],['Fracture'],[],abnormal,normal,0.0,0.043478260869565216,0.008282282660969604,0.04761904761904762,0.025773195876288662,4,1,0,0.0,0.0,False,4,1,0.0,1.0,0.0,1.0,0.0,0.0,1.0,0.0,1.0,0.0,0.0,1.0,0.0,1.0,0.0,1.0,1.0,0.0,0.0,1.0,1.0,0.0,0.0,0.0,0.0,1.0,0.0
3049,case_94ee8dcded,G1B_llm_sham_retrieval,True,20,True,normal,[],[],['Fracture'],[],abnormal,normal,0.0,0.2,0.05121488961114836,0.20512820512820512,0.19633507853403143,4,1,0,0.0,0.0,False,4,1,0.0,0.0,0.0,0.0,0.0,0.0,0.0,0.0,0.0,0.0,0.0,0.0,0.0,0.0,0.0,1.0,0.0,0.0,0.0,1.0,0.0,0.0,0.0,0.0,0.0,0.0,0.0
3049,case_94ee8dcded,G1_single_agent_rag,True,43,True,abnormal,['Fracture'],['Fracture'],['Fracture'],[],abnormal,normal,0.0,0.20930232558139536,0.027920791644145394,0.19354838709677416,0.2102803738317757,7,3,2,0.6666666666666666,0.4722222222222222,False,7,2,0.0,1.0,0.0,1.0,0.0,0.0,1.0,0.0,1.0,0.0,0.0,1.0,0.0,1.0,0.0,1.0,1.0,0.0,0.0,1.0,1.0,0.0,0.0,0.0,0.0,1.0,0.0
3060,case_7a3db9e376,B0_rule_based,True,10,True,normal,[],[],[],[],normal,normal,0.0,0.13479868923516647,0.02219407728646536,0.21428571428571427,0.148578811369509,2,1,0,0.0,0.0,False,2,0,0.0,0.0,0.0,0.0,0.0,0.0,0.0,0.0,0.0,0.0,0.0,0.0,0.0,0.0,0.0,0.0,0.0,0.0,0.0,0.0,0.0,0.0,0.0,0.0,0.0,0.0,0.0
3060,case_7a3db9e376,G1A_llm_no_retrieval,True,10,True,abnormal,['Enlarged Cardiomediastinum'],['Enlarged Cardiomediastinum'],[],[],normal,normal,0.0,0.04493289641172216,0.009483240843460443,0.07142857142857142,0.029069767441860465,2,1,0,0.0,0.0,False,2,0,0.0,1.0,0.0,1.0,0.0,0.0,1.0,0.0,1.0,0.0,0.0,1.0,0.0,1.0,0.0,0.0,0.0,0.0,0.0,0.0,0.0,0.0,0.0,0.0,0.0,0.0,1.0
3060,case_7a3db9e376,G1B_llm_sham_retrieval,True,25,True,normal,[],[],[],[],normal,normal,0.0,0.36,0.05868136174076832,0.37209302325581395,0.3122730573710966,4,2,0,0.0,0.0,False,4,1,0.0,0.0,0.0,0.0,0.0,0.0,0.0,0.0,0.0,0.0,0.0,0.0,0.0,0.0,0.0,0.0,0.0,0.0,0.0,0.0,0.0,0.0,0.0,0.0,0.0,0.0,0.0
3060,case_7a3db9e376,G1_single_agent_rag,True,21,True,normal,[],[],[],[],normal,normal,0.0,0.6190476190476191,0.04361963094460515,0.41025641025641024,0.4951983703559996,4,1,0,0.0,0.0,False,4,1,0.0,0.0,0.0,0.0,0.0,0.0,0.0,0.0,0.0,0.0,0.0,0.0,0.0,0.0,0.0,0.0,0.0,0.0,0.0,0.0,0.0,0.0,0.0,0.0,0.0,0.0,0.0
3069,case_af89a6f929,B0_rule_based,True,19,True,abnormal,"['Consolidation', 'Lung Lesion', 'Pneumonia']","['Consolidation', 'Lung Lesion', 'Pneumonia']","['Consolidation', 'Lung Lesion', 'Pneumonia']","['Lung Opacity', 'Pneumonia']",abnormal,abnormal,0.0,0.09559657343884267,0.0065388621324402076,0.1509433962264151,0.061538461538461535,4,2,0,0.0,0.0,False,4,0,1.0,2.0,1.0,1.0,1.0,1.0,2.0,1.0,1.0,1.0,1.0,2.0,1.0,1.0,1.0,2.0,2.0,1.0,1.0,2.0,2.0,1.0,1.0,1.0,0.0,2.0,0.0
3069,case_af89a6f929,G1A_llm_no_retrieval,True,23,True,normal,[],[],"['Consolidation', 'Lung Lesion', 'Pneumonia']","['Lung Opacity', 'Pneumonia']",abnormal,abnormal,0.0,0.2695045535462484,0.0379948124693384,0.2456140350877193,0.2518237082066869,5,0,0,0.0,0.0,False,5,1,0.0,0.0,2.0,0.0,1.0,0.0,0.0,2.0,0.0,1.0,0.0,0.0,2.0,0.0,1.0,2.0,0.0,1.0,0.0,2.0,0.0,1.0,0.0,0.0,0.0,0.0,0.0
3069,case_af89a6f929,G1B_llm_sham_retrieval,True,25,True,normal,[],[],"['Consolidation', 'Lung Lesion', 'Pneumonia']","['Lung Opacity', 'Pneumonia']",abnormal,abnormal,0.0,0.2790705304284124,0.039116398186213264,0.23728813559322035,0.25030211480362535,4,2,1,0.5,0.3333333333333333,False,4,1,0.0,0.0,2.0,0.0,1.0,0.0,0.0,2.0,0.0,1.0,0.0,0.0,2.0,0.0,1.0,2.0,0.0,1.0,0.0,2.0,0.0,1.0,0.0,0.0,0.0,0.0,0.0
3069,case_af89a6f929,G1_single_agent_rag,True,28,True,abnormal,"['Atelectasis', 'Consolidation', 'Lung Opacity', 'Pleural Effusion', 'Pneumonia']","['Atelectasis', 'Consolidation', 'Lung Opacity', 'Pleural Effusion', 'Pneumonia']","['Consolidation', 'Lung Lesion', 'Pneumonia']","['Lung Opacity', 'Pneumonia']",abnormal,abnormal,0.0,0.4323845073243157,0.16697011106836923,0.2580645161290323,0.36054557551563543,6,2,1,0.5,0.5238095238095238,False,6,2,2.0,3.0,0.0,1.0,0.0,2.0,3.0,0.0,1.0,0.0,2.0,3.0,0.0,1.0,0.0,2.0,1.0,1.0,1.0,2.0,1.0,1.0,1.0,0.0,3.0,2.0,0.0
3074,case_d01e054cb4,B0_rule_based,True,12,True,indeterminate,[],[],[],['Lung Opacity'],indeterminate,abnormal,0.0,0.005945665557875402,0.0007226119107737181,0.0625,0.020833333333333336,2,1,0,0.0,0.0,False,2,2,0.0,0.0,1.0,0.0,1.0,0.0,0.0,1.0,0.0,1.0,0.0,0.0,2.0,0.0,1.0,0.0,0.0,0.0,0.0,0.0,0.0,0.0,0.0,0.0,0.0,0.0,0.0
3074,case_d01e054cb4,G1A_llm_no_retrieval,True,15,True,normal,[],[],[],['Lung Opacity'],indeterminate,abnormal,0.0,0.02263127439200464,0.0015864241136769666,0.08955223880597014,0.041407867494824016,2,1,0,0.0,0.0,False,2,1,0.0,0.0,1.0,0.0,1.0,0.0,0.0,1.0,0.0,1.0,0.0,0.0,2.0,0.0,1.0,0.0,0.0,0.0,0.0,0.0,0.0,0.0,0.0,0.0,0.0,0.0,0.0
3074,case_d01e054cb4,G1B_llm_sham_retrieval,True,25,True,normal,[],[],[],['Lung Opacity'],indeterminate,abnormal,0.0,0.10867056820638052,0.007694121046415294,0.12987012987012989,0.10791708924949289,5,0,0,0.0,0.0,False,5,1,0.0,0.0,1.0,0.0,1.0,0.0,0.0,1.0,0.0,1.0,0.0,0.0,2.0,0.0,1.0,0.0,0.0,0.0,0.0,0.0,0.0,0.0,0.0,0.0,0.0,0.0,0.0
3074,case_d01e054cb4,G1_single_agent_rag,True,25,True,normal,[],[],[],['Lung Opacity'],indeterminate,abnormal,0.0,0.10867056820638052,0.007694121046415294,0.12987012987012989,0.10791708924949289,5,0,0,0.0,0.0,False,5,1,0.0,0.0,1.0,0.0,1.0,0.0,0.0,1.0,0.0,1.0,0.0,0.0,2.0,0.0,1.0,0.0,0.0,0.0,0.0,0.0,0.0,0.0,0.0,0.0,0.0,0.0,0.0
3114,case_d5a1e091d1,B0_rule_based,True,12,True,indeterminate,[],[],[],[],indeterminate,normal,0.0,0.08333333333333333,0.017033186037639283,0.1,0.05952380952380953,2,1,0,0.0,0.0,False,2,2,0.0,0.0,0.0,0.0,0.0,0.0,0.0,0.0,0.0,0.0,0.0,0.0,0.0,0.0,0.0,0.0,0.0,0.0,0.0,0.0,0.0,0.0,0.0,0.0,0.0,0.0,0.0
3114,case_d5a1e091d1,G1A_llm_no_retrieval,True,15,True,normal,[],[],[],[],indeterminate,normal,0.0,0.13333333333333333,0.015718877363021206,0.1739130434782609,0.1149425287356322,2,1,0,0.0,0.0,False,2,1,0.0,0.0,0.0,0.0,0.0,0.0,0.0,0.0,0.0,0.0,0.0,0.0,0.0,0.0,0.0,0.0,0.0,0.0,0.0,0.0,0.0,0.0,0.0,0.0,0.0,0.0,0.0
3114,case_d5a1e091d1,G1B_llm_sham_retrieval,True,25,True,normal,[],[],[],[],indeterminate,normal,0.0,0.24,0.11213336822390839,0.36363636363636365,0.5798969072164949,5,0,0,0.0,0.0,False,5,1,0.0,0.0,0.0,0.0,0.0,0.0,0.0,0.0,0.0,0.0,0.0,0.0,0.0,0.0,0.0,0.0,0.0,0.0,0.0,0.0,0.0,0.0,0.0,0.0,0.0,0.0,0.0
3114,case_d5a1e091d1,G1_single_agent_rag,True,25,True,normal,[],[],[],[],indeterminate,normal,0.0,0.24,0.11213336822390839,0.36363636363636365,0.5798969072164949,5,0,0,0.0,0.0,False,5,1,0.0,0.0,0.0,0.0,0.0,0.0,0.0,0.0,0.0,0.0,0.0,0.0,0.0,0.0,0.0,0.0,0.0,0.0,0.0,0.0,0.0,0.0,0.0,0.0,0.0,0.0,0.0
3115,case_321b82e932,B0_rule_based,True,10,True,normal,[],[],[],[],normal,normal,0.0,0.10094825899732769,0.023961896879708785,0.2222222222222222,0.15245901639344261,2,1,0,0.0,0.0,False,2,0,0.0,0.0,0.0,0.0,0.0,0.0,0.0,0.0,0.0,0.0,0.0,0.0,0.0,0.0,0.0,0.0,0.0,0.0,0.0,0.0,0.0,0.0,0.0,0.0,0.0,0.0,0.0
3115,case_321b82e932,G1A_llm_no_retrieval,True,10,True,abnormal,['Enlarged Cardiomediastinum'],['Enlarged Cardiomediastinum'],[],[],normal,normal,0.0,0.020189651799465542,0.004261094784666207,0.05555555555555555,0.020491803278688523,2,1,0,0.0,0.0,False,2,0,0.0,1.0,0.0,1.0,0.0,0.0,1.0,0.0,1.0,0.0,0.0,1.0,0.0,1.0,0.0,0.0,0.0,0.0,0.0,0.0,0.0,0.0,0.0,0.0,0.0,0.0,1.0
3115,case_321b82e932,G1B_llm_sham_retrieval,True,22,True,normal,[],[],[],[],normal,normal,0.0,0.6442636185126395,0.22625084557276828,0.41666666666666663,0.5472804930795848,4,2,0,0.0,0.0,False,4,1,0.0,0.0,0.0,0.0,0.0,0.0,0.0,0.0,0.0,0.0,0.0,0.0,0.0,0.0,0.0,0.0,0.0,0.0,0.0,0.0,0.0,0.0,0.0,0.0,0.0,0.0,0.0
3115,case_321b82e932,G1_single_agent_rag,True,21,True,normal,[],[],[],[],normal,normal,0.0,0.487888531461383,0.03635013616005782,0.3404255319148936,0.35537765402018795,4,1,0,0.0,0.0,False,4,1,0.0,0.0,0.0,0.0,0.0,0.0,0.0,0.0,0.0,0.0,0.0,0.0,0.0,0.0,0.0,0.0,0.0,0.0,0.0,0.0,0.0,0.0,0.0,0.0,0.0,0.0,0.0
3117,case_81a5b3616a,B0_rule_based,True,10,True,normal,[],[],[],[],normal,normal,0.0,0.04493289641172216,0.009483240843460443,0.07142857142857142,0.029069767441860465,2,1,0,0.0,0.0,False,2,0,0.0,0.0,0.0,0.0,0.0,0.0,0.0,0.0,0.0,0.0,0.0,0.0,0.0,0.0,0.0,0.0,0.0,0.0,0.0,0.0,0.0,0.0,0.0,0.0,0.0,0.0,0.0
3117,case_81a5b3616a,G1A_llm_no_retrieval,True,10,True,abnormal,['Enlarged Cardiomediastinum'],['Enlarged Cardiomediastinum'],[],[],normal,normal,0.0,0.08986579282344431,0.011277537484327563,0.14285714285714285,0.05813953488372093,2,1,0,0.0,0.0,False,2,0,0.0,1.0,0.0,1.0,0.0,0.0,1.0,0.0,1.0,0.0,0.0,1.0,0.0,1.0,0.0,0.0,0.0,0.0,0.0,0.0,0.0,0.0,0.0,0.0,0.0,0.0,1.0
3117,case_81a5b3616a,G1B_llm_sham_retrieval,True,15,True,normal,[],[],[],[],normal,normal,0.0,0.38207435143639157,0.03722520852859804,0.3636363636363636,0.2709558399631039,3,1,0,0.0,0.0,False,3,1,0.0,0.0,0.0,0.0,0.0,0.0,0.0,0.0,0.0,0.0,0.0,0.0,0.0,0.0,0.0,0.0,0.0,0.0,0.0,0.0,0.0,0.0,0.0,0.0,0.0,0.0,0.0
3117,case_81a5b3616a,G1_single_agent_rag,True,21,True,normal,[],[],[],[],normal,normal,0.0,0.5714285714285714,0.28592291256793106,0.41025641025641024,0.6320203400121434,4,1,0,0.0,0.0,False,4,1,0.0,0.0,0.0,0.0,0.0,0.0,0.0,0.0,0.0,0.0,0.0,0.0,0.0,0.0,0.0,0.0,0.0,0.0,0.0,0.0,0.0,0.0,0.0,0.0,0.0,0.0,0.0
3124,case_0cca1556fb,B0_rule_based,False,4,True,abnormal,['Pneumonia'],['Pneumonia'],['Pneumonia'],,abnormal,,0.0,1.451160204325202e-06,2.7730011151126613e-07,0.06779661016949153,0.02004008016032064,2,0,0,0.0,0.0,False,2,0,,,,,,,,,,,,,,,,,,,,,,,,,,,
3124,case_0cca1556fb,G1A_llm_no_retrieval,False,23,True,normal,[],[],['Pneumonia'],,abnormal,,0.0,0.14059818533136,0.01849875865753371,0.23076923076923078,0.19384980923442457,5,0,0,0.0,0.0,False,5,1,,,,,,,,,,,,,,,,,,,,,,,,,,,
3124,case_0cca1556fb,G1B_llm_sham_retrieval,False,26,True,normal,[],[],['Pneumonia'],,abnormal,,0.0,0.1638945909447264,0.042770058332004916,0.2469135802469136,0.20812274983247964,3,2,2,1.0,1.0,True,3,0,,,,,,,,,,,,,,,,,,,,,,,,,,,
3124,case_0cca1556fb,G1_single_agent_rag,False,10,True,abnormal,"['Lung Opacity', 'Pneumonia']","['Lung Opacity', 'Pneumonia']",['Pneumonia'],,abnormal,,0.0,0.005554498269121153,0.00035059821319751957,0.0923076923076923,0.04950495049504951,2,1,0,0.0,0.0,False,2,0,,,,,,,,,,,,,,,,,,,,,,,,,,,
3128,case_fb8dfb7112,B0_rule_based,False,10,True,normal,[],[],[],,normal,,0.0,0.05376441019179981,0.022560164303405326,0.2978723404255319,0.11661807580174927,2,1,0,0.0,0.0,False,2,0,,,,,,,,,,,,,,,,,,,,,,,,,,,
3128,case_fb8dfb7112,G1A_llm_no_retrieval,False,10,True,abnormal,['Enlarged Cardiomediastinum'],['Enlarged Cardiomediastinum'],[],,normal,,0.0,0.020161653821924926,0.003319537494657071,0.12765957446808512,0.07450599287333982,2,1,0,0.0,0.0,False,2,0,,,,,,,,,,,,,,,,,,,,,,,,,,,
3128,case_fb8dfb7112,G1B_llm_sham_retrieval,False,36,True,normal,[],[],[],,normal,,0.0,0.45928544752716455,0.23428643934038418,0.4383561643835616,0.4138183250344614,5,3,2,0.6666666666666666,0.9655172413793104,False,5,1,,,,,,,,,,,,,,,,,,,,,,,,,,,
3128,case_fb8dfb7112,G1_single_agent_rag,False,21,True,normal,[],[],[],,normal,,0.0,0.22227451507222923,0.01348311122296512,0.3103448275862069,0.14124293785310735,4,1,0,0.0,0.0,False,4,1,,,,,,,,,,,,,,,,,,,,,,,,,,,
3134,case_e1bcd75599,B0_rule_based,True,10,True,normal,[],[],[],[],normal,normal,0.0,0.12047768476488081,0.03380737760090662,0.25000000000000006,0.15174278846153846,2,1,0,0.0,0.0,False,2,0,0.0,0.0,0.0,0.0,0.0,0.0,0.0,0.0,0.0,0.0,0.0,0.0,0.0,0.0,0.0,0.0,0.0,0.0,0.0,0.0,0.0,0.0,0.0,0.0,0.0,0.0,0.0
3134,case_e1bcd75599,G1A_llm_no_retrieval,True,10,True,abnormal,['Enlarged Cardiomediastinum'],['Enlarged Cardiomediastinum'],[],[],normal,normal,0.0,0.0030119421191220214,0.0035746949567482876,0.0,0.0,2,1,0,0.0,0.0,False,2,0,0.0,1.0,0.0,1.0,0.0,0.0,1.0,0.0,1.0,0.0,0.0,1.0,0.0,1.0,0.0,0.0,0.0,0.0,0.0,0.0,0.0,0.0,0.0,0.0,0.0,0.0,1.0
3134,case_e1bcd75599,G1B_llm_sham_retrieval,True,23,True,normal,[],[],[],[],normal,normal,0.0,0.2608695652173913,0.023050898626566643,0.17777777777777776,0.19293614881850174,3,2,1,0.5,0.125,False,3,1,0.0,0.0,0.0,0.0,0.0,0.0,0.0,0.0,0.0,0.0,0.0,0.0,0.0,0.0,0.0,0.0,0.0,0.0,0.0,0.0,0.0,0.0,0.0,0.0,0.0,0.0,0.0
3134,case_e1bcd75599,G1_single_agent_rag,True,21,True,normal,[],[],[],[],normal,normal,0.0,0.5448554027619866,0.16210476195714543,0.4186046511627907,0.4323630136986301,4,1,0,0.0,0.0,False,4,1,0.0,0.0,0.0,0.0,0.0,0.0,0.0,0.0,0.0,0.0,0.0,0.0,0.0,0.0,0.0,0.0,0.0,0.0,0.0,0.0,0.0,0.0,0.0,0.0,0.0,0.0,0.0
3135,case_ab85beff99,B0_rule_based,True,4,True,abnormal,['Fracture'],['Fracture'],['Fracture'],[],abnormal,normal,0.0,0.00017754359721063726,5.705742864027535e-05,0.054054054054054064,0.016611295681063124,2,0,0,0.0,0.0,False,2,0,0.0,1.0,0.0,1.0,0.0,0.0,1.0,0.0,1.0,0.0,0.0,1.0,0.0,1.0,0.0,1.0,1.0,0.0,0.0,1.0,1.0,0.0,0.0,0.0,0.0,1.0,0.0
3135,case_ab85beff99,G1A_llm_no_retrieval,True,5,True,abnormal,['Fracture'],['Fracture'],['Fracture'],[],abnormal,normal,0.0,0.0007395727432965865,0.00019868065808569075,0.052631578947368425,0.016556291390728478,2,0,0,0.0,0.0,False,2,0,0.0,1.0,0.0,1.0,0.0,0.0,1.0,0.0,1.0,0.0,0.0,1.0,0.0,1.0,0.0,1.0,1.0,0.0,0.0,1.0,1.0,0.0,0.0,0.0,0.0,1.0,0.0
3135,case_ab85beff99,G1B_llm_sham_retrieval,True,9,True,abnormal,['Fracture'],['Fracture'],['Fracture'],[],abnormal,normal,0.0,0.015440766938400342,0.00198149706686047,0.09523809523809523,0.032679738562091505,2,1,0,0.0,0.0,False,2,0,0.0,1.0,0.0,1.0,0.0,0.0,1.0,0.0,1.0,0.0,0.0,1.0,0.0,1.0,0.0,1.0,1.0,0.0,0.0,1.0,1.0,0.0,0.0,1.0,0.0,0.0,0.0
3135,case_ab85beff99,G1_single_agent_rag,True,43,True,abnormal,['Fracture'],['Fracture'],['Fracture'],[],abnormal,normal,0.0,0.5116279069767442,0.1690687894161582,0.39473684210526316,0.5445126397666504,7,3,2,0.6666666666666666,0.4722222222222222,False,7,2,0.0,1.0,0.0,1.0,0.0,0.0,1.0,0.0,1.0,0.0,0.0,1.0,0.0,1.0,0.0,1.0,1.0,0.0,0.0,1.0,1.0,0.0,0.0,0.0,0.0,1.0,0.0
3148,case_aaba488fd8,B0_rule_based,True,19,True,abnormal,"['Atelectasis', 'Enlarged Cardiomediastinum', 'Pleural Effusion']","['Atelectasis', 'Enlarged Cardiomediastinum', 'Pleural Effusion']","['Atelectasis', 'Enlarged Cardiomediastinum', 'Pleural Effusion']","['Cardiomegaly', 'Pleural Effusion']",abnormal,abnormal,0.0,0.1511440965824943,0.016130212864049538,0.23076923076923078,0.1617440225035162,4,1,0,0.0,0.0,False,4,0,1.0,2.0,1.0,1.0,1.0,1.0,2.0,1.0,1.0,1.0,1.0,2.0,1.0,1.0,1.0,2.0,2.0,1.0,1.0,2.0,2.0,1.0,1.0,1.0,0.0,2.0,0.0
3148,case_aaba488fd8,G1A_llm_no_retrieval,True,28,True,abnormal,"['Atelectasis', 'Enlarged Cardiomediastinum', 'Pleural Effusion']","['Atelectasis', 'Enlarged Cardiomediastinum', 'Pleural Effusion']","['Atelectasis', 'Enlarged Cardiomediastinum', 'Pleural Effusion']","['Cardiomegaly', 'Pleural Effusion']",abnormal,abnormal,0.0,0.20911607682324582,0.019325050381823108,0.19672131147540986,0.176138147566719,4,2,0,0.0,0.0,False,4,0,1.0,2.0,1.0,1.0,1.0,1.0,2.0,1.0,1.0,1.0,1.0,2.0,1.0,1.0,1.0,2.0,2.0,1.0,1.0,2.0,2.0,1.0,1.0,1.0,0.0,2.0,0.0
3148,case_aaba488fd8,G1B_llm_sham_retrieval,True,28,True,abnormal,['Pleural Effusion'],['Pleural Effusion'],"['Atelectasis', 'Enlarged Cardiomediastinum', 'Pleural Effusion']","['Cardiomegaly', 'Pleural Effusion']",abnormal,abnormal,0.0,0.29873725260463696,0.023381315361150595,0.32786885245901637,0.2549230769230769,5,2,0,0.0,0.0,False,5,1,1.0,0.0,1.0,0.0,1.0,1.0,0.0,1.0,0.0,1.0,1.0,0.0,1.0,0.0,1.0,2.0,0.0,1.0,1.0,2.0,0.0,1.0,1.0,0.0,0.0,1.0,0.0
3148,case_aaba488fd8,G1_single_agent_rag,True,13,True,abnormal,"['Atelectasis', 'Cardiomegaly', 'Enlarged Cardiomediastinum', 'Lung Opacity', 'Pleural Effusion']","['Atelectasis', 'Cardiomegaly', 'Enlarged Cardiomediastinum', 'Lung Opacity', 'Pleural Effusion']","['Atelectasis', 'Enlarged Cardiomediastinum', 'Pleural Effusion']","['Cardiomegaly', 'Pleural Effusion']",abnormal,abnormal,0.0,0.13212995221027526,0.023349529443485378,0.30434782608695654,0.17162298387096775,6,0,0,0.0,0.0,False,6,1,2.0,3.0,0.0,1.0,0.0,2.0,3.0,0.0,1.0,0.0,2.0,3.0,0.0,1.0,0.0,2.0,2.0,1.0,1.0,2.0,2.0,1.0,1.0,1.0,2.0,2.0,0.0
3149,case_0f46682855,B0_rule_based,False,10,True,normal,[],[],[],,normal,,0.0,0.04487058576679052,0.004154446436436531,0.10256410256410257,0.05535055350553505,2,1,0,0.0,0.0,False,2,0,,,,,,,,,,,,,,,,,,,,,,,,,,,
3149,case_0f46682855,G1A_llm_no_retrieval,False,21,True,normal,[],[],[],,normal,,0.0,0.3578721261630681,0.1257785604944423,0.36000000000000004,0.35841978782017464,4,1,0,0.0,0.0,False,4,2,,,,,,,,,,,,,,,,,,,,,,,,,,,
3149,case_0f46682855,G1B_llm_sham_retrieval,False,21,True,normal,[],[],[],,normal,,0.0,0.39040595581425613,0.05194526226580985,0.36000000000000004,0.33577127659574474,3,2,2,1.0,0.7142857142857143,True,3,0,,,,,,,,,,,,,,,,,,,,,,,,,,,
3149,case_0f46682855,G1_single_agent_rag,False,21,True,normal,[],[],[],,normal,,0.0,0.22773680755831607,0.01805136899879774,0.24000000000000002,0.17006802721088435,4,1,0,0.0,0.0,False,4,1,,,,,,,,,,,,,,,,,,,,,,,,,,,
3158,case_2e428a8221,B0_rule_based,True,6,True,abnormal,['Pleural Effusion'],['Pleural Effusion'],['Pleural Effusion'],"['Atelectasis', 'Cardiomegaly', 'Lung Opacity']",abnormal,abnormal,0.0,3.072106176664105e-06,1.2414476323925293e-06,0.07142857142857144,0.03609541745134966,2,0,0,0.0,0.0,False,2,0,0.0,1.0,3.0,1.0,1.0,0.0,1.0,3.0,1.0,1.0,0.0,1.0,3.0,1.0,1.0,1.0,1.0,0.0,0.0,1.0,1.0,0.0,0.0,0.0,0.0,1.0,0.0
3158,case_2e428a8221,G1A_llm_no_retrieval,True,22,True,normal,[],[],['Pleural Effusion'],"['Atelectasis', 'Cardiomegaly', 'Lung Opacity']",abnormal,abnormal,0.0,0.049914703056355876,0.012465831423598394,0.18000000000000002,0.1324839327996392,5,0,0,0.0,0.0,False,5,1,0.0,0.0,3.0,0.0,1.0,0.0,0.0,3.0,0.0,1.0,0.0,0.0,3.0,0.0,1.0,1.0,0.0,0.0,0.0,1.0,0.0,0.0,0.0,0.0,0.0,0.0,0.0
3158,case_2e428a8221,G1B_llm_sham_retrieval,True,27,True,normal,[],[],['Pleural Effusion'],"['Atelectasis', 'Cardiomegaly', 'Lung Opacity']",abnormal,abnormal,0.0,0.11202945162258945,0.017293265617210726,0.2285714285714286,0.20411522633744855,4,3,0,0.0,0.0,False,4,0,0.0,0.0,3.0,0.0,1.0,0.0,0.0,3.0,0.0,1.0,0.0,0.0,3.0,0.0,1.0,1.0,0.0,0.0,0.0,1.0,0.0,0.0,0.0,0.0,0.0,0.0,0.0
3158,case_2e428a8221,G1_single_agent_rag,True,12,True,abnormal,['Pleural Effusion'],['Pleural Effusion'],['Pleural Effusion'],"['Atelectasis', 'Cardiomegaly', 'Lung Opacity']",abnormal,abnormal,0.0,0.0017028214326933612,0.0004332105795816057,0.1111111111111111,0.06246498599439776,3,1,0,0.0,0.0,False,3,1,0.0,1.0,3.0,1.0,1.0,0.0,1.0,3.0,1.0,1.0,0.0,1.0,3.0,1.0,1.0,1.0,1.0,0.0,0.0,1.0,1.0,0.0,0.0,0.0,0.0,1.0,0.0
3162,case_dba002efad,B0_rule_based,False,10,True,normal,[],[],[],,normal,,0.0,0.0913417620263673,0.05074252336092265,0.2702702702702703,0.17628458498023716,2,1,0,0.0,0.0,False,2,0,,,,,,,,,,,,,,,,,,,,,,,,,,,
3162,case_dba002efad,G1A_llm_no_retrieval,False,10,True,abnormal,['Enlarged Cardiomediastinum'],['Enlarged Cardiomediastinum'],[],,normal,,0.0,0.0018268352405273467,0.0021681620903879627,0.0,0.0,2,1,0,0.0,0.0,False,2,0,,,,,,,,,,,,,,,,,,,,,,,,,,,
3162,case_dba002efad,G1B_llm_sham_retrieval,False,52,True,abnormal,"['Lung Opacity', 'Pneumonia']",['Lung Opacity'],[],,normal,,0.0,0.1153846153846154,0.005512554695624452,0.10126582278481014,0.10169491525423728,8,6,4,0.6666666666666666,0.6,False,8,4,,,,,,,,,,,,,,,,,,,,,,,,,,,
3162,case_dba002efad,G1_single_agent_rag,False,21,True,normal,[],[],[],,normal,,0.0,0.2504924310250953,0.019855074602650766,0.25,0.13257575757575757,4,1,0,0.0,0.0,False,4,1,,,,,,,,,,,,,,,,,,,,,,,,,,,
3178,case_d983ac6242,B0_rule_based,False,12,True,indeterminate,[],[],[],,indeterminate,,0.0,0.037188360024738305,0.0045197214061969025,0.09523809523809522,0.03546099290780142,2,1,0,0.0,0.0,False,2,2,,,,,,,,,,,,,,,,,,,,,,,,,,,
3178,case_d983ac6242,G1A_llm_no_retrieval,False,10,True,abnormal,['Enlarged Cardiomediastinum'],['Enlarged Cardiomediastinum'],[],,indeterminate,,0.0,0.0013533528323661276,0.0016062139819507648,0.0,0.0,2,1,0,0.0,0.0,False,2,0,,,,,,,,,,,,,,,,,,,,,,,,,,,
3178,case_d983ac6242,G1B_llm_sham_retrieval,False,25,True,normal,[],[],[],,indeterminate,,0.0,0.2619938409849542,0.02205949964282378,0.2181818181818182,0.21398305084745758,5,0,0,0.0,0.0,False,5,1,,,,,,,,,,,,,,,,,,,,,,,,,,,
3178,case_d983ac6242,G1_single_agent_rag,False,25,True,normal,[],[],[],,indeterminate,,0.0,0.2619938409849542,0.02205949964282378,0.2181818181818182,0.21398305084745758,5,0,0,0.0,0.0,False,5,1,,,,,,,,,,,,,,,,,,,,,,,,,,,
3180,case_ef0c3eef6f,B0_rule_based,True,10,True,normal,[],[],[],[],normal,normal,0.0,0.10094825899732769,0.023961896879708785,0.2222222222222222,0.15245901639344261,2,1,0,0.0,0.0,False,2,0,0.0,0.0,0.0,0.0,0.0,0.0,0.0,0.0,0.0,0.0,0.0,0.0,0.0,0.0,0.0,0.0,0.0,0.0,0.0,0.0,0.0,0.0,0.0,0.0,0.0,0.0,0.0
3180,case_ef0c3eef6f,G1A_llm_no_retrieval,True,10,True,abnormal,['Enlarged Cardiomediastinum'],['Enlarged Cardiomediastinum'],[],[],normal,normal,0.0,0.020189651799465542,0.004261094784666207,0.05555555555555555,0.020491803278688523,2,1,0,0.0,0.0,False,2,0,0.0,1.0,0.0,1.0,0.0,0.0,1.0,0.0,1.0,0.0,0.0,1.0,0.0,1.0,0.0,0.0,0.0,0.0,0.0,0.0,0.0,0.0,0.0,0.0,0.0,0.0,1.0
3180,case_ef0c3eef6f,G1B_llm_sham_retrieval,True,21,True,abnormal,"['Atelectasis', 'Lung Opacity']","['Atelectasis', 'Lung Opacity']",[],[],normal,normal,0.0,0.11258966110647299,0.009474537444206172,0.0851063829787234,0.05882352941176472,4,2,2,1.0,0.5,True,4,1,0.0,2.0,0.0,1.0,0.0,0.0,2.0,0.0,1.0,0.0,0.0,2.0,0.0,1.0,0.0,0.0,0.0,0.0,0.0,0.0,0.0,0.0,0.0,0.0,2.0,0.0,0.0
3180,case_ef0c3eef6f,G1_single_agent_rag,True,21,True,normal,[],[],[],[],normal,normal,0.0,0.487888531461383,0.03635013616005782,0.3404255319148936,0.35537765402018795,4,1,0,0.0,0.0,False,4,1,0.0,0.0,0.0,0.0,0.0,0.0,0.0,0.0,0.0,0.0,0.0,0.0,0.0,0.0,0.0,0.0,0.0,0.0,0.0,0.0,0.0,0.0,0.0,0.0,0.0,0.0,0.0
3183,case_c70b65aaff,B0_rule_based,True,10,True,normal,[],[],[],[],normal,normal,0.0,0.14897559113742284,0.024528248770524806,0.22222222222222224,0.15678254942058623,2,1,0,0.0,0.0,False,2,0,0.0,0.0,0.0,0.0,0.0,0.0,0.0,0.0,0.0,0.0,0.0,0.0,0.0,0.0,0.0,0.0,0.0,0.0,0.0,0.0,0.0,0.0,0.0,0.0,0.0,0.0,0.0
3183,case_c70b65aaff,G1A_llm_no_retrieval,True,10,True,abnormal,['Enlarged Cardiomediastinum'],['Enlarged Cardiomediastinum'],[],[],normal,normal,0.0,0.04965853037914096,0.010480601989299657,0.07407407407407408,0.03067484662576687,2,1,0,0.0,0.0,False,2,0,0.0,1.0,0.0,1.0,0.0,0.0,1.0,0.0,1.0,0.0,0.0,1.0,0.0,1.0,0.0,0.0,0.0,0.0,0.0,0.0,0.0,0.0,0.0,0.0,0.0,0.0,1.0
3183,case_c70b65aaff,G1B_llm_sham_retrieval,True,22,True,normal,[],[],[],[],normal,normal,0.0,0.7272727272727273,0.4529852871970907,0.7692307692307693,0.8901785714285714,5,0,0,0.0,0.0,False,5,1,0.0,0.0,0.0,0.0,0.0,0.0,0.0,0.0,0.0,0.0,0.0,0.0,0.0,0.0,0.0,0.0,0.0,0.0,0.0,0.0,0.0,0.0,0.0,0.0,0.0,0.0,0.0
3183,case_c70b65aaff,G1_single_agent_rag,True,21,True,normal,[],[],[],[],normal,normal,0.0,0.6190476190476191,0.04612214428270826,0.42105263157894735,0.5770931102496089,4,1,0,0.0,0.0,False,4,1,0.0,0.0,0.0,0.0,0.0,0.0,0.0,0.0,0.0,0.0,0.0,0.0,0.0,0.0,0.0,0.0,0.0,0.0,0.0,0.0,0.0,0.0,0.0,0.0,0.0,0.0,0.0
3191,case_b07d31c7fc,B0_rule_based,True,19,True,abnormal,"['Cardiomegaly', 'Enlarged Cardiomediastinum', 'Pleural Other']","['Cardiomegaly', 'Enlarged Cardiomediastinum', 'Pleural Other']","['Cardiomegaly', 'Enlarged Cardiomediastinum', 'Pleural Other']",['Cardiomegaly'],abnormal,abnormal,0.0,0.05263157894736841,0.010182425646195498,0.05263157894736842,0.02631578947368421,4,1,0,0.0,0.0,False,4,0,1.0,2.0,0.0,1.0,0.0,1.0,2.0,0.0,1.0,0.0,1.0,2.0,0.0,1.0,0.0,2.0,2.0,1.0,1.0,2.0,2.0,1.0,1.0,2.0,0.0,1.0,0.0
3191,case_b07d31c7fc,G1A_llm_no_retrieval,True,21,True,abnormal,"['Cardiomegaly', 'Enlarged Cardiomediastinum', 'Pleural Other']","['Cardiomegaly', 'Enlarged Cardiomediastinum', 'Pleural Other']","['Cardiomegaly', 'Enlarged Cardiomediastinum', 'Pleural Other']",['Cardiomegaly'],abnormal,abnormal,0.0,0.047619047619047616,0.009134423666564478,0.05,0.026041666666666668,4,1,0,0.0,0.0,False,4,1,1.0,2.0,0.0,1.0,0.0,1.0,2.0,0.0,1.0,0.0,1.0,2.0,0.0,1.0,0.0,2.0,2.0,1.0,1.0,2.0,2.0,1.0,1.0,2.0,0.0,1.0,0.0
3191,case_b07d31c7fc,G1B_llm_sham_retrieval,True,11,True,abnormal,"['Cardiomegaly', 'Enlarged Cardiomediastinum']","['Cardiomegaly', 'Enlarged Cardiomediastinum']","['Cardiomegaly', 'Enlarged Cardiomediastinum', 'Pleural Other']",['Cardiomegaly'],abnormal,abnormal,0.0,0.04392955283543867,0.009108946940221201,0.06666666666666667,0.027472527472527472,3,0,0,0.0,0.0,False,3,1,1.0,1.0,0.0,1.0,0.0,1.0,1.0,0.0,1.0,0.0,1.0,1.0,0.0,1.0,0.0,2.0,1.0,1.0,1.0,2.0,1.0,1.0,1.0,1.0,0.0,1.0,0.0
3191,case_b07d31c7fc,G1_single_agent_rag,True,7,True,abnormal,"['Cardiomegaly', 'Enlarged Cardiomediastinum', 'Pleural Other']","['Cardiomegaly', 'Enlarged Cardiomediastinum', 'Pleural Other']","['Cardiomegaly', 'Enlarged Cardiomediastinum', 'Pleural Other']",['Cardiomegaly'],abnormal,abnormal,0.25,0.02572747316399319,0.005948744994357208,0.07692307692307693,0.02808988764044944,4,0,0,0.0,0.0,False,4,0,1.0,2.0,0.0,1.0,0.0,1.0,2.0,0.0,1.0,0.0,1.0,2.0,0.0,1.0,0.0,2.0,2.0,1.0,1.0,2.0,2.0,1.0,1.0,2.0,0.0,1.0,0.0
3192,case_f14d5767d1,B0_rule_based,False,4,True,abnormal,['Fracture'],['Fracture'],['Fracture'],,abnormal,,0.0,2.9652800378359575e-09,9.529561010106722e-10,0.02469135802469136,0.007173601147776184,2,0,0,0.0,0.0,False,2,0,,,,,,,,,,,,,,,,,,,,,,,,,,,
3192,case_f14d5767d1,G1A_llm_no_retrieval,False,5,True,abnormal,['Fracture'],['Fracture'],['Fracture'],,abnormal,,0.0,1.1147807385389192e-07,2.994774655524911e-08,0.024390243902439025,0.0071633237822349575,2,0,0,0.0,0.0,False,2,0,,,,,,,,,,,,,,,,,,,,,,,,,,,
3192,case_f14d5767d1,G1B_llm_sham_retrieval,False,19,True,normal,[],[],['Fracture'],,abnormal,,0.0,0.012430120916891151,0.0007192050008903222,0.08333333333333334,0.03511235955056179,4,1,0,0.0,0.0,False,4,1,,,,,,,,,,,,,,,,,,,,,,,,,,,
3192,case_f14d5767d1,G1_single_agent_rag,False,33,True,normal,[],[],['Fracture'],,abnormal,,0.0,0.07987792064112931,0.004708732011539536,0.12727272727272726,0.08753443526170797,4,2,2,1.0,0.6538461538461539,True,4,0,,,,,,,,,,,,,,,,,,,,,,,,,,,
3195,case_70bffb6388,B0_rule_based,True,23,True,abnormal,"['Atelectasis', 'Edema', 'Lung Opacity', 'Pleural Effusion']","['Atelectasis', 'Edema', 'Lung Opacity', 'Pleural Effusion']","['Atelectasis', 'Edema', 'Lung Opacity', 'Pleural Effusion']","['Lung Opacity', 'Support Devices']",abnormal,abnormal,0.0,0.08723935057850417,0.004970073426499864,0.11940298507462685,0.059665871121718374,5,1,0,0.0,0.0,False,5,0,1.0,3.0,1.0,1.0,1.0,1.0,3.0,1.0,1.0,1.0,1.0,3.0,1.0,1.0,1.0,3.0,3.0,1.0,1.0,3.0,3.0,1.0,1.0,0.0,0.0,4.0,0.0
3195,case_70bffb6388,G1A_llm_no_retrieval,True,18,True,normal,[],[],"['Atelectasis', 'Edema', 'Lung Opacity', 'Pleural Effusion']","['Lung Opacity', 'Support Devices']",abnormal,abnormal,0.0,0.13104282388094443,0.050144741412830034,0.2903225806451613,0.1535024154589372,4,0,0,0.0,0.0,False,4,2,0.0,0.0,2.0,0.0,1.0,0.0,0.0,2.0,0.0,1.0,0.0,0.0,2.0,0.0,1.0,3.0,0.0,1.0,0.0,3.0,0.0,1.0,0.0,0.0,0.0,0.0,0.0
3195,case_70bffb6388,G1B_llm_sham_retrieval,True,27,True,normal,[],[],"['Atelectasis', 'Edema', 'Lung Opacity', 'Pleural Effusion']","['Lung Opacity', 'Support Devices']",abnormal,abnormal,0.0,0.17759636458764422,0.013622328903072786,0.22535211267605634,0.1380497913200829,4,2,2,1.0,0.45,True,4,1,0.0,0.0,2.0,0.0,1.0,0.0,0.0,2.0,0.0,1.0,0.0,0.0,2.0,0.0,1.0,3.0,0.0,1.0,0.0,3.0,0.0,1.0,0.0,0.0,0.0,0.0,0.0
3195,case_70bffb6388,G1_single_agent_rag,True,19,True,abnormal,"['Cardiomegaly', 'Edema', 'Pleural Effusion']","['Cardiomegaly', 'Edema', 'Pleural Effusion']","['Atelectasis', 'Edema', 'Lung Opacity', 'Pleural Effusion']","['Lung Opacity', 'Support Devices']",abnormal,abnormal,0.0,0.028238152996837986,0.003248393543573013,0.06349206349206349,0.024096385542168672,3,3,0,0.0,0.0,False,3,0,0.0,3.0,2.0,1.0,1.0,0.0,3.0,2.0,1.0,1.0,0.0,3.0,2.0,1.0,1.0,3.0,2.0,1.0,0.0,3.0,2.0,1.0,0.0,0.0,1.0,2.0,0.0
3207,case_9623883991,B0_rule_based,True,4,True,abnormal,['Cardiomegaly'],['Cardiomegaly'],['Cardiomegaly'],['Cardiomegaly'],abnormal,abnormal,0.0,1.4573665932717203e-05,4.6835589514202065e-06,0.0425531914893617,0.01278772378516624,2,0,0,0.0,0.0,False,2,0,1.0,0.0,0.0,0.0,0.0,1.0,0.0,0.0,0.0,0.0,1.0,0.0,0.0,0.0,0.0,0.0,0.0,1.0,1.0,0.0,0.0,1.0,1.0,0.0,0.0,1.0,0.0
3207,case_9623883991,G1A_llm_no_retrieval,True,9,True,abnormal,['Cardiomegaly'],['Cardiomegaly'],['Cardiomegaly'],['Cardiomegaly'],abnormal,abnormal,0.0,0.015248976607492606,0.0032283589918642905,0.23076923076923078,0.10767396184062851,3,0,0,0.0,0.0,False,3,1,1.0,0.0,0.0,0.0,0.0,1.0,0.0,0.0,0.0,0.0,1.0,0.0,0.0,0.0,0.0,0.0,0.0,1.0,1.0,0.0,0.0,1.0,1.0,0.0,0.0,1.0,0.0
3207,case_9623883991,G1B_llm_sham_retrieval,True,24,True,normal,[],[],['Cardiomegaly'],['Cardiomegaly'],abnormal,abnormal,0.0,0.13215096337338264,0.012333043995573379,0.1791044776119403,0.13928199016833012,4,2,0,0.0,0.0,False,4,2,0.0,0.0,1.0,0.0,1.0,0.0,0.0,1.0,0.0,1.0,0.0,0.0,1.0,0.0,1.0,0.0,0.0,1.0,0.0,0.0,0.0,1.0,0.0,0.0,0.0,0.0,0.0
3207,case_9623883991,G1_single_agent_rag,True,8,True,abnormal,['Cardiomegaly'],['Cardiomegaly'],['Cardiomegaly'],['Cardiomegaly'],abnormal,abnormal,0.0,0.007867588901521248,0.0019662300141386237,0.19607843137254904,0.06329113924050633,3,0,0,0.0,0.0,False,3,1,1.0,0.0,0.0,0.0,0.0,1.0,0.0,0.0,0.0,0.0,1.0,0.0,0.0,0.0,0.0,0.0,0.0,1.0,1.0,0.0,0.0,1.0,1.0,0.0,0.0,1.0,0.0
3214,case_18da40dc41,B0_rule_based,True,4,True,abnormal,['Cardiomegaly'],['Cardiomegaly'],['Cardiomegaly'],"['Cardiomegaly', 'Pleural Effusion']",abnormal,abnormal,0.0,1.871295747192515e-05,6.013808734178933e-06,0.04347826086956521,0.013089005235602094,2,0,0,0.0,0.0,False,2,0,1.0,0.0,1.0,0.0,1.0,1.0,0.0,1.0,0.0,1.0,0.0,1.0,1.0,1.0,1.0,0.0,0.0,1.0,1.0,0.0,0.0,1.0,1.0,0.0,0.0,1.0,0.0
3214,case_18da40dc41,G1A_llm_no_retrieval,True,9,True,abnormal,['Cardiomegaly'],['Cardiomegaly'],['Cardiomegaly'],"['Cardiomegaly', 'Pleural Effusion']",abnormal,abnormal,0.0,0.017041022137671592,0.003992634721636086,0.23529411764705882,0.11017800746482917,3,0,0,0.0,0.0,False,3,1,1.0,0.0,1.0,0.0,1.0,1.0,0.0,1.0,0.0,1.0,0.0,1.0,1.0,1.0,1.0,0.0,0.0,1.0,1.0,0.0,0.0,1.0,1.0,0.0,0.0,1.0,0.0
3214,case_18da40dc41,G1B_llm_sham_retrieval,True,13,True,normal,[],[],['Cardiomegaly'],"['Cardiomegaly', 'Pleural Effusion']",abnormal,abnormal,0.0,0.05785540264202287,0.010211555938062425,0.21818181818181817,0.12265775875567617,3,0,0,0.0,0.0,False,3,1,0.0,0.0,2.0,0.0,1.0,0.0,0.0,2.0,0.0,1.0,0.0,0.0,1.0,0.0,1.0,0.0,0.0,1.0,0.0,0.0,0.0,1.0,0.0,0.0,0.0,0.0,0.0
3214,case_18da40dc41,G1_single_agent_rag,True,8,True,abnormal,['Cardiomegaly'],['Cardiomegaly'],['Cardiomegaly'],"['Cardiomegaly', 'Pleural Effusion']",abnormal,abnormal,0.0,0.010698175431749442,0.005457537853650766,0.24,0.11046344271732872,3,0,0,0.0,0.0,False,3,1,1.0,0.0,1.0,0.0,1.0,1.0,0.0,1.0,0.0,1.0,0.0,1.0,1.0,1.0,1.0,0.0,0.0,1.0,1.0,0.0,0.0,1.0,1.0,0.0,0.0,1.0,0.0
3216,case_e7a2ce9bef,B0_rule_based,True,10,True,normal,[],[],[],[],normal,normal,0.0,0.08131393194811984,0.010204337899122706,0.13793103448275862,0.05524861878453038,2,1,0,0.0,0.0,False,2,0,0.0,0.0,0.0,0.0,0.0,0.0,0.0,0.0,0.0,0.0,0.0,0.0,0.0,0.0,0.0,0.0,0.0,0.0,0.0,0.0,0.0,0.0,0.0,0.0,0.0,0.0,0.0
3216,case_e7a2ce9bef,G1A_llm_no_retrieval,True,254,False,abnormal,"['Atelectasis', 'Cardiomegaly', 'Consolidation', 'Edema', 'Enlarged Cardiomediastinum', 'Fracture', 'Lung Lesion', 'Lung Opacity', 'Pleural Effusion', 'Pneumonia', 'Pneumothorax', 'Support Devices']","['Atelectasis', 'Cardiomegaly', 'Consolidation', 'Edema', 'Enlarged Cardiomediastinum', 'Fracture', 'Lung Lesion', 'Lung Opacity', 'Pleural Effusion', 'Pneumonia', 'Pneumothorax', 'Support Devices']",[],[],normal,normal,0.0,0.03543307086614174,0.005076727071228729,0.05860805860805861,0.1803921568627451,19,16,0,0.0,0.0,False,19,16,0.0,12.0,0.0,1.0,0.0,0.0,12.0,0.0,1.0,0.0,0.0,12.0,0.0,1.0,0.0,0.0,0.0,0.0,0.0,0.0,0.0,0.0,0.0,0.0,0.0,0.0,12.0
3216,case_e7a2ce9bef,G1B_llm_sham_retrieval,True,37,True,normal,[],[],[],[],normal,normal,0.0,0.2972972972972973,0.016230629896197724,0.25,0.3301811824539097,5,2,0,0.0,0.2,False,5,1,0.0,0.0,0.0,0.0,0.0,0.0,0.0,0.0,0.0,0.0,0.0,0.0,0.0,0.0,0.0,0.0,0.0,0.0,0.0,0.0,0.0,0.0,0.0,0.0,0.0,0.0,0.0
3216,case_e7a2ce9bef,G1_single_agent_rag,True,22,True,normal,[],[],[],[],normal,normal,0.0,0.22727272727272727,0.02310128340501537,0.1951219512195122,0.19274611398963729,4,2,2,1.0,1.0,True,4,1,0.0,0.0,0.0,0.0,0.0,0.0,0.0,0.0,0.0,0.0,0.0,0.0,0.0,0.0,0.0,0.0,0.0,0.0,0.0,0.0,0.0,0.0,0.0,0.0,0.0,0.0,0.0
3221,case_c91a8e91d1,B0_rule_based,True,10,True,normal,[],[],[],[],normal,normal,0.0,0.07257436263153001,0.028339743727646197,0.3181818181818182,0.16836431962025314,2,1,0,0.0,0.0,False,2,0,0.0,0.0,0.0,0.0,0.0,0.0,0.0,0.0,0.0,0.0,0.0,0.0,0.0,0.0,0.0,0.0,0.0,0.0,0.0,0.0,0.0,0.0,0.0,0.0,0.0,0.0,0.0
3221,case_c91a8e91d1,G1A_llm_no_retrieval,True,255,False,abnormal,"['Atelectasis', 'Cardiomegaly', 'Consolidation', 'Edema', 'Enlarged Cardiomediastinum', 'Fracture', 'Lung Lesion', 'Lung Opacity', 'Pleural Effusion', 'Pneumonia', 'Pneumothorax', 'Support Devices']","['Atelectasis', 'Cardiomegaly', 'Consolidation', 'Edema', 'Enlarged Cardiomediastinum', 'Fracture', 'Lung Lesion', 'Lung Opacity', 'Pleural Effusion', 'Pneumonia', 'Pneumothorax', 'Support Devices']",[],[],normal,normal,0.0,0.03921568627450981,0.0022183305503265106,0.06228373702422145,0.11327985739750447,18,16,0,0.0,0.0,False,18,15,0.0,12.0,0.0,1.0,0.0,0.0,12.0,0.0,1.0,0.0,0.0,12.0,0.0,1.0,0.0,0.0,0.0,0.0,0.0,0.0,0.0,0.0,0.0,0.0,0.0,0.0,12.0
3221,case_c91a8e91d1,G1B_llm_sham_retrieval,True,34,True,abnormal,['Atelectasis'],['Atelectasis'],[],[],normal,normal,0.0,0.47058823529411764,0.0644464760356641,0.29411764705882354,0.3443818933823529,5,3,3,1.0,1.0,True,5,1,0.0,1.0,0.0,1.0,0.0,0.0,1.0,0.0,1.0,0.0,0.0,1.0,0.0,1.0,0.0,0.0,0.0,0.0,0.0,0.0,0.0,0.0,0.0,0.0,1.0,0.0,0.0
3221,case_c91a8e91d1,G1_single_agent_rag,True,22,True,normal,[],[],[],[],normal,normal,0.0,0.2371002049574221,0.02041017125611692,0.2857142857142857,0.23373983739837395,4,2,2,1.0,1.0,True,4,1,0.0,0.0,0.0,0.0,0.0,0.0,0.0,0.0,0.0,0.0,0.0,0.0,0.0,0.0,0.0,0.0,0.0,0.0,0.0,0.0,0.0,0.0,0.0,0.0,0.0,0.0,0.0
3246,case_d21d3aff37,B0_rule_based,False,4,True,abnormal,['Fracture'],['Fracture'],['Fracture'],,abnormal,,0.0,0.0009693551957930503,0.0017518225942564276,0.0,0.0,2,0,0,0.0,0.0,False,2,0,,,,,,,,,,,,,,,,,,,,,,,,,,,
3246,case_d21d3aff37,G1A_llm_no_retrieval,False,8,True,abnormal,['Fracture'],['Fracture'],['Fracture'],,abnormal,,0.5,0.004058155841979373,0.005070974042002243,0.0,0.0,2,0,0,0.0,0.0,False,2,0,,,,,,,,,,,,,,,,,,,,,,,,,,,
3246,case_d21d3aff37,G1B_llm_sham_retrieval,False,5,True,abnormal,['Fracture'],['Fracture'],['Fracture'],,abnormal,,0.0,0.0018143590657882503,0.002740929921671915,0.0,0.0,2,0,0,0.0,0.0,False,2,0,,,,,,,,,,,,,,,,,,,,,,,,,,,
3246,case_d21d3aff37,G1_single_agent_rag,False,33,True,normal,[],[],['Fracture'],,abnormal,,0.0,0.30303030303030304,0.09500266321476487,0.36,0.47956989247311826,4,2,2,1.0,0.6538461538461539,True,4,0,,,,,,,,,,,,,,,,,,,,,,,,,,,
3253,case_443e353543,B0_rule_based,True,4,True,abnormal,['Fracture'],['Fracture'],['Fracture'],[],abnormal,normal,0.0,0.00010768563514392188,3.460707983469272e-05,0.05128205128205128,0.01567398119122257,2,0,0,0.0,0.0,False,2,0,0.0,1.0,0.0,1.0,0.0,0.0,1.0,0.0,1.0,0.0,0.0,1.0,0.0,1.0,0.0,1.0,1.0,0.0,0.0,1.0,1.0,0.0,0.0,0.0,0.0,1.0,0.0
3253,case_443e353543,G1A_llm_no_retrieval,True,23,True,abnormal,['Fracture'],['Fracture'],['Fracture'],[],abnormal,normal,0.0,0.05160760850052416,0.005845465770815427,0.06896551724137931,0.029585798816568042,4,1,0,0.0,0.0,False,4,1,0.0,1.0,0.0,1.0,0.0,0.0,1.0,0.0,1.0,0.0,0.0,1.0,0.0,1.0,0.0,1.0,1.0,0.0,0.0,1.0,1.0,0.0,0.0,0.0,0.0,1.0,0.0
3253,case_443e353543,G1B_llm_sham_retrieval,True,5,True,abnormal,['Fracture'],['Fracture'],['Fracture'],[],abnormal,normal,0.0,0.0004957504353332717,0.0001331796278743913,0.049999999999999996,0.015624999999999998,2,0,0,0.0,0.0,False,2,0,0.0,1.0,0.0,1.0,0.0,0.0,1.0,0.0,1.0,0.0,0.0,1.0,0.0,1.0,0.0,1.0,1.0,0.0,0.0,1.0,1.0,0.0,0.0,1.0,0.0,0.0,0.0
3253,case_443e353543,G1_single_agent_rag,True,33,True,normal,[],[],['Fracture'],[],abnormal,normal,0.0,0.5989415982612571,0.07966178613969861,0.4411764705882353,0.4134412385643913,4,2,2,1.0,0.6538461538461539,True,4,0,0.0,0.0,0.0,0.0,0.0,0.0,0.0,0.0,0.0,0.0,0.0,0.0,0.0,0.0,0.0,1.0,0.0,0.0,0.0,1.0,0.0,0.0,0.0,0.0,0.0,0.0,0.0
3279,case_57ad957a88,B0_rule_based,True,10,True,normal,[],[],[],[],normal,normal,0.0,0.060155306233682246,0.029146786696665653,0.23255813953488375,0.16648570394498732,2,1,0,0.0,0.0,False,2,0,0.0,0.0,0.0,0.0,0.0,0.0,0.0,0.0,0.0,0.0,0.0,0.0,0.0,0.0,0.0,0.0,0.0,0.0,0.0,0.0,0.0,0.0,0.0,0.0,0.0,0.0,0.0
3279,case_57ad957a88,G1A_llm_no_retrieval,True,10,True,abnormal,['Enlarged Cardiomediastinum'],['Enlarged Cardiomediastinum'],[],[],normal,normal,0.0,0.030077653116841123,0.004952168019275646,0.13953488372093023,0.08324285197249366,2,1,0,0.0,0.0,False,2,0,0.0,1.0,0.0,1.0,0.0,0.0,1.0,0.0,1.0,0.0,0.0,1.0,0.0,1.0,0.0,0.0,0.0,0.0,0.0,0.0,0.0,0.0,0.0,0.0,0.0,0.0,1.0
3279,case_57ad957a88,G1B_llm_sham_retrieval,True,23,True,normal,[],[],[],[],normal,normal,0.0,0.5348131499823614,0.3096019783593821,0.5714285714285715,0.5504674515235457,4,2,0,0.0,0.0,False,4,1,0.0,0.0,0.0,0.0,0.0,0.0,0.0,0.0,0.0,0.0,0.0,0.0,0.0,0.0,0.0,0.0,0.0,0.0,0.0,0.0,0.0,0.0,0.0,0.0,0.0,0.0,0.0
3279,case_57ad957a88,G1_single_agent_rag,True,21,True,normal,[],[],[],[],normal,normal,0.0,0.4033700871483995,0.14532757034641033,0.37037037037037035,0.40181691125087354,4,1,0,0.0,0.0,False,4,1,0.0,0.0,0.0,0.0,0.0,0.0,0.0,0.0,0.0,0.0,0.0,0.0,0.0,0.0,0.0,0.0,0.0,0.0,0.0,0.0,0.0,0.0,0.0,0.0,0.0,0.0,0.0
3281,case_6a74f1c984,B0_rule_based,True,10,True,normal,[],[],[],['Lung Lesion'],normal,abnormal,0.0,0.004076220397836622,0.0008603001998692931,0.038461538461538464,0.01288659793814433,2,1,0,0.0,0.0,False,2,0,0.0,0.0,1.0,0.0,1.0,0.0,0.0,1.0,0.0,1.0,0.0,0.0,1.0,0.0,1.0,0.0,0.0,0.0,0.0,0.0,0.0,0.0,0.0,0.0,0.0,0.0,0.0
3281,case_6a74f1c984,G1A_llm_no_retrieval,True,10,True,abnormal,['Enlarged Cardiomediastinum'],['Enlarged Cardiomediastinum'],[],['Lung Lesion'],normal,abnormal,0.0,0.008152440795673243,0.0010230751187228265,0.07692307692307693,0.02577319587628866,2,1,0,0.0,0.0,False,2,0,0.0,1.0,1.0,1.0,1.0,0.0,1.0,1.0,1.0,1.0,0.0,1.0,1.0,1.0,1.0,0.0,0.0,0.0,0.0,0.0,0.0,0.0,0.0,0.0,0.0,0.0,1.0
3281,case_6a74f1c984,G1B_llm_sham_retrieval,True,30,True,normal,[],[],[],['Lung Lesion'],normal,abnormal,0.0,0.26812801841425576,0.04380939510400996,0.25,0.26492715141612194,4,3,3,1.0,1.0,True,4,1,0.0,0.0,1.0,0.0,1.0,0.0,0.0,1.0,0.0,1.0,0.0,0.0,1.0,0.0,1.0,0.0,0.0,0.0,0.0,0.0,0.0,0.0,0.0,0.0,0.0,0.0,0.0
3281,case_6a74f1c984,G1_single_agent_rag,True,21,True,normal,[],[],[],['Lung Lesion'],normal,abnormal,0.0,0.22773489215375003,0.0638076142927587,0.25396825396825395,0.2516646646201302,4,1,0,0.0,0.0,False,4,1,0.0,0.0,1.0,0.0,1.0,0.0,0.0,1.0,0.0,1.0,0.0,0.0,1.0,0.0,1.0,0.0,0.0,0.0,0.0,0.0,0.0,0.0,0.0,0.0,0.0,0.0,0.0
3285,case_560160b8cd,B0_rule_based,True,10,True,normal,[],[],[],[],normal,normal,0.0,0.08986579282344431,0.011277537484327563,0.14285714285714285,0.05813953488372093,2,1,0,0.0,0.0,False,2,0,0.0,0.0,0.0,0.0,0.0,0.0,0.0,0.0,0.0,0.0,0.0,0.0,0.0,0.0,0.0,0.0,0.0,0.0,0.0,0.0,0.0,0.0,0.0,0.0,0.0,0.0,0.0
3285,case_560160b8cd,G1A_llm_no_retrieval,True,10,True,abnormal,['Enlarged Cardiomediastinum'],['Enlarged Cardiomediastinum'],[],[],normal,normal,0.0,0.17973158564688863,0.02384908811660351,0.21428571428571427,0.18350290697674418,2,1,0,0.0,0.0,False,2,0,0.0,1.0,0.0,1.0,0.0,0.0,1.0,0.0,1.0,0.0,0.0,1.0,0.0,1.0,0.0,0.0,0.0,0.0,0.0,0.0,0.0,0.0,0.0,0.0,0.0,0.0,1.0
3285,case_560160b8cd,G1B_llm_sham_retrieval,True,21,True,normal,[],[],[],[],normal,normal,0.0,0.7142857142857143,0.46298522813477694,0.5128205128205129,0.7934426229508196,3,2,0,0.0,0.0,False,3,0,0.0,0.0,0.0,0.0,0.0,0.0,0.0,0.0,0.0,0.0,0.0,0.0,0.0,0.0,0.0,0.0,0.0,0.0,0.0,0.0,0.0,0.0,0.0,0.0,0.0,0.0,0.0
3285,case_560160b8cd,G1_single_agent_rag,True,21,True,normal,[],[],[],[],normal,normal,0.0,0.42857142857142855,0.06584489234269124,0.41025641025641024,0.4189435336976321,4,1,0,0.0,0.0,False,4,1,0.0,0.0,0.0,0.0,0.0,0.0,0.0,0.0,0.0,0.0,0.0,0.0,0.0,0.0,0.0,0.0,0.0,0.0,0.0,0.0,0.0,0.0,0.0,0.0,0.0,0.0,0.0
3290,case_ba6152204c,B0_rule_based,True,4,True,abnormal,['Fracture'],['Fracture'],['Fracture'],[],abnormal,normal,0.0,0.0005879436464002277,0.001062534113793848,0.0,0.0,2,0,0,0.0,0.0,False,2,0,0.0,1.0,0.0,1.0,0.0,0.0,1.0,0.0,1.0,0.0,0.0,1.0,0.0,1.0,0.0,1.0,1.0,0.0,0.0,1.0,1.0,0.0,0.0,0.0,0.0,1.0,0.0
3290,case_ba6152204c,G1A_llm_no_retrieval,True,23,True,abnormal,['Fracture'],['Fracture'],['Fracture'],[],abnormal,normal,0.0,0.043478260869565216,0.008282282660969604,0.04761904761904762,0.025773195876288662,4,1,0,0.0,0.0,False,4,1,0.0,1.0,0.0,1.0,0.0,0.0,1.0,0.0,1.0,0.0,0.0,1.0,0.0,1.0,0.0,1.0,1.0,0.0,0.0,1.0,1.0,0.0,0.0,0.0,0.0,1.0,0.0
3290,case_ba6152204c,G1B_llm_sham_retrieval,True,10,True,abnormal,['Fracture'],['Fracture'],['Fracture'],[],abnormal,normal,0.0,0.004065696597405993,0.004825333471764197,0.0,0.0,2,1,0,0.0,0.0,False,2,0,0.0,1.0,0.0,1.0,0.0,0.0,1.0,0.0,1.0,0.0,0.0,1.0,0.0,1.0,0.0,1.0,1.0,0.0,0.0,1.0,1.0,0.0,0.0,1.0,0.0,0.0,0.0
3290,case_ba6152204c,G1_single_agent_rag,True,33,True,normal,[],[],['Fracture'],[],abnormal,normal,0.0,0.3333333333333333,0.05471217141044804,0.2692307692307693,0.39154918165613345,4,2,2,1.0,0.6538461538461539,True,4,0,0.0,0.0,0.0,0.0,0.0,0.0,0.0,0.0,0.0,0.0,0.0,0.0,0.0,0.0,0.0,1.0,0.0,0.0,0.0,1.0,0.0,0.0,0.0,0.0,0.0,0.0,0.0
3302,case_45220da8b1,B0_rule_based,False,10,True,normal,[],[],[],,normal,,0.0,0.08925206405937193,0.011843106667531647,0.17142857142857143,0.08510638297872339,2,1,0,0.0,0.0,False,2,0,,,,,,,,,,,,,,,,,,,,,,,,,,,
3302,case_45220da8b1,G1A_llm_no_retrieval,False,10,True,abnormal,['Enlarged Cardiomediastinum'],['Enlarged Cardiomediastinum'],[],,normal,,0.0,0.022313016014842986,0.004709238035176906,0.05714285714285714,0.021276595744680847,2,1,0,0.0,0.0,False,2,0,,,,,,,,,,,,,,,,,,,,,,,,,,,
3302,case_45220da8b1,G1B_llm_sham_retrieval,False,39,True,normal,[],[],[],,normal,,0.0,0.4358974358974359,0.11596553793359081,0.4375,0.49996067945894934,5,3,3,1.0,0.875,True,5,0,,,,,,,,,,,,,,,,,,,,,,,,,,,
3302,case_45220da8b1,G1_single_agent_rag,False,21,True,normal,[],[],[],,normal,,0.0,0.5510436250828253,0.036728686660648095,0.34782608695652173,0.34127675460428075,4,1,0,0.0,0.0,False,4,1,,,,,,,,,,,,,,,,,,,,,,,,,,,
3316,case_51e592120e,B0_rule_based,False,11,True,abnormal,"['Lung Opacity', 'Pneumonia']","['Lung Opacity', 'Pneumonia']","['Lung Opacity', 'Pneumonia']",,abnormal,,0.0,0.040112106159998544,0.008317385975693101,0.06451612903225806,0.026178010471204192,3,0,0,0.0,0.0,False,3,0,,,,,,,,,,,,,,,,,,,,,,,,,,,
3316,case_51e592120e,G1A_llm_no_retrieval,False,12,True,abnormal,"['Lung Opacity', 'Pneumonia']",['Lung Opacity'],"['Lung Opacity', 'Pneumonia']",,abnormal,,0.0,0.08556951983876535,0.01039976998921129,0.125,0.05208333333333333,2,1,0,0.0,0.0,False,2,0,,,,,,,,,,,,,,,,,,,,,,,,,,,
3316,case_51e592120e,G1B_llm_sham_retrieval,False,7,True,abnormal,"['Lung Opacity', 'Pneumonia']",['Lung Opacity'],"['Lung Opacity', 'Pneumonia']",,abnormal,,0.0,0.02230257790228158,0.005156835566857783,0.07407407407407408,0.026737967914438502,2,0,0,0.0,0.0,False,2,0,,,,,,,,,,,,,,,,,,,,,,,,,,,
3316,case_51e592120e,G1_single_agent_rag,False,28,True,abnormal,"['Lung Opacity', 'Pneumonia']",['Lung Opacity'],"['Lung Opacity', 'Pneumonia']",,abnormal,,0.0,0.07142857142857141,0.007987276352377327,0.08333333333333333,0.04807692307692308,2,2,1,0.5,0.5238095238095238,False,2,0,,,,,,,,,,,,,,,,,,,,,,,,,,,
3322,case_21b4fa56ea,B0_rule_based,False,10,True,normal,[],[],[],,normal,,0.0,0.027067056647322542,0.003396729014902359,0.1,0.03571428571428571,2,1,0,0.0,0.0,False,2,0,,,,,,,,,,,,,,,,,,,,,,,,,,,
3322,case_21b4fa56ea,G1A_llm_no_retrieval,False,10,True,abnormal,['Enlarged Cardiomediastinum'],['Enlarged Cardiomediastinum'],[],,normal,,0.0,0.013533528323661273,0.0028562972522196747,0.05,0.017857142857142856,2,1,0,0.0,0.0,False,2,0,,,,,,,,,,,,,,,,,,,,,,,,,,,
3322,case_21b4fa56ea,G1B_llm_sham_retrieval,False,24,True,normal,[],[],[],,normal,,0.0,0.32450032627975206,0.04561014258099836,0.33333333333333326,0.21615646258503401,4,2,1,0.5,0.0,False,4,1,,,,,,,,,,,,,,,,,,,,,,,,,,,
3322,case_21b4fa56ea,G1_single_agent_rag,False,22,True,normal,[],[],[],,normal,,0.0,0.252779610326865,0.010156424339008327,0.30769230769230765,0.136986301369863,4,2,2,1.0,1.0,True,4,1,,,,,,,,,,,,,,,,,,,,,,,,,,,
3337,case_3a72922cc5,B0_rule_based,False,4,True,abnormal,['Pneumonia'],['Pneumonia'],['Pneumonia'],,abnormal,,0.0,8.839375212602496e-07,1.597455430553363e-06,0.0,0.0,2,0,0,0.0,0.0,False,2,0,,,,,,,,,,,,,,,,,,,,,,,,,,,
3337,case_3a72922cc5,G1A_llm_no_retrieval,False,7,True,abnormal,"['Lung Opacity', 'Pneumonia']","['Lung Opacity', 'Pneumonia']",['Pneumonia'],,abnormal,,0.0,6.270516918254917e-05,8.153265080879344e-05,0.0,0.0,2,0,0,0.0,0.0,False,2,0,,,,,,,,,,,,,,,,,,,,,,,,,,,
3337,case_3a72922cc5,G1B_llm_sham_retrieval,False,18,True,normal,[],[],['Pneumonia'],,abnormal,,0.0,0.1363573200907071,0.019630812690994537,0.22222222222222218,0.16235859562745442,4,0,0,0.0,0.0,False,4,1,,,,,,,,,,,,,,,,,,,,,,,,,,,
3337,case_3a72922cc5,G1_single_agent_rag,False,10,True,abnormal,"['Lung Opacity', 'Pneumonia']","['Lung Opacity', 'Pneumonia']",['Pneumonia'],,abnormal,,0.0,0.00905921502669555,0.0031542745494610672,0.1090909090909091,0.07095046854082998,2,1,0,0.0,0.0,False,2,0,,,,,,,,,,,,,,,,,,,,,,,,,,,
3347,case_2d4a3ec26d,B0_rule_based,True,4,True,abnormal,['Fracture'],['Fracture'],['Fracture'],['Support Devices'],abnormal,abnormal,0.0,9.316632930196677e-07,2.994099065998238e-07,0.034482758620689655,0.01020408163265306,2,0,0,0.0,0.0,False,2,0,0.0,1.0,1.0,1.0,1.0,0.0,1.0,1.0,1.0,1.0,0.0,1.0,0.0,1.0,0.0,1.0,1.0,0.0,0.0,1.0,1.0,0.0,0.0,0.0,0.0,1.0,0.0
3347,case_2d4a3ec26d,G1A_llm_no_retrieval,True,23,True,abnormal,['Fracture'],['Fracture'],['Fracture'],['Support Devices'],abnormal,abnormal,0.0,0.022591690386568906,0.0025589047176678838,0.051948051948051945,0.019646365422396853,4,1,0,0.0,0.0,False,4,1,0.0,1.0,1.0,1.0,1.0,0.0,1.0,1.0,1.0,1.0,0.0,1.0,0.0,1.0,0.0,1.0,1.0,0.0,0.0,1.0,1.0,0.0,0.0,0.0,0.0,1.0,0.0
3347,case_2d4a3ec26d,G1B_llm_sham_retrieval,True,5,True,abnormal,['Fracture'],['Fracture'],['Fracture'],['Support Devices'],abnormal,abnormal,0.0,1.109031988643539e-05,2.9793310710670377e-06,0.03389830508474576,0.010183299389002035,2,0,0,0.0,0.0,False,2,0,0.0,1.0,1.0,1.0,1.0,0.0,1.0,1.0,1.0,1.0,0.0,1.0,0.0,1.0,0.0,1.0,1.0,0.0,0.0,1.0,1.0,0.0,0.0,1.0,0.0,0.0,0.0
3347,case_2d4a3ec26d,G1_single_agent_rag,True,33,True,normal,[],[],['Fracture'],['Support Devices'],abnormal,abnormal,0.0,0.28866182263639106,0.02911754094955619,0.25287356321839083,0.22502913960845883,4,2,2,1.0,0.6538461538461539,True,4,0,0.0,0.0,1.0,0.0,1.0,0.0,0.0,1.0,0.0,1.0,0.0,0.0,0.0,0.0,0.0,1.0,0.0,0.0,0.0,1.0,0.0,0.0,0.0,0.0,0.0,0.0,0.0
3349,case_428e5d916e,B0_rule_based,False,10,True,abnormal,['Lung Lesion'],['Lung Lesion'],['Lung Lesion'],,abnormal,,0.0,0.0014995576820477706,0.0003164867567675957,0.03225806451612903,0.010460251046025104,2,1,0,0.0,0.0,False,2,0,,,,,,,,,,,,,,,,,,,,,,,,,,,
3349,case_428e5d916e,G1A_llm_no_retrieval,False,22,True,normal,[],[],['Lung Lesion'],,abnormal,,0.0,0.1278645799565503,0.021517634532667234,0.27027027027027023,0.19556417608365662,5,0,0,0.0,0.0,False,5,2,,,,,,,,,,,,,,,,,,,,,,,,,,,
3349,case_428e5d916e,G1B_llm_sham_retrieval,False,23,True,normal,[],[],['Lung Lesion'],,abnormal,,0.0,0.13554270688633946,0.06690326883021172,0.29333333333333333,0.18094292302772214,4,2,0,0.0,0.0,False,4,1,,,,,,,,,,,,,,,,,,,,,,,,,,,
3349,case_428e5d916e,G1_single_agent_rag,False,22,True,normal,[],[],['Lung Lesion'],,abnormal,,0.0,0.10461647450990479,0.014470781473124038,0.21621621621621623,0.1404635928445452,4,1,0,0.0,0.0,False,4,1,,,,,,,,,,,,,,,,,,,,,,,,,,,
3356,case_7c2bd20ebd,B0_rule_based,False,4,True,abnormal,['Fracture'],['Fracture'],['Fracture'],,abnormal,,0.0,0.00010768563514392188,3.460707983469272e-05,0.05128205128205128,0.01567398119122257,2,0,0,0.0,0.0,False,2,0,,,,,,,,,,,,,,,,,,,,,,,,,,,
3356,case_7c2bd20ebd,G1A_llm_no_retrieval,False,5,True,abnormal,['Fracture'],['Fracture'],['Fracture'],,abnormal,,0.0,0.0004957504353332717,0.0001331796278743913,0.049999999999999996,0.015624999999999998,2,0,0,0.0,0.0,False,2,0,,,,,,,,,,,,,,,,,,,,,,,,,,,
3356,case_7c2bd20ebd,G1B_llm_sham_retrieval,False,9,True,abnormal,['Fracture'],['Fracture'],['Fracture'],,abnormal,,0.0,0.024727999234596804,0.007095753935795875,0.13636363636363638,0.09741512345679013,2,1,0,0.0,0.0,False,2,0,,,,,,,,,,,,,,,,,,,,,,,,,,,
3356,case_7c2bd20ebd,G1_single_agent_rag,False,41,True,abnormal,['Fracture'],['Fracture'],['Fracture'],,abnormal,,0.0,0.5121951219512195,0.13634738360240478,0.39473684210526316,0.4824008254987388,7,3,3,1.0,0.5,True,7,2,,,,,,,,,,,,,,,,,,,,,,,,,,,
3358,case_0ded9b8a29,B0_rule_based,True,10,True,normal,[],[],[],[],normal,normal,0.0,0.10000000000000002,0.021105340631872645,0.15384615384615383,0.13513513513513514,2,1,0,0.0,0.0,False,2,0,0.0,0.0,0.0,0.0,0.0,0.0,0.0,0.0,0.0,0.0,0.0,0.0,0.0,0.0,0.0,0.0,0.0,0.0,0.0,0.0,0.0,0.0,0.0,0.0,0.0,0.0,0.0
3358,case_0ded9b8a29,G1A_llm_no_retrieval,True,22,True,normal,[],[],[],[],normal,normal,0.0,0.04545454545454546,0.008687475782716624,0.08,0.10204081632653063,4,1,0,0.0,0.0,False,4,1,0.0,0.0,0.0,0.0,0.0,0.0,0.0,0.0,0.0,0.0,0.0,0.0,0.0,0.0,0.0,0.0,0.0,0.0,0.0,0.0,0.0,0.0,0.0,0.0,0.0,0.0,0.0
3358,case_0ded9b8a29,G1B_llm_sham_retrieval,True,23,False,normal,[],[],[],[],normal,normal,0.0,0.043478260869565216,0.008282282660969604,0.07692307692307691,0.1,4,2,0,0.0,0.0,False,4,1,0.0,0.0,0.0,0.0,0.0,0.0,0.0,0.0,0.0,0.0,0.0,0.0,0.0,0.0,0.0,0.0,0.0,0.0,0.0,0.0,0.0,0.0,0.0,0.0,0.0,0.0,0.0
3358,case_0ded9b8a29,G1_single_agent_rag,True,21,True,normal,[],[],[],[],normal,normal,0.0,0.047619047619047616,0.009134423666564478,0.08333333333333333,0.10416666666666667,4,1,0,0.0,0.0,False,4,1,0.0,0.0,0.0,0.0,0.0,0.0,0.0,0.0,0.0,0.0,0.0,0.0,0.0,0.0,0.0,0.0,0.0,0.0,0.0,0.0,0.0,0.0,0.0,0.0,0.0,0.0,0.0
3363,case_249bffdf1e,B0_rule_based,True,10,True,normal,[],[],[],['Lung Opacity'],normal,abnormal,0.0,0.005554498269121153,0.00035059821319751957,0.12307692307692307,0.04950495049504951,2,1,0,0.0,0.0,False,2,0,0.0,0.0,1.0,0.0,1.0,0.0,0.0,1.0,0.0,1.0,0.0,0.0,1.0,0.0,1.0,0.0,0.0,0.0,0.0,0.0,0.0,0.0,0.0,0.0,0.0,0.0,0.0
3363,case_249bffdf1e,G1A_llm_no_retrieval,True,22,True,normal,[],[],[],['Lung Opacity'],normal,abnormal,0.0,0.15213420010120213,0.017060419139921526,0.3116883116883117,0.21586073500967115,4,1,0,0.0,0.0,False,4,1,0.0,0.0,1.0,0.0,1.0,0.0,0.0,1.0,0.0,1.0,0.0,0.0,1.0,0.0,1.0,0.0,0.0,0.0,0.0,0.0,0.0,0.0,0.0,0.0,0.0,0.0,0.0
3363,case_249bffdf1e,G1B_llm_sham_retrieval,True,12,True,normal,[],[],[],['Lung Opacity'],normal,abnormal,0.5,0.01389146697706213,0.00074064792243167,0.11940298507462686,0.05917159763313609,2,2,0,0.0,0.0,False,2,0,0.0,0.0,1.0,0.0,1.0,0.0,0.0,1.0,0.0,1.0,0.0,0.0,1.0,0.0,1.0,0.0,0.0,0.0,0.0,0.0,0.0,0.0,0.0,0.0,0.0,0.0,0.0
3363,case_249bffdf1e,G1_single_agent_rag,True,21,True,normal,[],[],[],['Lung Opacity'],normal,abnormal,0.0,0.1509236295722656,0.008469309684301613,0.26315789473684215,0.1823295179263566,4,1,0,0.0,0.0,False,4,1,0.0,0.0,1.0,0.0,1.0,0.0,0.0,1.0,0.0,1.0,0.0,0.0,1.0,0.0,1.0,0.0,0.0,0.0,0.0,0.0,0.0,0.0,0.0,0.0,0.0,0.0,0.0
3366,case_e0c084134f,B0_rule_based,False,10,True,normal,[],[],[],,normal,,0.0,0.033287108369807965,0.007025357607948558,0.06451612903225806,0.02512562814070352,2,1,0,0.0,0.0,False,2,0,,,,,,,,,,,,,,,,,,,,,,,,,,,
3366,case_e0c084134f,G1A_llm_no_retrieval,False,22,True,normal,[],[],[],,normal,,0.0,0.3181818181818182,0.029883097780540872,0.2790697674418604,0.27130283392978044,4,1,0,0.0,0.0,False,4,1,,,,,,,,,,,,,,,,,,,,,,,,,,,
3366,case_e0c084134f,G1B_llm_sham_retrieval,False,42,True,abnormal,"['Atelectasis', 'Cardiomegaly', 'Lung Opacity']","['Atelectasis', 'Cardiomegaly', 'Lung Opacity']",[],,normal,,0.5,0.07142857142857141,0.010279947040838344,0.09523809523809523,0.06493506493506494,6,4,0,0.0,0.17142857142857143,False,6,0,,,,,,,,,,,,,,,,,,,,,,,,,,,
3366,case_e0c084134f,G1_single_agent_rag,False,21,True,normal,[],[],[],,normal,,0.0,0.42857142857142855,0.03702730401700487,0.3333333333333333,0.278071722516167,4,1,0,0.0,0.0,False,4,1,,,,,,,,,,,,,,,,,,,,,,,,,,,
3369,case_8c15f047ba,B0_rule_based,True,9,True,abnormal,"['Fracture', 'Pneumothorax']","['Fracture', 'Pneumothorax']","['Fracture', 'Pneumothorax']","['Atelectasis', 'Lung Opacity', 'Pneumothorax']",abnormal,abnormal,0.0,0.009521833594850124,0.0009015227882805967,0.12,0.03968253968253968,3,0,0,0.0,0.0,False,3,0,1.0,1.0,2.0,1.0,1.0,1.0,1.0,2.0,1.0,1.0,1.0,1.0,0.0,1.0,0.0,1.0,1.0,1.0,1.0,1.0,1.0,1.0,1.0,0.0,0.0,2.0,0.0
3369,case_8c15f047ba,G1A_llm_no_retrieval,True,15,True,abnormal,"['Fracture', 'Pneumothorax']","['Fracture', 'Pneumothorax']","['Fracture', 'Pneumothorax']","['Atelectasis', 'Lung Opacity', 'Pneumothorax']",abnormal,abnormal,0.0,0.058898148585532245,0.006210540894826634,0.17857142857142858,0.096875,3,0,0,0.0,0.0,False,3,0,1.0,1.0,2.0,1.0,1.0,1.0,1.0,2.0,1.0,1.0,1.0,1.0,0.0,1.0,0.0,1.0,1.0,1.0,1.0,1.0,1.0,1.0,1.0,0.0,0.0,2.0,0.0
3369,case_8c15f047ba,G1B_llm_sham_retrieval,True,25,True,normal,[],[],"['Fracture', 'Pneumothorax']","['Atelectasis', 'Lung Opacity', 'Pneumothorax']",abnormal,abnormal,0.0,0.16873357569377556,0.006718132831897063,0.15151515151515152,0.10152284263959391,5,1,0,0.0,0.0,False,5,1,0.0,0.0,3.0,0.0,1.0,0.0,0.0,3.0,0.0,1.0,0.0,0.0,1.0,0.0,1.0,1.0,0.0,1.0,0.0,1.0,0.0,1.0,0.0,0.0,0.0,0.0,0.0
3369,case_8c15f047ba,G1_single_agent_rag,True,44,True,abnormal,['Fracture'],['Fracture'],"['Fracture', 'Pneumothorax']","['Atelectasis', 'Lung Opacity', 'Pneumothorax']",abnormal,abnormal,0.0,0.18181818181818182,0.012517970592156707,0.1176470588235294,0.12882112590799033,7,3,2,0.6666666666666666,0.40540540540540543,False,7,2,0.0,1.0,3.0,1.0,1.0,0.0,1.0,3.0,1.0,1.0,0.0,1.0,1.0,1.0,1.0,1.0,1.0,1.0,0.0,1.0,1.0,1.0,0.0,0.0,0.0,1.0,0.0
3370,case_60c42cd467,B0_rule_based,True,10,True,normal,[],[],[],[],normal,normal,0.0,0.0817595379102038,0.028467370389807616,0.18181818181818182,0.13568868407578083,2,1,0,0.0,0.0,False,2,0,0.0,0.0,0.0,0.0,0.0,0.0,0.0,0.0,0.0,0.0,0.0,0.0,0.0,0.0,0.0,0.0,0.0,0.0,0.0,0.0,0.0,0.0,0.0,0.0,0.0,0.0,0.0
3370,case_60c42cd467,G1A_llm_no_retrieval,True,10,True,abnormal,['Enlarged Cardiomediastinum'],['Enlarged Cardiomediastinum'],[],[],normal,normal,0.0,0.0027253179303401275,0.003234517754930288,0.0,0.0,2,1,0,0.0,0.0,False,2,0,0.0,1.0,0.0,1.0,0.0,0.0,1.0,0.0,1.0,0.0,0.0,1.0,0.0,1.0,0.0,0.0,0.0,0.0,0.0,0.0,0.0,0.0,0.0,0.0,0.0,0.0,1.0
3370,case_60c42cd467,G1B_llm_sham_retrieval,True,35,True,abnormal,['Pneumothorax'],['Pneumothorax'],[],[],normal,normal,0.0,0.1714285714285714,0.014782064491589643,0.13793103448275862,0.17619375573921028,6,3,3,1.0,0.8214285714285714,True,6,2,0.0,1.0,0.0,1.0,0.0,0.0,1.0,0.0,1.0,0.0,0.0,1.0,0.0,1.0,0.0,0.0,0.0,0.0,0.0,0.0,0.0,0.0,0.0,0.0,1.0,0.0,0.0
3370,case_60c42cd467,G1_single_agent_rag,True,21,True,normal,[],[],[],[],normal,normal,0.0,0.38963847551859127,0.030418507260451613,0.31818181818181823,0.3018735109378385,4,1,0,0.0,0.0,False,4,1,0.0,0.0,0.0,0.0,0.0,0.0,0.0,0.0,0.0,0.0,0.0,0.0,0.0,0.0,0.0,0.0,0.0,0.0,0.0,0.0,0.0,0.0,0.0,0.0,0.0,0.0,0.0
3374,case_5f180354cc,B0_rule_based,True,10,True,normal,[],[],[],['Lung Lesion'],normal,abnormal,0.0,0.00407056770366028,0.0006702030615239649,0.09523809523809525,0.05247547342003194,2,1,0,0.0,0.0,False,2,0,0.0,0.0,1.0,0.0,1.0,0.0,0.0,1.0,0.0,1.0,0.0,0.0,1.0,0.0,1.0,0.0,0.0,0.0,0.0,0.0,0.0,0.0,0.0,0.0,0.0,0.0,0.0
3374,case_5f180354cc,G1A_llm_no_retrieval,True,10,True,abnormal,['Enlarged Cardiomediastinum'],['Enlarged Cardiomediastinum'],[],['Lung Lesion'],normal,abnormal,0.0,0.002713711802440187,0.0003405521234738087,0.06349206349206349,0.02053388090349076,2,1,0,0.0,0.0,False,2,0,0.0,1.0,1.0,1.0,1.0,0.0,1.0,1.0,1.0,1.0,0.0,1.0,1.0,1.0,1.0,0.0,0.0,0.0,0.0,0.0,0.0,0.0,0.0,0.0,0.0,0.0,1.0
3374,case_5f180354cc,G1B_llm_sham_retrieval,True,32,True,normal,[],[],[],['Lung Lesion'],normal,abnormal,0.0,0.09727371856010425,0.008424115790588688,0.11764705882352942,0.05893909626719057,4,2,0,0.0,0.36,False,4,1,0.0,0.0,1.0,0.0,1.0,0.0,0.0,1.0,0.0,1.0,0.0,0.0,1.0,0.0,1.0,0.0,0.0,0.0,0.0,0.0,0.0,0.0,0.0,0.0,0.0,0.0,0.0
3374,case_5f180354cc,G1_single_agent_rag,True,21,True,normal,[],[],[],['Lung Lesion'],normal,abnormal,0.0,0.1348782709381234,0.02009821177369496,0.24324324324324323,0.15838501936741045,4,1,0,0.0,0.0,False,4,1,0.0,0.0,1.0,0.0,1.0,0.0,0.0,1.0,0.0,1.0,0.0,0.0,1.0,0.0,1.0,0.0,0.0,0.0,0.0,0.0,0.0,0.0,0.0,0.0,0.0,0.0,0.0
3378,case_a2dd606dab,B0_rule_based,True,4,True,abnormal,['Fracture'],['Fracture'],['Fracture'],"['Fracture', 'Pneumothorax']",abnormal,abnormal,0.0,2.41814005294255e-08,3.4091624039414625e-09,0.07792207792207792,0.022692889561270798,2,0,0,0.0,0.0,False,2,0,1.0,0.0,1.0,0.0,1.0,1.0,0.0,1.0,0.0,1.0,1.0,0.0,1.0,0.0,1.0,0.0,0.0,1.0,1.0,0.0,0.0,1.0,1.0,0.0,0.0,1.0,0.0
3378,case_a2dd606dab,G1A_llm_no_retrieval,True,5,True,abnormal,['Fracture'],['Fracture'],['Fracture'],"['Fracture', 'Pneumothorax']",abnormal,abnormal,0.0,9.923960639653707e-07,9.425724296263365e-08,0.10256410256410256,0.030211480362537763,2,0,0,0.0,0.0,False,2,0,1.0,0.0,1.0,0.0,1.0,1.0,0.0,1.0,0.0,1.0,1.0,0.0,1.0,0.0,1.0,0.0,0.0,1.0,1.0,0.0,0.0,1.0,1.0,0.0,0.0,1.0,0.0
3378,case_a2dd606dab,G1B_llm_sham_retrieval,True,20,True,normal,[],[],['Fracture'],"['Fracture', 'Pneumothorax']",abnormal,abnormal,0.0,0.024727924571150355,0.004161744134339019,0.10752688172043011,0.07084074397853675,4,1,0,0.0,0.0,False,4,1,0.0,0.0,2.0,0.0,1.0,0.0,0.0,2.0,0.0,1.0,0.0,0.0,2.0,0.0,1.0,0.0,0.0,1.0,0.0,0.0,0.0,1.0,0.0,0.0,0.0,0.0,0.0
3378,case_a2dd606dab,G1_single_agent_rag,True,33,True,normal,[],[],['Fracture'],"['Fracture', 'Pneumothorax']",abnormal,abnormal,0.0,0.11722273733085911,0.013283480459993903,0.16981132075471697,0.14552782780207527,4,2,2,1.0,0.6538461538461539,True,4,0,0.0,0.0,2.0,0.0,1.0,0.0,0.0,2.0,0.0,1.0,0.0,0.0,2.0,0.0,1.0,0.0,0.0,1.0,0.0,0.0,0.0,1.0,0.0,0.0,0.0,0.0,0.0
3379,case_0bd86aed41,B0_rule_based,True,8,True,abnormal,['Enlarged Cardiomediastinum'],['Enlarged Cardiomediastinum'],['Enlarged Cardiomediastinum'],"['Cardiomegaly', 'Lung Opacity']",abnormal,abnormal,0.0,0.0016916910404576595,0.0021138964808863443,0.0,0.0,2,0,0,0.0,0.0,False,2,0,0.0,1.0,2.0,1.0,1.0,0.0,1.0,2.0,1.0,1.0,0.0,1.0,2.0,1.0,1.0,1.0,1.0,0.0,0.0,1.0,1.0,0.0,0.0,1.0,0.0,0.0,0.0
3379,case_0bd86aed41,G1A_llm_no_retrieval,True,7,True,abnormal,['Enlarged Cardiomediastinum'],['Enlarged Cardiomediastinum'],['Enlarged Cardiomediastinum'],"['Cardiomegaly', 'Lung Opacity']",abnormal,abnormal,0.0,0.0012594669908908215,0.0016376270682653884,0.0,0.0,2,0,0,0.0,0.0,False,2,0,0.0,1.0,2.0,1.0,1.0,0.0,1.0,2.0,1.0,1.0,0.0,1.0,2.0,1.0,1.0,1.0,1.0,0.0,0.0,1.0,1.0,0.0,0.0,1.0,0.0,0.0,0.0
3379,case_0bd86aed41,G1B_llm_sham_retrieval,True,15,True,normal,[],[],['Enlarged Cardiomediastinum'],"['Cardiomegaly', 'Lung Opacity']",abnormal,abnormal,0.0,0.036587442406268426,0.0072541634626372775,0.05128205128205127,0.021645021645021644,3,1,0,0.0,0.0,False,3,1,0.0,0.0,2.0,0.0,1.0,0.0,0.0,2.0,0.0,1.0,0.0,0.0,2.0,0.0,1.0,1.0,0.0,0.0,0.0,1.0,0.0,0.0,0.0,0.0,0.0,0.0,0.0
3379,case_0bd86aed41,G1_single_agent_rag,True,21,True,abnormal,['Cardiomegaly'],['Cardiomegaly'],['Enlarged Cardiomediastinum'],"['Cardiomegaly', 'Lung Opacity']",abnormal,abnormal,0.0,0.12383969996431167,0.010421239950989354,0.08888888888888889,0.06329113924050632,4,2,2,1.0,0.7857142857142857,True,4,2,1.0,0.0,1.0,0.0,1.0,1.0,0.0,1.0,0.0,1.0,1.0,0.0,1.0,0.0,1.0,1.0,0.0,0.0,0.0,1.0,0.0,0.0,0.0,0.0,1.0,0.0,0.0
3383,case_54ec03ba5d,B0_rule_based,False,10,True,normal,[],[],[],,normal,,0.0,0.06657421673961592,0.008354605252810923,0.12903225806451613,0.05025125628140704,2,1,0,0.0,0.0,False,2,0,,,,,,,,,,,,,,,,,,,,,,,,,,,
3383,case_54ec03ba5d,G1A_llm_no_retrieval,False,10,True,abnormal,['Enlarged Cardiomediastinum'],['Enlarged Cardiomediastinum'],[],,normal,,0.0,0.0033287108369807967,0.003950648907189894,0.0,0.0,2,1,0,0.0,0.0,False,2,0,,,,,,,,,,,,,,,,,,,,,,,,,,,
3383,case_54ec03ba5d,G1B_llm_sham_retrieval,False,26,True,normal,[],[],[],,normal,,0.0,0.19230769230769232,0.010864991539917157,0.0425531914893617,0.11627906976744184,3,2,2,1.0,1.0,True,3,0,,,,,,,,,,,,,,,,,,,,,,,,,,,
3383,case_54ec03ba5d,G1_single_agent_rag,False,21,True,normal,[],[],[],,normal,,0.0,0.42857142857142855,0.14962848372546667,0.19047619047619047,0.39182833627278074,4,1,0,0.0,0.0,False,4,1,,,,,,,,,,,,,,,,,,,,,,,,,,,
3386,case_98d6b8f835,B0_rule_based,True,10,True,normal,[],[],[],[],normal,normal,0.0,0.050129421861401874,0.006691370194275697,0.23255813953488375,0.1211726384364821,2,1,0,0.0,0.0,False,2,0,0.0,0.0,0.0,0.0,0.0,0.0,0.0,0.0,0.0,0.0,0.0,0.0,0.0,0.0,0.0,0.0,0.0,0.0,0.0,0.0,0.0,0.0,0.0,0.0,0.0,0.0,0.0
3386,case_98d6b8f835,G1A_llm_no_retrieval,True,10,True,abnormal,['Enlarged Cardiomediastinum'],['Enlarged Cardiomediastinum'],[],[],normal,normal,0.0,0.0401035374891215,0.005321450850851756,0.13953488372093023,0.10280944625407167,2,1,0,0.0,0.0,False,2,0,0.0,1.0,0.0,1.0,0.0,0.0,1.0,0.0,1.0,0.0,0.0,1.0,0.0,1.0,0.0,0.0,0.0,0.0,0.0,0.0,0.0,0.0,0.0,0.0,0.0,0.0,1.0
3386,case_98d6b8f835,G1B_llm_sham_retrieval,True,25,True,normal,[],[],[],[],normal,normal,0.0,0.34855153779537157,0.04261141432223184,0.3103448275862069,0.22914510006901312,4,2,0,0.0,0.0,False,4,1,0.0,0.0,0.0,0.0,0.0,0.0,0.0,0.0,0.0,0.0,0.0,0.0,0.0,0.0,0.0,0.0,0.0,0.0,0.0,0.0,0.0,0.0,0.0,0.0,0.0,0.0,0.0
3386,case_98d6b8f835,G1_single_agent_rag,True,21,True,normal,[],[],[],[],normal,normal,0.0,0.24202205228903967,0.01588815627518067,0.2222222222222222,0.183632269586148,4,1,0,0.0,0.0,False,4,1,0.0,0.0,0.0,0.0,0.0,0.0,0.0,0.0,0.0,0.0,0.0,0.0,0.0,0.0,0.0,0.0,0.0,0.0,0.0,0.0,0.0,0.0,0.0,0.0,0.0,0.0,0.0
3388,case_af2afc1678,B0_rule_based,False,12,True,indeterminate,[],[],[],,indeterminate,,0.0,0.013680833103983134,0.0016627125851623222,0.037037037037037035,0.02564102564102564,2,1,0,0.0,0.0,False,2,2,,,,,,,,,,,,,,,,,,,,,,,,,,,
3388,case_af2afc1678,G1A_llm_no_retrieval,False,15,True,normal,[],[],[],,indeterminate,,0.0,0.05509962940719552,0.003267205566873018,0.10526315789473682,0.06361323155216285,2,1,0,0.0,0.0,False,2,1,,,,,,,,,,,,,,,,,,,,,,,,,,,
3388,case_af2afc1678,G1B_llm_sham_retrieval,False,25,True,normal,[],[],[],,indeterminate,,0.0,0.26344083603010665,0.04289290494763052,0.3283582089552239,0.26906191727722556,5,0,0,0.0,0.0,False,5,1,,,,,,,,,,,,,,,,,,,,,,,,,,,
3388,case_af2afc1678,G1_single_agent_rag,False,25,True,normal,[],[],[],,indeterminate,,0.0,0.26344083603010665,0.04289290494763052,0.3283582089552239,0.26906191727722556,5,0,0,0.0,0.0,False,5,1,,,,,,,,,,,,,,,,,,,,,,,,,,,
3402,case_da935a9864,B0_rule_based,False,10,True,normal,[],[],[],,normal,,0.0,0.06766764161830635,0.017775679729947695,0.25,0.08928571428571427,2,1,0,0.0,0.0,False,2,0,,,,,,,,,,,,,,,,,,,,,,,,,,,
3402,case_da935a9864,G1A_llm_no_retrieval,False,10,True,abnormal,['Enlarged Cardiomediastinum'],['Enlarged Cardiomediastinum'],[],,normal,,0.0,0.013533528323661273,0.0028562972522196747,0.05,0.017857142857142856,2,1,0,0.0,0.0,False,2,0,,,,,,,,,,,,,,,,,,,,,,,,,,,
3402,case_da935a9864,G1B_llm_sham_retrieval,False,11,True,normal,[],[],[],,normal,,0.0,0.08080389674006265,0.018844025810069682,0.2439024390243902,0.0889679715302491,2,1,0,0.0,0.0,False,2,0,,,,,,,,,,,,,,,,,,,,,,,,,,,
3402,case_da935a9864,G1_single_agent_rag,False,22,True,normal,[],[],[],,normal,,0.0,0.37916941549029753,0.06615443487639228,0.34615384615384615,0.3242722602739726,4,2,2,1.0,1.0,True,4,1,,,,,,,,,,,,,,,,,,,,,,,,,,,
3405,case_11a2e7a367,B0_rule_based,False,10,True,normal,[],[],[],,normal,,0.0,0.07347385695178914,0.035599965662813565,0.24390243902439024,0.1768550557477893,2,1,0,0.0,0.0,False,2,0,,,,,,,,,,,,,,,,,,,,,,,,,,,
3405,case_11a2e7a367,G1A_llm_no_retrieval,False,10,True,abnormal,['Enlarged Cardiomediastinum'],['Enlarged Cardiomediastinum'],[],,normal,,0.0,0.012245642825298194,0.0025844846308416564,0.04878048780487805,0.017301038062283735,2,1,0,0.0,0.0,False,2,0,,,,,,,,,,,,,,,,,,,,,,,,,,,
3405,case_11a2e7a367,G1B_llm_sham_retrieval,False,25,True,normal,[],[],[],,normal,,0.0,0.5978371744105806,0.14977423376934224,0.5,0.5249034115760315,5,1,0,0.0,0.0,False,5,1,,,,,,,,,,,,,,,,,,,,,,,,,,,
3405,case_11a2e7a367,G1_single_agent_rag,False,21,True,normal,[],[],[],,normal,,0.0,0.38451843090480337,0.025213922087170215,0.34615384615384615,0.26291913214990137,4,1,0,0.0,0.0,False,4,1,,,,,,,,,,,,,,,,,,,,,,,,,,,
3435,case_8a5c73989d,B0_rule_based,True,8,True,abnormal,['Enlarged Cardiomediastinum'],['Enlarged Cardiomediastinum'],['Enlarged Cardiomediastinum'],['Cardiomegaly'],abnormal,abnormal,0.0,0.00012916220483095465,2.870107188907115e-05,0.02816901408450704,0.008695652173913044,2,0,0,0.0,0.0,False,2,0,0.0,1.0,1.0,1.0,1.0,0.0,1.0,1.0,1.0,1.0,0.0,1.0,1.0,1.0,1.0,1.0,1.0,0.0,0.0,1.0,1.0,0.0,0.0,1.0,0.0,0.0,0.0
3435,case_8a5c73989d,G1A_llm_no_retrieval,True,7,True,abnormal,['Enlarged Cardiomediastinum'],['Enlarged Cardiomediastinum'],['Enlarged Cardiomediastinum'],['Cardiomegaly'],abnormal,abnormal,0.0,4.792323255750172e-06,6.231237769830931e-06,0.0,0.0,2,0,0,0.0,0.0,False,2,0,0.0,1.0,1.0,1.0,1.0,0.0,1.0,1.0,1.0,1.0,0.0,1.0,1.0,1.0,1.0,1.0,1.0,0.0,0.0,1.0,1.0,0.0,0.0,1.0,0.0,0.0,0.0
3435,case_8a5c73989d,G1B_llm_sham_retrieval,True,19,True,normal,[],[],['Enlarged Cardiomediastinum'],['Cardiomegaly'],abnormal,abnormal,0.0,0.036358825804666574,0.002906639477753323,0.14634146341463414,0.059726962457337884,4,1,1,1.0,0.3333333333333333,True,4,1,0.0,0.0,1.0,0.0,1.0,0.0,0.0,1.0,0.0,1.0,0.0,0.0,1.0,0.0,1.0,1.0,0.0,0.0,0.0,1.0,0.0,0.0,0.0,0.0,0.0,0.0,0.0
3435,case_8a5c73989d,G1_single_agent_rag,True,21,True,abnormal,['Cardiomegaly'],['Cardiomegaly'],['Enlarged Cardiomediastinum'],['Cardiomegaly'],abnormal,abnormal,0.0,0.03222268648490779,0.003287264791092703,0.09523809523809523,0.06326530612244897,4,2,2,1.0,0.7857142857142857,True,4,2,1.0,0.0,0.0,0.0,0.0,1.0,0.0,0.0,0.0,0.0,1.0,0.0,0.0,0.0,0.0,1.0,0.0,0.0,0.0,1.0,0.0,0.0,0.0,0.0,1.0,0.0,0.0
3450,case_be22358ac7,B0_rule_based,True,10,True,normal,[],[],[],[],normal,normal,0.0,0.08131393194811984,0.018146163979089743,0.13793103448275862,0.10359116022099446,2,1,0,0.0,0.0,False,2,0,0.0,0.0,0.0,0.0,0.0,0.0,0.0,0.0,0.0,0.0,0.0,0.0,0.0,0.0,0.0,0.0,0.0,0.0,0.0,0.0,0.0,0.0,0.0,0.0,0.0,0.0,0.0
3450,case_be22358ac7,G1A_llm_no_retrieval,True,10,True,abnormal,['Enlarged Cardiomediastinum'],['Enlarged Cardiomediastinum'],[],[],normal,normal,0.0,0.040656965974059926,0.008580791159409903,0.06896551724137931,0.02762430939226519,2,1,0,0.0,0.0,False,2,0,0.0,1.0,0.0,1.0,0.0,0.0,1.0,0.0,1.0,0.0,0.0,1.0,0.0,1.0,0.0,0.0,0.0,0.0,0.0,0.0,0.0,0.0,0.0,0.0,0.0,0.0,1.0
3450,case_be22358ac7,G1B_llm_sham_retrieval,True,22,True,normal,[],[],[],[],normal,normal,0.0,0.4090909090909091,0.2910624919304027,0.43902439024390244,0.3566174118851148,4,2,0,0.0,0.0,False,4,1,0.0,0.0,0.0,0.0,0.0,0.0,0.0,0.0,0.0,0.0,0.0,0.0,0.0,0.0,0.0,0.0,0.0,0.0,0.0,0.0,0.0,0.0,0.0,0.0,0.0,0.0,0.0
3450,case_be22358ac7,G1_single_agent_rag,True,22,True,normal,[],[],[],[],normal,normal,0.0,0.36363636363636365,0.0653402965991945,0.2926829268292683,0.3886010362694301,4,2,2,1.0,1.0,True,4,1,0.0,0.0,0.0,0.0,0.0,0.0,0.0,0.0,0.0,0.0,0.0,0.0,0.0,0.0,0.0,0.0,0.0,0.0,0.0,0.0,0.0,0.0,0.0,0.0,0.0,0.0,0.0
3455,case_bbc5208df2,B0_rule_based,True,13,True,abnormal,"['Edema', 'Lung Opacity']","['Edema', 'Lung Opacity']","['Edema', 'Lung Opacity']","['Atelectasis', 'Cardiomegaly', 'Edema', 'Lung Opacity']",abnormal,abnormal,0.0,0.05351059911881361,0.008431656470910964,0.13333333333333333,0.04983388704318937,3,0,0,0.0,0.0,False,3,0,2.0,0.0,2.0,0.0,1.0,2.0,0.0,2.0,0.0,1.0,2.0,0.0,1.0,0.0,1.0,0.0,0.0,2.0,2.0,0.0,0.0,2.0,2.0,1.0,0.0,1.0,0.0
3455,case_bbc5208df2,G1A_llm_no_retrieval,True,23,True,normal,[],[],"['Edema', 'Lung Opacity']","['Atelectasis', 'Cardiomegaly', 'Edema', 'Lung Opacity']",abnormal,abnormal,0.0,0.17639330413871673,0.018535488688428938,0.18181818181818182,0.16434440871739903,5,0,0,0.0,0.0,False,5,1,0.0,0.0,4.0,0.0,1.0,0.0,0.0,4.0,0.0,1.0,0.0,0.0,3.0,0.0,1.0,0.0,0.0,2.0,0.0,0.0,0.0,2.0,0.0,0.0,0.0,0.0,0.0
3455,case_bbc5208df2,G1B_llm_sham_retrieval,True,8,True,abnormal,['Lung Opacity'],['Lung Opacity'],"['Edema', 'Lung Opacity']","['Atelectasis', 'Cardiomegaly', 'Edema', 'Lung Opacity']",abnormal,abnormal,0.5,0.01867015063794898,0.0018199922872487349,0.1,0.05067567567567567,2,0,0,0.0,0.0,False,2,0,1.0,0.0,3.0,0.0,1.0,1.0,0.0,3.0,0.0,1.0,1.0,0.0,2.0,0.0,1.0,0.0,0.0,2.0,1.0,0.0,0.0,2.0,1.0,0.0,0.0,1.0,0.0
3455,case_bbc5208df2,G1_single_agent_rag,True,24,True,abnormal,"['Atelectasis', 'Cardiomegaly', 'Lung Opacity']","['Atelectasis', 'Cardiomegaly', 'Lung Opacity']","['Edema', 'Lung Opacity']","['Atelectasis', 'Cardiomegaly', 'Edema', 'Lung Opacity']",abnormal,abnormal,0.0,0.14927735636953943,0.015077606697476185,0.14285714285714288,0.11923076923076924,5,3,1,0.3333333333333333,0.11764705882352941,False,5,1,3.0,0.0,1.0,0.0,1.0,3.0,0.0,1.0,0.0,1.0,2.0,1.0,1.0,1.0,1.0,0.0,0.0,2.0,1.0,0.0,0.0,2.0,1.0,0.0,2.0,1.0,0.0
3456,case_c55845e865,B0_rule_based,False,10,True,normal,[],[],[],,normal,,0.0,0.04060058497098381,0.0037590985869139244,0.15,0.05357142857142856,2,1,0,0.0,0.0,False,2,0,,,,,,,,,,,,,,,,,,,,,,,,,,,
3456,case_c55845e865,G1A_llm_no_retrieval,False,10,True,abnormal,['Enlarged Cardiomediastinum'],['Enlarged Cardiomediastinum'],[],,normal,,0.0,0.04060058497098381,0.0066847276174154405,0.15,0.09126984126984125,2,1,0,0.0,0.0,False,2,0,,,,,,,,,,,,,,,,,,,,,,,,,,,
3456,case_c55845e865,G1B_llm_sham_retrieval,False,20,True,normal,[],[],[],,normal,,0.0,0.18195919791379003,0.016256023404232836,0.16,0.14703065134099613,3,2,1,0.5,0.15384615384615385,False,3,1,,,,,,,,,,,,,,,,,,,,,,,,,,,
3456,case_c55845e865,G1_single_agent_rag,False,21,True,normal,[],[],[],,normal,,0.0,0.2791881675133095,0.018328020912471463,0.19607843137254902,0.20067031521785247,4,1,0,0.0,0.0,False,4,1,,,,,,,,,,,,,,,,,,,,,,,,,,,
3460,case_321167e265,B0_rule_based,True,12,True,indeterminate,[],[],[],[],indeterminate,normal,0.0,0.09996241358621183,0.00896340311221506,0.11428571428571427,0.0684931506849315,2,1,0,0.0,0.0,False,2,2,0.0,0.0,0.0,0.0,0.0,0.0,0.0,0.0,0.0,0.0,0.0,0.0,0.0,0.0,0.0,0.0,0.0,0.0,0.0,0.0,0.0,0.0,0.0,0.0,0.0,0.0,0.0
3460,case_321167e265,G1A_llm_no_retrieval,True,15,True,normal,[],[],[],[],indeterminate,normal,0.0,0.11732924390200634,0.010205178765783047,0.15789473684210528,0.06756756756756756,2,1,0,0.0,0.0,False,2,1,0.0,0.0,0.0,0.0,0.0,0.0,0.0,0.0,0.0,0.0,0.0,0.0,0.0,0.0,0.0,0.0,0.0,0.0,0.0,0.0,0.0,0.0,0.0,0.0,0.0,0.0,0.0
3460,case_321167e265,G1B_llm_sham_retrieval,True,25,True,normal,[],[],[],[],indeterminate,normal,0.0,0.48,0.06305722688509004,0.4583333333333333,0.4406130268199233,5,0,0,0.0,0.0,False,5,1,0.0,0.0,0.0,0.0,0.0,0.0,0.0,0.0,0.0,0.0,0.0,0.0,0.0,0.0,0.0,0.0,0.0,0.0,0.0,0.0,0.0,0.0,0.0,0.0,0.0,0.0,0.0
3460,case_321167e265,G1_single_agent_rag,True,25,True,normal,[],[],[],[],indeterminate,normal,0.0,0.48,0.06305722688509004,0.4583333333333333,0.4406130268199233,5,0,0,0.0,0.0,False,5,1,0.0,0.0,0.0,0.0,0.0,0.0,0.0,0.0,0.0,0.0,0.0,0.0,0.0,0.0,0.0,0.0,0.0,0.0,0.0,0.0,0.0,0.0,0.0,0.0,0.0,0.0,0.0
3465,case_4e18ee387b,B0_rule_based,True,10,True,normal,[],[],[],[],normal,normal,0.0,0.04493289641172216,0.009483240843460443,0.07142857142857142,0.029069767441860465,2,1,0,0.0,0.0,False,2,0,0.0,0.0,0.0,0.0,0.0,0.0,0.0,0.0,0.0,0.0,0.0,0.0,0.0,0.0,0.0,0.0,0.0,0.0,0.0,0.0,0.0,0.0,0.0,0.0,0.0,0.0,0.0
3465,case_4e18ee387b,G1A_llm_no_retrieval,True,10,True,abnormal,['Enlarged Cardiomediastinum'],['Enlarged Cardiomediastinum'],[],[],normal,normal,0.0,0.004493289641172217,0.005332818223010789,0.0,0.0,2,1,0,0.0,0.0,False,2,0,0.0,1.0,0.0,1.0,0.0,0.0,1.0,0.0,1.0,0.0,0.0,1.0,0.0,1.0,0.0,0.0,0.0,0.0,0.0,0.0,0.0,0.0,0.0,0.0,0.0,0.0,1.0
3465,case_4e18ee387b,G1B_llm_sham_retrieval,True,13,True,normal,[],[],[],[],normal,normal,0.0,0.26181246089360977,0.028123983923787663,0.1935483870967742,0.21257142857142855,2,1,0,0.0,0.0,False,2,0,0.0,0.0,0.0,0.0,0.0,0.0,0.0,0.0,0.0,0.0,0.0,0.0,0.0,0.0,0.0,0.0,0.0,0.0,0.0,0.0,0.0,0.0,0.0,0.0,0.0,0.0,0.0
3465,case_4e18ee387b,G1_single_agent_rag,True,22,True,normal,[],[],[],[],normal,normal,0.0,0.36363636363636365,0.025981612647148343,0.25,0.2891474184782608,4,2,2,1.0,1.0,True,4,1,0.0,0.0,0.0,0.0,0.0,0.0,0.0,0.0,0.0,0.0,0.0,0.0,0.0,0.0,0.0,0.0,0.0,0.0,0.0,0.0,0.0,0.0,0.0,0.0,0.0,0.0,0.0
3467,case_5458aac3b8,B0_rule_based,False,10,True,normal,[],[],[],,normal,,0.0,0.045358976644706256,0.010766774303243234,0.1818181818181818,0.14113924050632912,2,1,0,0.0,0.0,False,2,0,,,,,,,,,,,,,,,,,,,,,,,,,,,
3467,case_5458aac3b8,G1A_llm_no_retrieval,False,10,True,abnormal,['Enlarged Cardiomediastinum'],['Enlarged Cardiomediastinum'],[],,normal,,0.0,0.009071795328941253,0.0019146333055993624,0.04545454545454545,0.01582278481012658,2,1,0,0.0,0.0,False,2,0,,,,,,,,,,,,,,,,,,,,,,,,,,,
3467,case_5458aac3b8,G1B_llm_sham_retrieval,False,26,True,normal,[],[],[],,normal,,0.0,0.3110213956349434,0.04350317849297162,0.29999999999999993,0.20686049985064228,4,2,2,1.0,1.0,True,4,0,,,,,,,,,,,,,,,,,,,,,,,,,,,
3467,case_5458aac3b8,G1_single_agent_rag,False,21,True,normal,[],[],[],,normal,,0.0,0.4102529597513738,0.16746806529288252,0.43636363636363634,0.4295680428134556,4,1,0,0.0,0.0,False,4,1,,,,,,,,,,,,,,,,,,,,,,,,,,,
3477,case_8d5f2e2134,B0_rule_based,True,10,True,normal,[],[],[],[],normal,normal,0.0,0.12047768476488081,0.01598652184422968,0.18749999999999997,0.09615384615384616,2,1,0,0.0,0.0,False,2,0,0.0,0.0,0.0,0.0,0.0,0.0,0.0,0.0,0.0,0.0,0.0,0.0,0.0,0.0,0.0,0.0,0.0,0.0,0.0,0.0,0.0,0.0,0.0,0.0,0.0,0.0,0.0
3477,case_8d5f2e2134,G1A_llm_no_retrieval,True,10,True,abnormal,['Enlarged Cardiomediastinum'],['Enlarged Cardiomediastinum'],[],[],normal,normal,0.0,0.030119421191220207,0.006356806438755457,0.06250000000000001,0.02403846153846154,2,1,0,0.0,0.0,False,2,0,0.0,1.0,0.0,1.0,0.0,0.0,1.0,0.0,1.0,0.0,0.0,1.0,0.0,1.0,0.0,0.0,0.0,0.0,0.0,0.0,0.0,0.0,0.0,0.0,0.0,0.0,1.0
3477,case_8d5f2e2134,G1B_llm_sham_retrieval,True,24,True,abnormal,['Atelectasis'],['Atelectasis'],[],[],normal,normal,0.0,0.3333333333333333,0.055386962325977424,0.30434782608695654,0.18018018018018017,4,1,0,0.0,0.0,False,4,1,0.0,1.0,0.0,1.0,0.0,0.0,1.0,0.0,1.0,0.0,0.0,1.0,0.0,1.0,0.0,0.0,0.0,0.0,0.0,0.0,0.0,0.0,0.0,0.0,1.0,0.0,0.0
3477,case_8d5f2e2134,G1_single_agent_rag,True,21,True,normal,[],[],[],[],normal,normal,0.0,0.5902600196588189,0.043977324123952576,0.37209302325581395,0.41379589851665727,4,1,0,0.0,0.0,False,4,1,0.0,0.0,0.0,0.0,0.0,0.0,0.0,0.0,0.0,0.0,0.0,0.0,0.0,0.0,0.0,0.0,0.0,0.0,0.0,0.0,0.0,0.0,0.0,0.0,0.0,0.0,0.0
3481,case_8c916bdd77,B0_rule_based,False,10,True,normal,[],[],[],,normal,,0.0,0.022282073464300164,0.003668656300556691,0.13043478260869565,0.07651363938789088,2,1,0,0.0,0.0,False,2,0,,,,,,,,,,,,,,,,,,,,,,,,,,,
3481,case_8c916bdd77,G1A_llm_no_retrieval,False,10,True,abnormal,['Enlarged Cardiomediastinum'],['Enlarged Cardiomediastinum'],[],,normal,,0.0,0.022282073464300164,0.003668656300556691,0.13043478260869565,0.07651363938789088,2,1,0,0.0,0.0,False,2,0,,,,,,,,,,,,,,,,,,,,,,,,,,,
3481,case_8c916bdd77,G1B_llm_sham_retrieval,False,25,True,normal,[],[],[],,normal,,0.0,0.4637062231798618,0.19777706477127208,0.5573770491803278,0.4835243553008596,4,2,0,0.0,0.16666666666666666,False,4,1,,,,,,,,,,,,,,,,,,,,,,,,,,,
3481,case_8c916bdd77,G1_single_agent_rag,False,21,True,normal,[],[],[],,normal,,0.0,0.23311507597950148,0.014140696679330114,0.24561403508771928,0.18420289855072464,4,1,0,0.0,0.0,False,4,1,,,,,,,,,,,,,,,,,,,,,,,,,,,
3486,case_7fc9c0a674,B0_rule_based,False,10,True,normal,[],[],[],,normal,,0.0,0.06648189501740032,0.03221218101250904,0.23809523809523808,0.17151379567486946,2,1,0,0.0,0.0,False,2,0,,,,,,,,,,,,,,,,,,,,,,,,,,,
3486,case_7fc9c0a674,G1A_llm_no_retrieval,False,10,True,abnormal,['Enlarged Cardiomediastinum'],['Enlarged Cardiomediastinum'],[],,normal,,0.0,0.011080315836233388,0.002338538400324384,0.047619047619047616,0.016778523489932886,2,1,0,0.0,0.0,False,2,0,,,,,,,,,,,,,,,,,,,,,,,,,,,
3486,case_7fc9c0a674,G1B_llm_sham_retrieval,False,28,True,normal,[],[],[],,normal,,0.0,0.5263187248483245,0.0695835665427792,0.3333333333333333,0.46510227322500114,4,3,0,0.0,0.5714285714285714,False,4,0,,,,,,,,,,,,,,,,,,,,,,,,,,,
3486,case_7fc9c0a674,G1_single_agent_rag,False,21,True,normal,[],[],[],,normal,,0.0,0.3666371529450766,0.02404139792952534,0.3396226415094339,0.2552612933494187,4,1,0,0.0,0.0,False,4,1,,,,,,,,,,,,,,,,,,,,,,,,,,,
3508,case_48f5b29b8b,B0_rule_based,True,37,True,abnormal,"['Enlarged Cardiomediastinum', 'Lung Lesion', 'Lung Opacity', 'Pleural Effusion', 'Pleural Other']","['Enlarged Cardiomediastinum', 'Lung Lesion', 'Lung Opacity', 'Pleural Effusion', 'Pleural Other']","['Enlarged Cardiomediastinum', 'Lung Lesion', 'Lung Opacity', 'Pleural Effusion', 'Pleural Other']","['Atelectasis', 'Pleural Effusion', 'Pleural Other']",abnormal,abnormal,0.0,0.09105591295003894,0.01089912064026797,0.1487603305785124,0.10753818130867311,6,2,0,0.0,0.0,False,6,0,2.0,3.0,1.0,1.0,1.0,2.0,3.0,1.0,1.0,1.0,2.0,3.0,1.0,1.0,1.0,3.0,3.0,2.0,2.0,3.0,3.0,2.0,2.0,3.0,0.0,2.0,0.0
3508,case_48f5b29b8b,G1A_llm_no_retrieval,True,23,True,abnormal,"['Enlarged Cardiomediastinum', 'Lung Opacity', 'Pleural Effusion']","['Enlarged Cardiomediastinum', 'Lung Opacity', 'Pleural Effusion']","['Enlarged Cardiomediastinum', 'Lung Lesion', 'Lung Opacity', 'Pleural Effusion', 'Pleural Other']","['Atelectasis', 'Pleural Effusion', 'Pleural Other']",abnormal,abnormal,0.0,0.024520970536042207,0.0017462163468236348,0.11214953271028034,0.06829669448010267,4,1,0,0.0,0.0,False,4,0,1.0,2.0,2.0,1.0,1.0,1.0,2.0,2.0,1.0,1.0,1.0,2.0,2.0,1.0,1.0,3.0,2.0,2.0,1.0,3.0,2.0,2.0,1.0,1.0,0.0,2.0,0.0
3508,case_48f5b29b8b,G1B_llm_sham_retrieval,True,21,True,normal,[],[],"['Enlarged Cardiomediastinum', 'Lung Lesion', 'Lung Opacity', 'Pleural Effusion', 'Pleural Other']","['Atelectasis', 'Pleural Effusion', 'Pleural Other']",abnormal,abnormal,0.0,0.02844975335306511,0.0017899896325906568,0.15238095238095237,0.07722007722007723,4,1,0,0.0,0.07142857142857142,False,4,1,0.0,0.0,3.0,0.0,1.0,0.0,0.0,3.0,0.0,1.0,0.0,0.0,3.0,0.0,1.0,3.0,0.0,2.0,0.0,3.0,0.0,2.0,0.0,0.0,0.0,0.0,0.0
3508,case_48f5b29b8b,G1_single_agent_rag,True,30,True,abnormal,"['Lung Opacity', 'Pleural Effusion']","['Lung Opacity', 'Pleural Effusion']","['Enlarged Cardiomediastinum', 'Lung Lesion', 'Lung Opacity', 'Pleural Effusion', 'Pleural Other']","['Atelectasis', 'Pleural Effusion', 'Pleural Other']",abnormal,abnormal,0.0,0.044079703525756415,0.0017359298348349228,0.08771929824561404,0.05089058524173028,9,1,1,1.0,1.0,True,9,4,1.0,1.0,2.0,1.0,1.0,1.0,1.0,2.0,1.0,1.0,1.0,1.0,2.0,1.0,1.0,3.0,1.0,2.0,1.0,3.0,1.0,2.0,1.0,0.0,0.0,2.0,0.0
3528,case_f3604ab4d3,B0_rule_based,True,10,True,normal,[],[],[],[],normal,normal,0.0,0.14897559113742284,0.024528248770524806,0.22222222222222224,0.15678254942058623,2,1,0,0.0,0.0,False,2,0,0.0,0.0,0.0,0.0,0.0,0.0,0.0,0.0,0.0,0.0,0.0,0.0,0.0,0.0,0.0,0.0,0.0,0.0,0.0,0.0,0.0,0.0,0.0,0.0,0.0,0.0,0.0
3528,case_f3604ab4d3,G1A_llm_no_retrieval,True,10,True,abnormal,['Enlarged Cardiomediastinum'],['Enlarged Cardiomediastinum'],[],[],normal,normal,0.0,0.04965853037914096,0.010480601989299657,0.07407407407407408,0.03067484662576687,2,1,0,0.0,0.0,False,2,0,0.0,1.0,0.0,1.0,0.0,0.0,1.0,0.0,1.0,0.0,0.0,1.0,0.0,1.0,0.0,0.0,0.0,0.0,0.0,0.0,0.0,0.0,0.0,0.0,0.0,0.0,1.0
3528,case_f3604ab4d3,G1B_llm_sham_retrieval,True,20,True,normal,[],[],[],[],normal,normal,0.0,0.5,0.1712473044894657,0.3243243243243243,0.4789017341040463,4,1,1,1.0,0.0,True,4,1,0.0,0.0,0.0,0.0,0.0,0.0,0.0,0.0,0.0,0.0,0.0,0.0,0.0,0.0,0.0,0.0,0.0,0.0,0.0,0.0,0.0,0.0,0.0,0.0,0.0,0.0,0.0
3528,case_f3604ab4d3,G1_single_agent_rag,True,21,True,normal,[],[],[],[],normal,normal,0.0,0.6190476190476191,0.04612214428270826,0.42105263157894735,0.5770931102496089,4,1,0,0.0,0.0,False,4,1,0.0,0.0,0.0,0.0,0.0,0.0,0.0,0.0,0.0,0.0,0.0,0.0,0.0,0.0,0.0,0.0,0.0,0.0,0.0,0.0,0.0,0.0,0.0,0.0,0.0,0.0,0.0
3531,case_1b6414236a,B0_rule_based,False,4,True,abnormal,['Pneumonia'],['Pneumonia'],['Pneumonia'],,abnormal,,0.0,4.8261353405692735e-05,8.721811126861355e-05,0.0,0.0,2,0,0,0.0,0.0,False,2,0,,,,,,,,,,,,,,,,,,,,,,,,,,,
3531,case_1b6414236a,G1A_llm_no_retrieval,False,23,True,normal,[],[],['Pneumonia'],,abnormal,,0.0,0.36844327710928715,0.06534374282487838,0.34615384615384615,0.3128273774880689,5,0,0,0.0,0.0,False,5,1,,,,,,,,,,,,,,,,,,,,,,,,,,,
3531,case_1b6414236a,G1B_llm_sham_retrieval,False,20,True,normal,[],[],['Pneumonia'],,abnormal,,0.0,0.35069548339197537,0.046539285595907746,0.2857142857142857,0.28425634540160577,4,1,1,1.0,0.8461538461538461,True,4,1,,,,,,,,,,,,,,,,,,,,,,,,,,,
3531,case_1b6414236a,G1_single_agent_rag,False,10,True,abnormal,"['Lung Opacity', 'Pneumonia']","['Lung Opacity', 'Pneumonia']",['Pneumonia'],,abnormal,,0.0,0.04487058576679052,0.004154446436436531,0.10256410256410257,0.05535055350553505,2,1,0,0.0,0.0,False,2,0,,,,,,,,,,,,,,,,,,,,,,,,,,,
3539,case_b790bc6b1f,B0_rule_based,True,10,True,normal,[],[],[],[],normal,normal,0.0,0.12047768476488081,0.03380737760090662,0.25000000000000006,0.18028846153846154,2,1,0,0.0,0.0,False,2,0,0.0,0.0,0.0,0.0,0.0,0.0,0.0,0.0,0.0,0.0,0.0,0.0,0.0,0.0,0.0,0.0,0.0,0.0,0.0,0.0,0.0,0.0,0.0,0.0,0.0,0.0,0.0
3539,case_b790bc6b1f,G1A_llm_no_retrieval,True,10,True,abnormal,['Enlarged Cardiomediastinum'],['Enlarged Cardiomediastinum'],[],[],normal,normal,0.0,0.030119421191220207,0.006356806438755457,0.06250000000000001,0.02403846153846154,2,1,0,0.0,0.0,False,2,0,0.0,1.0,0.0,1.0,0.0,0.0,1.0,0.0,1.0,0.0,0.0,1.0,0.0,1.0,0.0,0.0,0.0,0.0,0.0,0.0,0.0,0.0,0.0,0.0,0.0,0.0,1.0
3539,case_b790bc6b1f,G1B_llm_sham_retrieval,True,24,True,normal,[],[],[],[],normal,normal,0.0,0.4583333333333333,0.15948715931428456,0.3913043478260869,0.3093589457225821,4,2,0,0.0,0.0,False,4,1,0.0,0.0,0.0,0.0,0.0,0.0,0.0,0.0,0.0,0.0,0.0,0.0,0.0,0.0,0.0,0.0,0.0,0.0,0.0,0.0,0.0,0.0,0.0,0.0,0.0,0.0,0.0
3539,case_b790bc6b1f,G1_single_agent_rag,True,21,True,normal,[],[],[],[],normal,normal,0.0,0.5902600196588189,0.041591185276641095,0.37209302325581395,0.49512307151927815,4,1,0,0.0,0.0,False,4,1,0.0,0.0,0.0,0.0,0.0,0.0,0.0,0.0,0.0,0.0,0.0,0.0,0.0,0.0,0.0,0.0,0.0,0.0,0.0,0.0,0.0,0.0,0.0,0.0,0.0,0.0,0.0
3542,case_49e7a4e14d,B0_rule_based,True,10,True,normal,[],[],[],[],normal,normal,0.0,0.020023961976195638,0.009702122474035858,0.18518518518518517,0.1258894362342638,2,1,0,0.0,0.0,False,2,0,0.0,0.0,0.0,0.0,0.0,0.0,0.0,0.0,0.0,0.0,0.0,0.0,0.0,0.0,0.0,0.0,0.0,0.0,0.0,0.0,0.0,0.0,0.0,0.0,0.0,0.0,0.0
3542,case_49e7a4e14d,G1A_llm_no_retrieval,True,10,True,abnormal,['Enlarged Cardiomediastinum'],['Enlarged Cardiomediastinum'],[],[],normal,normal,0.0,0.006674653992065214,0.0014895278452526225,0.07407407407407407,0.046182266009852216,2,1,0,0.0,0.0,False,2,0,0.0,1.0,0.0,1.0,0.0,0.0,1.0,0.0,1.0,0.0,0.0,1.0,0.0,1.0,0.0,0.0,0.0,0.0,0.0,0.0,0.0,0.0,0.0,0.0,0.0,0.0,1.0
3542,case_49e7a4e14d,G1B_llm_sham_retrieval,True,35,True,abnormal,['Pneumonia'],['Pneumonia'],[],[],normal,normal,0.0,0.3093030961932763,0.0355278202533533,0.2531645569620253,0.22254841611818746,7,3,3,1.0,1.0,True,7,1,0.0,1.0,0.0,1.0,0.0,0.0,1.0,0.0,1.0,0.0,0.0,1.0,0.0,1.0,0.0,0.0,0.0,0.0,0.0,0.0,0.0,0.0,0.0,0.0,1.0,0.0,0.0
3542,case_49e7a4e14d,G1_single_agent_rag,True,22,True,normal,[],[],[],[],normal,normal,0.0,0.2675486844883217,0.12783774944544907,0.3636363636363636,0.3205835077751196,4,2,0,0.0,0.0,False,4,1,0.0,0.0,0.0,0.0,0.0,0.0,0.0,0.0,0.0,0.0,0.0,0.0,0.0,0.0,0.0,0.0,0.0,0.0,0.0,0.0,0.0,0.0,0.0,0.0,0.0,0.0,0.0
3547,case_cb6fb3bb2f,B0_rule_based,False,12,True,indeterminate,[],[],[],,indeterminate,,0.0,0.06063026865891218,0.0054365788029220735,0.0975609756097561,0.054945054945054944,2,1,0,0.0,0.0,False,2,2,,,,,,,,,,,,,,,,,,,,,,,,,,,
3547,case_cb6fb3bb2f,G1A_llm_no_retrieval,False,15,True,normal,[],[],[],,indeterminate,,0.0,0.1048641922316262,0.007350849109773567,0.09090909090909091,0.07246376811594203,2,1,0,0.0,0.0,False,2,1,,,,,,,,,,,,,,,,,,,,,,,,,,,
3547,case_cb6fb3bb2f,G1B_llm_sham_retrieval,False,25,True,normal,[],[],[],,indeterminate,,0.0,0.5453720249383753,0.21149522220210273,0.48148148148148145,0.5096563592657343,5,0,0,0.0,0.0,False,5,1,,,,,,,,,,,,,,,,,,,,,,,,,,,
3547,case_cb6fb3bb2f,G1_single_agent_rag,False,25,True,normal,[],[],[],,indeterminate,,0.0,0.5453720249383753,0.21149522220210273,0.48148148148148145,0.5096563592657343,5,0,0,0.0,0.0,False,5,1,,,,,,,,,,,,,,,,,,,,,,,,,,,
3559,case_85502e282f,B0_rule_based,True,4,True,abnormal,['Fracture'],['Fracture'],['Fracture'],['Lung Lesion'],abnormal,abnormal,0.0,3.085245102166989e-05,9.91509437796302e-06,0.045454545454545456,0.013736263736263736,2,0,0,0.0,0.0,False,2,0,0.0,1.0,1.0,1.0,1.0,0.0,1.0,1.0,1.0,1.0,0.0,1.0,1.0,1.0,1.0,1.0,1.0,0.0,0.0,1.0,1.0,0.0,0.0,0.0,0.0,1.0,0.0
3559,case_85502e282f,G1A_llm_no_retrieval,True,5,True,abnormal,['Fracture'],['Fracture'],['Fracture'],['Lung Lesion'],abnormal,abnormal,0.0,0.0003647527862218065,5.8264069377759536e-05,0.0888888888888889,0.027397260273972605,2,0,0,0.0,0.0,False,2,0,0.0,1.0,1.0,1.0,1.0,0.0,1.0,1.0,1.0,1.0,0.0,1.0,1.0,1.0,1.0,1.0,1.0,0.0,0.0,1.0,1.0,0.0,0.0,0.0,0.0,1.0,0.0
3559,case_85502e282f,G1B_llm_sham_retrieval,True,5,True,abnormal,['Fracture'],['Fracture'],['Fracture'],['Lung Lesion'],abnormal,abnormal,0.0,0.0005471291793327097,0.00011466308674132317,0.13333333333333333,0.0700152207001522,2,0,0,0.0,0.0,False,2,0,0.0,1.0,1.0,1.0,1.0,0.0,1.0,1.0,1.0,1.0,0.0,1.0,1.0,1.0,1.0,1.0,1.0,0.0,0.0,1.0,1.0,0.0,0.0,1.0,0.0,0.0,0.0
3559,case_85502e282f,G1_single_agent_rag,True,43,True,abnormal,['Fracture'],['Fracture'],['Fracture'],['Lung Lesion'],abnormal,abnormal,0.0,0.37209302325581395,0.03834021950699138,0.24096385542168675,0.29054551799007444,7,3,2,0.6666666666666666,0.4722222222222222,False,7,2,0.0,1.0,1.0,1.0,1.0,0.0,1.0,1.0,1.0,1.0,0.0,1.0,1.0,1.0,1.0,1.0,1.0,0.0,0.0,1.0,1.0,0.0,0.0,0.0,0.0,1.0,0.0
3562,case_b4bfdfefb4,B0_rule_based,True,13,True,abnormal,"['Enlarged Cardiomediastinum', 'Fracture']","['Enlarged Cardiomediastinum', 'Fracture']","['Enlarged Cardiomediastinum', 'Fracture']",['Atelectasis'],abnormal,abnormal,0.0,0.02479517256086695,0.008262238445061056,0.10909090909090909,0.06535947712418301,3,0,0,0.0,0.0,False,3,0,0.0,2.0,1.0,1.0,1.0,0.0,2.0,1.0,1.0,1.0,0.0,2.0,1.0,1.0,1.0,2.0,2.0,0.0,0.0,2.0,2.0,0.0,0.0,2.0,0.0,0.0,0.0
3562,case_b4bfdfefb4,G1A_llm_no_retrieval,True,13,True,abnormal,"['Enlarged Cardiomediastinum', 'Fracture']","['Enlarged Cardiomediastinum', 'Fracture']","['Enlarged Cardiomediastinum', 'Fracture']",['Atelectasis'],abnormal,abnormal,0.0,0.033060230081155925,0.008878353002619103,0.14545454545454545,0.09590792838874679,3,0,0,0.0,0.0,False,3,0,0.0,2.0,1.0,1.0,1.0,0.0,2.0,1.0,1.0,1.0,0.0,2.0,1.0,1.0,1.0,2.0,2.0,0.0,0.0,2.0,2.0,0.0,0.0,2.0,0.0,0.0,0.0
3562,case_b4bfdfefb4,G1B_llm_sham_retrieval,True,21,True,normal,[],[],"['Enlarged Cardiomediastinum', 'Fracture']",['Atelectasis'],abnormal,abnormal,0.0,0.1751806862721154,0.031780385849949154,0.25396825396825395,0.22355889724310776,4,2,0,0.0,0.0,False,4,1,0.0,0.0,1.0,0.0,1.0,0.0,0.0,1.0,0.0,1.0,0.0,0.0,1.0,0.0,1.0,2.0,0.0,0.0,0.0,2.0,0.0,0.0,0.0,0.0,0.0,0.0,0.0
3562,case_b4bfdfefb4,G1_single_agent_rag,True,25,True,normal,[],[],"['Enlarged Cardiomediastinum', 'Fracture']",['Atelectasis'],abnormal,abnormal,0.0,0.20264679694623589,0.036297507800351285,0.26865671641791045,0.1846153846153846,4,2,1,0.5,0.1111111111111111,False,4,1,0.0,0.0,1.0,0.0,1.0,0.0,0.0,1.0,0.0,1.0,0.0,0.0,1.0,0.0,1.0,2.0,0.0,0.0,0.0,2.0,0.0,0.0,0.0,0.0,0.0,0.0,0.0
3565,case_b291095284,B0_rule_based,True,15,True,abnormal,"['Consolidation', 'Lung Opacity', 'Pneumonia']","['Consolidation', 'Lung Opacity', 'Pneumonia']","['Consolidation', 'Lung Opacity', 'Pneumonia']","['Consolidation', 'Lung Opacity', 'Pneumonia']",abnormal,abnormal,0.0,0.027641900963074093,0.0019376627880568504,0.125,0.043859649122807015,4,0,0,0.0,0.0,False,4,0,3.0,0.0,0.0,0.0,0.0,3.0,0.0,0.0,0.0,0.0,2.0,1.0,0.0,1.0,0.0,0.0,0.0,3.0,3.0,0.0,0.0,3.0,3.0,0.0,0.0,3.0,0.0
3565,case_b291095284,G1A_llm_no_retrieval,True,10,True,abnormal,"['Consolidation', 'Pneumonia']","['Consolidation', 'Pneumonia']","['Consolidation', 'Lung Opacity', 'Pneumonia']","['Consolidation', 'Lung Opacity', 'Pneumonia']",abnormal,abnormal,0.0,0.016193529156643505,0.0015194061576722796,0.20338983050847456,0.08869179600886916,2,1,0,0.0,0.0,False,2,0,2.0,0.0,1.0,0.0,1.0,2.0,0.0,1.0,0.0,1.0,2.0,0.0,0.0,0.0,0.0,0.0,0.0,3.0,2.0,0.0,0.0,3.0,2.0,0.0,0.0,2.0,0.0
3565,case_b291095284,G1B_llm_sham_retrieval,True,6,True,abnormal,"['Lung Opacity', 'Pneumonia']",['Lung Opacity'],"['Consolidation', 'Lung Opacity', 'Pneumonia']","['Consolidation', 'Lung Opacity', 'Pneumonia']",abnormal,abnormal,0.0,0.00012864856984987183,3.151233522709862e-05,0.03636363636363636,0.011185682326621923,2,0,0,0.0,0.0,False,2,0,2.0,0.0,1.0,0.0,1.0,1.0,0.0,2.0,0.0,1.0,1.0,1.0,1.0,1.0,1.0,0.0,0.0,3.0,2.0,0.0,0.0,3.0,1.0,2.0,0.0,0.0,0.0
3565,case_b291095284,G1_single_agent_rag,True,10,True,abnormal,"['Consolidation', 'Pneumonia']","['Consolidation', 'Pneumonia']","['Consolidation', 'Lung Opacity', 'Pneumonia']","['Consolidation', 'Lung Opacity', 'Pneumonia']",abnormal,abnormal,0.0,0.016193529156643505,0.0015194061576722796,0.20338983050847456,0.08869179600886916,2,1,0,0.0,0.0,False,2,0,2.0,0.0,1.0,0.0,1.0,2.0,0.0,1.0,0.0,1.0,2.0,0.0,0.0,0.0,0.0,0.0,0.0,3.0,2.0,0.0,0.0,3.0,2.0,0.0,0.0,2.0,0.0
3589,case_c046b23496,B0_rule_based,True,9,True,abnormal,"['Atelectasis', 'Pneumonia']","['Atelectasis', 'Pneumonia']","['Atelectasis', 'Pneumonia']",['Lung Opacity'],abnormal,abnormal,0.0,0.004888672372175699,0.0004628572327012533,0.10714285714285714,0.03472222222222222,3,0,0,0.0,0.0,False,3,0,0.0,2.0,1.0,1.0,1.0,0.0,2.0,1.0,1.0,1.0,1.0,1.0,1.0,1.0,1.0,2.0,2.0,0.0,0.0,2.0,2.0,0.0,0.0,0.0,0.0,2.0,0.0
3589,case_c046b23496,G1A_llm_no_retrieval,True,15,True,abnormal,"['Atelectasis', 'Lung Opacity', 'Pneumonia']","['Atelectasis', 'Lung Opacity', 'Pneumonia']","['Atelectasis', 'Pneumonia']",['Lung Opacity'],abnormal,abnormal,0.0,0.0394806096712679,0.0023410550867455034,0.0967741935483871,0.057077625570776246,2,1,0,0.0,0.0,False,2,0,1.0,2.0,0.0,1.0,0.0,1.0,2.0,0.0,1.0,0.0,2.0,1.0,0.0,1.0,0.0,2.0,2.0,0.0,0.0,2.0,2.0,0.0,0.0,0.0,1.0,2.0,0.0
3589,case_c046b23496,G1B_llm_sham_retrieval,True,34,True,normal,[],[],"['Atelectasis', 'Pneumonia']",['Lung Opacity'],abnormal,abnormal,0.0,0.36119340799502736,0.039574253511179186,0.3209876543209876,0.3012129562093092,4,3,3,1.0,1.0,True,4,0,0.0,0.0,1.0,0.0,1.0,0.0,0.0,1.0,0.0,1.0,0.0,0.0,2.0,0.0,1.0,2.0,0.0,0.0,0.0,2.0,0.0,0.0,0.0,0.0,0.0,0.0,0.0
3589,case_c046b23496,G1_single_agent_rag,True,19,True,abnormal,"['Atelectasis', 'Consolidation', 'Pneumonia']","['Atelectasis', 'Consolidation', 'Pneumonia']","['Atelectasis', 'Pneumonia']",['Lung Opacity'],abnormal,abnormal,0.0,0.07234103678383819,0.0036506999457831717,0.0909090909090909,0.0678733031674208,5,1,0,0.0,0.0,False,5,2,0.0,3.0,1.0,1.0,1.0,0.0,3.0,1.0,1.0,1.0,1.0,2.0,1.0,1.0,1.0,2.0,2.0,0.0,0.0,2.0,2.0,0.0,0.0,0.0,1.0,2.0,0.0
3593,case_50d0617977,B0_rule_based,True,10,True,normal,[],[],[],[],normal,normal,0.0,0.040656965974059926,0.008580791159409903,0.06896551724137931,0.02762430939226519,2,1,0,0.0,0.0,False,2,0,0.0,0.0,0.0,0.0,0.0,0.0,0.0,0.0,0.0,0.0,0.0,0.0,0.0,0.0,0.0,0.0,0.0,0.0,0.0,0.0,0.0,0.0,0.0,0.0,0.0,0.0,0.0
3593,case_50d0617977,G1A_llm_no_retrieval,True,10,True,abnormal,['Enlarged Cardiomediastinum'],['Enlarged Cardiomediastinum'],[],[],normal,normal,0.0,0.040656965974059926,0.008580791159409903,0.06896551724137931,0.02762430939226519,2,1,0,0.0,0.0,False,2,0,0.0,1.0,0.0,1.0,0.0,0.0,1.0,0.0,1.0,0.0,0.0,1.0,0.0,1.0,0.0,0.0,0.0,0.0,0.0,0.0,0.0,0.0,0.0,0.0,0.0,0.0,1.0
3593,case_50d0617977,G1B_llm_sham_retrieval,True,17,True,normal,[],[],[],[],normal,normal,0.0,0.3660628445776135,0.06922521376924558,0.3888888888888889,0.3376031263569257,4,0,0,0.0,0.1,False,4,1,0.0,0.0,0.0,0.0,0.0,0.0,0.0,0.0,0.0,0.0,0.0,0.0,0.0,0.0,0.0,0.0,0.0,0.0,0.0,0.0,0.0,0.0,0.0,0.0,0.0,0.0,0.0
3593,case_50d0617977,G1_single_agent_rag,True,21,True,normal,[],[],[],[],normal,normal,0.0,0.38095238095238093,0.03595290285752276,0.25,0.36580403645833337,4,1,0,0.0,0.0,False,4,1,0.0,0.0,0.0,0.0,0.0,0.0,0.0,0.0,0.0,0.0,0.0,0.0,0.0,0.0,0.0,0.0,0.0,0.0,0.0,0.0,0.0,0.0,0.0,0.0,0.0,0.0,0.0
3597,case_055164c4b9,B0_rule_based,True,15,True,abnormal,"['Lung Lesion', 'Pneumonia']","['Lung Lesion', 'Pneumonia']","['Lung Lesion', 'Pneumonia']",['Support Devices'],abnormal,abnormal,0.0,0.029955264274481436,0.0059392067147157985,0.047619047619047616,0.01937984496124031,3,2,0,0.0,0.0,False,3,0,0.0,2.0,1.0,1.0,1.0,0.0,2.0,1.0,1.0,1.0,0.0,2.0,0.0,1.0,0.0,2.0,2.0,0.0,0.0,2.0,2.0,0.0,0.0,1.0,0.0,1.0,0.0
3597,case_055164c4b9,G1A_llm_no_retrieval,True,18,True,normal,[],[],"['Lung Lesion', 'Pneumonia']",['Support Devices'],abnormal,abnormal,0.0,0.3032653298563167,0.10732544951044637,0.3111111111111111,0.31526417861028333,4,0,0,0.0,0.0,False,4,2,0.0,0.0,1.0,0.0,1.0,0.0,0.0,1.0,0.0,1.0,0.0,0.0,0.0,0.0,0.0,2.0,0.0,0.0,0.0,2.0,0.0,0.0,0.0,0.0,0.0,0.0,0.0
3597,case_055164c4b9,G1B_llm_sham_retrieval,True,19,True,normal,[],[],"['Lung Lesion', 'Pneumonia']",['Support Devices'],abnormal,abnormal,0.0,0.3109052631177664,0.13408159470844797,0.391304347826087,0.31406088021864104,4,1,1,1.0,0.0,True,4,1,0.0,0.0,1.0,0.0,1.0,0.0,0.0,1.0,0.0,1.0,0.0,0.0,0.0,0.0,0.0,2.0,0.0,0.0,0.0,2.0,0.0,0.0,0.0,0.0,0.0,0.0,0.0
3597,case_055164c4b9,G1_single_agent_rag,True,29,True,abnormal,"['Lung Opacity', 'Pneumonia']","['Lung Opacity', 'Pneumonia']","['Lung Lesion', 'Pneumonia']",['Support Devices'],abnormal,abnormal,0.0,0.20689655172413796,0.08914609827874222,0.17857142857142858,0.20680147058823528,4,2,0,0.0,0.0,False,4,1,0.0,2.0,1.0,1.0,1.0,0.0,2.0,1.0,1.0,1.0,0.0,2.0,0.0,1.0,0.0,2.0,1.0,0.0,0.0,2.0,1.0,0.0,0.0,0.0,1.0,1.0,0.0
3608,case_43b21ed941,B0_rule_based,True,11,True,abnormal,"['Cardiomegaly', 'Edema']","['Cardiomegaly', 'Edema']","['Cardiomegaly', 'Edema']",['Cardiomegaly'],abnormal,abnormal,0.0,0.0006055564188456039,0.00010985727575593605,0.13999999999999999,0.08649553571428571,3,0,0,0.0,0.0,False,3,0,1.0,1.0,0.0,1.0,0.0,1.0,1.0,0.0,1.0,0.0,1.0,1.0,0.0,1.0,0.0,1.0,1.0,1.0,1.0,1.0,1.0,1.0,1.0,0.0,0.0,2.0,0.0
3608,case_43b21ed941,G1A_llm_no_retrieval,True,16,True,abnormal,"['Cardiomegaly', 'Edema']","['Cardiomegaly', 'Edema']","['Cardiomegaly', 'Edema']",['Cardiomegaly'],abnormal,abnormal,0.0,0.009131444404927691,0.0006602908497411372,0.17142857142857143,0.1401343891289686,3,2,0,0.0,0.0,False,3,0,1.0,1.0,0.0,1.0,0.0,1.0,1.0,0.0,1.0,0.0,1.0,1.0,0.0,1.0,0.0,1.0,1.0,1.0,1.0,1.0,1.0,1.0,1.0,0.0,0.0,2.0,0.0
3608,case_43b21ed941,G1B_llm_sham_retrieval,True,11,True,abnormal,"['Cardiomegaly', 'Edema']","['Cardiomegaly', 'Edema']","['Cardiomegaly', 'Edema']",['Cardiomegaly'],abnormal,abnormal,0.0,0.0006055564188456039,0.00010985727575593605,0.13999999999999999,0.08649553571428571,3,0,0,0.0,0.0,False,3,0,1.0,1.0,0.0,1.0,0.0,1.0,1.0,0.0,1.0,0.0,1.0,1.0,0.0,1.0,0.0,1.0,1.0,1.0,1.0,1.0,1.0,1.0,1.0,1.0,0.0,1.0,0.0
3608,case_43b21ed941,G1_single_agent_rag,True,12,True,abnormal,"['Cardiomegaly', 'Edema']","['Cardiomegaly', 'Edema']","['Cardiomegaly', 'Edema']",['Cardiomegaly'],abnormal,abnormal,0.0,0.0010893960980375007,0.00020934397144630726,0.15841584158415842,0.0863891451414514,3,0,0,0.0,0.0,False,3,0,1.0,1.0,0.0,1.0,0.0,1.0,1.0,0.0,1.0,0.0,1.0,1.0,0.0,1.0,0.0,1.0,1.0,1.0,1.0,1.0,1.0,1.0,1.0,0.0,0.0,2.0,0.0
3610,case_a30ae7d4a1,B0_rule_based,True,10,True,normal,[],[],[],[],normal,normal,0.0,0.05450635860680253,0.006840172250303151,0.12121212121212122,0.046082949308755755,2,1,0,0.0,0.0,False,2,0,0.0,0.0,0.0,0.0,0.0,0.0,0.0,0.0,0.0,0.0,0.0,0.0,0.0,0.0,0.0,0.0,0.0,0.0,0.0,0.0,0.0,0.0,0.0,0.0,0.0,0.0,0.0
3610,case_a30ae7d4a1,G1A_llm_no_retrieval,True,10,True,abnormal,['Enlarged Cardiomediastinum'],['Enlarged Cardiomediastinum'],[],[],normal,normal,0.0,0.027253179303401272,0.005751876324997854,0.06060606060606061,0.023041474654377878,2,1,0,0.0,0.0,False,2,0,0.0,1.0,0.0,1.0,0.0,0.0,1.0,0.0,1.0,0.0,0.0,1.0,0.0,1.0,0.0,0.0,0.0,0.0,0.0,0.0,0.0,0.0,0.0,0.0,0.0,0.0,1.0
3610,case_a30ae7d4a1,G1B_llm_sham_retrieval,True,13,True,normal,[],[],[],[],normal,normal,0.0,0.14257519053266932,0.038288689094339676,0.2222222222222222,0.17045454545454544,3,0,0,0.0,0.0,False,3,1,0.0,0.0,0.0,0.0,0.0,0.0,0.0,0.0,0.0,0.0,0.0,0.0,0.0,0.0,0.0,0.0,0.0,0.0,0.0,0.0,0.0,0.0,0.0,0.0,0.0,0.0,0.0
3610,case_a30ae7d4a1,G1_single_agent_rag,True,22,True,normal,[],[],[],[],normal,normal,0.0,0.26060810080044117,0.02310419073994007,0.17777777777777776,0.18619602134885976,4,2,2,1.0,1.0,True,4,1,0.0,0.0,0.0,0.0,0.0,0.0,0.0,0.0,0.0,0.0,0.0,0.0,0.0,0.0,0.0,0.0,0.0,0.0,0.0,0.0,0.0,0.0,0.0,0.0,0.0,0.0,0.0
3611,case_2b7f6b4200,B0_rule_based,True,35,True,abnormal,"['Cardiomegaly', 'Enlarged Cardiomediastinum', 'Fracture', 'Lung Opacity', 'Pleural Effusion', 'Pleural Other']","['Cardiomegaly', 'Enlarged Cardiomediastinum', 'Fracture', 'Lung Opacity', 'Pleural Effusion', 'Pleural Other']","['Cardiomegaly', 'Enlarged Cardiomediastinum', 'Fracture', 'Lung Opacity', 'Pleural Effusion', 'Pleural Other']","['Consolidation', 'Lung Opacity']",abnormal,abnormal,0.0,0.07319738037852262,0.004764022984430013,0.1487603305785124,0.09873428066483465,7,1,0,0.0,0.0,False,7,0,1.0,5.0,1.0,1.0,1.0,1.0,5.0,1.0,1.0,1.0,1.0,5.0,2.0,1.0,1.0,5.0,5.0,1.0,1.0,5.0,5.0,1.0,1.0,3.0,0.0,3.0,0.0
3611,case_2b7f6b4200,G1A_llm_no_retrieval,True,49,True,abnormal,"['Cardiomegaly', 'Enlarged Cardiomediastinum', 'Fracture', 'Lung Opacity', 'Pleural Effusion']","['Cardiomegaly', 'Enlarged Cardiomediastinum', 'Fracture', 'Lung Opacity', 'Pleural Effusion']","['Cardiomegaly', 'Enlarged Cardiomediastinum', 'Fracture', 'Lung Opacity', 'Pleural Effusion', 'Pleural Other']","['Consolidation', 'Lung Opacity']",abnormal,abnormal,0.0,0.19182149261657058,0.01759908539692304,0.2074074074074074,0.1917527339003645,6,4,0,0.0,0.0,False,6,1,1.0,4.0,1.0,1.0,1.0,1.0,4.0,1.0,1.0,1.0,1.0,4.0,2.0,1.0,1.0,5.0,4.0,1.0,1.0,5.0,4.0,1.0,1.0,2.0,0.0,3.0,0.0
3611,case_2b7f6b4200,G1B_llm_sham_retrieval,True,15,True,abnormal,"['Cardiomegaly', 'Enlarged Cardiomediastinum', 'Pleural Effusion']","['Cardiomegaly', 'Enlarged Cardiomediastinum', 'Pleural Effusion']","['Cardiomegaly', 'Enlarged Cardiomediastinum', 'Fracture', 'Lung Opacity', 'Pleural Effusion', 'Pleural Other']","['Consolidation', 'Lung Opacity']",abnormal,abnormal,0.0,0.005278259070663305,0.0009006978047400831,0.1584158415841584,0.09716941275876638,4,1,0,0.0,0.0,False,4,0,0.0,3.0,2.0,1.0,1.0,0.0,3.0,2.0,1.0,1.0,0.0,3.0,3.0,1.0,1.0,5.0,3.0,1.0,0.0,5.0,3.0,1.0,0.0,2.0,0.0,1.0,0.0
3611,case_2b7f6b4200,G1_single_agent_rag,True,27,True,abnormal,"['Cardiomegaly', 'Lung Opacity', 'Pleural Effusion']","['Cardiomegaly', 'Lung Opacity', 'Pleural Effusion']","['Cardiomegaly', 'Enlarged Cardiomediastinum', 'Fracture', 'Lung Opacity', 'Pleural Effusion', 'Pleural Other']","['Consolidation', 'Lung Opacity']",abnormal,abnormal,0.0,0.05831098848963376,0.0035536640112259687,0.17699115044247787,0.11974827384137177,5,2,0,0.0,0.0,False,5,1,1.0,2.0,1.0,1.0,1.0,1.0,2.0,1.0,1.0,1.0,1.0,2.0,2.0,1.0,1.0,5.0,2.0,1.0,1.0,5.0,2.0,1.0,1.0,0.0,0.0,3.0,0.0
3618,case_fdc603ca84,B0_rule_based,False,4,True,abnormal,['Fracture'],['Fracture'],['Fracture'],,abnormal,,0.0,8.386565697562797e-06,1.5156235135446682e-05,0.0,0.0,2,0,0,0.0,0.0,False,2,0,,,,,,,,,,,,,,,,,,,,,,,,,,,
3618,case_fdc603ca84,G1A_llm_no_retrieval,False,5,True,abnormal,['Fracture'],['Fracture'],['Fracture'],,abnormal,,0.0,4.058861272591468e-05,6.131671795146023e-05,0.0,0.0,2,0,0,0.0,0.0,False,2,0,,,,,,,,,,,,,,,,,,,,,,,,,,,
3618,case_fdc603ca84,G1B_llm_sham_retrieval,False,24,True,abnormal,['Lung Opacity'],['Lung Opacity'],['Fracture'],,abnormal,,0.0,0.10108844328543891,0.02552583704900383,0.13333333333333333,0.09069683908045978,5,2,0,0.0,0.0,False,5,2,,,,,,,,,,,,,,,,,,,,,,,,,,,
3618,case_fdc603ca84,G1_single_agent_rag,False,41,True,abnormal,['Fracture'],['Fracture'],['Fracture'],,abnormal,,0.0,0.5121951219512195,0.17944324829318972,0.38961038961038963,0.507097816295468,7,3,3,1.0,0.5,True,7,2,,,,,,,,,,,,,,,,,,,,,,,,,,,
3624,case_94543cb8c0,B0_rule_based,True,10,True,normal,[],[],[],[],normal,normal,0.0,0.10094825899732769,0.02651819803849727,0.2777777777777778,0.10245901639344263,2,1,0,0.0,0.0,False,2,0,0.0,0.0,0.0,0.0,0.0,0.0,0.0,0.0,0.0,0.0,0.0,0.0,0.0,0.0,0.0,0.0,0.0,0.0,0.0,0.0,0.0,0.0,0.0,0.0,0.0,0.0,0.0
3624,case_94543cb8c0,G1A_llm_no_retrieval,True,10,True,abnormal,['Enlarged Cardiomediastinum'],['Enlarged Cardiomediastinum'],[],[],normal,normal,0.0,0.020189651799465542,0.004261094784666207,0.05555555555555555,0.020491803278688523,2,1,0,0.0,0.0,False,2,0,0.0,1.0,0.0,1.0,0.0,0.0,1.0,0.0,1.0,0.0,0.0,1.0,0.0,1.0,0.0,0.0,0.0,0.0,0.0,0.0,0.0,0.0,0.0,0.0,0.0,0.0,1.0
3624,case_94543cb8c0,G1B_llm_sham_retrieval,True,24,True,normal,[],[],[],[],normal,normal,0.0,0.46002220731466165,0.1569556550012982,0.43999999999999995,0.4189545650301464,4,2,0,0.0,0.0,False,4,1,0.0,0.0,0.0,0.0,0.0,0.0,0.0,0.0,0.0,0.0,0.0,0.0,0.0,0.0,0.0,0.0,0.0,0.0,0.0,0.0,0.0,0.0,0.0,0.0,0.0,0.0,0.0
3624,case_94543cb8c0,G1_single_agent_rag,True,21,True,normal,[],[],[],[],normal,normal,0.0,0.300239096283928,0.050388393614973326,0.25531914893617025,0.20863970588235295,4,1,0,0.0,0.0,False,4,1,0.0,0.0,0.0,0.0,0.0,0.0,0.0,0.0,0.0,0.0,0.0,0.0,0.0,0.0,0.0,0.0,0.0,0.0,0.0,0.0,0.0,0.0,0.0,0.0,0.0,0.0,0.0
3630,case_b78edf118c,B0_rule_based,False,15,True,abnormal,"['Atelectasis', 'Fracture', 'Lung Opacity']","['Atelectasis', 'Fracture', 'Lung Opacity']","['Atelectasis', 'Fracture', 'Lung Opacity']",,abnormal,,0.0,0.016595689455954646,0.000984063405869478,0.10666666666666667,0.04504504504504504,4,0,0,0.0,0.0,False,4,0,,,,,,,,,,,,,,,,,,,,,,,,,,,
3630,case_b78edf118c,G1A_llm_no_retrieval,False,18,True,abnormal,"['Atelectasis', 'Consolidation']",[],"['Atelectasis', 'Fracture', 'Lung Opacity']",,abnormal,,0.0,0.037711320836157525,0.006407594954884079,0.1282051282051282,0.08594835783775875,2,1,0,0.0,0.0,False,2,1,,,,,,,,,,,,,,,,,,,,,,,,,,,
3630,case_b78edf118c,G1B_llm_sham_retrieval,False,13,True,abnormal,"['Atelectasis', 'Lung Opacity']",['Lung Opacity'],"['Atelectasis', 'Fracture', 'Lung Opacity']",,abnormal,,0.0,0.010348682517047946,0.002350872581084701,0.1095890410958904,0.06726943942133813,2,1,0,0.0,0.0,False,2,0,,,,,,,,,,,,,,,,,,,,,,,,,,,
3630,case_b78edf118c,G1_single_agent_rag,False,14,True,abnormal,"['Atelectasis', 'Lung Opacity']","['Atelectasis', 'Lung Opacity']","['Atelectasis', 'Fracture', 'Lung Opacity']",,abnormal,,0.0,0.01603450772881568,0.0034808812938263455,0.16216216216216217,0.09225832330525473,2,1,0,0.0,0.0,False,2,0,,,,,,,,,,,,,,,,,,,,,,,,,,,
3632,case_638b26ceb6,B0_rule_based,True,4,True,abnormal,['Fracture'],['Fracture'],['Fracture'],"['Atelectasis', 'Lung Opacity', 'Pleural Effusion', 'Pleural Other']",abnormal,abnormal,0.0,3.961533127893781e-06,7.1592985434631954e-06,0.0,0.0,2,0,0,0.0,0.0,False,2,0,0.0,1.0,4.0,1.0,1.0,0.0,1.0,4.0,1.0,1.0,0.0,1.0,3.0,1.0,1.0,1.0,1.0,0.0,0.0,1.0,1.0,0.0,0.0,0.0,0.0,1.0,0.0
3632,case_638b26ceb6,G1A_llm_no_retrieval,True,5,True,abnormal,['Fracture'],['Fracture'],['Fracture'],"['Atelectasis', 'Lung Opacity', 'Pleural Effusion', 'Pleural Other']",abnormal,abnormal,0.0,0.00022275502956896066,5.98414642343173e-05,0.045454545454545456,0.014044943820224719,2,0,0,0.0,0.0,False,2,0,0.0,1.0,4.0,1.0,1.0,0.0,1.0,4.0,1.0,1.0,0.0,1.0,3.0,1.0,1.0,1.0,1.0,0.0,0.0,1.0,1.0,0.0,0.0,0.0,0.0,1.0,0.0
3632,case_638b26ceb6,G1B_llm_sham_retrieval,True,11,True,abnormal,['Fracture'],['Fracture'],['Fracture'],"['Atelectasis', 'Lung Opacity', 'Pleural Effusion', 'Pleural Other']",abnormal,abnormal,0.0,0.014261343730387394,0.0017583257672868292,0.04,0.027624309392265192,2,1,0,0.0,0.0,False,2,0,0.0,1.0,4.0,1.0,1.0,0.0,1.0,4.0,1.0,1.0,0.0,1.0,3.0,1.0,1.0,1.0,1.0,0.0,0.0,1.0,1.0,0.0,0.0,1.0,0.0,0.0,0.0
3632,case_638b26ceb6,G1_single_agent_rag,True,33,True,normal,[],[],['Fracture'],"['Atelectasis', 'Lung Opacity', 'Pleural Effusion', 'Pleural Other']",abnormal,abnormal,0.0,0.3284481192417378,0.03721918011311292,0.2222222222222222,0.261495315581854,4,2,2,1.0,0.6538461538461539,True,4,0,0.0,0.0,4.0,0.0,1.0,0.0,0.0,4.0,0.0,1.0,0.0,0.0,3.0,0.0,1.0,1.0,0.0,0.0,0.0,1.0,0.0,0.0,0.0,0.0,0.0,0.0,0.0
3639,case_f348014dd7,B0_rule_based,True,10,True,normal,[],[],[],[],normal,normal,0.0,0.01824301878756539,0.0016890718740725451,0.08333333333333333,0.042613636363636354,2,1,0,0.0,0.0,False,2,0,0.0,0.0,0.0,0.0,0.0,0.0,0.0,0.0,0.0,0.0,0.0,0.0,0.0,0.0,0.0,0.0,0.0,0.0,0.0,0.0,0.0,0.0,0.0,0.0,0.0,0.0,0.0
3639,case_f348014dd7,G1A_llm_no_retrieval,True,10,True,abnormal,['Enlarged Cardiomediastinum'],['Enlarged Cardiomediastinum'],[],[],normal,normal,0.0,0.012162012525043595,0.0015262487296529876,0.08333333333333333,0.028409090909090908,2,1,0,0.0,0.0,False,2,0,0.0,1.0,0.0,1.0,0.0,0.0,1.0,0.0,1.0,0.0,0.0,1.0,0.0,1.0,0.0,0.0,0.0,0.0,0.0,0.0,0.0,0.0,0.0,0.0,0.0,0.0,1.0
3639,case_f348014dd7,G1B_llm_sham_retrieval,True,17,True,abnormal,['Lung Opacity'],['Lung Opacity'],[],[],normal,normal,0.0,0.03420579238941013,0.003977214649456076,0.03636363636363636,0.027855153203342618,2,2,0,0.0,0.0,False,2,0,0.0,1.0,0.0,1.0,0.0,0.0,1.0,0.0,1.0,0.0,0.0,1.0,0.0,1.0,0.0,0.0,0.0,0.0,0.0,0.0,0.0,0.0,0.0,0.0,1.0,0.0,0.0
3639,case_f348014dd7,G1_single_agent_rag,True,22,True,normal,[],[],[],[],normal,normal,0.0,0.17571821134175472,0.012554966880860854,0.19999999999999998,0.10989010989010989,4,2,2,1.0,1.0,True,4,1,0.0,0.0,0.0,0.0,0.0,0.0,0.0,0.0,0.0,0.0,0.0,0.0,0.0,0.0,0.0,0.0,0.0,0.0,0.0,0.0,0.0,0.0,0.0,0.0,0.0,0.0,0.0
3641,case_4e37b79ff9,B0_rule_based,True,12,True,indeterminate,[],[],[],['Support Devices'],indeterminate,abnormal,0.0,0.004509480518568467,0.0009217298472706413,0.03389830508474576,0.011494252873563218,2,1,0,0.0,0.0,False,2,2,0.0,0.0,1.0,0.0,1.0,0.0,0.0,1.0,0.0,1.0,0.0,0.0,0.0,0.0,0.0,0.0,0.0,0.0,0.0,0.0,0.0,0.0,0.0,0.0,0.0,0.0,0.0
3641,case_4e37b79ff9,G1A_llm_no_retrieval,True,10,True,abnormal,['Enlarged Cardiomediastinum'],['Enlarged Cardiomediastinum'],[],['Support Devices'],indeterminate,abnormal,0.0,0.00024723526470339397,0.0002934288306055412,0.0,0.0,2,1,0,0.0,0.0,False,2,0,0.0,1.0,1.0,1.0,1.0,0.0,1.0,1.0,1.0,1.0,0.0,1.0,0.0,1.0,0.0,0.0,0.0,0.0,0.0,0.0,0.0,0.0,0.0,0.0,0.0,0.0,1.0
3641,case_4e37b79ff9,G1B_llm_sham_retrieval,True,25,True,normal,[],[],[],['Support Devices'],indeterminate,abnormal,0.0,0.18250448113989584,0.015217246878492185,0.3055555555555556,0.17829471664698934,5,0,0,0.0,0.0,False,5,1,0.0,0.0,1.0,0.0,1.0,0.0,0.0,1.0,0.0,1.0,0.0,0.0,0.0,0.0,0.0,0.0,0.0,0.0,0.0,0.0,0.0,0.0,0.0,0.0,0.0,0.0,0.0
3641,case_4e37b79ff9,G1_single_agent_rag,True,25,True,normal,[],[],[],['Support Devices'],indeterminate,abnormal,0.0,0.18250448113989584,0.015217246878492185,0.3055555555555556,0.17829471664698934,5,0,0,0.0,0.0,False,5,1,0.0,0.0,1.0,0.0,1.0,0.0,0.0,1.0,0.0,1.0,0.0,0.0,0.0,0.0,0.0,0.0,0.0,0.0,0.0,0.0,0.0,0.0,0.0,0.0,0.0,0.0,0.0
3643,case_5f1695eaf0,B0_rule_based,False,8,True,abnormal,['Enlarged Cardiomediastinum'],['Enlarged Cardiomediastinum'],['Enlarged Cardiomediastinum'],,abnormal,,0.0,0.005210775245981358,0.00651125955729465,0.0,0.0,2,0,0,0.0,0.0,False,2,0,,,,,,,,,,,,,,,,,,,,,,,,,,,
3643,case_5f1695eaf0,G1A_llm_no_retrieval,False,7,True,abnormal,['Enlarged Cardiomediastinum'],['Enlarged Cardiomediastinum'],['Enlarged Cardiomediastinum'],,abnormal,,0.0,0.004555807961771009,0.005923707798596774,0.0,0.0,2,0,0,0.0,0.0,False,2,0,,,,,,,,,,,,,,,,,,,,,,,,,,,
3643,case_5f1695eaf0,G1B_llm_sham_retrieval,False,21,True,normal,[],[],['Enlarged Cardiomediastinum'],,abnormal,,0.0,0.14285714285714285,0.012021577610863726,0.16666666666666666,0.09615384615384616,3,2,0,0.0,0.0,False,3,0,,,,,,,,,,,,,,,,,,,,,,,,,,,
3643,case_5f1695eaf0,G1_single_agent_rag,False,21,True,abnormal,['Cardiomegaly'],['Cardiomegaly'],['Enlarged Cardiomediastinum'],,abnormal,,0.0,0.2857142857142857,0.05949757664833034,0.3333333333333333,0.27332621082621084,4,2,2,1.0,0.7857142857142857,True,4,2,,,,,,,,,,,,,,,,,,,,,,,,,,,
3655,case_e9ce1d0cc9,B0_rule_based,True,10,True,normal,[],[],[],['Lung Lesion'],normal,abnormal,0.0,0.03360275636987488,0.018667131137645086,0.21276595744680854,0.14110787172011663,2,1,0,0.0,0.0,False,2,0,0.0,0.0,1.0,0.0,1.0,0.0,0.0,1.0,0.0,1.0,0.0,0.0,1.0,0.0,1.0,0.0,0.0,0.0,0.0,0.0,0.0,0.0,0.0,0.0,0.0,0.0,0.0
3655,case_e9ce1d0cc9,G1A_llm_no_retrieval,True,10,True,abnormal,['Enlarged Cardiomediastinum'],['Enlarged Cardiomediastinum'],[],['Lung Lesion'],normal,abnormal,0.0,0.006720551273974977,0.001418395238712075,0.0425531914893617,0.014577259475218658,2,1,0,0.0,0.0,False,2,0,0.0,1.0,1.0,1.0,1.0,0.0,1.0,1.0,1.0,1.0,0.0,1.0,1.0,1.0,1.0,0.0,0.0,0.0,0.0,0.0,0.0,0.0,0.0,0.0,0.0,0.0,1.0
3655,case_e9ce1d0cc9,G1B_llm_sham_retrieval,True,22,True,normal,[],[],[],['Lung Lesion'],normal,abnormal,0.0,0.3218069956420279,0.13072623355657112,0.3050847457627119,0.32250646737568267,4,2,0,0.0,0.0,False,4,1,0.0,0.0,1.0,0.0,1.0,0.0,0.0,1.0,0.0,1.0,0.0,0.0,1.0,0.0,1.0,0.0,0.0,0.0,0.0,0.0,0.0,0.0,0.0,0.0,0.0,0.0,0.0
3655,case_e9ce1d0cc9,G1_single_agent_rag,True,21,True,normal,[],[],[],['Lung Lesion'],normal,abnormal,0.0,0.24450196657945217,0.1021924007761726,0.3448275862068966,0.2509688565158518,4,1,0,0.0,0.0,False,4,1,0.0,0.0,1.0,0.0,1.0,0.0,0.0,1.0,0.0,1.0,0.0,0.0,1.0,0.0,1.0,0.0,0.0,0.0,0.0,0.0,0.0,0.0,0.0,0.0,0.0,0.0,0.0
3659,case_ad655b2702,B0_rule_based,False,10,True,normal,[],[],[],,normal,,0.0,0.01650696601692217,0.0015283354334129611,0.12244897959183675,0.04155124653739613,2,1,0,0.0,0.0,False,2,0,,,,,,,,,,,,,,,,,,,,,,,,,,,
3659,case_ad655b2702,G1A_llm_no_retrieval,False,10,True,abnormal,['Enlarged Cardiomediastinum'],['Enlarged Cardiomediastinum'],[],,normal,,0.0,0.0055023220056407245,0.0011612838019529614,0.04081632653061225,0.013850415512465372,2,1,0,0.0,0.0,False,2,0,,,,,,,,,,,,,,,,,,,,,,,,,,,
3659,case_ad655b2702,G1B_llm_sham_retrieval,False,12,True,normal,[],[],[],,normal,,0.0,0.035133074853954775,0.0025389158299014055,0.15686274509803919,0.055096418732782364,2,1,0,0.0,0.0,False,2,0,,,,,,,,,,,,,,,,,,,,,,,,,,,
3659,case_ad655b2702,G1_single_agent_rag,False,21,True,normal,[],[],[],,normal,,0.0,0.28291523045129996,0.033533257554524756,0.23333333333333334,0.2578450735132763,4,1,0,0.0,0.0,False,4,1,,,,,,,,,,,,,,,,,,,,,,,,,,,
3665,case_6f7c512484,B0_rule_based,True,10,True,normal,[],[],[],[],normal,normal,0.0,0.0401035374891215,0.005321450850851756,0.186046511627907,0.06514657980456026,2,1,0,0.0,0.0,False,2,0,0.0,0.0,0.0,0.0,0.0,0.0,0.0,0.0,0.0,0.0,0.0,0.0,0.0,0.0,0.0,0.0,0.0,0.0,0.0,0.0,0.0,0.0,0.0,0.0,0.0,0.0,0.0
3665,case_6f7c512484,G1A_llm_no_retrieval,True,10,True,abnormal,['Enlarged Cardiomediastinum'],['Enlarged Cardiomediastinum'],[],[],normal,normal,0.0,0.0010025884372280378,0.0011899125841428626,0.0,0.0,2,1,0,0.0,0.0,False,2,0,0.0,1.0,0.0,1.0,0.0,0.0,1.0,0.0,1.0,0.0,0.0,1.0,0.0,1.0,0.0,0.0,0.0,0.0,0.0,0.0,0.0,0.0,0.0,0.0,0.0,0.0,1.0
3665,case_6f7c512484,G1B_llm_sham_retrieval,True,11,True,normal,[],[],[],[],normal,normal,0.0,0.03690962270089437,0.005970491088788948,0.13636363636363635,0.048701298701298704,2,1,0,0.0,0.0,False,2,0,0.0,0.0,0.0,0.0,0.0,0.0,0.0,0.0,0.0,0.0,0.0,0.0,0.0,0.0,0.0,0.0,0.0,0.0,0.0,0.0,0.0,0.0,0.0,0.0,0.0,0.0,0.0
3665,case_6f7c512484,G1_single_agent_rag,True,21,True,normal,[],[],[],[],normal,normal,0.0,0.24202205228903967,0.01889430848671998,0.25925925925925924,0.183632269586148,4,1,0,0.0,0.0,False,4,1,0.0,0.0,0.0,0.0,0.0,0.0,0.0,0.0,0.0,0.0,0.0,0.0,0.0,0.0,0.0,0.0,0.0,0.0,0.0,0.0,0.0,0.0,0.0,0.0,0.0,0.0,0.0
3667,case_dc966e7df3,B0_rule_based,True,18,True,abnormal,['Support Devices'],['Support Devices'],['Support Devices'],['Support Devices'],abnormal,abnormal,0.0,0.003095533718941397,0.0005259674230541606,0.08130081300813008,0.05944433848305677,4,1,0,0.0,0.0,False,4,0,1.0,0.0,0.0,0.0,0.0,1.0,0.0,0.0,0.0,0.0,0.0,1.0,0.0,1.0,0.0,0.0,0.0,1.0,1.0,0.0,0.0,1.0,1.0,0.0,0.0,1.0,0.0
3667,case_dc966e7df3,G1A_llm_no_retrieval,True,19,True,normal,[],[],['Support Devices'],['Support Devices'],abnormal,abnormal,0.0,0.007403477837188856,0.0010354304376942937,0.16129032258064516,0.08182130668565393,4,0,0,0.0,0.0,False,4,1,0.0,0.0,1.0,0.0,1.0,0.0,0.0,1.0,0.0,1.0,0.0,0.0,0.0,0.0,0.0,0.0,0.0,1.0,0.0,0.0,0.0,1.0,0.0,0.0,0.0,0.0,0.0
3667,case_dc966e7df3,G1B_llm_sham_retrieval,True,27,True,normal,[],[],['Support Devices'],['Support Devices'],abnormal,abnormal,0.0,0.024727999234596804,0.0027183302404599147,0.13636363636363638,0.07591020804755373,4,2,0,0.0,0.05,False,4,0,0.0,0.0,1.0,0.0,1.0,0.0,0.0,1.0,0.0,1.0,0.0,0.0,0.0,0.0,0.0,0.0,0.0,1.0,0.0,0.0,0.0,1.0,0.0,0.0,0.0,0.0,0.0
3667,case_dc966e7df3,G1_single_agent_rag,True,27,True,normal,[],[],['Support Devices'],['Support Devices'],abnormal,abnormal,0.0,0.03503133224901214,0.002097027556834014,0.1818181818181818,0.10199068734247513,4,2,0,0.0,0.15,False,4,3,0.0,0.0,1.0,0.0,1.0,0.0,0.0,1.0,0.0,1.0,0.0,0.0,0.0,0.0,0.0,0.0,0.0,1.0,0.0,0.0,0.0,1.0,0.0,0.0,0.0,0.0,0.0
3672,case_46097e15a8,B0_rule_based,True,17,True,abnormal,"['Cardiomegaly', 'Edema', 'Pleural Effusion']","['Cardiomegaly', 'Edema', 'Pleural Effusion']","['Cardiomegaly', 'Edema', 'Pleural Effusion']","['Cardiomegaly', 'Edema', 'Support Devices']",abnormal,abnormal,0.0,0.15587767891621793,0.010776824452356702,0.19512195121951217,0.08583690987124463,4,1,0,0.0,0.0,False,4,0,2.0,1.0,1.0,1.0,1.0,2.0,1.0,1.0,1.0,1.0,2.0,1.0,0.0,1.0,0.0,1.0,1.0,2.0,2.0,1.0,1.0,2.0,2.0,0.0,0.0,3.0,0.0
3672,case_46097e15a8,G1A_llm_no_retrieval,True,19,True,abnormal,"['Cardiomegaly', 'Edema', 'Pleural Effusion']","['Cardiomegaly', 'Edema', 'Pleural Effusion']","['Cardiomegaly', 'Edema', 'Pleural Effusion']","['Cardiomegaly', 'Edema', 'Support Devices']",abnormal,abnormal,0.0,0.16181484770394436,0.011068231235241966,0.186046511627907,0.0851063829787234,4,1,0,0.0,0.0,False,4,0,2.0,1.0,1.0,1.0,1.0,2.0,1.0,1.0,1.0,1.0,2.0,1.0,0.0,1.0,0.0,1.0,1.0,2.0,2.0,1.0,1.0,2.0,2.0,0.0,0.0,3.0,0.0
3672,case_46097e15a8,G1B_llm_sham_retrieval,True,19,True,abnormal,"['Cardiomegaly', 'Edema', 'Pleural Effusion']","['Cardiomegaly', 'Edema', 'Pleural Effusion']","['Cardiomegaly', 'Edema', 'Pleural Effusion']","['Cardiomegaly', 'Edema', 'Support Devices']",abnormal,abnormal,0.0,0.16181484770394436,0.011068231235241966,0.186046511627907,0.0851063829787234,4,1,0,0.0,0.0,False,4,0,2.0,1.0,1.0,1.0,1.0,2.0,1.0,1.0,1.0,1.0,2.0,1.0,0.0,1.0,0.0,1.0,1.0,2.0,2.0,1.0,1.0,2.0,2.0,2.0,0.0,1.0,0.0
3672,case_46097e15a8,G1_single_agent_rag,True,19,True,abnormal,"['Cardiomegaly', 'Edema', 'Pleural Effusion']","['Cardiomegaly', 'Edema', 'Pleural Effusion']","['Cardiomegaly', 'Edema', 'Pleural Effusion']","['Cardiomegaly', 'Edema', 'Support Devices']",abnormal,abnormal,0.0,0.16181484770394436,0.011068231235241966,0.186046511627907,0.0851063829787234,4,1,0,0.0,0.0,False,4,0,2.0,1.0,1.0,1.0,1.0,2.0,1.0,1.0,1.0,1.0,2.0,1.0,0.0,1.0,0.0,1.0,1.0,2.0,2.0,1.0,1.0,2.0,2.0,0.0,0.0,3.0,0.0
3683,case_3a391edba4,B0_rule_based,True,10,True,normal,[],[],[],['Support Devices'],normal,abnormal,0.0,0.0010037896372413816,0.00016527004019617936,0.0779220779220779,0.04168932390792096,2,1,0,0.0,0.0,False,2,0,0.0,0.0,1.0,0.0,1.0,0.0,0.0,1.0,0.0,1.0,0.0,0.0,1.0,0.0,1.0,0.0,0.0,0.0,0.0,0.0,0.0,0.0,0.0,0.0,0.0,0.0,0.0
3683,case_3a391edba4,G1A_llm_no_retrieval,True,10,True,abnormal,['Enlarged Cardiomediastinum'],['Enlarged Cardiomediastinum'],[],['Support Devices'],normal,abnormal,0.0,0.0003345965457471273,7.061774072241078e-05,0.025974025974025972,0.008156606851549755,2,1,0,0.0,0.0,False,2,0,0.0,1.0,1.0,1.0,1.0,0.0,1.0,1.0,1.0,1.0,0.0,1.0,1.0,1.0,1.0,0.0,0.0,0.0,0.0,0.0,0.0,0.0,0.0,0.0,0.0,0.0,1.0
3683,case_3a391edba4,G1B_llm_sham_retrieval,True,11,True,normal,[],[],[],['Support Devices'],normal,abnormal,0.0,0.004474490349917717,0.0008722730872257864,0.17948717948717952,0.11438823289902281,2,1,0,0.0,0.0,False,2,1,0.0,0.0,1.0,0.0,1.0,0.0,0.0,1.0,0.0,1.0,0.0,0.0,1.0,0.0,1.0,0.0,0.0,0.0,0.0,0.0,0.0,0.0,0.0,0.0,0.0,0.0,0.0
3683,case_3a391edba4,G1_single_agent_rag,True,21,True,normal,[],[],[],['Support Devices'],normal,abnormal,0.0,0.07457564507631396,0.004970687212127607,0.22727272727272727,0.13454179748822603,4,1,0,0.0,0.0,False,4,1,0.0,0.0,1.0,0.0,1.0,0.0,0.0,1.0,0.0,1.0,0.0,0.0,1.0,0.0,1.0,0.0,0.0,0.0,0.0,0.0,0.0,0.0,0.0,0.0,0.0,0.0,0.0
3692,case_63899f51d0,B0_rule_based,True,10,True,normal,[],[],[],[],normal,normal,0.0,0.0410424993119494,0.0228000854584573,0.22222222222222224,0.1489230769230769,2,1,0,0.0,0.0,False,2,0,0.0,0.0,0.0,0.0,0.0,0.0,0.0,0.0,0.0,0.0,0.0,0.0,1.0,0.0,1.0,0.0,0.0,0.0,0.0,0.0,0.0,0.0,0.0,0.0,0.0,0.0,0.0
3692,case_63899f51d0,G1A_llm_no_retrieval,True,10,True,abnormal,['Enlarged Cardiomediastinum'],['Enlarged Cardiomediastinum'],[],[],normal,normal,0.0,0.024625499587169638,0.004054492251790247,0.08888888888888888,0.07863247863247863,2,1,0,0.0,0.0,False,2,0,0.0,1.0,0.0,1.0,0.0,0.0,1.0,0.0,1.0,0.0,0.0,1.0,1.0,1.0,1.0,0.0,0.0,0.0,0.0,0.0,0.0,0.0,0.0,0.0,0.0,0.0,1.0
3692,case_63899f51d0,G1B_llm_sham_retrieval,True,30,True,normal,[],[],[],[],normal,normal,0.0,0.5361050924307222,0.1155024073494523,0.4923076923076923,0.4625235858525031,4,2,2,1.0,0.9565217391304348,True,4,1,0.0,0.0,0.0,0.0,0.0,0.0,0.0,0.0,0.0,0.0,0.0,0.0,1.0,0.0,1.0,0.0,0.0,0.0,0.0,0.0,0.0,0.0,0.0,0.0,0.0,0.0,0.0
3692,case_63899f51d0,G1_single_agent_rag,True,22,True,normal,[],[],[],[],normal,normal,0.0,0.3776069862482445,0.10967458266765774,0.2456140350877193,0.37916254533465216,4,2,0,0.0,0.0,False,4,1,0.0,0.0,0.0,0.0,0.0,0.0,0.0,0.0,0.0,0.0,0.0,0.0,1.0,0.0,1.0,0.0,0.0,0.0,0.0,0.0,0.0,0.0,0.0,0.0,0.0,0.0,0.0
3693,case_f095537603,B0_rule_based,True,12,True,indeterminate,[],[],[],[],indeterminate,normal,0.0,0.013528441555705402,0.0012130646989555612,0.10169491525423728,0.03448275862068965,2,1,0,0.0,0.0,False,2,2,0.0,0.0,0.0,0.0,0.0,0.0,0.0,0.0,0.0,0.0,0.0,0.0,0.0,0.0,0.0,0.0,0.0,0.0,0.0,0.0,0.0,0.0,0.0,0.0,0.0,0.0,0.0
3693,case_f095537603,G1A_llm_no_retrieval,True,15,True,normal,[],[],[],[],indeterminate,normal,0.0,0.03158448773701432,0.0022140332045037622,0.12903225806451613,0.045662100456621,2,1,0,0.0,0.0,False,2,1,0.0,0.0,0.0,0.0,0.0,0.0,0.0,0.0,0.0,0.0,0.0,0.0,0.0,0.0,0.0,0.0,0.0,0.0,0.0,0.0,0.0,0.0,0.0,0.0,0.0,0.0,0.0
3693,case_f095537603,G1B_llm_sham_retrieval,True,25,True,normal,[],[],[],[],indeterminate,normal,0.0,0.2654610634762121,0.028105441223678578,0.3055555555555556,0.21000453404017855,5,0,0,0.0,0.0,False,5,1,0.0,0.0,0.0,0.0,0.0,0.0,0.0,0.0,0.0,0.0,0.0,0.0,0.0,0.0,0.0,0.0,0.0,0.0,0.0,0.0,0.0,0.0,0.0,0.0,0.0,0.0,0.0
3693,case_f095537603,G1_single_agent_rag,True,25,True,normal,[],[],[],[],indeterminate,normal,0.0,0.2654610634762121,0.028105441223678578,0.3055555555555556,0.21000453404017855,5,0,0,0.0,0.0,False,5,1,0.0,0.0,0.0,0.0,0.0,0.0,0.0,0.0,0.0,0.0,0.0,0.0,0.0,0.0,0.0,0.0,0.0,0.0,0.0,0.0,0.0,0.0,0.0,0.0,0.0,0.0,0.0
3695,case_01d6fe8bcb,B0_rule_based,False,12,True,indeterminate,[],[],[],,indeterminate,,0.0,0.011451578543155374,0.0010268370987758172,0.06557377049180327,0.033112582781456956,2,1,0,0.0,0.0,False,2,2,,,,,,,,,,,,,,,,,,,,,,,,,,,
3695,case_01d6fe8bcb,G1A_llm_no_retrieval,False,15,True,normal,[],[],[],,indeterminate,,0.0,0.03455237620384262,0.0020488289503294375,0.125,0.05482456140350877,2,1,0,0.0,0.0,False,2,1,,,,,,,,,,,,,,,,,,,,,,,,,,,
3695,case_01d6fe8bcb,G1B_llm_sham_retrieval,False,24,True,normal,[],[],[],,indeterminate,,0.0,0.2205413009117806,0.013819822465201652,0.3287671232876712,0.24,5,0,0,0.0,0.0,False,5,1,,,,,,,,,,,,,,,,,,,,,,,,,,,
3695,case_01d6fe8bcb,G1_single_agent_rag,False,25,True,normal,[],[],[],,indeterminate,,0.0,0.22973573158506722,0.014356205559714981,0.3243243243243243,0.2394849785407725,5,0,0,0.0,0.0,False,5,1,,,,,,,,,,,,,,,,,,,,,,,,,,,
3701,case_7dbe966651,B0_rule_based,True,10,True,normal,[],[],[],[],normal,normal,0.0,0.07408182206817181,0.015635220893785457,0.08695652173913043,0.03937007874015748,2,1,0,0.0,0.0,False,2,0,0.0,0.0,0.0,0.0,0.0,0.0,0.0,0.0,0.0,0.0,0.0,0.0,0.0,0.0,0.0,0.0,0.0,0.0,0.0,0.0,0.0,0.0,0.0,0.0,0.0,0.0,0.0
3701,case_7dbe966651,G1A_llm_no_retrieval,True,10,True,abnormal,['Enlarged Cardiomediastinum'],['Enlarged Cardiomediastinum'],[],[],normal,normal,0.0,0.007408182206817182,0.008792330837055148,0.0,0.0,2,1,0,0.0,0.0,False,2,0,0.0,1.0,0.0,1.0,0.0,0.0,1.0,0.0,1.0,0.0,0.0,1.0,0.0,1.0,0.0,0.0,0.0,0.0,0.0,0.0,0.0,0.0,0.0,0.0,0.0,0.0,1.0
3701,case_7dbe966651,G1B_llm_sham_retrieval,True,17,True,normal,[],[],[],[],normal,normal,0.0,0.4117647058823529,0.09950615774798435,0.4000000000000001,0.4736521474261346,4,0,0,0.0,0.0,False,4,3,0.0,0.0,0.0,0.0,0.0,0.0,0.0,0.0,0.0,0.0,0.0,0.0,0.0,0.0,0.0,0.0,0.0,0.0,0.0,0.0,0.0,0.0,0.0,0.0,0.0,0.0,0.0
3701,case_7dbe966651,G1_single_agent_rag,True,21,True,normal,[],[],[],[],normal,normal,0.0,0.3333333333333333,0.031420504922717064,0.35294117647058826,0.3475303164744158,4,1,0,0.0,0.0,False,4,1,0.0,0.0,0.0,0.0,0.0,0.0,0.0,0.0,0.0,0.0,0.0,0.0,0.0,0.0,0.0,0.0,0.0,0.0,0.0,0.0,0.0,0.0,0.0,0.0,0.0,0.0,0.0
3702,case_b96cc648ca,B0_rule_based,False,4,True,abnormal,['Fracture'],['Fracture'],['Fracture'],,abnormal,,0.0,2.6692600250869567e-08,4.8238974136484786e-08,0.0,0.0,2,0,0,0.0,0.0,False,2,0,,,,,,,,,,,,,,,,,,,,,,,,,,,
3702,case_b96cc648ca,G1A_llm_no_retrieval,False,5,True,abnormal,['Fracture'],['Fracture'],['Fracture'],,abnormal,,0.0,4.079900682234385e-07,6.163455772481032e-07,0.0,0.0,2,0,0,0.0,0.0,False,2,0,,,,,,,,,,,,,,,,,,,,,,,,,,,
3702,case_b96cc648ca,G1B_llm_sham_retrieval,False,27,True,normal,[],[],['Fracture'],,abnormal,,0.0,0.1471838646672234,0.050430952624142975,0.18604651162790697,0.17995376556170603,4,2,0,0.0,0.2,False,4,0,,,,,,,,,,,,,,,,,,,,,,,,,,,
3702,case_b96cc648ca,G1_single_agent_rag,False,33,True,normal,[],[],['Fracture'],,abnormal,,0.0,0.2480773735266512,0.028143784478302094,0.21739130434782608,0.22680260047281325,4,2,2,1.0,0.6538461538461539,True,4,0,,,,,,,,,,,,,,,,,,,,,,,,,,,
3708,case_1eaf2c078c,B0_rule_based,False,13,True,abnormal,"['Enlarged Cardiomediastinum', 'Fracture']","['Enlarged Cardiomediastinum', 'Fracture']","['Enlarged Cardiomediastinum', 'Fracture']",,abnormal,,0.0,0.0177311105878254,0.0040279119244823434,0.09090909090909091,0.07591836734693877,3,0,0,0.0,0.0,False,3,0,,,,,,,,,,,,,,,,,,,,,,,,,,,
3708,case_1eaf2c078c,G1A_llm_no_retrieval,False,13,True,abnormal,"['Enlarged Cardiomediastinum', 'Fracture']","['Enlarged Cardiomediastinum', 'Fracture']","['Enlarged Cardiomediastinum', 'Fracture']",,abnormal,,0.0,0.0177311105878254,0.0019046819521915054,0.09090909090909091,0.07591836734693877,3,0,0,0.0,0.0,False,3,0,,,,,,,,,,,,,,,,,,,,,,,,,,,
3708,case_1eaf2c078c,G1B_llm_sham_retrieval,False,20,True,normal,[],[],"['Enlarged Cardiomediastinum', 'Fracture']",,abnormal,,0.0,0.12483244060349019,0.03321208830084494,0.2465753424657534,0.20204064624432982,4,1,0,0.0,0.0,False,4,1,,,,,,,,,,,,,,,,,,,,,,,,,,,
3708,case_1eaf2c078c,G1_single_agent_rag,False,32,True,normal,[],[],"['Enlarged Cardiomediastinum', 'Fracture']",,abnormal,,0.0,0.29182115568031275,0.035059413073506594,0.21176470588235294,0.25130975769482644,5,3,1,0.3333333333333333,0.08,False,5,1,,,,,,,,,,,,,,,,,,,,,,,,,,,
3713,case_7cb703ec93,B0_rule_based,False,10,True,normal,[],[],[],,normal,,0.0,0.030077653116841123,0.0027848087265247333,0.0930232558139535,0.04885993485342019,2,1,0,0.0,0.0,False,2,0,,,,,,,,,,,,,,,,,,,,,,,,,,,
3713,case_7cb703ec93,G1A_llm_no_retrieval,False,10,True,abnormal,['Enlarged Cardiomediastinum'],['Enlarged Cardiomediastinum'],[],,normal,,0.0,0.02005176874456075,0.00251635874495793,0.04651162790697675,0.03257328990228013,2,1,0,0.0,0.0,False,2,0,,,,,,,,,,,,,,,,,,,,,,,,,,,
3713,case_7cb703ec93,G1B_llm_sham_retrieval,False,18,True,normal,[],[],[],,normal,,0.0,0.16901041441941933,0.031780416778332654,0.27450980392156865,0.15225137674117264,3,1,0,0.0,0.18181818181818182,False,3,1,,,,,,,,,,,,,,,,,,,,,,,,,,,
3713,case_7cb703ec93,G1_single_agent_rag,False,21,True,normal,[],[],[],,normal,,0.0,0.29580473057549295,0.04996127852184691,0.33333333333333326,0.3013410260408545,4,1,0,0.0,0.0,False,4,1,,,,,,,,,,,,,,,,,,,,,,,,,,,
3720,case_93a0fabee1,B0_rule_based,True,10,True,normal,[],[],[],[],normal,normal,0.0,0.045358976644706256,0.011915394454893318,0.22727272727272727,0.14113924050632912,2,1,0,0.0,0.0,False,2,0,0.0,0.0,0.0,0.0,0.0,0.0,0.0,0.0,0.0,0.0,0.0,0.0,0.0,0.0,0.0,0.0,0.0,0.0,0.0,0.0,0.0,0.0,0.0,0.0,0.0,0.0,0.0
3720,case_93a0fabee1,G1A_llm_no_retrieval,True,10,True,abnormal,['Enlarged Cardiomediastinum'],['Enlarged Cardiomediastinum'],[],[],normal,normal,0.0,0.027215385986823753,0.0044809069242416275,0.13636363636363635,0.08087201125175807,2,1,0,0.0,0.0,False,2,0,0.0,1.0,0.0,1.0,0.0,0.0,1.0,0.0,1.0,0.0,0.0,1.0,0.0,1.0,0.0,0.0,0.0,0.0,0.0,0.0,0.0,0.0,0.0,0.0,0.0,0.0,1.0
3720,case_93a0fabee1,G1B_llm_sham_retrieval,True,22,True,normal,[],[],[],[],normal,normal,0.0,0.4742004099148442,0.21362002437662678,0.5714285714285714,0.48615816019271296,3,2,0,0.0,0.0,False,3,0,0.0,0.0,0.0,0.0,0.0,0.0,0.0,0.0,0.0,0.0,0.0,0.0,0.0,0.0,0.0,0.0,0.0,0.0,0.0,0.0,0.0,0.0,0.0,0.0,0.0,0.0,0.0
3720,case_93a0fabee1,G1_single_agent_rag,True,21,True,normal,[],[],[],[],normal,normal,0.0,0.3076897198135304,0.021424357719893646,0.2545454545454545,0.2256413523615359,4,1,0,0.0,0.0,False,4,1,0.0,0.0,0.0,0.0,0.0,0.0,0.0,0.0,0.0,0.0,0.0,0.0,0.0,0.0,0.0,0.0,0.0,0.0,0.0,0.0,0.0,0.0,0.0,0.0,0.0,0.0,0.0
3726,case_b4a79e5cc2,B0_rule_based,True,10,True,normal,[],[],[],[],normal,normal,0.0,0.040656965974059926,0.008580791159409903,0.06896551724137931,0.02762430939226519,2,1,0,0.0,0.0,False,2,0,0.0,0.0,0.0,0.0,0.0,0.0,0.0,0.0,0.0,0.0,0.0,0.0,0.0,0.0,0.0,0.0,0.0,0.0,0.0,0.0,0.0,0.0,0.0,0.0,0.0,0.0,0.0
3726,case_b4a79e5cc2,G1A_llm_no_retrieval,True,10,True,abnormal,['Enlarged Cardiomediastinum'],['Enlarged Cardiomediastinum'],[],[],normal,normal,0.0,0.040656965974059926,0.008580791159409903,0.06896551724137931,0.02762430939226519,2,1,0,0.0,0.0,False,2,0,0.0,1.0,0.0,1.0,0.0,0.0,1.0,0.0,1.0,0.0,0.0,1.0,0.0,1.0,0.0,0.0,0.0,0.0,0.0,0.0,0.0,0.0,0.0,0.0,0.0,0.0,1.0
3726,case_b4a79e5cc2,G1B_llm_sham_retrieval,True,62,False,abnormal,"['Lung Opacity', 'Support Devices']","['Lung Opacity', 'Support Devices']",[],[],normal,normal,0.0,0.11290322580645162,0.00850341379588304,0.1234567901234568,0.20583340632390298,11,6,5,0.8333333333333334,0.8363636363636363,False,11,3,0.0,2.0,0.0,1.0,0.0,0.0,2.0,0.0,1.0,0.0,0.0,2.0,0.0,1.0,0.0,0.0,0.0,0.0,0.0,0.0,0.0,0.0,0.0,0.0,2.0,0.0,0.0
3726,case_b4a79e5cc2,G1_single_agent_rag,True,21,True,normal,[],[],[],[],normal,normal,0.0,0.38095238095238093,0.03595290285752276,0.25,0.36580403645833337,4,1,0,0.0,0.0,False,4,1,0.0,0.0,0.0,0.0,0.0,0.0,0.0,0.0,0.0,0.0,0.0,0.0,0.0,0.0,0.0,0.0,0.0,0.0,0.0,0.0,0.0,0.0,0.0,0.0,0.0,0.0,0.0
3755,case_5c4ec798e4,B0_rule_based,False,10,True,normal,[],[],[],,normal,,0.0,0.004443598615296923,0.0005896335613443035,0.12307692307692307,0.0396039603960396,2,1,0,0.0,0.0,False,2,0,,,,,,,,,,,,,,,,,,,,,,,,,,,
3755,case_5c4ec798e4,G1A_llm_no_retrieval,False,10,True,abnormal,['Enlarged Cardiomediastinum'],['Enlarged Cardiomediastinum'],[],,normal,,0.0,0.001110899653824231,0.0002344591560178979,0.030769230769230767,0.0099009900990099,2,1,0,0.0,0.0,False,2,0,,,,,,,,,,,,,,,,,,,,,,,,,,,
3755,case_5c4ec798e4,G1B_llm_sham_retrieval,False,34,True,normal,[],[],[],,normal,,0.0,0.30132417383863713,0.084897946115984,0.3146067415730337,0.2873241206687997,6,3,1,0.3333333333333333,0.0,False,6,0,,,,,,,,,,,,,,,,,,,,,,,,,,,
3755,case_5c4ec798e4,G1_single_agent_rag,False,21,True,normal,[],[],[],,normal,,0.0,0.12262544902746582,0.00864049334237581,0.18421052631578946,0.19460116508417044,4,1,0,0.0,0.0,False,4,1,,,,,,,,,,,,,,,,,,,,,,,,,,,
3756,case_17bce75e60,B0_rule_based,True,11,True,abnormal,"['Atelectasis', 'Lung Opacity']","['Atelectasis', 'Lung Opacity']","['Atelectasis', 'Lung Opacity']",['Lung Opacity'],abnormal,abnormal,0.0,0.04245572347107516,0.005234499214049016,0.10526315789473684,0.03937007874015748,3,0,0,0.0,0.0,False,3,0,1.0,1.0,0.0,1.0,0.0,1.0,1.0,0.0,1.0,0.0,1.0,1.0,0.0,1.0,0.0,1.0,1.0,1.0,1.0,1.0,1.0,1.0,1.0,0.0,0.0,2.0,0.0
3756,case_17bce75e60,G1A_llm_no_retrieval,True,16,True,abnormal,['Atelectasis'],[],"['Atelectasis', 'Lung Opacity']",['Lung Opacity'],abnormal,abnormal,0.0,0.15713486811591904,0.019559235972417488,0.13953488372093023,0.1722007722007722,2,1,0,0.0,0.0,False,2,1,0.0,1.0,1.0,1.0,1.0,0.0,0.0,1.0,0.0,1.0,0.0,1.0,1.0,1.0,1.0,1.0,1.0,1.0,0.0,1.0,0.0,1.0,0.0,0.0,0.0,1.0,0.0
3756,case_17bce75e60,G1B_llm_sham_retrieval,True,13,True,abnormal,"['Atelectasis', 'Lung Opacity']",['Lung Opacity'],"['Atelectasis', 'Lung Opacity']",['Lung Opacity'],abnormal,abnormal,0.0,0.15721940499574205,0.03447363313970703,0.2,0.2197265625,2,1,0,0.0,0.0,False,2,0,1.0,1.0,0.0,1.0,0.0,1.0,0.0,0.0,0.0,0.0,1.0,1.0,0.0,1.0,0.0,1.0,1.0,1.0,1.0,1.0,0.0,1.0,1.0,2.0,0.0,0.0,0.0
3756,case_17bce75e60,G1_single_agent_rag,True,28,True,abnormal,"['Atelectasis', 'Lung Opacity']","['Atelectasis', 'Lung Opacity']","['Atelectasis', 'Lung Opacity']",['Lung Opacity'],abnormal,abnormal,0.0,0.4642857142857143,0.07506238537503397,0.32727272727272727,0.44225856459748036,4,3,1,0.3333333333333333,0.23809523809523808,False,4,0,1.0,1.0,0.0,1.0,0.0,1.0,1.0,0.0,1.0,0.0,1.0,1.0,0.0,1.0,0.0,1.0,1.0,1.0,1.0,1.0,1.0,1.0,1.0,0.0,0.0,2.0,0.0
3785,case_9780d46fd1,B0_rule_based,True,10,True,normal,[],[],[],['Lung Opacity'],normal,abnormal,0.0,0.06122821412649095,0.014533625122415862,0.24390243902439024,0.128719723183391,2,1,0,0.0,0.0,False,2,0,0.0,0.0,1.0,0.0,1.0,0.0,0.0,1.0,0.0,1.0,0.0,0.0,1.0,0.0,1.0,0.0,0.0,0.0,0.0,0.0,0.0,0.0,0.0,0.0,0.0,0.0,0.0
3785,case_9780d46fd1,G1A_llm_no_retrieval,True,10,True,abnormal,['Enlarged Cardiomediastinum'],['Enlarged Cardiomediastinum'],[],['Lung Opacity'],normal,abnormal,0.0,0.03673692847589457,0.006048591677615858,0.0975609756097561,0.08842752787389466,2,1,0,0.0,0.0,False,2,0,0.0,1.0,1.0,1.0,1.0,0.0,1.0,1.0,1.0,1.0,0.0,1.0,1.0,1.0,1.0,0.0,0.0,0.0,0.0,0.0,0.0,0.0,0.0,0.0,0.0,0.0,1.0
3785,case_9780d46fd1,G1B_llm_sham_retrieval,True,20,True,normal,[],[],[],['Lung Opacity'],normal,abnormal,0.0,0.37501737674731633,0.06209304083913706,0.3529411764705882,0.4008430468425323,4,1,0,0.0,0.0,False,4,1,0.0,0.0,1.0,0.0,1.0,0.0,0.0,1.0,0.0,1.0,0.0,0.0,1.0,0.0,1.0,0.0,0.0,0.0,0.0,0.0,0.0,0.0,0.0,0.0,0.0,0.0,0.0
3785,case_9780d46fd1,G1_single_agent_rag,True,21,True,normal,[],[],[],['Lung Opacity'],normal,abnormal,0.0,0.2366267267106482,0.020179214202953884,0.2692307692307692,0.17734374999999997,4,1,0,0.0,0.0,False,4,1,0.0,0.0,1.0,0.0,1.0,0.0,0.0,1.0,0.0,1.0,0.0,0.0,1.0,0.0,1.0,0.0,0.0,0.0,0.0,0.0,0.0,0.0,0.0,0.0,0.0,0.0,0.0
3787,case_f6894d4997,B0_rule_based,True,10,True,normal,[],[],[],[],normal,normal,0.0,0.08131393194811984,0.010204337899122706,0.13793103448275862,0.05524861878453038,2,1,0,0.0,0.0,False,2,0,0.0,0.0,0.0,0.0,0.0,0.0,0.0,0.0,0.0,0.0,0.0,0.0,0.0,0.0,0.0,0.0,0.0,0.0,0.0,0.0,0.0,0.0,0.0,0.0,0.0,0.0,0.0
3787,case_f6894d4997,G1A_llm_no_retrieval,True,10,True,abnormal,['Enlarged Cardiomediastinum'],['Enlarged Cardiomediastinum'],[],[],normal,normal,0.0,0.08131393194811984,0.018146163979089743,0.13793103448275862,0.10359116022099446,2,1,0,0.0,0.0,False,2,0,0.0,1.0,0.0,1.0,0.0,0.0,1.0,0.0,1.0,0.0,0.0,1.0,0.0,1.0,0.0,0.0,0.0,0.0,0.0,0.0,0.0,0.0,0.0,0.0,0.0,0.0,1.0
3787,case_f6894d4997,G1B_llm_sham_retrieval,True,18,True,normal,[],[],[],[],normal,normal,0.0,0.42042643062522905,0.03634288144734205,0.37837837837837834,0.333994708994709,4,1,1,1.0,1.0,True,4,2,0.0,0.0,0.0,0.0,0.0,0.0,0.0,0.0,0.0,0.0,0.0,0.0,0.0,0.0,0.0,0.0,0.0,0.0,0.0,0.0,0.0,0.0,0.0,0.0,0.0,0.0,0.0
3787,case_f6894d4997,G1_single_agent_rag,True,22,True,normal,[],[],[],[],normal,normal,0.0,0.3181818181818182,0.075152012263472,0.24390243902439024,0.29660568890768735,4,2,0,0.0,0.0,False,4,1,0.0,0.0,0.0,0.0,0.0,0.0,0.0,0.0,0.0,0.0,0.0,0.0,0.0,0.0,0.0,0.0,0.0,0.0,0.0,0.0,0.0,0.0,0.0,0.0,0.0,0.0,0.0
3790,case_d781751166,B0_rule_based,True,21,True,abnormal,"['Atelectasis', 'Fracture', 'Lung Opacity', 'Pleural Effusion']","['Atelectasis', 'Fracture', 'Lung Opacity', 'Pleural Effusion']","['Atelectasis', 'Fracture', 'Lung Opacity', 'Pleural Effusion']",['Lung Opacity'],abnormal,abnormal,0.0,0.0015926664959185792,0.0017180084269874964,0.0,0.0,5,1,0,0.0,0.0,False,5,0,1.0,3.0,0.0,1.0,0.0,1.0,3.0,0.0,1.0,0.0,1.0,3.0,0.0,1.0,0.0,3.0,3.0,1.0,1.0,3.0,3.0,1.0,1.0,1.0,0.0,3.0,0.0
3790,case_d781751166,G1A_llm_no_retrieval,True,38,True,abnormal,"['Fracture', 'Lung Opacity', 'Pleural Effusion']","['Fracture', 'Lung Opacity', 'Pleural Effusion']","['Atelectasis', 'Fracture', 'Lung Opacity', 'Pleural Effusion']",['Lung Opacity'],abnormal,abnormal,0.0,0.20224886817399512,0.01524601514648064,0.14634146341463414,0.13455083347556468,4,4,0,0.0,0.0,False,4,0,1.0,2.0,0.0,1.0,0.0,1.0,2.0,0.0,1.0,0.0,1.0,2.0,0.0,1.0,0.0,3.0,2.0,1.0,1.0,3.0,2.0,1.0,1.0,1.0,0.0,2.0,0.0
3790,case_d781751166,G1B_llm_sham_retrieval,True,29,True,abnormal,"['Lung Opacity', 'Pleural Effusion']","['Lung Opacity', 'Pleural Effusion']","['Atelectasis', 'Fracture', 'Lung Opacity', 'Pleural Effusion']",['Lung Opacity'],abnormal,abnormal,0.0,0.14390138214416548,0.013271611091551633,0.1095890410958904,0.11284513805522209,4,2,0,0.0,0.0,False,4,0,1.0,1.0,0.0,1.0,0.0,1.0,1.0,0.0,1.0,0.0,1.0,1.0,0.0,1.0,0.0,3.0,1.0,1.0,1.0,3.0,1.0,1.0,1.0,2.0,0.0,0.0,0.0
3790,case_d781751166,G1_single_agent_rag,True,13,True,abnormal,"['Atelectasis', 'Lung Opacity']",['Lung Opacity'],"['Atelectasis', 'Fracture', 'Lung Opacity', 'Pleural Effusion']",['Lung Opacity'],abnormal,abnormal,0.0,0.028345970839929006,0.0035996508148735925,0.14035087719298245,0.0488997555012225,2,2,0,0.0,0.0,False,2,0,1.0,1.0,0.0,1.0,0.0,1.0,0.0,0.0,0.0,0.0,1.0,1.0,0.0,1.0,0.0,3.0,1.0,1.0,1.0,3.0,0.0,1.0,1.0,0.0,0.0,2.0,0.0
3793,case_db97ac0b82,B0_rule_based,True,19,True,abnormal,"['Atelectasis', 'Fracture', 'Lung Opacity', 'Pneumonia']","['Atelectasis', 'Fracture', 'Lung Opacity', 'Pneumonia']","['Atelectasis', 'Fracture', 'Lung Opacity', 'Pneumonia']",['Lung Opacity'],abnormal,abnormal,0.0,0.0503813655274981,0.005795651808892839,0.038461538461538464,0.03164556962025317,5,1,0,0.0,0.0,False,5,0,1.0,3.0,0.0,1.0,0.0,1.0,3.0,0.0,1.0,0.0,1.0,3.0,0.0,1.0,0.0,3.0,3.0,1.0,1.0,3.0,3.0,1.0,1.0,1.0,0.0,3.0,0.0
3793,case_db97ac0b82,G1A_llm_no_retrieval,True,23,True,normal,[],[],"['Atelectasis', 'Fracture', 'Lung Opacity', 'Pneumonia']",['Lung Opacity'],abnormal,abnormal,0.0,0.253332544728487,0.021735383206828836,0.21428571428571427,0.21508487654320982,5,0,0,0.0,0.0,False,5,1,0.0,0.0,1.0,0.0,1.0,0.0,0.0,1.0,0.0,1.0,0.0,0.0,1.0,0.0,1.0,3.0,0.0,1.0,0.0,3.0,0.0,1.0,0.0,0.0,0.0,0.0,0.0
3793,case_db97ac0b82,G1B_llm_sham_retrieval,True,28,True,normal,[],[],"['Atelectasis', 'Fracture', 'Lung Opacity', 'Pneumonia']",['Lung Opacity'],abnormal,abnormal,0.0,0.29873725260463696,0.021127403407369315,0.16393442622950818,0.19553846153846152,5,3,0,0.0,0.0,False,5,1,0.0,0.0,1.0,0.0,1.0,0.0,0.0,1.0,0.0,1.0,0.0,0.0,1.0,0.0,1.0,3.0,0.0,1.0,0.0,3.0,0.0,1.0,0.0,0.0,0.0,0.0,0.0
3793,case_db97ac0b82,G1_single_agent_rag,True,31,True,abnormal,"['Atelectasis', 'Lung Opacity']",['Lung Opacity'],"['Atelectasis', 'Fracture', 'Lung Opacity', 'Pneumonia']",['Lung Opacity'],abnormal,abnormal,0.0,0.33266873939262703,0.13555006859415836,0.28125,0.2921537996371699,4,4,1,0.25,0.20833333333333334,False,4,0,1.0,1.0,0.0,1.0,0.0,1.0,0.0,0.0,0.0,0.0,1.0,1.0,0.0,1.0,0.0,3.0,1.0,1.0,1.0,3.0,0.0,1.0,1.0,0.0,0.0,2.0,0.0
3804,case_45df2630ae,B0_rule_based,False,10,True,abnormal,['Lung Lesion'],['Lung Lesion'],['Lung Lesion'],,abnormal,,0.0,0.0013475893998170934,0.00016911317969205088,0.05714285714285715,0.01818181818181818,2,1,0,0.0,0.0,False,2,0,,,,,,,,,,,,,,,,,,,,,,,,,,,
3804,case_45df2630ae,G1A_llm_no_retrieval,False,22,True,normal,[],[],['Lung Lesion'],,abnormal,,0.0,0.08080389674006265,0.01142954406775578,0.17073170731707318,0.1130782918149466,5,0,0,0.0,0.0,False,5,2,,,,,,,,,,,,,,,,,,,,,,,,,,,
3804,case_45df2630ae,G1B_llm_sham_retrieval,False,13,True,normal,[],[],['Lung Lesion'],,abnormal,,0.0,0.014488155523867122,0.002829983571513462,0.16438356164383564,0.08672546776395912,2,1,0,0.0,0.0,False,2,0,,,,,,,,,,,,,,,,,,,,,,,,,,,
3804,case_45df2630ae,G1_single_agent_rag,False,22,True,normal,[],[],['Lung Lesion'],,abnormal,,0.0,0.12928623478410026,0.035776406355425366,0.2439024390243902,0.22464412811387902,4,1,0,0.0,0.0,False,4,1,,,,,,,,,,,,,,,,,,,,,,,,,,,
3809,case_90e385881f,B0_rule_based,True,10,True,normal,[],[],[],[],normal,normal,0.0,0.004065696597405993,0.004825333471764197,0.0,0.0,2,1,0,0.0,0.0,False,2,0,0.0,0.0,0.0,0.0,0.0,0.0,0.0,0.0,0.0,0.0,0.0,0.0,0.0,0.0,0.0,0.0,0.0,0.0,0.0,0.0,0.0,0.0,0.0,0.0,0.0,0.0,0.0
3809,case_90e385881f,G1A_llm_no_retrieval,True,10,True,abnormal,['Enlarged Cardiomediastinum'],['Enlarged Cardiomediastinum'],[],[],normal,normal,0.0,0.08131393194811984,0.010204337899122706,0.13793103448275862,0.05524861878453038,2,1,0,0.0,0.0,False,2,0,0.0,1.0,0.0,1.0,0.0,0.0,1.0,0.0,1.0,0.0,0.0,1.0,0.0,1.0,0.0,0.0,0.0,0.0,0.0,0.0,0.0,0.0,0.0,0.0,0.0,0.0,1.0
3809,case_90e385881f,G1B_llm_sham_retrieval,True,20,True,normal,[],[],[],[],normal,normal,0.0,0.2,0.11986062961075741,0.20512820512820512,0.16524869109947643,4,1,0,0.0,0.0,False,4,1,0.0,0.0,0.0,0.0,0.0,0.0,0.0,0.0,0.0,0.0,0.0,0.0,0.0,0.0,0.0,0.0,0.0,0.0,0.0,0.0,0.0,0.0,0.0,0.0,0.0,0.0,0.0
3809,case_90e385881f,G1_single_agent_rag,True,21,True,normal,[],[],[],[],normal,normal,0.0,0.2857142857142857,0.030232667130855925,0.2,0.22207754629629628,4,1,0,0.0,0.0,False,4,1,0.0,0.0,0.0,0.0,0.0,0.0,0.0,0.0,0.0,0.0,0.0,0.0,0.0,0.0,0.0,0.0,0.0,0.0,0.0,0.0,0.0,0.0,0.0,0.0,0.0,0.0,0.0
3814,case_b3d1cfc000,B0_rule_based,True,4,True,abnormal,['Fracture'],['Fracture'],['Fracture'],[],abnormal,normal,0.0,6.88411233743679e-07,1.2440995402366274e-06,0.0,0.0,2,0,0,0.0,0.0,False,2,0,0.0,1.0,0.0,1.0,0.0,0.0,1.0,0.0,1.0,0.0,1.0,0.0,0.0,0.0,0.0,1.0,1.0,0.0,0.0,1.0,1.0,0.0,0.0,0.0,0.0,1.0,0.0
3814,case_b3d1cfc000,G1A_llm_no_retrieval,True,5,True,abnormal,['Fracture'],['Fracture'],['Fracture'],[],abnormal,normal,0.0,5.493071399442851e-06,8.298315391100371e-06,0.0,0.0,2,0,0,0.0,0.0,False,2,0,0.0,1.0,0.0,1.0,0.0,0.0,1.0,0.0,1.0,0.0,1.0,0.0,0.0,0.0,0.0,1.0,1.0,0.0,0.0,1.0,1.0,0.0,0.0,0.0,0.0,1.0,0.0
3814,case_b3d1cfc000,G1B_llm_sham_retrieval,True,5,True,abnormal,['Fracture'],['Fracture'],['Fracture'],[],abnormal,normal,0.0,5.493071399442851e-06,8.298315391100371e-06,0.0,0.0,2,0,0,0.0,0.0,False,2,0,0.0,1.0,0.0,1.0,0.0,0.0,1.0,0.0,1.0,0.0,1.0,0.0,0.0,0.0,0.0,1.0,1.0,0.0,0.0,1.0,1.0,0.0,0.0,1.0,0.0,0.0,0.0
3814,case_b3d1cfc000,G1_single_agent_rag,True,33,True,normal,[],[],['Fracture'],[],abnormal,normal,0.0,0.34741556867181306,0.038284909186052304,0.25316455696202533,0.2952787905529365,4,2,2,1.0,0.6538461538461539,True,4,0,0.0,0.0,0.0,0.0,0.0,0.0,0.0,0.0,0.0,0.0,0.0,0.0,1.0,0.0,1.0,1.0,0.0,0.0,0.0,1.0,0.0,0.0,0.0,0.0,0.0,0.0,0.0
3817,case_ee4f95dda6,B0_rule_based,True,8,True,abnormal,['Enlarged Cardiomediastinum'],['Enlarged Cardiomediastinum'],['Enlarged Cardiomediastinum'],[],abnormal,normal,0.0,0.03488043345399881,0.012786777189901974,0.17142857142857143,0.1173085436033643,2,0,0,0.0,0.0,False,2,0,0.0,1.0,0.0,1.0,0.0,0.0,1.0,0.0,1.0,0.0,0.0,1.0,0.0,1.0,0.0,1.0,1.0,0.0,0.0,1.0,1.0,0.0,0.0,1.0,0.0,0.0,0.0
3817,case_ee4f95dda6,G1A_llm_no_retrieval,True,7,True,abnormal,['Enlarged Cardiomediastinum'],['Enlarged Cardiomediastinum'],['Enlarged Cardiomediastinum'],[],abnormal,normal,0.0,0.016409319790747813,0.004011864907896399,0.11764705882352941,0.075,2,0,0,0.0,0.0,False,2,0,0.0,1.0,0.0,1.0,0.0,0.0,1.0,0.0,1.0,0.0,0.0,1.0,0.0,1.0,0.0,1.0,1.0,0.0,0.0,1.0,1.0,0.0,0.0,1.0,0.0,0.0,0.0
3817,case_ee4f95dda6,G1B_llm_sham_retrieval,True,7,True,abnormal,['Enlarged Cardiomediastinum'],['Enlarged Cardiomediastinum'],['Enlarged Cardiomediastinum'],[],abnormal,normal,0.0,0.02461397968612172,0.009389157282672186,0.17647058823529413,0.11777777777777777,2,0,0,0.0,0.0,False,2,0,0.0,1.0,0.0,1.0,0.0,0.0,1.0,0.0,1.0,0.0,0.0,1.0,0.0,1.0,0.0,1.0,1.0,0.0,0.0,1.0,1.0,0.0,0.0,1.0,0.0,0.0,0.0
3817,case_ee4f95dda6,G1_single_agent_rag,True,21,True,abnormal,['Cardiomegaly'],['Cardiomegaly'],['Enlarged Cardiomediastinum'],[],abnormal,normal,0.0,0.2504924310250953,0.046467770621226534,0.20833333333333334,0.13257575757575757,4,2,2,1.0,0.7857142857142857,True,4,2,0.0,1.0,0.0,1.0,0.0,0.0,1.0,0.0,1.0,0.0,0.0,1.0,0.0,1.0,0.0,1.0,0.0,0.0,0.0,1.0,0.0,0.0,0.0,0.0,1.0,0.0,0.0
3821,case_1fc5c668fe,B0_rule_based,False,10,True,normal,[],[],[],,normal,,0.0,0.06648189501740032,0.03221218101250904,0.23809523809523808,0.17151379567486946,2,1,0,0.0,0.0,False,2,0,,,,,,,,,,,,,,,,,,,,,,,,,,,
3821,case_1fc5c668fe,G1A_llm_no_retrieval,False,10,True,abnormal,['Enlarged Cardiomediastinum'],['Enlarged Cardiomediastinum'],[],,normal,,0.0,0.03324094750870016,0.0054729920763277266,0.14285714285714285,0.08575689783743473,2,1,0,0.0,0.0,False,2,0,,,,,,,,,,,,,,,,,,,,,,,,,,,
3821,case_1fc5c668fe,G1B_llm_sham_retrieval,False,20,True,normal,[],[],[],,normal,,0.0,0.4664898906799224,0.1435313534145688,0.42307692307692313,0.49577585044713074,3,2,2,1.0,0.6153846153846154,True,3,0,,,,,,,,,,,,,,,,,,,,,,,,,,,
3821,case_1fc5c668fe,G1_single_agent_rag,False,21,True,normal,[],[],[],,normal,,0.0,0.3666371529450766,0.025834163334072683,0.37735849056603776,0.32496505237356615,4,1,0,0.0,0.0,False,4,1,,,,,,,,,,,,,,,,,,,,,,,,,,,
3822,case_4816be9575,B0_rule_based,False,8,True,abnormal,['Enlarged Cardiomediastinum'],['Enlarged Cardiomediastinum'],['Enlarged Cardiomediastinum'],,abnormal,,0.0,0.002461395940052427,0.0030757012310812593,0.0,0.0,2,0,0,0.0,0.0,False,2,0,,,,,,,,,,,,,,,,,,,,,,,,,,,
3822,case_4816be9575,G1A_llm_no_retrieval,False,7,True,abnormal,['Enlarged Cardiomediastinum'],['Enlarged Cardiomediastinum'],['Enlarged Cardiomediastinum'],,abnormal,,0.0,0.0019333611890944684,0.0025138607354492537,0.0,0.0,2,0,0,0.0,0.0,False,2,0,,,,,,,,,,,,,,,,,,,,,,,,,,,
3822,case_4816be9575,G1B_llm_sham_retrieval,False,22,True,normal,[],[],['Enlarged Cardiomediastinum'],,abnormal,,0.0,0.22727272727272727,0.02310128340501537,0.23255813953488372,0.176303317535545,4,2,0,0.0,0.0,False,4,1,,,,,,,,,,,,,,,,,,,,,,,,,,,
3822,case_4816be9575,G1_single_agent_rag,False,21,True,abnormal,['Cardiomegaly'],['Cardiomegaly'],['Enlarged Cardiomediastinum'],,abnormal,,0.0,0.23809523809523808,0.024289783953423523,0.19047619047619047,0.11904761904761904,4,2,2,1.0,0.7857142857142857,True,4,2,,,,,,,,,,,,,,,,,,,,,,,,,,,
3828,case_8efb198850,B0_rule_based,False,10,True,normal,[],[],[],,normal,,0.0,0.06122821412649095,0.014533625122415862,0.1951219512195122,0.128719723183391,2,1,0,0.0,0.0,False,2,0,,,,,,,,,,,,,,,,,,,,,,,,,,,
3828,case_8efb198850,G1A_llm_no_retrieval,False,10,True,abnormal,['Enlarged Cardiomediastinum'],['Enlarged Cardiomediastinum'],[],,normal,,0.0,0.012245642825298194,0.0025844846308416564,0.04878048780487805,0.017301038062283735,2,1,0,0.0,0.0,False,2,0,,,,,,,,,,,,,,,,,,,,,,,,,,,
3828,case_8efb198850,G1B_llm_sham_retrieval,False,23,True,normal,[],[],[],,normal,,0.0,0.4912846516158653,0.19674041827523261,0.5555555555555556,0.48265469784768206,4,2,0,0.0,0.0,False,4,1,,,,,,,,,,,,,,,,,,,,,,,,,,,
3828,case_8efb198850,G1_single_agent_rag,False,21,True,normal,[],[],[],,normal,,0.0,0.4436751125824654,0.029692008115965188,0.2692307692307692,0.33725925925925926,4,1,0,0.0,0.0,False,4,1,,,,,,,,,,,,,,,,,,,,,,,,,,,
3830,case_926dba4c33,B0_rule_based,True,10,True,normal,[],[],[],[],normal,normal,0.0,0.07357588823428847,0.016419328162096694,0.13333333333333333,0.09868421052631579,2,1,0,0.0,0.0,False,2,0,0.0,0.0,0.0,0.0,0.0,0.0,0.0,0.0,0.0,0.0,0.0,0.0,0.0,0.0,0.0,0.0,0.0,0.0,0.0,0.0,0.0,0.0,0.0,0.0,0.0,0.0,0.0
3830,case_926dba4c33,G1A_llm_no_retrieval,True,10,True,abnormal,['Enlarged Cardiomediastinum'],['Enlarged Cardiomediastinum'],[],[],normal,normal,0.0,0.03678794411714424,0.007764220917386244,0.06666666666666667,0.026315789473684213,2,1,0,0.0,0.0,False,2,0,0.0,1.0,0.0,1.0,0.0,0.0,1.0,0.0,1.0,0.0,0.0,1.0,0.0,1.0,0.0,0.0,0.0,0.0,0.0,0.0,0.0,0.0,0.0,0.0,0.0,0.0,1.0
3830,case_926dba4c33,G1B_llm_sham_retrieval,True,24,True,normal,[],[],[],[],normal,normal,0.0,0.4166666666666667,0.13308442527111022,0.4090909090909091,0.2450980392156863,4,2,0,0.0,0.0,False,4,1,0.0,0.0,0.0,0.0,0.0,0.0,0.0,0.0,0.0,0.0,0.0,0.0,0.0,0.0,0.0,0.0,0.0,0.0,0.0,0.0,0.0,0.0,0.0,0.0,0.0,0.0,0.0
3830,case_926dba4c33,G1_single_agent_rag,True,22,True,normal,[],[],[],[],normal,normal,0.0,0.45454545454545453,0.07305267243289859,0.3333333333333333,0.44158415841584164,4,2,0,0.0,0.0,False,4,1,0.0,0.0,0.0,0.0,0.0,0.0,0.0,0.0,0.0,0.0,0.0,0.0,0.0,0.0,0.0,0.0,0.0,0.0,0.0,0.0,0.0,0.0,0.0,0.0,0.0,0.0,0.0
3837,case_ac17fbf547,B0_rule_based,True,10,True,normal,[],[],[],[],normal,normal,0.0,0.10094825899732769,0.023961896879708785,0.2222222222222222,0.15245901639344261,2,1,0,0.0,0.0,False,2,0,0.0,0.0,0.0,0.0,0.0,0.0,0.0,0.0,0.0,0.0,0.0,0.0,0.0,0.0,0.0,0.0,0.0,0.0,0.0,0.0,0.0,0.0,0.0,0.0,0.0,0.0,0.0
3837,case_ac17fbf547,G1A_llm_no_retrieval,True,10,True,abnormal,['Enlarged Cardiomediastinum'],['Enlarged Cardiomediastinum'],[],[],normal,normal,0.0,0.020189651799465542,0.004261094784666207,0.05555555555555555,0.020491803278688523,2,1,0,0.0,0.0,False,2,0,0.0,1.0,0.0,1.0,0.0,0.0,1.0,0.0,1.0,0.0,0.0,1.0,0.0,1.0,0.0,0.0,0.0,0.0,0.0,0.0,0.0,0.0,0.0,0.0,0.0,0.0,1.0
3837,case_ac17fbf547,G1B_llm_sham_retrieval,True,20,True,normal,[],[],[],[],normal,normal,0.0,0.4444909324090307,0.08988465065767359,0.3913043478260869,0.4429133858267717,4,1,1,1.0,0.0,True,4,1,0.0,0.0,0.0,0.0,0.0,0.0,0.0,0.0,0.0,0.0,0.0,0.0,0.0,0.0,0.0,0.0,0.0,0.0,0.0,0.0,0.0,0.0,0.0,0.0,0.0,0.0,0.0
3837,case_ac17fbf547,G1_single_agent_rag,True,22,True,normal,[],[],[],[],normal,normal,0.0,0.49267217886260667,0.06503682223619266,0.41666666666666663,0.3922429733727811,4,2,0,0.0,0.0,False,4,1,0.0,0.0,0.0,0.0,0.0,0.0,0.0,0.0,0.0,0.0,0.0,0.0,0.0,0.0,0.0,0.0,0.0,0.0,0.0,0.0,0.0,0.0,0.0,0.0,0.0,0.0,0.0
3847,case_397e896660,B0_rule_based,True,11,True,abnormal,"['Pleural Effusion', 'Pneumothorax']","['Pleural Effusion', 'Pneumothorax']","['Pleural Effusion', 'Pneumothorax']",['Pneumothorax'],abnormal,abnormal,0.0,0.01783565542632551,0.0016224059193600071,0.11538461538461536,0.039473684210526314,3,0,0,0.0,0.0,False,3,0,1.0,1.0,0.0,1.0,0.0,1.0,1.0,0.0,1.0,0.0,0.0,2.0,0.0,1.0,0.0,1.0,1.0,1.0,1.0,1.0,1.0,1.0,1.0,1.0,0.0,1.0,0.0
3847,case_397e896660,G1A_llm_no_retrieval,True,18,True,abnormal,['Pleural Effusion'],['Pleural Effusion'],"['Pleural Effusion', 'Pneumothorax']",['Pneumothorax'],abnormal,abnormal,0.0,0.1393279240707654,0.011025622561013512,0.16949152542372883,0.15089163237311387,3,2,0,0.0,0.0,False,3,0,0.0,1.0,1.0,1.0,1.0,0.0,1.0,1.0,1.0,1.0,0.0,1.0,0.0,1.0,0.0,1.0,1.0,1.0,0.0,1.0,1.0,1.0,0.0,0.0,0.0,1.0,0.0
3847,case_397e896660,G1B_llm_sham_retrieval,True,21,True,normal,[],[],"['Pleural Effusion', 'Pneumothorax']",['Pneumothorax'],abnormal,abnormal,0.0,0.14697954545871394,0.005927067256331916,0.1935483870967742,0.10256410256410256,4,1,0,0.0,0.0,False,4,1,0.0,0.0,1.0,0.0,1.0,0.0,0.0,1.0,0.0,1.0,0.0,0.0,0.0,0.0,0.0,1.0,0.0,1.0,0.0,1.0,0.0,1.0,0.0,0.0,0.0,0.0,0.0
3847,case_397e896660,G1_single_agent_rag,True,25,True,normal,[],[],"['Pleural Effusion', 'Pneumothorax']",['Pneumothorax'],abnormal,abnormal,0.0,0.21091696961721948,0.012632115553698677,0.15151515151515152,0.1612944162436548,5,1,0,0.0,0.0,False,5,1,0.0,0.0,1.0,0.0,1.0,0.0,0.0,1.0,0.0,1.0,0.0,0.0,0.0,0.0,0.0,1.0,0.0,1.0,0.0,1.0,0.0,1.0,0.0,0.0,0.0,0.0,0.0
3849,case_94d519ffdd,B0_rule_based,False,10,True,normal,[],[],[],,normal,,0.0,0.054134113294645084,0.015190633956935137,0.2,0.13392857142857142,2,1,0,0.0,0.0,False,2,0,,,,,,,,,,,,,,,,,,,,,,,,,,,
3849,case_94d519ffdd,G1A_llm_no_retrieval,False,10,True,abnormal,['Enlarged Cardiomediastinum'],['Enlarged Cardiomediastinum'],[],,normal,,0.0,0.027067056647322542,0.003396729014902359,0.05,0.03571428571428571,2,1,0,0.0,0.0,False,2,0,,,,,,,,,,,,,,,,,,,,,,,,,,,
3849,case_94d519ffdd,G1B_llm_sham_retrieval,False,22,True,normal,[],[],[],,normal,,0.0,0.5371566719445882,0.08301095205749974,0.5,0.45201924444233776,4,2,0,0.0,0.0,False,4,1,,,,,,,,,,,,,,,,,,,,,,,,,,,
3849,case_94d519ffdd,G1_single_agent_rag,False,21,True,normal,[],[],[],,normal,,0.0,0.31020907501478834,0.022377545212760027,0.27450980392156865,0.21838487972508588,4,1,0,0.0,0.0,False,4,1,,,,,,,,,,,,,,,,,,,,,,,,,,,
3852,case_1807dd176f,B0_rule_based,False,12,True,indeterminate,[],[],[],,indeterminate,,0.0,0.05132241439497731,0.004601964602601225,0.09302325581395349,0.05154639175257732,2,1,0,0.0,0.0,False,2,2,,,,,,,,,,,,,,,,,,,,,,,,,,,
3852,case_1807dd176f,G1A_llm_no_retrieval,False,15,True,normal,[],[],[],,indeterminate,,0.0,0.06883075737308246,0.005986829542370676,0.08695652173913043,0.0510204081632653,2,1,0,0.0,0.0,False,2,1,,,,,,,,,,,,,,,,,,,,,,,,,,,
3852,case_1807dd176f,G1B_llm_sham_retrieval,False,25,True,normal,[],[],[],,indeterminate,,0.0,0.37758137331194563,0.14347581549307062,0.3571428571428571,0.35556012426900585,5,0,0,0.0,0.0,False,5,1,,,,,,,,,,,,,,,,,,,,,,,,,,,
3852,case_1807dd176f,G1_single_agent_rag,False,25,True,normal,[],[],[],,indeterminate,,0.0,0.37758137331194563,0.14347581549307062,0.3571428571428571,0.35556012426900585,5,0,0,0.0,0.0,False,5,1,,,,,,,,,,,,,,,,,,,,,,,,,,,
3862,case_56ec225486,B0_rule_based,False,13,True,abnormal,"['Cardiomegaly', 'Enlarged Cardiomediastinum']","['Cardiomegaly', 'Enlarged Cardiomediastinum']","['Cardiomegaly', 'Enlarged Cardiomediastinum']",,abnormal,,0.0,0.07692307692307693,0.01553712569276035,0.08333333333333334,0.044642857142857144,3,0,0,0.0,0.0,False,3,0,,,,,,,,,,,,,,,,,,,,,,,,,,,
3862,case_56ec225486,G1A_llm_no_retrieval,False,17,True,abnormal,"['Cardiomegaly', 'Enlarged Cardiomediastinum']","['Cardiomegaly', 'Enlarged Cardiomediastinum']","['Cardiomegaly', 'Enlarged Cardiomediastinum']",,abnormal,,0.0,0.0588235294117647,0.011502783619900045,0.07142857142857142,0.04310344827586207,3,1,0,0.0,0.0,False,3,0,,,,,,,,,,,,,,,,,,,,,,,,,,,
3862,case_56ec225486,G1B_llm_sham_retrieval,False,17,True,normal,[],[],"['Cardiomegaly', 'Enlarged Cardiomediastinum']",,abnormal,,0.0,0.17647058823529413,0.015138514598766055,0.14285714285714285,0.12931034482758622,3,1,1,1.0,0.5,True,3,1,,,,,,,,,,,,,,,,,,,,,,,,,,,
3862,case_56ec225486,G1_single_agent_rag,False,44,True,abnormal,"['Atelectasis', 'Cardiomegaly', 'Lung Opacity', 'Support Devices']","['Atelectasis', 'Cardiomegaly', 'Lung Opacity', 'Support Devices']","['Cardiomegaly', 'Enlarged Cardiomediastinum']",,abnormal,,0.0,0.06818181818181818,0.005508606419495824,0.10909090909090909,0.1048951048951049,6,4,3,0.75,0.7027027027027027,False,6,1,,,,,,,,,,,,,,,,,,,,,,,,,,,
3866,case_309b2a3c7e,B0_rule_based,True,15,True,abnormal,"['Consolidation', 'Lung Opacity', 'Pneumonia']","['Consolidation', 'Lung Opacity', 'Pneumonia']","['Consolidation', 'Lung Opacity', 'Pneumonia']","['Lung Opacity', 'Pneumonia']",abnormal,abnormal,0.0,0.05154608818308493,0.0030564936293438942,0.1724137931034483,0.062189054726368154,4,0,0,0.0,0.0,False,4,0,2.0,1.0,0.0,1.0,0.0,2.0,1.0,0.0,1.0,0.0,2.0,1.0,0.0,1.0,0.0,1.0,1.0,2.0,2.0,1.0,1.0,2.0,2.0,0.0,0.0,3.0,0.0
3866,case_309b2a3c7e,G1A_llm_no_retrieval,True,23,True,normal,[],[],"['Consolidation', 'Lung Opacity', 'Pneumonia']","['Lung Opacity', 'Pneumonia']",abnormal,abnormal,0.0,0.25512488625176155,0.10329556805109669,0.24242424242424243,0.233947237431558,5,0,0,0.0,0.0,False,5,1,0.0,0.0,2.0,0.0,1.0,0.0,0.0,2.0,0.0,1.0,0.0,0.0,2.0,0.0,1.0,1.0,0.0,2.0,0.0,1.0,0.0,2.0,0.0,0.0,0.0,0.0,0.0
3866,case_309b2a3c7e,G1B_llm_sham_retrieval,True,20,True,normal,[],[],"['Consolidation', 'Lung Opacity', 'Pneumonia']","['Lung Opacity', 'Pneumonia']",abnormal,abnormal,0.0,0.15831838468952664,0.009642398811800155,0.25396825396825395,0.15614250614250613,4,1,0,0.0,0.0,False,4,1,0.0,0.0,2.0,0.0,1.0,0.0,0.0,2.0,0.0,1.0,0.0,0.0,2.0,0.0,1.0,1.0,0.0,2.0,0.0,1.0,0.0,2.0,0.0,0.0,0.0,0.0,0.0
3866,case_309b2a3c7e,G1_single_agent_rag,True,26,True,abnormal,"['Consolidation', 'Lung Opacity']","['Consolidation', 'Lung Opacity']","['Consolidation', 'Lung Opacity', 'Pneumonia']","['Lung Opacity', 'Pneumonia']",abnormal,abnormal,0.0,0.2200176696928607,0.014552271375080689,0.2608695652173913,0.13317191283292978,4,2,0,0.0,0.0,False,4,0,1.0,1.0,1.0,1.0,1.0,1.0,1.0,1.0,1.0,1.0,1.0,1.0,1.0,1.0,1.0,1.0,1.0,2.0,1.0,1.0,1.0,2.0,1.0,0.0,0.0,2.0,0.0
3875,case_a86ccff141,B0_rule_based,True,11,True,abnormal,"['Lung Opacity', 'Pneumonia']","['Lung Opacity', 'Pneumonia']","['Lung Opacity', 'Pneumonia']",['Lung Opacity'],abnormal,abnormal,0.0,0.010257835210641537,0.0021269981282370015,0.043478260869565216,0.015337423312883437,3,0,0,0.0,0.0,False,3,0,1.0,1.0,0.0,1.0,0.0,1.0,1.0,0.0,1.0,0.0,1.0,1.0,0.0,1.0,0.0,1.0,1.0,1.0,1.0,1.0,1.0,1.0,1.0,0.0,0.0,2.0,0.0
3875,case_a86ccff141,G1A_llm_no_retrieval,True,23,True,normal,[],[],"['Lung Opacity', 'Pneumonia']",['Lung Opacity'],abnormal,abnormal,0.0,0.23223423825235873,0.09422042632232974,0.3103448275862069,0.2434436408795383,5,0,0,0.0,0.0,False,5,1,0.0,0.0,1.0,0.0,1.0,0.0,0.0,1.0,0.0,1.0,0.0,0.0,1.0,0.0,1.0,1.0,0.0,1.0,0.0,1.0,0.0,1.0,0.0,0.0,0.0,0.0,0.0
3875,case_a86ccff141,G1B_llm_sham_retrieval,True,18,True,normal,[],[],"['Lung Opacity', 'Pneumonia']",['Lung Opacity'],abnormal,abnormal,0.0,0.1512371637735867,0.07562182377151438,0.2641509433962264,0.20193663050805907,4,0,0,0.0,0.0,False,4,1,0.0,0.0,1.0,0.0,1.0,0.0,0.0,1.0,0.0,1.0,0.0,0.0,1.0,0.0,1.0,1.0,0.0,1.0,0.0,1.0,0.0,1.0,0.0,0.0,0.0,0.0,0.0
3875,case_a86ccff141,G1_single_agent_rag,True,28,True,abnormal,"['Lung Opacity', 'Pneumonia']",['Lung Opacity'],"['Lung Opacity', 'Pneumonia']",['Lung Opacity'],abnormal,abnormal,0.0,0.1112572547244864,0.0073974593838199805,0.09523809523809523,0.05830903790087463,2,2,1,0.5,0.5238095238095238,False,2,0,1.0,1.0,0.0,1.0,0.0,1.0,0.0,0.0,0.0,0.0,1.0,1.0,0.0,1.0,0.0,1.0,1.0,1.0,1.0,1.0,0.0,1.0,1.0,0.0,0.0,2.0,0.0
3879,case_52c0e69c8c,B0_rule_based,True,4,True,abnormal,['Pneumonia'],['Pneumonia'],['Pneumonia'],[],abnormal,normal,0.0,0.0002777249134560577,0.0005019055765025291,0.0,0.0,2,0,0,0.0,0.0,False,2,0,0.0,1.0,0.0,1.0,0.0,0.0,1.0,0.0,1.0,0.0,0.0,1.0,0.0,1.0,0.0,1.0,1.0,0.0,0.0,1.0,1.0,0.0,0.0,0.0,0.0,1.0,0.0
3879,case_52c0e69c8c,G1A_llm_no_retrieval,True,7,True,abnormal,"['Lung Opacity', 'Pneumonia']","['Lung Opacity', 'Pneumonia']",['Pneumonia'],[],abnormal,normal,0.0,0.016759880870607254,0.0038752448326166452,0.06896551724137931,0.024390243902439025,2,0,0,0.0,0.0,False,2,0,0.0,2.0,0.0,1.0,0.0,0.0,2.0,0.0,1.0,0.0,0.0,2.0,0.0,1.0,0.0,1.0,1.0,0.0,0.0,1.0,1.0,0.0,0.0,0.0,1.0,1.0,0.0
3879,case_52c0e69c8c,G1B_llm_sham_retrieval,True,34,True,normal,[],[],['Pneumonia'],[],abnormal,normal,0.0,0.35294117647058826,0.048184979696966446,0.3214285714285714,0.25862068965517243,5,3,0,0.0,0.07407407407407407,False,5,1,0.0,0.0,0.0,0.0,0.0,0.0,0.0,0.0,0.0,0.0,0.0,0.0,0.0,0.0,0.0,1.0,0.0,0.0,0.0,1.0,0.0,0.0,0.0,0.0,0.0,0.0,0.0
3879,case_52c0e69c8c,G1_single_agent_rag,True,10,True,abnormal,"['Lung Opacity', 'Pneumonia']","['Lung Opacity', 'Pneumonia']",['Pneumonia'],[],abnormal,normal,0.0,0.060238842382440407,0.007559559445663099,0.06250000000000001,0.04807692307692308,2,1,0,0.0,0.0,False,2,0,0.0,2.0,0.0,1.0,0.0,0.0,2.0,0.0,1.0,0.0,0.0,2.0,0.0,1.0,0.0,1.0,1.0,0.0,0.0,1.0,1.0,0.0,0.0,0.0,1.0,1.0,0.0
3880,case_7d2c7a6d2f,B0_rule_based,True,4,True,abnormal,['Cardiomegaly'],['Cardiomegaly'],['Cardiomegaly'],"['Cardiomegaly', 'Edema', 'Lung Opacity']",abnormal,abnormal,0.0,0.005554498269121153,0.0010614010671086875,0.15384615384615385,0.04950495049504951,2,0,0,0.0,0.0,False,2,0,1.0,0.0,2.0,0.0,1.0,1.0,0.0,2.0,0.0,1.0,1.0,0.0,2.0,0.0,1.0,0.0,0.0,1.0,1.0,0.0,0.0,1.0,1.0,0.0,0.0,1.0,0.0
3880,case_7d2c7a6d2f,G1A_llm_no_retrieval,True,23,True,abnormal,"['Cardiomegaly', 'Lung Opacity']","['Cardiomegaly', 'Lung Opacity']",['Cardiomegaly'],"['Cardiomegaly', 'Edema', 'Lung Opacity']",abnormal,abnormal,0.0,0.08695652173913045,0.009849349468888718,0.08888888888888888,0.045248868778280535,4,2,0,0.0,0.0,False,4,0,2.0,0.0,1.0,0.0,1.0,2.0,0.0,1.0,0.0,1.0,2.0,0.0,1.0,0.0,1.0,0.0,0.0,1.0,1.0,0.0,0.0,1.0,1.0,0.0,0.0,1.0,1.0
3880,case_7d2c7a6d2f,G1B_llm_sham_retrieval,True,10,True,abnormal,['Cardiomegaly'],['Cardiomegaly'],['Cardiomegaly'],"['Cardiomegaly', 'Edema', 'Lung Opacity']",abnormal,abnormal,0.0,0.030119421191220207,0.006356806438755457,0.06250000000000001,0.02403846153846154,3,0,0,0.0,0.0,False,3,1,1.0,0.0,2.0,0.0,1.0,1.0,0.0,2.0,0.0,1.0,1.0,0.0,2.0,0.0,1.0,0.0,0.0,1.0,1.0,0.0,0.0,1.0,1.0,1.0,0.0,0.0,0.0
3880,case_7d2c7a6d2f,G1_single_agent_rag,True,10,True,abnormal,['Cardiomegaly'],['Cardiomegaly'],['Cardiomegaly'],"['Cardiomegaly', 'Edema', 'Lung Opacity']",abnormal,abnormal,0.25,0.1807165271473212,0.017691994683903225,0.3125,0.20499465811965809,4,0,0,0.0,0.6666666666666666,False,4,1,1.0,0.0,2.0,0.0,1.0,1.0,0.0,2.0,0.0,1.0,1.0,0.0,2.0,0.0,1.0,0.0,0.0,1.0,1.0,0.0,0.0,1.0,1.0,0.0,0.0,1.0,0.0
3883,case_06f3c6c267,B0_rule_based,True,10,True,normal,[],[],[],[],normal,normal,0.0,0.150597105956101,0.08366027759415133,0.3125,0.21442307692307694,2,1,0,0.0,0.0,False,2,0,0.0,0.0,0.0,0.0,0.0,0.0,0.0,0.0,0.0,0.0,0.0,0.0,0.0,0.0,0.0,0.0,0.0,0.0,0.0,0.0,0.0,0.0,0.0,0.0,0.0,0.0,0.0
3883,case_06f3c6c267,G1A_llm_no_retrieval,True,10,True,abnormal,['Enlarged Cardiomediastinum'],['Enlarged Cardiomediastinum'],[],[],normal,normal,0.0,0.0030119421191220214,0.0035746949567482876,0.0,0.0,2,1,0,0.0,0.0,False,2,0,0.0,1.0,0.0,1.0,0.0,0.0,1.0,0.0,1.0,0.0,0.0,1.0,0.0,1.0,0.0,0.0,0.0,0.0,0.0,0.0,0.0,0.0,0.0,0.0,0.0,0.0,1.0
3883,case_06f3c6c267,G1B_llm_sham_retrieval,True,25,True,normal,[],[],[],[],normal,normal,0.0,0.56,0.14654012818983986,0.3829787234042554,0.5444083462981604,4,2,1,0.5,0.05555555555555555,False,4,1,0.0,0.0,0.0,0.0,0.0,0.0,0.0,0.0,0.0,0.0,0.0,0.0,0.0,0.0,0.0,0.0,0.0,0.0,0.0,0.0,0.0,0.0,0.0,0.0,0.0,0.0,0.0
3883,case_06f3c6c267,G1_single_agent_rag,True,21,True,normal,[],[],[],[],normal,normal,0.0,0.4540461689683222,0.03275351849163258,0.37209302325581395,0.2901826484018264,4,1,0,0.0,0.0,False,4,1,0.0,0.0,0.0,0.0,0.0,0.0,0.0,0.0,0.0,0.0,0.0,0.0,0.0,0.0,0.0,0.0,0.0,0.0,0.0,0.0,0.0,0.0,0.0,0.0,0.0,0.0,0.0
3888,case_110d6a7878,B0_rule_based,False,10,True,normal,[],[],[],,normal,,0.0,0.033287108369807965,0.007025357607948558,0.06451612903225806,0.02512562814070352,2,1,0,0.0,0.0,False,2,0,,,,,,,,,,,,,,,,,,,,,,,,,,,
3888,case_110d6a7878,G1A_llm_no_retrieval,False,254,False,abnormal,"['Atelectasis', 'Cardiomegaly', 'Consolidation', 'Edema', 'Enlarged Cardiomediastinum', 'Fracture', 'Lung Lesion', 'Lung Opacity', 'Pleural Effusion', 'Pneumonia', 'Pneumothorax', 'Support Devices']","['Atelectasis', 'Cardiomegaly', 'Consolidation', 'Edema', 'Enlarged Cardiomediastinum', 'Fracture', 'Lung Lesion', 'Lung Opacity', 'Pleural Effusion', 'Pneumonia', 'Pneumothorax', 'Support Devices']",[],,normal,,0.0,0.02755905511811024,0.0020371236229805847,0.036363636363636355,0.07900677200902935,19,16,0,0.0,0.0,False,19,16,,,,,,,,,,,,,,,,,,,,,,,,,,,
3888,case_110d6a7878,G1B_llm_sham_retrieval,False,17,True,normal,[],[],[],,normal,,0.0,0.41841442746079316,0.0704192894460899,0.42105263157894735,0.283471173438811,4,0,0,0.0,0.0,False,4,1,,,,,,,,,,,,,,,,,,,,,,,,,,,
3888,case_110d6a7878,G1_single_agent_rag,False,21,True,normal,[],[],[],,normal,,0.0,0.42857142857142855,0.03702730401700487,0.3333333333333333,0.278071722516167,4,1,0,0.0,0.0,False,4,1,,,,,,,,,,,,,,,,,,,,,,,,,,,
3900,case_8f02887392,B0_rule_based,True,10,True,normal,[],[],[],[],normal,normal,0.0,0.060568955398396615,0.00560791611282659,0.1111111111111111,0.06147540983606557,2,1,0,0.0,0.0,False,2,0,0.0,0.0,0.0,0.0,0.0,0.0,0.0,0.0,0.0,0.0,0.0,0.0,0.0,0.0,0.0,0.0,0.0,0.0,0.0,0.0,0.0,0.0,0.0,0.0,0.0,0.0,0.0
3900,case_8f02887392,G1A_llm_no_retrieval,True,254,False,abnormal,"['Atelectasis', 'Cardiomegaly', 'Consolidation', 'Edema', 'Enlarged Cardiomediastinum', 'Fracture', 'Lung Lesion', 'Lung Opacity', 'Pleural Effusion', 'Pneumonia', 'Pneumothorax', 'Support Devices']","['Atelectasis', 'Cardiomegaly', 'Consolidation', 'Edema', 'Enlarged Cardiomediastinum', 'Fracture', 'Lung Lesion', 'Lung Opacity', 'Pleural Effusion', 'Pneumonia', 'Pneumothorax', 'Support Devices']",[],[],normal,normal,0.0,0.043307086614173235,0.0027123675826734115,0.049999999999999996,0.14073296301314187,19,16,0,0.0,0.0,False,19,16,0.0,12.0,0.0,1.0,0.0,0.0,12.0,0.0,1.0,0.0,0.0,12.0,0.0,1.0,0.0,0.0,0.0,0.0,0.0,0.0,0.0,0.0,0.0,0.0,0.0,0.0,12.0
3900,case_8f02887392,G1B_llm_sham_retrieval,True,12,True,normal,[],[],[],[],normal,normal,0.5,0.07785080597864943,0.006980705362777759,0.10526315789473684,0.06097560975609757,2,2,0,0.0,0.0,False,2,0,0.0,0.0,0.0,0.0,0.0,0.0,0.0,0.0,0.0,0.0,0.0,0.0,0.0,0.0,0.0,0.0,0.0,0.0,0.0,0.0,0.0,0.0,0.0,0.0,0.0,0.0,0.0
3900,case_8f02887392,G1_single_agent_rag,True,21,True,normal,[],[],[],[],normal,normal,0.0,0.41282875739040104,0.049304138309402785,0.2978723404255319,0.26932425862907144,4,1,0,0.0,0.0,False,4,1,0.0,0.0,0.0,0.0,0.0,0.0,0.0,0.0,0.0,0.0,0.0,0.0,0.0,0.0,0.0,0.0,0.0,0.0,0.0,0.0,0.0,0.0,0.0,0.0,0.0,0.0,0.0
3905,case_e50e8f23cc,B0_rule_based,True,11,True,abnormal,"['Cardiomegaly', 'Edema']","['Cardiomegaly', 'Edema']","['Cardiomegaly', 'Edema']",['Cardiomegaly'],abnormal,abnormal,0.0,0.0337022029258947,0.003065693534409606,0.13333333333333333,0.0473186119873817,3,0,0,0.0,0.0,False,3,0,1.0,1.0,0.0,1.0,0.0,1.0,1.0,0.0,1.0,0.0,1.0,1.0,0.0,1.0,0.0,1.0,1.0,1.0,1.0,1.0,1.0,1.0,1.0,0.0,0.0,2.0,0.0
3905,case_e50e8f23cc,G1A_llm_no_retrieval,True,16,True,abnormal,"['Cardiomegaly', 'Edema']","['Cardiomegaly', 'Edema']","['Cardiomegaly', 'Edema']",['Cardiomegaly'],abnormal,abnormal,0.0,0.142035454469278,0.013736625533675785,0.24,0.1489415642033211,3,2,0,0.0,0.0,False,3,0,1.0,1.0,0.0,1.0,0.0,1.0,1.0,0.0,1.0,0.0,1.0,1.0,0.0,1.0,0.0,1.0,1.0,1.0,1.0,1.0,1.0,1.0,1.0,0.0,0.0,2.0,0.0
3905,case_e50e8f23cc,G1B_llm_sham_retrieval,True,11,True,abnormal,"['Cardiomegaly', 'Edema']","['Cardiomegaly', 'Edema']","['Cardiomegaly', 'Edema']",['Cardiomegaly'],abnormal,abnormal,0.0,0.0337022029258947,0.003065693534409606,0.13333333333333333,0.0473186119873817,3,0,0,0.0,0.0,False,3,0,1.0,1.0,0.0,1.0,0.0,1.0,1.0,0.0,1.0,0.0,1.0,1.0,0.0,1.0,0.0,1.0,1.0,1.0,1.0,1.0,1.0,1.0,1.0,2.0,0.0,0.0,0.0
3905,case_e50e8f23cc,G1_single_agent_rag,True,12,True,abnormal,"['Cardiomegaly', 'Edema']","['Cardiomegaly', 'Edema']","['Cardiomegaly', 'Edema']",['Cardiomegaly'],abnormal,abnormal,0.0,0.03996993651992347,0.0035840136361727204,0.13043478260869565,0.04716981132075472,3,0,0,0.0,0.0,False,3,0,1.0,1.0,0.0,1.0,0.0,1.0,1.0,0.0,1.0,0.0,1.0,1.0,0.0,1.0,0.0,1.0,1.0,1.0,1.0,1.0,1.0,1.0,1.0,0.0,0.0,2.0,0.0
3939,case_194dbf4c89,B0_rule_based,True,10,True,normal,[],[],[],[],normal,normal,0.0,0.01801968095742313,0.0023910819984139277,0.15686274509803924,0.08327836411609499,2,1,0,0.0,0.0,False,2,0,0.0,0.0,0.0,0.0,0.0,0.0,0.0,0.0,0.0,0.0,0.0,0.0,0.0,0.0,0.0,0.0,0.0,0.0,0.0,0.0,0.0,0.0,0.0,0.0,0.0,0.0,0.0
3939,case_194dbf4c89,G1A_llm_no_retrieval,True,22,True,normal,[],[],[],[],normal,normal,0.0,0.2683075216735477,0.07415636276282171,0.41269841269841273,0.3104937627224803,4,1,0,0.0,0.0,False,4,1,0.0,0.0,0.0,0.0,0.0,0.0,0.0,0.0,0.0,0.0,0.0,0.0,0.0,0.0,0.0,0.0,0.0,0.0,0.0,0.0,0.0,0.0,0.0,0.0,0.0,0.0,0.0
3939,case_194dbf4c89,G1B_llm_sham_retrieval,True,17,True,normal,[],[],[],[],normal,normal,0.0,0.14336048352699945,0.020747302661569007,0.24137931034482757,0.19274611398963729,4,0,0,0.0,0.0,False,4,1,0.0,0.0,0.0,0.0,0.0,0.0,0.0,0.0,0.0,0.0,0.0,0.0,0.0,0.0,0.0,0.0,0.0,0.0,0.0,0.0,0.0,0.0,0.0,0.0,0.0,0.0,0.0
3939,case_194dbf4c89,G1_single_agent_rag,True,22,True,normal,[],[],[],[],normal,normal,0.0,0.2108130527435018,0.03926129159456589,0.28571428571428575,0.22721988543890426,4,2,2,1.0,1.0,True,4,1,0.0,0.0,0.0,0.0,0.0,0.0,0.0,0.0,0.0,0.0,0.0,0.0,0.0,0.0,0.0,0.0,0.0,0.0,0.0,0.0,0.0,0.0,0.0,0.0,0.0,0.0,0.0
3951,case_b79a096f41,B0_rule_based,True,19,True,abnormal,"['Consolidation', 'Lung Lesion', 'Pneumonia']","['Consolidation', 'Lung Lesion', 'Pneumonia']","['Consolidation', 'Lung Lesion', 'Pneumonia']","['Lung Lesion', 'Lung Opacity']",abnormal,abnormal,0.0,0.1020421324464013,0.005904143044758048,0.10714285714285714,0.07102272727272728,4,2,0,0.0,0.0,False,4,0,1.0,2.0,1.0,1.0,1.0,1.0,2.0,1.0,1.0,1.0,1.0,2.0,0.0,1.0,0.0,2.0,2.0,1.0,1.0,2.0,2.0,1.0,1.0,1.0,0.0,2.0,0.0
3951,case_b79a096f41,G1A_llm_no_retrieval,True,19,True,normal,[],[],"['Consolidation', 'Lung Lesion', 'Pneumonia']","['Lung Lesion', 'Lung Opacity']",abnormal,abnormal,0.0,0.16326741191424207,0.014042497833640191,0.21428571428571427,0.17933238636363635,4,0,0,0.0,0.0,False,4,1,0.0,0.0,2.0,0.0,1.0,0.0,0.0,2.0,0.0,1.0,0.0,0.0,1.0,0.0,1.0,2.0,0.0,1.0,0.0,2.0,0.0,1.0,0.0,0.0,0.0,0.0,0.0
3951,case_b79a096f41,G1B_llm_sham_retrieval,True,26,True,normal,[],[],"['Consolidation', 'Lung Lesion', 'Pneumonia']","['Lung Lesion', 'Lung Opacity']",abnormal,abnormal,0.0,0.2771273341632119,0.048741073442866864,0.2857142857142857,0.2815442344437027,5,1,0,0.0,0.9473684210526315,False,5,1,0.0,0.0,2.0,0.0,1.0,0.0,0.0,2.0,0.0,1.0,0.0,0.0,1.0,0.0,1.0,2.0,0.0,1.0,0.0,2.0,0.0,1.0,0.0,0.0,0.0,0.0,0.0
3951,case_b79a096f41,G1_single_agent_rag,True,11,True,abnormal,"['Lung Opacity', 'Pneumonia']",['Lung Opacity'],"['Consolidation', 'Lung Lesion', 'Pneumonia']","['Lung Lesion', 'Lung Opacity']",abnormal,abnormal,0.0,0.042762500200033575,0.002651837915198744,0.125,0.07267441860465118,2,1,0,0.0,0.0,False,2,0,1.0,1.0,1.0,1.0,1.0,1.0,0.0,1.0,0.0,1.0,1.0,1.0,0.0,1.0,0.0,2.0,1.0,1.0,0.0,2.0,0.0,1.0,0.0,0.0,1.0,1.0,0.0
3953,case_d5dd966914,B0_rule_based,True,4,True,abnormal,['Fracture'],['Fracture'],['Fracture'],[],abnormal,normal,0.0,0.0001382710925369584,4.4436370105087256e-05,0.05263157894736842,0.016129032258064516,2,0,0,0.0,0.0,False,2,0,0.0,1.0,0.0,1.0,0.0,0.0,1.0,0.0,1.0,0.0,0.0,1.0,0.0,1.0,0.0,1.0,1.0,0.0,0.0,1.0,1.0,0.0,0.0,0.0,0.0,1.0,0.0
3953,case_d5dd966914,G1A_llm_no_retrieval,True,23,True,abnormal,['Fracture'],['Fracture'],['Fracture'],[],abnormal,normal,0.0,0.05390091070924969,0.006105222422067816,0.07017543859649121,0.0303951367781155,4,1,0,0.0,0.0,False,4,1,0.0,1.0,0.0,1.0,0.0,0.0,1.0,0.0,1.0,0.0,0.0,1.0,0.0,1.0,0.0,1.0,1.0,0.0,0.0,1.0,1.0,0.0,0.0,0.0,0.0,1.0,0.0
3953,case_d5dd966914,G1B_llm_sham_retrieval,True,26,True,normal,[],[],['Fracture'],[],abnormal,normal,0.0,0.5372187742785386,0.1931553971229266,0.4666666666666667,0.5002002469712645,5,2,0,0.0,0.0,False,5,1,0.0,0.0,0.0,0.0,0.0,0.0,0.0,0.0,0.0,0.0,0.0,0.0,0.0,0.0,0.0,1.0,0.0,0.0,0.0,1.0,0.0,0.0,0.0,0.0,0.0,0.0,0.0
3953,case_d5dd966914,G1_single_agent_rag,True,33,True,normal,[],[],['Fracture'],[],abnormal,normal,0.0,0.5585720778859387,0.1981763713215807,0.41791044776119407,0.4707098440091846,4,2,2,1.0,0.6538461538461539,True,4,0,0.0,0.0,0.0,0.0,0.0,0.0,0.0,0.0,0.0,0.0,0.0,0.0,0.0,0.0,0.0,1.0,0.0,0.0,0.0,1.0,0.0,0.0,0.0,0.0,0.0,0.0,0.0
3956,case_f7e9f4ecd3,B0_rule_based,False,10,True,normal,[],[],[],,normal,,0.0,0.054134113294645084,0.0071832073001050585,0.2,0.07142857142857142,2,1,0,0.0,0.0,False,2,0,,,,,,,,,,,,,,,,,,,,,,,,,,,
3956,case_f7e9f4ecd3,G1A_llm_no_retrieval,False,10,True,abnormal,['Enlarged Cardiomediastinum'],['Enlarged Cardiomediastinum'],[],,normal,,0.0,0.027067056647322542,0.006040333268682658,0.1,0.06696428571428571,2,1,0,0.0,0.0,False,2,0,,,,,,,,,,,,,,,,,,,,,,,,,,,
3956,case_f7e9f4ecd3,G1B_llm_sham_retrieval,False,30,True,normal,[],[],[],,normal,,0.0,0.5,0.05495757364749458,0.3333333333333333,0.33725925925925926,4,3,3,1.0,1.0,True,4,1,,,,,,,,,,,,,,,,,,,,,,,,,,,
3956,case_f7e9f4ecd3,G1_single_agent_rag,False,20,True,normal,[],[],[],,normal,,0.0,0.3942449288132117,0.025956292229617484,0.32,0.31248724750051005,4,1,0,0.0,0.0,False,4,1,,,,,,,,,,,,,,,,,,,,,,,,,,,
3960,case_290b65e5b5,B0_rule_based,False,10,True,normal,[],[],[],,normal,,0.0,0.03648603757513078,0.017678419763632026,0.25,0.14520202020202017,2,1,0,0.0,0.0,False,2,0,,,,,,,,,,,,,,,,,,,,,,,,,,,
3960,case_290b65e5b5,G1A_llm_no_retrieval,False,10,True,abnormal,['Enlarged Cardiomediastinum'],['Enlarged Cardiomediastinum'],[],,normal,,0.0,0.0060810062625217985,0.001283417085550733,0.041666666666666664,0.014204545454545454,2,1,0,0.0,0.0,False,2,0,,,,,,,,,,,,,,,,,,,,,,,,,,,
3960,case_290b65e5b5,G1B_llm_sham_retrieval,False,22,True,normal,[],[],[],,normal,,0.0,0.35143642268350944,0.1122950376034534,0.43333333333333335,0.41208791208791207,4,2,1,0.5,0.2,False,4,1,,,,,,,,,,,,,,,,,,,,,,,,,,,
3960,case_290b65e5b5,G1_single_agent_rag,False,20,True,normal,[],[],[],,normal,,0.0,0.2845987618184194,0.01772437920993183,0.27586206896551724,0.2649678655992784,4,1,0,0.0,0.0,False,4,1,,,,,,,,,,,,,,,,,,,,,,,,,,,
3966,case_44615d4c3f,B0_rule_based,False,12,True,indeterminate,[],[],[],,indeterminate,,0.0,0.00011182087596750395,8.080812547364598e-06,0.049999999999999996,0.02032520325203252,2,1,0,0.0,0.0,False,2,2,,,,,,,,,,,,,,,,,,,,,,,,,,,
3966,case_44615d4c3f,G1A_llm_no_retrieval,False,15,True,normal,[],[],[],,indeterminate,,0.0,0.0008117722545182937,4.19832496565817e-05,0.08130081300813008,0.030395136778115502,2,1,0,0.0,0.0,False,2,1,,,,,,,,,,,,,,,,,,,,,,,,,,,
3966,case_44615d4c3f,G1B_llm_sham_retrieval,False,25,True,normal,[],[],[],,indeterminate,,0.0,0.026030038862913416,0.002667641749371816,0.21052631578947367,0.13806852656735638,5,0,0,0.0,0.0,False,5,1,,,,,,,,,,,,,,,,,,,,,,,,,,,
3966,case_44615d4c3f,G1_single_agent_rag,False,25,True,normal,[],[],[],,indeterminate,,0.0,0.026030038862913416,0.002667641749371816,0.21052631578947367,0.13806852656735638,5,0,0,0.0,0.0,False,5,1,,,,,,,,,,,,,,,,,,,,,,,,,,,
3968,case_bb1bc18476,B0_rule_based,True,4,True,abnormal,['Fracture'],['Fracture'],['Fracture'],['Pneumonia'],abnormal,abnormal,0.0,0.0026349806140466086,0.00476194752465123,0.0,0.0,2,0,0,0.0,0.0,False,2,0,0.0,1.0,1.0,1.0,1.0,0.0,1.0,1.0,1.0,1.0,0.0,1.0,1.0,1.0,1.0,1.0,1.0,0.0,0.0,1.0,1.0,0.0,0.0,0.0,0.0,1.0,0.0
3968,case_bb1bc18476,G1A_llm_no_retrieval,True,5,True,abnormal,['Fracture'],['Fracture'],['Fracture'],['Pneumonia'],abnormal,abnormal,0.0,0.004037930359893108,0.0061000517228104985,0.0,0.0,2,0,0,0.0,0.0,False,2,0,0.0,1.0,1.0,1.0,1.0,0.0,1.0,1.0,1.0,1.0,0.0,1.0,1.0,1.0,1.0,1.0,1.0,0.0,0.0,1.0,1.0,0.0,0.0,0.0,0.0,1.0,0.0
3968,case_bb1bc18476,G1B_llm_sham_retrieval,True,11,True,abnormal,['Fracture'],['Fracture'],['Fracture'],['Pneumonia'],abnormal,abnormal,0.0,0.0075795719825016445,0.008838042212680006,0.0,0.0,2,1,0,0.0,0.0,False,2,0,0.0,1.0,1.0,1.0,1.0,0.0,1.0,1.0,1.0,1.0,0.0,1.0,1.0,1.0,1.0,1.0,1.0,0.0,0.0,1.0,1.0,0.0,0.0,1.0,0.0,0.0,0.0
3968,case_bb1bc18476,G1_single_agent_rag,True,33,True,normal,[],[],['Fracture'],['Pneumonia'],abnormal,abnormal,0.0,0.18181818181818182,0.008840994001530048,0.17391304347826086,0.2,4,2,2,1.0,0.6538461538461539,True,4,0,0.0,0.0,1.0,0.0,1.0,0.0,0.0,1.0,0.0,1.0,0.0,0.0,1.0,0.0,1.0,1.0,0.0,0.0,0.0,1.0,0.0,0.0,0.0,0.0,0.0,0.0,0.0
3972,case_250b927fdf,B0_rule_based,True,17,True,abnormal,"['Lung Opacity', 'Pleural Other', 'Pneumonia']","['Lung Opacity', 'Pleural Other', 'Pneumonia']","['Lung Opacity', 'Pleural Other', 'Pneumonia']",['Lung Opacity'],abnormal,abnormal,0.0,0.013094388204570994,0.0006679187665718555,0.13333333333333333,0.044510385756676554,4,1,0,0.0,0.0,False,4,0,1.0,2.0,0.0,1.0,0.0,1.0,2.0,0.0,1.0,0.0,1.0,2.0,0.0,1.0,0.0,2.0,2.0,1.0,1.0,2.0,2.0,1.0,1.0,1.0,0.0,2.0,0.0
3972,case_250b927fdf,G1A_llm_no_retrieval,True,12,True,abnormal,"['Lung Opacity', 'Pneumonia']",['Lung Opacity'],"['Lung Opacity', 'Pleural Other', 'Pneumonia']",['Lung Opacity'],abnormal,abnormal,0.0,0.0020664035008589984,0.00026555059040230607,0.09411764705882353,0.029895366218236175,2,1,0,0.0,0.0,False,2,0,1.0,1.0,0.0,1.0,0.0,1.0,0.0,0.0,0.0,0.0,1.0,1.0,0.0,1.0,0.0,2.0,1.0,1.0,1.0,2.0,0.0,1.0,1.0,0.0,0.0,2.0,0.0
3972,case_250b927fdf,G1B_llm_sham_retrieval,True,23,True,normal,[],[],"['Lung Opacity', 'Pleural Other', 'Pneumonia']",['Lung Opacity'],abnormal,abnormal,0.0,0.07417285299861445,0.01042448056597965,0.1875,0.1641176470588235,5,0,0,0.0,0.0,False,5,1,0.0,0.0,1.0,0.0,1.0,0.0,0.0,1.0,0.0,1.0,0.0,0.0,1.0,0.0,1.0,2.0,0.0,1.0,0.0,2.0,0.0,1.0,0.0,0.0,0.0,0.0,0.0
3972,case_250b927fdf,G1_single_agent_rag,True,37,True,abnormal,"['Lung Opacity', 'Pneumonia']",['Lung Opacity'],"['Lung Opacity', 'Pleural Other', 'Pneumonia']",['Lung Opacity'],abnormal,abnormal,0.0,0.1430110246839576,0.015249048048106216,0.14545454545454545,0.1209712991824972,5,4,0,0.0,0.0,False,5,1,1.0,1.0,0.0,1.0,0.0,1.0,0.0,0.0,0.0,0.0,1.0,1.0,0.0,1.0,0.0,2.0,1.0,1.0,1.0,2.0,0.0,1.0,1.0,0.0,0.0,2.0,0.0
3976,case_123567499a,B0_rule_based,True,10,True,normal,[],[],[],[],normal,normal,0.0,0.13626589651700632,0.032345177549302856,0.24242424242424243,0.17142857142857143,2,1,0,0.0,0.0,False,2,0,0.0,0.0,0.0,0.0,0.0,0.0,0.0,0.0,0.0,0.0,0.0,0.0,0.0,0.0,0.0,0.0,0.0,0.0,0.0,0.0,0.0,0.0,0.0,0.0,0.0,0.0,0.0
3976,case_123567499a,G1A_llm_no_retrieval,True,10,True,abnormal,['Enlarged Cardiomediastinum'],['Enlarged Cardiomediastinum'],[],[],normal,normal,0.0,0.0027253179303401275,0.003234517754930288,0.0,0.0,2,1,0,0.0,0.0,False,2,0,0.0,1.0,0.0,1.0,0.0,0.0,1.0,0.0,1.0,0.0,0.0,1.0,0.0,1.0,0.0,0.0,0.0,0.0,0.0,0.0,0.0,0.0,0.0,0.0,0.0,0.0,1.0
3976,case_123567499a,G1B_llm_sham_retrieval,True,29,True,normal,[],[],[],[],normal,normal,0.0,0.4827586206896552,0.15070010234605377,0.4230769230769231,0.485126253891387,4,2,1,0.5,0.09090909090909091,False,4,1,0.0,0.0,0.0,0.0,0.0,0.0,0.0,0.0,0.0,0.0,0.0,0.0,0.0,0.0,0.0,0.0,0.0,0.0,0.0,0.0,0.0,0.0,0.0,0.0,0.0,0.0,0.0
3976,case_123567499a,G1_single_agent_rag,True,20,True,normal,[],[],[],[],normal,normal,0.0,0.6024955834975405,0.2295217800757681,0.4186046511627907,0.467162635979502,4,1,0,0.0,0.0,False,4,1,0.0,0.0,0.0,0.0,0.0,0.0,0.0,0.0,0.0,0.0,0.0,0.0,0.0,0.0,0.0,0.0,0.0,0.0,0.0,0.0,0.0,0.0,0.0,0.0,0.0,0.0,0.0
3980,case_7332240355,B0_rule_based,True,21,True,abnormal,"['Atelectasis', 'Consolidation', 'Lung Opacity', 'Pleural Effusion']","['Atelectasis', 'Consolidation', 'Lung Opacity', 'Pleural Effusion']","['Atelectasis', 'Consolidation', 'Lung Opacity', 'Pleural Effusion']","['Cardiomegaly', 'Lung Opacity', 'Pleural Effusion', 'Pleural Other']",abnormal,abnormal,0.0,0.06924939571453359,0.0054889958649600905,0.10666666666666667,0.09459405063800669,5,1,0,0.0,0.0,False,5,0,2.0,2.0,2.0,1.0,1.0,2.0,2.0,2.0,1.0,1.0,4.0,0.0,2.0,0.0,1.0,2.0,2.0,2.0,2.0,2.0,2.0,2.0,2.0,1.0,0.0,3.0,0.0
3980,case_7332240355,G1A_llm_no_retrieval,True,22,True,normal,[],[],"['Atelectasis', 'Consolidation', 'Lung Opacity', 'Pleural Effusion']","['Cardiomegaly', 'Lung Opacity', 'Pleural Effusion', 'Pleural Other']",abnormal,abnormal,0.0,0.05306965433884395,0.006414939167934168,0.13157894736842105,0.08779527559055118,5,0,0,0.0,0.0,False,5,2,0.0,0.0,4.0,0.0,1.0,0.0,0.0,4.0,0.0,1.0,0.0,0.0,6.0,0.0,1.0,2.0,0.0,2.0,0.0,2.0,0.0,2.0,0.0,0.0,0.0,0.0,0.0
3980,case_7332240355,G1B_llm_sham_retrieval,True,22,True,normal,[],[],"['Atelectasis', 'Consolidation', 'Lung Opacity', 'Pleural Effusion']","['Cardiomegaly', 'Lung Opacity', 'Pleural Effusion', 'Pleural Other']",abnormal,abnormal,0.0,0.031841792603306364,0.004747586170052125,0.07894736842105263,0.050306211723534555,4,2,0,0.0,0.0,False,4,1,0.0,0.0,4.0,0.0,1.0,0.0,0.0,4.0,0.0,1.0,0.0,0.0,6.0,0.0,1.0,2.0,0.0,2.0,0.0,2.0,0.0,2.0,0.0,0.0,0.0,0.0,0.0
3980,case_7332240355,G1_single_agent_rag,True,14,True,abnormal,"['Atelectasis', 'Lung Opacity']",['Lung Opacity'],"['Atelectasis', 'Consolidation', 'Lung Opacity', 'Pleural Effusion']","['Cardiomegaly', 'Lung Opacity', 'Pleural Effusion', 'Pleural Other']",abnormal,abnormal,0.0,0.012306989843060858,0.001079636620311129,0.08823529411764706,0.03,2,2,0,0.0,0.0,False,2,0,1.0,1.0,3.0,1.0,1.0,1.0,0.0,3.0,0.0,1.0,2.0,0.0,4.0,0.0,1.0,2.0,1.0,2.0,1.0,2.0,0.0,2.0,1.0,0.0,0.0,2.0,0.0
3982,case_070a60c22d,B0_rule_based,True,10,True,normal,[],[],[],[],normal,normal,0.0,0.16643554184903978,0.01868146527046203,0.3225806451612903,0.12562814070351758,2,1,0,0.0,0.0,False,2,0,0.0,0.0,0.0,0.0,0.0,0.0,0.0,0.0,0.0,0.0,0.0,0.0,0.0,0.0,0.0,0.0,0.0,0.0,0.0,0.0,0.0,0.0,0.0,0.0,0.0,0.0,0.0
3982,case_070a60c22d,G1A_llm_no_retrieval,True,10,True,abnormal,['Enlarged Cardiomediastinum'],['Enlarged Cardiomediastinum'],[],[],normal,normal,0.0,0.0033287108369807967,0.003950648907189894,0.0,0.0,2,1,0,0.0,0.0,False,2,0,0.0,1.0,0.0,1.0,0.0,0.0,1.0,0.0,1.0,0.0,0.0,1.0,0.0,1.0,0.0,0.0,0.0,0.0,0.0,0.0,0.0,0.0,0.0,0.0,0.0,0.0,1.0
3982,case_070a60c22d,G1B_llm_sham_retrieval,True,20,True,normal,[],[],[],[],normal,normal,0.0,0.38049176980028565,0.06411532241856104,0.3414634146341463,0.3020334928229665,4,1,1,1.0,0.0,True,4,1,0.0,0.0,0.0,0.0,0.0,0.0,0.0,0.0,0.0,0.0,0.0,0.0,0.0,0.0,0.0,0.0,0.0,0.0,0.0,0.0,0.0,0.0,0.0,0.0,0.0,0.0,0.0
3982,case_070a60c22d,G1_single_agent_rag,True,21,True,normal,[],[],[],[],normal,normal,0.0,0.38095238095238093,0.03248711505764769,0.2857142857142857,0.25334821428571425,4,1,0,0.0,0.0,False,4,1,0.0,0.0,0.0,0.0,0.0,0.0,0.0,0.0,0.0,0.0,0.0,0.0,0.0,0.0,0.0,0.0,0.0,0.0,0.0,0.0,0.0,0.0,0.0,0.0,0.0,0.0,0.0
